"X","Y"
11900,7191
11900,7192
11901,7190
11901,7191
11901,7192
11901,7193
11902,7189
11902,7190
11902,7191
11902,7192
11902,7193
11902,7194
11903,7186
11903,7187
11903,7188
11903,7189
11903,7190
11903,7191
11903,7192
11903,7193
11903,7194
11903,7195
11904,7185
11904,7186
11904,7187
11904,7188
11904,7189
11904,7190
11904,7191
11904,7192
11904,7193
11904,7194
11904,7195
11904,7196
11905,7184
11905,7185
11905,7186
11905,7187
11905,7188
11905,7189
11905,7190
11905,7191
11905,7192
11905,7193
11905,7194
11905,7195
11905,7196
11905,7197
11906,7183
11906,7184
11906,7185
11906,7186
11906,7187
11906,7188
11906,7189
11906,7190
11906,7191
11906,7192
11906,7193
11906,7194
11906,7195
11906,7196
11906,7197
11906,7198
11907,7183
11907,7184
11907,7185
11907,7186
11907,7187
11907,7188
11907,7189
11907,7190
11907,7191
11907,7192
11907,7193
11907,7194
11907,7195
11907,7196
11907,7197
11907,7198
11907,7199
11908,7181
11908,7183
11908,7184
11908,7185
11908,7186
11908,7187
11908,7188
11908,7189
11908,7190
11908,7191
11908,7192
11908,7193
11908,7194
11908,7195
11908,7196
11908,7197
11908,7198
11908,7199
11908,7200
11909,7178
11909,7179
11909,7180
11909,7181
11909,7182
11909,7183
11909,7184
11909,7185
11909,7186
11909,7187
11909,7188
11909,7189
11909,7190
11909,7191
11909,7192
11909,7193
11909,7194
11909,7195
11909,7196
11909,7197
11909,7198
11909,7199
11909,7200
11909,7201
11910,7175
11910,7176
11910,7177
11910,7178
11910,7179
11910,7180
11910,7181
11910,7182
11910,7183
11910,7184
11910,7185
11910,7186
11910,7187
11910,7188
11910,7189
11910,7190
11910,7191
11910,7192
11910,7193
11910,7194
11910,7195
11910,7196
11910,7197
11910,7198
11910,7199
11910,7200
11910,7201
11910,7202
11911,7171
11911,7174
11911,7175
11911,7176
11911,7177
11911,7178
11911,7179
11911,7180
11911,7181
11911,7182
11911,7183
11911,7184
11911,7185
11911,7186
11911,7187
11911,7188
11911,7189
11911,7190
11911,7191
11911,7192
11911,7193
11911,7194
11911,7195
11911,7196
11911,7197
11911,7198
11911,7199
11911,7200
11911,7201
11911,7202
11911,7203
11912,7169
11912,7170
11912,7171
11912,7172
11912,7173
11912,7174
11912,7175
11912,7176
11912,7177
11912,7178
11912,7179
11912,7180
11912,7181
11912,7182
11912,7183
11912,7184
11912,7185
11912,7186
11912,7187
11912,7188
11912,7189
11912,7190
11912,7191
11912,7192
11912,7193
11912,7194
11912,7195
11912,7196
11912,7197
11912,7198
11912,7199
11912,7200
11912,7201
11912,7202
11912,7203
11912,7204
11913,7168
11913,7169
11913,7170
11913,7171
11913,7172
11913,7173
11913,7174
11913,7175
11913,7176
11913,7177
11913,7178
11913,7179
11913,7180
11913,7181
11913,7182
11913,7183
11913,7184
11913,7185
11913,7186
11913,7187
11913,7188
11913,7189
11913,7190
11913,7191
11913,7192
11913,7193
11913,7194
11913,7195
11913,7196
11913,7197
11913,7198
11913,7199
11913,7200
11913,7201
11913,7202
11913,7203
11913,7204
11913,7205
11914,7165
11914,7167
11914,7168
11914,7169
11914,7170
11914,7171
11914,7172
11914,7173
11914,7174
11914,7175
11914,7176
11914,7177
11914,7178
11914,7179
11914,7180
11914,7181
11914,7182
11914,7183
11914,7184
11914,7185
11914,7186
11914,7187
11914,7188
11914,7189
11914,7190
11914,7191
11914,7192
11914,7193
11914,7194
11914,7195
11914,7196
11914,7197
11914,7198
11914,7199
11914,7200
11914,7201
11914,7202
11914,7203
11914,7204
11914,7205
11914,7206
11915,7163
11915,7164
11915,7165
11915,7166
11915,7167
11915,7168
11915,7169
11915,7170
11915,7171
11915,7172
11915,7173
11915,7174
11915,7175
11915,7176
11915,7177
11915,7178
11915,7179
11915,7180
11915,7181
11915,7182
11915,7183
11915,7184
11915,7185
11915,7186
11915,7187
11915,7188
11915,7189
11915,7190
11915,7191
11915,7192
11915,7193
11915,7194
11915,7195
11915,7196
11915,7197
11915,7198
11915,7199
11915,7200
11915,7201
11915,7202
11915,7203
11915,7204
11915,7205
11915,7206
11915,7207
11916,7162
11916,7163
11916,7164
11916,7165
11916,7166
11916,7167
11916,7168
11916,7169
11916,7170
11916,7171
11916,7172
11916,7173
11916,7174
11916,7175
11916,7176
11916,7177
11916,7178
11916,7179
11916,7180
11916,7181
11916,7182
11916,7183
11916,7184
11916,7185
11916,7186
11916,7187
11916,7188
11916,7189
11916,7190
11916,7191
11916,7192
11916,7193
11916,7194
11916,7195
11916,7196
11916,7197
11916,7198
11916,7199
11916,7200
11916,7201
11916,7202
11916,7203
11916,7204
11916,7205
11916,7206
11916,7207
11916,7208
11917,7161
11917,7162
11917,7163
11917,7164
11917,7165
11917,7166
11917,7167
11917,7168
11917,7169
11917,7170
11917,7171
11917,7172
11917,7173
11917,7174
11917,7175
11917,7176
11917,7177
11917,7178
11917,7179
11917,7180
11917,7181
11917,7182
11917,7183
11917,7184
11917,7185
11917,7186
11917,7187
11917,7188
11917,7189
11917,7190
11917,7191
11917,7192
11917,7193
11917,7194
11917,7195
11917,7196
11917,7197
11917,7198
11917,7199
11917,7200
11917,7201
11917,7202
11917,7203
11917,7204
11917,7205
11917,7206
11917,7207
11917,7208
11917,7209
11918,7160
11918,7161
11918,7162
11918,7163
11918,7164
11918,7165
11918,7166
11918,7167
11918,7168
11918,7169
11918,7170
11918,7171
11918,7172
11918,7173
11918,7174
11918,7175
11918,7176
11918,7177
11918,7178
11918,7179
11918,7180
11918,7181
11918,7182
11918,7183
11918,7184
11918,7185
11918,7186
11918,7187
11918,7188
11918,7189
11918,7190
11918,7191
11918,7192
11918,7193
11918,7194
11918,7195
11918,7196
11918,7197
11918,7198
11918,7199
11918,7200
11918,7201
11918,7202
11918,7203
11918,7204
11918,7205
11918,7206
11918,7207
11918,7208
11918,7209
11918,7210
11919,7159
11919,7160
11919,7161
11919,7162
11919,7163
11919,7164
11919,7165
11919,7166
11919,7167
11919,7168
11919,7169
11919,7170
11919,7171
11919,7172
11919,7173
11919,7174
11919,7175
11919,7176
11919,7177
11919,7178
11919,7179
11919,7180
11919,7181
11919,7182
11919,7183
11919,7184
11919,7185
11919,7186
11919,7187
11919,7188
11919,7189
11919,7190
11919,7191
11919,7192
11919,7193
11919,7194
11919,7195
11919,7196
11919,7197
11919,7198
11919,7199
11919,7200
11919,7201
11919,7202
11919,7203
11919,7204
11919,7205
11919,7206
11919,7207
11919,7208
11919,7209
11919,7210
11919,7211
11920,7158
11920,7159
11920,7160
11920,7161
11920,7162
11920,7163
11920,7164
11920,7165
11920,7166
11920,7167
11920,7168
11920,7169
11920,7170
11920,7171
11920,7172
11920,7173
11920,7174
11920,7175
11920,7176
11920,7177
11920,7178
11920,7179
11920,7180
11920,7181
11920,7182
11920,7183
11920,7184
11920,7185
11920,7186
11920,7187
11920,7188
11920,7189
11920,7190
11920,7191
11920,7192
11920,7193
11920,7194
11920,7195
11920,7196
11920,7197
11920,7198
11920,7199
11920,7200
11920,7201
11920,7202
11920,7203
11920,7204
11920,7205
11920,7206
11920,7207
11920,7208
11920,7209
11920,7210
11920,7211
11920,7212
11921,7158
11921,7159
11921,7160
11921,7161
11921,7162
11921,7163
11921,7164
11921,7165
11921,7166
11921,7167
11921,7168
11921,7169
11921,7170
11921,7171
11921,7172
11921,7173
11921,7174
11921,7175
11921,7176
11921,7177
11921,7178
11921,7179
11921,7180
11921,7181
11921,7182
11921,7183
11921,7184
11921,7185
11921,7186
11921,7187
11921,7188
11921,7189
11921,7190
11921,7191
11921,7192
11921,7193
11921,7194
11921,7195
11921,7196
11921,7197
11921,7198
11921,7199
11921,7200
11921,7201
11921,7202
11921,7203
11921,7204
11921,7205
11921,7206
11921,7207
11921,7208
11921,7209
11921,7210
11921,7211
11921,7212
11921,7213
11922,7157
11922,7158
11922,7159
11922,7160
11922,7161
11922,7162
11922,7163
11922,7164
11922,7165
11922,7166
11922,7167
11922,7168
11922,7169
11922,7170
11922,7171
11922,7172
11922,7173
11922,7174
11922,7175
11922,7176
11922,7177
11922,7178
11922,7179
11922,7180
11922,7181
11922,7182
11922,7183
11922,7184
11922,7185
11922,7186
11922,7187
11922,7188
11922,7189
11922,7190
11922,7191
11922,7192
11922,7193
11922,7194
11922,7195
11922,7196
11922,7197
11922,7198
11922,7199
11922,7200
11922,7201
11922,7202
11922,7203
11922,7204
11922,7205
11922,7206
11922,7207
11922,7208
11922,7209
11922,7210
11922,7211
11922,7212
11922,7213
11922,7214
11923,7155
11923,7156
11923,7157
11923,7158
11923,7159
11923,7160
11923,7161
11923,7162
11923,7163
11923,7164
11923,7165
11923,7166
11923,7167
11923,7168
11923,7169
11923,7170
11923,7171
11923,7172
11923,7173
11923,7174
11923,7175
11923,7176
11923,7177
11923,7178
11923,7179
11923,7180
11923,7181
11923,7182
11923,7183
11923,7184
11923,7185
11923,7186
11923,7187
11923,7188
11923,7189
11923,7190
11923,7191
11923,7192
11923,7193
11923,7194
11923,7195
11923,7196
11923,7197
11923,7198
11923,7199
11923,7200
11923,7201
11923,7202
11923,7203
11923,7204
11923,7205
11923,7206
11923,7207
11923,7208
11923,7209
11923,7210
11923,7211
11923,7212
11923,7213
11923,7214
11923,7215
11924,7154
11924,7155
11924,7156
11924,7157
11924,7158
11924,7159
11924,7160
11924,7161
11924,7162
11924,7163
11924,7164
11924,7165
11924,7166
11924,7167
11924,7168
11924,7169
11924,7170
11924,7171
11924,7172
11924,7173
11924,7174
11924,7175
11924,7176
11924,7177
11924,7178
11924,7179
11924,7180
11924,7181
11924,7182
11924,7183
11924,7184
11924,7185
11924,7186
11924,7187
11924,7188
11924,7189
11924,7190
11924,7191
11924,7192
11924,7193
11924,7194
11924,7195
11924,7196
11924,7197
11924,7198
11924,7199
11924,7200
11924,7201
11924,7202
11924,7203
11924,7204
11924,7205
11924,7206
11924,7207
11924,7208
11924,7209
11924,7210
11924,7211
11924,7212
11924,7213
11924,7214
11924,7215
11924,7216
11925,7153
11925,7154
11925,7155
11925,7156
11925,7157
11925,7158
11925,7159
11925,7160
11925,7161
11925,7162
11925,7163
11925,7164
11925,7165
11925,7166
11925,7167
11925,7168
11925,7169
11925,7170
11925,7171
11925,7172
11925,7173
11925,7174
11925,7175
11925,7176
11925,7177
11925,7178
11925,7179
11925,7180
11925,7181
11925,7182
11925,7183
11925,7184
11925,7185
11925,7186
11925,7187
11925,7188
11925,7189
11925,7190
11925,7191
11925,7192
11925,7193
11925,7194
11925,7195
11925,7196
11925,7197
11925,7198
11925,7199
11925,7200
11925,7201
11925,7202
11925,7203
11925,7204
11925,7205
11925,7206
11925,7207
11925,7208
11925,7209
11925,7210
11925,7211
11925,7212
11925,7213
11925,7214
11925,7215
11925,7216
11925,7217
11926,7152
11926,7153
11926,7154
11926,7155
11926,7156
11926,7157
11926,7158
11926,7159
11926,7160
11926,7161
11926,7162
11926,7163
11926,7164
11926,7165
11926,7166
11926,7167
11926,7168
11926,7169
11926,7170
11926,7171
11926,7172
11926,7173
11926,7174
11926,7175
11926,7176
11926,7177
11926,7178
11926,7179
11926,7180
11926,7181
11926,7182
11926,7183
11926,7184
11926,7185
11926,7186
11926,7187
11926,7188
11926,7189
11926,7190
11926,7191
11926,7192
11926,7193
11926,7194
11926,7195
11926,7196
11926,7197
11926,7198
11926,7199
11926,7200
11926,7201
11926,7202
11926,7203
11926,7204
11926,7205
11926,7206
11926,7207
11926,7208
11926,7209
11926,7210
11926,7211
11926,7212
11926,7213
11926,7214
11926,7215
11926,7216
11926,7217
11926,7218
11927,7144
11927,7145
11927,7146
11927,7147
11927,7148
11927,7149
11927,7150
11927,7151
11927,7152
11927,7153
11927,7154
11927,7155
11927,7156
11927,7157
11927,7158
11927,7159
11927,7160
11927,7161
11927,7162
11927,7163
11927,7164
11927,7165
11927,7166
11927,7167
11927,7168
11927,7169
11927,7170
11927,7171
11927,7172
11927,7173
11927,7174
11927,7175
11927,7176
11927,7177
11927,7178
11927,7179
11927,7180
11927,7181
11927,7182
11927,7183
11927,7184
11927,7185
11927,7186
11927,7187
11927,7188
11927,7189
11927,7190
11927,7191
11927,7192
11927,7193
11927,7194
11927,7195
11927,7196
11927,7197
11927,7198
11927,7199
11927,7200
11927,7201
11927,7202
11927,7203
11927,7204
11927,7205
11927,7206
11927,7207
11927,7208
11927,7209
11927,7210
11927,7211
11927,7212
11927,7213
11927,7214
11927,7215
11927,7216
11927,7217
11927,7218
11927,7219
11928,7141
11928,7142
11928,7143
11928,7144
11928,7145
11928,7146
11928,7147
11928,7148
11928,7149
11928,7150
11928,7151
11928,7152
11928,7153
11928,7154
11928,7155
11928,7156
11928,7157
11928,7158
11928,7159
11928,7160
11928,7161
11928,7162
11928,7163
11928,7164
11928,7165
11928,7166
11928,7167
11928,7168
11928,7169
11928,7170
11928,7171
11928,7172
11928,7173
11928,7174
11928,7175
11928,7176
11928,7177
11928,7178
11928,7179
11928,7180
11928,7181
11928,7182
11928,7183
11928,7184
11928,7185
11928,7186
11928,7187
11928,7188
11928,7189
11928,7190
11928,7191
11928,7192
11928,7193
11928,7194
11928,7195
11928,7196
11928,7197
11928,7198
11928,7199
11928,7200
11928,7201
11928,7202
11928,7203
11928,7204
11928,7205
11928,7206
11928,7207
11928,7208
11928,7209
11928,7210
11928,7211
11928,7212
11928,7213
11928,7214
11928,7215
11928,7216
11928,7217
11928,7218
11928,7219
11928,7220
11929,7140
11929,7141
11929,7142
11929,7143
11929,7144
11929,7145
11929,7146
11929,7147
11929,7148
11929,7149
11929,7150
11929,7151
11929,7152
11929,7153
11929,7154
11929,7155
11929,7156
11929,7157
11929,7158
11929,7159
11929,7160
11929,7161
11929,7162
11929,7163
11929,7164
11929,7165
11929,7166
11929,7167
11929,7168
11929,7169
11929,7170
11929,7171
11929,7172
11929,7173
11929,7174
11929,7175
11929,7176
11929,7177
11929,7178
11929,7179
11929,7180
11929,7181
11929,7182
11929,7183
11929,7184
11929,7185
11929,7186
11929,7187
11929,7188
11929,7189
11929,7190
11929,7191
11929,7192
11929,7193
11929,7194
11929,7195
11929,7196
11929,7197
11929,7198
11929,7199
11929,7200
11929,7201
11929,7202
11929,7203
11929,7204
11929,7205
11929,7206
11929,7207
11929,7208
11929,7209
11929,7210
11929,7211
11929,7212
11929,7213
11929,7214
11929,7215
11929,7216
11929,7217
11929,7218
11929,7219
11929,7220
11929,7221
11930,7139
11930,7140
11930,7141
11930,7142
11930,7143
11930,7144
11930,7145
11930,7146
11930,7147
11930,7148
11930,7149
11930,7150
11930,7151
11930,7152
11930,7153
11930,7154
11930,7155
11930,7156
11930,7157
11930,7158
11930,7159
11930,7160
11930,7161
11930,7162
11930,7163
11930,7164
11930,7165
11930,7166
11930,7167
11930,7168
11930,7169
11930,7170
11930,7171
11930,7172
11930,7173
11930,7174
11930,7175
11930,7176
11930,7177
11930,7178
11930,7179
11930,7180
11930,7181
11930,7182
11930,7183
11930,7184
11930,7185
11930,7186
11930,7187
11930,7188
11930,7189
11930,7190
11930,7191
11930,7192
11930,7193
11930,7194
11930,7195
11930,7196
11930,7197
11930,7198
11930,7199
11930,7200
11930,7201
11930,7202
11930,7203
11930,7204
11930,7205
11930,7206
11930,7207
11930,7208
11930,7209
11930,7210
11930,7211
11930,7212
11930,7213
11930,7214
11930,7215
11930,7216
11930,7217
11930,7218
11930,7219
11930,7220
11930,7221
11930,7222
11931,7138
11931,7139
11931,7140
11931,7141
11931,7142
11931,7143
11931,7144
11931,7145
11931,7146
11931,7147
11931,7148
11931,7149
11931,7150
11931,7151
11931,7152
11931,7153
11931,7154
11931,7155
11931,7156
11931,7157
11931,7158
11931,7159
11931,7160
11931,7161
11931,7162
11931,7163
11931,7164
11931,7165
11931,7166
11931,7167
11931,7168
11931,7169
11931,7170
11931,7171
11931,7172
11931,7173
11931,7174
11931,7175
11931,7176
11931,7177
11931,7178
11931,7179
11931,7180
11931,7181
11931,7182
11931,7183
11931,7184
11931,7185
11931,7186
11931,7187
11931,7188
11931,7189
11931,7190
11931,7191
11931,7192
11931,7193
11931,7194
11931,7195
11931,7196
11931,7197
11931,7198
11931,7199
11931,7200
11931,7201
11931,7202
11931,7203
11931,7204
11931,7205
11931,7206
11931,7207
11931,7208
11931,7209
11931,7210
11931,7211
11931,7212
11931,7213
11931,7214
11931,7215
11931,7216
11931,7217
11931,7218
11931,7219
11931,7220
11931,7221
11931,7222
11931,7223
11932,7138
11932,7139
11932,7140
11932,7141
11932,7142
11932,7143
11932,7144
11932,7145
11932,7146
11932,7147
11932,7148
11932,7149
11932,7150
11932,7151
11932,7152
11932,7153
11932,7154
11932,7155
11932,7156
11932,7157
11932,7158
11932,7159
11932,7160
11932,7161
11932,7162
11932,7163
11932,7164
11932,7165
11932,7166
11932,7167
11932,7168
11932,7169
11932,7170
11932,7171
11932,7172
11932,7173
11932,7174
11932,7175
11932,7176
11932,7177
11932,7178
11932,7179
11932,7180
11932,7181
11932,7182
11932,7183
11932,7184
11932,7185
11932,7186
11932,7187
11932,7188
11932,7189
11932,7190
11932,7191
11932,7192
11932,7193
11932,7194
11932,7195
11932,7196
11932,7197
11932,7198
11932,7199
11932,7200
11932,7201
11932,7202
11932,7203
11932,7204
11932,7205
11932,7206
11932,7207
11932,7208
11932,7209
11932,7210
11932,7211
11932,7212
11932,7213
11932,7214
11932,7215
11932,7216
11932,7217
11932,7218
11932,7219
11932,7220
11932,7221
11932,7222
11932,7223
11932,7224
11933,7137
11933,7138
11933,7139
11933,7140
11933,7141
11933,7142
11933,7143
11933,7144
11933,7145
11933,7146
11933,7147
11933,7148
11933,7149
11933,7150
11933,7151
11933,7152
11933,7153
11933,7154
11933,7155
11933,7156
11933,7157
11933,7158
11933,7159
11933,7160
11933,7161
11933,7162
11933,7163
11933,7164
11933,7165
11933,7166
11933,7167
11933,7168
11933,7169
11933,7170
11933,7171
11933,7172
11933,7173
11933,7174
11933,7175
11933,7176
11933,7177
11933,7178
11933,7179
11933,7180
11933,7181
11933,7182
11933,7183
11933,7184
11933,7185
11933,7186
11933,7187
11933,7188
11933,7189
11933,7190
11933,7191
11933,7192
11933,7193
11933,7194
11933,7195
11933,7196
11933,7197
11933,7198
11933,7199
11933,7200
11933,7201
11933,7202
11933,7203
11933,7204
11933,7205
11933,7206
11933,7207
11933,7208
11933,7209
11933,7210
11933,7211
11933,7212
11933,7213
11933,7214
11933,7215
11933,7216
11933,7217
11933,7218
11933,7219
11933,7220
11933,7221
11933,7222
11933,7223
11933,7224
11933,7225
11934,7137
11934,7138
11934,7139
11934,7140
11934,7141
11934,7142
11934,7143
11934,7144
11934,7145
11934,7146
11934,7147
11934,7148
11934,7149
11934,7150
11934,7151
11934,7152
11934,7153
11934,7154
11934,7155
11934,7156
11934,7157
11934,7158
11934,7159
11934,7160
11934,7161
11934,7162
11934,7163
11934,7164
11934,7165
11934,7166
11934,7167
11934,7168
11934,7169
11934,7170
11934,7171
11934,7172
11934,7173
11934,7174
11934,7175
11934,7176
11934,7177
11934,7178
11934,7179
11934,7180
11934,7181
11934,7182
11934,7183
11934,7184
11934,7185
11934,7186
11934,7187
11934,7188
11934,7189
11934,7190
11934,7191
11934,7192
11934,7193
11934,7194
11934,7195
11934,7196
11934,7197
11934,7198
11934,7199
11934,7200
11934,7201
11934,7202
11934,7203
11934,7204
11934,7205
11934,7206
11934,7207
11934,7208
11934,7209
11934,7210
11934,7211
11934,7212
11934,7213
11934,7214
11934,7215
11934,7216
11934,7217
11934,7218
11934,7219
11934,7220
11934,7221
11934,7222
11934,7223
11934,7224
11934,7225
11934,7226
11935,7137
11935,7138
11935,7139
11935,7140
11935,7141
11935,7142
11935,7143
11935,7144
11935,7145
11935,7146
11935,7147
11935,7148
11935,7149
11935,7150
11935,7151
11935,7152
11935,7153
11935,7154
11935,7155
11935,7156
11935,7157
11935,7158
11935,7159
11935,7160
11935,7161
11935,7162
11935,7163
11935,7164
11935,7165
11935,7166
11935,7167
11935,7168
11935,7169
11935,7170
11935,7171
11935,7172
11935,7173
11935,7174
11935,7175
11935,7176
11935,7177
11935,7178
11935,7179
11935,7180
11935,7181
11935,7182
11935,7183
11935,7184
11935,7185
11935,7186
11935,7187
11935,7188
11935,7189
11935,7190
11935,7191
11935,7192
11935,7193
11935,7194
11935,7195
11935,7196
11935,7197
11935,7198
11935,7199
11935,7200
11935,7201
11935,7202
11935,7203
11935,7204
11935,7205
11935,7206
11935,7207
11935,7208
11935,7209
11935,7210
11935,7211
11935,7212
11935,7213
11935,7214
11935,7215
11935,7216
11935,7217
11935,7218
11935,7219
11935,7220
11935,7221
11935,7222
11935,7223
11935,7224
11935,7225
11935,7226
11935,7227
11936,7137
11936,7138
11936,7139
11936,7140
11936,7141
11936,7142
11936,7143
11936,7144
11936,7145
11936,7146
11936,7147
11936,7148
11936,7149
11936,7150
11936,7151
11936,7152
11936,7153
11936,7154
11936,7155
11936,7156
11936,7157
11936,7158
11936,7159
11936,7160
11936,7161
11936,7162
11936,7163
11936,7164
11936,7165
11936,7166
11936,7167
11936,7168
11936,7169
11936,7170
11936,7171
11936,7172
11936,7173
11936,7174
11936,7175
11936,7176
11936,7177
11936,7178
11936,7179
11936,7180
11936,7181
11936,7182
11936,7183
11936,7184
11936,7185
11936,7186
11936,7187
11936,7188
11936,7189
11936,7190
11936,7191
11936,7192
11936,7193
11936,7194
11936,7195
11936,7196
11936,7197
11936,7198
11936,7199
11936,7200
11936,7201
11936,7202
11936,7203
11936,7204
11936,7205
11936,7206
11936,7207
11936,7208
11936,7209
11936,7210
11936,7211
11936,7212
11936,7213
11936,7214
11936,7215
11936,7216
11936,7217
11936,7218
11936,7219
11936,7220
11936,7221
11936,7222
11936,7223
11936,7224
11936,7225
11936,7226
11936,7227
11936,7228
11937,7136
11937,7137
11937,7138
11937,7139
11937,7140
11937,7141
11937,7142
11937,7143
11937,7144
11937,7145
11937,7146
11937,7147
11937,7148
11937,7149
11937,7150
11937,7151
11937,7152
11937,7153
11937,7154
11937,7155
11937,7156
11937,7157
11937,7158
11937,7159
11937,7160
11937,7161
11937,7162
11937,7163
11937,7164
11937,7165
11937,7166
11937,7167
11937,7168
11937,7169
11937,7170
11937,7171
11937,7172
11937,7173
11937,7174
11937,7175
11937,7176
11937,7177
11937,7178
11937,7179
11937,7180
11937,7181
11937,7182
11937,7183
11937,7184
11937,7185
11937,7186
11937,7187
11937,7188
11937,7189
11937,7190
11937,7191
11937,7192
11937,7193
11937,7194
11937,7195
11937,7196
11937,7197
11937,7198
11937,7199
11937,7200
11937,7201
11937,7202
11937,7203
11937,7204
11937,7205
11937,7206
11937,7207
11937,7208
11937,7209
11937,7210
11937,7211
11937,7212
11937,7213
11937,7214
11937,7215
11937,7216
11937,7217
11937,7218
11937,7219
11937,7220
11937,7221
11937,7222
11937,7223
11937,7224
11937,7225
11937,7226
11937,7227
11937,7228
11937,7229
11938,7136
11938,7137
11938,7138
11938,7139
11938,7140
11938,7141
11938,7142
11938,7143
11938,7144
11938,7145
11938,7146
11938,7147
11938,7148
11938,7149
11938,7150
11938,7151
11938,7152
11938,7153
11938,7154
11938,7155
11938,7156
11938,7157
11938,7158
11938,7159
11938,7160
11938,7161
11938,7162
11938,7163
11938,7164
11938,7165
11938,7166
11938,7167
11938,7168
11938,7169
11938,7170
11938,7171
11938,7172
11938,7173
11938,7174
11938,7175
11938,7176
11938,7177
11938,7178
11938,7179
11938,7180
11938,7181
11938,7182
11938,7183
11938,7184
11938,7185
11938,7186
11938,7187
11938,7188
11938,7189
11938,7190
11938,7191
11938,7192
11938,7193
11938,7194
11938,7195
11938,7196
11938,7197
11938,7198
11938,7199
11938,7200
11938,7201
11938,7202
11938,7203
11938,7204
11938,7205
11938,7206
11938,7207
11938,7208
11938,7209
11938,7210
11938,7211
11938,7212
11938,7213
11938,7214
11938,7215
11938,7216
11938,7217
11938,7218
11938,7219
11938,7220
11938,7221
11938,7222
11938,7223
11938,7224
11938,7225
11938,7226
11938,7227
11938,7228
11938,7229
11938,7230
11939,7136
11939,7137
11939,7138
11939,7139
11939,7140
11939,7141
11939,7142
11939,7143
11939,7144
11939,7145
11939,7146
11939,7147
11939,7148
11939,7149
11939,7150
11939,7151
11939,7152
11939,7153
11939,7154
11939,7155
11939,7156
11939,7157
11939,7158
11939,7159
11939,7160
11939,7161
11939,7162
11939,7163
11939,7164
11939,7165
11939,7166
11939,7167
11939,7168
11939,7169
11939,7170
11939,7171
11939,7172
11939,7173
11939,7174
11939,7175
11939,7176
11939,7177
11939,7178
11939,7179
11939,7180
11939,7181
11939,7182
11939,7183
11939,7184
11939,7185
11939,7186
11939,7187
11939,7188
11939,7189
11939,7190
11939,7191
11939,7192
11939,7193
11939,7194
11939,7195
11939,7196
11939,7197
11939,7198
11939,7199
11939,7200
11939,7201
11939,7202
11939,7203
11939,7204
11939,7205
11939,7206
11939,7207
11939,7208
11939,7209
11939,7210
11939,7211
11939,7212
11939,7213
11939,7214
11939,7215
11939,7216
11939,7217
11939,7218
11939,7219
11939,7220
11939,7221
11939,7222
11939,7223
11939,7224
11939,7225
11939,7226
11939,7227
11939,7228
11939,7229
11939,7230
11939,7231
11940,7136
11940,7137
11940,7138
11940,7139
11940,7140
11940,7141
11940,7142
11940,7143
11940,7144
11940,7145
11940,7146
11940,7147
11940,7148
11940,7149
11940,7150
11940,7151
11940,7152
11940,7153
11940,7154
11940,7155
11940,7156
11940,7157
11940,7158
11940,7159
11940,7160
11940,7161
11940,7162
11940,7163
11940,7164
11940,7165
11940,7166
11940,7167
11940,7168
11940,7169
11940,7170
11940,7171
11940,7172
11940,7173
11940,7174
11940,7175
11940,7176
11940,7177
11940,7178
11940,7179
11940,7180
11940,7181
11940,7182
11940,7183
11940,7184
11940,7185
11940,7186
11940,7187
11940,7188
11940,7189
11940,7190
11940,7191
11940,7192
11940,7193
11940,7194
11940,7195
11940,7196
11940,7197
11940,7198
11940,7199
11940,7200
11940,7201
11940,7202
11940,7203
11940,7204
11940,7205
11940,7206
11940,7207
11940,7208
11940,7209
11940,7210
11940,7211
11940,7212
11940,7213
11940,7214
11940,7215
11940,7216
11940,7217
11940,7218
11940,7219
11940,7220
11940,7221
11940,7222
11940,7223
11940,7224
11940,7225
11940,7226
11940,7227
11940,7228
11940,7229
11940,7230
11940,7231
11940,7232
11941,7136
11941,7137
11941,7138
11941,7139
11941,7140
11941,7141
11941,7142
11941,7143
11941,7144
11941,7145
11941,7146
11941,7147
11941,7148
11941,7149
11941,7150
11941,7151
11941,7152
11941,7153
11941,7154
11941,7155
11941,7156
11941,7157
11941,7158
11941,7159
11941,7160
11941,7161
11941,7162
11941,7163
11941,7164
11941,7165
11941,7166
11941,7167
11941,7168
11941,7169
11941,7170
11941,7171
11941,7172
11941,7173
11941,7174
11941,7175
11941,7176
11941,7177
11941,7178
11941,7179
11941,7180
11941,7181
11941,7182
11941,7183
11941,7184
11941,7185
11941,7186
11941,7187
11941,7188
11941,7189
11941,7190
11941,7191
11941,7192
11941,7193
11941,7194
11941,7195
11941,7196
11941,7197
11941,7198
11941,7199
11941,7200
11941,7201
11941,7202
11941,7203
11941,7204
11941,7205
11941,7206
11941,7207
11941,7208
11941,7209
11941,7210
11941,7211
11941,7212
11941,7213
11941,7214
11941,7215
11941,7216
11941,7217
11941,7218
11941,7219
11941,7220
11941,7221
11941,7222
11941,7223
11941,7224
11941,7225
11941,7226
11941,7227
11941,7228
11941,7229
11941,7230
11941,7231
11941,7232
11941,7233
11942,7137
11942,7138
11942,7139
11942,7140
11942,7141
11942,7142
11942,7143
11942,7144
11942,7145
11942,7146
11942,7147
11942,7148
11942,7149
11942,7150
11942,7151
11942,7152
11942,7153
11942,7154
11942,7155
11942,7156
11942,7157
11942,7158
11942,7159
11942,7160
11942,7161
11942,7162
11942,7163
11942,7164
11942,7165
11942,7166
11942,7167
11942,7168
11942,7169
11942,7170
11942,7171
11942,7172
11942,7173
11942,7174
11942,7175
11942,7176
11942,7177
11942,7178
11942,7179
11942,7180
11942,7181
11942,7182
11942,7183
11942,7184
11942,7185
11942,7186
11942,7187
11942,7188
11942,7189
11942,7190
11942,7191
11942,7192
11942,7193
11942,7194
11942,7195
11942,7196
11942,7197
11942,7198
11942,7199
11942,7200
11942,7201
11942,7202
11942,7203
11942,7204
11942,7205
11942,7206
11942,7207
11942,7208
11942,7209
11942,7210
11942,7211
11942,7212
11942,7213
11942,7214
11942,7215
11942,7216
11942,7217
11942,7218
11942,7219
11942,7220
11942,7221
11942,7222
11942,7223
11942,7224
11942,7225
11942,7226
11942,7227
11942,7228
11942,7229
11942,7230
11942,7231
11942,7232
11942,7233
11942,7234
11943,7137
11943,7138
11943,7139
11943,7140
11943,7141
11943,7142
11943,7143
11943,7144
11943,7145
11943,7146
11943,7147
11943,7148
11943,7149
11943,7150
11943,7151
11943,7152
11943,7153
11943,7154
11943,7155
11943,7156
11943,7157
11943,7158
11943,7159
11943,7160
11943,7161
11943,7162
11943,7163
11943,7164
11943,7165
11943,7166
11943,7167
11943,7168
11943,7169
11943,7170
11943,7171
11943,7172
11943,7173
11943,7174
11943,7175
11943,7176
11943,7177
11943,7178
11943,7179
11943,7180
11943,7181
11943,7182
11943,7183
11943,7184
11943,7185
11943,7186
11943,7187
11943,7188
11943,7189
11943,7190
11943,7191
11943,7192
11943,7193
11943,7194
11943,7195
11943,7196
11943,7197
11943,7198
11943,7199
11943,7200
11943,7201
11943,7202
11943,7203
11943,7204
11943,7205
11943,7206
11943,7207
11943,7208
11943,7209
11943,7210
11943,7211
11943,7212
11943,7213
11943,7214
11943,7215
11943,7216
11943,7217
11943,7218
11943,7219
11943,7220
11943,7221
11943,7222
11943,7223
11943,7224
11943,7225
11943,7226
11943,7227
11943,7228
11943,7229
11943,7230
11943,7231
11943,7232
11943,7233
11943,7234
11943,7235
11944,7137
11944,7138
11944,7139
11944,7140
11944,7141
11944,7142
11944,7143
11944,7144
11944,7145
11944,7146
11944,7147
11944,7148
11944,7149
11944,7150
11944,7151
11944,7152
11944,7153
11944,7154
11944,7155
11944,7156
11944,7157
11944,7158
11944,7159
11944,7160
11944,7161
11944,7162
11944,7163
11944,7164
11944,7165
11944,7166
11944,7167
11944,7168
11944,7169
11944,7170
11944,7171
11944,7172
11944,7173
11944,7174
11944,7175
11944,7176
11944,7177
11944,7178
11944,7179
11944,7180
11944,7181
11944,7182
11944,7183
11944,7184
11944,7185
11944,7186
11944,7187
11944,7188
11944,7189
11944,7190
11944,7191
11944,7192
11944,7193
11944,7194
11944,7195
11944,7196
11944,7197
11944,7198
11944,7199
11944,7200
11944,7201
11944,7202
11944,7203
11944,7204
11944,7205
11944,7206
11944,7207
11944,7208
11944,7209
11944,7210
11944,7211
11944,7212
11944,7213
11944,7214
11944,7215
11944,7216
11944,7217
11944,7218
11944,7219
11944,7220
11944,7221
11944,7222
11944,7223
11944,7224
11944,7225
11944,7226
11944,7227
11944,7228
11944,7229
11944,7230
11944,7231
11944,7232
11944,7233
11944,7234
11944,7235
11944,7236
11945,7137
11945,7138
11945,7139
11945,7140
11945,7141
11945,7142
11945,7143
11945,7144
11945,7145
11945,7146
11945,7147
11945,7148
11945,7149
11945,7150
11945,7151
11945,7152
11945,7153
11945,7154
11945,7155
11945,7156
11945,7157
11945,7158
11945,7159
11945,7160
11945,7161
11945,7162
11945,7163
11945,7164
11945,7165
11945,7166
11945,7167
11945,7168
11945,7169
11945,7170
11945,7171
11945,7172
11945,7173
11945,7174
11945,7175
11945,7176
11945,7177
11945,7178
11945,7179
11945,7180
11945,7181
11945,7182
11945,7183
11945,7184
11945,7185
11945,7186
11945,7187
11945,7188
11945,7189
11945,7190
11945,7191
11945,7192
11945,7193
11945,7194
11945,7195
11945,7196
11945,7197
11945,7198
11945,7199
11945,7200
11945,7201
11945,7202
11945,7203
11945,7204
11945,7205
11945,7206
11945,7207
11945,7208
11945,7209
11945,7210
11945,7211
11945,7212
11945,7213
11945,7214
11945,7215
11945,7216
11945,7217
11945,7218
11945,7219
11945,7220
11945,7221
11945,7222
11945,7223
11945,7224
11945,7225
11945,7226
11945,7227
11945,7228
11945,7229
11945,7230
11945,7231
11945,7232
11945,7233
11945,7234
11945,7235
11945,7236
11945,7237
11945,7238
11945,7239
11945,7240
11945,7241
11945,7242
11945,7243
11945,7244
11945,7245
11945,7246
11945,7247
11945,7248
11945,7249
11945,7250
11945,7251
11945,7252
11945,7253
11945,7254
11945,7255
11945,7256
11946,7136
11946,7137
11946,7138
11946,7139
11946,7140
11946,7141
11946,7142
11946,7143
11946,7144
11946,7145
11946,7146
11946,7147
11946,7148
11946,7149
11946,7150
11946,7151
11946,7152
11946,7153
11946,7154
11946,7155
11946,7156
11946,7157
11946,7158
11946,7159
11946,7160
11946,7161
11946,7162
11946,7163
11946,7164
11946,7165
11946,7166
11946,7167
11946,7168
11946,7169
11946,7170
11946,7171
11946,7172
11946,7173
11946,7174
11946,7175
11946,7176
11946,7177
11946,7178
11946,7179
11946,7180
11946,7181
11946,7182
11946,7183
11946,7184
11946,7185
11946,7186
11946,7187
11946,7188
11946,7189
11946,7190
11946,7191
11946,7192
11946,7193
11946,7194
11946,7195
11946,7196
11946,7197
11946,7198
11946,7199
11946,7200
11946,7201
11946,7202
11946,7203
11946,7204
11946,7205
11946,7206
11946,7207
11946,7208
11946,7209
11946,7210
11946,7211
11946,7212
11946,7213
11946,7214
11946,7215
11946,7216
11946,7217
11946,7218
11946,7219
11946,7220
11946,7221
11946,7222
11946,7223
11946,7224
11946,7225
11946,7226
11946,7227
11946,7228
11946,7229
11946,7230
11946,7231
11946,7232
11946,7233
11946,7234
11946,7235
11946,7236
11946,7237
11946,7238
11946,7239
11946,7240
11946,7241
11946,7242
11946,7243
11946,7244
11946,7245
11946,7246
11946,7247
11946,7248
11946,7249
11946,7250
11946,7251
11946,7252
11946,7253
11946,7254
11946,7255
11946,7256
11946,7257
11946,7258
11946,7259
11946,7260
11946,7261
11946,7262
11946,7263
11946,7264
11946,7265
11946,7266
11946,7267
11946,7268
11946,7269
11946,7270
11946,7271
11946,7272
11946,7273
11946,7274
11946,7275
11946,7276
11946,7277
11946,7278
11946,7279
11947,7137
11947,7138
11947,7139
11947,7140
11947,7141
11947,7142
11947,7143
11947,7144
11947,7145
11947,7146
11947,7147
11947,7148
11947,7149
11947,7150
11947,7151
11947,7152
11947,7153
11947,7154
11947,7155
11947,7156
11947,7157
11947,7158
11947,7159
11947,7160
11947,7161
11947,7162
11947,7163
11947,7164
11947,7165
11947,7166
11947,7167
11947,7168
11947,7169
11947,7170
11947,7171
11947,7172
11947,7173
11947,7174
11947,7175
11947,7176
11947,7177
11947,7178
11947,7179
11947,7180
11947,7181
11947,7182
11947,7183
11947,7184
11947,7185
11947,7186
11947,7187
11947,7188
11947,7189
11947,7190
11947,7191
11947,7192
11947,7193
11947,7194
11947,7195
11947,7196
11947,7197
11947,7198
11947,7199
11947,7200
11947,7201
11947,7202
11947,7203
11947,7204
11947,7205
11947,7206
11947,7207
11947,7208
11947,7209
11947,7210
11947,7211
11947,7212
11947,7213
11947,7214
11947,7215
11947,7216
11947,7217
11947,7218
11947,7219
11947,7220
11947,7221
11947,7222
11947,7223
11947,7224
11947,7225
11947,7226
11947,7227
11947,7228
11947,7229
11947,7230
11947,7231
11947,7232
11947,7233
11947,7234
11947,7235
11947,7236
11947,7237
11947,7238
11947,7239
11947,7240
11947,7241
11947,7242
11947,7243
11947,7244
11947,7245
11947,7246
11947,7247
11947,7248
11947,7249
11947,7250
11947,7251
11947,7252
11947,7253
11947,7254
11947,7255
11947,7256
11947,7257
11947,7258
11947,7259
11947,7260
11947,7261
11947,7262
11947,7263
11947,7264
11947,7265
11947,7266
11947,7267
11947,7268
11947,7269
11947,7270
11947,7271
11947,7272
11947,7273
11947,7274
11947,7275
11947,7276
11947,7277
11947,7278
11947,7279
11947,7280
11948,7137
11948,7138
11948,7139
11948,7140
11948,7141
11948,7142
11948,7143
11948,7144
11948,7145
11948,7146
11948,7147
11948,7148
11948,7149
11948,7150
11948,7151
11948,7152
11948,7153
11948,7154
11948,7155
11948,7156
11948,7157
11948,7158
11948,7159
11948,7160
11948,7161
11948,7162
11948,7163
11948,7164
11948,7165
11948,7166
11948,7167
11948,7168
11948,7169
11948,7170
11948,7171
11948,7172
11948,7173
11948,7174
11948,7175
11948,7176
11948,7177
11948,7178
11948,7179
11948,7180
11948,7181
11948,7182
11948,7183
11948,7184
11948,7185
11948,7186
11948,7187
11948,7188
11948,7189
11948,7190
11948,7191
11948,7192
11948,7193
11948,7194
11948,7195
11948,7196
11948,7197
11948,7198
11948,7199
11948,7200
11948,7201
11948,7202
11948,7203
11948,7204
11948,7205
11948,7206
11948,7207
11948,7208
11948,7209
11948,7210
11948,7211
11948,7212
11948,7213
11948,7214
11948,7215
11948,7216
11948,7217
11948,7218
11948,7219
11948,7220
11948,7221
11948,7222
11948,7223
11948,7224
11948,7225
11948,7226
11948,7227
11948,7228
11948,7229
11948,7230
11948,7231
11948,7232
11948,7233
11948,7234
11948,7235
11948,7236
11948,7237
11948,7238
11948,7239
11948,7240
11948,7241
11948,7242
11948,7243
11948,7244
11948,7245
11948,7246
11948,7247
11948,7248
11948,7249
11948,7250
11948,7251
11948,7252
11948,7253
11948,7254
11948,7255
11948,7256
11948,7257
11948,7258
11948,7259
11948,7260
11948,7261
11948,7262
11948,7263
11948,7264
11948,7265
11948,7266
11948,7267
11948,7268
11948,7269
11948,7270
11948,7271
11948,7272
11948,7273
11948,7274
11948,7275
11948,7276
11948,7277
11948,7278
11948,7279
11948,7280
11948,7281
11949,7138
11949,7139
11949,7140
11949,7141
11949,7142
11949,7143
11949,7144
11949,7145
11949,7146
11949,7147
11949,7148
11949,7149
11949,7150
11949,7151
11949,7152
11949,7153
11949,7154
11949,7155
11949,7156
11949,7157
11949,7158
11949,7159
11949,7160
11949,7161
11949,7162
11949,7163
11949,7164
11949,7165
11949,7166
11949,7167
11949,7168
11949,7169
11949,7170
11949,7171
11949,7172
11949,7173
11949,7174
11949,7175
11949,7176
11949,7177
11949,7178
11949,7179
11949,7180
11949,7181
11949,7182
11949,7183
11949,7184
11949,7185
11949,7186
11949,7187
11949,7188
11949,7189
11949,7190
11949,7191
11949,7192
11949,7193
11949,7194
11949,7195
11949,7196
11949,7197
11949,7198
11949,7199
11949,7200
11949,7201
11949,7202
11949,7203
11949,7204
11949,7205
11949,7206
11949,7207
11949,7208
11949,7209
11949,7210
11949,7211
11949,7212
11949,7213
11949,7214
11949,7215
11949,7216
11949,7217
11949,7218
11949,7219
11949,7220
11949,7221
11949,7222
11949,7223
11949,7224
11949,7225
11949,7226
11949,7227
11949,7228
11949,7229
11949,7230
11949,7231
11949,7232
11949,7233
11949,7234
11949,7235
11949,7236
11949,7237
11949,7238
11949,7239
11949,7240
11949,7241
11949,7242
11949,7243
11949,7244
11949,7245
11949,7246
11949,7247
11949,7248
11949,7249
11949,7250
11949,7251
11949,7252
11949,7253
11949,7254
11949,7255
11949,7256
11949,7257
11949,7258
11949,7259
11949,7260
11949,7261
11949,7262
11949,7263
11949,7264
11949,7265
11949,7266
11949,7267
11949,7268
11949,7269
11949,7270
11949,7271
11949,7272
11949,7273
11949,7274
11949,7275
11949,7276
11949,7277
11949,7278
11949,7279
11949,7280
11949,7281
11949,7282
11950,7139
11950,7140
11950,7141
11950,7142
11950,7143
11950,7144
11950,7145
11950,7146
11950,7147
11950,7148
11950,7149
11950,7150
11950,7151
11950,7152
11950,7153
11950,7154
11950,7155
11950,7156
11950,7157
11950,7158
11950,7159
11950,7160
11950,7161
11950,7162
11950,7163
11950,7164
11950,7165
11950,7166
11950,7167
11950,7168
11950,7169
11950,7170
11950,7171
11950,7172
11950,7173
11950,7174
11950,7175
11950,7176
11950,7177
11950,7178
11950,7179
11950,7180
11950,7181
11950,7182
11950,7183
11950,7184
11950,7185
11950,7186
11950,7187
11950,7188
11950,7189
11950,7190
11950,7191
11950,7192
11950,7193
11950,7194
11950,7195
11950,7196
11950,7197
11950,7198
11950,7199
11950,7200
11950,7201
11950,7202
11950,7203
11950,7204
11950,7205
11950,7206
11950,7207
11950,7208
11950,7209
11950,7210
11950,7211
11950,7212
11950,7213
11950,7214
11950,7215
11950,7216
11950,7217
11950,7218
11950,7219
11950,7220
11950,7221
11950,7222
11950,7223
11950,7224
11950,7225
11950,7226
11950,7227
11950,7228
11950,7229
11950,7230
11950,7231
11950,7232
11950,7233
11950,7234
11950,7235
11950,7236
11950,7237
11950,7238
11950,7239
11950,7240
11950,7241
11950,7242
11950,7243
11950,7244
11950,7245
11950,7246
11950,7247
11950,7248
11950,7249
11950,7250
11950,7251
11950,7252
11950,7253
11950,7254
11950,7255
11950,7256
11950,7257
11950,7258
11950,7259
11950,7260
11950,7261
11950,7262
11950,7263
11950,7264
11950,7265
11950,7266
11950,7267
11950,7268
11950,7269
11950,7270
11950,7271
11950,7272
11950,7273
11950,7274
11950,7275
11950,7276
11950,7277
11950,7278
11950,7279
11950,7280
11950,7281
11950,7282
11950,7283
11951,7141
11951,7142
11951,7143
11951,7144
11951,7145
11951,7146
11951,7147
11951,7148
11951,7149
11951,7150
11951,7151
11951,7152
11951,7153
11951,7154
11951,7155
11951,7156
11951,7157
11951,7158
11951,7159
11951,7160
11951,7161
11951,7162
11951,7163
11951,7164
11951,7165
11951,7166
11951,7167
11951,7168
11951,7169
11951,7170
11951,7171
11951,7172
11951,7173
11951,7174
11951,7175
11951,7176
11951,7177
11951,7178
11951,7179
11951,7180
11951,7181
11951,7182
11951,7183
11951,7184
11951,7185
11951,7186
11951,7187
11951,7188
11951,7189
11951,7190
11951,7191
11951,7192
11951,7193
11951,7194
11951,7195
11951,7196
11951,7197
11951,7198
11951,7199
11951,7200
11951,7201
11951,7202
11951,7203
11951,7204
11951,7205
11951,7206
11951,7207
11951,7208
11951,7209
11951,7210
11951,7211
11951,7212
11951,7213
11951,7214
11951,7215
11951,7216
11951,7217
11951,7218
11951,7219
11951,7220
11951,7221
11951,7222
11951,7223
11951,7224
11951,7225
11951,7226
11951,7227
11951,7228
11951,7229
11951,7230
11951,7231
11951,7232
11951,7233
11951,7234
11951,7235
11951,7236
11951,7237
11951,7238
11951,7239
11951,7240
11951,7241
11951,7242
11951,7243
11951,7244
11951,7245
11951,7246
11951,7247
11951,7248
11951,7249
11951,7250
11951,7251
11951,7252
11951,7253
11951,7254
11951,7255
11951,7256
11951,7257
11951,7258
11951,7259
11951,7260
11951,7261
11951,7262
11951,7263
11951,7264
11951,7265
11951,7266
11951,7267
11951,7268
11951,7269
11951,7270
11951,7271
11951,7272
11951,7273
11951,7274
11951,7275
11951,7276
11951,7277
11951,7278
11951,7279
11951,7280
11951,7281
11951,7282
11951,7283
11951,7284
11952,7143
11952,7144
11952,7145
11952,7146
11952,7147
11952,7148
11952,7149
11952,7150
11952,7151
11952,7152
11952,7153
11952,7154
11952,7155
11952,7156
11952,7157
11952,7158
11952,7159
11952,7160
11952,7161
11952,7162
11952,7163
11952,7164
11952,7165
11952,7166
11952,7167
11952,7168
11952,7169
11952,7170
11952,7171
11952,7172
11952,7173
11952,7174
11952,7175
11952,7176
11952,7177
11952,7178
11952,7179
11952,7180
11952,7181
11952,7182
11952,7183
11952,7184
11952,7185
11952,7186
11952,7187
11952,7188
11952,7189
11952,7190
11952,7191
11952,7192
11952,7193
11952,7194
11952,7195
11952,7196
11952,7197
11952,7198
11952,7199
11952,7200
11952,7201
11952,7202
11952,7203
11952,7204
11952,7205
11952,7206
11952,7207
11952,7208
11952,7209
11952,7210
11952,7211
11952,7212
11952,7213
11952,7214
11952,7215
11952,7216
11952,7217
11952,7218
11952,7219
11952,7220
11952,7221
11952,7222
11952,7223
11952,7224
11952,7225
11952,7226
11952,7227
11952,7228
11952,7229
11952,7230
11952,7231
11952,7232
11952,7233
11952,7234
11952,7235
11952,7236
11952,7237
11952,7238
11952,7239
11952,7240
11952,7241
11952,7242
11952,7243
11952,7244
11952,7245
11952,7246
11952,7247
11952,7248
11952,7249
11952,7250
11952,7251
11952,7252
11952,7253
11952,7254
11952,7255
11952,7256
11952,7257
11952,7258
11952,7259
11952,7260
11952,7261
11952,7262
11952,7263
11952,7264
11952,7265
11952,7266
11952,7267
11952,7268
11952,7269
11952,7270
11952,7271
11952,7272
11952,7273
11952,7274
11952,7275
11952,7276
11952,7277
11952,7278
11952,7279
11952,7280
11952,7281
11952,7282
11952,7283
11952,7284
11952,7285
11953,7143
11953,7144
11953,7145
11953,7146
11953,7147
11953,7148
11953,7149
11953,7150
11953,7151
11953,7152
11953,7153
11953,7154
11953,7155
11953,7156
11953,7157
11953,7158
11953,7159
11953,7160
11953,7161
11953,7162
11953,7163
11953,7164
11953,7165
11953,7166
11953,7167
11953,7168
11953,7169
11953,7170
11953,7171
11953,7172
11953,7173
11953,7174
11953,7175
11953,7176
11953,7177
11953,7178
11953,7179
11953,7180
11953,7181
11953,7182
11953,7183
11953,7184
11953,7185
11953,7186
11953,7187
11953,7188
11953,7189
11953,7190
11953,7191
11953,7192
11953,7193
11953,7194
11953,7195
11953,7196
11953,7197
11953,7198
11953,7199
11953,7200
11953,7201
11953,7202
11953,7203
11953,7204
11953,7205
11953,7206
11953,7207
11953,7208
11953,7209
11953,7210
11953,7211
11953,7212
11953,7213
11953,7214
11953,7215
11953,7216
11953,7217
11953,7218
11953,7219
11953,7220
11953,7221
11953,7222
11953,7223
11953,7224
11953,7225
11953,7226
11953,7227
11953,7228
11953,7229
11953,7230
11953,7231
11953,7232
11953,7233
11953,7234
11953,7235
11953,7236
11953,7237
11953,7238
11953,7239
11953,7240
11953,7241
11953,7242
11953,7243
11953,7244
11953,7245
11953,7246
11953,7247
11953,7248
11953,7249
11953,7250
11953,7251
11953,7252
11953,7253
11953,7254
11953,7255
11953,7256
11953,7257
11953,7258
11953,7259
11953,7260
11953,7261
11953,7262
11953,7263
11953,7264
11953,7265
11953,7266
11953,7267
11953,7268
11953,7269
11953,7270
11953,7271
11953,7272
11953,7273
11953,7274
11953,7275
11953,7276
11953,7277
11953,7278
11953,7279
11953,7280
11953,7281
11953,7282
11953,7283
11953,7284
11953,7285
11953,7286
11954,7143
11954,7144
11954,7145
11954,7146
11954,7147
11954,7148
11954,7149
11954,7150
11954,7151
11954,7152
11954,7153
11954,7154
11954,7155
11954,7156
11954,7157
11954,7158
11954,7159
11954,7160
11954,7161
11954,7162
11954,7163
11954,7164
11954,7165
11954,7166
11954,7167
11954,7168
11954,7169
11954,7170
11954,7171
11954,7172
11954,7173
11954,7174
11954,7175
11954,7176
11954,7177
11954,7178
11954,7179
11954,7180
11954,7181
11954,7182
11954,7183
11954,7184
11954,7185
11954,7186
11954,7187
11954,7188
11954,7189
11954,7190
11954,7191
11954,7192
11954,7193
11954,7194
11954,7195
11954,7196
11954,7197
11954,7198
11954,7199
11954,7200
11954,7201
11954,7202
11954,7203
11954,7204
11954,7205
11954,7206
11954,7207
11954,7208
11954,7209
11954,7210
11954,7211
11954,7212
11954,7213
11954,7214
11954,7215
11954,7216
11954,7217
11954,7218
11954,7219
11954,7220
11954,7221
11954,7222
11954,7223
11954,7224
11954,7225
11954,7226
11954,7227
11954,7228
11954,7229
11954,7230
11954,7231
11954,7232
11954,7233
11954,7234
11954,7235
11954,7236
11954,7237
11954,7238
11954,7239
11954,7240
11954,7241
11954,7242
11954,7243
11954,7244
11954,7245
11954,7246
11954,7247
11954,7248
11954,7249
11954,7250
11954,7251
11954,7252
11954,7253
11954,7254
11954,7255
11954,7256
11954,7257
11954,7258
11954,7259
11954,7260
11954,7261
11954,7262
11954,7263
11954,7264
11954,7265
11954,7266
11954,7267
11954,7268
11954,7269
11954,7270
11954,7271
11954,7272
11954,7273
11954,7274
11954,7275
11954,7276
11954,7277
11954,7278
11954,7279
11954,7280
11954,7281
11954,7282
11954,7283
11954,7284
11954,7285
11954,7286
11954,7287
11955,7142
11955,7143
11955,7144
11955,7145
11955,7146
11955,7147
11955,7148
11955,7149
11955,7150
11955,7151
11955,7152
11955,7153
11955,7154
11955,7155
11955,7156
11955,7157
11955,7158
11955,7159
11955,7160
11955,7161
11955,7162
11955,7163
11955,7164
11955,7165
11955,7166
11955,7167
11955,7168
11955,7169
11955,7170
11955,7171
11955,7172
11955,7173
11955,7174
11955,7175
11955,7176
11955,7177
11955,7178
11955,7179
11955,7180
11955,7181
11955,7182
11955,7183
11955,7184
11955,7185
11955,7186
11955,7187
11955,7188
11955,7189
11955,7190
11955,7191
11955,7192
11955,7193
11955,7194
11955,7195
11955,7196
11955,7197
11955,7198
11955,7199
11955,7200
11955,7201
11955,7202
11955,7203
11955,7204
11955,7205
11955,7206
11955,7207
11955,7208
11955,7209
11955,7210
11955,7211
11955,7212
11955,7213
11955,7214
11955,7215
11955,7216
11955,7217
11955,7218
11955,7219
11955,7220
11955,7221
11955,7222
11955,7223
11955,7224
11955,7225
11955,7226
11955,7227
11955,7228
11955,7229
11955,7230
11955,7231
11955,7232
11955,7233
11955,7234
11955,7235
11955,7236
11955,7237
11955,7238
11955,7239
11955,7240
11955,7241
11955,7242
11955,7243
11955,7244
11955,7245
11955,7246
11955,7247
11955,7248
11955,7249
11955,7250
11955,7251
11955,7252
11955,7253
11955,7254
11955,7255
11955,7256
11955,7257
11955,7258
11955,7259
11955,7260
11955,7261
11955,7262
11955,7263
11955,7264
11955,7265
11955,7266
11955,7267
11955,7268
11955,7269
11955,7270
11955,7271
11955,7272
11955,7273
11955,7274
11955,7275
11955,7276
11955,7277
11955,7278
11955,7279
11955,7280
11955,7281
11955,7282
11955,7283
11955,7284
11955,7285
11955,7286
11955,7287
11955,7288
11956,7142
11956,7143
11956,7144
11956,7145
11956,7146
11956,7147
11956,7148
11956,7149
11956,7150
11956,7151
11956,7152
11956,7153
11956,7154
11956,7155
11956,7156
11956,7157
11956,7158
11956,7159
11956,7160
11956,7161
11956,7162
11956,7163
11956,7164
11956,7165
11956,7166
11956,7167
11956,7168
11956,7169
11956,7170
11956,7171
11956,7172
11956,7173
11956,7174
11956,7175
11956,7176
11956,7177
11956,7178
11956,7179
11956,7180
11956,7181
11956,7182
11956,7183
11956,7184
11956,7185
11956,7186
11956,7187
11956,7188
11956,7189
11956,7190
11956,7191
11956,7192
11956,7193
11956,7194
11956,7195
11956,7196
11956,7197
11956,7198
11956,7199
11956,7200
11956,7201
11956,7202
11956,7203
11956,7204
11956,7205
11956,7206
11956,7207
11956,7208
11956,7209
11956,7210
11956,7211
11956,7212
11956,7213
11956,7214
11956,7215
11956,7216
11956,7217
11956,7218
11956,7219
11956,7220
11956,7221
11956,7222
11956,7223
11956,7224
11956,7225
11956,7226
11956,7227
11956,7228
11956,7229
11956,7230
11956,7231
11956,7232
11956,7233
11956,7234
11956,7235
11956,7236
11956,7237
11956,7238
11956,7239
11956,7240
11956,7241
11956,7242
11956,7243
11956,7244
11956,7245
11956,7246
11956,7247
11956,7248
11956,7249
11956,7250
11956,7251
11956,7252
11956,7253
11956,7254
11956,7255
11956,7256
11956,7257
11956,7258
11956,7259
11956,7260
11956,7261
11956,7262
11956,7263
11956,7264
11956,7265
11956,7266
11956,7267
11956,7268
11956,7269
11956,7270
11956,7271
11956,7272
11956,7273
11956,7274
11956,7275
11956,7276
11956,7277
11956,7278
11956,7279
11956,7280
11956,7281
11956,7282
11956,7283
11956,7284
11956,7285
11956,7286
11956,7287
11956,7288
11956,7289
11957,7141
11957,7142
11957,7143
11957,7144
11957,7145
11957,7146
11957,7147
11957,7148
11957,7149
11957,7150
11957,7151
11957,7152
11957,7153
11957,7154
11957,7155
11957,7156
11957,7157
11957,7158
11957,7159
11957,7160
11957,7161
11957,7162
11957,7163
11957,7164
11957,7165
11957,7166
11957,7167
11957,7168
11957,7169
11957,7170
11957,7171
11957,7172
11957,7173
11957,7174
11957,7175
11957,7176
11957,7177
11957,7178
11957,7179
11957,7180
11957,7181
11957,7182
11957,7183
11957,7184
11957,7185
11957,7186
11957,7187
11957,7188
11957,7189
11957,7190
11957,7191
11957,7192
11957,7193
11957,7194
11957,7195
11957,7196
11957,7197
11957,7198
11957,7199
11957,7200
11957,7201
11957,7202
11957,7203
11957,7204
11957,7205
11957,7206
11957,7207
11957,7208
11957,7209
11957,7210
11957,7211
11957,7212
11957,7213
11957,7214
11957,7215
11957,7216
11957,7217
11957,7218
11957,7219
11957,7220
11957,7221
11957,7222
11957,7223
11957,7224
11957,7225
11957,7226
11957,7227
11957,7228
11957,7229
11957,7230
11957,7231
11957,7232
11957,7233
11957,7234
11957,7235
11957,7236
11957,7237
11957,7238
11957,7239
11957,7240
11957,7241
11957,7242
11957,7243
11957,7244
11957,7245
11957,7246
11957,7247
11957,7248
11957,7249
11957,7250
11957,7251
11957,7252
11957,7253
11957,7254
11957,7255
11957,7256
11957,7257
11957,7258
11957,7259
11957,7260
11957,7261
11957,7262
11957,7263
11957,7264
11957,7265
11957,7266
11957,7267
11957,7268
11957,7269
11957,7270
11957,7271
11957,7272
11957,7273
11957,7274
11957,7275
11957,7276
11957,7277
11957,7278
11957,7279
11957,7280
11957,7281
11957,7282
11957,7283
11957,7284
11957,7285
11957,7286
11957,7287
11957,7288
11957,7289
11957,7290
11958,7140
11958,7141
11958,7142
11958,7143
11958,7144
11958,7145
11958,7146
11958,7147
11958,7148
11958,7149
11958,7150
11958,7151
11958,7152
11958,7153
11958,7154
11958,7155
11958,7156
11958,7157
11958,7158
11958,7159
11958,7160
11958,7161
11958,7162
11958,7163
11958,7164
11958,7165
11958,7166
11958,7167
11958,7168
11958,7169
11958,7170
11958,7171
11958,7172
11958,7173
11958,7174
11958,7175
11958,7176
11958,7177
11958,7178
11958,7179
11958,7180
11958,7181
11958,7182
11958,7183
11958,7184
11958,7185
11958,7186
11958,7187
11958,7188
11958,7189
11958,7190
11958,7191
11958,7192
11958,7193
11958,7194
11958,7195
11958,7196
11958,7197
11958,7198
11958,7199
11958,7200
11958,7201
11958,7202
11958,7203
11958,7204
11958,7205
11958,7206
11958,7207
11958,7208
11958,7209
11958,7210
11958,7211
11958,7212
11958,7213
11958,7214
11958,7215
11958,7216
11958,7217
11958,7218
11958,7219
11958,7220
11958,7221
11958,7222
11958,7223
11958,7224
11958,7225
11958,7226
11958,7227
11958,7228
11958,7229
11958,7230
11958,7231
11958,7232
11958,7233
11958,7234
11958,7235
11958,7236
11958,7237
11958,7238
11958,7239
11958,7240
11958,7241
11958,7242
11958,7243
11958,7244
11958,7245
11958,7246
11958,7247
11958,7248
11958,7249
11958,7250
11958,7251
11958,7252
11958,7253
11958,7254
11958,7255
11958,7256
11958,7257
11958,7258
11958,7259
11958,7260
11958,7261
11958,7262
11958,7263
11958,7264
11958,7265
11958,7266
11958,7267
11958,7268
11958,7269
11958,7270
11958,7271
11958,7272
11958,7273
11958,7274
11958,7275
11958,7276
11958,7277
11958,7278
11958,7279
11958,7280
11958,7281
11958,7282
11958,7283
11958,7284
11958,7285
11958,7286
11958,7287
11958,7288
11958,7289
11958,7290
11958,7291
11959,7127
11959,7137
11959,7139
11959,7140
11959,7141
11959,7142
11959,7143
11959,7144
11959,7145
11959,7146
11959,7147
11959,7148
11959,7149
11959,7150
11959,7151
11959,7152
11959,7153
11959,7154
11959,7155
11959,7156
11959,7157
11959,7158
11959,7159
11959,7160
11959,7161
11959,7162
11959,7163
11959,7164
11959,7165
11959,7166
11959,7167
11959,7168
11959,7169
11959,7170
11959,7171
11959,7172
11959,7173
11959,7174
11959,7175
11959,7176
11959,7177
11959,7178
11959,7179
11959,7180
11959,7181
11959,7182
11959,7183
11959,7184
11959,7185
11959,7186
11959,7187
11959,7188
11959,7189
11959,7190
11959,7191
11959,7192
11959,7193
11959,7194
11959,7195
11959,7196
11959,7197
11959,7198
11959,7199
11959,7200
11959,7201
11959,7202
11959,7203
11959,7204
11959,7205
11959,7206
11959,7207
11959,7208
11959,7209
11959,7210
11959,7211
11959,7212
11959,7213
11959,7214
11959,7215
11959,7216
11959,7217
11959,7218
11959,7219
11959,7220
11959,7221
11959,7222
11959,7223
11959,7224
11959,7225
11959,7226
11959,7227
11959,7228
11959,7229
11959,7230
11959,7231
11959,7232
11959,7233
11959,7234
11959,7235
11959,7236
11959,7237
11959,7238
11959,7239
11959,7240
11959,7241
11959,7242
11959,7243
11959,7244
11959,7245
11959,7246
11959,7247
11959,7248
11959,7249
11959,7250
11959,7251
11959,7252
11959,7253
11959,7254
11959,7255
11959,7256
11959,7257
11959,7258
11959,7259
11959,7260
11959,7261
11959,7262
11959,7263
11959,7264
11959,7265
11959,7266
11959,7267
11959,7268
11959,7269
11959,7270
11959,7271
11959,7272
11959,7273
11959,7274
11959,7275
11959,7276
11959,7277
11959,7278
11959,7279
11959,7280
11959,7281
11959,7282
11959,7283
11959,7284
11959,7285
11959,7286
11959,7287
11959,7288
11959,7289
11959,7290
11959,7291
11959,7292
11960,7124
11960,7125
11960,7126
11960,7127
11960,7128
11960,7129
11960,7130
11960,7134
11960,7135
11960,7136
11960,7137
11960,7138
11960,7139
11960,7140
11960,7141
11960,7142
11960,7143
11960,7144
11960,7145
11960,7146
11960,7147
11960,7148
11960,7149
11960,7150
11960,7151
11960,7152
11960,7153
11960,7154
11960,7155
11960,7156
11960,7157
11960,7158
11960,7159
11960,7160
11960,7161
11960,7162
11960,7163
11960,7164
11960,7165
11960,7166
11960,7167
11960,7168
11960,7169
11960,7170
11960,7171
11960,7172
11960,7173
11960,7174
11960,7175
11960,7176
11960,7177
11960,7178
11960,7179
11960,7180
11960,7181
11960,7182
11960,7183
11960,7184
11960,7185
11960,7186
11960,7187
11960,7188
11960,7189
11960,7190
11960,7191
11960,7192
11960,7193
11960,7194
11960,7195
11960,7196
11960,7197
11960,7198
11960,7199
11960,7200
11960,7201
11960,7202
11960,7203
11960,7204
11960,7205
11960,7206
11960,7207
11960,7208
11960,7209
11960,7210
11960,7211
11960,7212
11960,7213
11960,7214
11960,7215
11960,7216
11960,7217
11960,7218
11960,7219
11960,7220
11960,7221
11960,7222
11960,7223
11960,7224
11960,7225
11960,7226
11960,7227
11960,7228
11960,7229
11960,7230
11960,7231
11960,7232
11960,7233
11960,7234
11960,7235
11960,7236
11960,7237
11960,7238
11960,7239
11960,7240
11960,7241
11960,7242
11960,7243
11960,7244
11960,7245
11960,7246
11960,7247
11960,7248
11960,7249
11960,7250
11960,7251
11960,7252
11960,7253
11960,7254
11960,7255
11960,7256
11960,7257
11960,7258
11960,7259
11960,7260
11960,7261
11960,7262
11960,7263
11960,7264
11960,7265
11960,7266
11960,7267
11960,7268
11960,7269
11960,7270
11960,7271
11960,7272
11960,7273
11960,7274
11960,7275
11960,7276
11960,7277
11960,7278
11960,7279
11960,7280
11960,7281
11960,7282
11960,7283
11960,7284
11960,7285
11960,7286
11960,7287
11960,7288
11960,7289
11960,7290
11960,7291
11960,7292
11960,7293
11961,7123
11961,7124
11961,7125
11961,7126
11961,7127
11961,7128
11961,7129
11961,7130
11961,7131
11961,7133
11961,7134
11961,7135
11961,7136
11961,7137
11961,7138
11961,7139
11961,7140
11961,7141
11961,7142
11961,7143
11961,7144
11961,7145
11961,7146
11961,7147
11961,7148
11961,7149
11961,7150
11961,7151
11961,7152
11961,7153
11961,7154
11961,7155
11961,7156
11961,7157
11961,7158
11961,7159
11961,7160
11961,7161
11961,7162
11961,7163
11961,7164
11961,7165
11961,7166
11961,7167
11961,7168
11961,7169
11961,7170
11961,7171
11961,7172
11961,7173
11961,7174
11961,7175
11961,7176
11961,7177
11961,7178
11961,7179
11961,7180
11961,7181
11961,7182
11961,7183
11961,7184
11961,7185
11961,7186
11961,7187
11961,7188
11961,7189
11961,7190
11961,7191
11961,7192
11961,7193
11961,7194
11961,7195
11961,7196
11961,7197
11961,7198
11961,7199
11961,7200
11961,7201
11961,7202
11961,7203
11961,7204
11961,7205
11961,7206
11961,7207
11961,7208
11961,7209
11961,7210
11961,7211
11961,7212
11961,7213
11961,7214
11961,7215
11961,7216
11961,7217
11961,7218
11961,7219
11961,7220
11961,7221
11961,7222
11961,7223
11961,7224
11961,7225
11961,7226
11961,7227
11961,7228
11961,7229
11961,7230
11961,7231
11961,7232
11961,7233
11961,7234
11961,7235
11961,7236
11961,7237
11961,7238
11961,7239
11961,7240
11961,7241
11961,7242
11961,7243
11961,7244
11961,7245
11961,7246
11961,7247
11961,7248
11961,7249
11961,7250
11961,7251
11961,7252
11961,7253
11961,7254
11961,7255
11961,7256
11961,7257
11961,7258
11961,7259
11961,7260
11961,7261
11961,7262
11961,7263
11961,7264
11961,7265
11961,7266
11961,7267
11961,7268
11961,7269
11961,7270
11961,7271
11961,7272
11961,7273
11961,7274
11961,7275
11961,7276
11961,7277
11961,7278
11961,7279
11961,7280
11961,7281
11961,7282
11961,7283
11961,7284
11961,7285
11961,7286
11961,7287
11961,7288
11961,7289
11961,7290
11961,7291
11961,7292
11961,7293
11961,7294
11962,7122
11962,7123
11962,7124
11962,7125
11962,7126
11962,7127
11962,7128
11962,7129
11962,7130
11962,7131
11962,7132
11962,7133
11962,7134
11962,7135
11962,7136
11962,7137
11962,7138
11962,7139
11962,7140
11962,7141
11962,7142
11962,7143
11962,7144
11962,7145
11962,7146
11962,7147
11962,7148
11962,7149
11962,7150
11962,7151
11962,7152
11962,7153
11962,7154
11962,7155
11962,7156
11962,7157
11962,7158
11962,7159
11962,7160
11962,7161
11962,7162
11962,7163
11962,7164
11962,7165
11962,7166
11962,7167
11962,7168
11962,7169
11962,7170
11962,7171
11962,7172
11962,7173
11962,7174
11962,7175
11962,7176
11962,7177
11962,7178
11962,7179
11962,7180
11962,7181
11962,7182
11962,7183
11962,7184
11962,7185
11962,7186
11962,7187
11962,7188
11962,7189
11962,7190
11962,7191
11962,7192
11962,7193
11962,7194
11962,7195
11962,7196
11962,7197
11962,7198
11962,7199
11962,7200
11962,7201
11962,7202
11962,7203
11962,7204
11962,7205
11962,7206
11962,7207
11962,7208
11962,7209
11962,7210
11962,7211
11962,7212
11962,7213
11962,7214
11962,7215
11962,7216
11962,7217
11962,7218
11962,7219
11962,7220
11962,7221
11962,7222
11962,7223
11962,7224
11962,7225
11962,7226
11962,7227
11962,7228
11962,7229
11962,7230
11962,7231
11962,7232
11962,7233
11962,7234
11962,7235
11962,7236
11962,7237
11962,7238
11962,7239
11962,7240
11962,7241
11962,7242
11962,7243
11962,7244
11962,7245
11962,7246
11962,7247
11962,7248
11962,7249
11962,7250
11962,7251
11962,7252
11962,7253
11962,7254
11962,7255
11962,7256
11962,7257
11962,7258
11962,7259
11962,7260
11962,7261
11962,7262
11962,7263
11962,7264
11962,7265
11962,7266
11962,7267
11962,7268
11962,7269
11962,7270
11962,7271
11962,7272
11962,7273
11962,7274
11962,7275
11962,7276
11962,7277
11962,7278
11962,7279
11962,7280
11962,7281
11962,7282
11962,7283
11962,7284
11962,7285
11962,7286
11962,7287
11962,7288
11962,7289
11962,7290
11962,7291
11962,7292
11962,7293
11962,7294
11962,7295
11963,7122
11963,7123
11963,7124
11963,7125
11963,7126
11963,7127
11963,7128
11963,7129
11963,7130
11963,7131
11963,7132
11963,7133
11963,7134
11963,7135
11963,7136
11963,7137
11963,7138
11963,7139
11963,7140
11963,7141
11963,7142
11963,7143
11963,7144
11963,7145
11963,7146
11963,7147
11963,7148
11963,7149
11963,7150
11963,7151
11963,7152
11963,7153
11963,7154
11963,7155
11963,7156
11963,7157
11963,7158
11963,7159
11963,7160
11963,7161
11963,7162
11963,7163
11963,7164
11963,7165
11963,7166
11963,7167
11963,7168
11963,7169
11963,7170
11963,7171
11963,7172
11963,7173
11963,7174
11963,7175
11963,7176
11963,7177
11963,7178
11963,7179
11963,7180
11963,7181
11963,7182
11963,7183
11963,7184
11963,7185
11963,7186
11963,7187
11963,7188
11963,7189
11963,7190
11963,7191
11963,7192
11963,7193
11963,7194
11963,7195
11963,7196
11963,7197
11963,7198
11963,7199
11963,7200
11963,7201
11963,7202
11963,7203
11963,7204
11963,7205
11963,7206
11963,7207
11963,7208
11963,7209
11963,7210
11963,7211
11963,7212
11963,7213
11963,7214
11963,7215
11963,7216
11963,7217
11963,7218
11963,7219
11963,7220
11963,7221
11963,7222
11963,7223
11963,7224
11963,7225
11963,7226
11963,7227
11963,7228
11963,7229
11963,7230
11963,7231
11963,7232
11963,7233
11963,7234
11963,7235
11963,7236
11963,7237
11963,7238
11963,7239
11963,7240
11963,7241
11963,7242
11963,7243
11963,7244
11963,7245
11963,7246
11963,7247
11963,7248
11963,7249
11963,7250
11963,7251
11963,7252
11963,7253
11963,7254
11963,7255
11963,7256
11963,7257
11963,7258
11963,7259
11963,7260
11963,7261
11963,7262
11963,7263
11963,7264
11963,7265
11963,7266
11963,7267
11963,7268
11963,7269
11963,7270
11963,7271
11963,7272
11963,7273
11963,7274
11963,7275
11963,7276
11963,7277
11963,7278
11963,7279
11963,7280
11963,7281
11963,7282
11963,7283
11963,7284
11963,7285
11963,7286
11963,7287
11963,7288
11963,7289
11963,7290
11963,7291
11963,7292
11963,7293
11963,7294
11963,7295
11963,7296
11964,7122
11964,7123
11964,7124
11964,7125
11964,7126
11964,7127
11964,7128
11964,7129
11964,7130
11964,7131
11964,7132
11964,7133
11964,7134
11964,7135
11964,7136
11964,7137
11964,7138
11964,7139
11964,7140
11964,7141
11964,7142
11964,7143
11964,7144
11964,7145
11964,7146
11964,7147
11964,7148
11964,7149
11964,7150
11964,7151
11964,7152
11964,7153
11964,7154
11964,7155
11964,7156
11964,7157
11964,7158
11964,7159
11964,7160
11964,7161
11964,7162
11964,7163
11964,7164
11964,7165
11964,7166
11964,7167
11964,7168
11964,7169
11964,7170
11964,7171
11964,7172
11964,7173
11964,7174
11964,7175
11964,7176
11964,7177
11964,7178
11964,7179
11964,7180
11964,7181
11964,7182
11964,7183
11964,7184
11964,7185
11964,7186
11964,7187
11964,7188
11964,7189
11964,7190
11964,7191
11964,7192
11964,7193
11964,7194
11964,7195
11964,7196
11964,7197
11964,7198
11964,7199
11964,7200
11964,7201
11964,7202
11964,7203
11964,7204
11964,7205
11964,7206
11964,7207
11964,7208
11964,7209
11964,7210
11964,7211
11964,7212
11964,7213
11964,7214
11964,7215
11964,7216
11964,7217
11964,7218
11964,7219
11964,7220
11964,7221
11964,7222
11964,7223
11964,7224
11964,7225
11964,7226
11964,7227
11964,7228
11964,7229
11964,7230
11964,7231
11964,7232
11964,7233
11964,7234
11964,7235
11964,7236
11964,7237
11964,7238
11964,7239
11964,7240
11964,7241
11964,7242
11964,7243
11964,7244
11964,7245
11964,7246
11964,7247
11964,7248
11964,7249
11964,7250
11964,7251
11964,7252
11964,7253
11964,7254
11964,7255
11964,7256
11964,7257
11964,7258
11964,7259
11964,7260
11964,7261
11964,7262
11964,7263
11964,7264
11964,7265
11964,7266
11964,7267
11964,7268
11964,7269
11964,7270
11964,7271
11964,7272
11964,7273
11964,7274
11964,7275
11964,7276
11964,7277
11964,7278
11964,7279
11964,7280
11964,7281
11964,7282
11964,7283
11964,7284
11964,7285
11964,7286
11964,7287
11964,7288
11964,7289
11964,7290
11964,7291
11964,7292
11964,7293
11964,7294
11964,7295
11964,7296
11964,7297
11965,7121
11965,7122
11965,7123
11965,7124
11965,7125
11965,7126
11965,7127
11965,7128
11965,7129
11965,7130
11965,7131
11965,7132
11965,7133
11965,7134
11965,7135
11965,7136
11965,7137
11965,7138
11965,7139
11965,7140
11965,7141
11965,7142
11965,7143
11965,7144
11965,7145
11965,7146
11965,7147
11965,7148
11965,7149
11965,7150
11965,7151
11965,7152
11965,7153
11965,7154
11965,7155
11965,7156
11965,7157
11965,7158
11965,7159
11965,7160
11965,7161
11965,7162
11965,7163
11965,7164
11965,7165
11965,7166
11965,7167
11965,7168
11965,7169
11965,7170
11965,7171
11965,7172
11965,7173
11965,7174
11965,7175
11965,7176
11965,7177
11965,7178
11965,7179
11965,7180
11965,7181
11965,7182
11965,7183
11965,7184
11965,7185
11965,7186
11965,7187
11965,7188
11965,7189
11965,7190
11965,7191
11965,7192
11965,7193
11965,7194
11965,7195
11965,7196
11965,7197
11965,7198
11965,7199
11965,7200
11965,7201
11965,7202
11965,7203
11965,7204
11965,7205
11965,7206
11965,7207
11965,7208
11965,7209
11965,7210
11965,7211
11965,7212
11965,7213
11965,7214
11965,7215
11965,7216
11965,7217
11965,7218
11965,7219
11965,7220
11965,7221
11965,7222
11965,7223
11965,7224
11965,7225
11965,7226
11965,7227
11965,7228
11965,7229
11965,7230
11965,7231
11965,7232
11965,7233
11965,7234
11965,7235
11965,7236
11965,7237
11965,7238
11965,7239
11965,7240
11965,7241
11965,7242
11965,7243
11965,7244
11965,7245
11965,7246
11965,7247
11965,7248
11965,7249
11965,7250
11965,7251
11965,7252
11965,7253
11965,7254
11965,7255
11965,7256
11965,7257
11965,7258
11965,7259
11965,7260
11965,7261
11965,7262
11965,7263
11965,7264
11965,7265
11965,7266
11965,7267
11965,7268
11965,7269
11965,7270
11965,7271
11965,7272
11965,7273
11965,7274
11965,7275
11965,7276
11965,7277
11965,7278
11965,7279
11965,7280
11965,7281
11965,7282
11965,7283
11965,7284
11965,7285
11965,7286
11965,7287
11965,7288
11965,7289
11965,7290
11965,7291
11965,7292
11965,7293
11965,7294
11965,7295
11965,7296
11965,7297
11965,7298
11966,7122
11966,7123
11966,7124
11966,7125
11966,7126
11966,7127
11966,7128
11966,7129
11966,7130
11966,7131
11966,7132
11966,7133
11966,7134
11966,7135
11966,7136
11966,7137
11966,7138
11966,7139
11966,7140
11966,7141
11966,7142
11966,7143
11966,7144
11966,7145
11966,7146
11966,7147
11966,7148
11966,7149
11966,7150
11966,7151
11966,7152
11966,7153
11966,7154
11966,7155
11966,7156
11966,7157
11966,7158
11966,7159
11966,7160
11966,7161
11966,7162
11966,7163
11966,7164
11966,7165
11966,7166
11966,7167
11966,7168
11966,7169
11966,7170
11966,7171
11966,7172
11966,7173
11966,7174
11966,7175
11966,7176
11966,7177
11966,7178
11966,7179
11966,7180
11966,7181
11966,7182
11966,7183
11966,7184
11966,7185
11966,7186
11966,7187
11966,7188
11966,7189
11966,7190
11966,7191
11966,7192
11966,7193
11966,7194
11966,7195
11966,7196
11966,7197
11966,7198
11966,7199
11966,7200
11966,7201
11966,7202
11966,7203
11966,7204
11966,7205
11966,7206
11966,7207
11966,7208
11966,7209
11966,7210
11966,7211
11966,7212
11966,7213
11966,7214
11966,7215
11966,7216
11966,7217
11966,7218
11966,7219
11966,7220
11966,7221
11966,7222
11966,7223
11966,7224
11966,7225
11966,7226
11966,7227
11966,7228
11966,7229
11966,7230
11966,7231
11966,7232
11966,7233
11966,7234
11966,7235
11966,7236
11966,7237
11966,7238
11966,7239
11966,7240
11966,7241
11966,7242
11966,7243
11966,7244
11966,7245
11966,7246
11966,7247
11966,7248
11966,7249
11966,7250
11966,7251
11966,7252
11966,7253
11966,7254
11966,7255
11966,7256
11966,7257
11966,7258
11966,7259
11966,7260
11966,7261
11966,7262
11966,7263
11966,7264
11966,7265
11966,7266
11966,7267
11966,7268
11966,7269
11966,7270
11966,7271
11966,7272
11966,7273
11966,7274
11966,7275
11966,7276
11966,7277
11966,7278
11966,7279
11966,7280
11966,7281
11966,7282
11966,7283
11966,7284
11966,7285
11966,7286
11966,7287
11966,7288
11966,7289
11966,7290
11966,7291
11966,7292
11966,7293
11966,7294
11966,7295
11966,7296
11966,7297
11966,7298
11966,7299
11967,7122
11967,7123
11967,7124
11967,7125
11967,7126
11967,7127
11967,7128
11967,7129
11967,7130
11967,7131
11967,7132
11967,7133
11967,7134
11967,7135
11967,7136
11967,7137
11967,7138
11967,7139
11967,7140
11967,7141
11967,7142
11967,7143
11967,7144
11967,7145
11967,7146
11967,7147
11967,7148
11967,7149
11967,7150
11967,7151
11967,7152
11967,7153
11967,7154
11967,7155
11967,7156
11967,7157
11967,7158
11967,7159
11967,7160
11967,7161
11967,7162
11967,7163
11967,7164
11967,7165
11967,7166
11967,7167
11967,7168
11967,7169
11967,7170
11967,7171
11967,7172
11967,7173
11967,7174
11967,7175
11967,7176
11967,7177
11967,7178
11967,7179
11967,7180
11967,7181
11967,7182
11967,7183
11967,7184
11967,7185
11967,7186
11967,7187
11967,7188
11967,7189
11967,7190
11967,7191
11967,7192
11967,7193
11967,7194
11967,7195
11967,7196
11967,7197
11967,7198
11967,7199
11967,7200
11967,7201
11967,7202
11967,7203
11967,7204
11967,7205
11967,7206
11967,7207
11967,7208
11967,7209
11967,7210
11967,7211
11967,7212
11967,7213
11967,7214
11967,7215
11967,7216
11967,7217
11967,7218
11967,7219
11967,7220
11967,7221
11967,7222
11967,7223
11967,7224
11967,7225
11967,7226
11967,7227
11967,7228
11967,7229
11967,7230
11967,7231
11967,7232
11967,7233
11967,7234
11967,7235
11967,7236
11967,7237
11967,7238
11967,7239
11967,7240
11967,7241
11967,7242
11967,7243
11967,7244
11967,7245
11967,7246
11967,7247
11967,7248
11967,7249
11967,7250
11967,7251
11967,7252
11967,7253
11967,7254
11967,7255
11967,7256
11967,7257
11967,7258
11967,7259
11967,7260
11967,7261
11967,7262
11967,7263
11967,7264
11967,7265
11967,7266
11967,7267
11967,7268
11967,7269
11967,7270
11967,7271
11967,7272
11967,7273
11967,7274
11967,7275
11967,7276
11967,7277
11967,7278
11967,7279
11967,7280
11967,7281
11967,7282
11967,7283
11967,7284
11967,7285
11967,7286
11967,7287
11967,7288
11967,7289
11967,7290
11967,7291
11967,7292
11967,7293
11967,7294
11967,7295
11967,7296
11967,7297
11967,7298
11967,7299
11967,7300
11968,7122
11968,7123
11968,7124
11968,7125
11968,7126
11968,7127
11968,7128
11968,7129
11968,7130
11968,7131
11968,7132
11968,7133
11968,7134
11968,7135
11968,7136
11968,7137
11968,7138
11968,7139
11968,7140
11968,7141
11968,7142
11968,7143
11968,7144
11968,7145
11968,7146
11968,7147
11968,7148
11968,7149
11968,7150
11968,7151
11968,7152
11968,7153
11968,7154
11968,7155
11968,7156
11968,7157
11968,7158
11968,7159
11968,7160
11968,7161
11968,7162
11968,7163
11968,7164
11968,7165
11968,7166
11968,7167
11968,7168
11968,7169
11968,7170
11968,7171
11968,7172
11968,7173
11968,7174
11968,7175
11968,7176
11968,7177
11968,7178
11968,7179
11968,7180
11968,7181
11968,7182
11968,7183
11968,7184
11968,7185
11968,7186
11968,7187
11968,7188
11968,7189
11968,7190
11968,7191
11968,7192
11968,7193
11968,7194
11968,7195
11968,7196
11968,7197
11968,7198
11968,7199
11968,7200
11968,7201
11968,7202
11968,7203
11968,7204
11968,7205
11968,7206
11968,7207
11968,7208
11968,7209
11968,7210
11968,7211
11968,7212
11968,7213
11968,7214
11968,7215
11968,7216
11968,7217
11968,7218
11968,7219
11968,7220
11968,7221
11968,7222
11968,7223
11968,7224
11968,7225
11968,7226
11968,7227
11968,7228
11968,7229
11968,7230
11968,7231
11968,7232
11968,7233
11968,7234
11968,7235
11968,7236
11968,7237
11968,7238
11968,7239
11968,7240
11968,7241
11968,7242
11968,7243
11968,7244
11968,7245
11968,7246
11968,7247
11968,7248
11968,7249
11968,7250
11968,7251
11968,7252
11968,7253
11968,7254
11968,7255
11968,7256
11968,7257
11968,7258
11968,7259
11968,7260
11968,7261
11968,7262
11968,7263
11968,7264
11968,7265
11968,7266
11968,7267
11968,7268
11968,7269
11968,7270
11968,7271
11968,7272
11968,7273
11968,7274
11968,7275
11968,7276
11968,7277
11968,7278
11968,7279
11968,7280
11968,7281
11968,7282
11968,7283
11968,7284
11968,7285
11968,7286
11968,7287
11968,7288
11968,7289
11968,7290
11968,7291
11968,7292
11968,7293
11968,7294
11968,7295
11968,7296
11968,7297
11968,7298
11968,7299
11968,7300
11968,7301
11969,7123
11969,7124
11969,7125
11969,7126
11969,7127
11969,7128
11969,7129
11969,7130
11969,7131
11969,7132
11969,7133
11969,7134
11969,7135
11969,7136
11969,7137
11969,7138
11969,7139
11969,7140
11969,7141
11969,7142
11969,7143
11969,7144
11969,7145
11969,7146
11969,7147
11969,7148
11969,7149
11969,7150
11969,7151
11969,7152
11969,7153
11969,7154
11969,7155
11969,7156
11969,7157
11969,7158
11969,7159
11969,7160
11969,7161
11969,7162
11969,7163
11969,7164
11969,7165
11969,7166
11969,7167
11969,7168
11969,7169
11969,7170
11969,7171
11969,7172
11969,7173
11969,7174
11969,7175
11969,7176
11969,7177
11969,7178
11969,7179
11969,7180
11969,7181
11969,7182
11969,7183
11969,7184
11969,7185
11969,7186
11969,7187
11969,7188
11969,7189
11969,7190
11969,7191
11969,7192
11969,7193
11969,7194
11969,7195
11969,7196
11969,7197
11969,7198
11969,7199
11969,7200
11969,7201
11969,7202
11969,7203
11969,7204
11969,7205
11969,7206
11969,7207
11969,7208
11969,7209
11969,7210
11969,7211
11969,7212
11969,7213
11969,7214
11969,7215
11969,7216
11969,7217
11969,7218
11969,7219
11969,7220
11969,7221
11969,7222
11969,7223
11969,7224
11969,7225
11969,7226
11969,7227
11969,7228
11969,7229
11969,7230
11969,7231
11969,7232
11969,7233
11969,7234
11969,7235
11969,7236
11969,7237
11969,7238
11969,7239
11969,7240
11969,7241
11969,7242
11969,7243
11969,7244
11969,7245
11969,7246
11969,7247
11969,7248
11969,7249
11969,7250
11969,7251
11969,7252
11969,7253
11969,7254
11969,7255
11969,7256
11969,7257
11969,7258
11969,7259
11969,7260
11969,7261
11969,7262
11969,7263
11969,7264
11969,7265
11969,7266
11969,7267
11969,7268
11969,7269
11969,7270
11969,7271
11969,7272
11969,7273
11969,7274
11969,7275
11969,7276
11969,7277
11969,7278
11969,7279
11969,7280
11969,7281
11969,7282
11969,7283
11969,7284
11969,7285
11969,7286
11969,7287
11969,7288
11969,7289
11969,7290
11969,7291
11969,7292
11969,7293
11969,7294
11969,7295
11969,7296
11969,7297
11969,7298
11969,7299
11969,7300
11969,7301
11969,7302
11970,7124
11970,7125
11970,7126
11970,7127
11970,7128
11970,7129
11970,7130
11970,7131
11970,7132
11970,7133
11970,7134
11970,7135
11970,7136
11970,7137
11970,7138
11970,7139
11970,7140
11970,7141
11970,7142
11970,7143
11970,7144
11970,7145
11970,7146
11970,7147
11970,7148
11970,7149
11970,7150
11970,7151
11970,7152
11970,7153
11970,7154
11970,7155
11970,7156
11970,7157
11970,7158
11970,7159
11970,7160
11970,7161
11970,7162
11970,7163
11970,7164
11970,7165
11970,7166
11970,7167
11970,7168
11970,7169
11970,7170
11970,7171
11970,7172
11970,7173
11970,7174
11970,7175
11970,7176
11970,7177
11970,7178
11970,7179
11970,7180
11970,7181
11970,7182
11970,7183
11970,7184
11970,7185
11970,7186
11970,7187
11970,7188
11970,7189
11970,7190
11970,7191
11970,7192
11970,7193
11970,7194
11970,7195
11970,7196
11970,7197
11970,7198
11970,7199
11970,7200
11970,7201
11970,7202
11970,7203
11970,7204
11970,7205
11970,7206
11970,7207
11970,7208
11970,7209
11970,7210
11970,7211
11970,7212
11970,7213
11970,7214
11970,7215
11970,7216
11970,7217
11970,7218
11970,7219
11970,7220
11970,7221
11970,7222
11970,7223
11970,7224
11970,7225
11970,7226
11970,7227
11970,7228
11970,7229
11970,7230
11970,7231
11970,7232
11970,7233
11970,7234
11970,7235
11970,7236
11970,7237
11970,7238
11970,7239
11970,7240
11970,7241
11970,7242
11970,7243
11970,7244
11970,7245
11970,7246
11970,7247
11970,7248
11970,7249
11970,7250
11970,7251
11970,7252
11970,7253
11970,7254
11970,7255
11970,7256
11970,7257
11970,7258
11970,7259
11970,7260
11970,7261
11970,7262
11970,7263
11970,7264
11970,7265
11970,7266
11970,7267
11970,7268
11970,7269
11970,7270
11970,7271
11970,7272
11970,7273
11970,7274
11970,7275
11970,7276
11970,7277
11970,7278
11970,7279
11970,7280
11970,7281
11970,7282
11970,7283
11970,7284
11970,7285
11970,7286
11970,7287
11970,7288
11970,7289
11970,7290
11970,7291
11970,7292
11970,7293
11970,7294
11970,7295
11970,7296
11970,7297
11970,7298
11970,7299
11970,7300
11970,7301
11970,7302
11970,7303
11971,7127
11971,7128
11971,7129
11971,7130
11971,7131
11971,7132
11971,7133
11971,7134
11971,7135
11971,7136
11971,7137
11971,7138
11971,7139
11971,7140
11971,7141
11971,7142
11971,7143
11971,7144
11971,7145
11971,7146
11971,7147
11971,7148
11971,7149
11971,7150
11971,7151
11971,7152
11971,7153
11971,7154
11971,7155
11971,7156
11971,7157
11971,7158
11971,7159
11971,7160
11971,7161
11971,7162
11971,7163
11971,7164
11971,7165
11971,7166
11971,7167
11971,7168
11971,7169
11971,7170
11971,7171
11971,7172
11971,7173
11971,7174
11971,7175
11971,7176
11971,7177
11971,7178
11971,7179
11971,7180
11971,7181
11971,7182
11971,7183
11971,7184
11971,7185
11971,7186
11971,7187
11971,7188
11971,7189
11971,7190
11971,7191
11971,7192
11971,7193
11971,7194
11971,7195
11971,7196
11971,7197
11971,7198
11971,7199
11971,7200
11971,7201
11971,7202
11971,7203
11971,7204
11971,7205
11971,7206
11971,7207
11971,7208
11971,7209
11971,7210
11971,7211
11971,7212
11971,7213
11971,7214
11971,7215
11971,7216
11971,7217
11971,7218
11971,7219
11971,7220
11971,7221
11971,7222
11971,7223
11971,7224
11971,7225
11971,7226
11971,7227
11971,7228
11971,7229
11971,7230
11971,7231
11971,7232
11971,7233
11971,7234
11971,7235
11971,7236
11971,7237
11971,7238
11971,7239
11971,7240
11971,7241
11971,7242
11971,7243
11971,7244
11971,7245
11971,7246
11971,7247
11971,7248
11971,7249
11971,7250
11971,7251
11971,7252
11971,7253
11971,7254
11971,7255
11971,7256
11971,7257
11971,7258
11971,7259
11971,7260
11971,7261
11971,7262
11971,7263
11971,7264
11971,7265
11971,7266
11971,7267
11971,7268
11971,7269
11971,7270
11971,7271
11971,7272
11971,7273
11971,7274
11971,7275
11971,7276
11971,7277
11971,7278
11971,7279
11971,7280
11971,7281
11971,7282
11971,7283
11971,7284
11971,7285
11971,7286
11971,7287
11971,7288
11971,7289
11971,7290
11971,7291
11971,7292
11971,7293
11971,7294
11971,7295
11971,7296
11971,7297
11971,7298
11971,7299
11971,7300
11971,7301
11971,7302
11971,7303
11971,7304
11972,7129
11972,7130
11972,7131
11972,7132
11972,7133
11972,7134
11972,7135
11972,7136
11972,7137
11972,7138
11972,7139
11972,7140
11972,7141
11972,7142
11972,7143
11972,7144
11972,7145
11972,7146
11972,7147
11972,7148
11972,7149
11972,7150
11972,7151
11972,7152
11972,7153
11972,7154
11972,7155
11972,7156
11972,7157
11972,7158
11972,7159
11972,7160
11972,7161
11972,7162
11972,7163
11972,7164
11972,7165
11972,7166
11972,7167
11972,7168
11972,7169
11972,7170
11972,7171
11972,7172
11972,7173
11972,7174
11972,7175
11972,7176
11972,7177
11972,7178
11972,7179
11972,7180
11972,7181
11972,7182
11972,7183
11972,7184
11972,7185
11972,7186
11972,7187
11972,7188
11972,7189
11972,7190
11972,7191
11972,7192
11972,7193
11972,7194
11972,7195
11972,7196
11972,7197
11972,7198
11972,7199
11972,7200
11972,7201
11972,7202
11972,7203
11972,7204
11972,7205
11972,7206
11972,7207
11972,7208
11972,7209
11972,7210
11972,7211
11972,7212
11972,7213
11972,7214
11972,7215
11972,7216
11972,7217
11972,7218
11972,7219
11972,7220
11972,7221
11972,7222
11972,7223
11972,7224
11972,7225
11972,7226
11972,7227
11972,7228
11972,7229
11972,7230
11972,7231
11972,7232
11972,7233
11972,7234
11972,7235
11972,7236
11972,7237
11972,7238
11972,7239
11972,7240
11972,7241
11972,7242
11972,7243
11972,7244
11972,7245
11972,7246
11972,7247
11972,7248
11972,7249
11972,7250
11972,7251
11972,7252
11972,7253
11972,7254
11972,7255
11972,7256
11972,7257
11972,7258
11972,7259
11972,7260
11972,7261
11972,7262
11972,7263
11972,7264
11972,7265
11972,7266
11972,7267
11972,7268
11972,7269
11972,7270
11972,7271
11972,7272
11972,7273
11972,7274
11972,7275
11972,7276
11972,7277
11972,7278
11972,7279
11972,7280
11972,7281
11972,7282
11972,7283
11972,7284
11972,7285
11972,7286
11972,7287
11972,7288
11972,7289
11972,7290
11972,7291
11972,7292
11972,7293
11972,7294
11972,7295
11972,7296
11972,7297
11972,7298
11972,7299
11972,7300
11972,7301
11972,7302
11972,7303
11972,7304
11972,7305
11973,7128
11973,7129
11973,7130
11973,7131
11973,7132
11973,7133
11973,7134
11973,7135
11973,7136
11973,7137
11973,7138
11973,7139
11973,7140
11973,7141
11973,7142
11973,7143
11973,7144
11973,7145
11973,7146
11973,7147
11973,7148
11973,7149
11973,7150
11973,7151
11973,7152
11973,7153
11973,7154
11973,7155
11973,7156
11973,7157
11973,7158
11973,7159
11973,7160
11973,7161
11973,7162
11973,7163
11973,7164
11973,7165
11973,7166
11973,7167
11973,7168
11973,7169
11973,7170
11973,7171
11973,7172
11973,7173
11973,7174
11973,7175
11973,7176
11973,7177
11973,7178
11973,7179
11973,7180
11973,7181
11973,7182
11973,7183
11973,7184
11973,7185
11973,7186
11973,7187
11973,7188
11973,7189
11973,7190
11973,7191
11973,7192
11973,7193
11973,7194
11973,7195
11973,7196
11973,7197
11973,7198
11973,7199
11973,7200
11973,7201
11973,7202
11973,7203
11973,7204
11973,7205
11973,7206
11973,7207
11973,7208
11973,7209
11973,7210
11973,7211
11973,7212
11973,7213
11973,7214
11973,7215
11973,7216
11973,7217
11973,7218
11973,7219
11973,7220
11973,7221
11973,7222
11973,7223
11973,7224
11973,7225
11973,7226
11973,7227
11973,7228
11973,7229
11973,7230
11973,7231
11973,7232
11973,7233
11973,7234
11973,7235
11973,7236
11973,7237
11973,7238
11973,7239
11973,7240
11973,7241
11973,7242
11973,7243
11973,7244
11973,7245
11973,7246
11973,7247
11973,7248
11973,7249
11973,7250
11973,7251
11973,7252
11973,7253
11973,7254
11973,7255
11973,7256
11973,7257
11973,7258
11973,7259
11973,7260
11973,7261
11973,7262
11973,7263
11973,7264
11973,7265
11973,7266
11973,7267
11973,7268
11973,7269
11973,7270
11973,7271
11973,7272
11973,7273
11973,7274
11973,7275
11973,7276
11973,7277
11973,7278
11973,7279
11973,7280
11973,7281
11973,7282
11973,7283
11973,7284
11973,7285
11973,7286
11973,7287
11973,7288
11973,7289
11973,7290
11973,7291
11973,7292
11973,7293
11973,7294
11973,7295
11973,7296
11973,7297
11973,7298
11973,7299
11973,7300
11973,7301
11973,7302
11973,7303
11973,7304
11973,7305
11973,7306
11974,7128
11974,7129
11974,7130
11974,7131
11974,7132
11974,7133
11974,7134
11974,7135
11974,7136
11974,7137
11974,7138
11974,7139
11974,7140
11974,7141
11974,7142
11974,7143
11974,7144
11974,7145
11974,7146
11974,7147
11974,7148
11974,7149
11974,7150
11974,7151
11974,7152
11974,7153
11974,7154
11974,7155
11974,7156
11974,7157
11974,7158
11974,7159
11974,7160
11974,7161
11974,7162
11974,7163
11974,7164
11974,7165
11974,7166
11974,7167
11974,7168
11974,7169
11974,7170
11974,7171
11974,7172
11974,7173
11974,7174
11974,7175
11974,7176
11974,7177
11974,7178
11974,7179
11974,7180
11974,7181
11974,7182
11974,7183
11974,7184
11974,7185
11974,7186
11974,7187
11974,7188
11974,7189
11974,7190
11974,7191
11974,7192
11974,7193
11974,7194
11974,7195
11974,7196
11974,7197
11974,7198
11974,7199
11974,7200
11974,7201
11974,7202
11974,7203
11974,7204
11974,7205
11974,7206
11974,7207
11974,7208
11974,7209
11974,7210
11974,7211
11974,7212
11974,7213
11974,7214
11974,7215
11974,7216
11974,7217
11974,7218
11974,7219
11974,7220
11974,7221
11974,7222
11974,7223
11974,7224
11974,7225
11974,7226
11974,7227
11974,7228
11974,7229
11974,7230
11974,7231
11974,7232
11974,7233
11974,7234
11974,7235
11974,7236
11974,7237
11974,7238
11974,7239
11974,7240
11974,7241
11974,7242
11974,7243
11974,7244
11974,7245
11974,7246
11974,7247
11974,7248
11974,7249
11974,7250
11974,7251
11974,7252
11974,7253
11974,7254
11974,7255
11974,7256
11974,7257
11974,7258
11974,7259
11974,7260
11974,7261
11974,7262
11974,7263
11974,7264
11974,7265
11974,7266
11974,7267
11974,7268
11974,7269
11974,7270
11974,7271
11974,7272
11974,7273
11974,7274
11974,7275
11974,7276
11974,7277
11974,7278
11974,7279
11974,7280
11974,7281
11974,7282
11974,7283
11974,7284
11974,7285
11974,7286
11974,7287
11974,7288
11974,7289
11974,7290
11974,7291
11974,7292
11974,7293
11974,7294
11974,7295
11974,7296
11974,7297
11974,7298
11974,7299
11974,7300
11974,7301
11974,7302
11974,7303
11974,7304
11974,7305
11974,7306
11974,7307
11975,7127
11975,7128
11975,7129
11975,7130
11975,7131
11975,7132
11975,7133
11975,7134
11975,7135
11975,7136
11975,7137
11975,7138
11975,7139
11975,7140
11975,7141
11975,7142
11975,7143
11975,7144
11975,7145
11975,7146
11975,7147
11975,7148
11975,7149
11975,7150
11975,7151
11975,7152
11975,7153
11975,7154
11975,7155
11975,7156
11975,7157
11975,7158
11975,7159
11975,7160
11975,7161
11975,7162
11975,7163
11975,7164
11975,7165
11975,7166
11975,7167
11975,7168
11975,7169
11975,7170
11975,7171
11975,7172
11975,7173
11975,7174
11975,7175
11975,7176
11975,7177
11975,7178
11975,7179
11975,7180
11975,7181
11975,7182
11975,7183
11975,7184
11975,7185
11975,7186
11975,7187
11975,7188
11975,7189
11975,7190
11975,7191
11975,7192
11975,7193
11975,7194
11975,7195
11975,7196
11975,7197
11975,7198
11975,7199
11975,7200
11975,7201
11975,7202
11975,7203
11975,7204
11975,7205
11975,7206
11975,7207
11975,7208
11975,7209
11975,7210
11975,7211
11975,7212
11975,7213
11975,7214
11975,7215
11975,7216
11975,7217
11975,7218
11975,7219
11975,7220
11975,7221
11975,7222
11975,7223
11975,7224
11975,7225
11975,7226
11975,7227
11975,7228
11975,7229
11975,7230
11975,7231
11975,7232
11975,7233
11975,7234
11975,7235
11975,7236
11975,7237
11975,7238
11975,7239
11975,7240
11975,7241
11975,7242
11975,7243
11975,7244
11975,7245
11975,7246
11975,7247
11975,7248
11975,7249
11975,7250
11975,7251
11975,7252
11975,7253
11975,7254
11975,7255
11975,7256
11975,7257
11975,7258
11975,7259
11975,7260
11975,7261
11975,7262
11975,7263
11975,7264
11975,7265
11975,7266
11975,7267
11975,7268
11975,7269
11975,7270
11975,7271
11975,7272
11975,7273
11975,7274
11975,7275
11975,7276
11975,7277
11975,7278
11975,7279
11975,7280
11975,7281
11975,7282
11975,7283
11975,7284
11975,7285
11975,7286
11975,7287
11975,7288
11975,7289
11975,7290
11975,7291
11975,7292
11975,7293
11975,7294
11975,7295
11975,7296
11975,7297
11975,7298
11975,7299
11975,7300
11975,7301
11975,7302
11975,7303
11975,7304
11975,7305
11975,7306
11975,7307
11975,7308
11976,7126
11976,7127
11976,7128
11976,7129
11976,7130
11976,7131
11976,7132
11976,7133
11976,7134
11976,7135
11976,7136
11976,7137
11976,7138
11976,7139
11976,7140
11976,7141
11976,7142
11976,7143
11976,7144
11976,7145
11976,7146
11976,7147
11976,7148
11976,7149
11976,7150
11976,7151
11976,7152
11976,7153
11976,7154
11976,7155
11976,7156
11976,7157
11976,7158
11976,7159
11976,7160
11976,7161
11976,7162
11976,7163
11976,7164
11976,7165
11976,7166
11976,7167
11976,7168
11976,7169
11976,7170
11976,7171
11976,7172
11976,7173
11976,7174
11976,7175
11976,7176
11976,7177
11976,7178
11976,7179
11976,7180
11976,7181
11976,7182
11976,7183
11976,7184
11976,7185
11976,7186
11976,7187
11976,7188
11976,7189
11976,7190
11976,7191
11976,7192
11976,7193
11976,7194
11976,7195
11976,7196
11976,7197
11976,7198
11976,7199
11976,7200
11976,7201
11976,7202
11976,7203
11976,7204
11976,7205
11976,7206
11976,7207
11976,7208
11976,7209
11976,7210
11976,7211
11976,7212
11976,7213
11976,7214
11976,7215
11976,7216
11976,7217
11976,7218
11976,7219
11976,7220
11976,7221
11976,7222
11976,7223
11976,7224
11976,7225
11976,7226
11976,7227
11976,7228
11976,7229
11976,7230
11976,7231
11976,7232
11976,7233
11976,7234
11976,7235
11976,7236
11976,7237
11976,7238
11976,7239
11976,7240
11976,7241
11976,7242
11976,7243
11976,7244
11976,7245
11976,7246
11976,7247
11976,7248
11976,7249
11976,7250
11976,7251
11976,7252
11976,7253
11976,7254
11976,7255
11976,7256
11976,7257
11976,7258
11976,7259
11976,7260
11976,7261
11976,7262
11976,7263
11976,7264
11976,7265
11976,7266
11976,7267
11976,7268
11976,7269
11976,7270
11976,7271
11976,7272
11976,7273
11976,7274
11976,7275
11976,7276
11976,7277
11976,7278
11976,7279
11976,7280
11976,7281
11976,7282
11976,7283
11976,7284
11976,7285
11976,7286
11976,7287
11976,7288
11976,7289
11976,7290
11976,7291
11976,7292
11976,7293
11976,7294
11976,7295
11976,7296
11976,7297
11976,7298
11976,7299
11976,7300
11976,7301
11976,7302
11976,7303
11976,7304
11976,7305
11976,7306
11976,7307
11976,7308
11976,7309
11977,7126
11977,7127
11977,7128
11977,7129
11977,7130
11977,7131
11977,7132
11977,7133
11977,7134
11977,7135
11977,7136
11977,7137
11977,7138
11977,7139
11977,7140
11977,7141
11977,7142
11977,7143
11977,7144
11977,7145
11977,7146
11977,7147
11977,7148
11977,7149
11977,7150
11977,7151
11977,7152
11977,7153
11977,7154
11977,7155
11977,7156
11977,7157
11977,7158
11977,7159
11977,7160
11977,7161
11977,7162
11977,7163
11977,7164
11977,7165
11977,7166
11977,7167
11977,7168
11977,7169
11977,7170
11977,7171
11977,7172
11977,7173
11977,7174
11977,7175
11977,7176
11977,7177
11977,7178
11977,7179
11977,7180
11977,7181
11977,7182
11977,7183
11977,7184
11977,7185
11977,7186
11977,7187
11977,7188
11977,7189
11977,7190
11977,7191
11977,7192
11977,7193
11977,7194
11977,7195
11977,7196
11977,7197
11977,7198
11977,7199
11977,7200
11977,7201
11977,7202
11977,7203
11977,7204
11977,7205
11977,7206
11977,7207
11977,7208
11977,7209
11977,7210
11977,7211
11977,7212
11977,7213
11977,7214
11977,7215
11977,7216
11977,7217
11977,7218
11977,7219
11977,7220
11977,7221
11977,7222
11977,7223
11977,7224
11977,7225
11977,7226
11977,7227
11977,7228
11977,7229
11977,7230
11977,7231
11977,7232
11977,7233
11977,7234
11977,7235
11977,7236
11977,7237
11977,7238
11977,7239
11977,7240
11977,7241
11977,7242
11977,7243
11977,7244
11977,7245
11977,7246
11977,7247
11977,7248
11977,7249
11977,7250
11977,7251
11977,7252
11977,7253
11977,7254
11977,7255
11977,7256
11977,7257
11977,7258
11977,7259
11977,7260
11977,7261
11977,7262
11977,7263
11977,7264
11977,7265
11977,7266
11977,7267
11977,7268
11977,7269
11977,7270
11977,7271
11977,7272
11977,7273
11977,7274
11977,7275
11977,7276
11977,7277
11977,7278
11977,7279
11977,7280
11977,7281
11977,7282
11977,7283
11977,7284
11977,7285
11977,7286
11977,7287
11977,7288
11977,7289
11977,7290
11977,7291
11977,7292
11977,7293
11977,7294
11977,7295
11977,7296
11977,7297
11977,7298
11977,7299
11977,7300
11977,7301
11977,7302
11977,7303
11977,7304
11977,7305
11977,7306
11977,7307
11977,7308
11977,7309
11977,7310
11978,7126
11978,7127
11978,7128
11978,7129
11978,7130
11978,7131
11978,7132
11978,7133
11978,7134
11978,7135
11978,7136
11978,7137
11978,7138
11978,7139
11978,7140
11978,7141
11978,7142
11978,7143
11978,7144
11978,7145
11978,7146
11978,7147
11978,7148
11978,7149
11978,7150
11978,7151
11978,7152
11978,7153
11978,7154
11978,7155
11978,7156
11978,7157
11978,7158
11978,7159
11978,7160
11978,7161
11978,7162
11978,7163
11978,7164
11978,7165
11978,7166
11978,7167
11978,7168
11978,7169
11978,7170
11978,7171
11978,7172
11978,7173
11978,7174
11978,7175
11978,7176
11978,7177
11978,7178
11978,7179
11978,7180
11978,7181
11978,7182
11978,7183
11978,7184
11978,7185
11978,7186
11978,7187
11978,7188
11978,7189
11978,7190
11978,7191
11978,7192
11978,7193
11978,7194
11978,7195
11978,7196
11978,7197
11978,7198
11978,7199
11978,7200
11978,7201
11978,7202
11978,7203
11978,7204
11978,7205
11978,7206
11978,7207
11978,7208
11978,7209
11978,7210
11978,7211
11978,7212
11978,7213
11978,7214
11978,7215
11978,7216
11978,7217
11978,7218
11978,7219
11978,7220
11978,7221
11978,7222
11978,7223
11978,7224
11978,7225
11978,7226
11978,7227
11978,7228
11978,7229
11978,7230
11978,7231
11978,7232
11978,7233
11978,7234
11978,7235
11978,7236
11978,7237
11978,7238
11978,7239
11978,7240
11978,7241
11978,7242
11978,7243
11978,7244
11978,7245
11978,7246
11978,7247
11978,7248
11978,7249
11978,7250
11978,7251
11978,7252
11978,7253
11978,7254
11978,7255
11978,7256
11978,7257
11978,7258
11978,7259
11978,7260
11978,7261
11978,7262
11978,7263
11978,7264
11978,7265
11978,7266
11978,7267
11978,7268
11978,7269
11978,7270
11978,7271
11978,7272
11978,7273
11978,7274
11978,7275
11978,7276
11978,7277
11978,7278
11978,7279
11978,7280
11978,7281
11978,7282
11978,7283
11978,7284
11978,7285
11978,7286
11978,7287
11978,7288
11978,7289
11978,7290
11978,7291
11978,7292
11978,7293
11978,7294
11978,7295
11978,7296
11978,7297
11978,7298
11978,7299
11978,7300
11978,7301
11978,7302
11978,7303
11978,7304
11978,7305
11978,7306
11978,7307
11978,7308
11978,7309
11978,7310
11978,7311
11979,7125
11979,7126
11979,7127
11979,7128
11979,7129
11979,7130
11979,7131
11979,7132
11979,7133
11979,7134
11979,7135
11979,7136
11979,7137
11979,7138
11979,7139
11979,7140
11979,7141
11979,7142
11979,7143
11979,7144
11979,7145
11979,7146
11979,7147
11979,7148
11979,7149
11979,7150
11979,7151
11979,7152
11979,7153
11979,7154
11979,7155
11979,7156
11979,7157
11979,7158
11979,7159
11979,7160
11979,7161
11979,7162
11979,7163
11979,7164
11979,7165
11979,7166
11979,7167
11979,7168
11979,7169
11979,7170
11979,7171
11979,7172
11979,7173
11979,7174
11979,7175
11979,7176
11979,7177
11979,7178
11979,7179
11979,7180
11979,7181
11979,7182
11979,7183
11979,7184
11979,7185
11979,7186
11979,7187
11979,7188
11979,7189
11979,7190
11979,7191
11979,7192
11979,7193
11979,7194
11979,7195
11979,7196
11979,7197
11979,7198
11979,7199
11979,7200
11979,7201
11979,7202
11979,7203
11979,7204
11979,7205
11979,7206
11979,7207
11979,7208
11979,7209
11979,7210
11979,7211
11979,7212
11979,7213
11979,7214
11979,7215
11979,7216
11979,7217
11979,7218
11979,7219
11979,7220
11979,7221
11979,7222
11979,7223
11979,7224
11979,7225
11979,7226
11979,7227
11979,7228
11979,7229
11979,7230
11979,7231
11979,7232
11979,7233
11979,7234
11979,7235
11979,7236
11979,7237
11979,7238
11979,7239
11979,7240
11979,7241
11979,7242
11979,7243
11979,7244
11979,7245
11979,7246
11979,7247
11979,7248
11979,7249
11979,7250
11979,7251
11979,7252
11979,7253
11979,7254
11979,7255
11979,7256
11979,7257
11979,7258
11979,7259
11979,7260
11979,7261
11979,7262
11979,7263
11979,7264
11979,7265
11979,7266
11979,7267
11979,7268
11979,7269
11979,7270
11979,7271
11979,7272
11979,7273
11979,7274
11979,7275
11979,7276
11979,7277
11979,7278
11979,7279
11979,7280
11979,7281
11979,7282
11979,7283
11979,7284
11979,7285
11979,7286
11979,7287
11979,7288
11979,7289
11979,7290
11979,7291
11979,7292
11979,7293
11979,7294
11979,7295
11979,7296
11979,7297
11979,7298
11979,7299
11979,7300
11979,7301
11979,7302
11979,7303
11979,7304
11979,7305
11979,7306
11979,7307
11979,7308
11979,7309
11979,7310
11979,7311
11979,7312
11980,7125
11980,7126
11980,7127
11980,7128
11980,7129
11980,7130
11980,7131
11980,7132
11980,7133
11980,7134
11980,7135
11980,7136
11980,7137
11980,7138
11980,7139
11980,7140
11980,7141
11980,7142
11980,7143
11980,7144
11980,7145
11980,7146
11980,7147
11980,7148
11980,7149
11980,7150
11980,7151
11980,7152
11980,7153
11980,7154
11980,7155
11980,7156
11980,7157
11980,7158
11980,7159
11980,7160
11980,7161
11980,7162
11980,7163
11980,7164
11980,7165
11980,7166
11980,7167
11980,7168
11980,7169
11980,7170
11980,7171
11980,7172
11980,7173
11980,7174
11980,7175
11980,7176
11980,7177
11980,7178
11980,7179
11980,7180
11980,7181
11980,7182
11980,7183
11980,7184
11980,7185
11980,7186
11980,7187
11980,7188
11980,7189
11980,7190
11980,7191
11980,7192
11980,7193
11980,7194
11980,7195
11980,7196
11980,7197
11980,7198
11980,7199
11980,7200
11980,7201
11980,7202
11980,7203
11980,7204
11980,7205
11980,7206
11980,7207
11980,7208
11980,7209
11980,7210
11980,7211
11980,7212
11980,7213
11980,7214
11980,7215
11980,7216
11980,7217
11980,7218
11980,7219
11980,7220
11980,7221
11980,7222
11980,7223
11980,7224
11980,7225
11980,7226
11980,7227
11980,7228
11980,7229
11980,7230
11980,7231
11980,7232
11980,7233
11980,7234
11980,7235
11980,7236
11980,7237
11980,7238
11980,7239
11980,7240
11980,7241
11980,7242
11980,7243
11980,7244
11980,7245
11980,7246
11980,7247
11980,7248
11980,7249
11980,7250
11980,7251
11980,7252
11980,7253
11980,7254
11980,7255
11980,7256
11980,7257
11980,7258
11980,7259
11980,7260
11980,7261
11980,7262
11980,7263
11980,7264
11980,7265
11980,7266
11980,7267
11980,7268
11980,7269
11980,7270
11980,7271
11980,7272
11980,7273
11980,7274
11980,7275
11980,7276
11980,7277
11980,7278
11980,7279
11980,7280
11980,7281
11980,7282
11980,7283
11980,7284
11980,7285
11980,7286
11980,7287
11980,7288
11980,7289
11980,7290
11980,7291
11980,7292
11980,7293
11980,7294
11980,7295
11980,7296
11980,7297
11980,7298
11980,7299
11980,7300
11980,7301
11980,7302
11980,7303
11980,7304
11980,7305
11980,7306
11980,7307
11980,7308
11980,7309
11980,7310
11980,7311
11980,7312
11980,7313
11981,7124
11981,7125
11981,7126
11981,7127
11981,7128
11981,7129
11981,7130
11981,7131
11981,7132
11981,7133
11981,7134
11981,7135
11981,7136
11981,7137
11981,7138
11981,7139
11981,7140
11981,7141
11981,7142
11981,7143
11981,7144
11981,7145
11981,7146
11981,7147
11981,7148
11981,7149
11981,7150
11981,7151
11981,7152
11981,7153
11981,7154
11981,7155
11981,7156
11981,7157
11981,7158
11981,7159
11981,7160
11981,7161
11981,7162
11981,7163
11981,7164
11981,7165
11981,7166
11981,7167
11981,7168
11981,7169
11981,7170
11981,7171
11981,7172
11981,7173
11981,7174
11981,7175
11981,7176
11981,7177
11981,7178
11981,7179
11981,7180
11981,7181
11981,7182
11981,7183
11981,7184
11981,7185
11981,7186
11981,7187
11981,7188
11981,7189
11981,7190
11981,7191
11981,7192
11981,7193
11981,7194
11981,7195
11981,7196
11981,7197
11981,7198
11981,7199
11981,7200
11981,7201
11981,7202
11981,7203
11981,7204
11981,7205
11981,7206
11981,7207
11981,7208
11981,7209
11981,7210
11981,7211
11981,7212
11981,7213
11981,7214
11981,7215
11981,7216
11981,7217
11981,7218
11981,7219
11981,7220
11981,7221
11981,7222
11981,7223
11981,7224
11981,7225
11981,7226
11981,7227
11981,7228
11981,7229
11981,7230
11981,7231
11981,7232
11981,7233
11981,7234
11981,7235
11981,7236
11981,7237
11981,7238
11981,7239
11981,7240
11981,7241
11981,7242
11981,7243
11981,7244
11981,7245
11981,7246
11981,7247
11981,7248
11981,7249
11981,7250
11981,7251
11981,7252
11981,7253
11981,7254
11981,7255
11981,7256
11981,7257
11981,7258
11981,7259
11981,7260
11981,7261
11981,7262
11981,7263
11981,7264
11981,7265
11981,7266
11981,7267
11981,7268
11981,7269
11981,7270
11981,7271
11981,7272
11981,7273
11981,7274
11981,7275
11981,7276
11981,7277
11981,7278
11981,7279
11981,7280
11981,7281
11981,7282
11981,7283
11981,7284
11981,7285
11981,7286
11981,7287
11981,7288
11981,7289
11981,7290
11981,7291
11981,7292
11981,7293
11981,7294
11981,7295
11981,7296
11981,7297
11981,7298
11981,7299
11981,7300
11981,7301
11981,7302
11981,7303
11981,7304
11981,7305
11981,7306
11981,7307
11981,7308
11981,7309
11981,7310
11981,7311
11981,7312
11981,7313
11981,7314
11982,7124
11982,7125
11982,7126
11982,7127
11982,7128
11982,7129
11982,7130
11982,7131
11982,7132
11982,7133
11982,7134
11982,7135
11982,7136
11982,7137
11982,7138
11982,7139
11982,7140
11982,7141
11982,7142
11982,7143
11982,7144
11982,7145
11982,7146
11982,7147
11982,7148
11982,7149
11982,7150
11982,7151
11982,7152
11982,7153
11982,7154
11982,7155
11982,7156
11982,7157
11982,7158
11982,7159
11982,7160
11982,7161
11982,7162
11982,7163
11982,7164
11982,7165
11982,7166
11982,7167
11982,7168
11982,7169
11982,7170
11982,7171
11982,7172
11982,7173
11982,7174
11982,7175
11982,7176
11982,7177
11982,7178
11982,7179
11982,7180
11982,7181
11982,7182
11982,7183
11982,7184
11982,7185
11982,7186
11982,7187
11982,7188
11982,7189
11982,7190
11982,7191
11982,7192
11982,7193
11982,7194
11982,7195
11982,7196
11982,7197
11982,7198
11982,7199
11982,7200
11982,7201
11982,7202
11982,7203
11982,7204
11982,7205
11982,7206
11982,7207
11982,7208
11982,7209
11982,7210
11982,7211
11982,7212
11982,7213
11982,7214
11982,7215
11982,7216
11982,7217
11982,7218
11982,7219
11982,7220
11982,7221
11982,7222
11982,7223
11982,7224
11982,7225
11982,7226
11982,7227
11982,7228
11982,7229
11982,7230
11982,7231
11982,7232
11982,7233
11982,7234
11982,7235
11982,7236
11982,7237
11982,7238
11982,7239
11982,7240
11982,7241
11982,7242
11982,7243
11982,7244
11982,7245
11982,7246
11982,7247
11982,7248
11982,7249
11982,7250
11982,7251
11982,7252
11982,7253
11982,7254
11982,7255
11982,7256
11982,7257
11982,7258
11982,7259
11982,7260
11982,7261
11982,7262
11982,7263
11982,7264
11982,7265
11982,7266
11982,7267
11982,7268
11982,7269
11982,7270
11982,7271
11982,7272
11982,7273
11982,7274
11982,7275
11982,7276
11982,7277
11982,7278
11982,7279
11982,7280
11982,7281
11982,7282
11982,7283
11982,7284
11982,7285
11982,7286
11982,7287
11982,7288
11982,7289
11982,7290
11982,7291
11982,7292
11982,7293
11982,7294
11982,7295
11982,7296
11982,7297
11982,7298
11982,7299
11982,7300
11982,7301
11982,7302
11982,7303
11982,7304
11982,7305
11982,7306
11982,7307
11982,7308
11982,7309
11982,7310
11982,7311
11982,7312
11982,7313
11982,7314
11982,7315
11983,7124
11983,7125
11983,7126
11983,7127
11983,7128
11983,7129
11983,7130
11983,7131
11983,7132
11983,7133
11983,7134
11983,7135
11983,7136
11983,7137
11983,7138
11983,7139
11983,7140
11983,7141
11983,7142
11983,7143
11983,7144
11983,7145
11983,7146
11983,7147
11983,7148
11983,7149
11983,7150
11983,7151
11983,7152
11983,7153
11983,7154
11983,7155
11983,7156
11983,7157
11983,7158
11983,7159
11983,7160
11983,7161
11983,7162
11983,7163
11983,7164
11983,7165
11983,7166
11983,7167
11983,7168
11983,7169
11983,7170
11983,7171
11983,7172
11983,7173
11983,7174
11983,7175
11983,7176
11983,7177
11983,7178
11983,7179
11983,7180
11983,7181
11983,7182
11983,7183
11983,7184
11983,7185
11983,7186
11983,7187
11983,7188
11983,7189
11983,7190
11983,7191
11983,7192
11983,7193
11983,7194
11983,7195
11983,7196
11983,7197
11983,7198
11983,7199
11983,7200
11983,7201
11983,7202
11983,7203
11983,7204
11983,7205
11983,7206
11983,7207
11983,7208
11983,7209
11983,7210
11983,7211
11983,7212
11983,7213
11983,7214
11983,7215
11983,7216
11983,7217
11983,7218
11983,7219
11983,7220
11983,7221
11983,7222
11983,7223
11983,7224
11983,7225
11983,7226
11983,7227
11983,7228
11983,7229
11983,7230
11983,7231
11983,7232
11983,7233
11983,7234
11983,7235
11983,7236
11983,7237
11983,7238
11983,7239
11983,7240
11983,7241
11983,7242
11983,7243
11983,7244
11983,7245
11983,7246
11983,7247
11983,7248
11983,7249
11983,7250
11983,7251
11983,7252
11983,7253
11983,7254
11983,7255
11983,7256
11983,7257
11983,7258
11983,7259
11983,7260
11983,7261
11983,7262
11983,7263
11983,7264
11983,7265
11983,7266
11983,7267
11983,7268
11983,7269
11983,7270
11983,7271
11983,7272
11983,7273
11983,7274
11983,7275
11983,7276
11983,7277
11983,7278
11983,7279
11983,7280
11983,7281
11983,7282
11983,7283
11983,7284
11983,7285
11983,7286
11983,7287
11983,7288
11983,7289
11983,7290
11983,7291
11983,7292
11983,7293
11983,7294
11983,7295
11983,7296
11983,7297
11983,7298
11983,7299
11983,7300
11983,7301
11983,7302
11983,7303
11983,7304
11983,7305
11983,7306
11983,7307
11983,7308
11983,7309
11983,7310
11983,7311
11983,7312
11983,7313
11983,7314
11983,7315
11983,7316
11984,7123
11984,7124
11984,7125
11984,7126
11984,7127
11984,7128
11984,7129
11984,7130
11984,7131
11984,7132
11984,7133
11984,7134
11984,7135
11984,7136
11984,7137
11984,7138
11984,7139
11984,7140
11984,7141
11984,7142
11984,7143
11984,7144
11984,7145
11984,7146
11984,7147
11984,7148
11984,7149
11984,7150
11984,7151
11984,7152
11984,7153
11984,7154
11984,7155
11984,7156
11984,7157
11984,7158
11984,7159
11984,7160
11984,7161
11984,7162
11984,7163
11984,7164
11984,7165
11984,7166
11984,7167
11984,7168
11984,7169
11984,7170
11984,7171
11984,7172
11984,7173
11984,7174
11984,7175
11984,7176
11984,7177
11984,7178
11984,7179
11984,7180
11984,7181
11984,7182
11984,7183
11984,7184
11984,7185
11984,7186
11984,7187
11984,7188
11984,7189
11984,7190
11984,7191
11984,7192
11984,7193
11984,7194
11984,7195
11984,7196
11984,7197
11984,7198
11984,7199
11984,7200
11984,7201
11984,7202
11984,7203
11984,7204
11984,7205
11984,7206
11984,7207
11984,7208
11984,7209
11984,7210
11984,7211
11984,7212
11984,7213
11984,7214
11984,7215
11984,7216
11984,7217
11984,7218
11984,7219
11984,7220
11984,7221
11984,7222
11984,7223
11984,7224
11984,7225
11984,7226
11984,7227
11984,7228
11984,7229
11984,7230
11984,7231
11984,7232
11984,7233
11984,7234
11984,7235
11984,7236
11984,7237
11984,7238
11984,7239
11984,7240
11984,7241
11984,7242
11984,7243
11984,7244
11984,7245
11984,7246
11984,7247
11984,7248
11984,7249
11984,7250
11984,7251
11984,7252
11984,7253
11984,7254
11984,7255
11984,7256
11984,7257
11984,7258
11984,7259
11984,7260
11984,7261
11984,7262
11984,7263
11984,7264
11984,7265
11984,7266
11984,7267
11984,7268
11984,7269
11984,7270
11984,7271
11984,7272
11984,7273
11984,7274
11984,7275
11984,7276
11984,7277
11984,7278
11984,7279
11984,7280
11984,7281
11984,7282
11984,7283
11984,7284
11984,7285
11984,7286
11984,7287
11984,7288
11984,7289
11984,7290
11984,7291
11984,7292
11984,7293
11984,7294
11984,7295
11984,7296
11984,7297
11984,7298
11984,7299
11984,7300
11984,7301
11984,7302
11984,7303
11984,7304
11984,7305
11984,7306
11984,7307
11984,7308
11984,7309
11984,7310
11984,7311
11984,7312
11984,7313
11984,7314
11984,7315
11984,7316
11984,7317
11985,7123
11985,7124
11985,7125
11985,7126
11985,7127
11985,7128
11985,7129
11985,7130
11985,7131
11985,7132
11985,7133
11985,7134
11985,7135
11985,7136
11985,7137
11985,7138
11985,7139
11985,7140
11985,7141
11985,7142
11985,7143
11985,7144
11985,7145
11985,7146
11985,7147
11985,7148
11985,7149
11985,7150
11985,7151
11985,7152
11985,7153
11985,7154
11985,7155
11985,7156
11985,7157
11985,7158
11985,7159
11985,7160
11985,7161
11985,7162
11985,7163
11985,7164
11985,7165
11985,7166
11985,7167
11985,7168
11985,7169
11985,7170
11985,7171
11985,7172
11985,7173
11985,7174
11985,7175
11985,7176
11985,7177
11985,7178
11985,7179
11985,7180
11985,7181
11985,7182
11985,7183
11985,7184
11985,7185
11985,7186
11985,7187
11985,7188
11985,7189
11985,7190
11985,7191
11985,7192
11985,7193
11985,7194
11985,7195
11985,7196
11985,7197
11985,7198
11985,7199
11985,7200
11985,7201
11985,7202
11985,7203
11985,7204
11985,7205
11985,7206
11985,7207
11985,7208
11985,7209
11985,7210
11985,7211
11985,7212
11985,7213
11985,7214
11985,7215
11985,7216
11985,7217
11985,7218
11985,7219
11985,7220
11985,7221
11985,7222
11985,7223
11985,7224
11985,7225
11985,7226
11985,7227
11985,7228
11985,7229
11985,7230
11985,7231
11985,7232
11985,7233
11985,7234
11985,7235
11985,7236
11985,7237
11985,7238
11985,7239
11985,7240
11985,7241
11985,7242
11985,7243
11985,7244
11985,7245
11985,7246
11985,7247
11985,7248
11985,7249
11985,7250
11985,7251
11985,7252
11985,7253
11985,7254
11985,7255
11985,7256
11985,7257
11985,7258
11985,7259
11985,7260
11985,7261
11985,7262
11985,7263
11985,7264
11985,7265
11985,7266
11985,7267
11985,7268
11985,7269
11985,7270
11985,7271
11985,7272
11985,7273
11985,7274
11985,7275
11985,7276
11985,7277
11985,7278
11985,7279
11985,7280
11985,7281
11985,7282
11985,7283
11985,7284
11985,7285
11985,7286
11985,7287
11985,7288
11985,7289
11985,7290
11985,7291
11985,7292
11985,7293
11985,7294
11985,7295
11985,7296
11985,7297
11985,7298
11985,7299
11985,7300
11985,7301
11985,7302
11985,7303
11985,7304
11985,7305
11985,7306
11985,7307
11985,7308
11985,7309
11985,7310
11985,7311
11985,7312
11985,7313
11985,7314
11985,7315
11985,7316
11985,7317
11985,7318
11986,7124
11986,7125
11986,7126
11986,7127
11986,7128
11986,7129
11986,7130
11986,7131
11986,7132
11986,7133
11986,7134
11986,7135
11986,7136
11986,7137
11986,7138
11986,7139
11986,7140
11986,7141
11986,7142
11986,7143
11986,7144
11986,7145
11986,7146
11986,7147
11986,7148
11986,7149
11986,7150
11986,7151
11986,7152
11986,7153
11986,7154
11986,7155
11986,7156
11986,7157
11986,7158
11986,7159
11986,7160
11986,7161
11986,7162
11986,7163
11986,7164
11986,7165
11986,7166
11986,7167
11986,7168
11986,7169
11986,7170
11986,7171
11986,7172
11986,7173
11986,7174
11986,7175
11986,7176
11986,7177
11986,7178
11986,7179
11986,7180
11986,7181
11986,7182
11986,7183
11986,7184
11986,7185
11986,7186
11986,7187
11986,7188
11986,7189
11986,7190
11986,7191
11986,7192
11986,7193
11986,7194
11986,7195
11986,7196
11986,7197
11986,7198
11986,7199
11986,7200
11986,7201
11986,7202
11986,7203
11986,7204
11986,7205
11986,7206
11986,7207
11986,7208
11986,7209
11986,7210
11986,7211
11986,7212
11986,7213
11986,7214
11986,7215
11986,7216
11986,7217
11986,7218
11986,7219
11986,7220
11986,7221
11986,7222
11986,7223
11986,7224
11986,7225
11986,7226
11986,7227
11986,7228
11986,7229
11986,7230
11986,7231
11986,7232
11986,7233
11986,7234
11986,7235
11986,7236
11986,7237
11986,7238
11986,7239
11986,7240
11986,7241
11986,7242
11986,7243
11986,7244
11986,7245
11986,7246
11986,7247
11986,7248
11986,7249
11986,7250
11986,7251
11986,7252
11986,7253
11986,7254
11986,7255
11986,7256
11986,7257
11986,7258
11986,7259
11986,7260
11986,7261
11986,7262
11986,7263
11986,7264
11986,7265
11986,7266
11986,7267
11986,7268
11986,7269
11986,7270
11986,7271
11986,7272
11986,7273
11986,7274
11986,7275
11986,7276
11986,7277
11986,7278
11986,7279
11986,7280
11986,7281
11986,7282
11986,7283
11986,7284
11986,7285
11986,7286
11986,7287
11986,7288
11986,7289
11986,7290
11986,7291
11986,7292
11986,7293
11986,7294
11986,7295
11986,7296
11986,7297
11986,7298
11986,7299
11986,7300
11986,7301
11986,7302
11986,7303
11986,7304
11986,7305
11986,7306
11986,7307
11986,7308
11986,7309
11986,7310
11986,7311
11986,7312
11986,7313
11986,7314
11986,7315
11986,7316
11986,7317
11986,7318
11986,7319
11987,7124
11987,7125
11987,7126
11987,7127
11987,7128
11987,7129
11987,7130
11987,7131
11987,7132
11987,7133
11987,7134
11987,7135
11987,7136
11987,7137
11987,7138
11987,7139
11987,7140
11987,7141
11987,7142
11987,7143
11987,7144
11987,7145
11987,7146
11987,7147
11987,7148
11987,7149
11987,7150
11987,7151
11987,7152
11987,7153
11987,7154
11987,7155
11987,7156
11987,7157
11987,7158
11987,7159
11987,7160
11987,7161
11987,7162
11987,7163
11987,7164
11987,7165
11987,7166
11987,7167
11987,7168
11987,7169
11987,7170
11987,7171
11987,7172
11987,7173
11987,7174
11987,7175
11987,7176
11987,7177
11987,7178
11987,7179
11987,7180
11987,7181
11987,7182
11987,7183
11987,7184
11987,7185
11987,7186
11987,7187
11987,7188
11987,7189
11987,7190
11987,7191
11987,7192
11987,7193
11987,7194
11987,7195
11987,7196
11987,7197
11987,7198
11987,7199
11987,7200
11987,7201
11987,7202
11987,7203
11987,7204
11987,7205
11987,7206
11987,7207
11987,7208
11987,7209
11987,7210
11987,7211
11987,7212
11987,7213
11987,7214
11987,7215
11987,7216
11987,7217
11987,7218
11987,7219
11987,7220
11987,7221
11987,7222
11987,7223
11987,7224
11987,7225
11987,7226
11987,7227
11987,7228
11987,7229
11987,7230
11987,7231
11987,7232
11987,7233
11987,7234
11987,7235
11987,7236
11987,7237
11987,7238
11987,7239
11987,7240
11987,7241
11987,7242
11987,7243
11987,7244
11987,7245
11987,7246
11987,7247
11987,7248
11987,7249
11987,7250
11987,7251
11987,7252
11987,7253
11987,7254
11987,7255
11987,7256
11987,7257
11987,7258
11987,7259
11987,7260
11987,7261
11987,7262
11987,7263
11987,7264
11987,7265
11987,7266
11987,7267
11987,7268
11987,7269
11987,7270
11987,7271
11987,7272
11987,7273
11987,7274
11987,7275
11987,7276
11987,7277
11987,7278
11987,7279
11987,7280
11987,7281
11987,7282
11987,7283
11987,7284
11987,7285
11987,7286
11987,7287
11987,7288
11987,7289
11987,7290
11987,7291
11987,7292
11987,7293
11987,7294
11987,7295
11987,7296
11987,7297
11987,7298
11987,7299
11987,7300
11987,7301
11987,7302
11987,7303
11987,7304
11987,7305
11987,7306
11987,7307
11987,7308
11987,7309
11987,7310
11987,7311
11987,7312
11987,7313
11987,7314
11987,7315
11987,7316
11987,7317
11987,7318
11987,7319
11987,7320
11988,7123
11988,7124
11988,7125
11988,7126
11988,7127
11988,7128
11988,7129
11988,7130
11988,7131
11988,7132
11988,7133
11988,7134
11988,7135
11988,7136
11988,7137
11988,7138
11988,7139
11988,7140
11988,7141
11988,7142
11988,7143
11988,7144
11988,7145
11988,7146
11988,7147
11988,7148
11988,7149
11988,7150
11988,7151
11988,7152
11988,7153
11988,7154
11988,7155
11988,7156
11988,7157
11988,7158
11988,7159
11988,7160
11988,7161
11988,7162
11988,7163
11988,7164
11988,7165
11988,7166
11988,7167
11988,7168
11988,7169
11988,7170
11988,7171
11988,7172
11988,7173
11988,7174
11988,7175
11988,7176
11988,7177
11988,7178
11988,7179
11988,7180
11988,7181
11988,7182
11988,7183
11988,7184
11988,7185
11988,7186
11988,7187
11988,7188
11988,7189
11988,7190
11988,7191
11988,7192
11988,7193
11988,7194
11988,7195
11988,7196
11988,7197
11988,7198
11988,7199
11988,7200
11988,7201
11988,7202
11988,7203
11988,7204
11988,7205
11988,7206
11988,7207
11988,7208
11988,7209
11988,7210
11988,7211
11988,7212
11988,7213
11988,7214
11988,7215
11988,7216
11988,7217
11988,7218
11988,7219
11988,7220
11988,7221
11988,7222
11988,7223
11988,7224
11988,7225
11988,7226
11988,7227
11988,7228
11988,7229
11988,7230
11988,7231
11988,7232
11988,7233
11988,7234
11988,7235
11988,7236
11988,7237
11988,7238
11988,7239
11988,7240
11988,7241
11988,7242
11988,7243
11988,7244
11988,7245
11988,7246
11988,7247
11988,7248
11988,7249
11988,7250
11988,7251
11988,7252
11988,7253
11988,7254
11988,7255
11988,7256
11988,7257
11988,7258
11988,7259
11988,7260
11988,7261
11988,7262
11988,7263
11988,7264
11988,7265
11988,7266
11988,7267
11988,7268
11988,7269
11988,7270
11988,7271
11988,7272
11988,7273
11988,7274
11988,7275
11988,7276
11988,7277
11988,7278
11988,7279
11988,7280
11988,7281
11988,7282
11988,7283
11988,7284
11988,7285
11988,7286
11988,7287
11988,7288
11988,7289
11988,7290
11988,7291
11988,7292
11988,7293
11988,7294
11988,7295
11988,7296
11988,7297
11988,7298
11988,7299
11988,7300
11988,7301
11988,7302
11988,7303
11988,7304
11988,7305
11988,7306
11988,7307
11988,7308
11988,7309
11988,7310
11988,7311
11988,7312
11988,7313
11988,7314
11988,7315
11988,7316
11988,7317
11988,7318
11988,7319
11988,7320
11988,7321
11989,7123
11989,7124
11989,7125
11989,7126
11989,7127
11989,7128
11989,7129
11989,7130
11989,7131
11989,7132
11989,7133
11989,7134
11989,7135
11989,7136
11989,7137
11989,7138
11989,7139
11989,7140
11989,7141
11989,7142
11989,7143
11989,7144
11989,7145
11989,7146
11989,7147
11989,7148
11989,7149
11989,7150
11989,7151
11989,7152
11989,7153
11989,7154
11989,7155
11989,7156
11989,7157
11989,7158
11989,7159
11989,7160
11989,7161
11989,7162
11989,7163
11989,7164
11989,7165
11989,7166
11989,7167
11989,7168
11989,7169
11989,7170
11989,7171
11989,7172
11989,7173
11989,7174
11989,7175
11989,7176
11989,7177
11989,7178
11989,7179
11989,7180
11989,7181
11989,7182
11989,7183
11989,7184
11989,7185
11989,7186
11989,7187
11989,7188
11989,7189
11989,7190
11989,7191
11989,7192
11989,7193
11989,7194
11989,7195
11989,7196
11989,7197
11989,7198
11989,7199
11989,7200
11989,7201
11989,7202
11989,7203
11989,7204
11989,7205
11989,7206
11989,7207
11989,7208
11989,7209
11989,7210
11989,7211
11989,7212
11989,7213
11989,7214
11989,7215
11989,7216
11989,7217
11989,7218
11989,7219
11989,7220
11989,7221
11989,7222
11989,7223
11989,7224
11989,7225
11989,7226
11989,7227
11989,7228
11989,7229
11989,7230
11989,7231
11989,7232
11989,7233
11989,7234
11989,7235
11989,7236
11989,7237
11989,7238
11989,7239
11989,7240
11989,7241
11989,7242
11989,7243
11989,7244
11989,7245
11989,7246
11989,7247
11989,7248
11989,7249
11989,7250
11989,7251
11989,7252
11989,7253
11989,7254
11989,7255
11989,7256
11989,7257
11989,7258
11989,7259
11989,7260
11989,7261
11989,7262
11989,7263
11989,7264
11989,7265
11989,7266
11989,7267
11989,7268
11989,7269
11989,7270
11989,7271
11989,7272
11989,7273
11989,7274
11989,7275
11989,7276
11989,7277
11989,7278
11989,7279
11989,7280
11989,7281
11989,7282
11989,7283
11989,7284
11989,7285
11989,7286
11989,7287
11989,7288
11989,7289
11989,7290
11989,7291
11989,7292
11989,7293
11989,7294
11989,7295
11989,7296
11989,7297
11989,7298
11989,7299
11989,7300
11989,7301
11989,7302
11989,7303
11989,7304
11989,7305
11989,7306
11989,7307
11989,7308
11989,7309
11989,7310
11989,7311
11989,7312
11989,7313
11989,7314
11989,7315
11989,7316
11989,7317
11989,7318
11989,7319
11989,7320
11989,7321
11989,7322
11990,7123
11990,7124
11990,7125
11990,7126
11990,7127
11990,7128
11990,7129
11990,7130
11990,7131
11990,7132
11990,7133
11990,7134
11990,7135
11990,7136
11990,7137
11990,7138
11990,7139
11990,7140
11990,7141
11990,7142
11990,7143
11990,7144
11990,7145
11990,7146
11990,7147
11990,7148
11990,7149
11990,7150
11990,7151
11990,7152
11990,7153
11990,7154
11990,7155
11990,7156
11990,7157
11990,7158
11990,7159
11990,7160
11990,7161
11990,7162
11990,7163
11990,7164
11990,7165
11990,7166
11990,7167
11990,7168
11990,7169
11990,7170
11990,7171
11990,7172
11990,7173
11990,7174
11990,7175
11990,7176
11990,7177
11990,7178
11990,7179
11990,7180
11990,7181
11990,7182
11990,7183
11990,7184
11990,7185
11990,7186
11990,7187
11990,7188
11990,7189
11990,7190
11990,7191
11990,7192
11990,7193
11990,7194
11990,7195
11990,7196
11990,7197
11990,7198
11990,7199
11990,7200
11990,7201
11990,7202
11990,7203
11990,7204
11990,7205
11990,7206
11990,7207
11990,7208
11990,7209
11990,7210
11990,7211
11990,7212
11990,7213
11990,7214
11990,7215
11990,7216
11990,7217
11990,7218
11990,7219
11990,7220
11990,7221
11990,7222
11990,7223
11990,7224
11990,7225
11990,7226
11990,7227
11990,7228
11990,7229
11990,7230
11990,7231
11990,7232
11990,7233
11990,7234
11990,7235
11990,7236
11990,7237
11990,7238
11990,7239
11990,7240
11990,7241
11990,7242
11990,7243
11990,7244
11990,7245
11990,7246
11990,7247
11990,7248
11990,7249
11990,7250
11990,7251
11990,7252
11990,7253
11990,7254
11990,7255
11990,7256
11990,7257
11990,7258
11990,7259
11990,7260
11990,7261
11990,7262
11990,7263
11990,7264
11990,7265
11990,7266
11990,7267
11990,7268
11990,7269
11990,7270
11990,7271
11990,7272
11990,7273
11990,7274
11990,7275
11990,7276
11990,7277
11990,7278
11990,7279
11990,7280
11990,7281
11990,7282
11990,7283
11990,7284
11990,7285
11990,7286
11990,7287
11990,7288
11990,7289
11990,7290
11990,7291
11990,7292
11990,7293
11990,7294
11990,7295
11990,7296
11990,7297
11990,7298
11990,7299
11990,7300
11990,7301
11990,7302
11990,7303
11990,7304
11990,7305
11990,7306
11990,7307
11990,7308
11990,7309
11990,7310
11990,7311
11990,7312
11990,7313
11990,7314
11990,7315
11990,7316
11990,7317
11990,7318
11990,7319
11990,7320
11990,7321
11990,7322
11991,7123
11991,7124
11991,7125
11991,7126
11991,7127
11991,7128
11991,7129
11991,7130
11991,7131
11991,7132
11991,7133
11991,7134
11991,7135
11991,7136
11991,7137
11991,7138
11991,7139
11991,7140
11991,7141
11991,7142
11991,7143
11991,7144
11991,7145
11991,7146
11991,7147
11991,7148
11991,7149
11991,7150
11991,7151
11991,7152
11991,7153
11991,7154
11991,7155
11991,7156
11991,7157
11991,7158
11991,7159
11991,7160
11991,7161
11991,7162
11991,7163
11991,7164
11991,7165
11991,7166
11991,7167
11991,7168
11991,7169
11991,7170
11991,7171
11991,7172
11991,7173
11991,7174
11991,7175
11991,7176
11991,7177
11991,7178
11991,7179
11991,7180
11991,7181
11991,7182
11991,7183
11991,7184
11991,7185
11991,7186
11991,7187
11991,7188
11991,7189
11991,7190
11991,7191
11991,7192
11991,7193
11991,7194
11991,7195
11991,7196
11991,7197
11991,7198
11991,7199
11991,7200
11991,7201
11991,7202
11991,7203
11991,7204
11991,7205
11991,7206
11991,7207
11991,7208
11991,7209
11991,7210
11991,7211
11991,7212
11991,7213
11991,7214
11991,7215
11991,7216
11991,7217
11991,7218
11991,7219
11991,7220
11991,7221
11991,7222
11991,7223
11991,7224
11991,7225
11991,7226
11991,7227
11991,7228
11991,7229
11991,7230
11991,7231
11991,7232
11991,7233
11991,7234
11991,7235
11991,7236
11991,7237
11991,7238
11991,7239
11991,7240
11991,7241
11991,7242
11991,7243
11991,7244
11991,7245
11991,7246
11991,7247
11991,7248
11991,7249
11991,7250
11991,7251
11991,7252
11991,7253
11991,7254
11991,7255
11991,7256
11991,7257
11991,7258
11991,7259
11991,7260
11991,7261
11991,7262
11991,7263
11991,7264
11991,7265
11991,7266
11991,7267
11991,7268
11991,7269
11991,7270
11991,7271
11991,7272
11991,7273
11991,7274
11991,7275
11991,7276
11991,7277
11991,7278
11991,7279
11991,7280
11991,7281
11991,7282
11991,7283
11991,7284
11991,7285
11991,7286
11991,7287
11991,7288
11991,7289
11991,7290
11991,7291
11991,7292
11991,7293
11991,7294
11991,7295
11991,7296
11991,7297
11991,7298
11991,7299
11991,7300
11991,7301
11991,7302
11991,7303
11991,7304
11991,7305
11991,7306
11991,7307
11991,7308
11991,7309
11991,7310
11991,7311
11991,7312
11991,7313
11991,7314
11991,7315
11991,7316
11991,7317
11991,7318
11991,7319
11991,7320
11991,7321
11992,7123
11992,7124
11992,7125
11992,7126
11992,7127
11992,7128
11992,7129
11992,7130
11992,7131
11992,7132
11992,7133
11992,7134
11992,7135
11992,7136
11992,7137
11992,7138
11992,7139
11992,7140
11992,7141
11992,7142
11992,7143
11992,7144
11992,7145
11992,7146
11992,7147
11992,7148
11992,7149
11992,7150
11992,7151
11992,7152
11992,7153
11992,7154
11992,7155
11992,7156
11992,7157
11992,7158
11992,7159
11992,7160
11992,7161
11992,7162
11992,7163
11992,7164
11992,7165
11992,7166
11992,7167
11992,7168
11992,7169
11992,7170
11992,7171
11992,7172
11992,7173
11992,7174
11992,7175
11992,7176
11992,7177
11992,7178
11992,7179
11992,7180
11992,7181
11992,7182
11992,7183
11992,7184
11992,7185
11992,7186
11992,7187
11992,7188
11992,7189
11992,7190
11992,7191
11992,7192
11992,7193
11992,7194
11992,7195
11992,7196
11992,7197
11992,7198
11992,7199
11992,7200
11992,7201
11992,7202
11992,7203
11992,7204
11992,7205
11992,7206
11992,7207
11992,7208
11992,7209
11992,7210
11992,7211
11992,7212
11992,7213
11992,7214
11992,7215
11992,7216
11992,7217
11992,7218
11992,7219
11992,7220
11992,7221
11992,7222
11992,7223
11992,7224
11992,7225
11992,7226
11992,7227
11992,7228
11992,7229
11992,7230
11992,7231
11992,7232
11992,7233
11992,7234
11992,7235
11992,7236
11992,7237
11992,7238
11992,7239
11992,7240
11992,7241
11992,7242
11992,7243
11992,7244
11992,7245
11992,7246
11992,7247
11992,7248
11992,7249
11992,7250
11992,7251
11992,7252
11992,7253
11992,7254
11992,7255
11992,7256
11992,7257
11992,7258
11992,7259
11992,7260
11992,7261
11992,7262
11992,7263
11992,7264
11992,7265
11992,7266
11992,7267
11992,7268
11992,7269
11992,7270
11992,7271
11992,7272
11992,7273
11992,7274
11992,7275
11992,7276
11992,7277
11992,7278
11992,7279
11992,7280
11992,7281
11992,7282
11992,7283
11992,7284
11992,7285
11992,7286
11992,7287
11992,7288
11992,7289
11992,7290
11992,7291
11992,7292
11992,7293
11992,7294
11992,7295
11992,7296
11992,7297
11992,7298
11992,7299
11992,7300
11992,7301
11992,7302
11992,7303
11992,7304
11992,7305
11992,7306
11992,7307
11992,7308
11992,7309
11992,7310
11992,7311
11992,7312
11992,7313
11992,7314
11992,7315
11992,7316
11992,7317
11992,7318
11992,7319
11992,7320
11992,7321
11993,7123
11993,7124
11993,7125
11993,7126
11993,7127
11993,7128
11993,7129
11993,7130
11993,7131
11993,7132
11993,7133
11993,7134
11993,7135
11993,7136
11993,7137
11993,7138
11993,7139
11993,7140
11993,7141
11993,7142
11993,7143
11993,7144
11993,7145
11993,7146
11993,7147
11993,7148
11993,7149
11993,7150
11993,7151
11993,7152
11993,7153
11993,7154
11993,7155
11993,7156
11993,7157
11993,7158
11993,7159
11993,7160
11993,7161
11993,7162
11993,7163
11993,7164
11993,7165
11993,7166
11993,7167
11993,7168
11993,7169
11993,7170
11993,7171
11993,7172
11993,7173
11993,7174
11993,7175
11993,7176
11993,7177
11993,7178
11993,7179
11993,7180
11993,7181
11993,7182
11993,7183
11993,7184
11993,7185
11993,7186
11993,7187
11993,7188
11993,7189
11993,7190
11993,7191
11993,7192
11993,7193
11993,7194
11993,7195
11993,7196
11993,7197
11993,7198
11993,7199
11993,7200
11993,7201
11993,7202
11993,7203
11993,7204
11993,7205
11993,7206
11993,7207
11993,7208
11993,7209
11993,7210
11993,7211
11993,7212
11993,7213
11993,7214
11993,7215
11993,7216
11993,7217
11993,7218
11993,7219
11993,7220
11993,7221
11993,7222
11993,7223
11993,7224
11993,7225
11993,7226
11993,7227
11993,7228
11993,7229
11993,7230
11993,7231
11993,7232
11993,7233
11993,7234
11993,7235
11993,7236
11993,7237
11993,7238
11993,7239
11993,7240
11993,7241
11993,7242
11993,7243
11993,7244
11993,7245
11993,7246
11993,7247
11993,7248
11993,7249
11993,7250
11993,7251
11993,7252
11993,7253
11993,7254
11993,7255
11993,7256
11993,7257
11993,7258
11993,7259
11993,7260
11993,7261
11993,7262
11993,7263
11993,7264
11993,7265
11993,7266
11993,7267
11993,7268
11993,7269
11993,7270
11993,7271
11993,7272
11993,7273
11993,7274
11993,7275
11993,7276
11993,7277
11993,7278
11993,7279
11993,7280
11993,7281
11993,7282
11993,7283
11993,7284
11993,7285
11993,7286
11993,7287
11993,7288
11993,7289
11993,7290
11993,7291
11993,7292
11993,7293
11993,7294
11993,7295
11993,7296
11993,7297
11993,7298
11993,7299
11993,7300
11993,7301
11993,7302
11993,7303
11993,7304
11993,7305
11993,7306
11993,7307
11993,7308
11993,7309
11993,7310
11993,7311
11993,7312
11993,7313
11993,7314
11993,7315
11993,7316
11993,7317
11993,7318
11993,7319
11993,7320
11993,7321
11994,7123
11994,7124
11994,7125
11994,7126
11994,7127
11994,7128
11994,7129
11994,7130
11994,7131
11994,7132
11994,7133
11994,7134
11994,7135
11994,7136
11994,7137
11994,7138
11994,7139
11994,7140
11994,7141
11994,7142
11994,7143
11994,7144
11994,7145
11994,7146
11994,7147
11994,7148
11994,7149
11994,7150
11994,7151
11994,7152
11994,7153
11994,7154
11994,7155
11994,7156
11994,7157
11994,7158
11994,7159
11994,7160
11994,7161
11994,7162
11994,7163
11994,7164
11994,7165
11994,7166
11994,7167
11994,7168
11994,7169
11994,7170
11994,7171
11994,7172
11994,7173
11994,7174
11994,7175
11994,7176
11994,7177
11994,7178
11994,7179
11994,7180
11994,7181
11994,7182
11994,7183
11994,7184
11994,7185
11994,7186
11994,7187
11994,7188
11994,7189
11994,7190
11994,7191
11994,7192
11994,7193
11994,7194
11994,7195
11994,7196
11994,7197
11994,7198
11994,7199
11994,7200
11994,7201
11994,7202
11994,7203
11994,7204
11994,7205
11994,7206
11994,7207
11994,7208
11994,7209
11994,7210
11994,7211
11994,7212
11994,7213
11994,7214
11994,7215
11994,7216
11994,7217
11994,7218
11994,7219
11994,7220
11994,7221
11994,7222
11994,7223
11994,7224
11994,7225
11994,7226
11994,7227
11994,7228
11994,7229
11994,7230
11994,7231
11994,7232
11994,7233
11994,7234
11994,7235
11994,7236
11994,7237
11994,7238
11994,7239
11994,7240
11994,7241
11994,7242
11994,7243
11994,7244
11994,7245
11994,7246
11994,7247
11994,7248
11994,7249
11994,7250
11994,7251
11994,7252
11994,7253
11994,7254
11994,7255
11994,7256
11994,7257
11994,7258
11994,7259
11994,7260
11994,7261
11994,7262
11994,7263
11994,7264
11994,7265
11994,7266
11994,7267
11994,7268
11994,7269
11994,7270
11994,7271
11994,7272
11994,7273
11994,7274
11994,7275
11994,7276
11994,7277
11994,7278
11994,7279
11994,7280
11994,7281
11994,7282
11994,7283
11994,7284
11994,7285
11994,7286
11994,7287
11994,7288
11994,7289
11994,7290
11994,7291
11994,7292
11994,7293
11994,7294
11994,7295
11994,7296
11994,7297
11994,7298
11994,7299
11994,7300
11994,7301
11994,7302
11994,7303
11994,7304
11994,7305
11994,7306
11994,7307
11994,7308
11994,7309
11994,7310
11994,7311
11994,7312
11994,7313
11994,7314
11994,7315
11994,7316
11994,7317
11994,7318
11994,7319
11994,7320
11995,7122
11995,7123
11995,7124
11995,7125
11995,7126
11995,7127
11995,7128
11995,7129
11995,7130
11995,7131
11995,7132
11995,7133
11995,7134
11995,7135
11995,7136
11995,7137
11995,7138
11995,7139
11995,7140
11995,7141
11995,7142
11995,7143
11995,7144
11995,7145
11995,7146
11995,7147
11995,7148
11995,7149
11995,7150
11995,7151
11995,7152
11995,7153
11995,7154
11995,7155
11995,7156
11995,7157
11995,7158
11995,7159
11995,7160
11995,7161
11995,7162
11995,7163
11995,7164
11995,7165
11995,7166
11995,7167
11995,7168
11995,7169
11995,7170
11995,7171
11995,7172
11995,7173
11995,7174
11995,7175
11995,7176
11995,7177
11995,7178
11995,7179
11995,7180
11995,7181
11995,7182
11995,7183
11995,7184
11995,7185
11995,7186
11995,7187
11995,7188
11995,7189
11995,7190
11995,7191
11995,7192
11995,7193
11995,7194
11995,7195
11995,7196
11995,7197
11995,7198
11995,7199
11995,7200
11995,7201
11995,7202
11995,7203
11995,7204
11995,7205
11995,7206
11995,7207
11995,7208
11995,7209
11995,7210
11995,7211
11995,7212
11995,7213
11995,7214
11995,7215
11995,7216
11995,7217
11995,7218
11995,7219
11995,7220
11995,7221
11995,7222
11995,7223
11995,7224
11995,7225
11995,7226
11995,7227
11995,7228
11995,7229
11995,7230
11995,7231
11995,7232
11995,7233
11995,7234
11995,7235
11995,7236
11995,7237
11995,7238
11995,7239
11995,7240
11995,7241
11995,7242
11995,7243
11995,7244
11995,7245
11995,7246
11995,7247
11995,7248
11995,7249
11995,7250
11995,7251
11995,7252
11995,7253
11995,7254
11995,7255
11995,7256
11995,7257
11995,7258
11995,7259
11995,7260
11995,7261
11995,7262
11995,7263
11995,7264
11995,7265
11995,7266
11995,7267
11995,7268
11995,7269
11995,7270
11995,7271
11995,7272
11995,7273
11995,7274
11995,7275
11995,7276
11995,7277
11995,7278
11995,7279
11995,7280
11995,7281
11995,7282
11995,7283
11995,7284
11995,7285
11995,7286
11995,7287
11995,7288
11995,7289
11995,7290
11995,7291
11995,7292
11995,7293
11995,7294
11995,7295
11995,7296
11995,7297
11995,7298
11995,7299
11995,7300
11995,7301
11995,7302
11995,7303
11995,7304
11995,7305
11995,7306
11995,7307
11995,7308
11995,7309
11995,7310
11995,7311
11995,7312
11995,7313
11995,7314
11995,7315
11995,7316
11995,7317
11995,7318
11995,7319
11996,7122
11996,7123
11996,7124
11996,7125
11996,7126
11996,7127
11996,7128
11996,7129
11996,7130
11996,7131
11996,7132
11996,7133
11996,7134
11996,7135
11996,7136
11996,7137
11996,7138
11996,7139
11996,7140
11996,7141
11996,7142
11996,7143
11996,7144
11996,7145
11996,7146
11996,7147
11996,7148
11996,7149
11996,7150
11996,7151
11996,7152
11996,7153
11996,7154
11996,7155
11996,7156
11996,7157
11996,7158
11996,7159
11996,7160
11996,7161
11996,7162
11996,7163
11996,7164
11996,7165
11996,7166
11996,7167
11996,7168
11996,7169
11996,7170
11996,7171
11996,7172
11996,7173
11996,7174
11996,7175
11996,7176
11996,7177
11996,7178
11996,7179
11996,7180
11996,7181
11996,7182
11996,7183
11996,7184
11996,7185
11996,7186
11996,7187
11996,7188
11996,7189
11996,7190
11996,7191
11996,7192
11996,7193
11996,7194
11996,7195
11996,7196
11996,7197
11996,7198
11996,7199
11996,7200
11996,7201
11996,7202
11996,7203
11996,7204
11996,7205
11996,7206
11996,7207
11996,7208
11996,7209
11996,7210
11996,7211
11996,7212
11996,7213
11996,7214
11996,7215
11996,7216
11996,7217
11996,7218
11996,7219
11996,7220
11996,7221
11996,7222
11996,7223
11996,7224
11996,7225
11996,7226
11996,7227
11996,7228
11996,7229
11996,7230
11996,7231
11996,7232
11996,7233
11996,7234
11996,7235
11996,7236
11996,7237
11996,7238
11996,7239
11996,7240
11996,7241
11996,7242
11996,7243
11996,7244
11996,7245
11996,7246
11996,7247
11996,7248
11996,7249
11996,7250
11996,7251
11996,7252
11996,7253
11996,7254
11996,7255
11996,7256
11996,7257
11996,7258
11996,7259
11996,7260
11996,7261
11996,7262
11996,7263
11996,7264
11996,7265
11996,7266
11996,7267
11996,7268
11996,7269
11996,7270
11996,7271
11996,7272
11996,7273
11996,7274
11996,7275
11996,7276
11996,7277
11996,7278
11996,7279
11996,7280
11996,7281
11996,7282
11996,7283
11996,7284
11996,7285
11996,7286
11996,7287
11996,7288
11996,7289
11996,7290
11996,7291
11996,7292
11996,7293
11996,7294
11996,7295
11996,7296
11996,7297
11996,7298
11996,7299
11996,7300
11996,7301
11996,7302
11996,7303
11996,7304
11996,7305
11996,7306
11996,7307
11996,7308
11996,7309
11996,7310
11996,7311
11996,7312
11996,7313
11996,7314
11996,7315
11996,7316
11996,7317
11996,7318
11996,7319
11997,7122
11997,7123
11997,7124
11997,7125
11997,7126
11997,7127
11997,7128
11997,7129
11997,7130
11997,7131
11997,7132
11997,7133
11997,7134
11997,7135
11997,7136
11997,7137
11997,7138
11997,7139
11997,7140
11997,7141
11997,7142
11997,7143
11997,7144
11997,7145
11997,7146
11997,7147
11997,7148
11997,7149
11997,7150
11997,7151
11997,7152
11997,7153
11997,7154
11997,7155
11997,7156
11997,7157
11997,7158
11997,7159
11997,7160
11997,7161
11997,7162
11997,7163
11997,7164
11997,7165
11997,7166
11997,7167
11997,7168
11997,7169
11997,7170
11997,7171
11997,7172
11997,7173
11997,7174
11997,7175
11997,7176
11997,7177
11997,7178
11997,7179
11997,7180
11997,7181
11997,7182
11997,7183
11997,7184
11997,7185
11997,7186
11997,7187
11997,7188
11997,7189
11997,7190
11997,7191
11997,7192
11997,7193
11997,7194
11997,7195
11997,7196
11997,7197
11997,7198
11997,7199
11997,7200
11997,7201
11997,7202
11997,7203
11997,7204
11997,7205
11997,7206
11997,7207
11997,7208
11997,7209
11997,7210
11997,7211
11997,7212
11997,7213
11997,7214
11997,7215
11997,7216
11997,7217
11997,7218
11997,7219
11997,7220
11997,7221
11997,7222
11997,7223
11997,7224
11997,7225
11997,7226
11997,7227
11997,7228
11997,7229
11997,7230
11997,7231
11997,7232
11997,7233
11997,7234
11997,7235
11997,7236
11997,7237
11997,7238
11997,7239
11997,7240
11997,7241
11997,7242
11997,7243
11997,7244
11997,7245
11997,7246
11997,7247
11997,7248
11997,7249
11997,7250
11997,7251
11997,7252
11997,7253
11997,7254
11997,7255
11997,7256
11997,7257
11997,7258
11997,7259
11997,7260
11997,7261
11997,7262
11997,7263
11997,7264
11997,7265
11997,7266
11997,7267
11997,7268
11997,7269
11997,7270
11997,7271
11997,7272
11997,7273
11997,7274
11997,7275
11997,7276
11997,7277
11997,7278
11997,7279
11997,7280
11997,7281
11997,7282
11997,7283
11997,7284
11997,7285
11997,7286
11997,7287
11997,7288
11997,7289
11997,7290
11997,7291
11997,7292
11997,7293
11997,7294
11997,7295
11997,7296
11997,7297
11997,7298
11997,7299
11997,7300
11997,7301
11997,7302
11997,7303
11997,7304
11997,7305
11997,7306
11997,7307
11997,7308
11997,7309
11997,7310
11997,7311
11997,7312
11997,7313
11997,7314
11997,7315
11997,7316
11997,7317
11997,7318
11998,7121
11998,7122
11998,7123
11998,7124
11998,7125
11998,7126
11998,7127
11998,7128
11998,7129
11998,7130
11998,7131
11998,7132
11998,7133
11998,7134
11998,7135
11998,7136
11998,7137
11998,7138
11998,7139
11998,7140
11998,7141
11998,7142
11998,7143
11998,7144
11998,7145
11998,7146
11998,7147
11998,7148
11998,7149
11998,7150
11998,7151
11998,7152
11998,7153
11998,7154
11998,7155
11998,7156
11998,7157
11998,7158
11998,7159
11998,7160
11998,7161
11998,7162
11998,7163
11998,7164
11998,7165
11998,7166
11998,7167
11998,7168
11998,7169
11998,7170
11998,7171
11998,7172
11998,7173
11998,7174
11998,7175
11998,7176
11998,7177
11998,7178
11998,7179
11998,7180
11998,7181
11998,7182
11998,7183
11998,7184
11998,7185
11998,7186
11998,7187
11998,7188
11998,7189
11998,7190
11998,7191
11998,7192
11998,7193
11998,7194
11998,7195
11998,7196
11998,7197
11998,7198
11998,7199
11998,7200
11998,7201
11998,7202
11998,7203
11998,7204
11998,7205
11998,7206
11998,7207
11998,7208
11998,7209
11998,7210
11998,7211
11998,7212
11998,7213
11998,7214
11998,7215
11998,7216
11998,7217
11998,7218
11998,7219
11998,7220
11998,7221
11998,7222
11998,7223
11998,7224
11998,7225
11998,7226
11998,7227
11998,7228
11998,7229
11998,7230
11998,7231
11998,7232
11998,7233
11998,7234
11998,7235
11998,7236
11998,7237
11998,7238
11998,7239
11998,7240
11998,7241
11998,7242
11998,7243
11998,7244
11998,7245
11998,7246
11998,7247
11998,7248
11998,7249
11998,7250
11998,7251
11998,7252
11998,7253
11998,7254
11998,7255
11998,7256
11998,7257
11998,7258
11998,7259
11998,7260
11998,7261
11998,7262
11998,7263
11998,7264
11998,7265
11998,7266
11998,7267
11998,7268
11998,7269
11998,7270
11998,7271
11998,7272
11998,7273
11998,7274
11998,7275
11998,7276
11998,7277
11998,7278
11998,7279
11998,7280
11998,7281
11998,7282
11998,7283
11998,7284
11998,7285
11998,7286
11998,7287
11998,7288
11998,7289
11998,7290
11998,7291
11998,7292
11998,7293
11998,7294
11998,7295
11998,7296
11998,7297
11998,7298
11998,7299
11998,7300
11998,7301
11998,7302
11998,7303
11998,7304
11998,7305
11998,7306
11998,7307
11998,7308
11998,7309
11998,7310
11998,7311
11998,7312
11998,7313
11998,7314
11998,7315
11998,7316
11998,7317
11999,7121
11999,7122
11999,7123
11999,7124
11999,7125
11999,7126
11999,7127
11999,7128
11999,7129
11999,7130
11999,7131
11999,7132
11999,7133
11999,7134
11999,7135
11999,7136
11999,7137
11999,7138
11999,7139
11999,7140
11999,7141
11999,7142
11999,7143
11999,7144
11999,7145
11999,7146
11999,7147
11999,7148
11999,7149
11999,7150
11999,7151
11999,7152
11999,7153
11999,7154
11999,7155
11999,7156
11999,7157
11999,7158
11999,7159
11999,7160
11999,7161
11999,7162
11999,7163
11999,7164
11999,7165
11999,7166
11999,7167
11999,7168
11999,7169
11999,7170
11999,7171
11999,7172
11999,7173
11999,7174
11999,7175
11999,7176
11999,7177
11999,7178
11999,7179
11999,7180
11999,7181
11999,7182
11999,7183
11999,7184
11999,7185
11999,7186
11999,7187
11999,7188
11999,7189
11999,7190
11999,7191
11999,7192
11999,7193
11999,7194
11999,7195
11999,7196
11999,7197
11999,7198
11999,7199
11999,7200
11999,7201
11999,7202
11999,7203
11999,7204
11999,7205
11999,7206
11999,7207
11999,7208
11999,7209
11999,7210
11999,7211
11999,7212
11999,7213
11999,7214
11999,7215
11999,7216
11999,7217
11999,7218
11999,7219
11999,7220
11999,7221
11999,7222
11999,7223
11999,7224
11999,7225
11999,7226
11999,7227
11999,7228
11999,7229
11999,7230
11999,7231
11999,7232
11999,7233
11999,7234
11999,7235
11999,7236
11999,7237
11999,7238
11999,7239
11999,7240
11999,7241
11999,7242
11999,7243
11999,7244
11999,7245
11999,7246
11999,7247
11999,7248
11999,7249
11999,7250
11999,7251
11999,7252
11999,7253
11999,7254
11999,7255
11999,7256
11999,7257
11999,7258
11999,7259
11999,7260
11999,7261
11999,7262
11999,7263
11999,7264
11999,7265
11999,7266
11999,7267
11999,7268
11999,7269
11999,7270
11999,7271
11999,7272
11999,7273
11999,7274
11999,7275
11999,7276
11999,7277
11999,7278
11999,7279
11999,7280
11999,7281
11999,7282
11999,7283
11999,7284
11999,7285
11999,7286
11999,7287
11999,7288
11999,7289
11999,7290
11999,7291
11999,7292
11999,7293
11999,7294
11999,7295
11999,7296
11999,7297
11999,7298
11999,7299
11999,7300
11999,7301
11999,7302
11999,7303
11999,7304
11999,7305
11999,7306
11999,7307
11999,7308
11999,7309
11999,7310
11999,7311
11999,7312
11999,7313
11999,7314
11999,7315
11999,7316
11999,7317
12000,7121
12000,7122
12000,7123
12000,7124
12000,7125
12000,7126
12000,7127
12000,7128
12000,7129
12000,7130
12000,7131
12000,7132
12000,7133
12000,7134
12000,7135
12000,7136
12000,7137
12000,7138
12000,7139
12000,7140
12000,7141
12000,7142
12000,7143
12000,7144
12000,7145
12000,7146
12000,7147
12000,7148
12000,7149
12000,7150
12000,7151
12000,7152
12000,7153
12000,7154
12000,7155
12000,7156
12000,7157
12000,7158
12000,7159
12000,7160
12000,7161
12000,7162
12000,7163
12000,7164
12000,7165
12000,7166
12000,7167
12000,7168
12000,7169
12000,7170
12000,7171
12000,7172
12000,7173
12000,7174
12000,7175
12000,7176
12000,7177
12000,7178
12000,7179
12000,7180
12000,7181
12000,7182
12000,7183
12000,7184
12000,7185
12000,7186
12000,7187
12000,7188
12000,7189
12000,7190
12000,7191
12000,7192
12000,7193
12000,7194
12000,7195
12000,7196
12000,7197
12000,7198
12000,7199
12000,7200
12000,7201
12000,7202
12000,7203
12000,7204
12000,7205
12000,7206
12000,7207
12000,7208
12000,7209
12000,7210
12000,7211
12000,7212
12000,7213
12000,7214
12000,7215
12000,7216
12000,7217
12000,7218
12000,7219
12000,7220
12000,7221
12000,7222
12000,7223
12000,7224
12000,7225
12000,7226
12000,7227
12000,7228
12000,7229
12000,7230
12000,7231
12000,7232
12000,7233
12000,7234
12000,7235
12000,7236
12000,7237
12000,7238
12000,7239
12000,7240
12000,7241
12000,7242
12000,7243
12000,7244
12000,7245
12000,7246
12000,7247
12000,7248
12000,7249
12000,7250
12000,7251
12000,7252
12000,7253
12000,7254
12000,7255
12000,7256
12000,7257
12000,7258
12000,7259
12000,7260
12000,7261
12000,7262
12000,7263
12000,7264
12000,7265
12000,7266
12000,7267
12000,7268
12000,7269
12000,7270
12000,7271
12000,7272
12000,7273
12000,7274
12000,7275
12000,7276
12000,7277
12000,7278
12000,7279
12000,7280
12000,7281
12000,7282
12000,7283
12000,7284
12000,7285
12000,7286
12000,7287
12000,7288
12000,7289
12000,7290
12000,7291
12000,7292
12000,7293
12000,7294
12000,7295
12000,7296
12000,7297
12000,7298
12000,7299
12000,7300
12000,7301
12000,7302
12000,7303
12000,7304
12000,7305
12000,7306
12000,7307
12000,7308
12000,7309
12000,7310
12000,7311
12000,7312
12000,7313
12000,7314
12000,7315
12000,7316
12001,7120
12001,7121
12001,7122
12001,7123
12001,7124
12001,7125
12001,7126
12001,7127
12001,7128
12001,7129
12001,7130
12001,7131
12001,7132
12001,7133
12001,7134
12001,7135
12001,7136
12001,7137
12001,7138
12001,7139
12001,7140
12001,7141
12001,7142
12001,7143
12001,7144
12001,7145
12001,7146
12001,7147
12001,7148
12001,7149
12001,7150
12001,7151
12001,7152
12001,7153
12001,7154
12001,7155
12001,7156
12001,7157
12001,7158
12001,7159
12001,7160
12001,7161
12001,7162
12001,7163
12001,7164
12001,7165
12001,7166
12001,7167
12001,7168
12001,7169
12001,7170
12001,7171
12001,7172
12001,7173
12001,7174
12001,7175
12001,7176
12001,7177
12001,7178
12001,7179
12001,7180
12001,7181
12001,7182
12001,7183
12001,7184
12001,7185
12001,7186
12001,7187
12001,7188
12001,7189
12001,7190
12001,7191
12001,7192
12001,7193
12001,7194
12001,7195
12001,7196
12001,7197
12001,7198
12001,7199
12001,7200
12001,7201
12001,7202
12001,7203
12001,7204
12001,7205
12001,7206
12001,7207
12001,7208
12001,7209
12001,7210
12001,7211
12001,7212
12001,7213
12001,7214
12001,7215
12001,7216
12001,7217
12001,7218
12001,7219
12001,7220
12001,7221
12001,7222
12001,7223
12001,7224
12001,7225
12001,7226
12001,7227
12001,7228
12001,7229
12001,7230
12001,7231
12001,7232
12001,7233
12001,7234
12001,7235
12001,7236
12001,7237
12001,7238
12001,7239
12001,7240
12001,7241
12001,7242
12001,7243
12001,7244
12001,7245
12001,7246
12001,7247
12001,7248
12001,7249
12001,7250
12001,7251
12001,7252
12001,7253
12001,7254
12001,7255
12001,7256
12001,7257
12001,7258
12001,7259
12001,7260
12001,7261
12001,7262
12001,7263
12001,7264
12001,7265
12001,7266
12001,7267
12001,7268
12001,7269
12001,7270
12001,7271
12001,7272
12001,7273
12001,7274
12001,7275
12001,7276
12001,7277
12001,7278
12001,7279
12001,7280
12001,7281
12001,7282
12001,7283
12001,7284
12001,7285
12001,7286
12001,7287
12001,7288
12001,7289
12001,7290
12001,7291
12001,7292
12001,7293
12001,7294
12001,7295
12001,7296
12001,7297
12001,7298
12001,7299
12001,7300
12001,7301
12001,7302
12001,7303
12001,7304
12001,7305
12001,7306
12001,7307
12001,7308
12001,7309
12001,7310
12001,7311
12001,7312
12001,7313
12001,7314
12001,7315
12002,7120
12002,7121
12002,7122
12002,7123
12002,7124
12002,7125
12002,7126
12002,7127
12002,7128
12002,7129
12002,7130
12002,7131
12002,7132
12002,7133
12002,7134
12002,7135
12002,7136
12002,7137
12002,7138
12002,7139
12002,7140
12002,7141
12002,7142
12002,7143
12002,7144
12002,7145
12002,7146
12002,7147
12002,7148
12002,7149
12002,7150
12002,7151
12002,7152
12002,7153
12002,7154
12002,7155
12002,7156
12002,7157
12002,7158
12002,7159
12002,7160
12002,7161
12002,7162
12002,7163
12002,7164
12002,7165
12002,7166
12002,7167
12002,7168
12002,7169
12002,7170
12002,7171
12002,7172
12002,7173
12002,7174
12002,7175
12002,7176
12002,7177
12002,7178
12002,7179
12002,7180
12002,7181
12002,7182
12002,7183
12002,7184
12002,7185
12002,7186
12002,7187
12002,7188
12002,7189
12002,7190
12002,7191
12002,7192
12002,7193
12002,7194
12002,7195
12002,7196
12002,7197
12002,7198
12002,7199
12002,7200
12002,7201
12002,7202
12002,7203
12002,7204
12002,7205
12002,7206
12002,7207
12002,7208
12002,7209
12002,7210
12002,7211
12002,7212
12002,7213
12002,7214
12002,7215
12002,7216
12002,7217
12002,7218
12002,7219
12002,7220
12002,7221
12002,7222
12002,7223
12002,7224
12002,7225
12002,7226
12002,7227
12002,7228
12002,7229
12002,7230
12002,7231
12002,7232
12002,7233
12002,7234
12002,7235
12002,7236
12002,7237
12002,7238
12002,7239
12002,7240
12002,7241
12002,7242
12002,7243
12002,7244
12002,7245
12002,7246
12002,7247
12002,7248
12002,7249
12002,7250
12002,7251
12002,7252
12002,7253
12002,7254
12002,7255
12002,7256
12002,7257
12002,7258
12002,7259
12002,7260
12002,7261
12002,7262
12002,7263
12002,7264
12002,7265
12002,7266
12002,7267
12002,7268
12002,7269
12002,7270
12002,7271
12002,7272
12002,7273
12002,7274
12002,7275
12002,7276
12002,7277
12002,7278
12002,7279
12002,7280
12002,7281
12002,7282
12002,7283
12002,7284
12002,7285
12002,7286
12002,7287
12002,7288
12002,7289
12002,7290
12002,7291
12002,7292
12002,7293
12002,7294
12002,7295
12002,7296
12002,7297
12002,7298
12002,7299
12002,7300
12002,7301
12002,7302
12002,7303
12002,7304
12002,7305
12002,7306
12002,7307
12002,7308
12002,7309
12002,7310
12002,7311
12002,7312
12002,7313
12002,7314
12003,7120
12003,7121
12003,7122
12003,7123
12003,7124
12003,7125
12003,7126
12003,7127
12003,7128
12003,7129
12003,7130
12003,7131
12003,7132
12003,7133
12003,7134
12003,7135
12003,7136
12003,7137
12003,7138
12003,7139
12003,7140
12003,7141
12003,7142
12003,7143
12003,7144
12003,7145
12003,7146
12003,7147
12003,7148
12003,7149
12003,7150
12003,7151
12003,7152
12003,7153
12003,7154
12003,7155
12003,7156
12003,7157
12003,7158
12003,7159
12003,7160
12003,7161
12003,7162
12003,7163
12003,7164
12003,7165
12003,7166
12003,7167
12003,7168
12003,7169
12003,7170
12003,7171
12003,7172
12003,7173
12003,7174
12003,7175
12003,7176
12003,7177
12003,7178
12003,7179
12003,7180
12003,7181
12003,7182
12003,7183
12003,7184
12003,7185
12003,7186
12003,7187
12003,7188
12003,7189
12003,7190
12003,7191
12003,7192
12003,7193
12003,7194
12003,7195
12003,7196
12003,7197
12003,7198
12003,7199
12003,7200
12003,7201
12003,7202
12003,7203
12003,7204
12003,7205
12003,7206
12003,7207
12003,7208
12003,7209
12003,7210
12003,7211
12003,7212
12003,7213
12003,7214
12003,7215
12003,7216
12003,7217
12003,7218
12003,7219
12003,7220
12003,7221
12003,7222
12003,7223
12003,7224
12003,7225
12003,7226
12003,7227
12003,7228
12003,7229
12003,7230
12003,7231
12003,7232
12003,7233
12003,7234
12003,7235
12003,7236
12003,7237
12003,7238
12003,7239
12003,7240
12003,7241
12003,7242
12003,7243
12003,7244
12003,7245
12003,7246
12003,7247
12003,7248
12003,7249
12003,7250
12003,7251
12003,7252
12003,7253
12003,7254
12003,7255
12003,7256
12003,7257
12003,7258
12003,7259
12003,7260
12003,7261
12003,7262
12003,7263
12003,7264
12003,7265
12003,7266
12003,7267
12003,7268
12003,7269
12003,7270
12003,7271
12003,7272
12003,7273
12003,7274
12003,7275
12003,7276
12003,7277
12003,7278
12003,7279
12003,7280
12003,7281
12003,7282
12003,7283
12003,7284
12003,7285
12003,7286
12003,7287
12003,7288
12003,7289
12003,7290
12003,7291
12003,7292
12003,7293
12003,7294
12003,7295
12003,7296
12003,7297
12003,7298
12003,7299
12003,7300
12003,7301
12003,7302
12003,7303
12003,7304
12003,7305
12003,7306
12003,7307
12003,7308
12003,7309
12003,7310
12003,7311
12003,7312
12003,7313
12003,7314
12004,7120
12004,7121
12004,7122
12004,7123
12004,7124
12004,7125
12004,7126
12004,7127
12004,7128
12004,7129
12004,7130
12004,7131
12004,7132
12004,7133
12004,7134
12004,7135
12004,7136
12004,7137
12004,7138
12004,7139
12004,7140
12004,7141
12004,7142
12004,7143
12004,7144
12004,7145
12004,7146
12004,7147
12004,7148
12004,7149
12004,7150
12004,7151
12004,7152
12004,7153
12004,7154
12004,7155
12004,7156
12004,7157
12004,7158
12004,7159
12004,7160
12004,7161
12004,7162
12004,7163
12004,7164
12004,7165
12004,7166
12004,7167
12004,7168
12004,7169
12004,7170
12004,7171
12004,7172
12004,7173
12004,7174
12004,7175
12004,7176
12004,7177
12004,7178
12004,7179
12004,7180
12004,7181
12004,7182
12004,7183
12004,7184
12004,7185
12004,7186
12004,7187
12004,7188
12004,7189
12004,7190
12004,7191
12004,7192
12004,7193
12004,7194
12004,7195
12004,7196
12004,7197
12004,7198
12004,7199
12004,7200
12004,7201
12004,7202
12004,7203
12004,7204
12004,7205
12004,7206
12004,7207
12004,7208
12004,7209
12004,7210
12004,7211
12004,7212
12004,7213
12004,7214
12004,7215
12004,7216
12004,7217
12004,7218
12004,7219
12004,7220
12004,7221
12004,7222
12004,7223
12004,7224
12004,7225
12004,7226
12004,7227
12004,7228
12004,7229
12004,7230
12004,7231
12004,7232
12004,7233
12004,7234
12004,7235
12004,7236
12004,7237
12004,7238
12004,7239
12004,7240
12004,7241
12004,7242
12004,7243
12004,7244
12004,7245
12004,7246
12004,7247
12004,7248
12004,7249
12004,7250
12004,7251
12004,7252
12004,7253
12004,7254
12004,7255
12004,7256
12004,7257
12004,7258
12004,7259
12004,7260
12004,7261
12004,7262
12004,7263
12004,7264
12004,7265
12004,7266
12004,7267
12004,7268
12004,7269
12004,7270
12004,7271
12004,7272
12004,7273
12004,7274
12004,7275
12004,7276
12004,7277
12004,7278
12004,7279
12004,7280
12004,7281
12004,7282
12004,7283
12004,7284
12004,7285
12004,7286
12004,7287
12004,7288
12004,7289
12004,7290
12004,7291
12004,7292
12004,7293
12004,7294
12004,7295
12004,7296
12004,7297
12004,7298
12004,7299
12004,7300
12004,7301
12004,7302
12004,7303
12004,7304
12004,7305
12004,7306
12004,7307
12004,7308
12004,7309
12004,7310
12004,7311
12004,7312
12004,7313
12004,7314
12005,7119
12005,7120
12005,7121
12005,7122
12005,7123
12005,7124
12005,7125
12005,7126
12005,7127
12005,7128
12005,7129
12005,7130
12005,7131
12005,7132
12005,7133
12005,7134
12005,7135
12005,7136
12005,7137
12005,7138
12005,7139
12005,7140
12005,7141
12005,7142
12005,7143
12005,7144
12005,7145
12005,7146
12005,7147
12005,7148
12005,7149
12005,7150
12005,7151
12005,7152
12005,7153
12005,7154
12005,7155
12005,7156
12005,7157
12005,7158
12005,7159
12005,7160
12005,7161
12005,7162
12005,7163
12005,7164
12005,7165
12005,7166
12005,7167
12005,7168
12005,7169
12005,7170
12005,7171
12005,7172
12005,7173
12005,7174
12005,7175
12005,7176
12005,7177
12005,7178
12005,7179
12005,7180
12005,7181
12005,7182
12005,7183
12005,7184
12005,7185
12005,7186
12005,7187
12005,7188
12005,7189
12005,7190
12005,7191
12005,7192
12005,7193
12005,7194
12005,7195
12005,7196
12005,7197
12005,7198
12005,7199
12005,7200
12005,7201
12005,7202
12005,7203
12005,7204
12005,7205
12005,7206
12005,7207
12005,7208
12005,7209
12005,7210
12005,7211
12005,7212
12005,7213
12005,7214
12005,7215
12005,7216
12005,7217
12005,7218
12005,7219
12005,7220
12005,7221
12005,7222
12005,7223
12005,7224
12005,7225
12005,7226
12005,7227
12005,7228
12005,7229
12005,7230
12005,7231
12005,7232
12005,7233
12005,7234
12005,7235
12005,7236
12005,7237
12005,7238
12005,7239
12005,7240
12005,7241
12005,7242
12005,7243
12005,7244
12005,7245
12005,7246
12005,7247
12005,7248
12005,7249
12005,7250
12005,7251
12005,7252
12005,7253
12005,7254
12005,7255
12005,7256
12005,7257
12005,7258
12005,7259
12005,7260
12005,7261
12005,7262
12005,7263
12005,7264
12005,7265
12005,7266
12005,7267
12005,7268
12005,7269
12005,7270
12005,7271
12005,7272
12005,7273
12005,7274
12005,7275
12005,7276
12005,7277
12005,7278
12005,7279
12005,7280
12005,7281
12005,7282
12005,7283
12005,7284
12005,7285
12005,7286
12005,7287
12005,7288
12005,7289
12005,7290
12005,7291
12005,7292
12005,7293
12005,7294
12005,7295
12005,7296
12005,7297
12005,7298
12005,7299
12005,7300
12005,7301
12005,7302
12005,7303
12005,7304
12005,7305
12005,7306
12005,7307
12005,7308
12005,7309
12005,7310
12005,7311
12005,7312
12005,7313
12006,7119
12006,7120
12006,7121
12006,7122
12006,7123
12006,7124
12006,7125
12006,7126
12006,7127
12006,7128
12006,7129
12006,7130
12006,7131
12006,7132
12006,7133
12006,7134
12006,7135
12006,7136
12006,7137
12006,7138
12006,7139
12006,7140
12006,7141
12006,7142
12006,7143
12006,7144
12006,7145
12006,7146
12006,7147
12006,7148
12006,7149
12006,7150
12006,7151
12006,7152
12006,7153
12006,7154
12006,7155
12006,7156
12006,7157
12006,7158
12006,7159
12006,7160
12006,7161
12006,7162
12006,7163
12006,7164
12006,7165
12006,7166
12006,7167
12006,7168
12006,7169
12006,7170
12006,7171
12006,7172
12006,7173
12006,7174
12006,7175
12006,7176
12006,7177
12006,7178
12006,7179
12006,7180
12006,7181
12006,7182
12006,7183
12006,7184
12006,7185
12006,7186
12006,7187
12006,7188
12006,7189
12006,7190
12006,7191
12006,7192
12006,7193
12006,7194
12006,7195
12006,7196
12006,7197
12006,7198
12006,7199
12006,7200
12006,7201
12006,7202
12006,7203
12006,7204
12006,7205
12006,7206
12006,7207
12006,7208
12006,7209
12006,7210
12006,7211
12006,7212
12006,7213
12006,7214
12006,7215
12006,7216
12006,7217
12006,7218
12006,7219
12006,7220
12006,7221
12006,7222
12006,7223
12006,7224
12006,7225
12006,7226
12006,7227
12006,7228
12006,7229
12006,7230
12006,7231
12006,7232
12006,7233
12006,7234
12006,7235
12006,7236
12006,7237
12006,7238
12006,7239
12006,7240
12006,7241
12006,7242
12006,7243
12006,7244
12006,7245
12006,7246
12006,7247
12006,7248
12006,7249
12006,7250
12006,7251
12006,7252
12006,7253
12006,7254
12006,7255
12006,7256
12006,7257
12006,7258
12006,7259
12006,7260
12006,7261
12006,7262
12006,7263
12006,7264
12006,7265
12006,7266
12006,7267
12006,7268
12006,7269
12006,7270
12006,7271
12006,7272
12006,7273
12006,7274
12006,7275
12006,7276
12006,7277
12006,7278
12006,7279
12006,7280
12006,7281
12006,7282
12006,7283
12006,7284
12006,7285
12006,7286
12006,7287
12006,7288
12006,7289
12006,7290
12006,7291
12006,7292
12006,7293
12006,7294
12006,7295
12006,7296
12006,7297
12006,7298
12006,7299
12006,7300
12006,7301
12006,7302
12006,7303
12006,7304
12006,7305
12006,7306
12006,7307
12006,7308
12006,7309
12006,7310
12006,7311
12006,7312
12007,7119
12007,7120
12007,7121
12007,7122
12007,7123
12007,7124
12007,7125
12007,7126
12007,7127
12007,7128
12007,7129
12007,7130
12007,7131
12007,7132
12007,7133
12007,7134
12007,7135
12007,7136
12007,7137
12007,7138
12007,7139
12007,7140
12007,7141
12007,7142
12007,7143
12007,7144
12007,7145
12007,7146
12007,7147
12007,7148
12007,7149
12007,7150
12007,7151
12007,7152
12007,7153
12007,7154
12007,7155
12007,7156
12007,7157
12007,7158
12007,7159
12007,7160
12007,7161
12007,7162
12007,7163
12007,7164
12007,7165
12007,7166
12007,7167
12007,7168
12007,7169
12007,7170
12007,7171
12007,7172
12007,7173
12007,7174
12007,7175
12007,7176
12007,7177
12007,7178
12007,7179
12007,7180
12007,7181
12007,7182
12007,7183
12007,7184
12007,7185
12007,7186
12007,7187
12007,7188
12007,7189
12007,7190
12007,7191
12007,7192
12007,7193
12007,7194
12007,7195
12007,7196
12007,7197
12007,7198
12007,7199
12007,7200
12007,7201
12007,7202
12007,7203
12007,7204
12007,7205
12007,7206
12007,7207
12007,7208
12007,7209
12007,7210
12007,7211
12007,7212
12007,7213
12007,7214
12007,7215
12007,7216
12007,7217
12007,7218
12007,7219
12007,7220
12007,7221
12007,7222
12007,7223
12007,7224
12007,7225
12007,7226
12007,7227
12007,7228
12007,7229
12007,7230
12007,7231
12007,7232
12007,7233
12007,7234
12007,7235
12007,7236
12007,7237
12007,7238
12007,7239
12007,7240
12007,7241
12007,7242
12007,7243
12007,7244
12007,7245
12007,7246
12007,7247
12007,7248
12007,7249
12007,7250
12007,7251
12007,7252
12007,7253
12007,7254
12007,7255
12007,7256
12007,7257
12007,7258
12007,7259
12007,7260
12007,7261
12007,7262
12007,7263
12007,7264
12007,7265
12007,7266
12007,7267
12007,7268
12007,7269
12007,7270
12007,7271
12007,7272
12007,7273
12007,7274
12007,7275
12007,7276
12007,7277
12007,7278
12007,7279
12007,7280
12007,7281
12007,7282
12007,7283
12007,7284
12007,7285
12007,7286
12007,7287
12007,7288
12007,7289
12007,7290
12007,7291
12007,7292
12007,7293
12007,7294
12007,7295
12007,7296
12007,7297
12007,7298
12007,7299
12007,7300
12007,7301
12007,7302
12007,7303
12007,7304
12007,7305
12007,7306
12007,7307
12007,7308
12007,7309
12007,7310
12007,7311
12008,7119
12008,7120
12008,7121
12008,7122
12008,7123
12008,7124
12008,7125
12008,7126
12008,7127
12008,7128
12008,7129
12008,7130
12008,7131
12008,7132
12008,7133
12008,7134
12008,7135
12008,7136
12008,7137
12008,7138
12008,7139
12008,7140
12008,7141
12008,7142
12008,7143
12008,7144
12008,7145
12008,7146
12008,7147
12008,7148
12008,7149
12008,7150
12008,7151
12008,7152
12008,7153
12008,7154
12008,7155
12008,7156
12008,7157
12008,7158
12008,7159
12008,7160
12008,7161
12008,7162
12008,7163
12008,7164
12008,7165
12008,7166
12008,7167
12008,7168
12008,7169
12008,7170
12008,7171
12008,7172
12008,7173
12008,7174
12008,7175
12008,7176
12008,7177
12008,7178
12008,7179
12008,7180
12008,7181
12008,7182
12008,7183
12008,7184
12008,7185
12008,7186
12008,7187
12008,7188
12008,7189
12008,7190
12008,7191
12008,7192
12008,7193
12008,7194
12008,7195
12008,7196
12008,7197
12008,7198
12008,7199
12008,7200
12008,7201
12008,7202
12008,7203
12008,7204
12008,7205
12008,7206
12008,7207
12008,7208
12008,7209
12008,7210
12008,7211
12008,7212
12008,7213
12008,7214
12008,7215
12008,7216
12008,7217
12008,7218
12008,7219
12008,7220
12008,7221
12008,7222
12008,7223
12008,7224
12008,7225
12008,7226
12008,7227
12008,7228
12008,7229
12008,7230
12008,7231
12008,7232
12008,7233
12008,7234
12008,7235
12008,7236
12008,7237
12008,7238
12008,7239
12008,7240
12008,7241
12008,7242
12008,7243
12008,7244
12008,7245
12008,7246
12008,7247
12008,7248
12008,7249
12008,7250
12008,7251
12008,7252
12008,7253
12008,7254
12008,7255
12008,7256
12008,7257
12008,7258
12008,7259
12008,7260
12008,7261
12008,7262
12008,7263
12008,7264
12008,7265
12008,7266
12008,7267
12008,7268
12008,7269
12008,7270
12008,7271
12008,7272
12008,7273
12008,7274
12008,7275
12008,7276
12008,7277
12008,7278
12008,7279
12008,7280
12008,7281
12008,7282
12008,7283
12008,7284
12008,7285
12008,7286
12008,7287
12008,7288
12008,7289
12008,7290
12008,7291
12008,7292
12008,7293
12008,7294
12008,7295
12008,7296
12008,7297
12008,7298
12008,7299
12008,7300
12008,7301
12008,7302
12008,7303
12008,7304
12008,7305
12008,7306
12008,7307
12008,7308
12008,7309
12008,7310
12008,7311
12009,7118
12009,7119
12009,7120
12009,7121
12009,7122
12009,7123
12009,7124
12009,7125
12009,7126
12009,7127
12009,7128
12009,7129
12009,7130
12009,7131
12009,7132
12009,7133
12009,7134
12009,7135
12009,7136
12009,7137
12009,7138
12009,7139
12009,7140
12009,7141
12009,7142
12009,7143
12009,7144
12009,7145
12009,7146
12009,7147
12009,7148
12009,7149
12009,7150
12009,7151
12009,7152
12009,7153
12009,7154
12009,7155
12009,7156
12009,7157
12009,7158
12009,7159
12009,7160
12009,7161
12009,7162
12009,7163
12009,7164
12009,7165
12009,7166
12009,7167
12009,7168
12009,7169
12009,7170
12009,7171
12009,7172
12009,7173
12009,7174
12009,7175
12009,7176
12009,7177
12009,7178
12009,7179
12009,7180
12009,7181
12009,7182
12009,7183
12009,7184
12009,7185
12009,7186
12009,7187
12009,7188
12009,7189
12009,7190
12009,7191
12009,7192
12009,7193
12009,7194
12009,7195
12009,7196
12009,7197
12009,7198
12009,7199
12009,7200
12009,7201
12009,7202
12009,7203
12009,7204
12009,7205
12009,7206
12009,7207
12009,7208
12009,7209
12009,7210
12009,7211
12009,7212
12009,7213
12009,7214
12009,7215
12009,7216
12009,7217
12009,7218
12009,7219
12009,7220
12009,7221
12009,7222
12009,7223
12009,7224
12009,7225
12009,7226
12009,7227
12009,7228
12009,7229
12009,7230
12009,7231
12009,7232
12009,7233
12009,7234
12009,7235
12009,7236
12009,7237
12009,7238
12009,7239
12009,7240
12009,7241
12009,7242
12009,7243
12009,7244
12009,7245
12009,7246
12009,7247
12009,7248
12009,7249
12009,7250
12009,7251
12009,7252
12009,7253
12009,7254
12009,7255
12009,7256
12009,7257
12009,7258
12009,7259
12009,7260
12009,7261
12009,7262
12009,7263
12009,7264
12009,7265
12009,7266
12009,7267
12009,7268
12009,7269
12009,7270
12009,7271
12009,7272
12009,7273
12009,7274
12009,7275
12009,7276
12009,7277
12009,7278
12009,7279
12009,7280
12009,7281
12009,7282
12009,7283
12009,7284
12009,7285
12009,7286
12009,7287
12009,7288
12009,7289
12009,7290
12009,7291
12009,7292
12009,7293
12009,7294
12009,7295
12009,7296
12009,7297
12009,7298
12009,7299
12009,7300
12009,7301
12009,7302
12009,7303
12009,7304
12009,7305
12009,7306
12009,7307
12009,7308
12009,7309
12009,7310
12009,7311
12010,7119
12010,7120
12010,7121
12010,7122
12010,7123
12010,7124
12010,7125
12010,7126
12010,7127
12010,7128
12010,7129
12010,7130
12010,7131
12010,7132
12010,7133
12010,7134
12010,7135
12010,7136
12010,7137
12010,7138
12010,7139
12010,7140
12010,7141
12010,7142
12010,7143
12010,7144
12010,7145
12010,7146
12010,7147
12010,7148
12010,7149
12010,7150
12010,7151
12010,7152
12010,7153
12010,7154
12010,7155
12010,7156
12010,7157
12010,7158
12010,7159
12010,7160
12010,7161
12010,7162
12010,7163
12010,7164
12010,7165
12010,7166
12010,7167
12010,7168
12010,7169
12010,7170
12010,7171
12010,7172
12010,7173
12010,7174
12010,7175
12010,7176
12010,7177
12010,7178
12010,7179
12010,7180
12010,7181
12010,7182
12010,7183
12010,7184
12010,7185
12010,7186
12010,7187
12010,7188
12010,7189
12010,7190
12010,7191
12010,7192
12010,7193
12010,7194
12010,7195
12010,7196
12010,7197
12010,7198
12010,7199
12010,7200
12010,7201
12010,7202
12010,7203
12010,7204
12010,7205
12010,7206
12010,7207
12010,7208
12010,7209
12010,7210
12010,7211
12010,7212
12010,7213
12010,7214
12010,7215
12010,7216
12010,7217
12010,7218
12010,7219
12010,7220
12010,7221
12010,7222
12010,7223
12010,7224
12010,7225
12010,7226
12010,7227
12010,7228
12010,7229
12010,7230
12010,7231
12010,7232
12010,7233
12010,7234
12010,7235
12010,7236
12010,7237
12010,7238
12010,7239
12010,7240
12010,7241
12010,7242
12010,7243
12010,7244
12010,7245
12010,7246
12010,7247
12010,7248
12010,7249
12010,7250
12010,7251
12010,7252
12010,7253
12010,7254
12010,7255
12010,7256
12010,7257
12010,7258
12010,7259
12010,7260
12010,7261
12010,7262
12010,7263
12010,7264
12010,7265
12010,7266
12010,7267
12010,7268
12010,7269
12010,7270
12010,7271
12010,7272
12010,7273
12010,7274
12010,7275
12010,7276
12010,7277
12010,7278
12010,7279
12010,7280
12010,7281
12010,7282
12010,7283
12010,7284
12010,7285
12010,7286
12010,7287
12010,7288
12010,7289
12010,7290
12010,7291
12010,7292
12010,7293
12010,7294
12010,7295
12010,7296
12010,7297
12010,7298
12010,7299
12010,7300
12010,7301
12010,7302
12010,7303
12010,7304
12010,7305
12010,7306
12010,7307
12010,7308
12010,7309
12010,7310
12011,7118
12011,7119
12011,7120
12011,7121
12011,7122
12011,7123
12011,7124
12011,7125
12011,7126
12011,7127
12011,7128
12011,7129
12011,7130
12011,7131
12011,7132
12011,7133
12011,7134
12011,7135
12011,7136
12011,7137
12011,7138
12011,7139
12011,7140
12011,7141
12011,7142
12011,7143
12011,7144
12011,7145
12011,7146
12011,7147
12011,7148
12011,7149
12011,7150
12011,7151
12011,7152
12011,7153
12011,7154
12011,7155
12011,7156
12011,7157
12011,7158
12011,7159
12011,7160
12011,7161
12011,7162
12011,7163
12011,7164
12011,7165
12011,7166
12011,7167
12011,7168
12011,7169
12011,7170
12011,7171
12011,7172
12011,7173
12011,7174
12011,7175
12011,7176
12011,7177
12011,7178
12011,7179
12011,7180
12011,7181
12011,7182
12011,7183
12011,7184
12011,7185
12011,7186
12011,7187
12011,7188
12011,7189
12011,7190
12011,7191
12011,7192
12011,7193
12011,7194
12011,7195
12011,7196
12011,7197
12011,7198
12011,7199
12011,7200
12011,7201
12011,7202
12011,7203
12011,7204
12011,7205
12011,7206
12011,7207
12011,7208
12011,7209
12011,7210
12011,7211
12011,7212
12011,7213
12011,7214
12011,7215
12011,7216
12011,7217
12011,7218
12011,7219
12011,7220
12011,7221
12011,7222
12011,7223
12011,7224
12011,7225
12011,7226
12011,7227
12011,7228
12011,7229
12011,7230
12011,7231
12011,7232
12011,7233
12011,7234
12011,7235
12011,7236
12011,7237
12011,7238
12011,7239
12011,7240
12011,7241
12011,7242
12011,7243
12011,7244
12011,7245
12011,7246
12011,7247
12011,7248
12011,7249
12011,7250
12011,7251
12011,7252
12011,7253
12011,7254
12011,7255
12011,7256
12011,7257
12011,7258
12011,7259
12011,7260
12011,7261
12011,7262
12011,7263
12011,7264
12011,7265
12011,7266
12011,7267
12011,7268
12011,7269
12011,7270
12011,7271
12011,7272
12011,7273
12011,7274
12011,7275
12011,7276
12011,7277
12011,7278
12011,7279
12011,7280
12011,7281
12011,7282
12011,7283
12011,7284
12011,7285
12011,7286
12011,7287
12011,7288
12011,7289
12011,7290
12011,7291
12011,7292
12011,7293
12011,7294
12011,7295
12011,7296
12011,7297
12011,7298
12011,7299
12011,7300
12011,7301
12011,7302
12011,7303
12011,7304
12011,7305
12011,7306
12011,7307
12011,7308
12011,7309
12011,7310
12012,7118
12012,7119
12012,7120
12012,7121
12012,7122
12012,7123
12012,7124
12012,7125
12012,7126
12012,7127
12012,7128
12012,7129
12012,7130
12012,7131
12012,7132
12012,7133
12012,7134
12012,7135
12012,7136
12012,7137
12012,7138
12012,7139
12012,7140
12012,7141
12012,7142
12012,7143
12012,7144
12012,7145
12012,7146
12012,7147
12012,7148
12012,7149
12012,7150
12012,7151
12012,7152
12012,7153
12012,7154
12012,7155
12012,7156
12012,7157
12012,7158
12012,7159
12012,7160
12012,7161
12012,7162
12012,7163
12012,7164
12012,7165
12012,7166
12012,7167
12012,7168
12012,7169
12012,7170
12012,7171
12012,7172
12012,7173
12012,7174
12012,7175
12012,7176
12012,7177
12012,7178
12012,7179
12012,7180
12012,7181
12012,7182
12012,7183
12012,7184
12012,7185
12012,7186
12012,7187
12012,7188
12012,7189
12012,7190
12012,7191
12012,7192
12012,7193
12012,7194
12012,7195
12012,7196
12012,7197
12012,7198
12012,7199
12012,7200
12012,7201
12012,7202
12012,7203
12012,7204
12012,7205
12012,7206
12012,7207
12012,7208
12012,7209
12012,7210
12012,7211
12012,7212
12012,7213
12012,7214
12012,7215
12012,7216
12012,7217
12012,7218
12012,7219
12012,7220
12012,7221
12012,7222
12012,7223
12012,7224
12012,7225
12012,7226
12012,7227
12012,7228
12012,7229
12012,7230
12012,7231
12012,7232
12012,7233
12012,7234
12012,7235
12012,7236
12012,7237
12012,7238
12012,7239
12012,7240
12012,7241
12012,7242
12012,7243
12012,7244
12012,7245
12012,7246
12012,7247
12012,7248
12012,7249
12012,7250
12012,7251
12012,7252
12012,7253
12012,7254
12012,7255
12012,7256
12012,7257
12012,7258
12012,7259
12012,7260
12012,7261
12012,7262
12012,7263
12012,7264
12012,7265
12012,7266
12012,7267
12012,7268
12012,7269
12012,7270
12012,7271
12012,7272
12012,7273
12012,7274
12012,7275
12012,7276
12012,7277
12012,7278
12012,7279
12012,7280
12012,7281
12012,7282
12012,7283
12012,7284
12012,7285
12012,7286
12012,7287
12012,7288
12012,7289
12012,7290
12012,7291
12012,7292
12012,7293
12012,7294
12012,7295
12012,7296
12012,7297
12012,7298
12012,7299
12012,7300
12012,7301
12012,7302
12012,7303
12012,7304
12012,7305
12012,7306
12012,7307
12012,7308
12012,7309
12012,7310
12013,7118
12013,7119
12013,7120
12013,7121
12013,7122
12013,7123
12013,7124
12013,7125
12013,7126
12013,7127
12013,7128
12013,7129
12013,7130
12013,7131
12013,7132
12013,7133
12013,7134
12013,7135
12013,7136
12013,7137
12013,7138
12013,7139
12013,7140
12013,7141
12013,7142
12013,7143
12013,7144
12013,7145
12013,7146
12013,7147
12013,7148
12013,7149
12013,7150
12013,7151
12013,7152
12013,7153
12013,7154
12013,7155
12013,7156
12013,7157
12013,7158
12013,7159
12013,7160
12013,7161
12013,7162
12013,7163
12013,7164
12013,7165
12013,7166
12013,7167
12013,7168
12013,7169
12013,7170
12013,7171
12013,7172
12013,7173
12013,7174
12013,7175
12013,7176
12013,7177
12013,7178
12013,7179
12013,7180
12013,7181
12013,7182
12013,7183
12013,7184
12013,7185
12013,7186
12013,7187
12013,7188
12013,7189
12013,7190
12013,7191
12013,7192
12013,7193
12013,7194
12013,7195
12013,7196
12013,7197
12013,7198
12013,7199
12013,7200
12013,7201
12013,7202
12013,7203
12013,7204
12013,7205
12013,7206
12013,7207
12013,7208
12013,7209
12013,7210
12013,7211
12013,7212
12013,7213
12013,7214
12013,7215
12013,7216
12013,7217
12013,7218
12013,7219
12013,7220
12013,7221
12013,7222
12013,7223
12013,7224
12013,7225
12013,7226
12013,7227
12013,7228
12013,7229
12013,7230
12013,7231
12013,7232
12013,7233
12013,7234
12013,7235
12013,7236
12013,7237
12013,7238
12013,7239
12013,7240
12013,7241
12013,7242
12013,7243
12013,7244
12013,7245
12013,7246
12013,7247
12013,7248
12013,7249
12013,7250
12013,7251
12013,7252
12013,7253
12013,7254
12013,7255
12013,7256
12013,7257
12013,7258
12013,7259
12013,7260
12013,7261
12013,7262
12013,7263
12013,7264
12013,7265
12013,7266
12013,7267
12013,7268
12013,7269
12013,7270
12013,7271
12013,7272
12013,7273
12013,7274
12013,7275
12013,7276
12013,7277
12013,7278
12013,7279
12013,7280
12013,7281
12013,7282
12013,7283
12013,7284
12013,7285
12013,7286
12013,7287
12013,7288
12013,7289
12013,7290
12013,7291
12013,7292
12013,7293
12013,7294
12013,7295
12013,7296
12013,7297
12013,7298
12013,7299
12013,7300
12013,7301
12013,7302
12013,7303
12013,7304
12013,7305
12013,7306
12013,7307
12013,7308
12013,7309
12014,7117
12014,7118
12014,7119
12014,7120
12014,7121
12014,7122
12014,7123
12014,7124
12014,7125
12014,7126
12014,7127
12014,7128
12014,7129
12014,7130
12014,7131
12014,7132
12014,7133
12014,7134
12014,7135
12014,7136
12014,7137
12014,7138
12014,7139
12014,7140
12014,7141
12014,7142
12014,7143
12014,7144
12014,7145
12014,7146
12014,7147
12014,7148
12014,7149
12014,7150
12014,7151
12014,7152
12014,7153
12014,7154
12014,7155
12014,7156
12014,7157
12014,7158
12014,7159
12014,7160
12014,7161
12014,7162
12014,7163
12014,7164
12014,7165
12014,7166
12014,7167
12014,7168
12014,7169
12014,7170
12014,7171
12014,7172
12014,7173
12014,7174
12014,7175
12014,7176
12014,7177
12014,7178
12014,7179
12014,7180
12014,7181
12014,7182
12014,7183
12014,7184
12014,7185
12014,7186
12014,7187
12014,7188
12014,7189
12014,7190
12014,7191
12014,7192
12014,7193
12014,7194
12014,7195
12014,7196
12014,7197
12014,7198
12014,7199
12014,7200
12014,7201
12014,7202
12014,7203
12014,7204
12014,7205
12014,7206
12014,7207
12014,7208
12014,7209
12014,7210
12014,7211
12014,7212
12014,7213
12014,7214
12014,7215
12014,7216
12014,7217
12014,7218
12014,7219
12014,7220
12014,7221
12014,7222
12014,7223
12014,7224
12014,7225
12014,7226
12014,7227
12014,7228
12014,7229
12014,7230
12014,7231
12014,7232
12014,7233
12014,7234
12014,7235
12014,7236
12014,7237
12014,7238
12014,7239
12014,7240
12014,7241
12014,7242
12014,7243
12014,7244
12014,7245
12014,7246
12014,7247
12014,7248
12014,7249
12014,7250
12014,7251
12014,7252
12014,7253
12014,7254
12014,7255
12014,7256
12014,7257
12014,7258
12014,7259
12014,7260
12014,7261
12014,7262
12014,7263
12014,7264
12014,7265
12014,7266
12014,7267
12014,7268
12014,7269
12014,7270
12014,7271
12014,7272
12014,7273
12014,7274
12014,7275
12014,7276
12014,7277
12014,7278
12014,7279
12014,7280
12014,7281
12014,7282
12014,7283
12014,7284
12014,7285
12014,7286
12014,7287
12014,7288
12014,7289
12014,7290
12014,7291
12014,7292
12014,7293
12014,7294
12014,7295
12014,7296
12014,7297
12014,7298
12014,7299
12014,7300
12014,7301
12014,7302
12014,7303
12014,7304
12014,7305
12014,7306
12014,7307
12014,7308
12014,7309
12015,7118
12015,7119
12015,7120
12015,7121
12015,7122
12015,7123
12015,7124
12015,7125
12015,7126
12015,7127
12015,7128
12015,7129
12015,7130
12015,7131
12015,7132
12015,7133
12015,7134
12015,7135
12015,7136
12015,7137
12015,7138
12015,7139
12015,7140
12015,7141
12015,7142
12015,7143
12015,7144
12015,7145
12015,7146
12015,7147
12015,7148
12015,7149
12015,7150
12015,7151
12015,7152
12015,7153
12015,7154
12015,7155
12015,7156
12015,7157
12015,7158
12015,7159
12015,7160
12015,7161
12015,7162
12015,7163
12015,7164
12015,7165
12015,7166
12015,7167
12015,7168
12015,7169
12015,7170
12015,7171
12015,7172
12015,7173
12015,7174
12015,7175
12015,7176
12015,7177
12015,7178
12015,7179
12015,7180
12015,7181
12015,7182
12015,7183
12015,7184
12015,7185
12015,7186
12015,7187
12015,7188
12015,7189
12015,7190
12015,7191
12015,7192
12015,7193
12015,7194
12015,7195
12015,7196
12015,7197
12015,7198
12015,7199
12015,7200
12015,7201
12015,7202
12015,7203
12015,7204
12015,7205
12015,7206
12015,7207
12015,7208
12015,7209
12015,7210
12015,7211
12015,7212
12015,7213
12015,7214
12015,7215
12015,7216
12015,7217
12015,7218
12015,7219
12015,7220
12015,7221
12015,7222
12015,7223
12015,7224
12015,7225
12015,7226
12015,7227
12015,7228
12015,7229
12015,7230
12015,7231
12015,7232
12015,7233
12015,7234
12015,7235
12015,7236
12015,7237
12015,7238
12015,7239
12015,7240
12015,7241
12015,7242
12015,7243
12015,7244
12015,7245
12015,7246
12015,7247
12015,7248
12015,7249
12015,7250
12015,7251
12015,7252
12015,7253
12015,7254
12015,7255
12015,7256
12015,7257
12015,7258
12015,7259
12015,7260
12015,7261
12015,7262
12015,7263
12015,7264
12015,7265
12015,7266
12015,7267
12015,7268
12015,7269
12015,7270
12015,7271
12015,7272
12015,7273
12015,7274
12015,7275
12015,7276
12015,7277
12015,7278
12015,7279
12015,7280
12015,7281
12015,7282
12015,7283
12015,7284
12015,7285
12015,7286
12015,7287
12015,7288
12015,7289
12015,7290
12015,7291
12015,7292
12015,7293
12015,7294
12015,7295
12015,7296
12015,7297
12015,7298
12015,7299
12015,7300
12015,7301
12015,7302
12015,7303
12015,7304
12015,7305
12015,7306
12015,7307
12015,7308
12016,7118
12016,7119
12016,7120
12016,7121
12016,7122
12016,7123
12016,7124
12016,7125
12016,7126
12016,7127
12016,7128
12016,7129
12016,7130
12016,7131
12016,7132
12016,7133
12016,7134
12016,7135
12016,7136
12016,7137
12016,7138
12016,7139
12016,7140
12016,7141
12016,7142
12016,7143
12016,7144
12016,7145
12016,7146
12016,7147
12016,7148
12016,7149
12016,7150
12016,7151
12016,7152
12016,7153
12016,7154
12016,7155
12016,7156
12016,7157
12016,7158
12016,7159
12016,7160
12016,7161
12016,7162
12016,7163
12016,7164
12016,7165
12016,7166
12016,7167
12016,7168
12016,7169
12016,7170
12016,7171
12016,7172
12016,7173
12016,7174
12016,7175
12016,7176
12016,7177
12016,7178
12016,7179
12016,7180
12016,7181
12016,7182
12016,7183
12016,7184
12016,7185
12016,7186
12016,7187
12016,7188
12016,7189
12016,7190
12016,7191
12016,7192
12016,7193
12016,7194
12016,7195
12016,7196
12016,7197
12016,7198
12016,7199
12016,7200
12016,7201
12016,7202
12016,7203
12016,7204
12016,7205
12016,7206
12016,7207
12016,7208
12016,7209
12016,7210
12016,7211
12016,7212
12016,7213
12016,7214
12016,7215
12016,7216
12016,7217
12016,7218
12016,7219
12016,7220
12016,7221
12016,7222
12016,7223
12016,7224
12016,7225
12016,7226
12016,7227
12016,7228
12016,7229
12016,7230
12016,7231
12016,7232
12016,7233
12016,7234
12016,7235
12016,7236
12016,7237
12016,7238
12016,7239
12016,7240
12016,7241
12016,7242
12016,7243
12016,7244
12016,7245
12016,7246
12016,7247
12016,7248
12016,7249
12016,7250
12016,7251
12016,7252
12016,7253
12016,7254
12016,7255
12016,7256
12016,7257
12016,7258
12016,7259
12016,7260
12016,7261
12016,7262
12016,7263
12016,7264
12016,7265
12016,7266
12016,7267
12016,7268
12016,7269
12016,7270
12016,7271
12016,7272
12016,7273
12016,7274
12016,7275
12016,7276
12016,7277
12016,7278
12016,7279
12016,7280
12016,7281
12016,7282
12016,7283
12016,7284
12016,7285
12016,7286
12016,7287
12016,7288
12016,7289
12016,7290
12016,7291
12016,7292
12016,7293
12016,7294
12016,7295
12016,7296
12016,7297
12016,7298
12016,7299
12016,7300
12016,7301
12016,7302
12016,7303
12016,7304
12016,7305
12016,7306
12016,7307
12017,7118
12017,7119
12017,7120
12017,7121
12017,7122
12017,7123
12017,7124
12017,7125
12017,7126
12017,7127
12017,7128
12017,7129
12017,7130
12017,7131
12017,7132
12017,7133
12017,7134
12017,7135
12017,7136
12017,7137
12017,7138
12017,7139
12017,7140
12017,7141
12017,7142
12017,7143
12017,7144
12017,7145
12017,7146
12017,7147
12017,7148
12017,7149
12017,7150
12017,7151
12017,7152
12017,7153
12017,7154
12017,7155
12017,7156
12017,7157
12017,7158
12017,7159
12017,7160
12017,7161
12017,7162
12017,7163
12017,7164
12017,7165
12017,7166
12017,7167
12017,7168
12017,7169
12017,7170
12017,7171
12017,7172
12017,7173
12017,7174
12017,7175
12017,7176
12017,7177
12017,7178
12017,7179
12017,7180
12017,7181
12017,7182
12017,7183
12017,7184
12017,7185
12017,7186
12017,7187
12017,7188
12017,7189
12017,7190
12017,7191
12017,7192
12017,7193
12017,7194
12017,7195
12017,7196
12017,7197
12017,7198
12017,7199
12017,7200
12017,7201
12017,7202
12017,7203
12017,7204
12017,7205
12017,7206
12017,7207
12017,7208
12017,7209
12017,7210
12017,7211
12017,7212
12017,7213
12017,7214
12017,7215
12017,7216
12017,7217
12017,7218
12017,7219
12017,7220
12017,7221
12017,7222
12017,7223
12017,7224
12017,7225
12017,7226
12017,7227
12017,7228
12017,7229
12017,7230
12017,7231
12017,7232
12017,7233
12017,7234
12017,7235
12017,7236
12017,7237
12017,7238
12017,7239
12017,7240
12017,7241
12017,7242
12017,7243
12017,7244
12017,7245
12017,7246
12017,7247
12017,7248
12017,7249
12017,7250
12017,7251
12017,7252
12017,7253
12017,7254
12017,7255
12017,7256
12017,7257
12017,7258
12017,7259
12017,7260
12017,7261
12017,7262
12017,7263
12017,7264
12017,7265
12017,7266
12017,7267
12017,7268
12017,7269
12017,7270
12017,7271
12017,7272
12017,7273
12017,7274
12017,7275
12017,7276
12017,7277
12017,7278
12017,7279
12017,7280
12017,7281
12017,7282
12017,7283
12017,7284
12017,7285
12017,7286
12017,7287
12017,7288
12017,7289
12017,7290
12017,7291
12017,7292
12017,7293
12017,7294
12017,7295
12017,7296
12017,7297
12017,7298
12017,7299
12017,7300
12017,7301
12017,7302
12017,7303
12017,7304
12017,7305
12017,7306
12018,7118
12018,7119
12018,7120
12018,7121
12018,7122
12018,7123
12018,7124
12018,7125
12018,7126
12018,7127
12018,7128
12018,7129
12018,7130
12018,7131
12018,7132
12018,7133
12018,7134
12018,7135
12018,7136
12018,7137
12018,7138
12018,7139
12018,7140
12018,7141
12018,7142
12018,7143
12018,7144
12018,7145
12018,7146
12018,7147
12018,7148
12018,7149
12018,7150
12018,7151
12018,7152
12018,7153
12018,7154
12018,7155
12018,7156
12018,7157
12018,7158
12018,7159
12018,7160
12018,7161
12018,7162
12018,7163
12018,7164
12018,7165
12018,7166
12018,7167
12018,7168
12018,7169
12018,7170
12018,7171
12018,7172
12018,7173
12018,7174
12018,7175
12018,7176
12018,7177
12018,7178
12018,7179
12018,7180
12018,7181
12018,7182
12018,7183
12018,7184
12018,7185
12018,7186
12018,7187
12018,7188
12018,7189
12018,7190
12018,7191
12018,7192
12018,7193
12018,7194
12018,7195
12018,7196
12018,7197
12018,7198
12018,7199
12018,7200
12018,7201
12018,7202
12018,7203
12018,7204
12018,7205
12018,7206
12018,7207
12018,7208
12018,7209
12018,7210
12018,7211
12018,7212
12018,7213
12018,7214
12018,7215
12018,7216
12018,7217
12018,7218
12018,7219
12018,7220
12018,7221
12018,7222
12018,7223
12018,7224
12018,7225
12018,7226
12018,7227
12018,7228
12018,7229
12018,7230
12018,7231
12018,7232
12018,7233
12018,7234
12018,7235
12018,7236
12018,7237
12018,7238
12018,7239
12018,7240
12018,7241
12018,7242
12018,7243
12018,7244
12018,7245
12018,7246
12018,7247
12018,7248
12018,7249
12018,7250
12018,7251
12018,7252
12018,7253
12018,7254
12018,7255
12018,7256
12018,7257
12018,7258
12018,7259
12018,7260
12018,7261
12018,7262
12018,7263
12018,7264
12018,7265
12018,7266
12018,7267
12018,7268
12018,7269
12018,7270
12018,7271
12018,7272
12018,7273
12018,7274
12018,7275
12018,7276
12018,7277
12018,7278
12018,7279
12018,7280
12018,7281
12018,7282
12018,7283
12018,7284
12018,7285
12018,7286
12018,7287
12018,7288
12018,7289
12018,7290
12018,7291
12018,7292
12018,7293
12018,7294
12018,7295
12018,7296
12018,7297
12018,7298
12018,7299
12018,7300
12018,7301
12018,7302
12018,7303
12018,7304
12019,7118
12019,7119
12019,7120
12019,7121
12019,7122
12019,7123
12019,7124
12019,7125
12019,7126
12019,7127
12019,7128
12019,7129
12019,7130
12019,7131
12019,7132
12019,7133
12019,7134
12019,7135
12019,7136
12019,7137
12019,7138
12019,7139
12019,7140
12019,7141
12019,7142
12019,7143
12019,7144
12019,7145
12019,7146
12019,7147
12019,7148
12019,7149
12019,7150
12019,7151
12019,7152
12019,7153
12019,7154
12019,7155
12019,7156
12019,7157
12019,7158
12019,7159
12019,7160
12019,7161
12019,7162
12019,7163
12019,7164
12019,7165
12019,7166
12019,7167
12019,7168
12019,7169
12019,7170
12019,7171
12019,7172
12019,7173
12019,7174
12019,7175
12019,7176
12019,7177
12019,7178
12019,7179
12019,7180
12019,7181
12019,7182
12019,7183
12019,7184
12019,7185
12019,7186
12019,7187
12019,7188
12019,7189
12019,7190
12019,7191
12019,7192
12019,7193
12019,7194
12019,7195
12019,7196
12019,7197
12019,7198
12019,7199
12019,7200
12019,7201
12019,7202
12019,7203
12019,7204
12019,7205
12019,7206
12019,7207
12019,7208
12019,7209
12019,7210
12019,7211
12019,7212
12019,7213
12019,7214
12019,7215
12019,7216
12019,7217
12019,7218
12019,7219
12019,7220
12019,7221
12019,7222
12019,7223
12019,7224
12019,7225
12019,7226
12019,7227
12019,7228
12019,7229
12019,7230
12019,7231
12019,7232
12019,7233
12019,7234
12019,7235
12019,7236
12019,7237
12019,7238
12019,7239
12019,7240
12019,7241
12019,7242
12019,7243
12019,7244
12019,7245
12019,7246
12019,7247
12019,7248
12019,7249
12019,7250
12019,7251
12019,7252
12019,7253
12019,7254
12019,7255
12019,7256
12019,7257
12019,7258
12019,7259
12019,7260
12019,7261
12019,7262
12019,7263
12019,7264
12019,7265
12019,7266
12019,7267
12019,7268
12019,7269
12019,7270
12019,7271
12019,7272
12019,7273
12019,7274
12019,7275
12019,7276
12019,7277
12019,7278
12019,7279
12019,7280
12019,7281
12019,7282
12019,7283
12019,7284
12019,7285
12019,7286
12019,7287
12019,7288
12019,7289
12019,7290
12019,7291
12019,7292
12019,7293
12019,7294
12019,7295
12019,7296
12019,7297
12019,7298
12019,7299
12019,7300
12019,7301
12019,7302
12019,7303
12019,7304
12020,7109
12020,7117
12020,7118
12020,7119
12020,7120
12020,7121
12020,7122
12020,7123
12020,7124
12020,7125
12020,7126
12020,7127
12020,7128
12020,7129
12020,7130
12020,7131
12020,7132
12020,7133
12020,7134
12020,7135
12020,7136
12020,7137
12020,7138
12020,7139
12020,7140
12020,7141
12020,7142
12020,7143
12020,7144
12020,7145
12020,7146
12020,7147
12020,7148
12020,7149
12020,7150
12020,7151
12020,7152
12020,7153
12020,7154
12020,7155
12020,7156
12020,7157
12020,7158
12020,7159
12020,7160
12020,7161
12020,7162
12020,7163
12020,7164
12020,7165
12020,7166
12020,7167
12020,7168
12020,7169
12020,7170
12020,7171
12020,7172
12020,7173
12020,7174
12020,7175
12020,7176
12020,7177
12020,7178
12020,7179
12020,7180
12020,7181
12020,7182
12020,7183
12020,7184
12020,7185
12020,7186
12020,7187
12020,7188
12020,7189
12020,7190
12020,7191
12020,7192
12020,7193
12020,7194
12020,7195
12020,7196
12020,7197
12020,7198
12020,7199
12020,7200
12020,7201
12020,7202
12020,7203
12020,7204
12020,7205
12020,7206
12020,7207
12020,7208
12020,7209
12020,7210
12020,7211
12020,7212
12020,7213
12020,7214
12020,7215
12020,7216
12020,7217
12020,7218
12020,7219
12020,7220
12020,7221
12020,7222
12020,7223
12020,7224
12020,7225
12020,7226
12020,7227
12020,7228
12020,7229
12020,7230
12020,7231
12020,7232
12020,7233
12020,7234
12020,7235
12020,7236
12020,7237
12020,7238
12020,7239
12020,7240
12020,7241
12020,7242
12020,7243
12020,7244
12020,7245
12020,7246
12020,7247
12020,7248
12020,7249
12020,7250
12020,7251
12020,7252
12020,7253
12020,7254
12020,7255
12020,7256
12020,7257
12020,7258
12020,7259
12020,7260
12020,7261
12020,7262
12020,7263
12020,7264
12020,7265
12020,7266
12020,7267
12020,7268
12020,7269
12020,7270
12020,7271
12020,7272
12020,7273
12020,7274
12020,7275
12020,7276
12020,7277
12020,7278
12020,7279
12020,7280
12020,7281
12020,7282
12020,7283
12020,7284
12020,7285
12020,7286
12020,7287
12020,7288
12020,7289
12020,7290
12020,7291
12020,7292
12020,7293
12020,7294
12020,7295
12020,7296
12020,7297
12020,7298
12020,7299
12020,7300
12020,7301
12020,7302
12020,7303
12021,7107
12021,7108
12021,7109
12021,7110
12021,7111
12021,7116
12021,7117
12021,7118
12021,7119
12021,7120
12021,7121
12021,7122
12021,7123
12021,7124
12021,7125
12021,7126
12021,7127
12021,7128
12021,7129
12021,7130
12021,7131
12021,7132
12021,7133
12021,7134
12021,7135
12021,7136
12021,7137
12021,7138
12021,7139
12021,7140
12021,7141
12021,7142
12021,7143
12021,7144
12021,7145
12021,7146
12021,7147
12021,7148
12021,7149
12021,7150
12021,7151
12021,7152
12021,7153
12021,7154
12021,7155
12021,7156
12021,7157
12021,7158
12021,7159
12021,7160
12021,7161
12021,7162
12021,7163
12021,7164
12021,7165
12021,7166
12021,7167
12021,7168
12021,7169
12021,7170
12021,7171
12021,7172
12021,7173
12021,7174
12021,7175
12021,7176
12021,7177
12021,7178
12021,7179
12021,7180
12021,7181
12021,7182
12021,7183
12021,7184
12021,7185
12021,7186
12021,7187
12021,7188
12021,7189
12021,7190
12021,7191
12021,7192
12021,7193
12021,7194
12021,7195
12021,7196
12021,7197
12021,7198
12021,7199
12021,7200
12021,7201
12021,7202
12021,7203
12021,7204
12021,7205
12021,7206
12021,7207
12021,7208
12021,7209
12021,7210
12021,7211
12021,7212
12021,7213
12021,7214
12021,7215
12021,7216
12021,7217
12021,7218
12021,7219
12021,7220
12021,7221
12021,7222
12021,7223
12021,7224
12021,7225
12021,7226
12021,7227
12021,7228
12021,7229
12021,7230
12021,7231
12021,7232
12021,7233
12021,7234
12021,7235
12021,7236
12021,7237
12021,7238
12021,7239
12021,7240
12021,7241
12021,7242
12021,7243
12021,7244
12021,7245
12021,7246
12021,7247
12021,7248
12021,7249
12021,7250
12021,7251
12021,7252
12021,7253
12021,7254
12021,7255
12021,7256
12021,7257
12021,7258
12021,7259
12021,7260
12021,7261
12021,7262
12021,7263
12021,7264
12021,7265
12021,7266
12021,7267
12021,7268
12021,7269
12021,7270
12021,7271
12021,7272
12021,7273
12021,7274
12021,7275
12021,7276
12021,7277
12021,7278
12021,7279
12021,7280
12021,7281
12021,7282
12021,7283
12021,7284
12021,7285
12021,7286
12021,7287
12021,7288
12021,7289
12021,7290
12021,7291
12021,7292
12021,7293
12021,7294
12021,7295
12021,7296
12021,7297
12021,7298
12021,7299
12021,7300
12021,7301
12021,7302
12022,7106
12022,7107
12022,7108
12022,7109
12022,7110
12022,7111
12022,7112
12022,7115
12022,7116
12022,7117
12022,7118
12022,7119
12022,7120
12022,7121
12022,7122
12022,7123
12022,7124
12022,7125
12022,7126
12022,7127
12022,7128
12022,7129
12022,7130
12022,7131
12022,7132
12022,7133
12022,7134
12022,7135
12022,7136
12022,7137
12022,7138
12022,7139
12022,7140
12022,7141
12022,7142
12022,7143
12022,7144
12022,7145
12022,7146
12022,7147
12022,7148
12022,7149
12022,7150
12022,7151
12022,7152
12022,7153
12022,7154
12022,7155
12022,7156
12022,7157
12022,7158
12022,7159
12022,7160
12022,7161
12022,7162
12022,7163
12022,7164
12022,7165
12022,7166
12022,7167
12022,7168
12022,7169
12022,7170
12022,7171
12022,7172
12022,7173
12022,7174
12022,7175
12022,7176
12022,7177
12022,7178
12022,7179
12022,7180
12022,7181
12022,7182
12022,7183
12022,7184
12022,7185
12022,7186
12022,7187
12022,7188
12022,7189
12022,7190
12022,7191
12022,7192
12022,7193
12022,7194
12022,7195
12022,7196
12022,7197
12022,7198
12022,7199
12022,7200
12022,7201
12022,7202
12022,7203
12022,7204
12022,7205
12022,7206
12022,7207
12022,7208
12022,7209
12022,7210
12022,7211
12022,7212
12022,7213
12022,7214
12022,7215
12022,7216
12022,7217
12022,7218
12022,7219
12022,7220
12022,7221
12022,7222
12022,7223
12022,7224
12022,7225
12022,7226
12022,7227
12022,7228
12022,7229
12022,7230
12022,7231
12022,7232
12022,7233
12022,7234
12022,7235
12022,7236
12022,7237
12022,7238
12022,7239
12022,7240
12022,7241
12022,7242
12022,7243
12022,7244
12022,7245
12022,7246
12022,7247
12022,7248
12022,7249
12022,7250
12022,7251
12022,7252
12022,7253
12022,7254
12022,7255
12022,7256
12022,7257
12022,7258
12022,7259
12022,7260
12022,7261
12022,7262
12022,7263
12022,7264
12022,7265
12022,7266
12022,7267
12022,7268
12022,7269
12022,7270
12022,7271
12022,7272
12022,7273
12022,7274
12022,7275
12022,7276
12022,7277
12022,7278
12022,7279
12022,7280
12022,7281
12022,7282
12022,7283
12022,7284
12022,7285
12022,7286
12022,7287
12022,7288
12022,7289
12022,7290
12022,7291
12022,7292
12022,7293
12022,7294
12022,7295
12022,7296
12022,7297
12022,7298
12022,7299
12022,7300
12022,7301
12023,7105
12023,7106
12023,7107
12023,7108
12023,7109
12023,7110
12023,7111
12023,7112
12023,7113
12023,7115
12023,7116
12023,7117
12023,7118
12023,7119
12023,7120
12023,7121
12023,7122
12023,7123
12023,7124
12023,7125
12023,7126
12023,7127
12023,7128
12023,7129
12023,7130
12023,7131
12023,7132
12023,7133
12023,7134
12023,7135
12023,7136
12023,7137
12023,7138
12023,7139
12023,7140
12023,7141
12023,7142
12023,7143
12023,7144
12023,7145
12023,7146
12023,7147
12023,7148
12023,7149
12023,7150
12023,7151
12023,7152
12023,7153
12023,7154
12023,7155
12023,7156
12023,7157
12023,7158
12023,7159
12023,7160
12023,7161
12023,7162
12023,7163
12023,7164
12023,7165
12023,7166
12023,7167
12023,7168
12023,7169
12023,7170
12023,7171
12023,7172
12023,7173
12023,7174
12023,7175
12023,7176
12023,7177
12023,7178
12023,7179
12023,7180
12023,7181
12023,7182
12023,7183
12023,7184
12023,7185
12023,7186
12023,7187
12023,7188
12023,7189
12023,7190
12023,7191
12023,7192
12023,7193
12023,7194
12023,7195
12023,7196
12023,7197
12023,7198
12023,7199
12023,7200
12023,7201
12023,7202
12023,7203
12023,7204
12023,7205
12023,7206
12023,7207
12023,7208
12023,7209
12023,7210
12023,7211
12023,7212
12023,7213
12023,7214
12023,7215
12023,7216
12023,7217
12023,7218
12023,7219
12023,7220
12023,7221
12023,7222
12023,7223
12023,7224
12023,7225
12023,7226
12023,7227
12023,7228
12023,7229
12023,7230
12023,7231
12023,7232
12023,7233
12023,7234
12023,7235
12023,7236
12023,7237
12023,7238
12023,7239
12023,7240
12023,7241
12023,7242
12023,7243
12023,7244
12023,7245
12023,7246
12023,7247
12023,7248
12023,7249
12023,7250
12023,7251
12023,7252
12023,7253
12023,7254
12023,7255
12023,7256
12023,7257
12023,7258
12023,7259
12023,7260
12023,7261
12023,7262
12023,7263
12023,7264
12023,7265
12023,7266
12023,7267
12023,7268
12023,7269
12023,7270
12023,7271
12023,7272
12023,7273
12023,7274
12023,7275
12023,7276
12023,7277
12023,7278
12023,7279
12023,7280
12023,7281
12023,7282
12023,7283
12023,7284
12023,7285
12023,7286
12023,7287
12023,7288
12023,7289
12023,7290
12023,7291
12023,7292
12023,7293
12023,7294
12023,7295
12023,7296
12023,7297
12023,7298
12023,7299
12023,7300
12023,7301
12024,7105
12024,7106
12024,7107
12024,7108
12024,7109
12024,7110
12024,7111
12024,7112
12024,7113
12024,7114
12024,7115
12024,7116
12024,7117
12024,7118
12024,7119
12024,7120
12024,7121
12024,7122
12024,7123
12024,7124
12024,7125
12024,7126
12024,7127
12024,7128
12024,7129
12024,7130
12024,7131
12024,7132
12024,7133
12024,7134
12024,7135
12024,7136
12024,7137
12024,7138
12024,7139
12024,7140
12024,7141
12024,7142
12024,7143
12024,7144
12024,7145
12024,7146
12024,7147
12024,7148
12024,7149
12024,7150
12024,7151
12024,7152
12024,7153
12024,7154
12024,7155
12024,7156
12024,7157
12024,7158
12024,7159
12024,7160
12024,7161
12024,7162
12024,7163
12024,7164
12024,7165
12024,7166
12024,7167
12024,7168
12024,7169
12024,7170
12024,7171
12024,7172
12024,7173
12024,7174
12024,7175
12024,7176
12024,7177
12024,7178
12024,7179
12024,7180
12024,7181
12024,7182
12024,7183
12024,7184
12024,7185
12024,7186
12024,7187
12024,7188
12024,7189
12024,7190
12024,7191
12024,7192
12024,7193
12024,7194
12024,7195
12024,7196
12024,7197
12024,7198
12024,7199
12024,7200
12024,7201
12024,7202
12024,7203
12024,7204
12024,7205
12024,7206
12024,7207
12024,7208
12024,7209
12024,7210
12024,7211
12024,7212
12024,7213
12024,7214
12024,7215
12024,7216
12024,7217
12024,7218
12024,7219
12024,7220
12024,7221
12024,7222
12024,7223
12024,7224
12024,7225
12024,7226
12024,7227
12024,7228
12024,7229
12024,7230
12024,7231
12024,7232
12024,7233
12024,7234
12024,7235
12024,7236
12024,7237
12024,7238
12024,7239
12024,7240
12024,7241
12024,7242
12024,7243
12024,7244
12024,7245
12024,7246
12024,7247
12024,7248
12024,7249
12024,7250
12024,7251
12024,7252
12024,7253
12024,7254
12024,7255
12024,7256
12024,7257
12024,7258
12024,7259
12024,7260
12024,7261
12024,7262
12024,7263
12024,7264
12024,7265
12024,7266
12024,7267
12024,7268
12024,7269
12024,7270
12024,7271
12024,7272
12024,7273
12024,7274
12024,7275
12024,7276
12024,7277
12024,7278
12024,7279
12024,7280
12024,7281
12024,7282
12024,7283
12024,7284
12024,7285
12024,7286
12024,7287
12024,7288
12024,7289
12024,7290
12024,7291
12024,7292
12024,7293
12024,7294
12024,7295
12024,7296
12024,7297
12024,7298
12024,7299
12024,7300
12025,7104
12025,7105
12025,7106
12025,7107
12025,7108
12025,7109
12025,7110
12025,7111
12025,7112
12025,7113
12025,7114
12025,7115
12025,7116
12025,7117
12025,7118
12025,7119
12025,7120
12025,7121
12025,7122
12025,7123
12025,7124
12025,7125
12025,7126
12025,7127
12025,7128
12025,7129
12025,7130
12025,7131
12025,7132
12025,7133
12025,7134
12025,7135
12025,7136
12025,7137
12025,7138
12025,7139
12025,7140
12025,7141
12025,7142
12025,7143
12025,7144
12025,7145
12025,7146
12025,7147
12025,7148
12025,7149
12025,7150
12025,7151
12025,7152
12025,7153
12025,7154
12025,7155
12025,7156
12025,7157
12025,7158
12025,7159
12025,7160
12025,7161
12025,7162
12025,7163
12025,7164
12025,7165
12025,7166
12025,7167
12025,7168
12025,7169
12025,7170
12025,7171
12025,7172
12025,7173
12025,7174
12025,7175
12025,7176
12025,7177
12025,7178
12025,7179
12025,7180
12025,7181
12025,7182
12025,7183
12025,7184
12025,7185
12025,7186
12025,7187
12025,7188
12025,7189
12025,7190
12025,7191
12025,7192
12025,7193
12025,7194
12025,7195
12025,7196
12025,7197
12025,7198
12025,7199
12025,7200
12025,7201
12025,7202
12025,7203
12025,7204
12025,7205
12025,7206
12025,7207
12025,7208
12025,7209
12025,7210
12025,7211
12025,7212
12025,7213
12025,7214
12025,7215
12025,7216
12025,7217
12025,7218
12025,7219
12025,7220
12025,7221
12025,7222
12025,7223
12025,7224
12025,7225
12025,7226
12025,7227
12025,7228
12025,7229
12025,7230
12025,7231
12025,7232
12025,7233
12025,7234
12025,7235
12025,7236
12025,7237
12025,7238
12025,7239
12025,7240
12025,7241
12025,7242
12025,7243
12025,7244
12025,7245
12025,7246
12025,7247
12025,7248
12025,7249
12025,7250
12025,7251
12025,7252
12025,7253
12025,7254
12025,7255
12025,7256
12025,7257
12025,7258
12025,7259
12025,7260
12025,7261
12025,7262
12025,7263
12025,7264
12025,7265
12025,7266
12025,7267
12025,7268
12025,7269
12025,7270
12025,7271
12025,7272
12025,7273
12025,7274
12025,7275
12025,7276
12025,7277
12025,7278
12025,7279
12025,7280
12025,7281
12025,7282
12025,7283
12025,7284
12025,7285
12025,7286
12025,7287
12025,7288
12025,7289
12025,7290
12025,7291
12025,7292
12025,7293
12025,7294
12025,7295
12025,7296
12025,7297
12025,7298
12025,7299
12025,7300
12026,7105
12026,7106
12026,7107
12026,7108
12026,7109
12026,7110
12026,7111
12026,7112
12026,7113
12026,7114
12026,7115
12026,7116
12026,7117
12026,7118
12026,7119
12026,7120
12026,7121
12026,7122
12026,7123
12026,7124
12026,7125
12026,7126
12026,7127
12026,7128
12026,7129
12026,7130
12026,7131
12026,7132
12026,7133
12026,7134
12026,7135
12026,7136
12026,7137
12026,7138
12026,7139
12026,7140
12026,7141
12026,7142
12026,7143
12026,7144
12026,7145
12026,7146
12026,7147
12026,7148
12026,7149
12026,7150
12026,7151
12026,7152
12026,7153
12026,7154
12026,7155
12026,7156
12026,7157
12026,7158
12026,7159
12026,7160
12026,7161
12026,7162
12026,7163
12026,7164
12026,7165
12026,7166
12026,7167
12026,7168
12026,7169
12026,7170
12026,7171
12026,7172
12026,7173
12026,7174
12026,7175
12026,7176
12026,7177
12026,7178
12026,7179
12026,7180
12026,7181
12026,7182
12026,7183
12026,7184
12026,7185
12026,7186
12026,7187
12026,7188
12026,7189
12026,7190
12026,7191
12026,7192
12026,7193
12026,7194
12026,7195
12026,7196
12026,7197
12026,7198
12026,7199
12026,7200
12026,7201
12026,7202
12026,7203
12026,7204
12026,7205
12026,7206
12026,7207
12026,7208
12026,7209
12026,7210
12026,7211
12026,7212
12026,7213
12026,7214
12026,7215
12026,7216
12026,7217
12026,7218
12026,7219
12026,7220
12026,7221
12026,7222
12026,7223
12026,7224
12026,7225
12026,7226
12026,7227
12026,7228
12026,7229
12026,7230
12026,7231
12026,7232
12026,7233
12026,7234
12026,7235
12026,7236
12026,7237
12026,7238
12026,7239
12026,7240
12026,7241
12026,7242
12026,7243
12026,7244
12026,7245
12026,7246
12026,7247
12026,7248
12026,7249
12026,7250
12026,7251
12026,7252
12026,7253
12026,7254
12026,7255
12026,7256
12026,7257
12026,7258
12026,7259
12026,7260
12026,7261
12026,7262
12026,7263
12026,7264
12026,7265
12026,7266
12026,7267
12026,7268
12026,7269
12026,7270
12026,7271
12026,7272
12026,7273
12026,7274
12026,7275
12026,7276
12026,7277
12026,7278
12026,7279
12026,7280
12026,7281
12026,7282
12026,7283
12026,7284
12026,7285
12026,7286
12026,7287
12026,7288
12026,7289
12026,7290
12026,7291
12026,7292
12026,7293
12026,7294
12026,7295
12026,7296
12026,7297
12026,7298
12026,7299
12026,7300
12027,7105
12027,7106
12027,7107
12027,7108
12027,7109
12027,7110
12027,7111
12027,7112
12027,7113
12027,7114
12027,7115
12027,7116
12027,7117
12027,7118
12027,7119
12027,7120
12027,7121
12027,7122
12027,7123
12027,7124
12027,7125
12027,7126
12027,7127
12027,7128
12027,7129
12027,7130
12027,7131
12027,7132
12027,7133
12027,7134
12027,7135
12027,7136
12027,7137
12027,7138
12027,7139
12027,7140
12027,7141
12027,7142
12027,7143
12027,7144
12027,7145
12027,7146
12027,7147
12027,7148
12027,7149
12027,7150
12027,7151
12027,7152
12027,7153
12027,7154
12027,7155
12027,7156
12027,7157
12027,7158
12027,7159
12027,7160
12027,7161
12027,7162
12027,7163
12027,7164
12027,7165
12027,7166
12027,7167
12027,7168
12027,7169
12027,7170
12027,7171
12027,7172
12027,7173
12027,7174
12027,7175
12027,7176
12027,7177
12027,7178
12027,7179
12027,7180
12027,7181
12027,7182
12027,7183
12027,7184
12027,7185
12027,7186
12027,7187
12027,7188
12027,7189
12027,7190
12027,7191
12027,7192
12027,7193
12027,7194
12027,7195
12027,7196
12027,7197
12027,7198
12027,7199
12027,7200
12027,7201
12027,7202
12027,7203
12027,7204
12027,7205
12027,7206
12027,7207
12027,7208
12027,7209
12027,7210
12027,7211
12027,7212
12027,7213
12027,7214
12027,7215
12027,7216
12027,7217
12027,7218
12027,7219
12027,7220
12027,7221
12027,7222
12027,7223
12027,7224
12027,7225
12027,7226
12027,7227
12027,7228
12027,7229
12027,7230
12027,7231
12027,7232
12027,7233
12027,7234
12027,7235
12027,7236
12027,7237
12027,7238
12027,7239
12027,7240
12027,7241
12027,7242
12027,7243
12027,7244
12027,7245
12027,7246
12027,7247
12027,7248
12027,7249
12027,7250
12027,7251
12027,7252
12027,7253
12027,7254
12027,7255
12027,7256
12027,7257
12027,7258
12027,7259
12027,7260
12027,7261
12027,7262
12027,7263
12027,7264
12027,7265
12027,7266
12027,7267
12027,7268
12027,7269
12027,7270
12027,7271
12027,7272
12027,7273
12027,7274
12027,7275
12027,7276
12027,7277
12027,7278
12027,7279
12027,7280
12027,7281
12027,7282
12027,7283
12027,7284
12027,7285
12027,7286
12027,7287
12027,7288
12027,7289
12027,7290
12027,7291
12027,7292
12027,7293
12027,7294
12027,7295
12027,7296
12027,7297
12027,7298
12027,7299
12028,7106
12028,7107
12028,7108
12028,7109
12028,7110
12028,7111
12028,7112
12028,7113
12028,7114
12028,7115
12028,7116
12028,7117
12028,7118
12028,7119
12028,7120
12028,7121
12028,7122
12028,7123
12028,7124
12028,7125
12028,7126
12028,7127
12028,7128
12028,7129
12028,7130
12028,7131
12028,7132
12028,7133
12028,7134
12028,7135
12028,7136
12028,7137
12028,7138
12028,7139
12028,7140
12028,7141
12028,7142
12028,7143
12028,7144
12028,7145
12028,7146
12028,7147
12028,7148
12028,7149
12028,7150
12028,7151
12028,7152
12028,7153
12028,7154
12028,7155
12028,7156
12028,7157
12028,7158
12028,7159
12028,7160
12028,7161
12028,7162
12028,7163
12028,7164
12028,7165
12028,7166
12028,7167
12028,7168
12028,7169
12028,7170
12028,7171
12028,7172
12028,7173
12028,7174
12028,7175
12028,7176
12028,7177
12028,7178
12028,7179
12028,7180
12028,7181
12028,7182
12028,7183
12028,7184
12028,7185
12028,7186
12028,7187
12028,7188
12028,7189
12028,7190
12028,7191
12028,7192
12028,7193
12028,7194
12028,7195
12028,7196
12028,7197
12028,7198
12028,7199
12028,7200
12028,7201
12028,7202
12028,7203
12028,7204
12028,7205
12028,7206
12028,7207
12028,7208
12028,7209
12028,7210
12028,7211
12028,7212
12028,7213
12028,7214
12028,7215
12028,7216
12028,7217
12028,7218
12028,7219
12028,7220
12028,7221
12028,7222
12028,7223
12028,7224
12028,7225
12028,7226
12028,7227
12028,7228
12028,7229
12028,7230
12028,7231
12028,7232
12028,7233
12028,7234
12028,7235
12028,7236
12028,7237
12028,7238
12028,7239
12028,7240
12028,7241
12028,7242
12028,7243
12028,7244
12028,7245
12028,7246
12028,7247
12028,7248
12028,7249
12028,7250
12028,7251
12028,7252
12028,7253
12028,7254
12028,7255
12028,7256
12028,7257
12028,7258
12028,7259
12028,7260
12028,7261
12028,7262
12028,7263
12028,7264
12028,7265
12028,7266
12028,7267
12028,7268
12028,7269
12028,7270
12028,7271
12028,7272
12028,7273
12028,7274
12028,7275
12028,7276
12028,7277
12028,7278
12028,7279
12028,7280
12028,7281
12028,7282
12028,7283
12028,7284
12028,7285
12028,7286
12028,7287
12028,7288
12028,7289
12028,7290
12028,7291
12028,7292
12028,7293
12028,7294
12028,7295
12028,7296
12028,7297
12028,7298
12029,7107
12029,7108
12029,7109
12029,7110
12029,7111
12029,7112
12029,7113
12029,7114
12029,7115
12029,7116
12029,7117
12029,7118
12029,7119
12029,7120
12029,7121
12029,7122
12029,7123
12029,7124
12029,7125
12029,7126
12029,7127
12029,7128
12029,7129
12029,7130
12029,7131
12029,7132
12029,7133
12029,7134
12029,7135
12029,7136
12029,7137
12029,7138
12029,7139
12029,7140
12029,7141
12029,7142
12029,7143
12029,7144
12029,7145
12029,7146
12029,7147
12029,7148
12029,7149
12029,7150
12029,7151
12029,7152
12029,7153
12029,7154
12029,7155
12029,7156
12029,7157
12029,7158
12029,7159
12029,7160
12029,7161
12029,7162
12029,7163
12029,7164
12029,7165
12029,7166
12029,7167
12029,7168
12029,7169
12029,7170
12029,7171
12029,7172
12029,7173
12029,7174
12029,7175
12029,7176
12029,7177
12029,7178
12029,7179
12029,7180
12029,7181
12029,7182
12029,7183
12029,7184
12029,7185
12029,7186
12029,7187
12029,7188
12029,7189
12029,7190
12029,7191
12029,7192
12029,7193
12029,7194
12029,7195
12029,7196
12029,7197
12029,7198
12029,7199
12029,7200
12029,7201
12029,7202
12029,7203
12029,7204
12029,7205
12029,7206
12029,7207
12029,7208
12029,7209
12029,7210
12029,7211
12029,7212
12029,7213
12029,7214
12029,7215
12029,7216
12029,7217
12029,7218
12029,7219
12029,7220
12029,7221
12029,7222
12029,7223
12029,7224
12029,7225
12029,7226
12029,7227
12029,7228
12029,7229
12029,7230
12029,7231
12029,7232
12029,7233
12029,7234
12029,7235
12029,7236
12029,7237
12029,7238
12029,7239
12029,7240
12029,7241
12029,7242
12029,7243
12029,7244
12029,7245
12029,7246
12029,7247
12029,7248
12029,7249
12029,7250
12029,7251
12029,7252
12029,7253
12029,7254
12029,7255
12029,7256
12029,7257
12029,7258
12029,7259
12029,7260
12029,7261
12029,7262
12029,7263
12029,7264
12029,7265
12029,7266
12029,7267
12029,7268
12029,7269
12029,7270
12029,7271
12029,7272
12029,7273
12029,7274
12029,7275
12029,7276
12029,7277
12029,7278
12029,7279
12029,7280
12029,7281
12029,7282
12029,7283
12029,7284
12029,7285
12029,7286
12029,7287
12029,7288
12029,7289
12029,7290
12029,7291
12029,7292
12029,7293
12029,7294
12029,7295
12029,7296
12029,7297
12029,7298
12030,7109
12030,7113
12030,7114
12030,7115
12030,7116
12030,7117
12030,7118
12030,7119
12030,7120
12030,7121
12030,7122
12030,7123
12030,7124
12030,7125
12030,7126
12030,7127
12030,7128
12030,7129
12030,7130
12030,7131
12030,7132
12030,7133
12030,7134
12030,7135
12030,7136
12030,7137
12030,7138
12030,7139
12030,7140
12030,7141
12030,7142
12030,7143
12030,7144
12030,7145
12030,7146
12030,7147
12030,7148
12030,7149
12030,7150
12030,7151
12030,7152
12030,7153
12030,7154
12030,7155
12030,7156
12030,7157
12030,7158
12030,7159
12030,7160
12030,7161
12030,7162
12030,7163
12030,7164
12030,7165
12030,7166
12030,7167
12030,7168
12030,7169
12030,7170
12030,7171
12030,7172
12030,7173
12030,7174
12030,7175
12030,7176
12030,7177
12030,7178
12030,7179
12030,7180
12030,7181
12030,7182
12030,7183
12030,7184
12030,7185
12030,7186
12030,7187
12030,7188
12030,7189
12030,7190
12030,7191
12030,7192
12030,7193
12030,7194
12030,7195
12030,7196
12030,7197
12030,7198
12030,7199
12030,7200
12030,7201
12030,7202
12030,7203
12030,7204
12030,7205
12030,7206
12030,7207
12030,7208
12030,7209
12030,7210
12030,7211
12030,7212
12030,7213
12030,7214
12030,7215
12030,7216
12030,7217
12030,7218
12030,7219
12030,7220
12030,7221
12030,7222
12030,7223
12030,7224
12030,7225
12030,7226
12030,7227
12030,7228
12030,7229
12030,7230
12030,7231
12030,7232
12030,7233
12030,7234
12030,7235
12030,7236
12030,7237
12030,7238
12030,7239
12030,7240
12030,7241
12030,7242
12030,7243
12030,7244
12030,7245
12030,7246
12030,7247
12030,7248
12030,7249
12030,7250
12030,7251
12030,7252
12030,7253
12030,7254
12030,7255
12030,7256
12030,7257
12030,7258
12030,7259
12030,7260
12030,7261
12030,7262
12030,7263
12030,7264
12030,7265
12030,7266
12030,7267
12030,7268
12030,7269
12030,7270
12030,7271
12030,7272
12030,7273
12030,7274
12030,7275
12030,7276
12030,7277
12030,7278
12030,7279
12030,7280
12030,7281
12030,7282
12030,7283
12030,7284
12030,7285
12030,7286
12030,7287
12030,7288
12030,7289
12030,7290
12030,7291
12030,7292
12030,7293
12030,7294
12030,7295
12030,7296
12030,7297
12030,7298
12031,7113
12031,7114
12031,7115
12031,7116
12031,7117
12031,7118
12031,7119
12031,7120
12031,7121
12031,7122
12031,7123
12031,7124
12031,7125
12031,7126
12031,7127
12031,7128
12031,7129
12031,7130
12031,7131
12031,7132
12031,7133
12031,7134
12031,7135
12031,7136
12031,7137
12031,7138
12031,7139
12031,7140
12031,7141
12031,7142
12031,7143
12031,7144
12031,7145
12031,7146
12031,7147
12031,7148
12031,7149
12031,7150
12031,7151
12031,7152
12031,7153
12031,7154
12031,7155
12031,7156
12031,7157
12031,7158
12031,7159
12031,7160
12031,7161
12031,7162
12031,7163
12031,7164
12031,7165
12031,7166
12031,7167
12031,7168
12031,7169
12031,7170
12031,7171
12031,7172
12031,7173
12031,7174
12031,7175
12031,7176
12031,7177
12031,7178
12031,7179
12031,7180
12031,7181
12031,7182
12031,7183
12031,7184
12031,7185
12031,7186
12031,7187
12031,7188
12031,7189
12031,7190
12031,7191
12031,7192
12031,7193
12031,7194
12031,7195
12031,7196
12031,7197
12031,7198
12031,7199
12031,7200
12031,7201
12031,7202
12031,7203
12031,7204
12031,7205
12031,7206
12031,7207
12031,7208
12031,7209
12031,7210
12031,7211
12031,7212
12031,7213
12031,7214
12031,7215
12031,7216
12031,7217
12031,7218
12031,7219
12031,7220
12031,7221
12031,7222
12031,7223
12031,7224
12031,7225
12031,7226
12031,7227
12031,7228
12031,7229
12031,7230
12031,7231
12031,7232
12031,7233
12031,7234
12031,7235
12031,7236
12031,7237
12031,7238
12031,7239
12031,7240
12031,7241
12031,7242
12031,7243
12031,7244
12031,7245
12031,7246
12031,7247
12031,7248
12031,7249
12031,7250
12031,7251
12031,7252
12031,7253
12031,7254
12031,7255
12031,7256
12031,7257
12031,7258
12031,7259
12031,7260
12031,7261
12031,7262
12031,7263
12031,7264
12031,7265
12031,7266
12031,7267
12031,7268
12031,7269
12031,7270
12031,7271
12031,7272
12031,7273
12031,7274
12031,7275
12031,7276
12031,7277
12031,7278
12031,7279
12031,7280
12031,7281
12031,7282
12031,7283
12031,7284
12031,7285
12031,7286
12031,7287
12031,7288
12031,7289
12031,7290
12031,7291
12031,7292
12031,7293
12031,7294
12031,7295
12031,7296
12031,7297
12031,7298
12032,7114
12032,7115
12032,7116
12032,7117
12032,7118
12032,7119
12032,7120
12032,7121
12032,7122
12032,7123
12032,7124
12032,7125
12032,7126
12032,7127
12032,7128
12032,7129
12032,7130
12032,7131
12032,7132
12032,7133
12032,7134
12032,7135
12032,7136
12032,7137
12032,7138
12032,7139
12032,7140
12032,7141
12032,7142
12032,7143
12032,7144
12032,7145
12032,7146
12032,7147
12032,7148
12032,7149
12032,7150
12032,7151
12032,7152
12032,7153
12032,7154
12032,7155
12032,7156
12032,7157
12032,7158
12032,7159
12032,7160
12032,7161
12032,7162
12032,7163
12032,7164
12032,7165
12032,7166
12032,7167
12032,7168
12032,7169
12032,7170
12032,7171
12032,7172
12032,7173
12032,7174
12032,7175
12032,7176
12032,7177
12032,7178
12032,7179
12032,7180
12032,7181
12032,7182
12032,7183
12032,7184
12032,7185
12032,7186
12032,7187
12032,7188
12032,7189
12032,7190
12032,7191
12032,7192
12032,7193
12032,7194
12032,7195
12032,7196
12032,7197
12032,7198
12032,7199
12032,7200
12032,7201
12032,7202
12032,7203
12032,7204
12032,7205
12032,7206
12032,7207
12032,7208
12032,7209
12032,7210
12032,7211
12032,7212
12032,7213
12032,7214
12032,7215
12032,7216
12032,7217
12032,7218
12032,7219
12032,7220
12032,7221
12032,7222
12032,7223
12032,7224
12032,7225
12032,7226
12032,7227
12032,7228
12032,7229
12032,7230
12032,7231
12032,7232
12032,7233
12032,7234
12032,7235
12032,7236
12032,7237
12032,7238
12032,7239
12032,7240
12032,7241
12032,7242
12032,7243
12032,7244
12032,7245
12032,7246
12032,7247
12032,7248
12032,7249
12032,7250
12032,7251
12032,7252
12032,7253
12032,7254
12032,7255
12032,7256
12032,7257
12032,7258
12032,7259
12032,7260
12032,7261
12032,7262
12032,7263
12032,7264
12032,7265
12032,7266
12032,7267
12032,7268
12032,7269
12032,7270
12032,7271
12032,7272
12032,7273
12032,7274
12032,7275
12032,7276
12032,7277
12032,7278
12032,7279
12032,7280
12032,7281
12032,7282
12032,7283
12032,7284
12032,7285
12032,7286
12032,7287
12032,7288
12032,7289
12032,7290
12032,7291
12032,7292
12032,7293
12032,7294
12032,7295
12032,7296
12032,7297
12032,7298
12033,7110
12033,7111
12033,7112
12033,7113
12033,7114
12033,7115
12033,7116
12033,7117
12033,7118
12033,7119
12033,7120
12033,7121
12033,7122
12033,7123
12033,7124
12033,7125
12033,7126
12033,7127
12033,7128
12033,7129
12033,7130
12033,7131
12033,7132
12033,7133
12033,7134
12033,7135
12033,7136
12033,7137
12033,7138
12033,7139
12033,7140
12033,7141
12033,7142
12033,7143
12033,7144
12033,7145
12033,7146
12033,7147
12033,7148
12033,7149
12033,7150
12033,7151
12033,7152
12033,7153
12033,7154
12033,7155
12033,7156
12033,7157
12033,7158
12033,7159
12033,7160
12033,7161
12033,7162
12033,7163
12033,7164
12033,7165
12033,7166
12033,7167
12033,7168
12033,7169
12033,7170
12033,7171
12033,7172
12033,7173
12033,7174
12033,7175
12033,7176
12033,7177
12033,7178
12033,7179
12033,7180
12033,7181
12033,7182
12033,7183
12033,7184
12033,7185
12033,7186
12033,7187
12033,7188
12033,7189
12033,7190
12033,7191
12033,7192
12033,7193
12033,7194
12033,7195
12033,7196
12033,7197
12033,7198
12033,7199
12033,7200
12033,7201
12033,7202
12033,7203
12033,7204
12033,7205
12033,7206
12033,7207
12033,7208
12033,7209
12033,7210
12033,7211
12033,7212
12033,7213
12033,7214
12033,7215
12033,7216
12033,7217
12033,7218
12033,7219
12033,7220
12033,7221
12033,7222
12033,7223
12033,7224
12033,7225
12033,7226
12033,7227
12033,7228
12033,7229
12033,7230
12033,7231
12033,7232
12033,7233
12033,7234
12033,7235
12033,7236
12033,7237
12033,7238
12033,7239
12033,7240
12033,7241
12033,7242
12033,7243
12033,7244
12033,7245
12033,7246
12033,7247
12033,7248
12033,7249
12033,7250
12033,7251
12033,7252
12033,7253
12033,7254
12033,7255
12033,7256
12033,7257
12033,7258
12033,7259
12033,7260
12033,7261
12033,7262
12033,7263
12033,7264
12033,7265
12033,7266
12033,7267
12033,7268
12033,7269
12033,7270
12033,7271
12033,7272
12033,7273
12033,7274
12033,7275
12033,7276
12033,7277
12033,7278
12033,7279
12033,7280
12033,7281
12033,7282
12033,7283
12033,7284
12033,7285
12033,7286
12033,7287
12033,7288
12033,7289
12033,7290
12033,7291
12033,7292
12033,7293
12033,7294
12033,7295
12033,7296
12033,7297
12033,7298
12033,7299
12034,7108
12034,7109
12034,7110
12034,7111
12034,7112
12034,7113
12034,7114
12034,7115
12034,7116
12034,7117
12034,7118
12034,7119
12034,7120
12034,7121
12034,7122
12034,7123
12034,7124
12034,7125
12034,7126
12034,7127
12034,7128
12034,7129
12034,7130
12034,7131
12034,7132
12034,7133
12034,7134
12034,7135
12034,7136
12034,7137
12034,7138
12034,7139
12034,7140
12034,7141
12034,7142
12034,7143
12034,7144
12034,7145
12034,7146
12034,7147
12034,7148
12034,7149
12034,7150
12034,7151
12034,7152
12034,7153
12034,7154
12034,7155
12034,7156
12034,7157
12034,7158
12034,7159
12034,7160
12034,7161
12034,7162
12034,7163
12034,7164
12034,7165
12034,7166
12034,7167
12034,7168
12034,7169
12034,7170
12034,7171
12034,7172
12034,7173
12034,7174
12034,7175
12034,7176
12034,7177
12034,7178
12034,7179
12034,7180
12034,7181
12034,7182
12034,7183
12034,7184
12034,7185
12034,7186
12034,7187
12034,7188
12034,7189
12034,7190
12034,7191
12034,7192
12034,7193
12034,7194
12034,7195
12034,7196
12034,7197
12034,7198
12034,7199
12034,7200
12034,7201
12034,7202
12034,7203
12034,7204
12034,7205
12034,7206
12034,7207
12034,7208
12034,7209
12034,7210
12034,7211
12034,7212
12034,7213
12034,7214
12034,7215
12034,7216
12034,7217
12034,7218
12034,7219
12034,7220
12034,7221
12034,7222
12034,7223
12034,7224
12034,7225
12034,7226
12034,7227
12034,7228
12034,7229
12034,7230
12034,7231
12034,7232
12034,7233
12034,7234
12034,7235
12034,7236
12034,7237
12034,7238
12034,7239
12034,7240
12034,7241
12034,7242
12034,7243
12034,7244
12034,7245
12034,7246
12034,7247
12034,7248
12034,7249
12034,7250
12034,7251
12034,7252
12034,7253
12034,7254
12034,7255
12034,7256
12034,7257
12034,7258
12034,7259
12034,7260
12034,7261
12034,7262
12034,7263
12034,7264
12034,7265
12034,7266
12034,7267
12034,7268
12034,7269
12034,7270
12034,7271
12034,7272
12034,7273
12034,7274
12034,7275
12034,7276
12034,7277
12034,7278
12034,7279
12034,7280
12034,7281
12034,7282
12034,7283
12034,7284
12034,7285
12034,7286
12034,7287
12034,7288
12034,7289
12034,7290
12034,7291
12034,7292
12034,7293
12034,7294
12034,7295
12034,7296
12034,7297
12034,7298
12035,7107
12035,7108
12035,7109
12035,7110
12035,7111
12035,7112
12035,7113
12035,7114
12035,7115
12035,7116
12035,7117
12035,7118
12035,7119
12035,7120
12035,7121
12035,7122
12035,7123
12035,7124
12035,7125
12035,7126
12035,7127
12035,7128
12035,7129
12035,7130
12035,7131
12035,7132
12035,7133
12035,7134
12035,7135
12035,7136
12035,7137
12035,7138
12035,7139
12035,7140
12035,7141
12035,7142
12035,7143
12035,7144
12035,7145
12035,7146
12035,7147
12035,7148
12035,7149
12035,7150
12035,7151
12035,7152
12035,7153
12035,7154
12035,7155
12035,7156
12035,7157
12035,7158
12035,7159
12035,7160
12035,7161
12035,7162
12035,7163
12035,7164
12035,7165
12035,7166
12035,7167
12035,7168
12035,7169
12035,7170
12035,7171
12035,7172
12035,7173
12035,7174
12035,7175
12035,7176
12035,7177
12035,7178
12035,7179
12035,7180
12035,7181
12035,7182
12035,7183
12035,7184
12035,7185
12035,7186
12035,7187
12035,7188
12035,7189
12035,7190
12035,7191
12035,7192
12035,7193
12035,7194
12035,7195
12035,7196
12035,7197
12035,7198
12035,7199
12035,7200
12035,7201
12035,7202
12035,7203
12035,7204
12035,7205
12035,7206
12035,7207
12035,7208
12035,7209
12035,7210
12035,7211
12035,7212
12035,7213
12035,7214
12035,7215
12035,7216
12035,7217
12035,7218
12035,7219
12035,7220
12035,7221
12035,7222
12035,7223
12035,7224
12035,7225
12035,7226
12035,7227
12035,7228
12035,7229
12035,7230
12035,7231
12035,7232
12035,7233
12035,7234
12035,7235
12035,7236
12035,7237
12035,7238
12035,7239
12035,7240
12035,7241
12035,7242
12035,7243
12035,7244
12035,7245
12035,7246
12035,7247
12035,7248
12035,7249
12035,7250
12035,7251
12035,7252
12035,7253
12035,7254
12035,7255
12035,7256
12035,7257
12035,7258
12035,7259
12035,7260
12035,7261
12035,7262
12035,7263
12035,7264
12035,7265
12035,7266
12035,7267
12035,7268
12035,7269
12035,7270
12035,7271
12035,7272
12035,7273
12035,7274
12035,7275
12035,7276
12035,7277
12035,7278
12035,7279
12035,7280
12035,7281
12035,7282
12035,7283
12035,7284
12035,7285
12035,7286
12035,7287
12035,7288
12035,7289
12035,7290
12035,7291
12035,7292
12035,7293
12035,7294
12035,7295
12035,7296
12035,7297
12035,7298
12036,7106
12036,7107
12036,7108
12036,7109
12036,7110
12036,7111
12036,7112
12036,7113
12036,7114
12036,7115
12036,7116
12036,7117
12036,7118
12036,7119
12036,7120
12036,7121
12036,7122
12036,7123
12036,7124
12036,7125
12036,7126
12036,7127
12036,7128
12036,7129
12036,7130
12036,7131
12036,7132
12036,7133
12036,7134
12036,7135
12036,7136
12036,7137
12036,7138
12036,7139
12036,7140
12036,7141
12036,7142
12036,7143
12036,7144
12036,7145
12036,7146
12036,7147
12036,7148
12036,7149
12036,7150
12036,7151
12036,7152
12036,7153
12036,7154
12036,7155
12036,7156
12036,7157
12036,7158
12036,7159
12036,7160
12036,7161
12036,7162
12036,7163
12036,7164
12036,7165
12036,7166
12036,7167
12036,7168
12036,7169
12036,7170
12036,7171
12036,7172
12036,7173
12036,7174
12036,7175
12036,7176
12036,7177
12036,7178
12036,7179
12036,7180
12036,7181
12036,7182
12036,7183
12036,7184
12036,7185
12036,7186
12036,7187
12036,7188
12036,7189
12036,7190
12036,7191
12036,7192
12036,7193
12036,7194
12036,7195
12036,7196
12036,7197
12036,7198
12036,7199
12036,7200
12036,7201
12036,7202
12036,7203
12036,7204
12036,7205
12036,7206
12036,7207
12036,7208
12036,7209
12036,7210
12036,7211
12036,7212
12036,7213
12036,7214
12036,7215
12036,7216
12036,7217
12036,7218
12036,7219
12036,7220
12036,7221
12036,7222
12036,7223
12036,7224
12036,7225
12036,7226
12036,7227
12036,7228
12036,7229
12036,7230
12036,7231
12036,7232
12036,7233
12036,7234
12036,7235
12036,7236
12036,7237
12036,7238
12036,7239
12036,7240
12036,7241
12036,7242
12036,7243
12036,7244
12036,7245
12036,7246
12036,7247
12036,7248
12036,7249
12036,7250
12036,7251
12036,7252
12036,7253
12036,7254
12036,7255
12036,7256
12036,7257
12036,7258
12036,7259
12036,7260
12036,7261
12036,7262
12036,7263
12036,7264
12036,7265
12036,7266
12036,7267
12036,7268
12036,7269
12036,7270
12036,7271
12036,7272
12036,7273
12036,7274
12036,7275
12036,7276
12036,7277
12036,7278
12036,7279
12036,7280
12036,7281
12036,7282
12036,7283
12036,7284
12036,7285
12036,7286
12036,7287
12036,7288
12036,7289
12036,7290
12036,7291
12036,7292
12036,7293
12036,7294
12036,7295
12036,7296
12036,7297
12037,7106
12037,7107
12037,7108
12037,7109
12037,7110
12037,7111
12037,7112
12037,7113
12037,7114
12037,7115
12037,7116
12037,7117
12037,7118
12037,7119
12037,7120
12037,7121
12037,7122
12037,7123
12037,7124
12037,7125
12037,7126
12037,7127
12037,7128
12037,7129
12037,7130
12037,7131
12037,7132
12037,7133
12037,7134
12037,7135
12037,7136
12037,7137
12037,7138
12037,7139
12037,7140
12037,7141
12037,7142
12037,7143
12037,7144
12037,7145
12037,7146
12037,7147
12037,7148
12037,7149
12037,7150
12037,7151
12037,7152
12037,7153
12037,7154
12037,7155
12037,7156
12037,7157
12037,7158
12037,7159
12037,7160
12037,7161
12037,7162
12037,7163
12037,7164
12037,7165
12037,7166
12037,7167
12037,7168
12037,7169
12037,7170
12037,7171
12037,7172
12037,7173
12037,7174
12037,7175
12037,7176
12037,7177
12037,7178
12037,7179
12037,7180
12037,7181
12037,7182
12037,7183
12037,7184
12037,7185
12037,7186
12037,7187
12037,7188
12037,7189
12037,7190
12037,7191
12037,7192
12037,7193
12037,7194
12037,7195
12037,7196
12037,7197
12037,7198
12037,7199
12037,7200
12037,7201
12037,7202
12037,7203
12037,7204
12037,7205
12037,7206
12037,7207
12037,7208
12037,7209
12037,7210
12037,7211
12037,7212
12037,7213
12037,7214
12037,7215
12037,7216
12037,7217
12037,7218
12037,7219
12037,7220
12037,7221
12037,7222
12037,7223
12037,7224
12037,7225
12037,7226
12037,7227
12037,7228
12037,7229
12037,7230
12037,7231
12037,7232
12037,7233
12037,7234
12037,7235
12037,7236
12037,7237
12037,7238
12037,7239
12037,7240
12037,7241
12037,7242
12037,7243
12037,7244
12037,7245
12037,7246
12037,7247
12037,7248
12037,7249
12037,7250
12037,7251
12037,7252
12037,7253
12037,7254
12037,7255
12037,7256
12037,7257
12037,7258
12037,7259
12037,7260
12037,7261
12037,7262
12037,7263
12037,7264
12037,7265
12037,7266
12037,7267
12037,7268
12037,7269
12037,7270
12037,7271
12037,7272
12037,7273
12037,7274
12037,7275
12037,7276
12037,7277
12037,7278
12037,7279
12037,7280
12037,7281
12037,7282
12037,7283
12037,7284
12037,7285
12037,7286
12037,7287
12037,7288
12037,7289
12037,7290
12037,7291
12037,7292
12037,7293
12037,7294
12037,7295
12037,7296
12038,7105
12038,7106
12038,7107
12038,7108
12038,7109
12038,7110
12038,7111
12038,7112
12038,7113
12038,7114
12038,7115
12038,7116
12038,7117
12038,7118
12038,7119
12038,7120
12038,7121
12038,7122
12038,7123
12038,7124
12038,7125
12038,7126
12038,7127
12038,7128
12038,7129
12038,7130
12038,7131
12038,7132
12038,7133
12038,7134
12038,7135
12038,7136
12038,7137
12038,7138
12038,7139
12038,7140
12038,7141
12038,7142
12038,7143
12038,7144
12038,7145
12038,7146
12038,7147
12038,7148
12038,7149
12038,7150
12038,7151
12038,7152
12038,7153
12038,7154
12038,7155
12038,7156
12038,7157
12038,7158
12038,7159
12038,7160
12038,7161
12038,7162
12038,7163
12038,7164
12038,7165
12038,7166
12038,7167
12038,7168
12038,7169
12038,7170
12038,7171
12038,7172
12038,7173
12038,7174
12038,7175
12038,7176
12038,7177
12038,7178
12038,7179
12038,7180
12038,7181
12038,7182
12038,7183
12038,7184
12038,7185
12038,7186
12038,7187
12038,7188
12038,7189
12038,7190
12038,7191
12038,7192
12038,7193
12038,7194
12038,7195
12038,7196
12038,7197
12038,7198
12038,7199
12038,7200
12038,7201
12038,7202
12038,7203
12038,7204
12038,7205
12038,7206
12038,7207
12038,7208
12038,7209
12038,7210
12038,7211
12038,7212
12038,7213
12038,7214
12038,7215
12038,7216
12038,7217
12038,7218
12038,7219
12038,7220
12038,7221
12038,7222
12038,7223
12038,7224
12038,7225
12038,7226
12038,7227
12038,7228
12038,7229
12038,7230
12038,7231
12038,7232
12038,7233
12038,7234
12038,7235
12038,7236
12038,7237
12038,7238
12038,7239
12038,7240
12038,7241
12038,7242
12038,7243
12038,7244
12038,7245
12038,7246
12038,7247
12038,7248
12038,7249
12038,7250
12038,7251
12038,7252
12038,7253
12038,7254
12038,7255
12038,7256
12038,7257
12038,7258
12038,7259
12038,7260
12038,7261
12038,7262
12038,7263
12038,7264
12038,7265
12038,7266
12038,7267
12038,7268
12038,7269
12038,7270
12038,7271
12038,7272
12038,7273
12038,7274
12038,7275
12038,7276
12038,7277
12038,7278
12038,7279
12038,7280
12038,7281
12038,7282
12038,7283
12038,7284
12038,7285
12038,7286
12038,7287
12038,7288
12038,7289
12038,7290
12038,7291
12038,7292
12038,7294
12039,7105
12039,7106
12039,7107
12039,7108
12039,7109
12039,7110
12039,7111
12039,7112
12039,7113
12039,7114
12039,7115
12039,7116
12039,7117
12039,7118
12039,7119
12039,7120
12039,7121
12039,7122
12039,7123
12039,7124
12039,7125
12039,7126
12039,7127
12039,7128
12039,7129
12039,7130
12039,7131
12039,7132
12039,7133
12039,7134
12039,7135
12039,7136
12039,7137
12039,7138
12039,7139
12039,7140
12039,7141
12039,7142
12039,7143
12039,7144
12039,7145
12039,7146
12039,7147
12039,7148
12039,7149
12039,7150
12039,7151
12039,7152
12039,7153
12039,7154
12039,7155
12039,7156
12039,7157
12039,7158
12039,7159
12039,7160
12039,7161
12039,7162
12039,7163
12039,7164
12039,7165
12039,7166
12039,7167
12039,7168
12039,7169
12039,7170
12039,7171
12039,7172
12039,7173
12039,7174
12039,7175
12039,7176
12039,7177
12039,7178
12039,7179
12039,7180
12039,7181
12039,7182
12039,7183
12039,7184
12039,7185
12039,7186
12039,7187
12039,7188
12039,7189
12039,7190
12039,7191
12039,7192
12039,7193
12039,7194
12039,7195
12039,7196
12039,7197
12039,7198
12039,7199
12039,7200
12039,7201
12039,7202
12039,7203
12039,7204
12039,7205
12039,7206
12039,7207
12039,7208
12039,7209
12039,7210
12039,7211
12039,7212
12039,7213
12039,7214
12039,7215
12039,7216
12039,7217
12039,7218
12039,7219
12039,7220
12039,7221
12039,7222
12039,7223
12039,7224
12039,7225
12039,7226
12039,7227
12039,7228
12039,7229
12039,7230
12039,7231
12039,7232
12039,7233
12039,7234
12039,7235
12039,7236
12039,7237
12039,7238
12039,7239
12039,7240
12039,7241
12039,7242
12039,7243
12039,7244
12039,7245
12039,7246
12039,7247
12039,7248
12039,7249
12039,7250
12039,7251
12039,7252
12039,7253
12039,7254
12039,7255
12039,7256
12039,7257
12039,7258
12039,7259
12039,7260
12039,7261
12039,7262
12039,7263
12039,7264
12039,7265
12039,7266
12039,7267
12039,7268
12039,7269
12039,7270
12039,7271
12039,7272
12039,7273
12039,7274
12039,7275
12039,7276
12039,7277
12039,7278
12039,7279
12039,7280
12039,7281
12039,7282
12039,7283
12039,7284
12039,7285
12039,7286
12039,7287
12039,7288
12039,7289
12039,7290
12039,7291
12039,7292
12040,7103
12040,7104
12040,7105
12040,7106
12040,7107
12040,7108
12040,7109
12040,7110
12040,7111
12040,7112
12040,7113
12040,7114
12040,7115
12040,7116
12040,7117
12040,7118
12040,7119
12040,7120
12040,7121
12040,7122
12040,7123
12040,7124
12040,7125
12040,7126
12040,7127
12040,7128
12040,7129
12040,7130
12040,7131
12040,7132
12040,7133
12040,7134
12040,7135
12040,7136
12040,7137
12040,7138
12040,7139
12040,7140
12040,7141
12040,7142
12040,7143
12040,7144
12040,7145
12040,7146
12040,7147
12040,7148
12040,7149
12040,7150
12040,7151
12040,7152
12040,7153
12040,7154
12040,7155
12040,7156
12040,7157
12040,7158
12040,7159
12040,7160
12040,7161
12040,7162
12040,7163
12040,7164
12040,7165
12040,7166
12040,7167
12040,7168
12040,7169
12040,7170
12040,7171
12040,7172
12040,7173
12040,7174
12040,7175
12040,7176
12040,7177
12040,7178
12040,7179
12040,7180
12040,7181
12040,7182
12040,7183
12040,7184
12040,7185
12040,7186
12040,7187
12040,7188
12040,7189
12040,7190
12040,7191
12040,7192
12040,7193
12040,7194
12040,7195
12040,7196
12040,7197
12040,7198
12040,7199
12040,7200
12040,7201
12040,7202
12040,7203
12040,7204
12040,7205
12040,7206
12040,7207
12040,7208
12040,7209
12040,7210
12040,7211
12040,7212
12040,7213
12040,7214
12040,7215
12040,7216
12040,7217
12040,7218
12040,7219
12040,7220
12040,7221
12040,7222
12040,7223
12040,7224
12040,7225
12040,7226
12040,7227
12040,7228
12040,7229
12040,7230
12040,7231
12040,7232
12040,7233
12040,7234
12040,7235
12040,7236
12040,7237
12040,7238
12040,7239
12040,7240
12040,7241
12040,7242
12040,7243
12040,7244
12040,7245
12040,7246
12040,7247
12040,7248
12040,7249
12040,7250
12040,7251
12040,7252
12040,7253
12040,7254
12040,7255
12040,7256
12040,7257
12040,7258
12040,7259
12040,7260
12040,7261
12040,7262
12040,7263
12040,7264
12040,7265
12040,7266
12040,7267
12040,7268
12040,7269
12040,7270
12040,7271
12040,7272
12040,7273
12040,7274
12040,7275
12040,7276
12040,7277
12040,7278
12040,7279
12040,7280
12040,7281
12040,7282
12040,7283
12040,7284
12040,7285
12040,7286
12040,7287
12040,7288
12040,7289
12040,7290
12040,7291
12041,7102
12041,7103
12041,7104
12041,7105
12041,7106
12041,7107
12041,7108
12041,7109
12041,7110
12041,7111
12041,7112
12041,7113
12041,7114
12041,7115
12041,7116
12041,7117
12041,7118
12041,7119
12041,7120
12041,7121
12041,7122
12041,7123
12041,7124
12041,7125
12041,7126
12041,7127
12041,7128
12041,7129
12041,7130
12041,7131
12041,7132
12041,7133
12041,7134
12041,7135
12041,7136
12041,7137
12041,7138
12041,7139
12041,7140
12041,7141
12041,7142
12041,7143
12041,7144
12041,7145
12041,7146
12041,7147
12041,7148
12041,7149
12041,7150
12041,7151
12041,7152
12041,7153
12041,7154
12041,7155
12041,7156
12041,7157
12041,7158
12041,7159
12041,7160
12041,7161
12041,7162
12041,7163
12041,7164
12041,7165
12041,7166
12041,7167
12041,7168
12041,7169
12041,7170
12041,7171
12041,7172
12041,7173
12041,7174
12041,7175
12041,7176
12041,7177
12041,7178
12041,7179
12041,7180
12041,7181
12041,7182
12041,7183
12041,7184
12041,7185
12041,7186
12041,7187
12041,7188
12041,7189
12041,7190
12041,7191
12041,7192
12041,7193
12041,7194
12041,7195
12041,7196
12041,7197
12041,7198
12041,7199
12041,7200
12041,7201
12041,7202
12041,7203
12041,7204
12041,7205
12041,7206
12041,7207
12041,7208
12041,7209
12041,7210
12041,7211
12041,7212
12041,7213
12041,7214
12041,7215
12041,7216
12041,7217
12041,7218
12041,7219
12041,7220
12041,7221
12041,7222
12041,7223
12041,7224
12041,7225
12041,7226
12041,7227
12041,7228
12041,7229
12041,7230
12041,7231
12041,7232
12041,7233
12041,7234
12041,7235
12041,7236
12041,7237
12041,7238
12041,7239
12041,7240
12041,7241
12041,7242
12041,7243
12041,7244
12041,7245
12041,7246
12041,7247
12041,7248
12041,7249
12041,7250
12041,7251
12041,7252
12041,7253
12041,7254
12041,7255
12041,7256
12041,7257
12041,7258
12041,7259
12041,7260
12041,7261
12041,7262
12041,7263
12041,7264
12041,7265
12041,7266
12041,7267
12041,7268
12041,7269
12041,7270
12041,7271
12041,7272
12041,7273
12041,7274
12041,7275
12041,7276
12041,7277
12041,7278
12041,7279
12041,7280
12041,7281
12041,7282
12041,7283
12041,7284
12041,7285
12041,7286
12041,7287
12041,7288
12041,7289
12041,7290
12041,7291
12042,7101
12042,7102
12042,7103
12042,7104
12042,7105
12042,7106
12042,7107
12042,7108
12042,7109
12042,7110
12042,7111
12042,7112
12042,7113
12042,7114
12042,7115
12042,7116
12042,7117
12042,7118
12042,7119
12042,7120
12042,7121
12042,7122
12042,7123
12042,7124
12042,7125
12042,7126
12042,7127
12042,7128
12042,7129
12042,7130
12042,7131
12042,7132
12042,7133
12042,7134
12042,7135
12042,7136
12042,7137
12042,7138
12042,7139
12042,7140
12042,7141
12042,7142
12042,7143
12042,7144
12042,7145
12042,7146
12042,7147
12042,7148
12042,7149
12042,7150
12042,7151
12042,7152
12042,7153
12042,7154
12042,7155
12042,7156
12042,7157
12042,7158
12042,7159
12042,7160
12042,7161
12042,7162
12042,7163
12042,7164
12042,7165
12042,7166
12042,7167
12042,7168
12042,7169
12042,7170
12042,7171
12042,7172
12042,7173
12042,7174
12042,7175
12042,7176
12042,7177
12042,7178
12042,7179
12042,7180
12042,7181
12042,7182
12042,7183
12042,7184
12042,7185
12042,7186
12042,7187
12042,7188
12042,7189
12042,7190
12042,7191
12042,7192
12042,7193
12042,7194
12042,7195
12042,7196
12042,7197
12042,7198
12042,7199
12042,7200
12042,7201
12042,7202
12042,7203
12042,7204
12042,7205
12042,7206
12042,7207
12042,7208
12042,7209
12042,7210
12042,7211
12042,7212
12042,7213
12042,7214
12042,7215
12042,7216
12042,7217
12042,7218
12042,7219
12042,7220
12042,7221
12042,7222
12042,7223
12042,7224
12042,7225
12042,7226
12042,7227
12042,7228
12042,7229
12042,7230
12042,7231
12042,7232
12042,7233
12042,7234
12042,7235
12042,7236
12042,7237
12042,7238
12042,7239
12042,7240
12042,7241
12042,7242
12042,7243
12042,7244
12042,7245
12042,7246
12042,7247
12042,7248
12042,7249
12042,7250
12042,7251
12042,7252
12042,7253
12042,7254
12042,7255
12042,7256
12042,7257
12042,7258
12042,7259
12042,7260
12042,7261
12042,7262
12042,7263
12042,7264
12042,7265
12042,7266
12042,7267
12042,7268
12042,7269
12042,7270
12042,7271
12042,7272
12042,7273
12042,7274
12042,7275
12042,7276
12042,7277
12042,7278
12042,7279
12042,7280
12042,7281
12042,7282
12042,7283
12042,7284
12042,7285
12042,7286
12042,7287
12042,7288
12042,7289
12042,7290
12043,7101
12043,7102
12043,7103
12043,7104
12043,7105
12043,7106
12043,7107
12043,7108
12043,7109
12043,7110
12043,7111
12043,7112
12043,7113
12043,7114
12043,7115
12043,7116
12043,7117
12043,7118
12043,7119
12043,7120
12043,7121
12043,7122
12043,7123
12043,7124
12043,7125
12043,7126
12043,7127
12043,7128
12043,7129
12043,7130
12043,7131
12043,7132
12043,7133
12043,7134
12043,7135
12043,7136
12043,7137
12043,7138
12043,7139
12043,7140
12043,7141
12043,7142
12043,7143
12043,7144
12043,7145
12043,7146
12043,7147
12043,7148
12043,7149
12043,7150
12043,7151
12043,7152
12043,7153
12043,7154
12043,7155
12043,7156
12043,7157
12043,7158
12043,7159
12043,7160
12043,7161
12043,7162
12043,7163
12043,7164
12043,7165
12043,7166
12043,7167
12043,7168
12043,7169
12043,7170
12043,7171
12043,7172
12043,7173
12043,7174
12043,7175
12043,7176
12043,7177
12043,7178
12043,7179
12043,7180
12043,7181
12043,7182
12043,7183
12043,7184
12043,7185
12043,7186
12043,7187
12043,7188
12043,7189
12043,7190
12043,7191
12043,7192
12043,7193
12043,7194
12043,7195
12043,7196
12043,7197
12043,7198
12043,7199
12043,7200
12043,7201
12043,7202
12043,7203
12043,7204
12043,7205
12043,7206
12043,7207
12043,7208
12043,7209
12043,7210
12043,7211
12043,7212
12043,7213
12043,7214
12043,7215
12043,7216
12043,7217
12043,7218
12043,7219
12043,7220
12043,7221
12043,7222
12043,7223
12043,7224
12043,7225
12043,7226
12043,7227
12043,7228
12043,7229
12043,7230
12043,7231
12043,7232
12043,7233
12043,7234
12043,7235
12043,7236
12043,7237
12043,7238
12043,7239
12043,7240
12043,7241
12043,7242
12043,7243
12043,7244
12043,7245
12043,7246
12043,7247
12043,7248
12043,7249
12043,7250
12043,7251
12043,7252
12043,7253
12043,7254
12043,7255
12043,7256
12043,7257
12043,7258
12043,7259
12043,7260
12043,7261
12043,7262
12043,7263
12043,7264
12043,7265
12043,7266
12043,7267
12043,7268
12043,7269
12043,7270
12043,7271
12043,7272
12043,7273
12043,7274
12043,7275
12043,7276
12043,7277
12043,7278
12043,7279
12043,7280
12043,7281
12043,7282
12043,7283
12043,7284
12043,7285
12043,7286
12043,7287
12043,7288
12043,7289
12043,7290
12044,7101
12044,7102
12044,7103
12044,7104
12044,7105
12044,7106
12044,7107
12044,7108
12044,7109
12044,7110
12044,7111
12044,7112
12044,7113
12044,7114
12044,7115
12044,7116
12044,7117
12044,7118
12044,7119
12044,7120
12044,7121
12044,7122
12044,7123
12044,7124
12044,7125
12044,7126
12044,7127
12044,7128
12044,7129
12044,7130
12044,7131
12044,7132
12044,7133
12044,7134
12044,7135
12044,7136
12044,7137
12044,7138
12044,7139
12044,7140
12044,7141
12044,7142
12044,7143
12044,7144
12044,7145
12044,7146
12044,7147
12044,7148
12044,7149
12044,7150
12044,7151
12044,7152
12044,7153
12044,7154
12044,7155
12044,7156
12044,7157
12044,7158
12044,7159
12044,7160
12044,7161
12044,7162
12044,7163
12044,7164
12044,7165
12044,7166
12044,7167
12044,7168
12044,7169
12044,7170
12044,7171
12044,7172
12044,7173
12044,7174
12044,7175
12044,7176
12044,7177
12044,7178
12044,7179
12044,7180
12044,7181
12044,7182
12044,7183
12044,7184
12044,7185
12044,7186
12044,7187
12044,7188
12044,7189
12044,7190
12044,7191
12044,7192
12044,7193
12044,7194
12044,7195
12044,7196
12044,7197
12044,7198
12044,7199
12044,7200
12044,7201
12044,7202
12044,7203
12044,7204
12044,7205
12044,7206
12044,7207
12044,7208
12044,7209
12044,7210
12044,7211
12044,7212
12044,7213
12044,7214
12044,7215
12044,7216
12044,7217
12044,7218
12044,7219
12044,7220
12044,7221
12044,7222
12044,7223
12044,7224
12044,7225
12044,7226
12044,7227
12044,7228
12044,7229
12044,7230
12044,7231
12044,7232
12044,7233
12044,7234
12044,7235
12044,7236
12044,7237
12044,7238
12044,7239
12044,7240
12044,7241
12044,7242
12044,7243
12044,7244
12044,7245
12044,7246
12044,7247
12044,7248
12044,7249
12044,7250
12044,7251
12044,7252
12044,7253
12044,7254
12044,7255
12044,7256
12044,7257
12044,7258
12044,7259
12044,7260
12044,7261
12044,7262
12044,7263
12044,7264
12044,7265
12044,7266
12044,7267
12044,7268
12044,7269
12044,7270
12044,7271
12044,7272
12044,7273
12044,7274
12044,7275
12044,7276
12044,7277
12044,7278
12044,7279
12044,7280
12044,7281
12044,7282
12044,7283
12044,7284
12044,7285
12044,7286
12044,7287
12044,7288
12044,7289
12044,7290
12045,7100
12045,7101
12045,7102
12045,7103
12045,7104
12045,7105
12045,7106
12045,7107
12045,7108
12045,7109
12045,7110
12045,7111
12045,7112
12045,7113
12045,7114
12045,7115
12045,7116
12045,7117
12045,7118
12045,7119
12045,7120
12045,7121
12045,7122
12045,7123
12045,7124
12045,7125
12045,7126
12045,7127
12045,7128
12045,7129
12045,7130
12045,7131
12045,7132
12045,7133
12045,7134
12045,7135
12045,7136
12045,7137
12045,7138
12045,7139
12045,7140
12045,7141
12045,7142
12045,7143
12045,7144
12045,7145
12045,7146
12045,7147
12045,7148
12045,7149
12045,7150
12045,7151
12045,7152
12045,7153
12045,7154
12045,7155
12045,7156
12045,7157
12045,7158
12045,7159
12045,7160
12045,7161
12045,7162
12045,7163
12045,7164
12045,7165
12045,7166
12045,7167
12045,7168
12045,7169
12045,7170
12045,7171
12045,7172
12045,7173
12045,7174
12045,7175
12045,7176
12045,7177
12045,7178
12045,7179
12045,7180
12045,7181
12045,7182
12045,7183
12045,7184
12045,7185
12045,7186
12045,7187
12045,7188
12045,7189
12045,7190
12045,7191
12045,7192
12045,7193
12045,7194
12045,7195
12045,7196
12045,7197
12045,7198
12045,7199
12045,7200
12045,7201
12045,7202
12045,7203
12045,7204
12045,7205
12045,7206
12045,7207
12045,7208
12045,7209
12045,7210
12045,7211
12045,7212
12045,7213
12045,7214
12045,7215
12045,7216
12045,7217
12045,7218
12045,7219
12045,7220
12045,7221
12045,7222
12045,7223
12045,7224
12045,7225
12045,7226
12045,7227
12045,7228
12045,7229
12045,7230
12045,7231
12045,7232
12045,7233
12045,7234
12045,7235
12045,7236
12045,7237
12045,7238
12045,7239
12045,7240
12045,7241
12045,7242
12045,7243
12045,7244
12045,7245
12045,7246
12045,7247
12045,7248
12045,7249
12045,7250
12045,7251
12045,7252
12045,7253
12045,7254
12045,7255
12045,7256
12045,7257
12045,7258
12045,7259
12045,7260
12045,7261
12045,7262
12045,7263
12045,7264
12045,7265
12045,7266
12045,7267
12045,7268
12045,7269
12045,7270
12045,7271
12045,7272
12045,7273
12045,7274
12045,7275
12045,7276
12045,7277
12045,7278
12045,7279
12045,7280
12045,7281
12045,7282
12045,7283
12045,7284
12045,7285
12045,7286
12045,7287
12045,7288
12045,7289
12046,7101
12046,7102
12046,7103
12046,7104
12046,7105
12046,7106
12046,7107
12046,7108
12046,7109
12046,7110
12046,7111
12046,7112
12046,7113
12046,7114
12046,7115
12046,7116
12046,7117
12046,7118
12046,7119
12046,7120
12046,7121
12046,7122
12046,7123
12046,7124
12046,7125
12046,7126
12046,7127
12046,7128
12046,7129
12046,7130
12046,7131
12046,7132
12046,7133
12046,7134
12046,7135
12046,7136
12046,7137
12046,7138
12046,7139
12046,7140
12046,7141
12046,7142
12046,7143
12046,7144
12046,7145
12046,7146
12046,7147
12046,7148
12046,7149
12046,7150
12046,7151
12046,7152
12046,7153
12046,7154
12046,7155
12046,7156
12046,7157
12046,7158
12046,7159
12046,7160
12046,7161
12046,7162
12046,7163
12046,7164
12046,7165
12046,7166
12046,7167
12046,7168
12046,7169
12046,7170
12046,7171
12046,7172
12046,7173
12046,7174
12046,7175
12046,7176
12046,7177
12046,7178
12046,7179
12046,7180
12046,7181
12046,7182
12046,7183
12046,7184
12046,7185
12046,7186
12046,7187
12046,7188
12046,7189
12046,7190
12046,7191
12046,7192
12046,7193
12046,7194
12046,7195
12046,7196
12046,7197
12046,7198
12046,7199
12046,7200
12046,7201
12046,7202
12046,7203
12046,7204
12046,7205
12046,7206
12046,7207
12046,7208
12046,7209
12046,7210
12046,7211
12046,7212
12046,7213
12046,7214
12046,7215
12046,7216
12046,7217
12046,7218
12046,7219
12046,7220
12046,7221
12046,7222
12046,7223
12046,7224
12046,7225
12046,7226
12046,7227
12046,7228
12046,7229
12046,7230
12046,7231
12046,7232
12046,7233
12046,7234
12046,7235
12046,7236
12046,7237
12046,7238
12046,7239
12046,7240
12046,7241
12046,7242
12046,7243
12046,7244
12046,7245
12046,7246
12046,7247
12046,7248
12046,7249
12046,7250
12046,7251
12046,7252
12046,7253
12046,7254
12046,7255
12046,7256
12046,7257
12046,7258
12046,7259
12046,7260
12046,7261
12046,7262
12046,7263
12046,7264
12046,7265
12046,7266
12046,7267
12046,7268
12046,7269
12046,7270
12046,7271
12046,7272
12046,7273
12046,7274
12046,7275
12046,7276
12046,7277
12046,7278
12046,7279
12046,7280
12046,7281
12046,7282
12046,7283
12046,7284
12046,7285
12046,7286
12046,7287
12046,7288
12046,7289
12046,7290
12047,7101
12047,7102
12047,7103
12047,7104
12047,7105
12047,7106
12047,7107
12047,7108
12047,7109
12047,7110
12047,7111
12047,7112
12047,7113
12047,7114
12047,7115
12047,7116
12047,7117
12047,7118
12047,7119
12047,7120
12047,7121
12047,7122
12047,7123
12047,7124
12047,7125
12047,7126
12047,7127
12047,7128
12047,7129
12047,7130
12047,7131
12047,7132
12047,7133
12047,7134
12047,7135
12047,7136
12047,7137
12047,7138
12047,7139
12047,7140
12047,7141
12047,7142
12047,7143
12047,7144
12047,7145
12047,7146
12047,7147
12047,7148
12047,7149
12047,7150
12047,7151
12047,7152
12047,7153
12047,7154
12047,7155
12047,7156
12047,7157
12047,7158
12047,7159
12047,7160
12047,7161
12047,7162
12047,7163
12047,7164
12047,7165
12047,7166
12047,7167
12047,7168
12047,7169
12047,7170
12047,7171
12047,7172
12047,7173
12047,7174
12047,7175
12047,7176
12047,7177
12047,7178
12047,7179
12047,7180
12047,7181
12047,7182
12047,7183
12047,7184
12047,7185
12047,7186
12047,7187
12047,7188
12047,7189
12047,7190
12047,7191
12047,7192
12047,7193
12047,7194
12047,7195
12047,7196
12047,7197
12047,7198
12047,7199
12047,7200
12047,7201
12047,7202
12047,7203
12047,7204
12047,7205
12047,7206
12047,7207
12047,7208
12047,7209
12047,7210
12047,7211
12047,7212
12047,7213
12047,7214
12047,7215
12047,7216
12047,7217
12047,7218
12047,7219
12047,7220
12047,7221
12047,7222
12047,7223
12047,7224
12047,7225
12047,7226
12047,7227
12047,7228
12047,7229
12047,7230
12047,7231
12047,7232
12047,7233
12047,7234
12047,7235
12047,7236
12047,7237
12047,7238
12047,7239
12047,7240
12047,7241
12047,7242
12047,7243
12047,7244
12047,7245
12047,7246
12047,7247
12047,7248
12047,7249
12047,7250
12047,7251
12047,7252
12047,7253
12047,7254
12047,7255
12047,7256
12047,7257
12047,7258
12047,7259
12047,7260
12047,7261
12047,7262
12047,7263
12047,7264
12047,7265
12047,7266
12047,7267
12047,7268
12047,7269
12047,7270
12047,7271
12047,7272
12047,7273
12047,7274
12047,7275
12047,7276
12047,7277
12047,7278
12047,7279
12047,7280
12047,7281
12047,7282
12047,7283
12047,7284
12047,7285
12047,7286
12047,7287
12047,7288
12047,7289
12048,7101
12048,7102
12048,7103
12048,7104
12048,7105
12048,7106
12048,7107
12048,7108
12048,7109
12048,7110
12048,7111
12048,7112
12048,7113
12048,7114
12048,7115
12048,7116
12048,7117
12048,7118
12048,7119
12048,7120
12048,7121
12048,7122
12048,7123
12048,7124
12048,7125
12048,7126
12048,7127
12048,7128
12048,7129
12048,7130
12048,7131
12048,7132
12048,7133
12048,7134
12048,7135
12048,7136
12048,7137
12048,7138
12048,7139
12048,7140
12048,7141
12048,7142
12048,7143
12048,7144
12048,7145
12048,7146
12048,7147
12048,7148
12048,7149
12048,7150
12048,7151
12048,7152
12048,7153
12048,7154
12048,7155
12048,7156
12048,7157
12048,7158
12048,7159
12048,7160
12048,7161
12048,7162
12048,7163
12048,7164
12048,7165
12048,7166
12048,7167
12048,7168
12048,7169
12048,7170
12048,7171
12048,7172
12048,7173
12048,7174
12048,7175
12048,7176
12048,7177
12048,7178
12048,7179
12048,7180
12048,7181
12048,7182
12048,7183
12048,7184
12048,7185
12048,7186
12048,7187
12048,7188
12048,7189
12048,7190
12048,7191
12048,7192
12048,7193
12048,7194
12048,7195
12048,7196
12048,7197
12048,7198
12048,7199
12048,7200
12048,7201
12048,7202
12048,7203
12048,7204
12048,7205
12048,7206
12048,7207
12048,7208
12048,7209
12048,7210
12048,7211
12048,7212
12048,7213
12048,7214
12048,7215
12048,7216
12048,7217
12048,7218
12048,7219
12048,7220
12048,7221
12048,7222
12048,7223
12048,7224
12048,7225
12048,7226
12048,7227
12048,7228
12048,7229
12048,7230
12048,7231
12048,7232
12048,7233
12048,7234
12048,7235
12048,7236
12048,7237
12048,7238
12048,7239
12048,7240
12048,7241
12048,7242
12048,7243
12048,7244
12048,7245
12048,7246
12048,7247
12048,7248
12048,7249
12048,7250
12048,7251
12048,7252
12048,7253
12048,7254
12048,7255
12048,7256
12048,7257
12048,7258
12048,7259
12048,7260
12048,7261
12048,7262
12048,7263
12048,7264
12048,7265
12048,7266
12048,7267
12048,7268
12048,7269
12048,7270
12048,7271
12048,7272
12048,7273
12048,7274
12048,7275
12048,7276
12048,7277
12048,7278
12048,7279
12048,7280
12048,7281
12048,7282
12048,7283
12048,7284
12048,7285
12048,7286
12048,7287
12048,7288
12048,7289
12049,7101
12049,7102
12049,7103
12049,7104
12049,7105
12049,7106
12049,7107
12049,7108
12049,7109
12049,7110
12049,7111
12049,7112
12049,7113
12049,7114
12049,7115
12049,7116
12049,7117
12049,7118
12049,7119
12049,7120
12049,7121
12049,7122
12049,7123
12049,7124
12049,7125
12049,7126
12049,7127
12049,7128
12049,7129
12049,7130
12049,7131
12049,7132
12049,7133
12049,7134
12049,7135
12049,7136
12049,7137
12049,7138
12049,7139
12049,7140
12049,7141
12049,7142
12049,7143
12049,7144
12049,7145
12049,7146
12049,7147
12049,7148
12049,7149
12049,7150
12049,7151
12049,7152
12049,7153
12049,7154
12049,7155
12049,7156
12049,7157
12049,7158
12049,7159
12049,7160
12049,7161
12049,7162
12049,7163
12049,7164
12049,7165
12049,7166
12049,7167
12049,7168
12049,7169
12049,7170
12049,7171
12049,7172
12049,7173
12049,7174
12049,7175
12049,7176
12049,7177
12049,7178
12049,7179
12049,7180
12049,7181
12049,7182
12049,7183
12049,7184
12049,7185
12049,7186
12049,7187
12049,7188
12049,7189
12049,7190
12049,7191
12049,7192
12049,7193
12049,7194
12049,7195
12049,7196
12049,7197
12049,7198
12049,7199
12049,7200
12049,7201
12049,7202
12049,7203
12049,7204
12049,7205
12049,7206
12049,7207
12049,7208
12049,7209
12049,7210
12049,7211
12049,7212
12049,7213
12049,7214
12049,7215
12049,7216
12049,7217
12049,7218
12049,7219
12049,7220
12049,7221
12049,7222
12049,7223
12049,7224
12049,7225
12049,7226
12049,7227
12049,7228
12049,7229
12049,7230
12049,7231
12049,7232
12049,7233
12049,7234
12049,7235
12049,7236
12049,7237
12049,7238
12049,7239
12049,7240
12049,7241
12049,7242
12049,7243
12049,7244
12049,7245
12049,7246
12049,7247
12049,7248
12049,7249
12049,7250
12049,7251
12049,7252
12049,7253
12049,7254
12049,7255
12049,7256
12049,7257
12049,7258
12049,7259
12049,7260
12049,7261
12049,7262
12049,7263
12049,7264
12049,7265
12049,7266
12049,7267
12049,7268
12049,7269
12049,7270
12049,7271
12049,7272
12049,7273
12049,7274
12049,7275
12049,7276
12049,7277
12049,7278
12049,7279
12049,7280
12049,7281
12049,7282
12049,7283
12049,7284
12049,7285
12049,7286
12049,7287
12049,7288
12049,7289
12050,7101
12050,7102
12050,7103
12050,7104
12050,7105
12050,7106
12050,7107
12050,7108
12050,7109
12050,7110
12050,7111
12050,7112
12050,7113
12050,7114
12050,7115
12050,7116
12050,7117
12050,7118
12050,7119
12050,7120
12050,7121
12050,7122
12050,7123
12050,7124
12050,7125
12050,7126
12050,7127
12050,7128
12050,7129
12050,7130
12050,7131
12050,7132
12050,7133
12050,7134
12050,7135
12050,7136
12050,7137
12050,7138
12050,7139
12050,7140
12050,7141
12050,7142
12050,7143
12050,7144
12050,7145
12050,7146
12050,7147
12050,7148
12050,7149
12050,7150
12050,7151
12050,7152
12050,7153
12050,7154
12050,7155
12050,7156
12050,7157
12050,7158
12050,7159
12050,7160
12050,7161
12050,7162
12050,7163
12050,7164
12050,7165
12050,7166
12050,7167
12050,7168
12050,7169
12050,7170
12050,7171
12050,7172
12050,7173
12050,7174
12050,7175
12050,7176
12050,7177
12050,7178
12050,7179
12050,7180
12050,7181
12050,7182
12050,7183
12050,7184
12050,7185
12050,7186
12050,7187
12050,7188
12050,7189
12050,7190
12050,7191
12050,7192
12050,7193
12050,7194
12050,7195
12050,7196
12050,7197
12050,7198
12050,7199
12050,7200
12050,7201
12050,7202
12050,7203
12050,7204
12050,7205
12050,7206
12050,7207
12050,7208
12050,7209
12050,7210
12050,7211
12050,7212
12050,7213
12050,7214
12050,7215
12050,7216
12050,7217
12050,7218
12050,7219
12050,7220
12050,7221
12050,7222
12050,7223
12050,7224
12050,7225
12050,7226
12050,7227
12050,7228
12050,7229
12050,7230
12050,7231
12050,7232
12050,7233
12050,7234
12050,7235
12050,7236
12050,7237
12050,7238
12050,7239
12050,7240
12050,7241
12050,7242
12050,7243
12050,7244
12050,7245
12050,7246
12050,7247
12050,7248
12050,7249
12050,7250
12050,7251
12050,7252
12050,7253
12050,7254
12050,7255
12050,7256
12050,7257
12050,7258
12050,7259
12050,7260
12050,7261
12050,7262
12050,7263
12050,7264
12050,7265
12050,7266
12050,7267
12050,7268
12050,7269
12050,7270
12050,7271
12050,7272
12050,7273
12050,7274
12050,7275
12050,7276
12050,7277
12050,7278
12050,7279
12050,7280
12050,7281
12050,7282
12050,7283
12050,7284
12050,7285
12050,7286
12050,7287
12050,7288
12051,7101
12051,7102
12051,7103
12051,7104
12051,7105
12051,7106
12051,7107
12051,7108
12051,7109
12051,7110
12051,7111
12051,7112
12051,7113
12051,7114
12051,7115
12051,7116
12051,7117
12051,7118
12051,7119
12051,7120
12051,7121
12051,7122
12051,7123
12051,7124
12051,7125
12051,7126
12051,7127
12051,7128
12051,7129
12051,7130
12051,7131
12051,7132
12051,7133
12051,7134
12051,7135
12051,7136
12051,7137
12051,7138
12051,7139
12051,7140
12051,7141
12051,7142
12051,7143
12051,7144
12051,7145
12051,7146
12051,7147
12051,7148
12051,7149
12051,7150
12051,7151
12051,7152
12051,7153
12051,7154
12051,7155
12051,7156
12051,7157
12051,7158
12051,7159
12051,7160
12051,7161
12051,7162
12051,7163
12051,7164
12051,7165
12051,7166
12051,7167
12051,7168
12051,7169
12051,7170
12051,7171
12051,7172
12051,7173
12051,7174
12051,7175
12051,7176
12051,7177
12051,7178
12051,7179
12051,7180
12051,7181
12051,7182
12051,7183
12051,7184
12051,7185
12051,7186
12051,7187
12051,7188
12051,7189
12051,7190
12051,7191
12051,7192
12051,7193
12051,7194
12051,7195
12051,7196
12051,7197
12051,7198
12051,7199
12051,7200
12051,7201
12051,7202
12051,7203
12051,7204
12051,7205
12051,7206
12051,7207
12051,7208
12051,7209
12051,7210
12051,7211
12051,7212
12051,7213
12051,7214
12051,7215
12051,7216
12051,7217
12051,7218
12051,7219
12051,7220
12051,7221
12051,7222
12051,7223
12051,7224
12051,7225
12051,7226
12051,7227
12051,7228
12051,7229
12051,7230
12051,7231
12051,7232
12051,7233
12051,7234
12051,7235
12051,7236
12051,7237
12051,7238
12051,7239
12051,7240
12051,7241
12051,7242
12051,7243
12051,7244
12051,7245
12051,7246
12051,7247
12051,7248
12051,7249
12051,7250
12051,7251
12051,7252
12051,7253
12051,7254
12051,7255
12051,7256
12051,7257
12051,7258
12051,7259
12051,7260
12051,7261
12051,7262
12051,7263
12051,7264
12051,7265
12051,7266
12051,7267
12051,7268
12051,7269
12051,7270
12051,7271
12051,7272
12051,7273
12051,7274
12051,7275
12051,7276
12051,7277
12051,7278
12051,7279
12051,7280
12051,7281
12051,7282
12051,7283
12051,7284
12051,7285
12051,7286
12051,7287
12051,7288
12052,7101
12052,7102
12052,7103
12052,7104
12052,7105
12052,7106
12052,7107
12052,7108
12052,7109
12052,7110
12052,7111
12052,7112
12052,7113
12052,7114
12052,7115
12052,7116
12052,7117
12052,7118
12052,7119
12052,7120
12052,7121
12052,7122
12052,7123
12052,7124
12052,7125
12052,7126
12052,7127
12052,7128
12052,7129
12052,7130
12052,7131
12052,7132
12052,7133
12052,7134
12052,7135
12052,7136
12052,7137
12052,7138
12052,7139
12052,7140
12052,7141
12052,7142
12052,7143
12052,7144
12052,7145
12052,7146
12052,7147
12052,7148
12052,7149
12052,7150
12052,7151
12052,7152
12052,7153
12052,7154
12052,7155
12052,7156
12052,7157
12052,7158
12052,7159
12052,7160
12052,7161
12052,7162
12052,7163
12052,7164
12052,7165
12052,7166
12052,7167
12052,7168
12052,7169
12052,7170
12052,7171
12052,7172
12052,7173
12052,7174
12052,7175
12052,7176
12052,7177
12052,7178
12052,7179
12052,7180
12052,7181
12052,7182
12052,7183
12052,7184
12052,7185
12052,7186
12052,7187
12052,7188
12052,7189
12052,7190
12052,7191
12052,7192
12052,7193
12052,7194
12052,7195
12052,7196
12052,7197
12052,7198
12052,7199
12052,7200
12052,7201
12052,7202
12052,7203
12052,7204
12052,7205
12052,7206
12052,7207
12052,7208
12052,7209
12052,7210
12052,7211
12052,7212
12052,7213
12052,7214
12052,7215
12052,7216
12052,7217
12052,7218
12052,7219
12052,7220
12052,7221
12052,7222
12052,7223
12052,7224
12052,7225
12052,7226
12052,7227
12052,7228
12052,7229
12052,7230
12052,7231
12052,7232
12052,7233
12052,7234
12052,7235
12052,7236
12052,7237
12052,7238
12052,7239
12052,7240
12052,7241
12052,7242
12052,7243
12052,7244
12052,7245
12052,7246
12052,7247
12052,7248
12052,7249
12052,7250
12052,7251
12052,7252
12052,7253
12052,7254
12052,7255
12052,7256
12052,7257
12052,7258
12052,7259
12052,7260
12052,7261
12052,7262
12052,7263
12052,7264
12052,7265
12052,7266
12052,7267
12052,7268
12052,7269
12052,7270
12052,7271
12052,7272
12052,7273
12052,7274
12052,7275
12052,7276
12052,7277
12052,7278
12052,7279
12052,7280
12052,7281
12052,7282
12052,7283
12052,7284
12052,7285
12052,7286
12052,7287
12053,7102
12053,7103
12053,7104
12053,7105
12053,7106
12053,7107
12053,7108
12053,7109
12053,7110
12053,7111
12053,7112
12053,7113
12053,7114
12053,7115
12053,7116
12053,7117
12053,7118
12053,7119
12053,7120
12053,7121
12053,7122
12053,7123
12053,7124
12053,7125
12053,7126
12053,7127
12053,7128
12053,7129
12053,7130
12053,7131
12053,7132
12053,7133
12053,7134
12053,7135
12053,7136
12053,7137
12053,7138
12053,7139
12053,7140
12053,7141
12053,7142
12053,7143
12053,7144
12053,7145
12053,7146
12053,7147
12053,7148
12053,7149
12053,7150
12053,7151
12053,7152
12053,7153
12053,7154
12053,7155
12053,7156
12053,7157
12053,7158
12053,7159
12053,7160
12053,7161
12053,7162
12053,7163
12053,7164
12053,7165
12053,7166
12053,7167
12053,7168
12053,7169
12053,7170
12053,7171
12053,7172
12053,7173
12053,7174
12053,7175
12053,7176
12053,7177
12053,7178
12053,7179
12053,7180
12053,7181
12053,7182
12053,7183
12053,7184
12053,7185
12053,7186
12053,7187
12053,7188
12053,7189
12053,7190
12053,7191
12053,7192
12053,7193
12053,7194
12053,7195
12053,7196
12053,7197
12053,7198
12053,7199
12053,7200
12053,7201
12053,7202
12053,7203
12053,7204
12053,7205
12053,7206
12053,7207
12053,7208
12053,7209
12053,7210
12053,7211
12053,7212
12053,7213
12053,7214
12053,7215
12053,7216
12053,7217
12053,7218
12053,7219
12053,7220
12053,7221
12053,7222
12053,7223
12053,7224
12053,7225
12053,7226
12053,7227
12053,7228
12053,7229
12053,7230
12053,7231
12053,7232
12053,7233
12053,7234
12053,7235
12053,7236
12053,7237
12053,7238
12053,7239
12053,7240
12053,7241
12053,7242
12053,7243
12053,7244
12053,7245
12053,7246
12053,7247
12053,7248
12053,7249
12053,7250
12053,7251
12053,7252
12053,7253
12053,7254
12053,7255
12053,7256
12053,7257
12053,7258
12053,7259
12053,7260
12053,7261
12053,7262
12053,7263
12053,7264
12053,7265
12053,7266
12053,7267
12053,7268
12053,7269
12053,7270
12053,7271
12053,7272
12053,7273
12053,7274
12053,7275
12053,7276
12053,7277
12053,7278
12053,7279
12053,7280
12053,7281
12053,7282
12053,7283
12053,7284
12053,7285
12053,7286
12053,7287
12054,7102
12054,7103
12054,7104
12054,7105
12054,7106
12054,7107
12054,7108
12054,7109
12054,7110
12054,7111
12054,7112
12054,7113
12054,7114
12054,7115
12054,7116
12054,7117
12054,7118
12054,7119
12054,7120
12054,7121
12054,7122
12054,7123
12054,7124
12054,7125
12054,7126
12054,7127
12054,7128
12054,7129
12054,7130
12054,7131
12054,7132
12054,7133
12054,7134
12054,7135
12054,7136
12054,7137
12054,7138
12054,7139
12054,7140
12054,7141
12054,7142
12054,7143
12054,7144
12054,7145
12054,7146
12054,7147
12054,7148
12054,7149
12054,7150
12054,7151
12054,7152
12054,7153
12054,7154
12054,7155
12054,7156
12054,7157
12054,7158
12054,7159
12054,7160
12054,7161
12054,7162
12054,7163
12054,7164
12054,7165
12054,7166
12054,7167
12054,7168
12054,7169
12054,7170
12054,7171
12054,7172
12054,7173
12054,7174
12054,7175
12054,7176
12054,7177
12054,7178
12054,7179
12054,7180
12054,7181
12054,7182
12054,7183
12054,7184
12054,7185
12054,7186
12054,7187
12054,7188
12054,7189
12054,7190
12054,7191
12054,7192
12054,7193
12054,7194
12054,7195
12054,7196
12054,7197
12054,7198
12054,7199
12054,7200
12054,7201
12054,7202
12054,7203
12054,7204
12054,7205
12054,7206
12054,7207
12054,7208
12054,7209
12054,7210
12054,7211
12054,7212
12054,7213
12054,7214
12054,7215
12054,7216
12054,7217
12054,7218
12054,7219
12054,7220
12054,7221
12054,7222
12054,7223
12054,7224
12054,7225
12054,7226
12054,7227
12054,7228
12054,7229
12054,7230
12054,7231
12054,7232
12054,7233
12054,7234
12054,7235
12054,7236
12054,7237
12054,7238
12054,7239
12054,7240
12054,7241
12054,7242
12054,7243
12054,7244
12054,7245
12054,7246
12054,7247
12054,7248
12054,7249
12054,7250
12054,7251
12054,7252
12054,7253
12054,7254
12054,7255
12054,7256
12054,7257
12054,7258
12054,7259
12054,7260
12054,7261
12054,7262
12054,7263
12054,7264
12054,7265
12054,7266
12054,7267
12054,7268
12054,7269
12054,7270
12054,7271
12054,7272
12054,7273
12054,7274
12054,7275
12054,7276
12054,7277
12054,7278
12054,7279
12054,7280
12054,7281
12054,7282
12054,7283
12054,7284
12054,7285
12054,7286
12054,7287
12055,7103
12055,7104
12055,7105
12055,7106
12055,7107
12055,7108
12055,7109
12055,7110
12055,7111
12055,7112
12055,7113
12055,7114
12055,7115
12055,7116
12055,7117
12055,7118
12055,7119
12055,7120
12055,7121
12055,7122
12055,7123
12055,7124
12055,7125
12055,7126
12055,7127
12055,7128
12055,7129
12055,7130
12055,7131
12055,7132
12055,7133
12055,7134
12055,7135
12055,7136
12055,7137
12055,7138
12055,7139
12055,7140
12055,7141
12055,7142
12055,7143
12055,7144
12055,7145
12055,7146
12055,7147
12055,7148
12055,7149
12055,7150
12055,7151
12055,7152
12055,7153
12055,7154
12055,7155
12055,7156
12055,7157
12055,7158
12055,7159
12055,7160
12055,7161
12055,7162
12055,7163
12055,7164
12055,7165
12055,7166
12055,7167
12055,7168
12055,7169
12055,7170
12055,7171
12055,7172
12055,7173
12055,7174
12055,7175
12055,7176
12055,7177
12055,7178
12055,7179
12055,7180
12055,7181
12055,7182
12055,7183
12055,7184
12055,7185
12055,7186
12055,7187
12055,7188
12055,7189
12055,7190
12055,7191
12055,7192
12055,7193
12055,7194
12055,7195
12055,7196
12055,7197
12055,7198
12055,7199
12055,7200
12055,7201
12055,7202
12055,7203
12055,7204
12055,7205
12055,7206
12055,7207
12055,7208
12055,7209
12055,7210
12055,7211
12055,7212
12055,7213
12055,7214
12055,7215
12055,7216
12055,7217
12055,7218
12055,7219
12055,7220
12055,7221
12055,7222
12055,7223
12055,7224
12055,7225
12055,7226
12055,7227
12055,7228
12055,7229
12055,7230
12055,7231
12055,7232
12055,7233
12055,7234
12055,7235
12055,7236
12055,7237
12055,7238
12055,7239
12055,7240
12055,7241
12055,7242
12055,7243
12055,7244
12055,7245
12055,7246
12055,7247
12055,7248
12055,7249
12055,7250
12055,7251
12055,7252
12055,7253
12055,7254
12055,7255
12055,7256
12055,7257
12055,7258
12055,7259
12055,7260
12055,7261
12055,7262
12055,7263
12055,7264
12055,7265
12055,7266
12055,7267
12055,7268
12055,7269
12055,7270
12055,7271
12055,7272
12055,7273
12055,7274
12055,7275
12055,7276
12055,7277
12055,7278
12055,7279
12055,7280
12055,7281
12055,7282
12055,7283
12055,7284
12055,7285
12055,7286
12056,7104
12056,7105
12056,7106
12056,7107
12056,7108
12056,7109
12056,7110
12056,7111
12056,7112
12056,7113
12056,7114
12056,7115
12056,7116
12056,7117
12056,7118
12056,7119
12056,7120
12056,7121
12056,7122
12056,7123
12056,7124
12056,7125
12056,7126
12056,7127
12056,7128
12056,7129
12056,7130
12056,7131
12056,7132
12056,7133
12056,7134
12056,7135
12056,7136
12056,7137
12056,7138
12056,7139
12056,7140
12056,7141
12056,7142
12056,7143
12056,7144
12056,7145
12056,7146
12056,7147
12056,7148
12056,7149
12056,7150
12056,7151
12056,7152
12056,7153
12056,7154
12056,7155
12056,7156
12056,7157
12056,7158
12056,7159
12056,7160
12056,7161
12056,7162
12056,7163
12056,7164
12056,7165
12056,7166
12056,7167
12056,7168
12056,7169
12056,7170
12056,7171
12056,7172
12056,7173
12056,7174
12056,7175
12056,7176
12056,7177
12056,7178
12056,7179
12056,7180
12056,7181
12056,7182
12056,7183
12056,7184
12056,7185
12056,7186
12056,7187
12056,7188
12056,7189
12056,7190
12056,7191
12056,7192
12056,7193
12056,7194
12056,7195
12056,7196
12056,7197
12056,7198
12056,7199
12056,7200
12056,7201
12056,7202
12056,7203
12056,7204
12056,7205
12056,7206
12056,7207
12056,7208
12056,7209
12056,7210
12056,7211
12056,7212
12056,7213
12056,7214
12056,7215
12056,7216
12056,7217
12056,7218
12056,7219
12056,7220
12056,7221
12056,7222
12056,7223
12056,7224
12056,7225
12056,7226
12056,7227
12056,7228
12056,7229
12056,7230
12056,7231
12056,7232
12056,7233
12056,7234
12056,7235
12056,7236
12056,7237
12056,7238
12056,7239
12056,7240
12056,7241
12056,7242
12056,7243
12056,7244
12056,7245
12056,7246
12056,7247
12056,7248
12056,7249
12056,7250
12056,7251
12056,7252
12056,7253
12056,7254
12056,7255
12056,7256
12056,7257
12056,7258
12056,7259
12056,7260
12056,7261
12056,7262
12056,7263
12056,7264
12056,7265
12056,7266
12056,7267
12056,7268
12056,7269
12056,7270
12056,7271
12056,7272
12056,7273
12056,7274
12056,7275
12056,7276
12056,7277
12056,7278
12056,7279
12056,7280
12056,7281
12056,7282
12056,7283
12056,7284
12056,7285
12057,7106
12057,7107
12057,7108
12057,7109
12057,7110
12057,7111
12057,7112
12057,7113
12057,7114
12057,7115
12057,7116
12057,7117
12057,7118
12057,7119
12057,7120
12057,7121
12057,7122
12057,7123
12057,7124
12057,7125
12057,7126
12057,7127
12057,7128
12057,7129
12057,7130
12057,7131
12057,7132
12057,7133
12057,7134
12057,7135
12057,7136
12057,7137
12057,7138
12057,7139
12057,7140
12057,7141
12057,7142
12057,7143
12057,7144
12057,7145
12057,7146
12057,7147
12057,7148
12057,7149
12057,7150
12057,7151
12057,7152
12057,7153
12057,7154
12057,7155
12057,7156
12057,7157
12057,7158
12057,7159
12057,7160
12057,7161
12057,7162
12057,7163
12057,7164
12057,7165
12057,7166
12057,7167
12057,7168
12057,7169
12057,7170
12057,7171
12057,7172
12057,7173
12057,7174
12057,7175
12057,7176
12057,7177
12057,7178
12057,7179
12057,7180
12057,7181
12057,7182
12057,7183
12057,7184
12057,7185
12057,7186
12057,7187
12057,7188
12057,7189
12057,7190
12057,7191
12057,7192
12057,7193
12057,7194
12057,7195
12057,7196
12057,7197
12057,7198
12057,7199
12057,7200
12057,7201
12057,7202
12057,7203
12057,7204
12057,7205
12057,7206
12057,7207
12057,7208
12057,7209
12057,7210
12057,7211
12057,7212
12057,7213
12057,7214
12057,7215
12057,7216
12057,7217
12057,7218
12057,7219
12057,7220
12057,7221
12057,7222
12057,7223
12057,7224
12057,7225
12057,7226
12057,7227
12057,7228
12057,7229
12057,7230
12057,7231
12057,7232
12057,7233
12057,7234
12057,7235
12057,7236
12057,7237
12057,7238
12057,7239
12057,7240
12057,7241
12057,7242
12057,7243
12057,7244
12057,7245
12057,7246
12057,7247
12057,7248
12057,7249
12057,7250
12057,7251
12057,7252
12057,7253
12057,7254
12057,7255
12057,7256
12057,7257
12057,7258
12057,7259
12057,7260
12057,7261
12057,7262
12057,7263
12057,7264
12057,7265
12057,7266
12057,7267
12057,7268
12057,7269
12057,7270
12057,7271
12057,7272
12057,7273
12057,7274
12057,7275
12057,7276
12057,7277
12057,7278
12057,7279
12057,7280
12057,7281
12057,7282
12057,7283
12057,7284
12058,7109
12058,7111
12058,7112
12058,7113
12058,7114
12058,7115
12058,7116
12058,7117
12058,7118
12058,7119
12058,7120
12058,7121
12058,7122
12058,7123
12058,7124
12058,7125
12058,7126
12058,7127
12058,7128
12058,7129
12058,7130
12058,7131
12058,7132
12058,7133
12058,7134
12058,7135
12058,7136
12058,7137
12058,7138
12058,7139
12058,7140
12058,7141
12058,7142
12058,7143
12058,7144
12058,7145
12058,7146
12058,7147
12058,7148
12058,7149
12058,7150
12058,7151
12058,7152
12058,7153
12058,7154
12058,7155
12058,7156
12058,7157
12058,7158
12058,7159
12058,7160
12058,7161
12058,7162
12058,7163
12058,7164
12058,7165
12058,7166
12058,7167
12058,7168
12058,7169
12058,7170
12058,7171
12058,7172
12058,7173
12058,7174
12058,7175
12058,7176
12058,7177
12058,7178
12058,7179
12058,7180
12058,7181
12058,7182
12058,7183
12058,7184
12058,7185
12058,7186
12058,7187
12058,7188
12058,7189
12058,7190
12058,7191
12058,7192
12058,7193
12058,7194
12058,7195
12058,7196
12058,7197
12058,7198
12058,7199
12058,7200
12058,7201
12058,7202
12058,7203
12058,7204
12058,7205
12058,7206
12058,7207
12058,7208
12058,7209
12058,7210
12058,7211
12058,7212
12058,7213
12058,7214
12058,7215
12058,7216
12058,7217
12058,7218
12058,7219
12058,7220
12058,7221
12058,7222
12058,7223
12058,7224
12058,7225
12058,7226
12058,7227
12058,7228
12058,7229
12058,7230
12058,7231
12058,7232
12058,7233
12058,7234
12058,7235
12058,7236
12058,7237
12058,7238
12058,7239
12058,7240
12058,7241
12058,7242
12058,7243
12058,7244
12058,7245
12058,7246
12058,7247
12058,7248
12058,7249
12058,7250
12058,7251
12058,7252
12058,7253
12058,7254
12058,7255
12058,7256
12058,7257
12058,7258
12058,7259
12058,7260
12058,7261
12058,7262
12058,7263
12058,7264
12058,7265
12058,7266
12058,7267
12058,7268
12058,7269
12058,7270
12058,7271
12058,7272
12058,7273
12058,7274
12058,7275
12058,7276
12058,7277
12058,7278
12058,7279
12058,7280
12058,7281
12059,7111
12059,7112
12059,7113
12059,7114
12059,7115
12059,7116
12059,7117
12059,7118
12059,7119
12059,7120
12059,7121
12059,7122
12059,7123
12059,7124
12059,7125
12059,7126
12059,7127
12059,7128
12059,7129
12059,7130
12059,7131
12059,7132
12059,7133
12059,7134
12059,7135
12059,7136
12059,7137
12059,7138
12059,7139
12059,7140
12059,7141
12059,7142
12059,7143
12059,7144
12059,7145
12059,7146
12059,7147
12059,7148
12059,7149
12059,7150
12059,7151
12059,7152
12059,7153
12059,7154
12059,7155
12059,7156
12059,7157
12059,7158
12059,7159
12059,7160
12059,7161
12059,7162
12059,7163
12059,7164
12059,7165
12059,7166
12059,7167
12059,7168
12059,7169
12059,7170
12059,7171
12059,7172
12059,7173
12059,7174
12059,7175
12059,7176
12059,7177
12059,7178
12059,7179
12059,7180
12059,7181
12059,7182
12059,7183
12059,7184
12059,7185
12059,7186
12059,7187
12059,7188
12059,7189
12059,7190
12059,7191
12059,7192
12059,7193
12059,7194
12059,7195
12059,7196
12059,7197
12059,7198
12059,7199
12059,7200
12059,7201
12059,7202
12059,7203
12059,7204
12059,7205
12059,7206
12059,7207
12059,7208
12059,7209
12059,7210
12059,7211
12059,7212
12059,7213
12059,7214
12059,7215
12059,7216
12059,7217
12059,7218
12059,7219
12059,7220
12059,7221
12059,7222
12059,7223
12059,7224
12059,7225
12059,7226
12059,7227
12059,7228
12059,7229
12059,7230
12059,7231
12059,7232
12059,7233
12059,7234
12059,7235
12059,7236
12059,7237
12059,7238
12059,7239
12059,7240
12059,7241
12059,7242
12059,7243
12059,7244
12059,7245
12059,7246
12059,7247
12059,7248
12059,7249
12059,7250
12059,7251
12059,7252
12059,7253
12059,7254
12059,7255
12059,7256
12059,7257
12059,7258
12059,7259
12059,7260
12059,7261
12059,7262
12059,7263
12059,7264
12059,7265
12059,7266
12059,7267
12059,7268
12059,7269
12059,7270
12059,7271
12059,7272
12059,7273
12059,7274
12059,7275
12059,7276
12059,7277
12059,7278
12059,7279
12060,7112
12060,7113
12060,7114
12060,7115
12060,7116
12060,7117
12060,7118
12060,7119
12060,7120
12060,7121
12060,7122
12060,7123
12060,7124
12060,7125
12060,7126
12060,7127
12060,7128
12060,7129
12060,7130
12060,7131
12060,7132
12060,7133
12060,7134
12060,7135
12060,7136
12060,7137
12060,7138
12060,7139
12060,7140
12060,7141
12060,7142
12060,7143
12060,7144
12060,7145
12060,7146
12060,7147
12060,7148
12060,7149
12060,7150
12060,7151
12060,7152
12060,7153
12060,7154
12060,7155
12060,7156
12060,7157
12060,7158
12060,7159
12060,7160
12060,7161
12060,7162
12060,7163
12060,7164
12060,7165
12060,7166
12060,7167
12060,7168
12060,7169
12060,7170
12060,7171
12060,7172
12060,7173
12060,7174
12060,7175
12060,7176
12060,7177
12060,7178
12060,7179
12060,7180
12060,7181
12060,7182
12060,7183
12060,7184
12060,7185
12060,7186
12060,7187
12060,7188
12060,7189
12060,7190
12060,7191
12060,7192
12060,7193
12060,7194
12060,7195
12060,7196
12060,7197
12060,7198
12060,7199
12060,7200
12060,7201
12060,7202
12060,7203
12060,7204
12060,7205
12060,7206
12060,7207
12060,7208
12060,7209
12060,7210
12060,7211
12060,7212
12060,7213
12060,7214
12060,7215
12060,7216
12060,7217
12060,7218
12060,7219
12060,7220
12060,7221
12060,7222
12060,7223
12060,7224
12060,7225
12060,7226
12060,7227
12060,7228
12060,7229
12060,7230
12060,7231
12060,7232
12060,7233
12060,7234
12060,7235
12060,7236
12060,7237
12060,7238
12060,7239
12060,7240
12060,7241
12060,7242
12060,7243
12060,7244
12060,7245
12060,7246
12060,7247
12060,7248
12060,7249
12060,7250
12060,7251
12060,7252
12060,7253
12060,7254
12060,7255
12060,7256
12060,7257
12060,7258
12060,7259
12060,7260
12060,7261
12060,7262
12060,7263
12060,7264
12060,7265
12060,7266
12060,7267
12060,7268
12060,7269
12060,7270
12060,7271
12060,7272
12060,7273
12060,7274
12060,7275
12060,7276
12060,7277
12060,7278
12060,7279
12061,7113
12061,7114
12061,7115
12061,7116
12061,7117
12061,7118
12061,7119
12061,7120
12061,7121
12061,7122
12061,7123
12061,7124
12061,7125
12061,7126
12061,7127
12061,7128
12061,7129
12061,7130
12061,7131
12061,7132
12061,7133
12061,7134
12061,7135
12061,7136
12061,7137
12061,7138
12061,7139
12061,7140
12061,7141
12061,7142
12061,7143
12061,7144
12061,7145
12061,7146
12061,7147
12061,7148
12061,7149
12061,7150
12061,7151
12061,7152
12061,7153
12061,7154
12061,7155
12061,7156
12061,7157
12061,7158
12061,7159
12061,7160
12061,7161
12061,7162
12061,7163
12061,7164
12061,7165
12061,7166
12061,7167
12061,7168
12061,7169
12061,7170
12061,7171
12061,7172
12061,7173
12061,7174
12061,7175
12061,7176
12061,7177
12061,7178
12061,7179
12061,7180
12061,7181
12061,7182
12061,7183
12061,7184
12061,7185
12061,7186
12061,7187
12061,7188
12061,7189
12061,7190
12061,7191
12061,7192
12061,7193
12061,7194
12061,7195
12061,7196
12061,7197
12061,7198
12061,7199
12061,7200
12061,7201
12061,7202
12061,7203
12061,7204
12061,7205
12061,7206
12061,7207
12061,7208
12061,7209
12061,7210
12061,7211
12061,7212
12061,7213
12061,7214
12061,7215
12061,7216
12061,7217
12061,7218
12061,7219
12061,7220
12061,7221
12061,7222
12061,7223
12061,7224
12061,7225
12061,7226
12061,7227
12061,7228
12061,7229
12061,7230
12061,7231
12061,7232
12061,7233
12061,7234
12061,7235
12061,7236
12061,7237
12061,7238
12061,7239
12061,7240
12061,7241
12061,7242
12061,7243
12061,7244
12061,7245
12061,7246
12061,7247
12061,7248
12061,7249
12061,7250
12061,7251
12061,7252
12061,7253
12061,7254
12061,7255
12061,7256
12061,7257
12061,7258
12061,7259
12061,7260
12061,7261
12061,7262
12061,7263
12061,7264
12061,7265
12061,7266
12061,7267
12061,7268
12061,7269
12061,7270
12061,7271
12061,7272
12061,7273
12061,7274
12061,7275
12061,7276
12061,7277
12061,7278
12062,7115
12062,7116
12062,7117
12062,7118
12062,7119
12062,7120
12062,7121
12062,7122
12062,7123
12062,7124
12062,7125
12062,7126
12062,7127
12062,7128
12062,7129
12062,7130
12062,7131
12062,7132
12062,7133
12062,7134
12062,7135
12062,7136
12062,7137
12062,7138
12062,7139
12062,7140
12062,7141
12062,7142
12062,7143
12062,7144
12062,7145
12062,7146
12062,7147
12062,7148
12062,7149
12062,7150
12062,7151
12062,7152
12062,7153
12062,7154
12062,7155
12062,7156
12062,7157
12062,7158
12062,7159
12062,7160
12062,7161
12062,7162
12062,7163
12062,7164
12062,7165
12062,7166
12062,7167
12062,7168
12062,7169
12062,7170
12062,7171
12062,7172
12062,7173
12062,7174
12062,7175
12062,7176
12062,7177
12062,7178
12062,7179
12062,7180
12062,7181
12062,7182
12062,7183
12062,7184
12062,7185
12062,7186
12062,7187
12062,7188
12062,7189
12062,7190
12062,7191
12062,7192
12062,7193
12062,7194
12062,7195
12062,7196
12062,7197
12062,7198
12062,7199
12062,7200
12062,7201
12062,7202
12062,7203
12062,7204
12062,7205
12062,7206
12062,7207
12062,7208
12062,7209
12062,7210
12062,7211
12062,7212
12062,7213
12062,7214
12062,7215
12062,7216
12062,7217
12062,7218
12062,7219
12062,7220
12062,7221
12062,7222
12062,7223
12062,7224
12062,7225
12062,7226
12062,7227
12062,7228
12062,7229
12062,7230
12062,7231
12062,7232
12062,7233
12062,7234
12062,7235
12062,7236
12062,7237
12062,7238
12062,7239
12062,7240
12062,7241
12062,7242
12062,7243
12062,7244
12062,7245
12062,7246
12062,7247
12062,7248
12062,7249
12062,7250
12062,7251
12062,7252
12062,7253
12062,7254
12062,7255
12062,7256
12062,7257
12062,7258
12062,7259
12062,7260
12062,7261
12062,7262
12062,7263
12062,7264
12062,7265
12062,7266
12062,7267
12062,7268
12062,7269
12062,7270
12062,7271
12062,7272
12062,7273
12062,7274
12062,7275
12062,7276
12062,7277
12063,7117
12063,7118
12063,7119
12063,7120
12063,7121
12063,7122
12063,7123
12063,7124
12063,7125
12063,7126
12063,7127
12063,7128
12063,7129
12063,7130
12063,7131
12063,7132
12063,7133
12063,7134
12063,7135
12063,7136
12063,7137
12063,7138
12063,7139
12063,7140
12063,7141
12063,7142
12063,7143
12063,7144
12063,7145
12063,7146
12063,7147
12063,7148
12063,7149
12063,7150
12063,7151
12063,7152
12063,7153
12063,7154
12063,7155
12063,7156
12063,7157
12063,7158
12063,7159
12063,7160
12063,7161
12063,7162
12063,7163
12063,7164
12063,7165
12063,7166
12063,7167
12063,7168
12063,7169
12063,7170
12063,7171
12063,7172
12063,7173
12063,7174
12063,7175
12063,7176
12063,7177
12063,7178
12063,7179
12063,7180
12063,7181
12063,7182
12063,7183
12063,7184
12063,7185
12063,7186
12063,7187
12063,7188
12063,7189
12063,7190
12063,7191
12063,7192
12063,7193
12063,7194
12063,7195
12063,7196
12063,7197
12063,7198
12063,7199
12063,7200
12063,7201
12063,7202
12063,7203
12063,7204
12063,7205
12063,7206
12063,7207
12063,7208
12063,7209
12063,7210
12063,7211
12063,7212
12063,7213
12063,7214
12063,7215
12063,7216
12063,7217
12063,7218
12063,7219
12063,7220
12063,7221
12063,7222
12063,7223
12063,7224
12063,7225
12063,7226
12063,7227
12063,7228
12063,7229
12063,7230
12063,7231
12063,7232
12063,7233
12063,7234
12063,7235
12063,7236
12063,7237
12063,7238
12063,7239
12063,7240
12063,7241
12063,7242
12063,7243
12063,7244
12063,7245
12063,7246
12063,7247
12063,7248
12063,7249
12063,7250
12063,7251
12063,7252
12063,7253
12063,7254
12063,7255
12063,7256
12063,7257
12063,7258
12063,7259
12063,7260
12063,7261
12063,7262
12063,7263
12063,7264
12063,7265
12063,7266
12063,7267
12063,7268
12063,7269
12063,7270
12063,7271
12063,7272
12063,7273
12063,7274
12063,7275
12063,7276
12064,7117
12064,7118
12064,7119
12064,7120
12064,7121
12064,7122
12064,7123
12064,7124
12064,7125
12064,7126
12064,7127
12064,7128
12064,7129
12064,7130
12064,7131
12064,7132
12064,7133
12064,7134
12064,7135
12064,7136
12064,7137
12064,7138
12064,7139
12064,7140
12064,7141
12064,7142
12064,7143
12064,7144
12064,7145
12064,7146
12064,7147
12064,7148
12064,7149
12064,7150
12064,7151
12064,7152
12064,7153
12064,7154
12064,7155
12064,7156
12064,7157
12064,7158
12064,7159
12064,7160
12064,7161
12064,7162
12064,7163
12064,7164
12064,7165
12064,7166
12064,7167
12064,7168
12064,7169
12064,7170
12064,7171
12064,7172
12064,7173
12064,7174
12064,7175
12064,7176
12064,7177
12064,7178
12064,7179
12064,7180
12064,7181
12064,7182
12064,7183
12064,7184
12064,7185
12064,7186
12064,7187
12064,7188
12064,7189
12064,7190
12064,7191
12064,7192
12064,7193
12064,7194
12064,7195
12064,7196
12064,7197
12064,7198
12064,7199
12064,7200
12064,7201
12064,7202
12064,7203
12064,7204
12064,7205
12064,7206
12064,7207
12064,7208
12064,7209
12064,7210
12064,7211
12064,7212
12064,7213
12064,7214
12064,7215
12064,7216
12064,7217
12064,7218
12064,7219
12064,7220
12064,7221
12064,7222
12064,7223
12064,7224
12064,7225
12064,7226
12064,7227
12064,7228
12064,7229
12064,7230
12064,7231
12064,7232
12064,7233
12064,7234
12064,7235
12064,7236
12064,7237
12064,7238
12064,7239
12064,7240
12064,7241
12064,7242
12064,7243
12064,7244
12064,7245
12064,7246
12064,7247
12064,7248
12064,7249
12064,7250
12064,7251
12064,7252
12064,7253
12064,7254
12064,7255
12064,7256
12064,7257
12064,7258
12064,7259
12064,7260
12064,7261
12064,7262
12064,7263
12064,7264
12064,7265
12064,7266
12064,7267
12064,7268
12064,7269
12064,7270
12064,7271
12064,7272
12064,7273
12065,7118
12065,7119
12065,7120
12065,7121
12065,7122
12065,7123
12065,7124
12065,7125
12065,7126
12065,7127
12065,7128
12065,7129
12065,7130
12065,7131
12065,7132
12065,7133
12065,7134
12065,7135
12065,7136
12065,7137
12065,7138
12065,7139
12065,7140
12065,7141
12065,7142
12065,7143
12065,7144
12065,7145
12065,7146
12065,7147
12065,7148
12065,7149
12065,7150
12065,7151
12065,7152
12065,7153
12065,7154
12065,7155
12065,7156
12065,7157
12065,7158
12065,7159
12065,7160
12065,7161
12065,7162
12065,7163
12065,7164
12065,7165
12065,7166
12065,7167
12065,7168
12065,7169
12065,7170
12065,7171
12065,7172
12065,7173
12065,7174
12065,7175
12065,7176
12065,7177
12065,7178
12065,7179
12065,7180
12065,7181
12065,7182
12065,7183
12065,7184
12065,7185
12065,7186
12065,7187
12065,7188
12065,7189
12065,7190
12065,7191
12065,7192
12065,7193
12065,7194
12065,7195
12065,7196
12065,7197
12065,7198
12065,7199
12065,7200
12065,7201
12065,7202
12065,7203
12065,7204
12065,7205
12065,7206
12065,7207
12065,7208
12065,7209
12065,7210
12065,7211
12065,7212
12065,7213
12065,7214
12065,7215
12065,7216
12065,7217
12065,7218
12065,7219
12065,7220
12065,7221
12065,7222
12065,7223
12065,7224
12065,7225
12065,7226
12065,7227
12065,7228
12065,7229
12065,7230
12065,7231
12065,7232
12065,7233
12065,7234
12065,7235
12065,7236
12065,7237
12065,7238
12065,7239
12065,7240
12065,7241
12065,7242
12065,7243
12065,7244
12065,7245
12065,7246
12065,7247
12065,7248
12065,7249
12065,7250
12065,7251
12065,7252
12065,7253
12065,7254
12065,7255
12065,7256
12065,7257
12065,7258
12065,7259
12065,7260
12065,7261
12065,7262
12065,7263
12065,7264
12065,7265
12065,7266
12065,7267
12065,7268
12065,7269
12065,7270
12065,7271
12065,7272
12066,7117
12066,7118
12066,7119
12066,7120
12066,7121
12066,7122
12066,7123
12066,7124
12066,7125
12066,7126
12066,7127
12066,7128
12066,7129
12066,7130
12066,7131
12066,7132
12066,7133
12066,7134
12066,7135
12066,7136
12066,7137
12066,7138
12066,7139
12066,7140
12066,7141
12066,7142
12066,7143
12066,7144
12066,7145
12066,7146
12066,7147
12066,7148
12066,7149
12066,7150
12066,7151
12066,7152
12066,7153
12066,7154
12066,7155
12066,7156
12066,7157
12066,7158
12066,7159
12066,7160
12066,7161
12066,7162
12066,7163
12066,7164
12066,7165
12066,7166
12066,7167
12066,7168
12066,7169
12066,7170
12066,7171
12066,7172
12066,7173
12066,7174
12066,7175
12066,7176
12066,7177
12066,7178
12066,7179
12066,7180
12066,7181
12066,7182
12066,7183
12066,7184
12066,7185
12066,7186
12066,7187
12066,7188
12066,7189
12066,7190
12066,7191
12066,7192
12066,7193
12066,7194
12066,7195
12066,7196
12066,7197
12066,7198
12066,7199
12066,7200
12066,7201
12066,7202
12066,7203
12066,7204
12066,7205
12066,7206
12066,7207
12066,7208
12066,7209
12066,7210
12066,7211
12066,7212
12066,7213
12066,7214
12066,7215
12066,7216
12066,7217
12066,7218
12066,7219
12066,7220
12066,7221
12066,7222
12066,7223
12066,7224
12066,7225
12066,7226
12066,7227
12066,7228
12066,7229
12066,7230
12066,7231
12066,7232
12066,7233
12066,7234
12066,7235
12066,7236
12066,7237
12066,7238
12066,7239
12066,7240
12066,7241
12066,7242
12066,7243
12066,7244
12066,7245
12066,7246
12066,7247
12066,7248
12066,7249
12066,7250
12066,7251
12066,7252
12066,7253
12066,7254
12066,7255
12066,7256
12066,7257
12066,7258
12066,7259
12066,7260
12066,7261
12066,7262
12066,7263
12066,7264
12066,7265
12066,7266
12066,7267
12066,7268
12066,7269
12066,7270
12066,7271
12067,7116
12067,7117
12067,7118
12067,7119
12067,7120
12067,7121
12067,7122
12067,7123
12067,7124
12067,7125
12067,7126
12067,7127
12067,7128
12067,7129
12067,7130
12067,7131
12067,7132
12067,7133
12067,7134
12067,7135
12067,7136
12067,7137
12067,7138
12067,7139
12067,7140
12067,7141
12067,7142
12067,7143
12067,7144
12067,7145
12067,7146
12067,7147
12067,7148
12067,7149
12067,7150
12067,7151
12067,7152
12067,7153
12067,7154
12067,7155
12067,7156
12067,7157
12067,7158
12067,7159
12067,7160
12067,7161
12067,7162
12067,7163
12067,7164
12067,7165
12067,7166
12067,7167
12067,7168
12067,7169
12067,7170
12067,7171
12067,7172
12067,7173
12067,7174
12067,7175
12067,7176
12067,7177
12067,7178
12067,7179
12067,7180
12067,7181
12067,7182
12067,7183
12067,7184
12067,7185
12067,7186
12067,7187
12067,7188
12067,7189
12067,7190
12067,7191
12067,7192
12067,7193
12067,7194
12067,7195
12067,7196
12067,7197
12067,7198
12067,7199
12067,7200
12067,7201
12067,7202
12067,7203
12067,7204
12067,7205
12067,7206
12067,7207
12067,7208
12067,7209
12067,7210
12067,7211
12067,7212
12067,7213
12067,7214
12067,7215
12067,7216
12067,7217
12067,7218
12067,7219
12067,7220
12067,7221
12067,7222
12067,7223
12067,7224
12067,7225
12067,7226
12067,7227
12067,7228
12067,7229
12067,7230
12067,7231
12067,7232
12067,7233
12067,7234
12067,7235
12067,7236
12067,7237
12067,7238
12067,7239
12067,7240
12067,7241
12067,7242
12067,7243
12067,7244
12067,7245
12067,7246
12067,7247
12067,7248
12067,7249
12067,7250
12067,7251
12067,7252
12067,7253
12067,7254
12067,7255
12067,7256
12067,7257
12067,7258
12067,7259
12067,7260
12067,7261
12067,7262
12067,7263
12067,7264
12067,7265
12067,7266
12067,7267
12067,7268
12067,7269
12067,7270
12068,7115
12068,7116
12068,7117
12068,7118
12068,7119
12068,7120
12068,7121
12068,7122
12068,7123
12068,7124
12068,7125
12068,7126
12068,7127
12068,7128
12068,7129
12068,7130
12068,7131
12068,7132
12068,7133
12068,7134
12068,7135
12068,7136
12068,7137
12068,7138
12068,7139
12068,7140
12068,7141
12068,7142
12068,7143
12068,7144
12068,7145
12068,7146
12068,7147
12068,7148
12068,7149
12068,7150
12068,7151
12068,7152
12068,7153
12068,7154
12068,7155
12068,7156
12068,7157
12068,7158
12068,7159
12068,7160
12068,7161
12068,7162
12068,7163
12068,7164
12068,7165
12068,7166
12068,7167
12068,7168
12068,7169
12068,7170
12068,7171
12068,7172
12068,7173
12068,7174
12068,7175
12068,7176
12068,7177
12068,7178
12068,7179
12068,7180
12068,7181
12068,7182
12068,7183
12068,7184
12068,7185
12068,7186
12068,7187
12068,7188
12068,7189
12068,7190
12068,7191
12068,7192
12068,7193
12068,7194
12068,7195
12068,7196
12068,7197
12068,7198
12068,7199
12068,7200
12068,7201
12068,7202
12068,7203
12068,7204
12068,7205
12068,7206
12068,7207
12068,7208
12068,7209
12068,7210
12068,7211
12068,7212
12068,7213
12068,7214
12068,7215
12068,7216
12068,7217
12068,7218
12068,7219
12068,7220
12068,7221
12068,7222
12068,7223
12068,7224
12068,7225
12068,7226
12068,7227
12068,7228
12068,7229
12068,7230
12068,7231
12068,7232
12068,7233
12068,7234
12068,7235
12068,7236
12068,7237
12068,7238
12068,7239
12068,7240
12068,7241
12068,7242
12068,7243
12068,7244
12068,7245
12068,7246
12068,7247
12068,7248
12068,7249
12068,7250
12068,7251
12068,7252
12068,7253
12068,7254
12068,7255
12068,7256
12068,7257
12068,7258
12068,7259
12068,7260
12068,7261
12068,7262
12068,7263
12068,7264
12068,7265
12068,7266
12068,7267
12068,7268
12068,7269
12069,7115
12069,7116
12069,7117
12069,7118
12069,7119
12069,7120
12069,7121
12069,7122
12069,7123
12069,7124
12069,7125
12069,7126
12069,7127
12069,7128
12069,7129
12069,7130
12069,7131
12069,7132
12069,7133
12069,7134
12069,7135
12069,7136
12069,7137
12069,7138
12069,7139
12069,7140
12069,7141
12069,7142
12069,7143
12069,7144
12069,7145
12069,7146
12069,7147
12069,7148
12069,7149
12069,7150
12069,7151
12069,7152
12069,7153
12069,7154
12069,7155
12069,7156
12069,7157
12069,7158
12069,7159
12069,7160
12069,7161
12069,7162
12069,7163
12069,7164
12069,7165
12069,7166
12069,7167
12069,7168
12069,7169
12069,7170
12069,7171
12069,7172
12069,7173
12069,7174
12069,7175
12069,7176
12069,7177
12069,7178
12069,7179
12069,7180
12069,7181
12069,7182
12069,7183
12069,7184
12069,7185
12069,7186
12069,7187
12069,7188
12069,7189
12069,7190
12069,7191
12069,7192
12069,7193
12069,7194
12069,7195
12069,7196
12069,7197
12069,7198
12069,7199
12069,7200
12069,7201
12069,7202
12069,7203
12069,7204
12069,7205
12069,7206
12069,7207
12069,7208
12069,7209
12069,7210
12069,7211
12069,7212
12069,7213
12069,7214
12069,7215
12069,7216
12069,7217
12069,7218
12069,7219
12069,7220
12069,7221
12069,7222
12069,7223
12069,7224
12069,7225
12069,7226
12069,7227
12069,7228
12069,7229
12069,7230
12069,7231
12069,7232
12069,7233
12069,7234
12069,7235
12069,7236
12069,7237
12069,7238
12069,7239
12069,7240
12069,7241
12069,7242
12069,7243
12069,7244
12069,7245
12069,7246
12069,7247
12069,7248
12069,7249
12069,7250
12069,7251
12069,7252
12069,7253
12069,7254
12069,7255
12069,7256
12069,7257
12069,7258
12069,7259
12069,7260
12069,7261
12069,7262
12069,7263
12069,7264
12069,7265
12069,7266
12069,7267
12069,7268
12070,7115
12070,7116
12070,7117
12070,7118
12070,7119
12070,7120
12070,7121
12070,7122
12070,7123
12070,7124
12070,7125
12070,7126
12070,7127
12070,7128
12070,7129
12070,7130
12070,7131
12070,7132
12070,7133
12070,7134
12070,7135
12070,7136
12070,7137
12070,7138
12070,7139
12070,7140
12070,7141
12070,7142
12070,7143
12070,7144
12070,7145
12070,7146
12070,7147
12070,7148
12070,7149
12070,7150
12070,7151
12070,7152
12070,7153
12070,7154
12070,7155
12070,7156
12070,7157
12070,7158
12070,7159
12070,7160
12070,7161
12070,7162
12070,7163
12070,7164
12070,7165
12070,7166
12070,7167
12070,7168
12070,7169
12070,7170
12070,7171
12070,7172
12070,7173
12070,7174
12070,7175
12070,7176
12070,7177
12070,7178
12070,7179
12070,7180
12070,7181
12070,7182
12070,7183
12070,7184
12070,7185
12070,7186
12070,7187
12070,7188
12070,7189
12070,7190
12070,7191
12070,7192
12070,7193
12070,7194
12070,7195
12070,7196
12070,7197
12070,7198
12070,7199
12070,7200
12070,7201
12070,7202
12070,7203
12070,7204
12070,7205
12070,7206
12070,7207
12070,7208
12070,7209
12070,7210
12070,7211
12070,7212
12070,7213
12070,7214
12070,7215
12070,7216
12070,7217
12070,7218
12070,7219
12070,7220
12070,7221
12070,7222
12070,7223
12070,7224
12070,7225
12070,7226
12070,7227
12070,7228
12070,7229
12070,7230
12070,7231
12070,7232
12070,7233
12070,7234
12070,7235
12070,7236
12070,7237
12070,7238
12070,7239
12070,7240
12070,7241
12070,7242
12070,7243
12070,7244
12070,7245
12070,7246
12070,7247
12070,7248
12070,7249
12070,7250
12070,7251
12070,7252
12070,7253
12070,7254
12070,7255
12070,7256
12070,7257
12070,7258
12070,7259
12070,7260
12070,7261
12070,7262
12070,7263
12070,7264
12070,7265
12071,7114
12071,7115
12071,7116
12071,7117
12071,7118
12071,7119
12071,7120
12071,7121
12071,7122
12071,7123
12071,7124
12071,7125
12071,7126
12071,7127
12071,7128
12071,7129
12071,7130
12071,7131
12071,7132
12071,7133
12071,7134
12071,7135
12071,7136
12071,7137
12071,7138
12071,7139
12071,7140
12071,7141
12071,7142
12071,7143
12071,7144
12071,7145
12071,7146
12071,7147
12071,7148
12071,7149
12071,7150
12071,7151
12071,7152
12071,7153
12071,7154
12071,7155
12071,7156
12071,7157
12071,7158
12071,7159
12071,7160
12071,7161
12071,7162
12071,7163
12071,7164
12071,7165
12071,7166
12071,7167
12071,7168
12071,7169
12071,7170
12071,7171
12071,7172
12071,7173
12071,7174
12071,7175
12071,7176
12071,7177
12071,7178
12071,7179
12071,7180
12071,7181
12071,7182
12071,7183
12071,7184
12071,7185
12071,7186
12071,7187
12071,7188
12071,7189
12071,7190
12071,7191
12071,7192
12071,7193
12071,7194
12071,7195
12071,7196
12071,7197
12071,7198
12071,7199
12071,7200
12071,7201
12071,7202
12071,7203
12071,7204
12071,7205
12071,7206
12071,7207
12071,7208
12071,7209
12071,7210
12071,7211
12071,7212
12071,7213
12071,7214
12071,7215
12071,7216
12071,7217
12071,7218
12071,7219
12071,7220
12071,7221
12071,7222
12071,7223
12071,7224
12071,7225
12071,7226
12071,7227
12071,7228
12071,7229
12071,7230
12071,7231
12071,7232
12071,7233
12071,7234
12071,7235
12071,7236
12071,7237
12071,7238
12071,7239
12071,7240
12071,7241
12071,7242
12071,7243
12071,7244
12071,7245
12071,7246
12071,7247
12071,7248
12071,7249
12071,7250
12071,7251
12071,7252
12071,7253
12071,7254
12071,7255
12071,7256
12071,7257
12071,7258
12071,7259
12071,7260
12071,7261
12071,7262
12071,7263
12071,7264
12071,7265
12072,7114
12072,7115
12072,7116
12072,7117
12072,7118
12072,7119
12072,7120
12072,7121
12072,7122
12072,7123
12072,7124
12072,7125
12072,7126
12072,7127
12072,7128
12072,7129
12072,7130
12072,7131
12072,7132
12072,7133
12072,7134
12072,7135
12072,7136
12072,7137
12072,7138
12072,7139
12072,7140
12072,7141
12072,7142
12072,7143
12072,7144
12072,7145
12072,7146
12072,7147
12072,7148
12072,7149
12072,7150
12072,7151
12072,7152
12072,7153
12072,7154
12072,7155
12072,7156
12072,7157
12072,7158
12072,7159
12072,7160
12072,7161
12072,7162
12072,7163
12072,7164
12072,7165
12072,7166
12072,7167
12072,7168
12072,7169
12072,7170
12072,7171
12072,7172
12072,7173
12072,7174
12072,7175
12072,7176
12072,7177
12072,7178
12072,7179
12072,7180
12072,7181
12072,7182
12072,7183
12072,7184
12072,7185
12072,7186
12072,7187
12072,7188
12072,7189
12072,7190
12072,7191
12072,7192
12072,7193
12072,7194
12072,7195
12072,7196
12072,7197
12072,7198
12072,7199
12072,7200
12072,7201
12072,7202
12072,7203
12072,7204
12072,7205
12072,7206
12072,7207
12072,7208
12072,7209
12072,7210
12072,7211
12072,7212
12072,7213
12072,7214
12072,7215
12072,7216
12072,7217
12072,7218
12072,7219
12072,7220
12072,7221
12072,7222
12072,7223
12072,7224
12072,7225
12072,7226
12072,7227
12072,7228
12072,7229
12072,7230
12072,7231
12072,7232
12072,7233
12072,7234
12072,7235
12072,7236
12072,7237
12072,7238
12072,7239
12072,7240
12072,7241
12072,7242
12072,7243
12072,7244
12072,7245
12072,7246
12072,7247
12072,7248
12072,7249
12072,7250
12072,7251
12072,7252
12072,7253
12072,7254
12072,7255
12072,7256
12072,7257
12072,7258
12072,7259
12072,7260
12072,7261
12072,7262
12072,7263
12072,7264
12073,7114
12073,7115
12073,7116
12073,7117
12073,7118
12073,7119
12073,7120
12073,7121
12073,7122
12073,7123
12073,7124
12073,7125
12073,7126
12073,7127
12073,7128
12073,7129
12073,7130
12073,7131
12073,7132
12073,7133
12073,7134
12073,7135
12073,7136
12073,7137
12073,7138
12073,7139
12073,7140
12073,7141
12073,7142
12073,7143
12073,7144
12073,7145
12073,7146
12073,7147
12073,7148
12073,7149
12073,7150
12073,7151
12073,7152
12073,7153
12073,7154
12073,7155
12073,7156
12073,7157
12073,7158
12073,7159
12073,7160
12073,7161
12073,7162
12073,7163
12073,7164
12073,7165
12073,7166
12073,7167
12073,7168
12073,7169
12073,7170
12073,7171
12073,7172
12073,7173
12073,7174
12073,7175
12073,7176
12073,7177
12073,7178
12073,7179
12073,7180
12073,7181
12073,7182
12073,7183
12073,7184
12073,7185
12073,7186
12073,7187
12073,7188
12073,7189
12073,7190
12073,7191
12073,7192
12073,7193
12073,7194
12073,7195
12073,7196
12073,7197
12073,7198
12073,7199
12073,7200
12073,7201
12073,7202
12073,7203
12073,7204
12073,7205
12073,7206
12073,7207
12073,7208
12073,7209
12073,7210
12073,7211
12073,7212
12073,7213
12073,7214
12073,7215
12073,7216
12073,7217
12073,7218
12073,7219
12073,7220
12073,7221
12073,7222
12073,7223
12073,7224
12073,7225
12073,7226
12073,7227
12073,7228
12073,7229
12073,7230
12073,7231
12073,7232
12073,7233
12073,7234
12073,7235
12073,7236
12073,7237
12073,7238
12073,7239
12073,7240
12073,7241
12073,7242
12073,7243
12073,7244
12073,7245
12073,7246
12073,7247
12073,7248
12073,7249
12073,7250
12073,7251
12073,7252
12073,7253
12073,7254
12073,7255
12073,7256
12073,7257
12073,7258
12073,7259
12073,7260
12073,7261
12073,7262
12073,7263
12074,7114
12074,7115
12074,7116
12074,7117
12074,7118
12074,7119
12074,7120
12074,7121
12074,7122
12074,7123
12074,7124
12074,7125
12074,7126
12074,7127
12074,7128
12074,7129
12074,7130
12074,7131
12074,7132
12074,7133
12074,7134
12074,7135
12074,7136
12074,7137
12074,7138
12074,7139
12074,7140
12074,7141
12074,7142
12074,7143
12074,7144
12074,7145
12074,7146
12074,7147
12074,7148
12074,7149
12074,7150
12074,7151
12074,7152
12074,7153
12074,7154
12074,7155
12074,7156
12074,7157
12074,7158
12074,7159
12074,7160
12074,7161
12074,7162
12074,7163
12074,7164
12074,7165
12074,7166
12074,7167
12074,7168
12074,7169
12074,7170
12074,7171
12074,7172
12074,7173
12074,7174
12074,7175
12074,7176
12074,7177
12074,7178
12074,7179
12074,7180
12074,7181
12074,7182
12074,7183
12074,7184
12074,7185
12074,7186
12074,7187
12074,7188
12074,7189
12074,7190
12074,7191
12074,7192
12074,7193
12074,7194
12074,7195
12074,7196
12074,7197
12074,7198
12074,7199
12074,7200
12074,7201
12074,7202
12074,7203
12074,7204
12074,7205
12074,7206
12074,7207
12074,7208
12074,7209
12074,7210
12074,7211
12074,7212
12074,7213
12074,7214
12074,7215
12074,7216
12074,7217
12074,7218
12074,7219
12074,7220
12074,7221
12074,7222
12074,7223
12074,7224
12074,7225
12074,7226
12074,7227
12074,7228
12074,7229
12074,7230
12074,7231
12074,7232
12074,7233
12074,7234
12074,7235
12074,7236
12074,7237
12074,7238
12074,7239
12074,7240
12074,7241
12074,7242
12074,7243
12074,7244
12074,7245
12074,7246
12074,7247
12074,7248
12074,7249
12074,7250
12074,7251
12074,7252
12074,7253
12074,7254
12074,7255
12074,7256
12074,7257
12074,7258
12074,7259
12074,7260
12074,7261
12075,7115
12075,7116
12075,7117
12075,7118
12075,7119
12075,7120
12075,7121
12075,7122
12075,7123
12075,7124
12075,7125
12075,7126
12075,7127
12075,7128
12075,7129
12075,7130
12075,7131
12075,7132
12075,7133
12075,7134
12075,7135
12075,7136
12075,7137
12075,7138
12075,7139
12075,7140
12075,7141
12075,7142
12075,7143
12075,7144
12075,7145
12075,7146
12075,7147
12075,7148
12075,7149
12075,7150
12075,7151
12075,7152
12075,7153
12075,7154
12075,7155
12075,7156
12075,7157
12075,7158
12075,7159
12075,7160
12075,7161
12075,7162
12075,7163
12075,7164
12075,7165
12075,7166
12075,7167
12075,7168
12075,7169
12075,7170
12075,7171
12075,7172
12075,7173
12075,7174
12075,7175
12075,7176
12075,7177
12075,7178
12075,7179
12075,7180
12075,7181
12075,7182
12075,7183
12075,7184
12075,7185
12075,7186
12075,7187
12075,7188
12075,7189
12075,7190
12075,7191
12075,7192
12075,7193
12075,7194
12075,7195
12075,7196
12075,7197
12075,7198
12075,7199
12075,7200
12075,7201
12075,7202
12075,7203
12075,7204
12075,7205
12075,7206
12075,7207
12075,7208
12075,7209
12075,7210
12075,7211
12075,7212
12075,7213
12075,7214
12075,7215
12075,7216
12075,7217
12075,7218
12075,7219
12075,7220
12075,7221
12075,7222
12075,7223
12075,7224
12075,7225
12075,7226
12075,7227
12075,7228
12075,7229
12075,7230
12075,7231
12075,7232
12075,7233
12075,7234
12075,7235
12075,7236
12075,7237
12075,7238
12075,7239
12075,7240
12075,7241
12075,7242
12075,7243
12075,7244
12075,7245
12075,7246
12075,7247
12075,7248
12075,7249
12075,7250
12075,7251
12075,7252
12075,7253
12075,7254
12075,7255
12075,7256
12075,7257
12075,7258
12075,7259
12075,7260
12076,7115
12076,7116
12076,7117
12076,7118
12076,7119
12076,7120
12076,7121
12076,7122
12076,7123
12076,7124
12076,7125
12076,7126
12076,7127
12076,7128
12076,7129
12076,7130
12076,7131
12076,7132
12076,7133
12076,7134
12076,7135
12076,7136
12076,7137
12076,7138
12076,7139
12076,7140
12076,7141
12076,7142
12076,7143
12076,7144
12076,7145
12076,7146
12076,7147
12076,7148
12076,7149
12076,7150
12076,7151
12076,7152
12076,7153
12076,7154
12076,7155
12076,7156
12076,7157
12076,7158
12076,7159
12076,7160
12076,7161
12076,7162
12076,7163
12076,7164
12076,7165
12076,7166
12076,7167
12076,7168
12076,7169
12076,7170
12076,7171
12076,7172
12076,7173
12076,7174
12076,7175
12076,7176
12076,7177
12076,7178
12076,7179
12076,7180
12076,7181
12076,7182
12076,7183
12076,7184
12076,7185
12076,7186
12076,7187
12076,7188
12076,7189
12076,7190
12076,7191
12076,7192
12076,7193
12076,7194
12076,7195
12076,7196
12076,7197
12076,7198
12076,7199
12076,7200
12076,7201
12076,7202
12076,7203
12076,7204
12076,7205
12076,7206
12076,7207
12076,7208
12076,7209
12076,7210
12076,7211
12076,7212
12076,7213
12076,7214
12076,7215
12076,7216
12076,7217
12076,7218
12076,7219
12076,7220
12076,7221
12076,7222
12076,7223
12076,7224
12076,7225
12076,7226
12076,7227
12076,7228
12076,7229
12076,7230
12076,7231
12076,7232
12076,7233
12076,7234
12076,7235
12076,7236
12076,7237
12076,7238
12076,7239
12076,7240
12076,7241
12076,7242
12076,7243
12076,7244
12076,7245
12076,7246
12076,7247
12076,7248
12076,7249
12076,7250
12076,7251
12076,7252
12076,7253
12076,7254
12076,7255
12076,7256
12076,7257
12076,7258
12076,7259
12076,7260
12077,7116
12077,7117
12077,7118
12077,7119
12077,7120
12077,7121
12077,7122
12077,7123
12077,7124
12077,7125
12077,7126
12077,7127
12077,7128
12077,7129
12077,7130
12077,7131
12077,7132
12077,7133
12077,7134
12077,7135
12077,7136
12077,7137
12077,7138
12077,7139
12077,7140
12077,7141
12077,7142
12077,7143
12077,7144
12077,7145
12077,7146
12077,7147
12077,7148
12077,7149
12077,7150
12077,7151
12077,7152
12077,7153
12077,7154
12077,7155
12077,7156
12077,7157
12077,7158
12077,7159
12077,7160
12077,7161
12077,7162
12077,7163
12077,7164
12077,7165
12077,7166
12077,7167
12077,7168
12077,7169
12077,7170
12077,7171
12077,7172
12077,7173
12077,7174
12077,7175
12077,7176
12077,7177
12077,7178
12077,7179
12077,7180
12077,7181
12077,7182
12077,7183
12077,7184
12077,7185
12077,7186
12077,7187
12077,7188
12077,7189
12077,7190
12077,7191
12077,7192
12077,7193
12077,7194
12077,7195
12077,7196
12077,7197
12077,7198
12077,7199
12077,7200
12077,7201
12077,7202
12077,7203
12077,7204
12077,7205
12077,7206
12077,7207
12077,7208
12077,7209
12077,7210
12077,7211
12077,7212
12077,7213
12077,7214
12077,7215
12077,7216
12077,7217
12077,7218
12077,7219
12077,7220
12077,7221
12077,7222
12077,7223
12077,7224
12077,7225
12077,7226
12077,7227
12077,7228
12077,7229
12077,7230
12077,7231
12077,7232
12077,7233
12077,7234
12077,7235
12077,7236
12077,7237
12077,7238
12077,7239
12077,7240
12077,7241
12077,7242
12077,7243
12077,7244
12077,7245
12077,7246
12077,7247
12077,7248
12077,7249
12077,7250
12077,7251
12077,7252
12077,7253
12077,7254
12077,7255
12077,7256
12077,7257
12077,7258
12077,7259
12078,7117
12078,7118
12078,7119
12078,7120
12078,7121
12078,7122
12078,7123
12078,7124
12078,7125
12078,7126
12078,7127
12078,7128
12078,7129
12078,7130
12078,7131
12078,7132
12078,7133
12078,7134
12078,7135
12078,7136
12078,7137
12078,7138
12078,7139
12078,7140
12078,7141
12078,7142
12078,7143
12078,7144
12078,7145
12078,7146
12078,7147
12078,7148
12078,7149
12078,7150
12078,7151
12078,7152
12078,7153
12078,7154
12078,7155
12078,7156
12078,7157
12078,7158
12078,7159
12078,7160
12078,7161
12078,7162
12078,7163
12078,7164
12078,7165
12078,7166
12078,7167
12078,7168
12078,7169
12078,7170
12078,7171
12078,7172
12078,7173
12078,7174
12078,7175
12078,7176
12078,7177
12078,7178
12078,7179
12078,7180
12078,7181
12078,7182
12078,7183
12078,7184
12078,7185
12078,7186
12078,7187
12078,7188
12078,7189
12078,7190
12078,7191
12078,7192
12078,7193
12078,7194
12078,7195
12078,7196
12078,7197
12078,7198
12078,7199
12078,7200
12078,7201
12078,7202
12078,7203
12078,7204
12078,7205
12078,7206
12078,7207
12078,7208
12078,7209
12078,7210
12078,7211
12078,7212
12078,7213
12078,7214
12078,7215
12078,7216
12078,7217
12078,7218
12078,7219
12078,7220
12078,7221
12078,7222
12078,7223
12078,7224
12078,7225
12078,7226
12078,7227
12078,7228
12078,7229
12078,7230
12078,7231
12078,7232
12078,7233
12078,7234
12078,7235
12078,7236
12078,7237
12078,7238
12078,7239
12078,7240
12078,7241
12078,7242
12078,7243
12078,7244
12078,7245
12078,7246
12078,7247
12078,7248
12078,7249
12078,7250
12078,7251
12078,7252
12078,7253
12078,7254
12078,7255
12078,7256
12078,7257
12078,7258
12079,7118
12079,7119
12079,7120
12079,7121
12079,7122
12079,7123
12079,7124
12079,7125
12079,7126
12079,7127
12079,7128
12079,7129
12079,7130
12079,7131
12079,7132
12079,7133
12079,7134
12079,7135
12079,7136
12079,7137
12079,7138
12079,7139
12079,7140
12079,7141
12079,7142
12079,7143
12079,7144
12079,7145
12079,7146
12079,7147
12079,7148
12079,7149
12079,7150
12079,7151
12079,7152
12079,7153
12079,7154
12079,7155
12079,7156
12079,7157
12079,7158
12079,7159
12079,7160
12079,7161
12079,7162
12079,7163
12079,7164
12079,7165
12079,7166
12079,7167
12079,7168
12079,7169
12079,7170
12079,7171
12079,7172
12079,7173
12079,7174
12079,7175
12079,7176
12079,7177
12079,7178
12079,7179
12079,7180
12079,7181
12079,7182
12079,7183
12079,7184
12079,7185
12079,7186
12079,7187
12079,7188
12079,7189
12079,7190
12079,7191
12079,7192
12079,7193
12079,7194
12079,7195
12079,7196
12079,7197
12079,7198
12079,7199
12079,7200
12079,7201
12079,7202
12079,7203
12079,7204
12079,7205
12079,7206
12079,7207
12079,7208
12079,7209
12079,7210
12079,7211
12079,7212
12079,7213
12079,7214
12079,7215
12079,7216
12079,7217
12079,7218
12079,7219
12079,7220
12079,7221
12079,7222
12079,7223
12079,7224
12079,7225
12079,7226
12079,7227
12079,7228
12079,7229
12079,7230
12079,7231
12079,7232
12079,7233
12079,7234
12079,7235
12079,7236
12079,7237
12079,7238
12079,7239
12079,7240
12079,7241
12079,7242
12079,7243
12079,7244
12079,7245
12079,7246
12079,7247
12079,7248
12079,7249
12079,7250
12079,7251
12079,7252
12079,7253
12079,7254
12079,7255
12079,7256
12080,7119
12080,7120
12080,7121
12080,7122
12080,7123
12080,7124
12080,7125
12080,7126
12080,7127
12080,7128
12080,7129
12080,7130
12080,7131
12080,7132
12080,7133
12080,7134
12080,7135
12080,7136
12080,7137
12080,7138
12080,7139
12080,7140
12080,7141
12080,7142
12080,7143
12080,7144
12080,7145
12080,7146
12080,7147
12080,7148
12080,7149
12080,7150
12080,7151
12080,7152
12080,7153
12080,7154
12080,7155
12080,7156
12080,7157
12080,7158
12080,7159
12080,7160
12080,7161
12080,7162
12080,7163
12080,7164
12080,7165
12080,7166
12080,7167
12080,7168
12080,7169
12080,7170
12080,7171
12080,7172
12080,7173
12080,7174
12080,7175
12080,7176
12080,7177
12080,7178
12080,7179
12080,7180
12080,7181
12080,7182
12080,7183
12080,7184
12080,7185
12080,7186
12080,7187
12080,7188
12080,7189
12080,7190
12080,7191
12080,7192
12080,7193
12080,7194
12080,7195
12080,7196
12080,7197
12080,7198
12080,7199
12080,7200
12080,7201
12080,7202
12080,7203
12080,7204
12080,7205
12080,7206
12080,7207
12080,7208
12080,7209
12080,7210
12080,7211
12080,7212
12080,7213
12080,7214
12080,7215
12080,7216
12080,7217
12080,7218
12080,7219
12080,7220
12080,7221
12080,7222
12080,7223
12080,7224
12080,7225
12080,7226
12080,7227
12080,7228
12080,7229
12080,7230
12080,7231
12080,7232
12080,7233
12080,7234
12080,7235
12080,7236
12080,7237
12080,7238
12080,7239
12080,7240
12080,7241
12080,7242
12080,7243
12080,7244
12080,7245
12080,7246
12080,7247
12080,7248
12080,7249
12080,7250
12080,7251
12080,7252
12080,7253
12080,7254
12081,7119
12081,7120
12081,7121
12081,7122
12081,7123
12081,7124
12081,7125
12081,7126
12081,7127
12081,7128
12081,7129
12081,7130
12081,7131
12081,7132
12081,7133
12081,7134
12081,7135
12081,7136
12081,7137
12081,7138
12081,7139
12081,7140
12081,7141
12081,7142
12081,7143
12081,7144
12081,7145
12081,7146
12081,7147
12081,7148
12081,7149
12081,7150
12081,7151
12081,7152
12081,7153
12081,7154
12081,7155
12081,7156
12081,7157
12081,7158
12081,7159
12081,7160
12081,7161
12081,7162
12081,7163
12081,7164
12081,7165
12081,7166
12081,7167
12081,7168
12081,7169
12081,7170
12081,7171
12081,7172
12081,7173
12081,7174
12081,7175
12081,7176
12081,7177
12081,7178
12081,7179
12081,7180
12081,7181
12081,7182
12081,7183
12081,7184
12081,7185
12081,7186
12081,7187
12081,7188
12081,7189
12081,7190
12081,7191
12081,7192
12081,7193
12081,7194
12081,7195
12081,7196
12081,7197
12081,7198
12081,7199
12081,7200
12081,7201
12081,7202
12081,7203
12081,7204
12081,7205
12081,7206
12081,7207
12081,7208
12081,7209
12081,7210
12081,7211
12081,7212
12081,7213
12081,7214
12081,7215
12081,7216
12081,7217
12081,7218
12081,7219
12081,7220
12081,7221
12081,7222
12081,7223
12081,7224
12081,7225
12081,7226
12081,7227
12081,7228
12081,7229
12081,7230
12081,7231
12081,7232
12081,7233
12081,7234
12081,7235
12081,7236
12081,7237
12081,7238
12081,7239
12081,7240
12081,7241
12081,7242
12081,7243
12081,7244
12081,7245
12081,7246
12081,7247
12081,7248
12081,7249
12081,7250
12081,7251
12081,7252
12081,7253
12081,7254
12082,7120
12082,7121
12082,7122
12082,7123
12082,7124
12082,7125
12082,7126
12082,7127
12082,7128
12082,7129
12082,7130
12082,7131
12082,7132
12082,7133
12082,7134
12082,7135
12082,7136
12082,7137
12082,7138
12082,7139
12082,7140
12082,7141
12082,7142
12082,7143
12082,7144
12082,7145
12082,7146
12082,7147
12082,7148
12082,7149
12082,7150
12082,7151
12082,7152
12082,7153
12082,7154
12082,7155
12082,7156
12082,7157
12082,7158
12082,7159
12082,7160
12082,7161
12082,7162
12082,7163
12082,7164
12082,7165
12082,7166
12082,7167
12082,7168
12082,7169
12082,7170
12082,7171
12082,7172
12082,7173
12082,7174
12082,7175
12082,7176
12082,7177
12082,7178
12082,7179
12082,7180
12082,7181
12082,7182
12082,7183
12082,7184
12082,7185
12082,7186
12082,7187
12082,7188
12082,7189
12082,7190
12082,7191
12082,7192
12082,7193
12082,7194
12082,7195
12082,7196
12082,7197
12082,7198
12082,7199
12082,7200
12082,7201
12082,7202
12082,7203
12082,7204
12082,7205
12082,7206
12082,7207
12082,7208
12082,7209
12082,7210
12082,7211
12082,7212
12082,7213
12082,7214
12082,7215
12082,7216
12082,7217
12082,7218
12082,7219
12082,7220
12082,7221
12082,7222
12082,7223
12082,7224
12082,7225
12082,7226
12082,7227
12082,7228
12082,7229
12082,7230
12082,7231
12082,7232
12082,7233
12082,7234
12082,7235
12082,7236
12082,7237
12082,7238
12082,7239
12082,7240
12082,7241
12082,7242
12082,7243
12082,7244
12082,7245
12082,7246
12082,7247
12082,7248
12082,7249
12082,7250
12082,7251
12082,7252
12082,7253
12083,7120
12083,7121
12083,7122
12083,7123
12083,7124
12083,7125
12083,7126
12083,7127
12083,7128
12083,7129
12083,7130
12083,7131
12083,7132
12083,7133
12083,7134
12083,7135
12083,7136
12083,7137
12083,7138
12083,7139
12083,7140
12083,7141
12083,7142
12083,7143
12083,7144
12083,7145
12083,7146
12083,7147
12083,7148
12083,7149
12083,7150
12083,7151
12083,7152
12083,7153
12083,7154
12083,7155
12083,7156
12083,7157
12083,7158
12083,7159
12083,7160
12083,7161
12083,7162
12083,7163
12083,7164
12083,7165
12083,7166
12083,7167
12083,7168
12083,7169
12083,7170
12083,7171
12083,7172
12083,7173
12083,7174
12083,7175
12083,7176
12083,7177
12083,7178
12083,7179
12083,7180
12083,7181
12083,7182
12083,7183
12083,7184
12083,7185
12083,7186
12083,7187
12083,7188
12083,7189
12083,7190
12083,7191
12083,7192
12083,7193
12083,7194
12083,7195
12083,7196
12083,7197
12083,7198
12083,7199
12083,7200
12083,7201
12083,7202
12083,7203
12083,7204
12083,7205
12083,7206
12083,7207
12083,7208
12083,7209
12083,7210
12083,7211
12083,7212
12083,7213
12083,7214
12083,7215
12083,7216
12083,7217
12083,7218
12083,7219
12083,7220
12083,7221
12083,7222
12083,7223
12083,7224
12083,7225
12083,7226
12083,7227
12083,7228
12083,7229
12083,7230
12083,7231
12083,7232
12083,7233
12083,7234
12083,7235
12083,7236
12083,7237
12083,7238
12083,7239
12083,7240
12083,7241
12083,7242
12083,7243
12083,7244
12083,7245
12083,7246
12083,7247
12083,7248
12083,7249
12083,7250
12083,7251
12083,7252
12083,7253
12084,7120
12084,7121
12084,7122
12084,7123
12084,7124
12084,7125
12084,7126
12084,7127
12084,7128
12084,7129
12084,7130
12084,7131
12084,7132
12084,7133
12084,7134
12084,7135
12084,7136
12084,7137
12084,7138
12084,7139
12084,7140
12084,7141
12084,7142
12084,7143
12084,7144
12084,7145
12084,7146
12084,7147
12084,7148
12084,7149
12084,7150
12084,7151
12084,7152
12084,7153
12084,7154
12084,7155
12084,7156
12084,7157
12084,7158
12084,7159
12084,7160
12084,7161
12084,7162
12084,7163
12084,7164
12084,7165
12084,7166
12084,7167
12084,7168
12084,7169
12084,7170
12084,7171
12084,7172
12084,7173
12084,7174
12084,7175
12084,7176
12084,7177
12084,7178
12084,7179
12084,7180
12084,7181
12084,7182
12084,7183
12084,7184
12084,7185
12084,7186
12084,7187
12084,7188
12084,7189
12084,7190
12084,7191
12084,7192
12084,7193
12084,7194
12084,7195
12084,7196
12084,7197
12084,7198
12084,7199
12084,7200
12084,7201
12084,7202
12084,7203
12084,7204
12084,7205
12084,7206
12084,7207
12084,7208
12084,7209
12084,7210
12084,7211
12084,7212
12084,7213
12084,7214
12084,7215
12084,7216
12084,7217
12084,7218
12084,7219
12084,7220
12084,7221
12084,7222
12084,7223
12084,7224
12084,7225
12084,7226
12084,7227
12084,7228
12084,7229
12084,7230
12084,7231
12084,7232
12084,7233
12084,7234
12084,7235
12084,7236
12084,7237
12084,7238
12084,7239
12084,7240
12084,7241
12084,7242
12084,7243
12084,7244
12084,7245
12084,7246
12084,7247
12084,7248
12084,7249
12084,7250
12084,7251
12084,7252
12085,7120
12085,7121
12085,7122
12085,7123
12085,7124
12085,7125
12085,7126
12085,7127
12085,7128
12085,7129
12085,7130
12085,7131
12085,7132
12085,7133
12085,7134
12085,7135
12085,7136
12085,7137
12085,7138
12085,7139
12085,7140
12085,7141
12085,7142
12085,7143
12085,7144
12085,7145
12085,7146
12085,7147
12085,7148
12085,7149
12085,7150
12085,7151
12085,7152
12085,7153
12085,7154
12085,7155
12085,7156
12085,7157
12085,7158
12085,7159
12085,7160
12085,7161
12085,7162
12085,7163
12085,7164
12085,7165
12085,7166
12085,7167
12085,7168
12085,7169
12085,7170
12085,7171
12085,7172
12085,7173
12085,7174
12085,7175
12085,7176
12085,7177
12085,7178
12085,7179
12085,7180
12085,7181
12085,7182
12085,7183
12085,7184
12085,7185
12085,7186
12085,7187
12085,7188
12085,7189
12085,7190
12085,7191
12085,7192
12085,7193
12085,7194
12085,7195
12085,7196
12085,7197
12085,7198
12085,7199
12085,7200
12085,7201
12085,7202
12085,7203
12085,7204
12085,7205
12085,7206
12085,7207
12085,7208
12085,7209
12085,7210
12085,7211
12085,7212
12085,7213
12085,7214
12085,7215
12085,7216
12085,7217
12085,7218
12085,7219
12085,7220
12085,7221
12085,7222
12085,7223
12085,7224
12085,7225
12085,7226
12085,7227
12085,7228
12085,7229
12085,7230
12085,7231
12085,7232
12085,7233
12085,7234
12085,7235
12085,7236
12085,7237
12085,7238
12085,7239
12085,7240
12085,7241
12085,7242
12085,7243
12085,7244
12085,7245
12085,7246
12085,7247
12085,7248
12085,7249
12085,7250
12085,7251
12085,7252
12086,7119
12086,7120
12086,7121
12086,7122
12086,7123
12086,7124
12086,7125
12086,7126
12086,7127
12086,7128
12086,7129
12086,7130
12086,7131
12086,7132
12086,7133
12086,7134
12086,7135
12086,7136
12086,7137
12086,7138
12086,7139
12086,7140
12086,7141
12086,7142
12086,7143
12086,7144
12086,7145
12086,7146
12086,7147
12086,7148
12086,7149
12086,7150
12086,7151
12086,7152
12086,7153
12086,7154
12086,7155
12086,7156
12086,7157
12086,7158
12086,7159
12086,7160
12086,7161
12086,7162
12086,7163
12086,7164
12086,7165
12086,7166
12086,7167
12086,7168
12086,7169
12086,7170
12086,7171
12086,7172
12086,7173
12086,7174
12086,7175
12086,7176
12086,7177
12086,7178
12086,7179
12086,7180
12086,7181
12086,7182
12086,7183
12086,7184
12086,7185
12086,7186
12086,7187
12086,7188
12086,7189
12086,7190
12086,7191
12086,7192
12086,7193
12086,7194
12086,7195
12086,7196
12086,7197
12086,7198
12086,7199
12086,7200
12086,7201
12086,7202
12086,7203
12086,7204
12086,7205
12086,7206
12086,7207
12086,7208
12086,7209
12086,7210
12086,7211
12086,7212
12086,7213
12086,7214
12086,7215
12086,7216
12086,7217
12086,7218
12086,7219
12086,7220
12086,7221
12086,7222
12086,7223
12086,7224
12086,7225
12086,7226
12086,7227
12086,7228
12086,7229
12086,7230
12086,7231
12086,7232
12086,7233
12086,7234
12086,7235
12086,7236
12086,7237
12086,7238
12086,7239
12086,7240
12086,7241
12086,7242
12086,7243
12086,7244
12086,7245
12086,7246
12086,7247
12086,7248
12086,7249
12086,7250
12086,7251
12086,7252
12086,7253
12087,7120
12087,7121
12087,7122
12087,7123
12087,7124
12087,7125
12087,7126
12087,7127
12087,7128
12087,7129
12087,7130
12087,7131
12087,7132
12087,7133
12087,7134
12087,7135
12087,7136
12087,7137
12087,7138
12087,7139
12087,7140
12087,7141
12087,7142
12087,7143
12087,7144
12087,7145
12087,7146
12087,7147
12087,7148
12087,7149
12087,7150
12087,7151
12087,7152
12087,7153
12087,7154
12087,7155
12087,7156
12087,7157
12087,7158
12087,7159
12087,7160
12087,7161
12087,7162
12087,7163
12087,7164
12087,7165
12087,7166
12087,7167
12087,7168
12087,7169
12087,7170
12087,7171
12087,7172
12087,7173
12087,7174
12087,7175
12087,7176
12087,7177
12087,7178
12087,7179
12087,7180
12087,7181
12087,7182
12087,7183
12087,7184
12087,7185
12087,7186
12087,7187
12087,7188
12087,7189
12087,7190
12087,7191
12087,7192
12087,7193
12087,7194
12087,7195
12087,7196
12087,7197
12087,7198
12087,7199
12087,7200
12087,7201
12087,7202
12087,7203
12087,7204
12087,7205
12087,7206
12087,7207
12087,7208
12087,7209
12087,7210
12087,7211
12087,7212
12087,7213
12087,7214
12087,7215
12087,7216
12087,7217
12087,7218
12087,7219
12087,7220
12087,7221
12087,7222
12087,7223
12087,7224
12087,7225
12087,7226
12087,7227
12087,7228
12087,7229
12087,7230
12087,7231
12087,7232
12087,7233
12087,7234
12087,7235
12087,7236
12087,7237
12087,7238
12087,7239
12087,7240
12087,7241
12087,7242
12087,7243
12087,7244
12087,7245
12087,7246
12087,7247
12087,7248
12087,7249
12087,7250
12087,7251
12087,7252
12087,7253
12088,7120
12088,7121
12088,7122
12088,7123
12088,7124
12088,7125
12088,7126
12088,7127
12088,7128
12088,7129
12088,7130
12088,7131
12088,7132
12088,7133
12088,7134
12088,7135
12088,7136
12088,7137
12088,7138
12088,7139
12088,7140
12088,7141
12088,7142
12088,7143
12088,7144
12088,7145
12088,7146
12088,7147
12088,7148
12088,7149
12088,7150
12088,7151
12088,7152
12088,7153
12088,7154
12088,7155
12088,7156
12088,7157
12088,7158
12088,7159
12088,7160
12088,7161
12088,7162
12088,7163
12088,7164
12088,7165
12088,7166
12088,7167
12088,7168
12088,7169
12088,7170
12088,7171
12088,7172
12088,7173
12088,7174
12088,7175
12088,7176
12088,7177
12088,7178
12088,7179
12088,7180
12088,7181
12088,7182
12088,7183
12088,7184
12088,7185
12088,7186
12088,7187
12088,7188
12088,7189
12088,7190
12088,7191
12088,7192
12088,7193
12088,7194
12088,7195
12088,7196
12088,7197
12088,7198
12088,7199
12088,7200
12088,7201
12088,7202
12088,7203
12088,7204
12088,7205
12088,7206
12088,7207
12088,7208
12088,7209
12088,7210
12088,7211
12088,7212
12088,7213
12088,7214
12088,7215
12088,7216
12088,7217
12088,7218
12088,7219
12088,7220
12088,7221
12088,7222
12088,7223
12088,7224
12088,7225
12088,7226
12088,7227
12088,7228
12088,7229
12088,7230
12088,7231
12088,7232
12088,7233
12088,7234
12088,7235
12088,7236
12088,7237
12088,7238
12088,7239
12088,7240
12088,7241
12088,7242
12088,7243
12088,7244
12088,7245
12088,7246
12088,7247
12088,7248
12088,7249
12088,7250
12088,7251
12088,7252
12088,7253
12089,7120
12089,7121
12089,7122
12089,7123
12089,7124
12089,7125
12089,7126
12089,7127
12089,7128
12089,7129
12089,7130
12089,7131
12089,7132
12089,7133
12089,7134
12089,7135
12089,7136
12089,7137
12089,7138
12089,7139
12089,7140
12089,7141
12089,7142
12089,7143
12089,7144
12089,7145
12089,7146
12089,7147
12089,7148
12089,7149
12089,7150
12089,7151
12089,7152
12089,7153
12089,7154
12089,7155
12089,7156
12089,7157
12089,7158
12089,7159
12089,7160
12089,7161
12089,7162
12089,7163
12089,7164
12089,7165
12089,7166
12089,7167
12089,7168
12089,7169
12089,7170
12089,7171
12089,7172
12089,7173
12089,7174
12089,7175
12089,7176
12089,7177
12089,7178
12089,7179
12089,7180
12089,7181
12089,7182
12089,7183
12089,7184
12089,7185
12089,7186
12089,7187
12089,7188
12089,7189
12089,7190
12089,7191
12089,7192
12089,7193
12089,7194
12089,7195
12089,7196
12089,7197
12089,7198
12089,7199
12089,7200
12089,7201
12089,7202
12089,7203
12089,7204
12089,7205
12089,7206
12089,7207
12089,7208
12089,7209
12089,7210
12089,7211
12089,7212
12089,7213
12089,7214
12089,7215
12089,7216
12089,7217
12089,7218
12089,7219
12089,7220
12089,7221
12089,7222
12089,7223
12089,7224
12089,7225
12089,7226
12089,7227
12089,7228
12089,7229
12089,7230
12089,7231
12089,7232
12089,7233
12089,7234
12089,7235
12089,7236
12089,7237
12089,7238
12089,7239
12089,7240
12089,7241
12089,7242
12089,7243
12089,7244
12089,7245
12089,7246
12089,7247
12089,7248
12089,7249
12089,7250
12089,7251
12089,7252
12089,7253
12090,7121
12090,7122
12090,7123
12090,7124
12090,7125
12090,7126
12090,7127
12090,7128
12090,7129
12090,7130
12090,7131
12090,7132
12090,7133
12090,7134
12090,7135
12090,7136
12090,7137
12090,7138
12090,7139
12090,7140
12090,7141
12090,7142
12090,7143
12090,7144
12090,7145
12090,7146
12090,7147
12090,7148
12090,7149
12090,7150
12090,7151
12090,7152
12090,7153
12090,7154
12090,7155
12090,7156
12090,7157
12090,7158
12090,7159
12090,7160
12090,7161
12090,7162
12090,7163
12090,7164
12090,7165
12090,7166
12090,7167
12090,7168
12090,7169
12090,7170
12090,7171
12090,7172
12090,7173
12090,7174
12090,7175
12090,7176
12090,7177
12090,7178
12090,7179
12090,7180
12090,7181
12090,7182
12090,7183
12090,7184
12090,7185
12090,7186
12090,7187
12090,7188
12090,7189
12090,7190
12090,7191
12090,7192
12090,7193
12090,7194
12090,7195
12090,7196
12090,7197
12090,7198
12090,7199
12090,7200
12090,7201
12090,7202
12090,7203
12090,7204
12090,7205
12090,7206
12090,7207
12090,7208
12090,7209
12090,7210
12090,7211
12090,7212
12090,7213
12090,7214
12090,7215
12090,7216
12090,7217
12090,7218
12090,7219
12090,7220
12090,7221
12090,7222
12090,7223
12090,7224
12090,7225
12090,7226
12090,7227
12090,7228
12090,7229
12090,7230
12090,7231
12090,7232
12090,7233
12090,7234
12090,7235
12090,7236
12090,7237
12090,7238
12090,7239
12090,7240
12090,7241
12090,7242
12090,7243
12090,7244
12090,7245
12090,7246
12090,7247
12090,7248
12090,7249
12090,7250
12090,7251
12090,7252
12090,7253
12090,7254
12091,7122
12091,7123
12091,7124
12091,7125
12091,7126
12091,7127
12091,7128
12091,7129
12091,7130
12091,7131
12091,7132
12091,7133
12091,7134
12091,7135
12091,7136
12091,7137
12091,7138
12091,7139
12091,7140
12091,7141
12091,7142
12091,7143
12091,7144
12091,7145
12091,7146
12091,7147
12091,7148
12091,7149
12091,7150
12091,7151
12091,7152
12091,7153
12091,7154
12091,7155
12091,7156
12091,7157
12091,7158
12091,7159
12091,7160
12091,7161
12091,7162
12091,7163
12091,7164
12091,7165
12091,7166
12091,7167
12091,7168
12091,7169
12091,7170
12091,7171
12091,7172
12091,7173
12091,7174
12091,7175
12091,7176
12091,7177
12091,7178
12091,7179
12091,7180
12091,7181
12091,7182
12091,7183
12091,7184
12091,7185
12091,7186
12091,7187
12091,7188
12091,7189
12091,7190
12091,7191
12091,7192
12091,7193
12091,7194
12091,7195
12091,7196
12091,7197
12091,7198
12091,7199
12091,7200
12091,7201
12091,7202
12091,7203
12091,7204
12091,7205
12091,7206
12091,7207
12091,7208
12091,7209
12091,7210
12091,7211
12091,7212
12091,7213
12091,7214
12091,7215
12091,7216
12091,7217
12091,7218
12091,7219
12091,7220
12091,7221
12091,7222
12091,7223
12091,7224
12091,7225
12091,7226
12091,7227
12091,7228
12091,7229
12091,7230
12091,7231
12091,7232
12091,7233
12091,7234
12091,7235
12091,7236
12091,7237
12091,7238
12091,7239
12091,7240
12091,7241
12091,7242
12091,7243
12091,7244
12091,7245
12091,7246
12091,7247
12091,7248
12091,7249
12091,7250
12091,7251
12091,7252
12091,7253
12091,7254
12092,7122
12092,7123
12092,7124
12092,7125
12092,7126
12092,7127
12092,7128
12092,7129
12092,7130
12092,7131
12092,7132
12092,7133
12092,7134
12092,7135
12092,7136
12092,7137
12092,7138
12092,7139
12092,7140
12092,7141
12092,7142
12092,7143
12092,7144
12092,7145
12092,7146
12092,7147
12092,7148
12092,7149
12092,7150
12092,7151
12092,7152
12092,7153
12092,7154
12092,7155
12092,7156
12092,7157
12092,7158
12092,7159
12092,7160
12092,7161
12092,7162
12092,7163
12092,7164
12092,7165
12092,7166
12092,7167
12092,7168
12092,7169
12092,7170
12092,7171
12092,7172
12092,7173
12092,7174
12092,7175
12092,7176
12092,7177
12092,7178
12092,7179
12092,7180
12092,7181
12092,7182
12092,7183
12092,7184
12092,7185
12092,7186
12092,7187
12092,7188
12092,7189
12092,7190
12092,7191
12092,7192
12092,7193
12092,7194
12092,7195
12092,7196
12092,7197
12092,7198
12092,7199
12092,7200
12092,7201
12092,7202
12092,7203
12092,7204
12092,7205
12092,7206
12092,7207
12092,7208
12092,7209
12092,7210
12092,7211
12092,7212
12092,7213
12092,7214
12092,7215
12092,7216
12092,7217
12092,7218
12092,7219
12092,7220
12092,7221
12092,7222
12092,7223
12092,7224
12092,7225
12092,7226
12092,7227
12092,7228
12092,7229
12092,7230
12092,7231
12092,7232
12092,7233
12092,7234
12092,7235
12092,7236
12092,7237
12092,7238
12092,7239
12092,7240
12092,7241
12092,7242
12092,7243
12092,7244
12092,7245
12092,7246
12092,7247
12092,7248
12092,7249
12092,7250
12092,7251
12092,7252
12092,7253
12092,7254
12093,7123
12093,7124
12093,7125
12093,7126
12093,7127
12093,7128
12093,7129
12093,7130
12093,7131
12093,7132
12093,7133
12093,7134
12093,7135
12093,7136
12093,7137
12093,7138
12093,7139
12093,7140
12093,7141
12093,7142
12093,7143
12093,7144
12093,7145
12093,7146
12093,7147
12093,7148
12093,7149
12093,7150
12093,7151
12093,7152
12093,7153
12093,7154
12093,7155
12093,7156
12093,7157
12093,7158
12093,7159
12093,7160
12093,7161
12093,7162
12093,7163
12093,7164
12093,7165
12093,7166
12093,7167
12093,7168
12093,7169
12093,7170
12093,7171
12093,7172
12093,7173
12093,7174
12093,7175
12093,7176
12093,7177
12093,7178
12093,7179
12093,7180
12093,7181
12093,7182
12093,7183
12093,7184
12093,7185
12093,7186
12093,7187
12093,7188
12093,7189
12093,7190
12093,7191
12093,7192
12093,7193
12093,7194
12093,7195
12093,7196
12093,7197
12093,7198
12093,7199
12093,7200
12093,7201
12093,7202
12093,7203
12093,7204
12093,7205
12093,7206
12093,7207
12093,7208
12093,7209
12093,7210
12093,7211
12093,7212
12093,7213
12093,7214
12093,7215
12093,7216
12093,7217
12093,7218
12093,7219
12093,7220
12093,7221
12093,7222
12093,7223
12093,7224
12093,7225
12093,7226
12093,7227
12093,7228
12093,7229
12093,7230
12093,7231
12093,7232
12093,7233
12093,7234
12093,7235
12093,7236
12093,7237
12093,7238
12093,7239
12093,7240
12093,7241
12093,7242
12093,7243
12093,7244
12093,7245
12093,7246
12093,7247
12093,7248
12093,7249
12093,7250
12093,7251
12093,7252
12093,7253
12093,7254
12094,7124
12094,7125
12094,7126
12094,7127
12094,7128
12094,7129
12094,7130
12094,7131
12094,7132
12094,7133
12094,7134
12094,7135
12094,7136
12094,7137
12094,7138
12094,7139
12094,7140
12094,7141
12094,7142
12094,7143
12094,7144
12094,7145
12094,7146
12094,7147
12094,7148
12094,7149
12094,7150
12094,7151
12094,7152
12094,7153
12094,7154
12094,7155
12094,7156
12094,7157
12094,7158
12094,7159
12094,7160
12094,7161
12094,7162
12094,7163
12094,7164
12094,7165
12094,7166
12094,7167
12094,7168
12094,7169
12094,7170
12094,7171
12094,7172
12094,7173
12094,7174
12094,7175
12094,7176
12094,7177
12094,7178
12094,7179
12094,7180
12094,7181
12094,7182
12094,7183
12094,7184
12094,7185
12094,7186
12094,7187
12094,7188
12094,7189
12094,7190
12094,7191
12094,7192
12094,7193
12094,7194
12094,7195
12094,7196
12094,7197
12094,7198
12094,7199
12094,7200
12094,7201
12094,7202
12094,7203
12094,7204
12094,7205
12094,7206
12094,7207
12094,7208
12094,7209
12094,7210
12094,7211
12094,7212
12094,7213
12094,7214
12094,7215
12094,7216
12094,7217
12094,7218
12094,7219
12094,7220
12094,7221
12094,7222
12094,7223
12094,7224
12094,7225
12094,7226
12094,7227
12094,7228
12094,7229
12094,7230
12094,7231
12094,7232
12094,7233
12094,7234
12094,7235
12094,7236
12094,7237
12094,7238
12094,7239
12094,7240
12094,7241
12094,7242
12094,7243
12094,7244
12094,7245
12094,7246
12094,7247
12094,7248
12094,7249
12094,7250
12094,7251
12094,7252
12094,7253
12095,7125
12095,7126
12095,7127
12095,7128
12095,7129
12095,7130
12095,7131
12095,7132
12095,7133
12095,7134
12095,7135
12095,7136
12095,7137
12095,7138
12095,7139
12095,7140
12095,7141
12095,7142
12095,7143
12095,7144
12095,7145
12095,7146
12095,7147
12095,7148
12095,7149
12095,7150
12095,7151
12095,7152
12095,7153
12095,7154
12095,7155
12095,7156
12095,7157
12095,7158
12095,7159
12095,7160
12095,7161
12095,7162
12095,7163
12095,7164
12095,7165
12095,7166
12095,7167
12095,7168
12095,7169
12095,7170
12095,7171
12095,7172
12095,7173
12095,7174
12095,7175
12095,7176
12095,7177
12095,7178
12095,7179
12095,7180
12095,7181
12095,7182
12095,7183
12095,7184
12095,7185
12095,7186
12095,7187
12095,7188
12095,7189
12095,7190
12095,7191
12095,7192
12095,7193
12095,7194
12095,7195
12095,7196
12095,7197
12095,7198
12095,7199
12095,7200
12095,7201
12095,7202
12095,7203
12095,7204
12095,7205
12095,7206
12095,7207
12095,7208
12095,7209
12095,7210
12095,7211
12095,7212
12095,7213
12095,7214
12095,7215
12095,7216
12095,7217
12095,7218
12095,7219
12095,7220
12095,7221
12095,7222
12095,7223
12095,7224
12095,7225
12095,7226
12095,7227
12095,7228
12095,7229
12095,7230
12095,7231
12095,7232
12095,7233
12095,7234
12095,7235
12095,7236
12095,7237
12095,7238
12095,7239
12095,7240
12095,7241
12095,7242
12095,7243
12095,7244
12095,7245
12095,7246
12095,7247
12095,7248
12095,7249
12095,7250
12095,7251
12095,7252
12095,7253
12096,7126
12096,7127
12096,7128
12096,7129
12096,7130
12096,7131
12096,7132
12096,7133
12096,7134
12096,7135
12096,7136
12096,7137
12096,7138
12096,7139
12096,7140
12096,7141
12096,7142
12096,7143
12096,7144
12096,7145
12096,7146
12096,7147
12096,7148
12096,7149
12096,7150
12096,7151
12096,7152
12096,7153
12096,7154
12096,7155
12096,7156
12096,7157
12096,7158
12096,7159
12096,7160
12096,7161
12096,7162
12096,7163
12096,7164
12096,7165
12096,7166
12096,7167
12096,7168
12096,7169
12096,7170
12096,7171
12096,7172
12096,7173
12096,7174
12096,7175
12096,7176
12096,7177
12096,7178
12096,7179
12096,7180
12096,7181
12096,7182
12096,7183
12096,7184
12096,7185
12096,7186
12096,7187
12096,7188
12096,7189
12096,7190
12096,7191
12096,7192
12096,7193
12096,7194
12096,7195
12096,7196
12096,7197
12096,7198
12096,7199
12096,7200
12096,7201
12096,7202
12096,7203
12096,7204
12096,7205
12096,7206
12096,7207
12096,7208
12096,7209
12096,7210
12096,7211
12096,7212
12096,7213
12096,7214
12096,7215
12096,7216
12096,7217
12096,7218
12096,7219
12096,7220
12096,7221
12096,7222
12096,7223
12096,7224
12096,7225
12096,7226
12096,7227
12096,7228
12096,7229
12096,7230
12096,7231
12096,7232
12096,7233
12096,7234
12096,7235
12096,7236
12096,7237
12096,7238
12096,7239
12096,7240
12096,7241
12096,7242
12096,7243
12096,7244
12096,7245
12096,7246
12096,7247
12096,7248
12096,7249
12096,7250
12096,7251
12096,7252
12096,7253
12097,7126
12097,7127
12097,7128
12097,7129
12097,7130
12097,7131
12097,7132
12097,7133
12097,7134
12097,7135
12097,7136
12097,7137
12097,7138
12097,7139
12097,7140
12097,7141
12097,7142
12097,7143
12097,7144
12097,7145
12097,7146
12097,7147
12097,7148
12097,7149
12097,7150
12097,7151
12097,7152
12097,7153
12097,7154
12097,7155
12097,7156
12097,7157
12097,7158
12097,7159
12097,7160
12097,7161
12097,7162
12097,7163
12097,7164
12097,7165
12097,7166
12097,7167
12097,7168
12097,7169
12097,7170
12097,7171
12097,7172
12097,7173
12097,7174
12097,7175
12097,7176
12097,7177
12097,7178
12097,7179
12097,7180
12097,7181
12097,7182
12097,7183
12097,7184
12097,7185
12097,7186
12097,7187
12097,7188
12097,7189
12097,7190
12097,7191
12097,7192
12097,7193
12097,7194
12097,7195
12097,7196
12097,7197
12097,7198
12097,7199
12097,7200
12097,7201
12097,7202
12097,7203
12097,7204
12097,7205
12097,7206
12097,7207
12097,7208
12097,7209
12097,7210
12097,7211
12097,7212
12097,7213
12097,7214
12097,7215
12097,7216
12097,7217
12097,7218
12097,7219
12097,7220
12097,7221
12097,7222
12097,7223
12097,7224
12097,7225
12097,7226
12097,7227
12097,7228
12097,7229
12097,7230
12097,7231
12097,7232
12097,7233
12097,7234
12097,7235
12097,7236
12097,7237
12097,7238
12097,7239
12097,7240
12097,7241
12097,7242
12097,7243
12097,7244
12097,7245
12097,7246
12097,7247
12097,7248
12097,7249
12097,7250
12097,7251
12097,7252
12097,7253
12098,7127
12098,7128
12098,7129
12098,7130
12098,7131
12098,7132
12098,7133
12098,7134
12098,7135
12098,7136
12098,7137
12098,7138
12098,7139
12098,7140
12098,7141
12098,7142
12098,7143
12098,7144
12098,7145
12098,7146
12098,7147
12098,7148
12098,7149
12098,7150
12098,7151
12098,7152
12098,7153
12098,7154
12098,7155
12098,7156
12098,7157
12098,7158
12098,7159
12098,7160
12098,7161
12098,7162
12098,7163
12098,7164
12098,7165
12098,7166
12098,7167
12098,7168
12098,7169
12098,7170
12098,7171
12098,7172
12098,7173
12098,7174
12098,7175
12098,7176
12098,7177
12098,7178
12098,7179
12098,7180
12098,7181
12098,7182
12098,7183
12098,7184
12098,7185
12098,7186
12098,7187
12098,7188
12098,7189
12098,7190
12098,7191
12098,7192
12098,7193
12098,7194
12098,7195
12098,7196
12098,7197
12098,7198
12098,7199
12098,7200
12098,7201
12098,7202
12098,7203
12098,7204
12098,7205
12098,7206
12098,7207
12098,7208
12098,7209
12098,7210
12098,7211
12098,7212
12098,7213
12098,7214
12098,7215
12098,7216
12098,7217
12098,7218
12098,7219
12098,7220
12098,7221
12098,7222
12098,7223
12098,7224
12098,7225
12098,7226
12098,7227
12098,7228
12098,7229
12098,7230
12098,7231
12098,7232
12098,7233
12098,7234
12098,7235
12098,7236
12098,7237
12098,7238
12098,7239
12098,7240
12098,7241
12098,7242
12098,7243
12098,7244
12098,7245
12098,7246
12098,7247
12098,7248
12098,7249
12098,7250
12098,7251
12098,7252
12099,7128
12099,7129
12099,7130
12099,7131
12099,7132
12099,7133
12099,7134
12099,7135
12099,7136
12099,7137
12099,7138
12099,7139
12099,7140
12099,7141
12099,7142
12099,7143
12099,7144
12099,7145
12099,7146
12099,7147
12099,7148
12099,7149
12099,7150
12099,7151
12099,7152
12099,7153
12099,7154
12099,7155
12099,7156
12099,7157
12099,7158
12099,7159
12099,7160
12099,7161
12099,7162
12099,7163
12099,7164
12099,7165
12099,7166
12099,7167
12099,7168
12099,7169
12099,7170
12099,7171
12099,7172
12099,7173
12099,7174
12099,7175
12099,7176
12099,7177
12099,7178
12099,7179
12099,7180
12099,7181
12099,7182
12099,7183
12099,7184
12099,7185
12099,7186
12099,7187
12099,7188
12099,7189
12099,7190
12099,7191
12099,7192
12099,7193
12099,7194
12099,7195
12099,7196
12099,7197
12099,7198
12099,7199
12099,7200
12099,7201
12099,7202
12099,7203
12099,7204
12099,7205
12099,7206
12099,7207
12099,7208
12099,7209
12099,7210
12099,7211
12099,7212
12099,7213
12099,7214
12099,7215
12099,7216
12099,7217
12099,7218
12099,7219
12099,7220
12099,7221
12099,7222
12099,7223
12099,7224
12099,7225
12099,7226
12099,7227
12099,7228
12099,7229
12099,7230
12099,7231
12099,7232
12099,7233
12099,7234
12099,7235
12099,7236
12099,7237
12099,7238
12099,7239
12099,7240
12099,7241
12099,7242
12099,7243
12099,7244
12099,7245
12099,7246
12099,7247
12099,7248
12099,7249
12099,7250
12099,7251
12099,7252
12100,7130
12100,7131
12100,7132
12100,7133
12100,7134
12100,7135
12100,7136
12100,7137
12100,7138
12100,7139
12100,7140
12100,7141
12100,7142
12100,7143
12100,7144
12100,7145
12100,7146
12100,7147
12100,7148
12100,7149
12100,7150
12100,7151
12100,7152
12100,7153
12100,7154
12100,7155
12100,7156
12100,7157
12100,7158
12100,7159
12100,7160
12100,7161
12100,7162
12100,7163
12100,7164
12100,7165
12100,7166
12100,7167
12100,7168
12100,7169
12100,7170
12100,7171
12100,7172
12100,7173
12100,7174
12100,7175
12100,7176
12100,7177
12100,7178
12100,7179
12100,7180
12100,7181
12100,7182
12100,7183
12100,7184
12100,7185
12100,7186
12100,7187
12100,7188
12100,7189
12100,7190
12100,7191
12100,7192
12100,7193
12100,7194
12100,7195
12100,7196
12100,7197
12100,7198
12100,7199
12100,7200
12100,7201
12100,7202
12100,7203
12100,7204
12100,7205
12100,7206
12100,7207
12100,7208
12100,7209
12100,7210
12100,7211
12100,7212
12100,7213
12100,7214
12100,7215
12100,7216
12100,7217
12100,7218
12100,7219
12100,7220
12100,7221
12100,7222
12100,7223
12100,7224
12100,7225
12100,7226
12100,7227
12100,7228
12100,7229
12100,7230
12100,7231
12100,7232
12100,7233
12100,7234
12100,7235
12100,7236
12100,7237
12100,7238
12100,7239
12100,7240
12100,7241
12100,7242
12100,7243
12100,7244
12100,7245
12100,7246
12100,7247
12100,7248
12100,7249
12100,7250
12100,7251
12100,7252
12101,7130
12101,7131
12101,7132
12101,7133
12101,7134
12101,7135
12101,7136
12101,7137
12101,7138
12101,7139
12101,7140
12101,7141
12101,7142
12101,7143
12101,7144
12101,7145
12101,7146
12101,7147
12101,7148
12101,7149
12101,7150
12101,7151
12101,7152
12101,7153
12101,7154
12101,7155
12101,7156
12101,7157
12101,7158
12101,7159
12101,7160
12101,7161
12101,7162
12101,7163
12101,7164
12101,7165
12101,7166
12101,7167
12101,7168
12101,7169
12101,7170
12101,7171
12101,7172
12101,7173
12101,7174
12101,7175
12101,7176
12101,7177
12101,7178
12101,7179
12101,7180
12101,7181
12101,7182
12101,7183
12101,7184
12101,7185
12101,7186
12101,7187
12101,7188
12101,7189
12101,7190
12101,7191
12101,7192
12101,7193
12101,7194
12101,7195
12101,7196
12101,7197
12101,7198
12101,7199
12101,7200
12101,7201
12101,7202
12101,7203
12101,7204
12101,7205
12101,7206
12101,7207
12101,7208
12101,7209
12101,7210
12101,7211
12101,7212
12101,7213
12101,7214
12101,7215
12101,7216
12101,7217
12101,7218
12101,7219
12101,7220
12101,7221
12101,7222
12101,7223
12101,7224
12101,7225
12101,7226
12101,7227
12101,7228
12101,7229
12101,7230
12101,7231
12101,7232
12101,7233
12101,7234
12101,7235
12101,7236
12101,7237
12101,7238
12101,7239
12101,7240
12101,7241
12101,7242
12101,7243
12101,7244
12101,7245
12101,7246
12101,7247
12101,7248
12101,7249
12101,7250
12101,7251
12102,7129
12102,7130
12102,7131
12102,7132
12102,7133
12102,7134
12102,7135
12102,7136
12102,7137
12102,7138
12102,7139
12102,7140
12102,7141
12102,7142
12102,7143
12102,7144
12102,7145
12102,7146
12102,7147
12102,7148
12102,7149
12102,7150
12102,7151
12102,7152
12102,7153
12102,7154
12102,7155
12102,7156
12102,7157
12102,7158
12102,7159
12102,7160
12102,7161
12102,7162
12102,7163
12102,7164
12102,7165
12102,7166
12102,7167
12102,7168
12102,7169
12102,7170
12102,7171
12102,7172
12102,7173
12102,7174
12102,7175
12102,7176
12102,7177
12102,7178
12102,7179
12102,7180
12102,7181
12102,7182
12102,7183
12102,7184
12102,7185
12102,7186
12102,7187
12102,7188
12102,7189
12102,7190
12102,7191
12102,7192
12102,7193
12102,7194
12102,7195
12102,7196
12102,7197
12102,7198
12102,7199
12102,7200
12102,7201
12102,7202
12102,7203
12102,7204
12102,7205
12102,7206
12102,7207
12102,7208
12102,7209
12102,7210
12102,7211
12102,7212
12102,7213
12102,7214
12102,7215
12102,7216
12102,7217
12102,7218
12102,7219
12102,7220
12102,7221
12102,7222
12102,7223
12102,7224
12102,7225
12102,7226
12102,7227
12102,7228
12102,7229
12102,7230
12102,7231
12102,7232
12102,7233
12102,7234
12102,7235
12102,7236
12102,7237
12102,7238
12102,7239
12102,7240
12102,7241
12102,7242
12102,7243
12102,7244
12102,7245
12102,7246
12102,7247
12102,7248
12102,7249
12102,7250
12102,7251
12103,7129
12103,7130
12103,7131
12103,7132
12103,7133
12103,7134
12103,7135
12103,7136
12103,7137
12103,7138
12103,7139
12103,7140
12103,7141
12103,7142
12103,7143
12103,7144
12103,7145
12103,7146
12103,7147
12103,7148
12103,7149
12103,7150
12103,7151
12103,7152
12103,7153
12103,7154
12103,7155
12103,7156
12103,7157
12103,7158
12103,7159
12103,7160
12103,7161
12103,7162
12103,7163
12103,7164
12103,7165
12103,7166
12103,7167
12103,7168
12103,7169
12103,7170
12103,7171
12103,7172
12103,7173
12103,7174
12103,7175
12103,7176
12103,7177
12103,7178
12103,7179
12103,7180
12103,7181
12103,7182
12103,7183
12103,7184
12103,7185
12103,7186
12103,7187
12103,7188
12103,7189
12103,7190
12103,7191
12103,7192
12103,7193
12103,7194
12103,7195
12103,7196
12103,7197
12103,7198
12103,7199
12103,7200
12103,7201
12103,7202
12103,7203
12103,7204
12103,7205
12103,7206
12103,7207
12103,7208
12103,7209
12103,7210
12103,7211
12103,7212
12103,7213
12103,7214
12103,7215
12103,7216
12103,7217
12103,7218
12103,7219
12103,7220
12103,7221
12103,7222
12103,7223
12103,7224
12103,7225
12103,7226
12103,7227
12103,7228
12103,7229
12103,7230
12103,7231
12103,7232
12103,7233
12103,7234
12103,7235
12103,7236
12103,7237
12103,7238
12103,7239
12103,7240
12103,7241
12103,7242
12103,7243
12103,7244
12103,7245
12103,7246
12103,7247
12103,7248
12103,7249
12103,7250
12103,7251
12104,7128
12104,7129
12104,7130
12104,7131
12104,7132
12104,7133
12104,7134
12104,7135
12104,7136
12104,7137
12104,7138
12104,7139
12104,7140
12104,7141
12104,7142
12104,7143
12104,7144
12104,7145
12104,7146
12104,7147
12104,7148
12104,7149
12104,7150
12104,7151
12104,7152
12104,7153
12104,7154
12104,7155
12104,7156
12104,7157
12104,7158
12104,7159
12104,7160
12104,7161
12104,7162
12104,7163
12104,7164
12104,7165
12104,7166
12104,7167
12104,7168
12104,7169
12104,7170
12104,7171
12104,7172
12104,7173
12104,7174
12104,7175
12104,7176
12104,7177
12104,7178
12104,7179
12104,7180
12104,7181
12104,7182
12104,7183
12104,7184
12104,7185
12104,7186
12104,7187
12104,7188
12104,7189
12104,7190
12104,7191
12104,7192
12104,7193
12104,7194
12104,7195
12104,7196
12104,7197
12104,7198
12104,7199
12104,7200
12104,7201
12104,7202
12104,7203
12104,7204
12104,7205
12104,7206
12104,7207
12104,7208
12104,7209
12104,7210
12104,7211
12104,7212
12104,7213
12104,7214
12104,7215
12104,7216
12104,7217
12104,7218
12104,7219
12104,7220
12104,7221
12104,7222
12104,7223
12104,7224
12104,7225
12104,7226
12104,7227
12104,7228
12104,7229
12104,7230
12104,7231
12104,7232
12104,7233
12104,7234
12104,7235
12104,7236
12104,7237
12104,7238
12104,7239
12104,7240
12104,7241
12104,7242
12104,7243
12104,7244
12104,7245
12104,7246
12104,7247
12104,7248
12104,7249
12104,7250
12105,7128
12105,7129
12105,7130
12105,7131
12105,7132
12105,7133
12105,7134
12105,7135
12105,7136
12105,7137
12105,7138
12105,7139
12105,7140
12105,7141
12105,7142
12105,7143
12105,7144
12105,7145
12105,7146
12105,7147
12105,7148
12105,7149
12105,7150
12105,7151
12105,7152
12105,7153
12105,7154
12105,7155
12105,7156
12105,7157
12105,7158
12105,7159
12105,7160
12105,7161
12105,7162
12105,7163
12105,7164
12105,7165
12105,7166
12105,7167
12105,7168
12105,7169
12105,7170
12105,7171
12105,7172
12105,7173
12105,7174
12105,7175
12105,7176
12105,7177
12105,7178
12105,7179
12105,7180
12105,7181
12105,7182
12105,7183
12105,7184
12105,7185
12105,7186
12105,7187
12105,7188
12105,7189
12105,7190
12105,7191
12105,7192
12105,7193
12105,7194
12105,7195
12105,7196
12105,7197
12105,7198
12105,7199
12105,7200
12105,7201
12105,7202
12105,7203
12105,7204
12105,7205
12105,7206
12105,7207
12105,7208
12105,7209
12105,7210
12105,7211
12105,7212
12105,7213
12105,7214
12105,7215
12105,7216
12105,7217
12105,7218
12105,7219
12105,7220
12105,7221
12105,7222
12105,7223
12105,7224
12105,7225
12105,7226
12105,7227
12105,7228
12105,7229
12105,7230
12105,7231
12105,7232
12105,7233
12105,7234
12105,7235
12105,7236
12105,7237
12105,7238
12105,7239
12105,7240
12105,7241
12105,7242
12105,7243
12105,7244
12105,7245
12105,7246
12105,7247
12105,7248
12105,7249
12105,7250
12106,7127
12106,7128
12106,7129
12106,7130
12106,7131
12106,7132
12106,7133
12106,7134
12106,7135
12106,7136
12106,7137
12106,7138
12106,7139
12106,7140
12106,7141
12106,7142
12106,7143
12106,7144
12106,7145
12106,7146
12106,7147
12106,7148
12106,7149
12106,7150
12106,7151
12106,7152
12106,7153
12106,7154
12106,7155
12106,7156
12106,7157
12106,7158
12106,7159
12106,7160
12106,7161
12106,7162
12106,7163
12106,7164
12106,7165
12106,7166
12106,7167
12106,7168
12106,7169
12106,7170
12106,7171
12106,7172
12106,7173
12106,7174
12106,7175
12106,7176
12106,7177
12106,7178
12106,7179
12106,7180
12106,7181
12106,7182
12106,7183
12106,7184
12106,7185
12106,7186
12106,7187
12106,7188
12106,7189
12106,7190
12106,7191
12106,7192
12106,7193
12106,7194
12106,7195
12106,7196
12106,7197
12106,7198
12106,7199
12106,7200
12106,7201
12106,7202
12106,7203
12106,7204
12106,7205
12106,7206
12106,7207
12106,7208
12106,7209
12106,7210
12106,7211
12106,7212
12106,7213
12106,7214
12106,7215
12106,7216
12106,7217
12106,7218
12106,7219
12106,7220
12106,7221
12106,7222
12106,7223
12106,7224
12106,7225
12106,7226
12106,7227
12106,7228
12106,7229
12106,7230
12106,7231
12106,7232
12106,7233
12106,7234
12106,7235
12106,7236
12106,7237
12106,7238
12106,7239
12106,7240
12106,7241
12106,7242
12106,7243
12106,7244
12106,7245
12106,7246
12106,7247
12106,7248
12106,7249
12107,7126
12107,7127
12107,7128
12107,7129
12107,7130
12107,7131
12107,7132
12107,7133
12107,7134
12107,7135
12107,7136
12107,7137
12107,7138
12107,7139
12107,7140
12107,7141
12107,7142
12107,7143
12107,7144
12107,7145
12107,7146
12107,7147
12107,7148
12107,7149
12107,7150
12107,7151
12107,7152
12107,7153
12107,7154
12107,7155
12107,7156
12107,7157
12107,7158
12107,7159
12107,7160
12107,7161
12107,7162
12107,7163
12107,7164
12107,7165
12107,7166
12107,7167
12107,7168
12107,7169
12107,7170
12107,7171
12107,7172
12107,7173
12107,7174
12107,7175
12107,7176
12107,7177
12107,7178
12107,7179
12107,7180
12107,7181
12107,7182
12107,7183
12107,7184
12107,7185
12107,7186
12107,7187
12107,7188
12107,7189
12107,7190
12107,7191
12107,7192
12107,7193
12107,7194
12107,7195
12107,7196
12107,7197
12107,7198
12107,7199
12107,7200
12107,7201
12107,7202
12107,7203
12107,7204
12107,7205
12107,7206
12107,7207
12107,7208
12107,7209
12107,7210
12107,7211
12107,7212
12107,7213
12107,7214
12107,7215
12107,7216
12107,7217
12107,7218
12107,7219
12107,7220
12107,7221
12107,7222
12107,7223
12107,7224
12107,7225
12107,7226
12107,7227
12107,7228
12107,7229
12107,7230
12107,7231
12107,7232
12107,7233
12107,7234
12107,7235
12107,7236
12107,7237
12107,7238
12107,7239
12107,7240
12107,7241
12107,7242
12107,7243
12107,7244
12107,7245
12107,7246
12107,7247
12107,7248
12107,7249
12108,7126
12108,7127
12108,7128
12108,7129
12108,7130
12108,7131
12108,7132
12108,7133
12108,7134
12108,7135
12108,7136
12108,7137
12108,7138
12108,7139
12108,7140
12108,7141
12108,7142
12108,7143
12108,7144
12108,7145
12108,7146
12108,7147
12108,7148
12108,7149
12108,7150
12108,7151
12108,7152
12108,7153
12108,7154
12108,7155
12108,7156
12108,7157
12108,7158
12108,7159
12108,7160
12108,7161
12108,7162
12108,7163
12108,7164
12108,7165
12108,7166
12108,7167
12108,7168
12108,7169
12108,7170
12108,7171
12108,7172
12108,7173
12108,7174
12108,7175
12108,7176
12108,7177
12108,7178
12108,7179
12108,7180
12108,7181
12108,7182
12108,7183
12108,7184
12108,7185
12108,7186
12108,7187
12108,7188
12108,7189
12108,7190
12108,7191
12108,7192
12108,7193
12108,7194
12108,7195
12108,7196
12108,7197
12108,7198
12108,7199
12108,7200
12108,7201
12108,7202
12108,7203
12108,7204
12108,7205
12108,7206
12108,7207
12108,7208
12108,7209
12108,7210
12108,7211
12108,7212
12108,7213
12108,7214
12108,7215
12108,7216
12108,7217
12108,7218
12108,7219
12108,7220
12108,7221
12108,7222
12108,7223
12108,7224
12108,7225
12108,7226
12108,7227
12108,7228
12108,7229
12108,7230
12108,7231
12108,7232
12108,7233
12108,7234
12108,7235
12108,7236
12108,7237
12108,7238
12108,7239
12108,7240
12108,7241
12108,7242
12108,7243
12108,7244
12108,7245
12108,7246
12108,7247
12108,7248
12109,7126
12109,7127
12109,7128
12109,7129
12109,7130
12109,7131
12109,7132
12109,7133
12109,7134
12109,7135
12109,7136
12109,7137
12109,7138
12109,7139
12109,7140
12109,7141
12109,7142
12109,7143
12109,7144
12109,7145
12109,7146
12109,7147
12109,7148
12109,7149
12109,7150
12109,7151
12109,7152
12109,7153
12109,7154
12109,7155
12109,7156
12109,7157
12109,7158
12109,7159
12109,7160
12109,7161
12109,7162
12109,7163
12109,7164
12109,7165
12109,7166
12109,7167
12109,7168
12109,7169
12109,7170
12109,7171
12109,7172
12109,7173
12109,7174
12109,7175
12109,7176
12109,7177
12109,7178
12109,7179
12109,7180
12109,7181
12109,7182
12109,7183
12109,7184
12109,7185
12109,7186
12109,7187
12109,7188
12109,7189
12109,7190
12109,7191
12109,7192
12109,7193
12109,7194
12109,7195
12109,7196
12109,7197
12109,7198
12109,7199
12109,7200
12109,7201
12109,7202
12109,7203
12109,7204
12109,7205
12109,7206
12109,7207
12109,7208
12109,7209
12109,7210
12109,7211
12109,7212
12109,7213
12109,7214
12109,7215
12109,7216
12109,7217
12109,7218
12109,7219
12109,7220
12109,7221
12109,7222
12109,7223
12109,7224
12109,7225
12109,7226
12109,7227
12109,7228
12109,7229
12109,7230
12109,7231
12109,7232
12109,7233
12109,7234
12109,7235
12109,7236
12109,7237
12109,7238
12109,7239
12109,7240
12109,7241
12109,7242
12109,7243
12109,7244
12109,7245
12109,7246
12109,7247
12110,7125
12110,7126
12110,7127
12110,7128
12110,7129
12110,7130
12110,7131
12110,7132
12110,7133
12110,7134
12110,7135
12110,7136
12110,7137
12110,7138
12110,7139
12110,7140
12110,7141
12110,7142
12110,7143
12110,7144
12110,7145
12110,7146
12110,7147
12110,7148
12110,7149
12110,7150
12110,7151
12110,7152
12110,7153
12110,7154
12110,7155
12110,7156
12110,7157
12110,7158
12110,7159
12110,7160
12110,7161
12110,7162
12110,7163
12110,7164
12110,7165
12110,7166
12110,7167
12110,7168
12110,7169
12110,7170
12110,7171
12110,7172
12110,7173
12110,7174
12110,7175
12110,7176
12110,7177
12110,7178
12110,7179
12110,7180
12110,7181
12110,7182
12110,7183
12110,7184
12110,7185
12110,7186
12110,7187
12110,7188
12110,7189
12110,7190
12110,7191
12110,7192
12110,7193
12110,7194
12110,7195
12110,7196
12110,7197
12110,7198
12110,7199
12110,7200
12110,7201
12110,7202
12110,7203
12110,7204
12110,7205
12110,7206
12110,7207
12110,7208
12110,7209
12110,7210
12110,7211
12110,7212
12110,7213
12110,7214
12110,7215
12110,7216
12110,7217
12110,7218
12110,7219
12110,7220
12110,7221
12110,7222
12110,7223
12110,7224
12110,7225
12110,7226
12110,7227
12110,7228
12110,7229
12110,7230
12110,7231
12110,7232
12110,7233
12110,7234
12110,7235
12110,7236
12110,7237
12110,7238
12110,7239
12110,7240
12110,7241
12110,7242
12110,7243
12110,7244
12110,7245
12110,7246
12110,7250
12110,7251
12111,7125
12111,7126
12111,7127
12111,7128
12111,7129
12111,7130
12111,7131
12111,7132
12111,7133
12111,7134
12111,7135
12111,7136
12111,7137
12111,7138
12111,7139
12111,7140
12111,7141
12111,7142
12111,7143
12111,7144
12111,7145
12111,7146
12111,7147
12111,7148
12111,7149
12111,7150
12111,7151
12111,7152
12111,7153
12111,7154
12111,7155
12111,7156
12111,7157
12111,7158
12111,7159
12111,7160
12111,7161
12111,7162
12111,7163
12111,7164
12111,7165
12111,7166
12111,7167
12111,7168
12111,7169
12111,7170
12111,7171
12111,7172
12111,7173
12111,7174
12111,7175
12111,7176
12111,7177
12111,7178
12111,7179
12111,7180
12111,7181
12111,7182
12111,7183
12111,7184
12111,7185
12111,7186
12111,7187
12111,7188
12111,7189
12111,7190
12111,7191
12111,7192
12111,7193
12111,7194
12111,7195
12111,7196
12111,7197
12111,7198
12111,7199
12111,7200
12111,7201
12111,7202
12111,7203
12111,7204
12111,7205
12111,7206
12111,7207
12111,7208
12111,7209
12111,7210
12111,7211
12111,7212
12111,7213
12111,7214
12111,7215
12111,7216
12111,7217
12111,7218
12111,7219
12111,7220
12111,7221
12111,7222
12111,7223
12111,7224
12111,7225
12111,7226
12111,7227
12111,7228
12111,7229
12111,7230
12111,7231
12111,7232
12111,7233
12111,7234
12111,7235
12111,7236
12111,7237
12111,7238
12111,7239
12111,7240
12111,7241
12111,7242
12111,7243
12111,7244
12111,7245
12111,7246
12111,7247
12111,7248
12111,7249
12111,7250
12111,7251
12111,7252
12111,7253
12112,7125
12112,7126
12112,7127
12112,7128
12112,7129
12112,7130
12112,7131
12112,7132
12112,7133
12112,7134
12112,7135
12112,7136
12112,7137
12112,7138
12112,7139
12112,7140
12112,7141
12112,7142
12112,7143
12112,7144
12112,7145
12112,7146
12112,7147
12112,7148
12112,7149
12112,7150
12112,7151
12112,7152
12112,7153
12112,7154
12112,7155
12112,7156
12112,7157
12112,7158
12112,7159
12112,7160
12112,7161
12112,7162
12112,7163
12112,7164
12112,7165
12112,7166
12112,7167
12112,7168
12112,7169
12112,7170
12112,7171
12112,7172
12112,7173
12112,7174
12112,7175
12112,7176
12112,7177
12112,7178
12112,7179
12112,7180
12112,7181
12112,7182
12112,7183
12112,7184
12112,7185
12112,7186
12112,7187
12112,7188
12112,7189
12112,7190
12112,7191
12112,7192
12112,7193
12112,7194
12112,7195
12112,7196
12112,7197
12112,7198
12112,7199
12112,7200
12112,7201
12112,7202
12112,7203
12112,7204
12112,7205
12112,7206
12112,7207
12112,7208
12112,7209
12112,7210
12112,7211
12112,7212
12112,7213
12112,7214
12112,7215
12112,7216
12112,7217
12112,7218
12112,7219
12112,7220
12112,7221
12112,7222
12112,7223
12112,7224
12112,7225
12112,7226
12112,7227
12112,7228
12112,7229
12112,7230
12112,7231
12112,7232
12112,7233
12112,7234
12112,7235
12112,7236
12112,7237
12112,7238
12112,7239
12112,7240
12112,7241
12112,7242
12112,7243
12112,7244
12112,7245
12112,7246
12112,7247
12112,7248
12112,7249
12112,7250
12112,7251
12112,7252
12112,7253
12112,7254
12113,7125
12113,7126
12113,7127
12113,7128
12113,7129
12113,7130
12113,7131
12113,7132
12113,7133
12113,7134
12113,7135
12113,7136
12113,7137
12113,7138
12113,7139
12113,7140
12113,7141
12113,7142
12113,7143
12113,7144
12113,7145
12113,7146
12113,7147
12113,7148
12113,7149
12113,7150
12113,7151
12113,7152
12113,7153
12113,7154
12113,7155
12113,7156
12113,7157
12113,7158
12113,7159
12113,7160
12113,7161
12113,7162
12113,7163
12113,7164
12113,7165
12113,7166
12113,7167
12113,7168
12113,7169
12113,7170
12113,7171
12113,7172
12113,7173
12113,7174
12113,7175
12113,7176
12113,7177
12113,7178
12113,7179
12113,7180
12113,7181
12113,7182
12113,7183
12113,7184
12113,7185
12113,7186
12113,7187
12113,7188
12113,7189
12113,7190
12113,7191
12113,7192
12113,7193
12113,7194
12113,7195
12113,7196
12113,7197
12113,7198
12113,7199
12113,7200
12113,7201
12113,7202
12113,7203
12113,7204
12113,7205
12113,7206
12113,7207
12113,7208
12113,7209
12113,7210
12113,7211
12113,7212
12113,7213
12113,7214
12113,7215
12113,7216
12113,7217
12113,7218
12113,7219
12113,7220
12113,7221
12113,7222
12113,7223
12113,7224
12113,7225
12113,7226
12113,7227
12113,7228
12113,7229
12113,7230
12113,7231
12113,7232
12113,7233
12113,7234
12113,7235
12113,7236
12113,7237
12113,7238
12113,7239
12113,7240
12113,7241
12113,7242
12113,7243
12113,7244
12113,7245
12113,7246
12113,7247
12113,7248
12113,7249
12113,7250
12113,7251
12113,7252
12113,7253
12113,7254
12113,7255
12114,7124
12114,7125
12114,7126
12114,7127
12114,7128
12114,7129
12114,7130
12114,7131
12114,7132
12114,7133
12114,7134
12114,7135
12114,7136
12114,7137
12114,7138
12114,7139
12114,7140
12114,7141
12114,7142
12114,7143
12114,7144
12114,7145
12114,7146
12114,7147
12114,7148
12114,7149
12114,7150
12114,7151
12114,7152
12114,7153
12114,7154
12114,7155
12114,7156
12114,7157
12114,7158
12114,7159
12114,7160
12114,7161
12114,7162
12114,7163
12114,7164
12114,7165
12114,7166
12114,7167
12114,7168
12114,7169
12114,7170
12114,7171
12114,7172
12114,7173
12114,7174
12114,7175
12114,7176
12114,7177
12114,7178
12114,7179
12114,7180
12114,7181
12114,7182
12114,7183
12114,7184
12114,7185
12114,7186
12114,7187
12114,7188
12114,7189
12114,7190
12114,7191
12114,7192
12114,7193
12114,7194
12114,7195
12114,7196
12114,7197
12114,7198
12114,7199
12114,7200
12114,7201
12114,7202
12114,7203
12114,7204
12114,7205
12114,7206
12114,7207
12114,7208
12114,7209
12114,7210
12114,7211
12114,7212
12114,7213
12114,7214
12114,7215
12114,7216
12114,7217
12114,7218
12114,7219
12114,7220
12114,7221
12114,7222
12114,7223
12114,7224
12114,7225
12114,7226
12114,7227
12114,7228
12114,7229
12114,7230
12114,7231
12114,7232
12114,7233
12114,7234
12114,7235
12114,7236
12114,7237
12114,7238
12114,7239
12114,7240
12114,7241
12114,7242
12114,7243
12114,7244
12114,7245
12114,7246
12114,7247
12114,7248
12114,7249
12114,7250
12114,7251
12114,7252
12114,7253
12114,7254
12114,7255
12115,7125
12115,7126
12115,7127
12115,7128
12115,7129
12115,7130
12115,7131
12115,7132
12115,7133
12115,7134
12115,7135
12115,7136
12115,7137
12115,7138
12115,7139
12115,7140
12115,7141
12115,7142
12115,7143
12115,7144
12115,7145
12115,7146
12115,7147
12115,7148
12115,7149
12115,7150
12115,7151
12115,7152
12115,7153
12115,7154
12115,7155
12115,7156
12115,7157
12115,7158
12115,7159
12115,7160
12115,7161
12115,7162
12115,7163
12115,7164
12115,7165
12115,7166
12115,7167
12115,7168
12115,7169
12115,7170
12115,7171
12115,7172
12115,7173
12115,7174
12115,7175
12115,7176
12115,7177
12115,7178
12115,7179
12115,7180
12115,7181
12115,7182
12115,7183
12115,7184
12115,7185
12115,7186
12115,7187
12115,7188
12115,7189
12115,7190
12115,7191
12115,7192
12115,7193
12115,7194
12115,7195
12115,7196
12115,7197
12115,7198
12115,7199
12115,7200
12115,7201
12115,7202
12115,7203
12115,7204
12115,7205
12115,7206
12115,7207
12115,7208
12115,7209
12115,7210
12115,7211
12115,7212
12115,7213
12115,7214
12115,7215
12115,7216
12115,7217
12115,7218
12115,7219
12115,7220
12115,7221
12115,7222
12115,7223
12115,7224
12115,7225
12115,7226
12115,7227
12115,7228
12115,7229
12115,7230
12115,7231
12115,7232
12115,7233
12115,7234
12115,7235
12115,7236
12115,7237
12115,7238
12115,7239
12115,7240
12115,7241
12115,7242
12115,7243
12115,7244
12115,7245
12115,7246
12115,7247
12115,7248
12115,7249
12115,7250
12115,7251
12115,7252
12115,7253
12115,7254
12115,7255
12115,7256
12116,7125
12116,7126
12116,7127
12116,7128
12116,7129
12116,7130
12116,7131
12116,7132
12116,7133
12116,7134
12116,7135
12116,7136
12116,7137
12116,7138
12116,7139
12116,7140
12116,7141
12116,7142
12116,7143
12116,7144
12116,7145
12116,7146
12116,7147
12116,7148
12116,7149
12116,7150
12116,7151
12116,7152
12116,7153
12116,7154
12116,7155
12116,7156
12116,7157
12116,7158
12116,7159
12116,7160
12116,7161
12116,7162
12116,7163
12116,7164
12116,7165
12116,7166
12116,7167
12116,7168
12116,7169
12116,7170
12116,7171
12116,7172
12116,7173
12116,7174
12116,7175
12116,7176
12116,7177
12116,7178
12116,7179
12116,7180
12116,7181
12116,7182
12116,7183
12116,7184
12116,7185
12116,7186
12116,7187
12116,7188
12116,7189
12116,7190
12116,7191
12116,7192
12116,7193
12116,7194
12116,7195
12116,7196
12116,7197
12116,7198
12116,7199
12116,7200
12116,7201
12116,7202
12116,7203
12116,7204
12116,7205
12116,7206
12116,7207
12116,7208
12116,7209
12116,7210
12116,7211
12116,7212
12116,7213
12116,7214
12116,7215
12116,7216
12116,7217
12116,7218
12116,7219
12116,7220
12116,7221
12116,7222
12116,7223
12116,7224
12116,7225
12116,7226
12116,7227
12116,7228
12116,7229
12116,7230
12116,7231
12116,7232
12116,7233
12116,7234
12116,7235
12116,7236
12116,7237
12116,7238
12116,7239
12116,7240
12116,7241
12116,7242
12116,7243
12116,7246
12116,7247
12116,7248
12116,7249
12116,7250
12116,7251
12116,7252
12116,7253
12116,7254
12116,7255
12116,7256
12117,7125
12117,7126
12117,7127
12117,7128
12117,7129
12117,7130
12117,7131
12117,7132
12117,7133
12117,7134
12117,7135
12117,7136
12117,7137
12117,7138
12117,7139
12117,7140
12117,7141
12117,7142
12117,7143
12117,7144
12117,7145
12117,7146
12117,7147
12117,7148
12117,7149
12117,7150
12117,7151
12117,7152
12117,7153
12117,7154
12117,7155
12117,7156
12117,7157
12117,7158
12117,7159
12117,7160
12117,7161
12117,7162
12117,7163
12117,7164
12117,7165
12117,7166
12117,7167
12117,7168
12117,7169
12117,7170
12117,7171
12117,7172
12117,7173
12117,7174
12117,7175
12117,7176
12117,7177
12117,7178
12117,7179
12117,7180
12117,7181
12117,7182
12117,7183
12117,7184
12117,7185
12117,7186
12117,7187
12117,7188
12117,7189
12117,7190
12117,7191
12117,7192
12117,7193
12117,7194
12117,7195
12117,7196
12117,7197
12117,7198
12117,7199
12117,7200
12117,7201
12117,7202
12117,7203
12117,7204
12117,7205
12117,7206
12117,7207
12117,7208
12117,7209
12117,7210
12117,7211
12117,7212
12117,7213
12117,7214
12117,7215
12117,7216
12117,7217
12117,7218
12117,7219
12117,7220
12117,7221
12117,7222
12117,7223
12117,7224
12117,7225
12117,7226
12117,7227
12117,7228
12117,7229
12117,7230
12117,7231
12117,7232
12117,7233
12117,7234
12117,7235
12117,7236
12117,7237
12117,7238
12117,7239
12117,7240
12117,7241
12117,7242
12117,7246
12117,7247
12117,7248
12117,7249
12117,7250
12117,7251
12117,7252
12117,7253
12117,7254
12117,7255
12118,7126
12118,7127
12118,7128
12118,7129
12118,7130
12118,7131
12118,7132
12118,7133
12118,7134
12118,7135
12118,7136
12118,7137
12118,7138
12118,7139
12118,7140
12118,7141
12118,7142
12118,7143
12118,7144
12118,7145
12118,7146
12118,7147
12118,7148
12118,7149
12118,7150
12118,7151
12118,7152
12118,7153
12118,7154
12118,7155
12118,7156
12118,7157
12118,7158
12118,7159
12118,7160
12118,7161
12118,7162
12118,7163
12118,7164
12118,7165
12118,7166
12118,7167
12118,7168
12118,7169
12118,7170
12118,7171
12118,7172
12118,7173
12118,7174
12118,7175
12118,7176
12118,7177
12118,7178
12118,7179
12118,7180
12118,7181
12118,7182
12118,7183
12118,7184
12118,7185
12118,7186
12118,7187
12118,7188
12118,7189
12118,7190
12118,7191
12118,7192
12118,7193
12118,7194
12118,7195
12118,7196
12118,7197
12118,7198
12118,7199
12118,7200
12118,7201
12118,7202
12118,7203
12118,7204
12118,7205
12118,7206
12118,7207
12118,7208
12118,7209
12118,7210
12118,7211
12118,7212
12118,7213
12118,7214
12118,7215
12118,7216
12118,7217
12118,7218
12118,7219
12118,7220
12118,7221
12118,7222
12118,7223
12118,7224
12118,7225
12118,7226
12118,7227
12118,7228
12118,7229
12118,7230
12118,7231
12118,7232
12118,7233
12118,7234
12118,7235
12118,7236
12118,7237
12118,7238
12118,7239
12118,7240
12118,7246
12118,7247
12118,7248
12118,7249
12118,7250
12118,7251
12118,7252
12118,7253
12118,7254
12118,7255
12119,7126
12119,7127
12119,7128
12119,7129
12119,7130
12119,7131
12119,7132
12119,7133
12119,7134
12119,7135
12119,7136
12119,7137
12119,7138
12119,7139
12119,7140
12119,7141
12119,7142
12119,7143
12119,7144
12119,7145
12119,7146
12119,7147
12119,7148
12119,7149
12119,7150
12119,7151
12119,7152
12119,7153
12119,7154
12119,7155
12119,7156
12119,7157
12119,7158
12119,7159
12119,7160
12119,7161
12119,7162
12119,7163
12119,7164
12119,7165
12119,7166
12119,7167
12119,7168
12119,7169
12119,7170
12119,7171
12119,7172
12119,7173
12119,7174
12119,7175
12119,7176
12119,7177
12119,7178
12119,7179
12119,7180
12119,7181
12119,7182
12119,7183
12119,7184
12119,7185
12119,7186
12119,7187
12119,7188
12119,7189
12119,7190
12119,7191
12119,7192
12119,7193
12119,7194
12119,7195
12119,7196
12119,7197
12119,7198
12119,7199
12119,7200
12119,7201
12119,7202
12119,7203
12119,7204
12119,7205
12119,7206
12119,7207
12119,7208
12119,7209
12119,7210
12119,7211
12119,7212
12119,7213
12119,7214
12119,7215
12119,7216
12119,7217
12119,7218
12119,7219
12119,7220
12119,7221
12119,7222
12119,7223
12119,7224
12119,7225
12119,7226
12119,7227
12119,7228
12119,7229
12119,7230
12119,7231
12119,7232
12119,7233
12119,7234
12119,7235
12119,7236
12119,7237
12119,7238
12119,7239
12119,7247
12119,7248
12119,7249
12119,7250
12119,7251
12119,7252
12119,7253
12119,7254
12120,7127
12120,7128
12120,7129
12120,7130
12120,7131
12120,7132
12120,7133
12120,7134
12120,7135
12120,7136
12120,7137
12120,7138
12120,7139
12120,7140
12120,7141
12120,7142
12120,7143
12120,7144
12120,7145
12120,7146
12120,7147
12120,7148
12120,7149
12120,7150
12120,7151
12120,7152
12120,7153
12120,7154
12120,7155
12120,7156
12120,7157
12120,7158
12120,7159
12120,7160
12120,7161
12120,7162
12120,7163
12120,7164
12120,7165
12120,7166
12120,7167
12120,7168
12120,7169
12120,7170
12120,7171
12120,7172
12120,7173
12120,7174
12120,7175
12120,7176
12120,7177
12120,7178
12120,7179
12120,7180
12120,7181
12120,7182
12120,7183
12120,7184
12120,7185
12120,7186
12120,7187
12120,7188
12120,7189
12120,7190
12120,7191
12120,7192
12120,7193
12120,7194
12120,7195
12120,7196
12120,7197
12120,7198
12120,7199
12120,7200
12120,7201
12120,7202
12120,7203
12120,7204
12120,7205
12120,7206
12120,7207
12120,7208
12120,7209
12120,7210
12120,7211
12120,7212
12120,7213
12120,7214
12120,7215
12120,7216
12120,7217
12120,7218
12120,7219
12120,7220
12120,7221
12120,7222
12120,7223
12120,7224
12120,7225
12120,7226
12120,7227
12120,7228
12120,7229
12120,7230
12120,7231
12120,7232
12120,7233
12120,7234
12120,7235
12120,7236
12120,7237
12120,7238
12120,7248
12120,7249
12120,7250
12120,7251
12120,7252
12120,7253
12121,7128
12121,7129
12121,7130
12121,7131
12121,7132
12121,7133
12121,7134
12121,7135
12121,7136
12121,7137
12121,7138
12121,7139
12121,7140
12121,7141
12121,7142
12121,7143
12121,7144
12121,7145
12121,7146
12121,7147
12121,7148
12121,7149
12121,7150
12121,7151
12121,7152
12121,7153
12121,7154
12121,7155
12121,7156
12121,7157
12121,7158
12121,7159
12121,7160
12121,7161
12121,7162
12121,7163
12121,7164
12121,7165
12121,7166
12121,7167
12121,7168
12121,7169
12121,7170
12121,7171
12121,7172
12121,7173
12121,7174
12121,7175
12121,7176
12121,7177
12121,7178
12121,7179
12121,7180
12121,7181
12121,7182
12121,7183
12121,7184
12121,7185
12121,7186
12121,7187
12121,7188
12121,7189
12121,7190
12121,7191
12121,7192
12121,7193
12121,7194
12121,7195
12121,7196
12121,7197
12121,7198
12121,7199
12121,7200
12121,7201
12121,7202
12121,7203
12121,7204
12121,7205
12121,7206
12121,7207
12121,7208
12121,7209
12121,7210
12121,7211
12121,7212
12121,7213
12121,7214
12121,7215
12121,7216
12121,7217
12121,7218
12121,7219
12121,7220
12121,7221
12121,7222
12121,7223
12121,7224
12121,7225
12121,7226
12121,7227
12121,7228
12121,7229
12121,7230
12121,7231
12121,7232
12121,7233
12121,7234
12121,7235
12121,7236
12121,7237
12121,7251
12122,7129
12122,7130
12122,7131
12122,7132
12122,7133
12122,7134
12122,7135
12122,7136
12122,7137
12122,7138
12122,7139
12122,7140
12122,7141
12122,7142
12122,7143
12122,7144
12122,7145
12122,7146
12122,7147
12122,7148
12122,7149
12122,7150
12122,7151
12122,7152
12122,7153
12122,7154
12122,7155
12122,7156
12122,7157
12122,7158
12122,7159
12122,7160
12122,7161
12122,7162
12122,7163
12122,7164
12122,7165
12122,7166
12122,7167
12122,7168
12122,7169
12122,7170
12122,7171
12122,7172
12122,7173
12122,7174
12122,7175
12122,7176
12122,7177
12122,7178
12122,7179
12122,7180
12122,7181
12122,7182
12122,7183
12122,7184
12122,7185
12122,7186
12122,7187
12122,7188
12122,7189
12122,7190
12122,7191
12122,7192
12122,7193
12122,7194
12122,7195
12122,7196
12122,7197
12122,7198
12122,7199
12122,7200
12122,7201
12122,7202
12122,7203
12122,7204
12122,7205
12122,7206
12122,7207
12122,7208
12122,7209
12122,7210
12122,7211
12122,7212
12122,7213
12122,7214
12122,7215
12122,7216
12122,7217
12122,7218
12122,7219
12122,7220
12122,7221
12122,7222
12122,7223
12122,7224
12122,7225
12122,7226
12122,7227
12122,7228
12122,7229
12122,7230
12122,7231
12122,7232
12122,7233
12122,7234
12122,7235
12122,7236
12123,7129
12123,7130
12123,7131
12123,7132
12123,7133
12123,7134
12123,7135
12123,7136
12123,7137
12123,7138
12123,7139
12123,7140
12123,7141
12123,7142
12123,7143
12123,7144
12123,7145
12123,7146
12123,7147
12123,7148
12123,7149
12123,7150
12123,7151
12123,7152
12123,7153
12123,7154
12123,7155
12123,7156
12123,7157
12123,7158
12123,7159
12123,7160
12123,7161
12123,7162
12123,7163
12123,7164
12123,7165
12123,7166
12123,7167
12123,7168
12123,7169
12123,7170
12123,7171
12123,7172
12123,7173
12123,7174
12123,7175
12123,7176
12123,7177
12123,7178
12123,7179
12123,7180
12123,7181
12123,7182
12123,7183
12123,7184
12123,7185
12123,7186
12123,7187
12123,7188
12123,7189
12123,7190
12123,7191
12123,7192
12123,7193
12123,7194
12123,7195
12123,7196
12123,7197
12123,7198
12123,7199
12123,7200
12123,7201
12123,7202
12123,7203
12123,7204
12123,7205
12123,7206
12123,7207
12123,7208
12123,7209
12123,7210
12123,7211
12123,7212
12123,7213
12123,7214
12123,7215
12123,7216
12123,7217
12123,7218
12123,7219
12123,7220
12123,7221
12123,7222
12123,7223
12123,7224
12123,7225
12123,7226
12123,7227
12123,7228
12123,7229
12123,7230
12123,7231
12123,7232
12123,7233
12123,7234
12123,7235
12124,7128
12124,7129
12124,7130
12124,7131
12124,7132
12124,7133
12124,7134
12124,7135
12124,7136
12124,7137
12124,7138
12124,7139
12124,7140
12124,7141
12124,7142
12124,7143
12124,7144
12124,7145
12124,7146
12124,7147
12124,7148
12124,7149
12124,7150
12124,7151
12124,7152
12124,7153
12124,7154
12124,7155
12124,7156
12124,7157
12124,7158
12124,7159
12124,7160
12124,7161
12124,7162
12124,7163
12124,7164
12124,7165
12124,7166
12124,7167
12124,7168
12124,7169
12124,7170
12124,7171
12124,7172
12124,7173
12124,7174
12124,7175
12124,7176
12124,7177
12124,7178
12124,7179
12124,7180
12124,7181
12124,7182
12124,7183
12124,7184
12124,7185
12124,7186
12124,7187
12124,7188
12124,7189
12124,7190
12124,7191
12124,7192
12124,7193
12124,7194
12124,7195
12124,7196
12124,7197
12124,7198
12124,7199
12124,7200
12124,7201
12124,7202
12124,7203
12124,7204
12124,7205
12124,7206
12124,7207
12124,7208
12124,7209
12124,7210
12124,7211
12124,7212
12124,7213
12124,7214
12124,7215
12124,7216
12124,7217
12124,7218
12124,7219
12124,7220
12124,7221
12124,7222
12124,7223
12124,7224
12124,7225
12124,7226
12124,7227
12124,7228
12124,7229
12124,7230
12124,7231
12124,7232
12124,7233
12125,7127
12125,7128
12125,7129
12125,7130
12125,7131
12125,7132
12125,7133
12125,7134
12125,7135
12125,7136
12125,7137
12125,7138
12125,7139
12125,7140
12125,7141
12125,7142
12125,7143
12125,7144
12125,7145
12125,7146
12125,7147
12125,7148
12125,7149
12125,7150
12125,7151
12125,7152
12125,7153
12125,7154
12125,7155
12125,7156
12125,7157
12125,7158
12125,7159
12125,7160
12125,7161
12125,7162
12125,7163
12125,7164
12125,7165
12125,7166
12125,7167
12125,7168
12125,7169
12125,7170
12125,7171
12125,7172
12125,7173
12125,7174
12125,7175
12125,7176
12125,7177
12125,7178
12125,7179
12125,7180
12125,7181
12125,7182
12125,7183
12125,7184
12125,7185
12125,7186
12125,7187
12125,7188
12125,7189
12125,7190
12125,7191
12125,7192
12125,7193
12125,7194
12125,7195
12125,7196
12125,7197
12125,7198
12125,7199
12125,7200
12125,7201
12125,7202
12125,7203
12125,7204
12125,7205
12125,7206
12125,7207
12125,7208
12125,7209
12125,7210
12125,7211
12125,7212
12125,7213
12125,7214
12125,7215
12125,7216
12125,7217
12125,7218
12125,7219
12125,7220
12125,7221
12125,7222
12125,7223
12125,7224
12125,7225
12125,7226
12125,7227
12125,7228
12125,7229
12125,7230
12125,7231
12125,7232
12125,7233
12126,7126
12126,7127
12126,7128
12126,7129
12126,7130
12126,7131
12126,7132
12126,7133
12126,7134
12126,7135
12126,7136
12126,7137
12126,7138
12126,7139
12126,7140
12126,7141
12126,7142
12126,7143
12126,7144
12126,7145
12126,7146
12126,7147
12126,7148
12126,7149
12126,7150
12126,7151
12126,7152
12126,7153
12126,7154
12126,7155
12126,7156
12126,7157
12126,7158
12126,7159
12126,7160
12126,7161
12126,7162
12126,7163
12126,7164
12126,7165
12126,7166
12126,7167
12126,7168
12126,7169
12126,7170
12126,7171
12126,7172
12126,7173
12126,7174
12126,7175
12126,7176
12126,7177
12126,7178
12126,7179
12126,7180
12126,7181
12126,7182
12126,7183
12126,7184
12126,7185
12126,7186
12126,7187
12126,7188
12126,7189
12126,7190
12126,7191
12126,7192
12126,7193
12126,7194
12126,7195
12126,7196
12126,7197
12126,7198
12126,7199
12126,7200
12126,7201
12126,7202
12126,7203
12126,7204
12126,7205
12126,7206
12126,7207
12126,7208
12126,7209
12126,7210
12126,7211
12126,7212
12126,7213
12126,7214
12126,7215
12126,7216
12126,7217
12126,7218
12126,7219
12126,7220
12126,7221
12126,7222
12126,7223
12126,7224
12126,7225
12126,7226
12126,7227
12126,7228
12126,7229
12126,7230
12126,7231
12126,7232
12127,7126
12127,7127
12127,7128
12127,7129
12127,7130
12127,7131
12127,7132
12127,7133
12127,7134
12127,7135
12127,7136
12127,7137
12127,7138
12127,7139
12127,7140
12127,7141
12127,7142
12127,7143
12127,7144
12127,7145
12127,7146
12127,7147
12127,7148
12127,7149
12127,7150
12127,7151
12127,7152
12127,7153
12127,7154
12127,7155
12127,7156
12127,7157
12127,7158
12127,7159
12127,7160
12127,7161
12127,7162
12127,7163
12127,7164
12127,7165
12127,7166
12127,7167
12127,7168
12127,7169
12127,7170
12127,7171
12127,7172
12127,7173
12127,7174
12127,7175
12127,7176
12127,7177
12127,7178
12127,7179
12127,7180
12127,7181
12127,7182
12127,7183
12127,7184
12127,7185
12127,7186
12127,7187
12127,7188
12127,7189
12127,7190
12127,7191
12127,7192
12127,7193
12127,7194
12127,7195
12127,7196
12127,7197
12127,7198
12127,7199
12127,7200
12127,7201
12127,7202
12127,7203
12127,7204
12127,7205
12127,7206
12127,7207
12127,7208
12127,7209
12127,7210
12127,7211
12127,7212
12127,7213
12127,7214
12127,7215
12127,7216
12127,7217
12127,7218
12127,7219
12127,7220
12127,7221
12127,7222
12127,7223
12127,7224
12127,7225
12127,7226
12127,7227
12127,7228
12127,7229
12127,7230
12127,7231
12127,7232
12128,7126
12128,7127
12128,7128
12128,7129
12128,7130
12128,7131
12128,7132
12128,7133
12128,7134
12128,7135
12128,7136
12128,7137
12128,7138
12128,7139
12128,7140
12128,7141
12128,7142
12128,7143
12128,7144
12128,7145
12128,7146
12128,7147
12128,7148
12128,7149
12128,7150
12128,7151
12128,7152
12128,7153
12128,7154
12128,7155
12128,7156
12128,7157
12128,7158
12128,7159
12128,7160
12128,7161
12128,7162
12128,7163
12128,7164
12128,7165
12128,7166
12128,7167
12128,7168
12128,7169
12128,7170
12128,7171
12128,7172
12128,7173
12128,7174
12128,7175
12128,7176
12128,7177
12128,7178
12128,7179
12128,7180
12128,7181
12128,7182
12128,7183
12128,7184
12128,7185
12128,7186
12128,7187
12128,7188
12128,7189
12128,7190
12128,7191
12128,7192
12128,7193
12128,7194
12128,7195
12128,7196
12128,7197
12128,7198
12128,7199
12128,7200
12128,7201
12128,7202
12128,7203
12128,7204
12128,7205
12128,7206
12128,7207
12128,7208
12128,7209
12128,7210
12128,7211
12128,7212
12128,7213
12128,7214
12128,7215
12128,7216
12128,7217
12128,7218
12128,7219
12128,7220
12128,7221
12128,7222
12128,7223
12128,7224
12128,7225
12128,7226
12128,7227
12128,7228
12128,7229
12128,7230
12128,7231
12129,7125
12129,7126
12129,7127
12129,7128
12129,7129
12129,7130
12129,7131
12129,7132
12129,7133
12129,7134
12129,7135
12129,7136
12129,7137
12129,7138
12129,7139
12129,7140
12129,7141
12129,7142
12129,7143
12129,7144
12129,7145
12129,7146
12129,7147
12129,7148
12129,7149
12129,7150
12129,7151
12129,7152
12129,7153
12129,7154
12129,7155
12129,7156
12129,7157
12129,7158
12129,7159
12129,7160
12129,7161
12129,7162
12129,7163
12129,7164
12129,7165
12129,7166
12129,7167
12129,7168
12129,7169
12129,7170
12129,7171
12129,7172
12129,7173
12129,7174
12129,7175
12129,7176
12129,7177
12129,7178
12129,7179
12129,7180
12129,7181
12129,7182
12129,7183
12129,7184
12129,7185
12129,7186
12129,7187
12129,7188
12129,7189
12129,7190
12129,7191
12129,7192
12129,7193
12129,7194
12129,7195
12129,7196
12129,7197
12129,7198
12129,7199
12129,7200
12129,7201
12129,7202
12129,7203
12129,7204
12129,7205
12129,7206
12129,7207
12129,7208
12129,7209
12129,7210
12129,7211
12129,7212
12129,7213
12129,7214
12129,7215
12129,7216
12129,7217
12129,7218
12129,7219
12129,7220
12129,7221
12129,7222
12129,7223
12129,7224
12129,7225
12129,7226
12129,7227
12129,7228
12129,7229
12129,7230
12130,7126
12130,7127
12130,7128
12130,7129
12130,7130
12130,7131
12130,7132
12130,7133
12130,7134
12130,7135
12130,7136
12130,7137
12130,7138
12130,7139
12130,7140
12130,7141
12130,7142
12130,7143
12130,7144
12130,7145
12130,7146
12130,7147
12130,7148
12130,7149
12130,7150
12130,7151
12130,7152
12130,7153
12130,7154
12130,7155
12130,7156
12130,7157
12130,7158
12130,7159
12130,7160
12130,7161
12130,7162
12130,7163
12130,7164
12130,7165
12130,7166
12130,7167
12130,7168
12130,7169
12130,7170
12130,7171
12130,7172
12130,7173
12130,7174
12130,7175
12130,7176
12130,7177
12130,7178
12130,7179
12130,7180
12130,7181
12130,7182
12130,7183
12130,7184
12130,7185
12130,7186
12130,7187
12130,7188
12130,7189
12130,7190
12130,7191
12130,7192
12130,7193
12130,7194
12130,7195
12130,7196
12130,7197
12130,7198
12130,7199
12130,7200
12130,7201
12130,7202
12130,7203
12130,7204
12130,7205
12130,7206
12130,7207
12130,7208
12130,7209
12130,7210
12130,7211
12130,7212
12130,7213
12130,7214
12130,7215
12130,7216
12130,7217
12130,7218
12130,7219
12130,7220
12130,7221
12130,7222
12130,7223
12130,7224
12130,7225
12130,7226
12130,7227
12130,7228
12130,7229
12130,7230
12131,7126
12131,7127
12131,7128
12131,7129
12131,7130
12131,7131
12131,7132
12131,7133
12131,7134
12131,7135
12131,7136
12131,7137
12131,7138
12131,7139
12131,7140
12131,7141
12131,7142
12131,7143
12131,7144
12131,7145
12131,7146
12131,7147
12131,7148
12131,7149
12131,7150
12131,7151
12131,7152
12131,7153
12131,7154
12131,7155
12131,7156
12131,7157
12131,7158
12131,7159
12131,7160
12131,7161
12131,7162
12131,7163
12131,7164
12131,7165
12131,7166
12131,7167
12131,7168
12131,7169
12131,7170
12131,7171
12131,7172
12131,7173
12131,7174
12131,7175
12131,7176
12131,7177
12131,7178
12131,7179
12131,7180
12131,7181
12131,7182
12131,7183
12131,7184
12131,7185
12131,7186
12131,7187
12131,7188
12131,7189
12131,7190
12131,7191
12131,7192
12131,7193
12131,7194
12131,7195
12131,7196
12131,7197
12131,7198
12131,7199
12131,7200
12131,7201
12131,7202
12131,7203
12131,7204
12131,7205
12131,7206
12131,7207
12131,7208
12131,7209
12131,7210
12131,7211
12131,7212
12131,7213
12131,7214
12131,7215
12131,7216
12131,7217
12131,7218
12131,7219
12131,7220
12131,7221
12131,7222
12131,7223
12131,7224
12131,7225
12131,7226
12131,7227
12131,7228
12131,7229
12131,7230
12131,7231
12132,7127
12132,7128
12132,7129
12132,7130
12132,7131
12132,7132
12132,7133
12132,7134
12132,7135
12132,7136
12132,7137
12132,7138
12132,7139
12132,7140
12132,7141
12132,7142
12132,7143
12132,7144
12132,7145
12132,7146
12132,7147
12132,7148
12132,7149
12132,7150
12132,7151
12132,7152
12132,7153
12132,7154
12132,7155
12132,7156
12132,7157
12132,7158
12132,7159
12132,7160
12132,7161
12132,7162
12132,7163
12132,7164
12132,7165
12132,7166
12132,7167
12132,7168
12132,7169
12132,7170
12132,7171
12132,7172
12132,7173
12132,7174
12132,7175
12132,7176
12132,7177
12132,7178
12132,7179
12132,7180
12132,7181
12132,7182
12132,7183
12132,7184
12132,7185
12132,7186
12132,7187
12132,7188
12132,7189
12132,7190
12132,7191
12132,7192
12132,7193
12132,7194
12132,7195
12132,7196
12132,7197
12132,7198
12132,7199
12132,7200
12132,7201
12132,7202
12132,7203
12132,7204
12132,7205
12132,7206
12132,7207
12132,7208
12132,7209
12132,7210
12132,7211
12132,7212
12132,7213
12132,7214
12132,7215
12132,7216
12132,7217
12132,7218
12132,7219
12132,7220
12132,7221
12132,7222
12132,7223
12132,7224
12132,7225
12132,7226
12132,7227
12132,7228
12132,7229
12132,7230
12133,7128
12133,7129
12133,7130
12133,7131
12133,7132
12133,7133
12133,7134
12133,7135
12133,7136
12133,7137
12133,7138
12133,7139
12133,7140
12133,7141
12133,7142
12133,7143
12133,7144
12133,7145
12133,7146
12133,7147
12133,7148
12133,7149
12133,7150
12133,7151
12133,7152
12133,7153
12133,7154
12133,7155
12133,7156
12133,7157
12133,7158
12133,7159
12133,7160
12133,7161
12133,7162
12133,7163
12133,7164
12133,7165
12133,7166
12133,7167
12133,7168
12133,7169
12133,7170
12133,7171
12133,7172
12133,7173
12133,7174
12133,7175
12133,7176
12133,7177
12133,7178
12133,7179
12133,7180
12133,7181
12133,7182
12133,7183
12133,7184
12133,7185
12133,7186
12133,7187
12133,7188
12133,7189
12133,7190
12133,7191
12133,7192
12133,7193
12133,7194
12133,7195
12133,7196
12133,7197
12133,7198
12133,7199
12133,7200
12133,7201
12133,7202
12133,7203
12133,7204
12133,7205
12133,7206
12133,7207
12133,7208
12133,7209
12133,7210
12133,7211
12133,7212
12133,7213
12133,7214
12133,7215
12133,7216
12133,7217
12133,7218
12133,7219
12133,7220
12133,7221
12133,7222
12133,7223
12133,7224
12133,7225
12133,7226
12133,7227
12133,7228
12133,7229
12133,7230
12134,7129
12134,7130
12134,7131
12134,7132
12134,7133
12134,7134
12134,7135
12134,7136
12134,7137
12134,7138
12134,7139
12134,7140
12134,7141
12134,7142
12134,7143
12134,7144
12134,7145
12134,7146
12134,7147
12134,7148
12134,7149
12134,7150
12134,7151
12134,7152
12134,7153
12134,7154
12134,7155
12134,7156
12134,7157
12134,7158
12134,7159
12134,7160
12134,7161
12134,7162
12134,7163
12134,7164
12134,7165
12134,7166
12134,7167
12134,7168
12134,7169
12134,7170
12134,7171
12134,7172
12134,7173
12134,7174
12134,7175
12134,7176
12134,7177
12134,7178
12134,7179
12134,7180
12134,7181
12134,7182
12134,7183
12134,7184
12134,7185
12134,7186
12134,7187
12134,7188
12134,7189
12134,7190
12134,7191
12134,7192
12134,7193
12134,7194
12134,7195
12134,7196
12134,7197
12134,7198
12134,7199
12134,7200
12134,7201
12134,7202
12134,7203
12134,7204
12134,7205
12134,7206
12134,7207
12134,7208
12134,7209
12134,7210
12134,7211
12134,7212
12134,7213
12134,7214
12134,7215
12134,7216
12134,7217
12134,7218
12134,7219
12134,7220
12134,7221
12134,7222
12134,7223
12134,7224
12134,7225
12134,7226
12134,7227
12134,7228
12134,7229
12134,7230
12135,7130
12135,7131
12135,7132
12135,7133
12135,7134
12135,7135
12135,7136
12135,7137
12135,7138
12135,7139
12135,7140
12135,7141
12135,7142
12135,7143
12135,7144
12135,7145
12135,7146
12135,7147
12135,7148
12135,7149
12135,7150
12135,7151
12135,7152
12135,7153
12135,7154
12135,7155
12135,7156
12135,7157
12135,7158
12135,7159
12135,7160
12135,7161
12135,7162
12135,7163
12135,7164
12135,7165
12135,7166
12135,7167
12135,7168
12135,7169
12135,7170
12135,7171
12135,7172
12135,7173
12135,7174
12135,7175
12135,7176
12135,7177
12135,7178
12135,7179
12135,7180
12135,7181
12135,7182
12135,7183
12135,7184
12135,7185
12135,7186
12135,7187
12135,7188
12135,7189
12135,7190
12135,7191
12135,7192
12135,7193
12135,7194
12135,7195
12135,7196
12135,7197
12135,7198
12135,7199
12135,7200
12135,7201
12135,7202
12135,7203
12135,7204
12135,7205
12135,7206
12135,7207
12135,7208
12135,7209
12135,7210
12135,7211
12135,7212
12135,7213
12135,7214
12135,7215
12135,7216
12135,7217
12135,7218
12135,7219
12135,7220
12135,7221
12135,7222
12135,7223
12135,7224
12135,7225
12135,7226
12135,7227
12135,7228
12135,7229
12136,7131
12136,7132
12136,7133
12136,7134
12136,7135
12136,7136
12136,7137
12136,7138
12136,7139
12136,7140
12136,7141
12136,7142
12136,7143
12136,7144
12136,7145
12136,7146
12136,7147
12136,7148
12136,7149
12136,7150
12136,7151
12136,7152
12136,7153
12136,7154
12136,7155
12136,7156
12136,7157
12136,7158
12136,7159
12136,7160
12136,7161
12136,7162
12136,7163
12136,7164
12136,7165
12136,7166
12136,7167
12136,7168
12136,7169
12136,7170
12136,7171
12136,7172
12136,7173
12136,7174
12136,7175
12136,7176
12136,7177
12136,7178
12136,7179
12136,7180
12136,7181
12136,7182
12136,7183
12136,7184
12136,7185
12136,7186
12136,7187
12136,7188
12136,7189
12136,7190
12136,7191
12136,7192
12136,7193
12136,7194
12136,7195
12136,7196
12136,7197
12136,7198
12136,7199
12136,7200
12136,7201
12136,7202
12136,7203
12136,7204
12136,7205
12136,7206
12136,7207
12136,7208
12136,7209
12136,7210
12136,7211
12136,7212
12136,7213
12136,7214
12136,7215
12136,7216
12136,7217
12136,7218
12136,7219
12136,7220
12136,7221
12136,7222
12136,7223
12136,7224
12136,7225
12136,7226
12136,7227
12136,7228
12137,7175
12137,7176
12137,7177
12137,7178
12137,7179
12137,7180
12137,7181
12137,7182
12137,7183
12137,7184
12137,7185
12137,7186
12137,7187
12137,7188
12137,7189
12137,7190
12137,7191
12137,7192
12137,7193
12137,7194
12137,7195
12137,7196
12137,7197
12137,7198
12137,7199
12137,7200
12137,7201
12137,7202
12137,7203
12137,7204
12137,7205
12137,7206
12137,7207
12137,7208
12137,7209
12137,7210
12137,7211
12137,7212
12137,7213
12137,7214
12137,7215
12137,7216
12137,7217
12137,7218
12137,7219
12137,7220
12137,7221
12137,7222
12137,7223
12137,7224
12137,7225
12137,7226
12137,7227
12137,7228
