"X","Y"
7240,45380
7240,45381
7240,45397
7240,45400
7241,45377
7241,45378
7241,45379
7241,45380
7241,45381
7241,45382
7241,45383
7241,45384
7241,45385
7241,45386
7241,45387
7241,45394
7241,45395
7241,45396
7241,45397
7241,45398
7241,45399
7241,45400
7241,45401
7241,45402
7241,45403
7242,45376
7242,45377
7242,45378
7242,45379
7242,45380
7242,45381
7242,45382
7242,45383
7242,45384
7242,45385
7242,45386
7242,45387
7242,45388
7242,45389
7242,45390
7242,45393
7242,45394
7242,45395
7242,45396
7242,45397
7242,45398
7242,45399
7242,45400
7242,45401
7242,45402
7242,45403
7242,45404
7242,45405
7242,45406
7242,45407
7242,45408
7243,45375
7243,45376
7243,45377
7243,45378
7243,45379
7243,45380
7243,45381
7243,45382
7243,45383
7243,45384
7243,45385
7243,45386
7243,45387
7243,45388
7243,45389
7243,45390
7243,45391
7243,45392
7243,45393
7243,45394
7243,45395
7243,45396
7243,45397
7243,45398
7243,45399
7243,45400
7243,45401
7243,45402
7243,45403
7243,45404
7243,45405
7243,45406
7243,45407
7243,45408
7243,45409
7243,45410
7243,45411
7244,45367
7244,45369
7244,45370
7244,45374
7244,45375
7244,45376
7244,45377
7244,45378
7244,45379
7244,45380
7244,45381
7244,45382
7244,45383
7244,45384
7244,45385
7244,45386
7244,45387
7244,45388
7244,45389
7244,45390
7244,45391
7244,45392
7244,45393
7244,45394
7244,45395
7244,45396
7244,45397
7244,45398
7244,45399
7244,45400
7244,45401
7244,45402
7244,45403
7244,45404
7244,45405
7244,45406
7244,45407
7244,45408
7244,45409
7244,45410
7244,45411
7244,45412
7244,45413
7245,45359
7245,45364
7245,45365
7245,45366
7245,45367
7245,45368
7245,45369
7245,45370
7245,45371
7245,45372
7245,45373
7245,45374
7245,45375
7245,45376
7245,45377
7245,45378
7245,45379
7245,45380
7245,45381
7245,45382
7245,45383
7245,45384
7245,45385
7245,45386
7245,45387
7245,45388
7245,45389
7245,45390
7245,45391
7245,45392
7245,45393
7245,45394
7245,45395
7245,45396
7245,45397
7245,45398
7245,45399
7245,45400
7245,45401
7245,45402
7245,45403
7245,45404
7245,45405
7245,45406
7245,45407
7245,45408
7245,45409
7245,45410
7245,45411
7245,45412
7245,45413
7245,45414
7245,45415
7246,45356
7246,45357
7246,45358
7246,45359
7246,45360
7246,45361
7246,45362
7246,45363
7246,45364
7246,45365
7246,45366
7246,45367
7246,45368
7246,45369
7246,45370
7246,45371
7246,45372
7246,45373
7246,45374
7246,45375
7246,45376
7246,45377
7246,45378
7246,45379
7246,45380
7246,45381
7246,45382
7246,45383
7246,45384
7246,45385
7246,45386
7246,45387
7246,45388
7246,45389
7246,45390
7246,45391
7246,45392
7246,45393
7246,45394
7246,45395
7246,45396
7246,45397
7246,45398
7246,45399
7246,45400
7246,45401
7246,45402
7246,45403
7246,45404
7246,45405
7246,45406
7246,45407
7246,45408
7246,45409
7246,45410
7246,45411
7246,45412
7246,45413
7246,45414
7246,45415
7246,45416
7247,45355
7247,45356
7247,45357
7247,45358
7247,45359
7247,45360
7247,45361
7247,45362
7247,45363
7247,45364
7247,45365
7247,45366
7247,45367
7247,45368
7247,45369
7247,45370
7247,45371
7247,45372
7247,45373
7247,45374
7247,45375
7247,45376
7247,45377
7247,45378
7247,45379
7247,45380
7247,45381
7247,45382
7247,45383
7247,45384
7247,45385
7247,45386
7247,45387
7247,45388
7247,45389
7247,45390
7247,45391
7247,45392
7247,45393
7247,45394
7247,45395
7247,45396
7247,45397
7247,45398
7247,45399
7247,45400
7247,45401
7247,45402
7247,45403
7247,45404
7247,45405
7247,45406
7247,45407
7247,45408
7247,45409
7247,45410
7247,45411
7247,45412
7247,45413
7247,45414
7247,45415
7247,45416
7247,45417
7248,45353
7248,45354
7248,45355
7248,45356
7248,45357
7248,45358
7248,45359
7248,45360
7248,45361
7248,45362
7248,45363
7248,45364
7248,45365
7248,45366
7248,45367
7248,45368
7248,45369
7248,45370
7248,45371
7248,45372
7248,45373
7248,45374
7248,45375
7248,45376
7248,45377
7248,45378
7248,45379
7248,45380
7248,45381
7248,45382
7248,45383
7248,45384
7248,45385
7248,45386
7248,45387
7248,45388
7248,45389
7248,45390
7248,45391
7248,45392
7248,45393
7248,45394
7248,45395
7248,45396
7248,45397
7248,45398
7248,45399
7248,45400
7248,45401
7248,45402
7248,45403
7248,45404
7248,45405
7248,45406
7248,45407
7248,45408
7248,45409
7248,45410
7248,45411
7248,45412
7248,45413
7248,45414
7248,45415
7248,45416
7248,45417
7249,45352
7249,45353
7249,45354
7249,45355
7249,45356
7249,45357
7249,45358
7249,45359
7249,45360
7249,45361
7249,45362
7249,45363
7249,45364
7249,45365
7249,45366
7249,45367
7249,45368
7249,45369
7249,45370
7249,45371
7249,45372
7249,45373
7249,45374
7249,45375
7249,45376
7249,45377
7249,45378
7249,45379
7249,45380
7249,45381
7249,45382
7249,45383
7249,45384
7249,45385
7249,45386
7249,45387
7249,45388
7249,45389
7249,45390
7249,45391
7249,45392
7249,45393
7249,45394
7249,45395
7249,45396
7249,45397
7249,45398
7249,45399
7249,45400
7249,45401
7249,45402
7249,45403
7249,45404
7249,45405
7249,45406
7249,45407
7249,45408
7249,45409
7249,45410
7249,45411
7249,45412
7249,45413
7249,45414
7249,45415
7249,45416
7249,45417
7249,45418
7250,45351
7250,45352
7250,45353
7250,45354
7250,45355
7250,45356
7250,45357
7250,45358
7250,45359
7250,45360
7250,45361
7250,45362
7250,45363
7250,45364
7250,45365
7250,45366
7250,45367
7250,45368
7250,45369
7250,45370
7250,45371
7250,45372
7250,45373
7250,45374
7250,45375
7250,45376
7250,45377
7250,45378
7250,45379
7250,45380
7250,45381
7250,45382
7250,45383
7250,45384
7250,45385
7250,45386
7250,45387
7250,45388
7250,45389
7250,45390
7250,45391
7250,45392
7250,45393
7250,45394
7250,45395
7250,45396
7250,45397
7250,45398
7250,45399
7250,45400
7250,45401
7250,45402
7250,45403
7250,45404
7250,45405
7250,45406
7250,45407
7250,45408
7250,45409
7250,45410
7250,45411
7250,45412
7250,45413
7250,45414
7250,45415
7250,45416
7250,45417
7250,45418
7250,45419
7251,45351
7251,45352
7251,45353
7251,45354
7251,45355
7251,45356
7251,45357
7251,45358
7251,45359
7251,45360
7251,45361
7251,45362
7251,45363
7251,45364
7251,45365
7251,45366
7251,45367
7251,45368
7251,45369
7251,45370
7251,45371
7251,45372
7251,45373
7251,45374
7251,45375
7251,45376
7251,45377
7251,45378
7251,45379
7251,45380
7251,45381
7251,45382
7251,45383
7251,45384
7251,45385
7251,45386
7251,45387
7251,45388
7251,45389
7251,45390
7251,45391
7251,45392
7251,45393
7251,45394
7251,45395
7251,45396
7251,45397
7251,45398
7251,45399
7251,45400
7251,45401
7251,45402
7251,45403
7251,45404
7251,45405
7251,45406
7251,45407
7251,45408
7251,45409
7251,45410
7251,45411
7251,45412
7251,45413
7251,45414
7251,45415
7251,45416
7251,45417
7251,45418
7251,45419
7252,45350
7252,45351
7252,45352
7252,45353
7252,45354
7252,45355
7252,45356
7252,45357
7252,45358
7252,45359
7252,45360
7252,45361
7252,45362
7252,45363
7252,45364
7252,45365
7252,45366
7252,45367
7252,45368
7252,45369
7252,45370
7252,45371
7252,45372
7252,45373
7252,45374
7252,45375
7252,45376
7252,45377
7252,45378
7252,45379
7252,45380
7252,45381
7252,45382
7252,45383
7252,45384
7252,45385
7252,45386
7252,45387
7252,45388
7252,45389
7252,45390
7252,45391
7252,45392
7252,45393
7252,45394
7252,45395
7252,45396
7252,45397
7252,45398
7252,45399
7252,45400
7252,45401
7252,45402
7252,45403
7252,45404
7252,45405
7252,45406
7252,45407
7252,45408
7252,45409
7252,45410
7252,45411
7252,45412
7252,45413
7252,45414
7252,45415
7252,45416
7252,45417
7252,45418
7252,45419
7253,45350
7253,45351
7253,45352
7253,45353
7253,45354
7253,45355
7253,45356
7253,45357
7253,45358
7253,45359
7253,45360
7253,45361
7253,45362
7253,45363
7253,45364
7253,45365
7253,45366
7253,45367
7253,45368
7253,45369
7253,45370
7253,45371
7253,45372
7253,45373
7253,45374
7253,45375
7253,45376
7253,45377
7253,45378
7253,45379
7253,45380
7253,45381
7253,45382
7253,45383
7253,45384
7253,45385
7253,45386
7253,45387
7253,45388
7253,45389
7253,45390
7253,45391
7253,45392
7253,45393
7253,45394
7253,45395
7253,45396
7253,45397
7253,45398
7253,45399
7253,45400
7253,45401
7253,45402
7253,45403
7253,45404
7253,45405
7253,45406
7253,45407
7253,45408
7253,45409
7253,45410
7253,45411
7253,45412
7253,45413
7253,45414
7253,45415
7253,45416
7253,45417
7253,45418
7253,45419
7253,45420
7254,45349
7254,45350
7254,45351
7254,45352
7254,45353
7254,45354
7254,45355
7254,45356
7254,45357
7254,45358
7254,45359
7254,45360
7254,45361
7254,45362
7254,45363
7254,45364
7254,45365
7254,45366
7254,45367
7254,45368
7254,45369
7254,45370
7254,45371
7254,45372
7254,45373
7254,45374
7254,45375
7254,45376
7254,45377
7254,45378
7254,45379
7254,45380
7254,45381
7254,45382
7254,45383
7254,45384
7254,45385
7254,45386
7254,45387
7254,45388
7254,45389
7254,45390
7254,45391
7254,45392
7254,45393
7254,45394
7254,45395
7254,45396
7254,45397
7254,45398
7254,45399
7254,45400
7254,45401
7254,45402
7254,45403
7254,45404
7254,45405
7254,45406
7254,45407
7254,45408
7254,45409
7254,45410
7254,45411
7254,45412
7254,45413
7254,45414
7254,45415
7254,45416
7254,45417
7254,45418
7254,45419
7255,45349
7255,45350
7255,45351
7255,45352
7255,45353
7255,45354
7255,45355
7255,45356
7255,45357
7255,45358
7255,45359
7255,45360
7255,45361
7255,45362
7255,45363
7255,45364
7255,45365
7255,45366
7255,45367
7255,45368
7255,45369
7255,45370
7255,45371
7255,45372
7255,45373
7255,45374
7255,45375
7255,45376
7255,45377
7255,45378
7255,45379
7255,45380
7255,45381
7255,45382
7255,45383
7255,45384
7255,45385
7255,45386
7255,45387
7255,45388
7255,45389
7255,45390
7255,45391
7255,45392
7255,45393
7255,45394
7255,45395
7255,45396
7255,45397
7255,45398
7255,45399
7255,45400
7255,45401
7255,45402
7255,45403
7255,45404
7255,45405
7255,45406
7255,45407
7255,45408
7255,45409
7255,45410
7255,45411
7255,45412
7255,45413
7255,45414
7255,45415
7255,45416
7255,45417
7255,45418
7255,45419
7256,45349
7256,45350
7256,45351
7256,45352
7256,45353
7256,45354
7256,45355
7256,45356
7256,45357
7256,45358
7256,45359
7256,45360
7256,45361
7256,45362
7256,45363
7256,45364
7256,45365
7256,45366
7256,45367
7256,45368
7256,45369
7256,45370
7256,45371
7256,45372
7256,45373
7256,45374
7256,45375
7256,45376
7256,45377
7256,45378
7256,45379
7256,45380
7256,45381
7256,45382
7256,45383
7256,45384
7256,45385
7256,45386
7256,45387
7256,45388
7256,45389
7256,45390
7256,45391
7256,45392
7256,45393
7256,45394
7256,45395
7256,45396
7256,45397
7256,45398
7256,45399
7256,45400
7256,45401
7256,45402
7256,45403
7256,45404
7256,45405
7256,45406
7256,45407
7256,45408
7256,45409
7256,45410
7256,45411
7256,45412
7256,45413
7256,45414
7256,45415
7256,45416
7256,45417
7256,45418
7256,45419
7256,45420
7257,45348
7257,45349
7257,45350
7257,45351
7257,45352
7257,45353
7257,45354
7257,45355
7257,45356
7257,45357
7257,45358
7257,45359
7257,45360
7257,45361
7257,45362
7257,45363
7257,45364
7257,45365
7257,45366
7257,45367
7257,45368
7257,45369
7257,45370
7257,45371
7257,45372
7257,45373
7257,45374
7257,45375
7257,45376
7257,45377
7257,45378
7257,45379
7257,45380
7257,45381
7257,45382
7257,45383
7257,45384
7257,45385
7257,45386
7257,45387
7257,45388
7257,45389
7257,45390
7257,45391
7257,45392
7257,45393
7257,45394
7257,45395
7257,45396
7257,45397
7257,45398
7257,45399
7257,45400
7257,45401
7257,45402
7257,45403
7257,45404
7257,45405
7257,45406
7257,45407
7257,45408
7257,45409
7257,45410
7257,45411
7257,45412
7257,45413
7257,45414
7257,45415
7257,45416
7257,45417
7257,45418
7257,45419
7257,45420
7258,45347
7258,45348
7258,45349
7258,45350
7258,45351
7258,45352
7258,45353
7258,45354
7258,45355
7258,45356
7258,45357
7258,45358
7258,45359
7258,45360
7258,45361
7258,45362
7258,45363
7258,45364
7258,45365
7258,45366
7258,45367
7258,45368
7258,45369
7258,45370
7258,45371
7258,45372
7258,45373
7258,45374
7258,45375
7258,45376
7258,45377
7258,45378
7258,45379
7258,45380
7258,45381
7258,45382
7258,45383
7258,45384
7258,45385
7258,45386
7258,45387
7258,45388
7258,45389
7258,45390
7258,45391
7258,45392
7258,45393
7258,45394
7258,45395
7258,45396
7258,45397
7258,45398
7258,45399
7258,45400
7258,45401
7258,45402
7258,45403
7258,45404
7258,45405
7258,45406
7258,45407
7258,45408
7258,45409
7258,45410
7258,45411
7258,45412
7258,45413
7258,45414
7258,45415
7258,45416
7258,45417
7258,45418
7258,45419
7258,45420
7259,45347
7259,45348
7259,45349
7259,45350
7259,45351
7259,45352
7259,45353
7259,45354
7259,45355
7259,45356
7259,45357
7259,45358
7259,45359
7259,45360
7259,45361
7259,45362
7259,45363
7259,45364
7259,45365
7259,45366
7259,45367
7259,45368
7259,45369
7259,45370
7259,45371
7259,45372
7259,45373
7259,45374
7259,45375
7259,45376
7259,45377
7259,45378
7259,45379
7259,45380
7259,45381
7259,45382
7259,45383
7259,45384
7259,45385
7259,45386
7259,45387
7259,45388
7259,45389
7259,45390
7259,45391
7259,45392
7259,45393
7259,45394
7259,45395
7259,45396
7259,45397
7259,45398
7259,45399
7259,45400
7259,45401
7259,45402
7259,45403
7259,45404
7259,45405
7259,45406
7259,45407
7259,45408
7259,45409
7259,45410
7259,45411
7259,45412
7259,45413
7259,45414
7259,45415
7259,45416
7259,45417
7259,45418
7259,45419
7260,45346
7260,45347
7260,45348
7260,45349
7260,45350
7260,45351
7260,45352
7260,45353
7260,45354
7260,45355
7260,45356
7260,45357
7260,45358
7260,45359
7260,45360
7260,45361
7260,45362
7260,45363
7260,45364
7260,45365
7260,45366
7260,45367
7260,45368
7260,45369
7260,45370
7260,45371
7260,45372
7260,45373
7260,45374
7260,45375
7260,45376
7260,45377
7260,45378
7260,45379
7260,45380
7260,45381
7260,45382
7260,45383
7260,45384
7260,45385
7260,45386
7260,45387
7260,45388
7260,45389
7260,45390
7260,45391
7260,45392
7260,45393
7260,45394
7260,45395
7260,45396
7260,45397
7260,45398
7260,45399
7260,45400
7260,45401
7260,45402
7260,45403
7260,45404
7260,45405
7260,45406
7260,45407
7260,45408
7260,45409
7260,45410
7260,45411
7260,45412
7260,45413
7260,45414
7260,45415
7260,45416
7260,45417
7260,45418
7260,45419
7261,45346
7261,45347
7261,45348
7261,45349
7261,45350
7261,45351
7261,45352
7261,45353
7261,45354
7261,45355
7261,45356
7261,45357
7261,45358
7261,45359
7261,45360
7261,45361
7261,45362
7261,45363
7261,45364
7261,45365
7261,45366
7261,45367
7261,45368
7261,45369
7261,45370
7261,45371
7261,45372
7261,45373
7261,45374
7261,45375
7261,45376
7261,45377
7261,45378
7261,45379
7261,45380
7261,45381
7261,45382
7261,45383
7261,45384
7261,45385
7261,45386
7261,45387
7261,45388
7261,45389
7261,45390
7261,45391
7261,45392
7261,45393
7261,45394
7261,45395
7261,45396
7261,45397
7261,45398
7261,45399
7261,45400
7261,45401
7261,45402
7261,45403
7261,45404
7261,45405
7261,45406
7261,45407
7261,45408
7261,45409
7261,45410
7261,45411
7261,45412
7261,45413
7261,45414
7261,45415
7261,45416
7261,45417
7261,45418
7261,45419
7262,45346
7262,45347
7262,45348
7262,45349
7262,45350
7262,45351
7262,45352
7262,45353
7262,45354
7262,45355
7262,45356
7262,45357
7262,45358
7262,45359
7262,45360
7262,45361
7262,45362
7262,45363
7262,45364
7262,45365
7262,45366
7262,45367
7262,45368
7262,45369
7262,45370
7262,45371
7262,45372
7262,45373
7262,45374
7262,45375
7262,45376
7262,45377
7262,45378
7262,45379
7262,45380
7262,45381
7262,45382
7262,45383
7262,45384
7262,45385
7262,45386
7262,45387
7262,45388
7262,45389
7262,45390
7262,45391
7262,45392
7262,45393
7262,45394
7262,45395
7262,45396
7262,45397
7262,45398
7262,45399
7262,45400
7262,45401
7262,45402
7262,45403
7262,45404
7262,45405
7262,45406
7262,45407
7262,45408
7262,45409
7262,45410
7262,45411
7262,45412
7262,45413
7262,45414
7262,45415
7262,45416
7262,45417
7262,45418
7262,45419
7263,45345
7263,45346
7263,45347
7263,45348
7263,45349
7263,45350
7263,45351
7263,45352
7263,45353
7263,45354
7263,45355
7263,45356
7263,45357
7263,45358
7263,45359
7263,45360
7263,45361
7263,45362
7263,45363
7263,45364
7263,45365
7263,45366
7263,45367
7263,45368
7263,45369
7263,45370
7263,45371
7263,45372
7263,45373
7263,45374
7263,45375
7263,45376
7263,45377
7263,45378
7263,45379
7263,45380
7263,45381
7263,45382
7263,45383
7263,45384
7263,45385
7263,45386
7263,45387
7263,45388
7263,45389
7263,45390
7263,45391
7263,45392
7263,45393
7263,45394
7263,45395
7263,45396
7263,45397
7263,45398
7263,45399
7263,45400
7263,45401
7263,45402
7263,45403
7263,45404
7263,45405
7263,45406
7263,45407
7263,45408
7263,45409
7263,45410
7263,45411
7263,45412
7263,45413
7263,45414
7263,45415
7263,45416
7263,45417
7263,45418
7263,45419
7264,45345
7264,45346
7264,45347
7264,45348
7264,45349
7264,45350
7264,45351
7264,45352
7264,45353
7264,45354
7264,45355
7264,45356
7264,45357
7264,45358
7264,45359
7264,45360
7264,45361
7264,45362
7264,45363
7264,45364
7264,45365
7264,45366
7264,45367
7264,45368
7264,45369
7264,45370
7264,45371
7264,45372
7264,45373
7264,45374
7264,45375
7264,45376
7264,45377
7264,45378
7264,45379
7264,45380
7264,45381
7264,45382
7264,45383
7264,45384
7264,45385
7264,45386
7264,45387
7264,45388
7264,45389
7264,45390
7264,45391
7264,45392
7264,45393
7264,45394
7264,45395
7264,45396
7264,45397
7264,45398
7264,45399
7264,45400
7264,45401
7264,45402
7264,45403
7264,45404
7264,45405
7264,45406
7264,45407
7264,45408
7264,45409
7264,45410
7264,45411
7264,45412
7264,45413
7264,45414
7264,45415
7264,45416
7264,45417
7264,45418
7264,45419
7264,45436
7264,45437
7264,45438
7265,45345
7265,45346
7265,45347
7265,45348
7265,45349
7265,45350
7265,45351
7265,45352
7265,45353
7265,45354
7265,45355
7265,45356
7265,45357
7265,45358
7265,45359
7265,45360
7265,45361
7265,45362
7265,45363
7265,45364
7265,45365
7265,45366
7265,45367
7265,45368
7265,45369
7265,45370
7265,45371
7265,45372
7265,45373
7265,45374
7265,45375
7265,45376
7265,45377
7265,45378
7265,45379
7265,45380
7265,45381
7265,45382
7265,45383
7265,45384
7265,45385
7265,45386
7265,45387
7265,45388
7265,45389
7265,45390
7265,45391
7265,45392
7265,45393
7265,45394
7265,45395
7265,45396
7265,45397
7265,45398
7265,45399
7265,45400
7265,45401
7265,45402
7265,45403
7265,45404
7265,45405
7265,45406
7265,45407
7265,45408
7265,45409
7265,45410
7265,45411
7265,45412
7265,45413
7265,45414
7265,45415
7265,45416
7265,45417
7265,45418
7265,45419
7265,45433
7265,45434
7265,45435
7265,45436
7265,45437
7265,45438
7265,45439
7265,45440
7266,45344
7266,45345
7266,45346
7266,45347
7266,45348
7266,45349
7266,45350
7266,45351
7266,45352
7266,45353
7266,45354
7266,45355
7266,45356
7266,45357
7266,45358
7266,45359
7266,45360
7266,45361
7266,45362
7266,45363
7266,45364
7266,45365
7266,45366
7266,45367
7266,45368
7266,45369
7266,45370
7266,45371
7266,45372
7266,45373
7266,45374
7266,45375
7266,45376
7266,45377
7266,45378
7266,45379
7266,45380
7266,45381
7266,45382
7266,45383
7266,45384
7266,45385
7266,45386
7266,45387
7266,45388
7266,45389
7266,45390
7266,45391
7266,45392
7266,45393
7266,45394
7266,45395
7266,45396
7266,45397
7266,45398
7266,45399
7266,45400
7266,45401
7266,45402
7266,45403
7266,45404
7266,45405
7266,45406
7266,45407
7266,45408
7266,45409
7266,45410
7266,45411
7266,45412
7266,45413
7266,45414
7266,45415
7266,45416
7266,45417
7266,45418
7266,45419
7266,45431
7266,45432
7266,45433
7266,45434
7266,45435
7266,45436
7266,45437
7266,45438
7266,45439
7266,45440
7266,45441
7267,45344
7267,45345
7267,45346
7267,45347
7267,45348
7267,45349
7267,45350
7267,45351
7267,45352
7267,45353
7267,45354
7267,45355
7267,45356
7267,45357
7267,45358
7267,45359
7267,45360
7267,45361
7267,45362
7267,45363
7267,45364
7267,45365
7267,45366
7267,45367
7267,45368
7267,45369
7267,45370
7267,45371
7267,45372
7267,45373
7267,45374
7267,45375
7267,45376
7267,45377
7267,45378
7267,45379
7267,45380
7267,45381
7267,45382
7267,45383
7267,45384
7267,45385
7267,45386
7267,45387
7267,45388
7267,45389
7267,45390
7267,45391
7267,45392
7267,45393
7267,45394
7267,45395
7267,45396
7267,45397
7267,45398
7267,45399
7267,45400
7267,45401
7267,45402
7267,45403
7267,45404
7267,45405
7267,45406
7267,45407
7267,45408
7267,45409
7267,45410
7267,45411
7267,45412
7267,45413
7267,45414
7267,45415
7267,45416
7267,45417
7267,45418
7267,45430
7267,45431
7267,45432
7267,45433
7267,45434
7267,45435
7267,45436
7267,45437
7267,45438
7267,45439
7267,45440
7267,45441
7267,45442
7268,45344
7268,45345
7268,45346
7268,45347
7268,45348
7268,45349
7268,45350
7268,45351
7268,45352
7268,45353
7268,45354
7268,45355
7268,45356
7268,45357
7268,45358
7268,45359
7268,45360
7268,45361
7268,45362
7268,45363
7268,45364
7268,45365
7268,45366
7268,45367
7268,45368
7268,45369
7268,45370
7268,45371
7268,45372
7268,45373
7268,45374
7268,45375
7268,45376
7268,45377
7268,45378
7268,45379
7268,45380
7268,45381
7268,45382
7268,45383
7268,45384
7268,45385
7268,45386
7268,45387
7268,45388
7268,45389
7268,45390
7268,45391
7268,45392
7268,45393
7268,45394
7268,45395
7268,45396
7268,45397
7268,45398
7268,45399
7268,45400
7268,45401
7268,45402
7268,45403
7268,45404
7268,45405
7268,45406
7268,45407
7268,45408
7268,45409
7268,45410
7268,45411
7268,45412
7268,45413
7268,45414
7268,45415
7268,45416
7268,45417
7268,45418
7268,45419
7268,45429
7268,45430
7268,45431
7268,45432
7268,45433
7268,45434
7268,45435
7268,45436
7268,45437
7268,45438
7268,45439
7268,45440
7268,45441
7268,45442
7268,45443
7269,45344
7269,45345
7269,45346
7269,45347
7269,45348
7269,45349
7269,45350
7269,45351
7269,45352
7269,45353
7269,45354
7269,45355
7269,45356
7269,45357
7269,45358
7269,45359
7269,45360
7269,45361
7269,45362
7269,45363
7269,45364
7269,45365
7269,45366
7269,45367
7269,45368
7269,45369
7269,45370
7269,45371
7269,45372
7269,45373
7269,45374
7269,45375
7269,45376
7269,45377
7269,45378
7269,45379
7269,45380
7269,45381
7269,45382
7269,45383
7269,45384
7269,45385
7269,45386
7269,45387
7269,45388
7269,45389
7269,45390
7269,45391
7269,45392
7269,45393
7269,45394
7269,45395
7269,45396
7269,45397
7269,45398
7269,45399
7269,45400
7269,45401
7269,45402
7269,45403
7269,45404
7269,45405
7269,45406
7269,45407
7269,45408
7269,45409
7269,45410
7269,45411
7269,45412
7269,45413
7269,45414
7269,45415
7269,45416
7269,45417
7269,45418
7269,45419
7269,45420
7269,45422
7269,45428
7269,45429
7269,45430
7269,45431
7269,45432
7269,45433
7269,45434
7269,45435
7269,45436
7269,45437
7269,45438
7269,45439
7269,45440
7269,45441
7269,45442
7269,45443
7270,45345
7270,45346
7270,45347
7270,45348
7270,45349
7270,45350
7270,45351
7270,45352
7270,45353
7270,45354
7270,45355
7270,45356
7270,45357
7270,45358
7270,45359
7270,45360
7270,45361
7270,45362
7270,45363
7270,45364
7270,45365
7270,45366
7270,45367
7270,45368
7270,45369
7270,45370
7270,45371
7270,45372
7270,45373
7270,45374
7270,45375
7270,45376
7270,45377
7270,45378
7270,45379
7270,45380
7270,45381
7270,45382
7270,45383
7270,45384
7270,45385
7270,45386
7270,45387
7270,45388
7270,45389
7270,45390
7270,45391
7270,45392
7270,45393
7270,45394
7270,45395
7270,45396
7270,45397
7270,45398
7270,45399
7270,45400
7270,45401
7270,45402
7270,45403
7270,45404
7270,45405
7270,45406
7270,45407
7270,45408
7270,45409
7270,45410
7270,45411
7270,45412
7270,45413
7270,45414
7270,45415
7270,45416
7270,45417
7270,45418
7270,45419
7270,45420
7270,45421
7270,45422
7270,45423
7270,45424
7270,45425
7270,45428
7270,45429
7270,45430
7270,45431
7270,45432
7270,45433
7270,45434
7270,45435
7270,45436
7270,45437
7270,45438
7270,45439
7270,45440
7270,45441
7270,45442
7270,45443
7271,45344
7271,45345
7271,45346
7271,45347
7271,45348
7271,45349
7271,45350
7271,45351
7271,45352
7271,45353
7271,45354
7271,45355
7271,45356
7271,45357
7271,45358
7271,45359
7271,45360
7271,45361
7271,45362
7271,45363
7271,45364
7271,45365
7271,45366
7271,45367
7271,45368
7271,45369
7271,45370
7271,45371
7271,45372
7271,45373
7271,45374
7271,45375
7271,45376
7271,45377
7271,45378
7271,45379
7271,45380
7271,45381
7271,45382
7271,45383
7271,45384
7271,45385
7271,45386
7271,45387
7271,45388
7271,45389
7271,45390
7271,45391
7271,45392
7271,45393
7271,45394
7271,45395
7271,45396
7271,45397
7271,45398
7271,45399
7271,45400
7271,45401
7271,45402
7271,45403
7271,45404
7271,45405
7271,45406
7271,45407
7271,45408
7271,45409
7271,45410
7271,45411
7271,45412
7271,45413
7271,45414
7271,45415
7271,45416
7271,45417
7271,45418
7271,45419
7271,45420
7271,45421
7271,45422
7271,45423
7271,45424
7271,45425
7271,45426
7271,45427
7271,45428
7271,45429
7271,45430
7271,45431
7271,45432
7271,45433
7271,45434
7271,45435
7271,45436
7271,45437
7271,45438
7271,45439
7271,45440
7271,45441
7271,45442
7271,45443
7271,45444
7272,45345
7272,45346
7272,45347
7272,45348
7272,45349
7272,45350
7272,45351
7272,45352
7272,45353
7272,45354
7272,45355
7272,45356
7272,45357
7272,45358
7272,45359
7272,45360
7272,45361
7272,45362
7272,45363
7272,45364
7272,45365
7272,45366
7272,45367
7272,45368
7272,45369
7272,45370
7272,45371
7272,45372
7272,45373
7272,45374
7272,45375
7272,45376
7272,45377
7272,45378
7272,45379
7272,45380
7272,45381
7272,45382
7272,45383
7272,45384
7272,45385
7272,45386
7272,45387
7272,45388
7272,45389
7272,45390
7272,45391
7272,45392
7272,45393
7272,45394
7272,45395
7272,45396
7272,45397
7272,45398
7272,45399
7272,45400
7272,45401
7272,45402
7272,45403
7272,45404
7272,45405
7272,45406
7272,45407
7272,45408
7272,45409
7272,45410
7272,45411
7272,45412
7272,45413
7272,45414
7272,45415
7272,45416
7272,45417
7272,45418
7272,45419
7272,45420
7272,45421
7272,45422
7272,45423
7272,45424
7272,45425
7272,45426
7272,45427
7272,45428
7272,45429
7272,45430
7272,45431
7272,45432
7272,45433
7272,45434
7272,45435
7272,45436
7272,45437
7272,45438
7272,45439
7272,45440
7272,45441
7272,45442
7272,45443
7272,45444
7273,45345
7273,45346
7273,45347
7273,45348
7273,45349
7273,45350
7273,45351
7273,45352
7273,45353
7273,45354
7273,45355
7273,45356
7273,45357
7273,45358
7273,45359
7273,45360
7273,45361
7273,45362
7273,45363
7273,45364
7273,45365
7273,45366
7273,45367
7273,45368
7273,45369
7273,45370
7273,45371
7273,45372
7273,45373
7273,45374
7273,45375
7273,45376
7273,45377
7273,45378
7273,45379
7273,45380
7273,45381
7273,45382
7273,45383
7273,45384
7273,45385
7273,45386
7273,45387
7273,45388
7273,45389
7273,45390
7273,45391
7273,45392
7273,45393
7273,45394
7273,45395
7273,45396
7273,45397
7273,45398
7273,45399
7273,45400
7273,45401
7273,45402
7273,45403
7273,45404
7273,45405
7273,45406
7273,45407
7273,45408
7273,45409
7273,45410
7273,45411
7273,45412
7273,45413
7273,45414
7273,45415
7273,45416
7273,45417
7273,45418
7273,45419
7273,45420
7273,45421
7273,45422
7273,45423
7273,45424
7273,45425
7273,45426
7273,45427
7273,45428
7273,45429
7273,45430
7273,45431
7273,45432
7273,45433
7273,45434
7273,45435
7273,45436
7273,45437
7273,45438
7273,45439
7273,45440
7273,45441
7273,45442
7273,45443
7274,45345
7274,45346
7274,45347
7274,45348
7274,45349
7274,45350
7274,45351
7274,45352
7274,45353
7274,45354
7274,45355
7274,45356
7274,45357
7274,45358
7274,45359
7274,45360
7274,45361
7274,45362
7274,45363
7274,45364
7274,45365
7274,45366
7274,45367
7274,45368
7274,45369
7274,45370
7274,45371
7274,45372
7274,45373
7274,45374
7274,45375
7274,45376
7274,45377
7274,45378
7274,45379
7274,45380
7274,45381
7274,45382
7274,45383
7274,45384
7274,45385
7274,45386
7274,45387
7274,45388
7274,45389
7274,45390
7274,45391
7274,45392
7274,45393
7274,45394
7274,45395
7274,45396
7274,45397
7274,45398
7274,45399
7274,45400
7274,45401
7274,45402
7274,45403
7274,45404
7274,45405
7274,45406
7274,45407
7274,45408
7274,45409
7274,45410
7274,45411
7274,45412
7274,45413
7274,45414
7274,45415
7274,45416
7274,45417
7274,45418
7274,45419
7274,45420
7274,45421
7274,45422
7274,45423
7274,45424
7274,45425
7274,45426
7274,45427
7274,45428
7274,45429
7274,45430
7274,45431
7274,45432
7274,45433
7274,45434
7274,45435
7274,45436
7274,45437
7274,45438
7274,45439
7274,45440
7274,45441
7274,45442
7274,45443
7275,45346
7275,45347
7275,45348
7275,45349
7275,45350
7275,45351
7275,45352
7275,45353
7275,45354
7275,45355
7275,45356
7275,45357
7275,45358
7275,45359
7275,45360
7275,45361
7275,45362
7275,45363
7275,45364
7275,45365
7275,45366
7275,45367
7275,45368
7275,45369
7275,45370
7275,45371
7275,45372
7275,45373
7275,45374
7275,45375
7275,45376
7275,45377
7275,45378
7275,45379
7275,45380
7275,45381
7275,45382
7275,45383
7275,45384
7275,45385
7275,45386
7275,45387
7275,45388
7275,45389
7275,45390
7275,45391
7275,45392
7275,45393
7275,45394
7275,45395
7275,45396
7275,45397
7275,45398
7275,45399
7275,45400
7275,45401
7275,45402
7275,45403
7275,45404
7275,45405
7275,45406
7275,45407
7275,45408
7275,45409
7275,45410
7275,45411
7275,45412
7275,45413
7275,45414
7275,45415
7275,45416
7275,45417
7275,45418
7275,45419
7275,45420
7275,45421
7275,45422
7275,45423
7275,45424
7275,45425
7275,45426
7275,45427
7275,45428
7275,45429
7275,45430
7275,45431
7275,45432
7275,45433
7275,45434
7275,45435
7275,45436
7275,45437
7275,45438
7275,45439
7275,45440
7275,45441
7275,45442
7275,45443
7276,45346
7276,45347
7276,45348
7276,45349
7276,45350
7276,45351
7276,45352
7276,45353
7276,45354
7276,45355
7276,45356
7276,45357
7276,45358
7276,45359
7276,45360
7276,45361
7276,45362
7276,45363
7276,45364
7276,45365
7276,45366
7276,45367
7276,45368
7276,45369
7276,45370
7276,45371
7276,45372
7276,45373
7276,45374
7276,45375
7276,45376
7276,45377
7276,45378
7276,45379
7276,45380
7276,45381
7276,45382
7276,45383
7276,45384
7276,45385
7276,45386
7276,45387
7276,45388
7276,45389
7276,45390
7276,45391
7276,45392
7276,45393
7276,45394
7276,45395
7276,45396
7276,45397
7276,45398
7276,45399
7276,45400
7276,45401
7276,45402
7276,45403
7276,45404
7276,45405
7276,45406
7276,45407
7276,45408
7276,45409
7276,45410
7276,45411
7276,45412
7276,45413
7276,45414
7276,45415
7276,45416
7276,45417
7276,45418
7276,45419
7276,45420
7276,45421
7276,45422
7276,45423
7276,45424
7276,45425
7276,45426
7276,45427
7276,45428
7276,45429
7276,45430
7276,45431
7276,45432
7276,45433
7276,45434
7276,45435
7276,45436
7276,45437
7276,45438
7276,45439
7276,45440
7276,45441
7276,45442
7276,45443
7276,45444
7277,45347
7277,45348
7277,45349
7277,45350
7277,45351
7277,45352
7277,45353
7277,45354
7277,45355
7277,45356
7277,45357
7277,45358
7277,45359
7277,45360
7277,45361
7277,45362
7277,45363
7277,45364
7277,45365
7277,45366
7277,45367
7277,45368
7277,45369
7277,45370
7277,45371
7277,45372
7277,45373
7277,45374
7277,45375
7277,45376
7277,45377
7277,45378
7277,45379
7277,45380
7277,45381
7277,45382
7277,45383
7277,45384
7277,45385
7277,45386
7277,45387
7277,45388
7277,45389
7277,45390
7277,45391
7277,45392
7277,45393
7277,45394
7277,45395
7277,45396
7277,45397
7277,45398
7277,45399
7277,45400
7277,45401
7277,45402
7277,45403
7277,45404
7277,45405
7277,45406
7277,45407
7277,45408
7277,45409
7277,45410
7277,45411
7277,45412
7277,45413
7277,45414
7277,45415
7277,45416
7277,45417
7277,45418
7277,45419
7277,45420
7277,45421
7277,45422
7277,45423
7277,45424
7277,45425
7277,45426
7277,45427
7277,45428
7277,45429
7277,45430
7277,45431
7277,45432
7277,45433
7277,45434
7277,45435
7277,45436
7277,45437
7277,45438
7277,45439
7277,45440
7277,45441
7277,45442
7277,45443
7278,45347
7278,45348
7278,45349
7278,45350
7278,45351
7278,45352
7278,45353
7278,45354
7278,45355
7278,45356
7278,45357
7278,45358
7278,45359
7278,45360
7278,45361
7278,45362
7278,45363
7278,45364
7278,45365
7278,45366
7278,45367
7278,45368
7278,45369
7278,45370
7278,45371
7278,45372
7278,45373
7278,45374
7278,45375
7278,45376
7278,45377
7278,45378
7278,45379
7278,45380
7278,45381
7278,45382
7278,45383
7278,45384
7278,45385
7278,45386
7278,45387
7278,45388
7278,45389
7278,45390
7278,45391
7278,45392
7278,45393
7278,45394
7278,45395
7278,45396
7278,45397
7278,45398
7278,45399
7278,45400
7278,45401
7278,45402
7278,45403
7278,45404
7278,45405
7278,45406
7278,45407
7278,45408
7278,45409
7278,45410
7278,45411
7278,45412
7278,45413
7278,45414
7278,45415
7278,45416
7278,45417
7278,45418
7278,45419
7278,45420
7278,45421
7278,45422
7278,45423
7278,45424
7278,45425
7278,45426
7278,45427
7278,45428
7278,45429
7278,45430
7278,45431
7278,45432
7278,45433
7278,45434
7278,45435
7278,45436
7278,45437
7278,45438
7278,45439
7278,45440
7278,45441
7278,45442
7278,45443
7278,45444
7279,45347
7279,45348
7279,45349
7279,45350
7279,45351
7279,45352
7279,45353
7279,45354
7279,45355
7279,45356
7279,45357
7279,45358
7279,45359
7279,45360
7279,45361
7279,45362
7279,45363
7279,45364
7279,45365
7279,45366
7279,45367
7279,45368
7279,45369
7279,45370
7279,45371
7279,45372
7279,45373
7279,45374
7279,45375
7279,45376
7279,45377
7279,45378
7279,45379
7279,45380
7279,45381
7279,45382
7279,45383
7279,45384
7279,45385
7279,45386
7279,45387
7279,45388
7279,45389
7279,45390
7279,45391
7279,45392
7279,45393
7279,45394
7279,45395
7279,45396
7279,45397
7279,45398
7279,45399
7279,45400
7279,45401
7279,45402
7279,45403
7279,45404
7279,45405
7279,45406
7279,45407
7279,45408
7279,45409
7279,45410
7279,45411
7279,45412
7279,45413
7279,45414
7279,45415
7279,45416
7279,45417
7279,45418
7279,45419
7279,45420
7279,45421
7279,45422
7279,45423
7279,45424
7279,45425
7279,45426
7279,45427
7279,45428
7279,45429
7279,45430
7279,45431
7279,45432
7279,45433
7279,45434
7279,45435
7279,45436
7279,45437
7279,45438
7279,45439
7279,45440
7279,45441
7279,45442
7279,45443
7279,45444
7279,45445
7280,45346
7280,45347
7280,45348
7280,45349
7280,45350
7280,45351
7280,45352
7280,45353
7280,45354
7280,45355
7280,45356
7280,45357
7280,45358
7280,45359
7280,45360
7280,45361
7280,45362
7280,45363
7280,45364
7280,45365
7280,45366
7280,45367
7280,45368
7280,45369
7280,45370
7280,45371
7280,45372
7280,45373
7280,45374
7280,45375
7280,45376
7280,45377
7280,45378
7280,45379
7280,45380
7280,45381
7280,45382
7280,45383
7280,45384
7280,45385
7280,45386
7280,45387
7280,45388
7280,45389
7280,45390
7280,45391
7280,45392
7280,45393
7280,45394
7280,45395
7280,45396
7280,45397
7280,45398
7280,45399
7280,45400
7280,45401
7280,45402
7280,45403
7280,45404
7280,45405
7280,45406
7280,45407
7280,45408
7280,45409
7280,45410
7280,45411
7280,45412
7280,45413
7280,45414
7280,45415
7280,45416
7280,45417
7280,45418
7280,45419
7280,45420
7280,45421
7280,45422
7280,45423
7280,45424
7280,45425
7280,45426
7280,45427
7280,45428
7280,45429
7280,45430
7280,45431
7280,45432
7280,45433
7280,45434
7280,45435
7280,45436
7280,45437
7280,45438
7280,45439
7280,45440
7280,45441
7280,45442
7280,45443
7280,45444
7280,45445
7280,45446
7281,45346
7281,45347
7281,45348
7281,45349
7281,45350
7281,45351
7281,45352
7281,45353
7281,45354
7281,45355
7281,45356
7281,45357
7281,45358
7281,45359
7281,45360
7281,45361
7281,45362
7281,45363
7281,45364
7281,45365
7281,45366
7281,45367
7281,45368
7281,45369
7281,45370
7281,45371
7281,45372
7281,45373
7281,45374
7281,45375
7281,45376
7281,45377
7281,45378
7281,45379
7281,45380
7281,45381
7281,45382
7281,45383
7281,45384
7281,45385
7281,45386
7281,45387
7281,45388
7281,45389
7281,45390
7281,45391
7281,45392
7281,45393
7281,45394
7281,45395
7281,45396
7281,45397
7281,45398
7281,45399
7281,45400
7281,45401
7281,45402
7281,45403
7281,45404
7281,45405
7281,45406
7281,45407
7281,45408
7281,45409
7281,45410
7281,45411
7281,45412
7281,45413
7281,45414
7281,45415
7281,45416
7281,45417
7281,45418
7281,45419
7281,45420
7281,45421
7281,45422
7281,45423
7281,45424
7281,45425
7281,45426
7281,45427
7281,45428
7281,45429
7281,45430
7281,45431
7281,45432
7281,45433
7281,45434
7281,45435
7281,45436
7281,45437
7281,45438
7281,45439
7281,45440
7281,45441
7281,45442
7281,45443
7281,45444
7281,45445
7281,45446
7281,45447
7282,45347
7282,45348
7282,45349
7282,45350
7282,45351
7282,45352
7282,45353
7282,45354
7282,45355
7282,45356
7282,45357
7282,45358
7282,45359
7282,45360
7282,45361
7282,45362
7282,45363
7282,45364
7282,45365
7282,45366
7282,45367
7282,45368
7282,45369
7282,45370
7282,45371
7282,45372
7282,45373
7282,45374
7282,45375
7282,45376
7282,45377
7282,45378
7282,45379
7282,45380
7282,45381
7282,45382
7282,45383
7282,45384
7282,45385
7282,45386
7282,45387
7282,45388
7282,45389
7282,45390
7282,45391
7282,45392
7282,45393
7282,45394
7282,45395
7282,45396
7282,45397
7282,45398
7282,45399
7282,45400
7282,45401
7282,45402
7282,45403
7282,45404
7282,45405
7282,45406
7282,45407
7282,45408
7282,45409
7282,45410
7282,45411
7282,45412
7282,45413
7282,45414
7282,45415
7282,45416
7282,45417
7282,45418
7282,45419
7282,45420
7282,45421
7282,45422
7282,45423
7282,45424
7282,45425
7282,45426
7282,45427
7282,45428
7282,45429
7282,45430
7282,45431
7282,45432
7282,45433
7282,45434
7282,45435
7282,45436
7282,45437
7282,45438
7282,45439
7282,45440
7282,45441
7282,45442
7282,45443
7282,45444
7282,45445
7282,45446
7282,45447
7282,45448
7282,45453
7282,45454
7282,45456
7282,45457
7283,45347
7283,45348
7283,45349
7283,45350
7283,45351
7283,45352
7283,45353
7283,45354
7283,45355
7283,45356
7283,45357
7283,45358
7283,45359
7283,45360
7283,45361
7283,45362
7283,45363
7283,45364
7283,45365
7283,45366
7283,45367
7283,45368
7283,45369
7283,45370
7283,45371
7283,45372
7283,45373
7283,45374
7283,45375
7283,45376
7283,45377
7283,45378
7283,45379
7283,45380
7283,45381
7283,45382
7283,45383
7283,45384
7283,45385
7283,45386
7283,45387
7283,45388
7283,45389
7283,45390
7283,45391
7283,45392
7283,45393
7283,45394
7283,45395
7283,45396
7283,45397
7283,45398
7283,45399
7283,45400
7283,45401
7283,45402
7283,45403
7283,45404
7283,45405
7283,45406
7283,45407
7283,45408
7283,45409
7283,45410
7283,45411
7283,45412
7283,45413
7283,45414
7283,45415
7283,45416
7283,45417
7283,45418
7283,45419
7283,45420
7283,45421
7283,45422
7283,45423
7283,45424
7283,45425
7283,45426
7283,45427
7283,45428
7283,45429
7283,45430
7283,45431
7283,45432
7283,45433
7283,45434
7283,45435
7283,45436
7283,45437
7283,45438
7283,45439
7283,45440
7283,45441
7283,45442
7283,45443
7283,45444
7283,45445
7283,45446
7283,45447
7283,45448
7283,45449
7283,45450
7283,45451
7283,45452
7283,45453
7283,45454
7283,45455
7283,45456
7283,45457
7283,45458
7283,45459
7283,45474
7283,45475
7284,45347
7284,45348
7284,45349
7284,45350
7284,45351
7284,45352
7284,45353
7284,45354
7284,45355
7284,45356
7284,45357
7284,45358
7284,45359
7284,45360
7284,45361
7284,45362
7284,45363
7284,45364
7284,45365
7284,45366
7284,45367
7284,45368
7284,45369
7284,45370
7284,45371
7284,45372
7284,45373
7284,45374
7284,45375
7284,45376
7284,45377
7284,45378
7284,45379
7284,45380
7284,45381
7284,45382
7284,45383
7284,45384
7284,45385
7284,45386
7284,45387
7284,45388
7284,45389
7284,45390
7284,45391
7284,45392
7284,45393
7284,45394
7284,45395
7284,45396
7284,45397
7284,45398
7284,45399
7284,45400
7284,45401
7284,45402
7284,45403
7284,45404
7284,45405
7284,45406
7284,45407
7284,45408
7284,45409
7284,45410
7284,45411
7284,45412
7284,45413
7284,45414
7284,45415
7284,45416
7284,45417
7284,45418
7284,45419
7284,45420
7284,45421
7284,45422
7284,45423
7284,45424
7284,45425
7284,45426
7284,45427
7284,45428
7284,45429
7284,45430
7284,45431
7284,45432
7284,45433
7284,45434
7284,45435
7284,45436
7284,45437
7284,45438
7284,45439
7284,45440
7284,45441
7284,45442
7284,45443
7284,45444
7284,45445
7284,45446
7284,45447
7284,45448
7284,45449
7284,45450
7284,45451
7284,45452
7284,45453
7284,45454
7284,45455
7284,45456
7284,45457
7284,45458
7284,45459
7284,45460
7284,45471
7284,45472
7284,45473
7284,45474
7284,45475
7284,45476
7284,45477
7285,45347
7285,45348
7285,45349
7285,45350
7285,45351
7285,45352
7285,45353
7285,45354
7285,45355
7285,45356
7285,45357
7285,45358
7285,45359
7285,45360
7285,45361
7285,45362
7285,45363
7285,45364
7285,45365
7285,45366
7285,45367
7285,45368
7285,45369
7285,45370
7285,45371
7285,45372
7285,45373
7285,45374
7285,45375
7285,45376
7285,45377
7285,45378
7285,45379
7285,45380
7285,45381
7285,45382
7285,45383
7285,45384
7285,45385
7285,45386
7285,45387
7285,45388
7285,45389
7285,45390
7285,45391
7285,45392
7285,45393
7285,45394
7285,45395
7285,45396
7285,45397
7285,45398
7285,45399
7285,45400
7285,45401
7285,45402
7285,45403
7285,45404
7285,45405
7285,45406
7285,45407
7285,45408
7285,45409
7285,45410
7285,45411
7285,45412
7285,45413
7285,45414
7285,45415
7285,45416
7285,45417
7285,45418
7285,45419
7285,45420
7285,45421
7285,45422
7285,45423
7285,45424
7285,45425
7285,45426
7285,45427
7285,45428
7285,45429
7285,45430
7285,45431
7285,45432
7285,45433
7285,45434
7285,45435
7285,45436
7285,45437
7285,45438
7285,45439
7285,45440
7285,45441
7285,45442
7285,45443
7285,45444
7285,45445
7285,45446
7285,45447
7285,45448
7285,45449
7285,45450
7285,45451
7285,45452
7285,45453
7285,45454
7285,45455
7285,45456
7285,45457
7285,45458
7285,45459
7285,45460
7285,45461
7285,45470
7285,45471
7285,45472
7285,45473
7285,45474
7285,45475
7285,45476
7285,45477
7285,45478
7286,45347
7286,45348
7286,45349
7286,45350
7286,45351
7286,45352
7286,45353
7286,45354
7286,45355
7286,45356
7286,45357
7286,45358
7286,45359
7286,45360
7286,45361
7286,45362
7286,45363
7286,45364
7286,45365
7286,45366
7286,45367
7286,45368
7286,45369
7286,45370
7286,45371
7286,45372
7286,45373
7286,45374
7286,45375
7286,45376
7286,45377
7286,45378
7286,45379
7286,45380
7286,45381
7286,45382
7286,45383
7286,45384
7286,45385
7286,45386
7286,45387
7286,45388
7286,45389
7286,45390
7286,45391
7286,45392
7286,45393
7286,45394
7286,45395
7286,45396
7286,45397
7286,45398
7286,45399
7286,45400
7286,45401
7286,45402
7286,45403
7286,45404
7286,45405
7286,45406
7286,45407
7286,45408
7286,45409
7286,45410
7286,45411
7286,45412
7286,45413
7286,45414
7286,45415
7286,45416
7286,45417
7286,45418
7286,45419
7286,45420
7286,45421
7286,45422
7286,45423
7286,45424
7286,45425
7286,45426
7286,45427
7286,45428
7286,45429
7286,45430
7286,45431
7286,45432
7286,45433
7286,45434
7286,45435
7286,45436
7286,45437
7286,45438
7286,45439
7286,45440
7286,45441
7286,45442
7286,45443
7286,45444
7286,45445
7286,45446
7286,45447
7286,45448
7286,45449
7286,45450
7286,45451
7286,45452
7286,45453
7286,45454
7286,45455
7286,45456
7286,45457
7286,45458
7286,45459
7286,45460
7286,45461
7286,45464
7286,45468
7286,45469
7286,45470
7286,45471
7286,45472
7286,45473
7286,45474
7286,45475
7286,45476
7286,45477
7286,45478
7286,45479
7287,45346
7287,45347
7287,45348
7287,45349
7287,45350
7287,45351
7287,45352
7287,45353
7287,45354
7287,45355
7287,45356
7287,45357
7287,45358
7287,45359
7287,45360
7287,45361
7287,45362
7287,45363
7287,45364
7287,45365
7287,45366
7287,45367
7287,45368
7287,45369
7287,45370
7287,45371
7287,45372
7287,45373
7287,45374
7287,45375
7287,45376
7287,45377
7287,45378
7287,45379
7287,45380
7287,45381
7287,45382
7287,45383
7287,45384
7287,45385
7287,45386
7287,45387
7287,45388
7287,45389
7287,45390
7287,45391
7287,45392
7287,45393
7287,45394
7287,45395
7287,45396
7287,45397
7287,45398
7287,45399
7287,45400
7287,45401
7287,45402
7287,45403
7287,45404
7287,45405
7287,45406
7287,45407
7287,45408
7287,45409
7287,45410
7287,45411
7287,45412
7287,45413
7287,45414
7287,45415
7287,45416
7287,45417
7287,45418
7287,45419
7287,45420
7287,45421
7287,45422
7287,45423
7287,45424
7287,45425
7287,45426
7287,45427
7287,45428
7287,45429
7287,45430
7287,45431
7287,45432
7287,45433
7287,45434
7287,45435
7287,45436
7287,45437
7287,45438
7287,45439
7287,45440
7287,45441
7287,45442
7287,45443
7287,45444
7287,45445
7287,45446
7287,45447
7287,45448
7287,45449
7287,45450
7287,45451
7287,45452
7287,45453
7287,45454
7287,45455
7287,45456
7287,45457
7287,45458
7287,45459
7287,45460
7287,45461
7287,45462
7287,45463
7287,45464
7287,45465
7287,45466
7287,45467
7287,45468
7287,45469
7287,45470
7287,45471
7287,45472
7287,45473
7287,45474
7287,45475
7287,45476
7287,45477
7287,45478
7287,45479
7288,45346
7288,45347
7288,45348
7288,45349
7288,45350
7288,45351
7288,45352
7288,45353
7288,45354
7288,45355
7288,45356
7288,45357
7288,45358
7288,45359
7288,45360
7288,45361
7288,45362
7288,45363
7288,45364
7288,45365
7288,45366
7288,45367
7288,45368
7288,45369
7288,45370
7288,45371
7288,45372
7288,45373
7288,45374
7288,45375
7288,45376
7288,45377
7288,45378
7288,45379
7288,45380
7288,45381
7288,45382
7288,45383
7288,45384
7288,45385
7288,45386
7288,45387
7288,45388
7288,45389
7288,45390
7288,45391
7288,45392
7288,45393
7288,45394
7288,45395
7288,45396
7288,45397
7288,45398
7288,45399
7288,45400
7288,45401
7288,45402
7288,45403
7288,45404
7288,45405
7288,45406
7288,45407
7288,45408
7288,45409
7288,45410
7288,45411
7288,45412
7288,45413
7288,45414
7288,45415
7288,45416
7288,45417
7288,45418
7288,45419
7288,45420
7288,45421
7288,45422
7288,45423
7288,45424
7288,45425
7288,45426
7288,45427
7288,45428
7288,45429
7288,45430
7288,45431
7288,45432
7288,45433
7288,45434
7288,45435
7288,45436
7288,45437
7288,45438
7288,45439
7288,45440
7288,45441
7288,45442
7288,45443
7288,45444
7288,45445
7288,45446
7288,45447
7288,45448
7288,45449
7288,45450
7288,45451
7288,45452
7288,45453
7288,45454
7288,45455
7288,45456
7288,45457
7288,45458
7288,45459
7288,45460
7288,45461
7288,45462
7288,45463
7288,45464
7288,45465
7288,45466
7288,45467
7288,45468
7288,45469
7288,45470
7288,45471
7288,45472
7288,45473
7288,45474
7288,45475
7288,45476
7288,45477
7288,45478
7288,45479
7288,45480
7289,45347
7289,45348
7289,45349
7289,45350
7289,45351
7289,45352
7289,45353
7289,45354
7289,45355
7289,45356
7289,45357
7289,45358
7289,45359
7289,45360
7289,45361
7289,45362
7289,45363
7289,45364
7289,45365
7289,45366
7289,45367
7289,45368
7289,45369
7289,45370
7289,45371
7289,45372
7289,45373
7289,45374
7289,45375
7289,45376
7289,45377
7289,45378
7289,45379
7289,45380
7289,45381
7289,45382
7289,45383
7289,45384
7289,45385
7289,45386
7289,45387
7289,45388
7289,45389
7289,45390
7289,45391
7289,45392
7289,45393
7289,45394
7289,45395
7289,45396
7289,45397
7289,45398
7289,45399
7289,45400
7289,45401
7289,45402
7289,45403
7289,45404
7289,45405
7289,45406
7289,45407
7289,45408
7289,45409
7289,45410
7289,45411
7289,45412
7289,45413
7289,45414
7289,45415
7289,45416
7289,45417
7289,45418
7289,45419
7289,45420
7289,45421
7289,45422
7289,45423
7289,45424
7289,45425
7289,45426
7289,45427
7289,45428
7289,45429
7289,45430
7289,45431
7289,45432
7289,45433
7289,45434
7289,45435
7289,45436
7289,45437
7289,45438
7289,45439
7289,45440
7289,45441
7289,45442
7289,45443
7289,45444
7289,45445
7289,45446
7289,45447
7289,45448
7289,45449
7289,45450
7289,45451
7289,45452
7289,45453
7289,45454
7289,45455
7289,45456
7289,45457
7289,45458
7289,45459
7289,45460
7289,45461
7289,45462
7289,45463
7289,45464
7289,45465
7289,45466
7289,45467
7289,45468
7289,45469
7289,45470
7289,45471
7289,45472
7289,45473
7289,45474
7289,45475
7289,45476
7289,45477
7289,45478
7289,45479
7289,45480
7290,45346
7290,45347
7290,45348
7290,45349
7290,45350
7290,45351
7290,45352
7290,45353
7290,45354
7290,45355
7290,45356
7290,45357
7290,45358
7290,45359
7290,45360
7290,45361
7290,45362
7290,45363
7290,45364
7290,45365
7290,45366
7290,45367
7290,45368
7290,45369
7290,45370
7290,45371
7290,45372
7290,45373
7290,45374
7290,45375
7290,45376
7290,45377
7290,45378
7290,45379
7290,45380
7290,45381
7290,45382
7290,45383
7290,45384
7290,45385
7290,45386
7290,45387
7290,45388
7290,45389
7290,45390
7290,45391
7290,45392
7290,45393
7290,45394
7290,45395
7290,45396
7290,45397
7290,45398
7290,45399
7290,45400
7290,45401
7290,45402
7290,45403
7290,45404
7290,45405
7290,45406
7290,45407
7290,45408
7290,45409
7290,45410
7290,45411
7290,45412
7290,45413
7290,45414
7290,45415
7290,45416
7290,45417
7290,45418
7290,45419
7290,45420
7290,45421
7290,45422
7290,45423
7290,45424
7290,45425
7290,45426
7290,45427
7290,45428
7290,45429
7290,45430
7290,45431
7290,45432
7290,45433
7290,45434
7290,45435
7290,45436
7290,45437
7290,45438
7290,45439
7290,45440
7290,45441
7290,45442
7290,45443
7290,45444
7290,45445
7290,45446
7290,45447
7290,45448
7290,45449
7290,45450
7290,45451
7290,45452
7290,45453
7290,45454
7290,45455
7290,45456
7290,45457
7290,45458
7290,45459
7290,45460
7290,45461
7290,45462
7290,45463
7290,45464
7290,45465
7290,45466
7290,45467
7290,45468
7290,45469
7290,45470
7290,45471
7290,45472
7290,45473
7290,45474
7290,45475
7290,45476
7290,45477
7290,45478
7290,45479
7291,45347
7291,45348
7291,45349
7291,45350
7291,45351
7291,45352
7291,45353
7291,45354
7291,45355
7291,45356
7291,45357
7291,45358
7291,45359
7291,45360
7291,45361
7291,45362
7291,45363
7291,45364
7291,45365
7291,45366
7291,45367
7291,45368
7291,45369
7291,45370
7291,45371
7291,45372
7291,45373
7291,45374
7291,45375
7291,45376
7291,45377
7291,45378
7291,45379
7291,45380
7291,45381
7291,45382
7291,45383
7291,45384
7291,45385
7291,45386
7291,45387
7291,45388
7291,45389
7291,45390
7291,45391
7291,45392
7291,45393
7291,45394
7291,45395
7291,45396
7291,45397
7291,45398
7291,45399
7291,45400
7291,45401
7291,45402
7291,45403
7291,45404
7291,45405
7291,45406
7291,45407
7291,45408
7291,45409
7291,45410
7291,45411
7291,45412
7291,45413
7291,45414
7291,45415
7291,45416
7291,45417
7291,45418
7291,45419
7291,45420
7291,45421
7291,45422
7291,45423
7291,45424
7291,45425
7291,45426
7291,45427
7291,45428
7291,45429
7291,45430
7291,45431
7291,45432
7291,45433
7291,45434
7291,45435
7291,45436
7291,45437
7291,45438
7291,45439
7291,45440
7291,45441
7291,45442
7291,45443
7291,45444
7291,45445
7291,45446
7291,45447
7291,45448
7291,45449
7291,45450
7291,45451
7291,45452
7291,45453
7291,45454
7291,45455
7291,45456
7291,45457
7291,45458
7291,45459
7291,45460
7291,45461
7291,45462
7291,45463
7291,45464
7291,45465
7291,45466
7291,45467
7291,45468
7291,45469
7291,45470
7291,45471
7291,45472
7291,45473
7291,45474
7291,45475
7291,45476
7291,45477
7291,45478
7291,45479
7291,45480
7292,45347
7292,45348
7292,45349
7292,45350
7292,45351
7292,45352
7292,45353
7292,45354
7292,45355
7292,45356
7292,45357
7292,45358
7292,45359
7292,45360
7292,45361
7292,45362
7292,45363
7292,45364
7292,45365
7292,45366
7292,45367
7292,45368
7292,45369
7292,45370
7292,45371
7292,45372
7292,45373
7292,45374
7292,45375
7292,45376
7292,45377
7292,45378
7292,45379
7292,45380
7292,45381
7292,45382
7292,45383
7292,45384
7292,45385
7292,45386
7292,45387
7292,45388
7292,45389
7292,45390
7292,45391
7292,45392
7292,45393
7292,45394
7292,45395
7292,45396
7292,45397
7292,45398
7292,45399
7292,45400
7292,45401
7292,45402
7292,45403
7292,45404
7292,45405
7292,45406
7292,45407
7292,45408
7292,45409
7292,45410
7292,45411
7292,45412
7292,45413
7292,45414
7292,45415
7292,45416
7292,45417
7292,45418
7292,45419
7292,45420
7292,45421
7292,45422
7292,45423
7292,45424
7292,45425
7292,45426
7292,45427
7292,45428
7292,45429
7292,45430
7292,45431
7292,45432
7292,45433
7292,45434
7292,45435
7292,45436
7292,45437
7292,45438
7292,45439
7292,45440
7292,45441
7292,45442
7292,45443
7292,45444
7292,45445
7292,45446
7292,45447
7292,45448
7292,45449
7292,45450
7292,45451
7292,45452
7292,45453
7292,45454
7292,45455
7292,45456
7292,45457
7292,45458
7292,45459
7292,45460
7292,45461
7292,45462
7292,45463
7292,45464
7292,45465
7292,45466
7292,45467
7292,45468
7292,45469
7292,45470
7292,45471
7292,45472
7292,45473
7292,45474
7292,45475
7292,45476
7292,45477
7292,45478
7292,45479
7293,45347
7293,45348
7293,45349
7293,45350
7293,45351
7293,45352
7293,45353
7293,45354
7293,45355
7293,45356
7293,45357
7293,45358
7293,45359
7293,45360
7293,45361
7293,45362
7293,45363
7293,45364
7293,45365
7293,45366
7293,45367
7293,45368
7293,45369
7293,45370
7293,45371
7293,45372
7293,45373
7293,45374
7293,45375
7293,45376
7293,45377
7293,45378
7293,45379
7293,45380
7293,45381
7293,45382
7293,45383
7293,45384
7293,45385
7293,45386
7293,45387
7293,45388
7293,45389
7293,45390
7293,45391
7293,45392
7293,45393
7293,45394
7293,45395
7293,45396
7293,45397
7293,45398
7293,45399
7293,45400
7293,45401
7293,45402
7293,45403
7293,45404
7293,45405
7293,45406
7293,45407
7293,45408
7293,45409
7293,45410
7293,45411
7293,45412
7293,45413
7293,45414
7293,45415
7293,45416
7293,45417
7293,45418
7293,45419
7293,45420
7293,45421
7293,45422
7293,45423
7293,45424
7293,45425
7293,45426
7293,45427
7293,45428
7293,45429
7293,45430
7293,45431
7293,45432
7293,45433
7293,45434
7293,45435
7293,45436
7293,45437
7293,45438
7293,45439
7293,45440
7293,45441
7293,45442
7293,45443
7293,45444
7293,45445
7293,45446
7293,45447
7293,45448
7293,45449
7293,45450
7293,45451
7293,45452
7293,45453
7293,45454
7293,45455
7293,45456
7293,45457
7293,45458
7293,45459
7293,45460
7293,45461
7293,45462
7293,45463
7293,45464
7293,45465
7293,45466
7293,45467
7293,45468
7293,45469
7293,45470
7293,45471
7293,45472
7293,45473
7293,45474
7293,45475
7293,45476
7293,45477
7293,45478
7293,45479
7294,45348
7294,45349
7294,45350
7294,45351
7294,45352
7294,45353
7294,45354
7294,45355
7294,45356
7294,45357
7294,45358
7294,45359
7294,45360
7294,45361
7294,45362
7294,45363
7294,45364
7294,45365
7294,45366
7294,45367
7294,45368
7294,45369
7294,45370
7294,45371
7294,45372
7294,45373
7294,45374
7294,45375
7294,45376
7294,45377
7294,45378
7294,45379
7294,45380
7294,45381
7294,45382
7294,45383
7294,45384
7294,45385
7294,45386
7294,45387
7294,45388
7294,45389
7294,45390
7294,45391
7294,45392
7294,45393
7294,45394
7294,45395
7294,45396
7294,45397
7294,45398
7294,45399
7294,45400
7294,45401
7294,45402
7294,45403
7294,45404
7294,45405
7294,45406
7294,45407
7294,45408
7294,45409
7294,45410
7294,45411
7294,45412
7294,45413
7294,45414
7294,45415
7294,45416
7294,45417
7294,45418
7294,45419
7294,45420
7294,45421
7294,45422
7294,45423
7294,45424
7294,45425
7294,45426
7294,45427
7294,45428
7294,45429
7294,45430
7294,45431
7294,45432
7294,45433
7294,45434
7294,45435
7294,45436
7294,45437
7294,45438
7294,45439
7294,45440
7294,45441
7294,45442
7294,45443
7294,45444
7294,45445
7294,45446
7294,45447
7294,45448
7294,45449
7294,45450
7294,45451
7294,45452
7294,45453
7294,45454
7294,45455
7294,45456
7294,45457
7294,45458
7294,45459
7294,45460
7294,45461
7294,45462
7294,45463
7294,45464
7294,45465
7294,45466
7294,45467
7294,45468
7294,45469
7294,45470
7294,45471
7294,45472
7294,45473
7294,45474
7294,45475
7294,45476
7294,45477
7294,45478
7294,45479
7295,45348
7295,45349
7295,45350
7295,45351
7295,45352
7295,45353
7295,45354
7295,45355
7295,45356
7295,45357
7295,45358
7295,45359
7295,45360
7295,45361
7295,45362
7295,45363
7295,45364
7295,45365
7295,45366
7295,45367
7295,45368
7295,45369
7295,45370
7295,45371
7295,45372
7295,45373
7295,45374
7295,45375
7295,45376
7295,45377
7295,45378
7295,45379
7295,45380
7295,45381
7295,45382
7295,45383
7295,45384
7295,45385
7295,45386
7295,45387
7295,45388
7295,45389
7295,45390
7295,45391
7295,45392
7295,45393
7295,45394
7295,45395
7295,45396
7295,45397
7295,45398
7295,45399
7295,45400
7295,45401
7295,45402
7295,45403
7295,45404
7295,45405
7295,45406
7295,45407
7295,45408
7295,45409
7295,45410
7295,45411
7295,45412
7295,45413
7295,45414
7295,45415
7295,45416
7295,45417
7295,45418
7295,45419
7295,45420
7295,45421
7295,45422
7295,45423
7295,45424
7295,45425
7295,45426
7295,45427
7295,45428
7295,45429
7295,45430
7295,45431
7295,45432
7295,45433
7295,45434
7295,45435
7295,45436
7295,45437
7295,45438
7295,45439
7295,45440
7295,45441
7295,45442
7295,45443
7295,45444
7295,45445
7295,45446
7295,45447
7295,45448
7295,45449
7295,45450
7295,45451
7295,45452
7295,45453
7295,45454
7295,45455
7295,45456
7295,45457
7295,45458
7295,45459
7295,45460
7295,45461
7295,45462
7295,45463
7295,45464
7295,45465
7295,45466
7295,45467
7295,45468
7295,45469
7295,45470
7295,45471
7295,45472
7295,45473
7295,45474
7295,45475
7295,45476
7295,45477
7295,45478
7295,45479
7296,45348
7296,45349
7296,45350
7296,45351
7296,45352
7296,45353
7296,45354
7296,45355
7296,45356
7296,45357
7296,45358
7296,45359
7296,45360
7296,45361
7296,45362
7296,45363
7296,45364
7296,45365
7296,45366
7296,45367
7296,45368
7296,45369
7296,45370
7296,45371
7296,45372
7296,45373
7296,45374
7296,45375
7296,45376
7296,45377
7296,45378
7296,45379
7296,45380
7296,45381
7296,45382
7296,45383
7296,45384
7296,45385
7296,45386
7296,45387
7296,45388
7296,45389
7296,45390
7296,45391
7296,45392
7296,45393
7296,45394
7296,45395
7296,45396
7296,45397
7296,45398
7296,45399
7296,45400
7296,45401
7296,45402
7296,45403
7296,45404
7296,45405
7296,45406
7296,45407
7296,45408
7296,45409
7296,45410
7296,45411
7296,45412
7296,45413
7296,45414
7296,45415
7296,45416
7296,45417
7296,45418
7296,45419
7296,45420
7296,45421
7296,45422
7296,45423
7296,45424
7296,45425
7296,45426
7296,45427
7296,45428
7296,45429
7296,45430
7296,45431
7296,45432
7296,45433
7296,45434
7296,45435
7296,45436
7296,45437
7296,45438
7296,45439
7296,45440
7296,45441
7296,45442
7296,45443
7296,45444
7296,45445
7296,45446
7296,45447
7296,45448
7296,45449
7296,45450
7296,45451
7296,45452
7296,45453
7296,45454
7296,45455
7296,45456
7296,45457
7296,45458
7296,45459
7296,45460
7296,45461
7296,45462
7296,45463
7296,45464
7296,45465
7296,45466
7296,45467
7296,45468
7296,45469
7296,45470
7296,45471
7296,45472
7296,45473
7296,45474
7296,45475
7296,45476
7296,45477
7296,45478
7296,45479
7297,45348
7297,45349
7297,45350
7297,45351
7297,45352
7297,45353
7297,45354
7297,45355
7297,45356
7297,45357
7297,45358
7297,45359
7297,45360
7297,45361
7297,45362
7297,45363
7297,45364
7297,45365
7297,45366
7297,45367
7297,45368
7297,45369
7297,45370
7297,45371
7297,45372
7297,45373
7297,45374
7297,45375
7297,45376
7297,45377
7297,45378
7297,45379
7297,45380
7297,45381
7297,45382
7297,45383
7297,45384
7297,45385
7297,45386
7297,45387
7297,45388
7297,45389
7297,45390
7297,45391
7297,45392
7297,45393
7297,45394
7297,45395
7297,45396
7297,45397
7297,45398
7297,45399
7297,45400
7297,45401
7297,45402
7297,45403
7297,45404
7297,45405
7297,45406
7297,45407
7297,45408
7297,45409
7297,45410
7297,45411
7297,45412
7297,45413
7297,45414
7297,45415
7297,45416
7297,45417
7297,45418
7297,45419
7297,45420
7297,45421
7297,45422
7297,45423
7297,45424
7297,45425
7297,45426
7297,45427
7297,45428
7297,45429
7297,45430
7297,45431
7297,45432
7297,45433
7297,45434
7297,45435
7297,45436
7297,45437
7297,45438
7297,45439
7297,45440
7297,45441
7297,45442
7297,45443
7297,45444
7297,45445
7297,45446
7297,45447
7297,45448
7297,45449
7297,45450
7297,45451
7297,45452
7297,45453
7297,45454
7297,45455
7297,45456
7297,45457
7297,45458
7297,45459
7297,45460
7297,45461
7297,45462
7297,45463
7297,45464
7297,45465
7297,45466
7297,45467
7297,45468
7297,45469
7297,45470
7297,45471
7297,45472
7297,45473
7297,45474
7297,45475
7297,45476
7297,45477
7297,45478
7297,45479
7298,45348
7298,45349
7298,45350
7298,45351
7298,45352
7298,45353
7298,45354
7298,45355
7298,45356
7298,45357
7298,45358
7298,45359
7298,45360
7298,45361
7298,45362
7298,45363
7298,45364
7298,45365
7298,45366
7298,45367
7298,45368
7298,45369
7298,45370
7298,45371
7298,45372
7298,45373
7298,45374
7298,45375
7298,45376
7298,45377
7298,45378
7298,45379
7298,45380
7298,45381
7298,45382
7298,45383
7298,45384
7298,45385
7298,45386
7298,45387
7298,45388
7298,45389
7298,45390
7298,45391
7298,45392
7298,45393
7298,45394
7298,45395
7298,45396
7298,45397
7298,45398
7298,45399
7298,45400
7298,45401
7298,45402
7298,45403
7298,45404
7298,45405
7298,45406
7298,45407
7298,45408
7298,45409
7298,45410
7298,45411
7298,45412
7298,45413
7298,45414
7298,45415
7298,45416
7298,45417
7298,45418
7298,45419
7298,45420
7298,45421
7298,45422
7298,45423
7298,45424
7298,45425
7298,45426
7298,45427
7298,45428
7298,45429
7298,45430
7298,45431
7298,45432
7298,45433
7298,45434
7298,45435
7298,45436
7298,45437
7298,45438
7298,45439
7298,45440
7298,45441
7298,45442
7298,45443
7298,45444
7298,45445
7298,45446
7298,45447
7298,45448
7298,45449
7298,45450
7298,45451
7298,45452
7298,45453
7298,45454
7298,45455
7298,45456
7298,45457
7298,45458
7298,45459
7298,45460
7298,45461
7298,45462
7298,45463
7298,45464
7298,45465
7298,45466
7298,45467
7298,45468
7298,45469
7298,45470
7298,45471
7298,45472
7298,45473
7298,45474
7298,45475
7298,45476
7298,45477
7298,45478
7299,45348
7299,45349
7299,45350
7299,45351
7299,45352
7299,45353
7299,45354
7299,45355
7299,45356
7299,45357
7299,45358
7299,45359
7299,45360
7299,45361
7299,45362
7299,45363
7299,45364
7299,45365
7299,45366
7299,45367
7299,45368
7299,45369
7299,45370
7299,45371
7299,45372
7299,45373
7299,45374
7299,45375
7299,45376
7299,45377
7299,45378
7299,45379
7299,45380
7299,45381
7299,45382
7299,45383
7299,45384
7299,45385
7299,45386
7299,45387
7299,45388
7299,45389
7299,45390
7299,45391
7299,45392
7299,45393
7299,45394
7299,45395
7299,45396
7299,45397
7299,45398
7299,45399
7299,45400
7299,45401
7299,45402
7299,45403
7299,45404
7299,45405
7299,45406
7299,45407
7299,45408
7299,45409
7299,45410
7299,45411
7299,45412
7299,45413
7299,45414
7299,45415
7299,45416
7299,45417
7299,45418
7299,45419
7299,45420
7299,45421
7299,45422
7299,45423
7299,45424
7299,45425
7299,45426
7299,45427
7299,45428
7299,45429
7299,45430
7299,45431
7299,45432
7299,45433
7299,45434
7299,45435
7299,45436
7299,45437
7299,45438
7299,45439
7299,45440
7299,45441
7299,45442
7299,45443
7299,45444
7299,45445
7299,45446
7299,45447
7299,45448
7299,45449
7299,45450
7299,45451
7299,45452
7299,45453
7299,45454
7299,45455
7299,45456
7299,45457
7299,45458
7299,45459
7299,45460
7299,45461
7299,45462
7299,45463
7299,45464
7299,45465
7299,45466
7299,45467
7299,45468
7299,45469
7299,45470
7299,45471
7299,45472
7299,45473
7299,45474
7299,45475
7299,45476
7299,45477
7299,45478
7300,45348
7300,45349
7300,45350
7300,45351
7300,45352
7300,45353
7300,45354
7300,45355
7300,45356
7300,45357
7300,45358
7300,45359
7300,45360
7300,45361
7300,45362
7300,45363
7300,45364
7300,45365
7300,45366
7300,45367
7300,45368
7300,45369
7300,45370
7300,45371
7300,45372
7300,45373
7300,45374
7300,45375
7300,45376
7300,45377
7300,45378
7300,45379
7300,45380
7300,45381
7300,45382
7300,45383
7300,45384
7300,45385
7300,45386
7300,45387
7300,45388
7300,45389
7300,45390
7300,45391
7300,45392
7300,45393
7300,45394
7300,45395
7300,45396
7300,45397
7300,45398
7300,45399
7300,45400
7300,45401
7300,45402
7300,45403
7300,45404
7300,45405
7300,45406
7300,45407
7300,45408
7300,45409
7300,45410
7300,45411
7300,45412
7300,45413
7300,45414
7300,45415
7300,45416
7300,45417
7300,45418
7300,45419
7300,45420
7300,45421
7300,45422
7300,45423
7300,45424
7300,45425
7300,45426
7300,45427
7300,45428
7300,45429
7300,45430
7300,45431
7300,45432
7300,45433
7300,45434
7300,45435
7300,45436
7300,45437
7300,45438
7300,45439
7300,45440
7300,45441
7300,45442
7300,45443
7300,45444
7300,45445
7300,45446
7300,45447
7300,45448
7300,45449
7300,45450
7300,45451
7300,45452
7300,45453
7300,45454
7300,45455
7300,45456
7300,45457
7300,45458
7300,45459
7300,45460
7300,45461
7300,45462
7300,45463
7300,45464
7300,45465
7300,45466
7300,45467
7300,45468
7300,45469
7300,45470
7300,45471
7300,45472
7300,45473
7300,45474
7300,45475
7300,45476
7300,45477
7300,45478
7301,45347
7301,45348
7301,45349
7301,45350
7301,45351
7301,45352
7301,45353
7301,45354
7301,45355
7301,45356
7301,45357
7301,45358
7301,45359
7301,45360
7301,45361
7301,45362
7301,45363
7301,45364
7301,45365
7301,45366
7301,45367
7301,45368
7301,45369
7301,45370
7301,45371
7301,45372
7301,45373
7301,45374
7301,45375
7301,45376
7301,45377
7301,45378
7301,45379
7301,45380
7301,45381
7301,45382
7301,45383
7301,45384
7301,45385
7301,45386
7301,45387
7301,45388
7301,45389
7301,45390
7301,45391
7301,45392
7301,45393
7301,45394
7301,45395
7301,45396
7301,45397
7301,45398
7301,45399
7301,45400
7301,45401
7301,45402
7301,45403
7301,45404
7301,45405
7301,45406
7301,45407
7301,45408
7301,45409
7301,45410
7301,45411
7301,45412
7301,45413
7301,45414
7301,45415
7301,45416
7301,45417
7301,45418
7301,45419
7301,45420
7301,45421
7301,45422
7301,45423
7301,45424
7301,45425
7301,45426
7301,45427
7301,45428
7301,45429
7301,45430
7301,45431
7301,45432
7301,45433
7301,45434
7301,45435
7301,45436
7301,45437
7301,45438
7301,45439
7301,45440
7301,45441
7301,45442
7301,45443
7301,45444
7301,45445
7301,45446
7301,45447
7301,45448
7301,45449
7301,45450
7301,45451
7301,45452
7301,45453
7301,45454
7301,45455
7301,45456
7301,45457
7301,45458
7301,45459
7301,45460
7301,45461
7301,45462
7301,45463
7301,45464
7301,45465
7301,45466
7301,45467
7301,45468
7301,45469
7301,45470
7301,45471
7301,45472
7301,45473
7301,45474
7301,45475
7301,45476
7301,45477
7302,45347
7302,45348
7302,45349
7302,45350
7302,45351
7302,45352
7302,45353
7302,45354
7302,45355
7302,45356
7302,45357
7302,45358
7302,45359
7302,45360
7302,45361
7302,45362
7302,45363
7302,45364
7302,45365
7302,45366
7302,45367
7302,45368
7302,45369
7302,45370
7302,45371
7302,45372
7302,45373
7302,45374
7302,45375
7302,45376
7302,45377
7302,45378
7302,45379
7302,45380
7302,45381
7302,45382
7302,45383
7302,45384
7302,45385
7302,45386
7302,45387
7302,45388
7302,45389
7302,45390
7302,45391
7302,45392
7302,45393
7302,45394
7302,45395
7302,45396
7302,45397
7302,45398
7302,45399
7302,45400
7302,45401
7302,45402
7302,45403
7302,45404
7302,45405
7302,45406
7302,45407
7302,45408
7302,45409
7302,45410
7302,45411
7302,45412
7302,45413
7302,45414
7302,45415
7302,45416
7302,45417
7302,45418
7302,45419
7302,45420
7302,45421
7302,45422
7302,45423
7302,45424
7302,45425
7302,45426
7302,45427
7302,45428
7302,45429
7302,45430
7302,45431
7302,45432
7302,45433
7302,45434
7302,45435
7302,45436
7302,45437
7302,45438
7302,45439
7302,45440
7302,45441
7302,45442
7302,45443
7302,45444
7302,45445
7302,45446
7302,45447
7302,45448
7302,45449
7302,45450
7302,45451
7302,45452
7302,45453
7302,45454
7302,45455
7302,45456
7302,45457
7302,45458
7302,45459
7302,45460
7302,45461
7302,45462
7302,45463
7302,45464
7302,45465
7302,45466
7302,45467
7302,45468
7302,45469
7302,45470
7302,45471
7302,45472
7302,45473
7302,45474
7302,45475
7302,45476
7302,45477
7303,45348
7303,45349
7303,45350
7303,45351
7303,45352
7303,45353
7303,45354
7303,45355
7303,45356
7303,45357
7303,45358
7303,45359
7303,45360
7303,45361
7303,45362
7303,45363
7303,45364
7303,45365
7303,45366
7303,45367
7303,45368
7303,45369
7303,45370
7303,45371
7303,45372
7303,45373
7303,45374
7303,45375
7303,45376
7303,45377
7303,45378
7303,45379
7303,45380
7303,45381
7303,45382
7303,45383
7303,45384
7303,45385
7303,45386
7303,45387
7303,45388
7303,45389
7303,45390
7303,45391
7303,45392
7303,45393
7303,45394
7303,45395
7303,45396
7303,45397
7303,45398
7303,45399
7303,45400
7303,45401
7303,45402
7303,45403
7303,45404
7303,45405
7303,45406
7303,45407
7303,45408
7303,45409
7303,45410
7303,45411
7303,45412
7303,45413
7303,45414
7303,45415
7303,45416
7303,45417
7303,45418
7303,45419
7303,45420
7303,45421
7303,45422
7303,45423
7303,45424
7303,45425
7303,45426
7303,45427
7303,45428
7303,45429
7303,45430
7303,45431
7303,45432
7303,45433
7303,45434
7303,45435
7303,45436
7303,45437
7303,45438
7303,45439
7303,45440
7303,45441
7303,45442
7303,45443
7303,45444
7303,45445
7303,45446
7303,45447
7303,45448
7303,45449
7303,45450
7303,45451
7303,45452
7303,45453
7303,45454
7303,45455
7303,45456
7303,45457
7303,45458
7303,45459
7303,45460
7303,45461
7303,45462
7303,45463
7303,45464
7303,45465
7303,45466
7303,45467
7303,45468
7303,45469
7303,45470
7303,45471
7303,45472
7303,45473
7303,45474
7303,45475
7303,45476
7303,45477
7304,45348
7304,45349
7304,45350
7304,45351
7304,45352
7304,45353
7304,45354
7304,45355
7304,45356
7304,45357
7304,45358
7304,45359
7304,45360
7304,45361
7304,45362
7304,45363
7304,45364
7304,45365
7304,45366
7304,45367
7304,45368
7304,45369
7304,45370
7304,45371
7304,45372
7304,45373
7304,45374
7304,45375
7304,45376
7304,45377
7304,45378
7304,45379
7304,45380
7304,45381
7304,45382
7304,45383
7304,45384
7304,45385
7304,45386
7304,45387
7304,45388
7304,45389
7304,45390
7304,45391
7304,45392
7304,45393
7304,45394
7304,45395
7304,45396
7304,45397
7304,45398
7304,45399
7304,45400
7304,45401
7304,45402
7304,45403
7304,45404
7304,45405
7304,45406
7304,45407
7304,45408
7304,45409
7304,45410
7304,45411
7304,45412
7304,45413
7304,45414
7304,45415
7304,45416
7304,45417
7304,45418
7304,45419
7304,45420
7304,45421
7304,45422
7304,45423
7304,45424
7304,45425
7304,45426
7304,45427
7304,45428
7304,45429
7304,45430
7304,45431
7304,45432
7304,45433
7304,45434
7304,45435
7304,45436
7304,45437
7304,45438
7304,45439
7304,45440
7304,45441
7304,45442
7304,45443
7304,45444
7304,45445
7304,45446
7304,45447
7304,45448
7304,45449
7304,45450
7304,45451
7304,45452
7304,45453
7304,45454
7304,45455
7304,45456
7304,45457
7304,45458
7304,45459
7304,45460
7304,45461
7304,45462
7304,45463
7304,45464
7304,45465
7304,45466
7304,45467
7304,45468
7304,45469
7304,45470
7304,45471
7304,45472
7304,45473
7304,45474
7304,45475
7304,45476
7305,45347
7305,45348
7305,45349
7305,45350
7305,45351
7305,45352
7305,45353
7305,45354
7305,45355
7305,45356
7305,45357
7305,45358
7305,45359
7305,45360
7305,45361
7305,45362
7305,45363
7305,45364
7305,45365
7305,45366
7305,45367
7305,45368
7305,45369
7305,45370
7305,45371
7305,45372
7305,45373
7305,45374
7305,45375
7305,45376
7305,45377
7305,45378
7305,45379
7305,45380
7305,45381
7305,45382
7305,45383
7305,45384
7305,45385
7305,45386
7305,45387
7305,45388
7305,45389
7305,45390
7305,45391
7305,45392
7305,45393
7305,45394
7305,45395
7305,45396
7305,45397
7305,45398
7305,45399
7305,45400
7305,45401
7305,45402
7305,45403
7305,45404
7305,45405
7305,45406
7305,45407
7305,45408
7305,45409
7305,45410
7305,45411
7305,45412
7305,45413
7305,45414
7305,45415
7305,45416
7305,45417
7305,45418
7305,45419
7305,45420
7305,45421
7305,45422
7305,45423
7305,45424
7305,45425
7305,45426
7305,45427
7305,45428
7305,45429
7305,45430
7305,45431
7305,45432
7305,45433
7305,45434
7305,45435
7305,45436
7305,45437
7305,45438
7305,45439
7305,45440
7305,45441
7305,45442
7305,45443
7305,45444
7305,45445
7305,45446
7305,45447
7305,45448
7305,45449
7305,45450
7305,45451
7305,45452
7305,45453
7305,45454
7305,45455
7305,45456
7305,45457
7305,45458
7305,45459
7305,45460
7305,45461
7305,45462
7305,45463
7305,45464
7305,45465
7305,45466
7305,45467
7305,45468
7305,45469
7305,45470
7305,45471
7305,45472
7305,45473
7305,45474
7305,45475
7305,45476
7306,45346
7306,45347
7306,45348
7306,45349
7306,45350
7306,45351
7306,45352
7306,45353
7306,45354
7306,45355
7306,45356
7306,45357
7306,45358
7306,45359
7306,45360
7306,45361
7306,45362
7306,45363
7306,45364
7306,45365
7306,45366
7306,45367
7306,45368
7306,45369
7306,45370
7306,45371
7306,45372
7306,45373
7306,45374
7306,45375
7306,45376
7306,45377
7306,45378
7306,45379
7306,45380
7306,45381
7306,45382
7306,45383
7306,45384
7306,45385
7306,45386
7306,45387
7306,45388
7306,45389
7306,45390
7306,45391
7306,45392
7306,45393
7306,45394
7306,45395
7306,45396
7306,45397
7306,45398
7306,45399
7306,45400
7306,45401
7306,45402
7306,45403
7306,45404
7306,45405
7306,45406
7306,45407
7306,45408
7306,45409
7306,45410
7306,45411
7306,45412
7306,45413
7306,45414
7306,45415
7306,45416
7306,45417
7306,45418
7306,45419
7306,45420
7306,45421
7306,45422
7306,45423
7306,45424
7306,45425
7306,45426
7306,45427
7306,45428
7306,45429
7306,45430
7306,45431
7306,45432
7306,45433
7306,45434
7306,45435
7306,45436
7306,45437
7306,45438
7306,45439
7306,45440
7306,45441
7306,45442
7306,45443
7306,45444
7306,45445
7306,45446
7306,45447
7306,45448
7306,45449
7306,45450
7306,45451
7306,45452
7306,45453
7306,45454
7306,45455
7306,45456
7306,45457
7306,45458
7306,45459
7306,45460
7306,45461
7306,45462
7306,45463
7306,45464
7306,45465
7306,45466
7306,45467
7306,45468
7306,45469
7306,45470
7306,45471
7306,45472
7306,45473
7306,45474
7306,45475
7306,45476
7306,45477
7307,45345
7307,45346
7307,45347
7307,45348
7307,45349
7307,45350
7307,45351
7307,45352
7307,45353
7307,45354
7307,45355
7307,45356
7307,45357
7307,45358
7307,45359
7307,45360
7307,45361
7307,45362
7307,45363
7307,45364
7307,45365
7307,45366
7307,45367
7307,45368
7307,45369
7307,45370
7307,45371
7307,45372
7307,45373
7307,45374
7307,45375
7307,45376
7307,45377
7307,45378
7307,45379
7307,45380
7307,45381
7307,45382
7307,45383
7307,45384
7307,45385
7307,45386
7307,45387
7307,45388
7307,45389
7307,45390
7307,45391
7307,45392
7307,45393
7307,45394
7307,45395
7307,45396
7307,45397
7307,45398
7307,45399
7307,45400
7307,45401
7307,45402
7307,45403
7307,45404
7307,45405
7307,45406
7307,45407
7307,45408
7307,45409
7307,45410
7307,45411
7307,45412
7307,45413
7307,45414
7307,45415
7307,45416
7307,45417
7307,45418
7307,45419
7307,45420
7307,45421
7307,45422
7307,45423
7307,45424
7307,45425
7307,45426
7307,45427
7307,45428
7307,45429
7307,45430
7307,45431
7307,45432
7307,45433
7307,45434
7307,45435
7307,45436
7307,45437
7307,45438
7307,45439
7307,45440
7307,45441
7307,45442
7307,45443
7307,45444
7307,45445
7307,45446
7307,45447
7307,45448
7307,45449
7307,45450
7307,45451
7307,45452
7307,45453
7307,45454
7307,45455
7307,45456
7307,45457
7307,45458
7307,45459
7307,45460
7307,45461
7307,45462
7307,45463
7307,45464
7307,45465
7307,45466
7307,45467
7307,45468
7307,45469
7307,45470
7307,45471
7307,45472
7307,45473
7307,45474
7307,45475
7307,45476
7307,45477
7307,45478
7308,45344
7308,45345
7308,45346
7308,45347
7308,45348
7308,45349
7308,45350
7308,45351
7308,45352
7308,45353
7308,45354
7308,45355
7308,45356
7308,45357
7308,45358
7308,45359
7308,45360
7308,45361
7308,45362
7308,45363
7308,45364
7308,45365
7308,45366
7308,45367
7308,45368
7308,45369
7308,45370
7308,45371
7308,45372
7308,45373
7308,45374
7308,45375
7308,45376
7308,45377
7308,45378
7308,45379
7308,45380
7308,45381
7308,45382
7308,45383
7308,45384
7308,45385
7308,45386
7308,45387
7308,45388
7308,45389
7308,45390
7308,45391
7308,45392
7308,45393
7308,45394
7308,45395
7308,45396
7308,45397
7308,45398
7308,45399
7308,45400
7308,45401
7308,45402
7308,45403
7308,45404
7308,45405
7308,45406
7308,45407
7308,45408
7308,45409
7308,45410
7308,45411
7308,45412
7308,45413
7308,45414
7308,45415
7308,45416
7308,45417
7308,45418
7308,45419
7308,45420
7308,45421
7308,45422
7308,45423
7308,45424
7308,45425
7308,45426
7308,45427
7308,45428
7308,45429
7308,45430
7308,45431
7308,45432
7308,45433
7308,45434
7308,45435
7308,45436
7308,45437
7308,45438
7308,45439
7308,45440
7308,45441
7308,45442
7308,45443
7308,45444
7308,45445
7308,45446
7308,45447
7308,45448
7308,45449
7308,45450
7308,45451
7308,45452
7308,45453
7308,45454
7308,45455
7308,45456
7308,45457
7308,45458
7308,45459
7308,45460
7308,45461
7308,45462
7308,45463
7308,45464
7308,45465
7308,45466
7308,45467
7308,45468
7308,45469
7308,45470
7308,45471
7308,45472
7308,45473
7308,45474
7308,45475
7308,45476
7308,45477
7308,45478
7309,45343
7309,45344
7309,45345
7309,45346
7309,45347
7309,45348
7309,45349
7309,45350
7309,45351
7309,45352
7309,45353
7309,45354
7309,45355
7309,45356
7309,45357
7309,45358
7309,45359
7309,45360
7309,45361
7309,45362
7309,45363
7309,45364
7309,45365
7309,45366
7309,45367
7309,45368
7309,45369
7309,45370
7309,45371
7309,45372
7309,45373
7309,45374
7309,45375
7309,45376
7309,45377
7309,45378
7309,45379
7309,45380
7309,45381
7309,45382
7309,45383
7309,45384
7309,45385
7309,45386
7309,45387
7309,45388
7309,45389
7309,45390
7309,45391
7309,45392
7309,45393
7309,45394
7309,45395
7309,45396
7309,45397
7309,45398
7309,45399
7309,45400
7309,45401
7309,45402
7309,45403
7309,45404
7309,45405
7309,45406
7309,45407
7309,45408
7309,45409
7309,45410
7309,45411
7309,45412
7309,45413
7309,45414
7309,45415
7309,45416
7309,45417
7309,45418
7309,45419
7309,45420
7309,45421
7309,45422
7309,45423
7309,45424
7309,45425
7309,45426
7309,45427
7309,45428
7309,45429
7309,45430
7309,45431
7309,45432
7309,45433
7309,45434
7309,45435
7309,45436
7309,45437
7309,45438
7309,45439
7309,45440
7309,45441
7309,45442
7309,45443
7309,45444
7309,45445
7309,45446
7309,45447
7309,45448
7309,45449
7309,45450
7309,45451
7309,45452
7309,45453
7309,45454
7309,45455
7309,45456
7309,45457
7309,45458
7309,45459
7309,45460
7309,45461
7309,45462
7309,45463
7309,45464
7309,45465
7309,45466
7309,45467
7309,45468
7309,45469
7309,45470
7309,45471
7309,45472
7309,45473
7309,45474
7309,45475
7309,45476
7309,45477
7309,45478
7310,45342
7310,45343
7310,45344
7310,45345
7310,45346
7310,45347
7310,45348
7310,45349
7310,45350
7310,45351
7310,45352
7310,45353
7310,45354
7310,45355
7310,45356
7310,45357
7310,45358
7310,45359
7310,45360
7310,45361
7310,45362
7310,45363
7310,45364
7310,45365
7310,45366
7310,45367
7310,45368
7310,45369
7310,45370
7310,45371
7310,45372
7310,45373
7310,45374
7310,45375
7310,45376
7310,45377
7310,45378
7310,45379
7310,45380
7310,45381
7310,45382
7310,45383
7310,45384
7310,45385
7310,45386
7310,45387
7310,45388
7310,45389
7310,45390
7310,45391
7310,45392
7310,45393
7310,45394
7310,45395
7310,45396
7310,45397
7310,45398
7310,45399
7310,45400
7310,45401
7310,45402
7310,45403
7310,45404
7310,45405
7310,45406
7310,45407
7310,45408
7310,45409
7310,45410
7310,45411
7310,45412
7310,45413
7310,45414
7310,45415
7310,45416
7310,45417
7310,45418
7310,45419
7310,45420
7310,45421
7310,45422
7310,45423
7310,45424
7310,45425
7310,45426
7310,45427
7310,45428
7310,45429
7310,45430
7310,45431
7310,45432
7310,45433
7310,45434
7310,45435
7310,45436
7310,45437
7310,45438
7310,45439
7310,45440
7310,45441
7310,45442
7310,45443
7310,45444
7310,45445
7310,45446
7310,45447
7310,45448
7310,45449
7310,45450
7310,45451
7310,45452
7310,45453
7310,45454
7310,45455
7310,45456
7310,45457
7310,45458
7310,45459
7310,45460
7310,45461
7310,45462
7310,45463
7310,45464
7310,45465
7310,45466
7310,45467
7310,45468
7310,45469
7310,45470
7310,45471
7310,45472
7310,45473
7310,45474
7310,45475
7310,45476
7310,45477
7310,45478
7310,45479
7311,45342
7311,45343
7311,45344
7311,45345
7311,45346
7311,45347
7311,45348
7311,45349
7311,45350
7311,45351
7311,45352
7311,45353
7311,45354
7311,45355
7311,45356
7311,45357
7311,45358
7311,45359
7311,45360
7311,45361
7311,45362
7311,45363
7311,45364
7311,45365
7311,45366
7311,45367
7311,45368
7311,45369
7311,45370
7311,45371
7311,45372
7311,45373
7311,45374
7311,45375
7311,45376
7311,45377
7311,45378
7311,45379
7311,45380
7311,45381
7311,45382
7311,45383
7311,45384
7311,45385
7311,45386
7311,45387
7311,45388
7311,45389
7311,45390
7311,45391
7311,45392
7311,45393
7311,45394
7311,45395
7311,45396
7311,45397
7311,45398
7311,45399
7311,45400
7311,45401
7311,45402
7311,45403
7311,45404
7311,45405
7311,45406
7311,45407
7311,45408
7311,45409
7311,45410
7311,45411
7311,45412
7311,45413
7311,45414
7311,45415
7311,45416
7311,45417
7311,45418
7311,45419
7311,45420
7311,45421
7311,45422
7311,45423
7311,45424
7311,45425
7311,45426
7311,45427
7311,45428
7311,45429
7311,45430
7311,45431
7311,45432
7311,45433
7311,45434
7311,45435
7311,45436
7311,45437
7311,45438
7311,45439
7311,45440
7311,45441
7311,45442
7311,45443
7311,45444
7311,45445
7311,45446
7311,45447
7311,45448
7311,45449
7311,45450
7311,45451
7311,45452
7311,45453
7311,45454
7311,45455
7311,45456
7311,45457
7311,45458
7311,45459
7311,45460
7311,45461
7311,45462
7311,45463
7311,45464
7311,45465
7311,45466
7311,45467
7311,45468
7311,45469
7311,45470
7311,45471
7311,45472
7311,45473
7311,45474
7311,45475
7311,45476
7311,45477
7311,45478
7312,45342
7312,45343
7312,45344
7312,45345
7312,45346
7312,45347
7312,45348
7312,45349
7312,45350
7312,45351
7312,45352
7312,45353
7312,45354
7312,45355
7312,45356
7312,45357
7312,45358
7312,45359
7312,45360
7312,45361
7312,45362
7312,45363
7312,45364
7312,45365
7312,45366
7312,45367
7312,45368
7312,45369
7312,45370
7312,45371
7312,45372
7312,45373
7312,45374
7312,45375
7312,45376
7312,45377
7312,45378
7312,45379
7312,45380
7312,45381
7312,45382
7312,45383
7312,45384
7312,45385
7312,45386
7312,45387
7312,45388
7312,45389
7312,45390
7312,45391
7312,45392
7312,45393
7312,45394
7312,45395
7312,45396
7312,45397
7312,45398
7312,45399
7312,45400
7312,45401
7312,45402
7312,45403
7312,45404
7312,45405
7312,45406
7312,45407
7312,45408
7312,45409
7312,45410
7312,45411
7312,45412
7312,45413
7312,45414
7312,45415
7312,45416
7312,45417
7312,45418
7312,45419
7312,45420
7312,45421
7312,45422
7312,45423
7312,45424
7312,45425
7312,45426
7312,45427
7312,45428
7312,45429
7312,45430
7312,45431
7312,45432
7312,45433
7312,45434
7312,45435
7312,45436
7312,45437
7312,45438
7312,45439
7312,45440
7312,45441
7312,45442
7312,45443
7312,45444
7312,45445
7312,45446
7312,45447
7312,45448
7312,45449
7312,45450
7312,45451
7312,45452
7312,45453
7312,45454
7312,45455
7312,45456
7312,45457
7312,45458
7312,45459
7312,45460
7312,45461
7312,45462
7312,45463
7312,45464
7312,45465
7312,45466
7312,45467
7312,45468
7312,45469
7312,45470
7312,45471
7312,45472
7312,45473
7312,45474
7312,45475
7312,45476
7312,45477
7312,45478
7313,45341
7313,45342
7313,45343
7313,45344
7313,45345
7313,45346
7313,45347
7313,45348
7313,45349
7313,45350
7313,45351
7313,45352
7313,45353
7313,45354
7313,45355
7313,45356
7313,45357
7313,45358
7313,45359
7313,45360
7313,45361
7313,45362
7313,45363
7313,45364
7313,45365
7313,45366
7313,45367
7313,45368
7313,45369
7313,45370
7313,45371
7313,45372
7313,45373
7313,45374
7313,45375
7313,45376
7313,45377
7313,45378
7313,45379
7313,45380
7313,45381
7313,45382
7313,45383
7313,45384
7313,45385
7313,45386
7313,45387
7313,45388
7313,45389
7313,45390
7313,45391
7313,45392
7313,45393
7313,45394
7313,45395
7313,45396
7313,45397
7313,45398
7313,45399
7313,45400
7313,45401
7313,45402
7313,45403
7313,45404
7313,45405
7313,45406
7313,45407
7313,45408
7313,45409
7313,45410
7313,45411
7313,45412
7313,45413
7313,45414
7313,45415
7313,45416
7313,45417
7313,45418
7313,45419
7313,45420
7313,45421
7313,45422
7313,45423
7313,45424
7313,45425
7313,45426
7313,45427
7313,45428
7313,45429
7313,45430
7313,45431
7313,45432
7313,45433
7313,45434
7313,45435
7313,45436
7313,45437
7313,45438
7313,45439
7313,45440
7313,45441
7313,45442
7313,45443
7313,45444
7313,45445
7313,45446
7313,45447
7313,45448
7313,45449
7313,45450
7313,45451
7313,45452
7313,45453
7313,45454
7313,45455
7313,45456
7313,45457
7313,45458
7313,45459
7313,45460
7313,45461
7313,45462
7313,45463
7313,45464
7313,45465
7313,45466
7313,45467
7313,45468
7313,45469
7313,45470
7313,45471
7313,45472
7313,45473
7313,45474
7313,45475
7313,45476
7313,45477
7313,45478
7314,45341
7314,45342
7314,45343
7314,45344
7314,45345
7314,45346
7314,45347
7314,45348
7314,45349
7314,45350
7314,45351
7314,45352
7314,45353
7314,45354
7314,45355
7314,45356
7314,45357
7314,45358
7314,45359
7314,45360
7314,45361
7314,45362
7314,45363
7314,45364
7314,45365
7314,45366
7314,45367
7314,45368
7314,45369
7314,45370
7314,45371
7314,45372
7314,45373
7314,45374
7314,45375
7314,45376
7314,45377
7314,45378
7314,45379
7314,45380
7314,45381
7314,45382
7314,45383
7314,45384
7314,45385
7314,45386
7314,45387
7314,45388
7314,45389
7314,45390
7314,45391
7314,45392
7314,45393
7314,45394
7314,45395
7314,45396
7314,45397
7314,45398
7314,45399
7314,45400
7314,45401
7314,45402
7314,45403
7314,45404
7314,45405
7314,45406
7314,45407
7314,45408
7314,45409
7314,45410
7314,45411
7314,45412
7314,45413
7314,45414
7314,45415
7314,45416
7314,45417
7314,45418
7314,45419
7314,45420
7314,45421
7314,45422
7314,45423
7314,45424
7314,45425
7314,45426
7314,45427
7314,45428
7314,45429
7314,45430
7314,45431
7314,45432
7314,45433
7314,45434
7314,45435
7314,45436
7314,45437
7314,45438
7314,45439
7314,45440
7314,45441
7314,45442
7314,45443
7314,45444
7314,45445
7314,45446
7314,45447
7314,45448
7314,45449
7314,45450
7314,45451
7314,45452
7314,45453
7314,45454
7314,45455
7314,45456
7314,45457
7314,45458
7314,45459
7314,45460
7314,45461
7314,45462
7314,45463
7314,45464
7314,45465
7314,45466
7314,45467
7314,45468
7314,45469
7314,45470
7314,45471
7314,45472
7314,45473
7314,45474
7314,45475
7314,45476
7314,45477
7314,45478
7314,45479
7315,45342
7315,45343
7315,45344
7315,45345
7315,45346
7315,45347
7315,45348
7315,45349
7315,45350
7315,45351
7315,45352
7315,45353
7315,45354
7315,45355
7315,45356
7315,45357
7315,45358
7315,45359
7315,45360
7315,45361
7315,45362
7315,45363
7315,45364
7315,45365
7315,45366
7315,45367
7315,45368
7315,45369
7315,45370
7315,45371
7315,45372
7315,45373
7315,45374
7315,45375
7315,45376
7315,45377
7315,45378
7315,45379
7315,45380
7315,45381
7315,45382
7315,45383
7315,45384
7315,45385
7315,45386
7315,45387
7315,45388
7315,45389
7315,45390
7315,45391
7315,45392
7315,45393
7315,45394
7315,45395
7315,45396
7315,45397
7315,45398
7315,45399
7315,45400
7315,45401
7315,45402
7315,45403
7315,45404
7315,45405
7315,45406
7315,45407
7315,45408
7315,45409
7315,45410
7315,45411
7315,45412
7315,45413
7315,45414
7315,45415
7315,45416
7315,45417
7315,45418
7315,45419
7315,45420
7315,45421
7315,45422
7315,45423
7315,45424
7315,45425
7315,45426
7315,45427
7315,45428
7315,45429
7315,45430
7315,45431
7315,45432
7315,45433
7315,45434
7315,45435
7315,45436
7315,45437
7315,45438
7315,45439
7315,45440
7315,45441
7315,45442
7315,45443
7315,45444
7315,45445
7315,45446
7315,45447
7315,45448
7315,45449
7315,45450
7315,45451
7315,45452
7315,45453
7315,45454
7315,45455
7315,45456
7315,45457
7315,45458
7315,45459
7315,45460
7315,45461
7315,45462
7315,45463
7315,45464
7315,45465
7315,45466
7315,45467
7315,45468
7315,45469
7315,45470
7315,45471
7315,45472
7315,45473
7315,45474
7315,45475
7315,45476
7315,45477
7315,45478
7315,45479
7316,45342
7316,45343
7316,45344
7316,45345
7316,45346
7316,45347
7316,45348
7316,45349
7316,45350
7316,45351
7316,45352
7316,45353
7316,45354
7316,45355
7316,45356
7316,45357
7316,45358
7316,45359
7316,45360
7316,45361
7316,45362
7316,45363
7316,45364
7316,45365
7316,45366
7316,45367
7316,45368
7316,45369
7316,45370
7316,45371
7316,45372
7316,45373
7316,45374
7316,45375
7316,45376
7316,45377
7316,45378
7316,45379
7316,45380
7316,45381
7316,45382
7316,45383
7316,45384
7316,45385
7316,45386
7316,45387
7316,45388
7316,45389
7316,45390
7316,45391
7316,45392
7316,45393
7316,45394
7316,45395
7316,45396
7316,45397
7316,45398
7316,45399
7316,45400
7316,45401
7316,45402
7316,45403
7316,45404
7316,45405
7316,45406
7316,45407
7316,45408
7316,45409
7316,45410
7316,45411
7316,45412
7316,45413
7316,45414
7316,45415
7316,45416
7316,45417
7316,45418
7316,45419
7316,45420
7316,45421
7316,45422
7316,45423
7316,45424
7316,45425
7316,45426
7316,45427
7316,45428
7316,45429
7316,45430
7316,45431
7316,45432
7316,45433
7316,45434
7316,45435
7316,45436
7316,45437
7316,45438
7316,45439
7316,45440
7316,45441
7316,45442
7316,45443
7316,45444
7316,45445
7316,45446
7316,45447
7316,45448
7316,45449
7316,45450
7316,45451
7316,45452
7316,45453
7316,45454
7316,45455
7316,45456
7316,45457
7316,45458
7316,45459
7316,45460
7316,45461
7316,45462
7316,45463
7316,45464
7316,45465
7316,45466
7316,45467
7316,45468
7316,45469
7316,45470
7316,45471
7316,45472
7316,45473
7316,45474
7316,45475
7316,45476
7316,45477
7316,45478
7317,45342
7317,45343
7317,45344
7317,45345
7317,45346
7317,45347
7317,45348
7317,45349
7317,45350
7317,45351
7317,45352
7317,45353
7317,45354
7317,45355
7317,45356
7317,45357
7317,45358
7317,45359
7317,45360
7317,45361
7317,45362
7317,45363
7317,45364
7317,45365
7317,45366
7317,45367
7317,45368
7317,45369
7317,45370
7317,45371
7317,45372
7317,45373
7317,45374
7317,45375
7317,45376
7317,45377
7317,45378
7317,45379
7317,45380
7317,45381
7317,45382
7317,45383
7317,45384
7317,45385
7317,45386
7317,45387
7317,45388
7317,45389
7317,45390
7317,45391
7317,45392
7317,45393
7317,45394
7317,45395
7317,45396
7317,45397
7317,45398
7317,45399
7317,45400
7317,45401
7317,45402
7317,45403
7317,45404
7317,45405
7317,45406
7317,45407
7317,45408
7317,45409
7317,45410
7317,45411
7317,45412
7317,45413
7317,45414
7317,45415
7317,45416
7317,45417
7317,45418
7317,45419
7317,45420
7317,45421
7317,45422
7317,45423
7317,45424
7317,45425
7317,45426
7317,45427
7317,45428
7317,45429
7317,45430
7317,45431
7317,45432
7317,45433
7317,45434
7317,45435
7317,45436
7317,45437
7317,45438
7317,45439
7317,45440
7317,45441
7317,45442
7317,45443
7317,45444
7317,45445
7317,45446
7317,45447
7317,45448
7317,45449
7317,45450
7317,45451
7317,45452
7317,45453
7317,45454
7317,45455
7317,45456
7317,45457
7317,45458
7317,45459
7317,45460
7317,45461
7317,45462
7317,45463
7317,45464
7317,45465
7317,45466
7317,45467
7317,45468
7317,45469
7317,45470
7317,45471
7317,45472
7317,45473
7317,45474
7317,45475
7317,45476
7317,45477
7317,45478
7318,45343
7318,45344
7318,45345
7318,45346
7318,45347
7318,45348
7318,45349
7318,45350
7318,45351
7318,45352
7318,45353
7318,45354
7318,45355
7318,45356
7318,45357
7318,45358
7318,45359
7318,45360
7318,45361
7318,45362
7318,45363
7318,45364
7318,45365
7318,45366
7318,45367
7318,45368
7318,45369
7318,45370
7318,45371
7318,45372
7318,45373
7318,45374
7318,45375
7318,45376
7318,45377
7318,45378
7318,45379
7318,45380
7318,45381
7318,45382
7318,45383
7318,45384
7318,45385
7318,45386
7318,45387
7318,45388
7318,45389
7318,45390
7318,45391
7318,45392
7318,45393
7318,45394
7318,45395
7318,45396
7318,45397
7318,45398
7318,45399
7318,45400
7318,45401
7318,45402
7318,45403
7318,45404
7318,45405
7318,45406
7318,45407
7318,45408
7318,45409
7318,45410
7318,45411
7318,45412
7318,45413
7318,45414
7318,45415
7318,45416
7318,45417
7318,45418
7318,45419
7318,45420
7318,45421
7318,45422
7318,45423
7318,45424
7318,45425
7318,45426
7318,45427
7318,45428
7318,45429
7318,45430
7318,45431
7318,45432
7318,45433
7318,45434
7318,45435
7318,45436
7318,45437
7318,45438
7318,45439
7318,45440
7318,45441
7318,45442
7318,45443
7318,45444
7318,45445
7318,45446
7318,45447
7318,45448
7318,45449
7318,45450
7318,45451
7318,45452
7318,45453
7318,45454
7318,45455
7318,45456
7318,45457
7318,45458
7318,45459
7318,45460
7318,45461
7318,45462
7318,45463
7318,45464
7318,45465
7318,45466
7318,45467
7318,45468
7318,45469
7318,45470
7318,45471
7318,45472
7318,45473
7318,45474
7318,45475
7318,45476
7318,45477
7318,45478
7318,45479
7319,45344
7319,45345
7319,45346
7319,45347
7319,45348
7319,45349
7319,45350
7319,45351
7319,45352
7319,45353
7319,45354
7319,45355
7319,45356
7319,45357
7319,45358
7319,45359
7319,45360
7319,45361
7319,45362
7319,45363
7319,45364
7319,45365
7319,45366
7319,45367
7319,45368
7319,45369
7319,45370
7319,45371
7319,45372
7319,45373
7319,45374
7319,45375
7319,45376
7319,45377
7319,45378
7319,45379
7319,45380
7319,45381
7319,45382
7319,45383
7319,45384
7319,45385
7319,45386
7319,45387
7319,45388
7319,45389
7319,45390
7319,45391
7319,45392
7319,45393
7319,45394
7319,45395
7319,45396
7319,45397
7319,45398
7319,45399
7319,45400
7319,45401
7319,45402
7319,45403
7319,45404
7319,45405
7319,45406
7319,45407
7319,45408
7319,45409
7319,45410
7319,45411
7319,45412
7319,45413
7319,45414
7319,45415
7319,45416
7319,45417
7319,45418
7319,45419
7319,45420
7319,45421
7319,45422
7319,45423
7319,45424
7319,45425
7319,45426
7319,45427
7319,45428
7319,45429
7319,45430
7319,45431
7319,45432
7319,45433
7319,45434
7319,45435
7319,45436
7319,45437
7319,45438
7319,45439
7319,45440
7319,45441
7319,45442
7319,45443
7319,45444
7319,45445
7319,45446
7319,45447
7319,45448
7319,45449
7319,45450
7319,45451
7319,45452
7319,45453
7319,45454
7319,45455
7319,45456
7319,45457
7319,45458
7319,45459
7319,45460
7319,45461
7319,45462
7319,45463
7319,45464
7319,45465
7319,45466
7319,45467
7319,45468
7319,45469
7319,45470
7319,45471
7319,45472
7319,45473
7319,45474
7319,45475
7319,45476
7319,45477
7319,45478
7320,45347
7320,45348
7320,45349
7320,45350
7320,45351
7320,45352
7320,45353
7320,45354
7320,45355
7320,45356
7320,45357
7320,45358
7320,45359
7320,45360
7320,45361
7320,45362
7320,45363
7320,45364
7320,45365
7320,45366
7320,45367
7320,45368
7320,45369
7320,45370
7320,45371
7320,45372
7320,45373
7320,45374
7320,45375
7320,45376
7320,45377
7320,45378
7320,45379
7320,45380
7320,45381
7320,45382
7320,45383
7320,45384
7320,45385
7320,45386
7320,45387
7320,45388
7320,45389
7320,45390
7320,45391
7320,45392
7320,45393
7320,45394
7320,45395
7320,45396
7320,45397
7320,45398
7320,45399
7320,45400
7320,45401
7320,45402
7320,45403
7320,45404
7320,45405
7320,45406
7320,45407
7320,45408
7320,45409
7320,45410
7320,45411
7320,45412
7320,45413
7320,45414
7320,45415
7320,45416
7320,45417
7320,45418
7320,45419
7320,45420
7320,45421
7320,45422
7320,45423
7320,45424
7320,45425
7320,45426
7320,45427
7320,45428
7320,45429
7320,45430
7320,45431
7320,45432
7320,45433
7320,45434
7320,45435
7320,45436
7320,45437
7320,45438
7320,45439
7320,45440
7320,45441
7320,45442
7320,45443
7320,45444
7320,45445
7320,45446
7320,45447
7320,45448
7320,45449
7320,45450
7320,45451
7320,45452
7320,45453
7320,45454
7320,45455
7320,45456
7320,45457
7320,45458
7320,45459
7320,45460
7320,45461
7320,45462
7320,45463
7320,45464
7320,45465
7320,45466
7320,45467
7320,45468
7320,45469
7320,45470
7320,45471
7320,45472
7320,45473
7320,45474
7320,45475
7320,45476
7320,45477
7320,45478
7320,45479
7321,45348
7321,45349
7321,45350
7321,45351
7321,45352
7321,45353
7321,45354
7321,45355
7321,45356
7321,45357
7321,45358
7321,45359
7321,45360
7321,45361
7321,45362
7321,45363
7321,45364
7321,45365
7321,45366
7321,45367
7321,45368
7321,45369
7321,45370
7321,45371
7321,45372
7321,45373
7321,45374
7321,45375
7321,45376
7321,45377
7321,45378
7321,45379
7321,45380
7321,45381
7321,45382
7321,45383
7321,45384
7321,45385
7321,45386
7321,45387
7321,45388
7321,45389
7321,45390
7321,45391
7321,45392
7321,45393
7321,45394
7321,45395
7321,45396
7321,45397
7321,45398
7321,45399
7321,45400
7321,45401
7321,45402
7321,45403
7321,45404
7321,45405
7321,45406
7321,45407
7321,45408
7321,45409
7321,45410
7321,45411
7321,45412
7321,45413
7321,45414
7321,45415
7321,45416
7321,45417
7321,45418
7321,45419
7321,45420
7321,45421
7321,45422
7321,45423
7321,45424
7321,45425
7321,45426
7321,45427
7321,45428
7321,45429
7321,45430
7321,45431
7321,45432
7321,45433
7321,45434
7321,45435
7321,45436
7321,45437
7321,45438
7321,45439
7321,45440
7321,45441
7321,45442
7321,45443
7321,45444
7321,45445
7321,45446
7321,45447
7321,45448
7321,45449
7321,45450
7321,45451
7321,45452
7321,45453
7321,45454
7321,45455
7321,45456
7321,45457
7321,45458
7321,45459
7321,45460
7321,45461
7321,45462
7321,45463
7321,45464
7321,45465
7321,45466
7321,45467
7321,45468
7321,45469
7321,45470
7321,45471
7321,45472
7321,45473
7321,45474
7321,45475
7321,45476
7321,45477
7321,45478
7321,45479
7321,45480
7322,45348
7322,45349
7322,45350
7322,45351
7322,45352
7322,45353
7322,45354
7322,45355
7322,45356
7322,45357
7322,45358
7322,45359
7322,45360
7322,45361
7322,45362
7322,45363
7322,45364
7322,45365
7322,45366
7322,45367
7322,45368
7322,45369
7322,45370
7322,45371
7322,45372
7322,45373
7322,45374
7322,45375
7322,45376
7322,45377
7322,45378
7322,45379
7322,45380
7322,45381
7322,45382
7322,45383
7322,45384
7322,45385
7322,45386
7322,45387
7322,45388
7322,45389
7322,45390
7322,45391
7322,45392
7322,45393
7322,45394
7322,45395
7322,45396
7322,45397
7322,45398
7322,45399
7322,45400
7322,45401
7322,45402
7322,45403
7322,45404
7322,45405
7322,45406
7322,45407
7322,45408
7322,45409
7322,45410
7322,45411
7322,45412
7322,45413
7322,45414
7322,45415
7322,45416
7322,45417
7322,45418
7322,45419
7322,45420
7322,45421
7322,45422
7322,45423
7322,45424
7322,45425
7322,45426
7322,45427
7322,45428
7322,45429
7322,45430
7322,45431
7322,45432
7322,45433
7322,45434
7322,45435
7322,45436
7322,45437
7322,45438
7322,45439
7322,45440
7322,45441
7322,45442
7322,45443
7322,45444
7322,45445
7322,45446
7322,45447
7322,45448
7322,45449
7322,45450
7322,45451
7322,45452
7322,45453
7322,45454
7322,45455
7322,45456
7322,45457
7322,45458
7322,45459
7322,45460
7322,45461
7322,45462
7322,45463
7322,45464
7322,45465
7322,45466
7322,45467
7322,45468
7322,45469
7322,45470
7322,45471
7322,45472
7322,45473
7322,45474
7322,45475
7322,45476
7322,45477
7322,45478
7322,45479
7322,45480
7323,45348
7323,45349
7323,45350
7323,45351
7323,45352
7323,45353
7323,45354
7323,45355
7323,45356
7323,45357
7323,45358
7323,45359
7323,45360
7323,45361
7323,45362
7323,45363
7323,45364
7323,45365
7323,45366
7323,45367
7323,45368
7323,45369
7323,45370
7323,45371
7323,45372
7323,45373
7323,45374
7323,45375
7323,45376
7323,45377
7323,45378
7323,45379
7323,45380
7323,45381
7323,45382
7323,45383
7323,45384
7323,45385
7323,45386
7323,45387
7323,45388
7323,45389
7323,45390
7323,45391
7323,45392
7323,45393
7323,45394
7323,45395
7323,45396
7323,45397
7323,45398
7323,45399
7323,45400
7323,45401
7323,45402
7323,45403
7323,45404
7323,45405
7323,45406
7323,45407
7323,45408
7323,45409
7323,45410
7323,45411
7323,45412
7323,45413
7323,45414
7323,45415
7323,45416
7323,45417
7323,45418
7323,45419
7323,45420
7323,45421
7323,45422
7323,45423
7323,45424
7323,45425
7323,45426
7323,45427
7323,45428
7323,45429
7323,45430
7323,45431
7323,45432
7323,45433
7323,45434
7323,45435
7323,45436
7323,45437
7323,45438
7323,45439
7323,45440
7323,45441
7323,45442
7323,45443
7323,45444
7323,45445
7323,45446
7323,45447
7323,45448
7323,45449
7323,45450
7323,45451
7323,45452
7323,45453
7323,45454
7323,45455
7323,45456
7323,45457
7323,45458
7323,45459
7323,45460
7323,45461
7323,45462
7323,45463
7323,45464
7323,45465
7323,45466
7323,45467
7323,45468
7323,45469
7323,45470
7323,45471
7323,45472
7323,45473
7323,45474
7323,45475
7323,45476
7323,45477
7323,45478
7323,45479
7323,45480
7324,45348
7324,45349
7324,45350
7324,45351
7324,45352
7324,45353
7324,45354
7324,45355
7324,45356
7324,45357
7324,45358
7324,45359
7324,45360
7324,45361
7324,45362
7324,45363
7324,45364
7324,45365
7324,45366
7324,45367
7324,45368
7324,45369
7324,45370
7324,45371
7324,45372
7324,45373
7324,45374
7324,45375
7324,45376
7324,45377
7324,45378
7324,45379
7324,45380
7324,45381
7324,45382
7324,45383
7324,45384
7324,45385
7324,45386
7324,45387
7324,45388
7324,45389
7324,45390
7324,45391
7324,45392
7324,45393
7324,45394
7324,45395
7324,45396
7324,45397
7324,45398
7324,45399
7324,45400
7324,45401
7324,45402
7324,45403
7324,45404
7324,45405
7324,45406
7324,45407
7324,45408
7324,45409
7324,45410
7324,45411
7324,45412
7324,45413
7324,45414
7324,45415
7324,45416
7324,45417
7324,45418
7324,45419
7324,45420
7324,45421
7324,45422
7324,45423
7324,45424
7324,45425
7324,45426
7324,45427
7324,45428
7324,45429
7324,45430
7324,45431
7324,45432
7324,45433
7324,45434
7324,45435
7324,45436
7324,45437
7324,45438
7324,45439
7324,45440
7324,45441
7324,45442
7324,45443
7324,45444
7324,45445
7324,45446
7324,45447
7324,45448
7324,45449
7324,45450
7324,45451
7324,45452
7324,45453
7324,45454
7324,45455
7324,45456
7324,45457
7324,45458
7324,45459
7324,45460
7324,45461
7324,45462
7324,45463
7324,45464
7324,45465
7324,45466
7324,45467
7324,45468
7324,45469
7324,45470
7324,45471
7324,45472
7324,45473
7324,45474
7324,45475
7324,45476
7324,45477
7324,45478
7324,45479
7324,45480
7324,45481
7325,45348
7325,45349
7325,45350
7325,45351
7325,45352
7325,45353
7325,45354
7325,45355
7325,45356
7325,45357
7325,45358
7325,45359
7325,45360
7325,45361
7325,45362
7325,45363
7325,45364
7325,45365
7325,45366
7325,45367
7325,45368
7325,45369
7325,45370
7325,45371
7325,45372
7325,45373
7325,45374
7325,45375
7325,45376
7325,45377
7325,45378
7325,45379
7325,45380
7325,45381
7325,45382
7325,45383
7325,45384
7325,45385
7325,45386
7325,45387
7325,45388
7325,45389
7325,45390
7325,45391
7325,45392
7325,45393
7325,45394
7325,45395
7325,45396
7325,45397
7325,45398
7325,45399
7325,45400
7325,45401
7325,45402
7325,45403
7325,45404
7325,45405
7325,45406
7325,45407
7325,45408
7325,45409
7325,45410
7325,45411
7325,45412
7325,45413
7325,45414
7325,45415
7325,45416
7325,45417
7325,45418
7325,45419
7325,45420
7325,45421
7325,45422
7325,45423
7325,45424
7325,45425
7325,45426
7325,45427
7325,45428
7325,45429
7325,45430
7325,45431
7325,45432
7325,45433
7325,45434
7325,45435
7325,45436
7325,45437
7325,45438
7325,45439
7325,45440
7325,45441
7325,45442
7325,45443
7325,45444
7325,45445
7325,45446
7325,45447
7325,45448
7325,45449
7325,45450
7325,45451
7325,45452
7325,45453
7325,45454
7325,45455
7325,45456
7325,45457
7325,45458
7325,45459
7325,45460
7325,45461
7325,45462
7325,45463
7325,45464
7325,45465
7325,45466
7325,45467
7325,45468
7325,45469
7325,45470
7325,45471
7325,45472
7325,45473
7325,45474
7325,45475
7325,45476
7325,45477
7325,45478
7325,45479
7325,45480
7326,45348
7326,45349
7326,45350
7326,45351
7326,45352
7326,45353
7326,45354
7326,45355
7326,45356
7326,45357
7326,45358
7326,45359
7326,45360
7326,45361
7326,45362
7326,45363
7326,45364
7326,45365
7326,45366
7326,45367
7326,45368
7326,45369
7326,45370
7326,45371
7326,45372
7326,45373
7326,45374
7326,45375
7326,45376
7326,45377
7326,45378
7326,45379
7326,45380
7326,45381
7326,45382
7326,45383
7326,45384
7326,45385
7326,45386
7326,45387
7326,45388
7326,45389
7326,45390
7326,45391
7326,45392
7326,45393
7326,45394
7326,45395
7326,45396
7326,45397
7326,45398
7326,45399
7326,45400
7326,45401
7326,45402
7326,45403
7326,45404
7326,45405
7326,45406
7326,45407
7326,45408
7326,45409
7326,45410
7326,45411
7326,45412
7326,45413
7326,45414
7326,45415
7326,45416
7326,45417
7326,45418
7326,45419
7326,45420
7326,45421
7326,45422
7326,45423
7326,45424
7326,45425
7326,45426
7326,45427
7326,45428
7326,45429
7326,45430
7326,45431
7326,45432
7326,45433
7326,45434
7326,45435
7326,45436
7326,45437
7326,45438
7326,45439
7326,45440
7326,45441
7326,45442
7326,45443
7326,45444
7326,45445
7326,45446
7326,45447
7326,45448
7326,45449
7326,45450
7326,45451
7326,45452
7326,45453
7326,45454
7326,45455
7326,45456
7326,45457
7326,45458
7326,45459
7326,45460
7326,45461
7326,45462
7326,45463
7326,45464
7326,45465
7326,45466
7326,45467
7326,45468
7326,45469
7326,45470
7326,45471
7326,45472
7326,45473
7326,45474
7326,45475
7326,45476
7326,45477
7326,45478
7326,45479
7326,45480
7326,45481
7326,45482
7326,45483
7327,45349
7327,45350
7327,45351
7327,45352
7327,45353
7327,45354
7327,45355
7327,45356
7327,45357
7327,45358
7327,45359
7327,45360
7327,45361
7327,45362
7327,45363
7327,45364
7327,45365
7327,45366
7327,45367
7327,45368
7327,45369
7327,45370
7327,45371
7327,45372
7327,45373
7327,45374
7327,45375
7327,45376
7327,45377
7327,45378
7327,45379
7327,45380
7327,45381
7327,45382
7327,45383
7327,45384
7327,45385
7327,45386
7327,45387
7327,45388
7327,45389
7327,45390
7327,45391
7327,45392
7327,45393
7327,45394
7327,45395
7327,45396
7327,45397
7327,45398
7327,45399
7327,45400
7327,45401
7327,45402
7327,45403
7327,45404
7327,45405
7327,45406
7327,45407
7327,45408
7327,45409
7327,45410
7327,45411
7327,45412
7327,45413
7327,45414
7327,45415
7327,45416
7327,45417
7327,45418
7327,45419
7327,45420
7327,45421
7327,45422
7327,45423
7327,45424
7327,45425
7327,45426
7327,45427
7327,45428
7327,45429
7327,45430
7327,45431
7327,45432
7327,45433
7327,45434
7327,45435
7327,45436
7327,45437
7327,45438
7327,45439
7327,45440
7327,45441
7327,45442
7327,45443
7327,45444
7327,45445
7327,45446
7327,45447
7327,45448
7327,45449
7327,45450
7327,45451
7327,45452
7327,45453
7327,45454
7327,45455
7327,45456
7327,45457
7327,45458
7327,45459
7327,45460
7327,45461
7327,45462
7327,45463
7327,45464
7327,45465
7327,45466
7327,45467
7327,45468
7327,45469
7327,45470
7327,45471
7327,45472
7327,45473
7327,45474
7327,45475
7327,45476
7327,45477
7327,45478
7327,45479
7327,45480
7327,45481
7327,45482
7327,45483
7327,45484
7327,45498
7327,45499
7328,45349
7328,45350
7328,45351
7328,45352
7328,45353
7328,45354
7328,45355
7328,45356
7328,45357
7328,45358
7328,45359
7328,45360
7328,45361
7328,45362
7328,45363
7328,45364
7328,45365
7328,45366
7328,45367
7328,45368
7328,45369
7328,45370
7328,45371
7328,45372
7328,45373
7328,45374
7328,45375
7328,45376
7328,45377
7328,45378
7328,45379
7328,45380
7328,45381
7328,45382
7328,45383
7328,45384
7328,45385
7328,45386
7328,45387
7328,45388
7328,45389
7328,45390
7328,45391
7328,45392
7328,45393
7328,45394
7328,45395
7328,45396
7328,45397
7328,45398
7328,45399
7328,45400
7328,45401
7328,45402
7328,45403
7328,45404
7328,45405
7328,45406
7328,45407
7328,45408
7328,45409
7328,45410
7328,45411
7328,45412
7328,45413
7328,45414
7328,45415
7328,45416
7328,45417
7328,45418
7328,45419
7328,45420
7328,45421
7328,45422
7328,45423
7328,45424
7328,45425
7328,45426
7328,45427
7328,45428
7328,45429
7328,45430
7328,45431
7328,45432
7328,45433
7328,45434
7328,45435
7328,45436
7328,45437
7328,45438
7328,45439
7328,45440
7328,45441
7328,45442
7328,45443
7328,45444
7328,45445
7328,45446
7328,45447
7328,45448
7328,45449
7328,45450
7328,45451
7328,45452
7328,45453
7328,45454
7328,45455
7328,45456
7328,45457
7328,45458
7328,45459
7328,45460
7328,45461
7328,45462
7328,45463
7328,45464
7328,45465
7328,45466
7328,45467
7328,45468
7328,45469
7328,45470
7328,45471
7328,45472
7328,45473
7328,45474
7328,45475
7328,45476
7328,45477
7328,45478
7328,45479
7328,45480
7328,45481
7328,45482
7328,45483
7328,45484
7328,45485
7328,45495
7328,45496
7328,45497
7328,45498
7328,45499
7328,45500
7328,45501
7328,45502
7329,45349
7329,45350
7329,45351
7329,45352
7329,45353
7329,45354
7329,45355
7329,45356
7329,45357
7329,45358
7329,45359
7329,45360
7329,45361
7329,45362
7329,45363
7329,45364
7329,45365
7329,45366
7329,45367
7329,45368
7329,45369
7329,45370
7329,45371
7329,45372
7329,45373
7329,45374
7329,45375
7329,45376
7329,45377
7329,45378
7329,45379
7329,45380
7329,45381
7329,45382
7329,45383
7329,45384
7329,45385
7329,45386
7329,45387
7329,45388
7329,45389
7329,45390
7329,45391
7329,45392
7329,45393
7329,45394
7329,45395
7329,45396
7329,45397
7329,45398
7329,45399
7329,45400
7329,45401
7329,45402
7329,45403
7329,45404
7329,45405
7329,45406
7329,45407
7329,45408
7329,45409
7329,45410
7329,45411
7329,45412
7329,45413
7329,45414
7329,45415
7329,45416
7329,45417
7329,45418
7329,45419
7329,45420
7329,45421
7329,45422
7329,45423
7329,45424
7329,45425
7329,45426
7329,45427
7329,45428
7329,45429
7329,45430
7329,45431
7329,45432
7329,45433
7329,45434
7329,45435
7329,45436
7329,45437
7329,45438
7329,45439
7329,45440
7329,45441
7329,45442
7329,45443
7329,45444
7329,45445
7329,45446
7329,45447
7329,45448
7329,45449
7329,45450
7329,45451
7329,45452
7329,45453
7329,45454
7329,45455
7329,45456
7329,45457
7329,45458
7329,45459
7329,45460
7329,45461
7329,45462
7329,45463
7329,45464
7329,45465
7329,45466
7329,45467
7329,45468
7329,45469
7329,45470
7329,45471
7329,45472
7329,45473
7329,45474
7329,45475
7329,45476
7329,45477
7329,45478
7329,45479
7329,45480
7329,45481
7329,45482
7329,45483
7329,45484
7329,45485
7329,45486
7329,45494
7329,45495
7329,45496
7329,45497
7329,45498
7329,45499
7329,45500
7329,45501
7329,45502
7329,45503
7329,45504
7329,45505
7329,45507
7330,45350
7330,45351
7330,45352
7330,45353
7330,45354
7330,45355
7330,45356
7330,45357
7330,45358
7330,45359
7330,45360
7330,45361
7330,45362
7330,45363
7330,45364
7330,45365
7330,45366
7330,45367
7330,45368
7330,45369
7330,45370
7330,45371
7330,45372
7330,45373
7330,45374
7330,45375
7330,45376
7330,45377
7330,45378
7330,45379
7330,45380
7330,45381
7330,45382
7330,45383
7330,45384
7330,45385
7330,45386
7330,45387
7330,45388
7330,45389
7330,45390
7330,45391
7330,45392
7330,45393
7330,45394
7330,45395
7330,45396
7330,45397
7330,45398
7330,45399
7330,45400
7330,45401
7330,45402
7330,45403
7330,45404
7330,45405
7330,45406
7330,45407
7330,45408
7330,45409
7330,45410
7330,45411
7330,45412
7330,45413
7330,45414
7330,45415
7330,45416
7330,45417
7330,45418
7330,45419
7330,45420
7330,45421
7330,45422
7330,45423
7330,45424
7330,45425
7330,45426
7330,45427
7330,45428
7330,45429
7330,45430
7330,45431
7330,45432
7330,45433
7330,45434
7330,45435
7330,45436
7330,45437
7330,45438
7330,45439
7330,45440
7330,45441
7330,45442
7330,45443
7330,45444
7330,45445
7330,45446
7330,45447
7330,45448
7330,45449
7330,45450
7330,45451
7330,45452
7330,45453
7330,45454
7330,45455
7330,45456
7330,45457
7330,45458
7330,45459
7330,45460
7330,45461
7330,45462
7330,45463
7330,45464
7330,45465
7330,45466
7330,45467
7330,45468
7330,45469
7330,45470
7330,45471
7330,45472
7330,45473
7330,45474
7330,45475
7330,45476
7330,45477
7330,45478
7330,45479
7330,45480
7330,45481
7330,45482
7330,45483
7330,45484
7330,45485
7330,45486
7330,45492
7330,45493
7330,45494
7330,45495
7330,45496
7330,45497
7330,45498
7330,45499
7330,45500
7330,45501
7330,45502
7330,45503
7330,45504
7330,45505
7330,45506
7330,45507
7330,45508
7330,45509
7331,45351
7331,45352
7331,45353
7331,45354
7331,45355
7331,45356
7331,45357
7331,45358
7331,45359
7331,45360
7331,45361
7331,45362
7331,45363
7331,45364
7331,45365
7331,45366
7331,45367
7331,45368
7331,45369
7331,45370
7331,45371
7331,45372
7331,45373
7331,45374
7331,45375
7331,45376
7331,45377
7331,45378
7331,45379
7331,45380
7331,45381
7331,45382
7331,45383
7331,45384
7331,45385
7331,45386
7331,45387
7331,45388
7331,45389
7331,45390
7331,45391
7331,45392
7331,45393
7331,45394
7331,45395
7331,45396
7331,45397
7331,45398
7331,45399
7331,45400
7331,45401
7331,45402
7331,45403
7331,45404
7331,45405
7331,45406
7331,45407
7331,45408
7331,45409
7331,45410
7331,45411
7331,45412
7331,45413
7331,45414
7331,45415
7331,45416
7331,45417
7331,45418
7331,45419
7331,45420
7331,45421
7331,45422
7331,45423
7331,45424
7331,45425
7331,45426
7331,45427
7331,45428
7331,45429
7331,45430
7331,45431
7331,45432
7331,45433
7331,45434
7331,45435
7331,45436
7331,45437
7331,45438
7331,45439
7331,45440
7331,45441
7331,45442
7331,45443
7331,45444
7331,45445
7331,45446
7331,45447
7331,45448
7331,45449
7331,45450
7331,45451
7331,45452
7331,45453
7331,45454
7331,45455
7331,45456
7331,45457
7331,45458
7331,45459
7331,45460
7331,45461
7331,45462
7331,45463
7331,45464
7331,45465
7331,45466
7331,45467
7331,45468
7331,45469
7331,45470
7331,45471
7331,45472
7331,45473
7331,45474
7331,45475
7331,45476
7331,45477
7331,45478
7331,45479
7331,45480
7331,45481
7331,45482
7331,45483
7331,45484
7331,45485
7331,45486
7331,45487
7331,45491
7331,45492
7331,45493
7331,45494
7331,45495
7331,45496
7331,45497
7331,45498
7331,45499
7331,45500
7331,45501
7331,45502
7331,45503
7331,45504
7331,45505
7331,45506
7331,45507
7331,45508
7331,45509
7331,45510
7332,45352
7332,45353
7332,45354
7332,45355
7332,45356
7332,45357
7332,45358
7332,45359
7332,45360
7332,45361
7332,45362
7332,45363
7332,45364
7332,45365
7332,45366
7332,45367
7332,45368
7332,45369
7332,45370
7332,45371
7332,45372
7332,45373
7332,45374
7332,45375
7332,45376
7332,45377
7332,45378
7332,45379
7332,45380
7332,45381
7332,45382
7332,45383
7332,45384
7332,45385
7332,45386
7332,45387
7332,45388
7332,45389
7332,45390
7332,45391
7332,45392
7332,45393
7332,45394
7332,45395
7332,45396
7332,45397
7332,45398
7332,45399
7332,45400
7332,45401
7332,45402
7332,45403
7332,45404
7332,45405
7332,45406
7332,45407
7332,45408
7332,45409
7332,45410
7332,45411
7332,45412
7332,45413
7332,45414
7332,45415
7332,45416
7332,45417
7332,45418
7332,45419
7332,45420
7332,45421
7332,45422
7332,45423
7332,45424
7332,45425
7332,45426
7332,45427
7332,45428
7332,45429
7332,45430
7332,45431
7332,45432
7332,45433
7332,45434
7332,45435
7332,45436
7332,45437
7332,45438
7332,45439
7332,45440
7332,45441
7332,45442
7332,45443
7332,45444
7332,45445
7332,45446
7332,45447
7332,45448
7332,45449
7332,45450
7332,45451
7332,45452
7332,45453
7332,45454
7332,45455
7332,45456
7332,45457
7332,45458
7332,45459
7332,45460
7332,45461
7332,45462
7332,45463
7332,45464
7332,45465
7332,45466
7332,45467
7332,45468
7332,45469
7332,45470
7332,45471
7332,45472
7332,45473
7332,45474
7332,45475
7332,45476
7332,45477
7332,45478
7332,45479
7332,45480
7332,45481
7332,45482
7332,45483
7332,45484
7332,45485
7332,45486
7332,45487
7332,45488
7332,45489
7332,45490
7332,45491
7332,45492
7332,45493
7332,45494
7332,45495
7332,45496
7332,45497
7332,45498
7332,45499
7332,45500
7332,45501
7332,45502
7332,45503
7332,45504
7332,45505
7332,45506
7332,45507
7332,45508
7332,45509
7332,45510
7332,45511
7333,45354
7333,45355
7333,45356
7333,45357
7333,45358
7333,45359
7333,45360
7333,45361
7333,45362
7333,45363
7333,45364
7333,45365
7333,45366
7333,45367
7333,45368
7333,45369
7333,45370
7333,45371
7333,45372
7333,45373
7333,45374
7333,45375
7333,45376
7333,45377
7333,45378
7333,45379
7333,45380
7333,45381
7333,45382
7333,45383
7333,45384
7333,45385
7333,45386
7333,45387
7333,45388
7333,45389
7333,45390
7333,45391
7333,45392
7333,45393
7333,45394
7333,45395
7333,45396
7333,45397
7333,45398
7333,45399
7333,45400
7333,45401
7333,45402
7333,45403
7333,45404
7333,45405
7333,45406
7333,45407
7333,45408
7333,45409
7333,45410
7333,45411
7333,45412
7333,45413
7333,45414
7333,45415
7333,45416
7333,45417
7333,45418
7333,45419
7333,45420
7333,45421
7333,45422
7333,45423
7333,45424
7333,45425
7333,45426
7333,45427
7333,45428
7333,45429
7333,45430
7333,45431
7333,45432
7333,45433
7333,45434
7333,45435
7333,45436
7333,45437
7333,45438
7333,45439
7333,45440
7333,45441
7333,45442
7333,45443
7333,45444
7333,45445
7333,45446
7333,45447
7333,45448
7333,45449
7333,45450
7333,45451
7333,45452
7333,45453
7333,45454
7333,45455
7333,45456
7333,45457
7333,45458
7333,45459
7333,45460
7333,45461
7333,45462
7333,45463
7333,45464
7333,45465
7333,45466
7333,45467
7333,45468
7333,45469
7333,45470
7333,45471
7333,45472
7333,45473
7333,45474
7333,45475
7333,45476
7333,45477
7333,45478
7333,45479
7333,45480
7333,45481
7333,45482
7333,45483
7333,45484
7333,45485
7333,45486
7333,45487
7333,45488
7333,45489
7333,45490
7333,45491
7333,45492
7333,45493
7333,45494
7333,45495
7333,45496
7333,45497
7333,45498
7333,45499
7333,45500
7333,45501
7333,45502
7333,45503
7333,45504
7333,45505
7333,45506
7333,45507
7333,45508
7333,45509
7333,45510
7333,45511
7334,45356
7334,45357
7334,45358
7334,45359
7334,45360
7334,45361
7334,45362
7334,45363
7334,45364
7334,45365
7334,45366
7334,45367
7334,45368
7334,45369
7334,45370
7334,45371
7334,45372
7334,45373
7334,45374
7334,45375
7334,45376
7334,45377
7334,45378
7334,45379
7334,45380
7334,45381
7334,45382
7334,45383
7334,45384
7334,45385
7334,45386
7334,45387
7334,45388
7334,45389
7334,45390
7334,45391
7334,45392
7334,45393
7334,45394
7334,45395
7334,45396
7334,45397
7334,45398
7334,45399
7334,45400
7334,45401
7334,45402
7334,45403
7334,45404
7334,45405
7334,45406
7334,45407
7334,45408
7334,45409
7334,45410
7334,45411
7334,45412
7334,45413
7334,45414
7334,45415
7334,45416
7334,45417
7334,45418
7334,45419
7334,45420
7334,45421
7334,45422
7334,45423
7334,45424
7334,45425
7334,45426
7334,45427
7334,45428
7334,45429
7334,45430
7334,45431
7334,45432
7334,45433
7334,45434
7334,45435
7334,45436
7334,45437
7334,45438
7334,45439
7334,45440
7334,45441
7334,45442
7334,45443
7334,45444
7334,45445
7334,45446
7334,45447
7334,45448
7334,45449
7334,45450
7334,45451
7334,45452
7334,45453
7334,45454
7334,45455
7334,45456
7334,45457
7334,45458
7334,45459
7334,45460
7334,45461
7334,45462
7334,45463
7334,45464
7334,45465
7334,45466
7334,45467
7334,45468
7334,45469
7334,45470
7334,45471
7334,45472
7334,45473
7334,45474
7334,45475
7334,45476
7334,45477
7334,45478
7334,45479
7334,45480
7334,45481
7334,45482
7334,45483
7334,45484
7334,45485
7334,45486
7334,45487
7334,45488
7334,45489
7334,45490
7334,45491
7334,45492
7334,45493
7334,45494
7334,45495
7334,45496
7334,45497
7334,45498
7334,45499
7334,45500
7334,45501
7334,45502
7334,45503
7334,45504
7334,45505
7334,45506
7334,45507
7334,45508
7334,45509
7334,45510
7334,45511
7334,45512
7335,45357
7335,45358
7335,45359
7335,45360
7335,45361
7335,45362
7335,45363
7335,45364
7335,45365
7335,45366
7335,45367
7335,45368
7335,45369
7335,45370
7335,45371
7335,45372
7335,45373
7335,45374
7335,45375
7335,45376
7335,45377
7335,45378
7335,45379
7335,45380
7335,45381
7335,45382
7335,45383
7335,45384
7335,45387
7335,45388
7335,45389
7335,45390
7335,45391
7335,45392
7335,45393
7335,45394
7335,45395
7335,45396
7335,45397
7335,45398
7335,45399
7335,45400
7335,45401
7335,45402
7335,45403
7335,45404
7335,45405
7335,45406
7335,45407
7335,45408
7335,45409
7335,45410
7335,45411
7335,45412
7335,45413
7335,45414
7335,45415
7335,45416
7335,45417
7335,45418
7335,45419
7335,45420
7335,45421
7335,45422
7335,45423
7335,45424
7335,45425
7335,45426
7335,45427
7335,45428
7335,45429
7335,45430
7335,45431
7335,45432
7335,45433
7335,45434
7335,45435
7335,45436
7335,45437
7335,45438
7335,45439
7335,45440
7335,45441
7335,45442
7335,45443
7335,45444
7335,45445
7335,45446
7335,45447
7335,45448
7335,45449
7335,45450
7335,45451
7335,45452
7335,45453
7335,45454
7335,45455
7335,45456
7335,45457
7335,45458
7335,45459
7335,45460
7335,45461
7335,45462
7335,45463
7335,45464
7335,45465
7335,45466
7335,45467
7335,45468
7335,45469
7335,45470
7335,45471
7335,45472
7335,45473
7335,45474
7335,45475
7335,45476
7335,45477
7335,45478
7335,45479
7335,45480
7335,45481
7335,45482
7335,45483
7335,45484
7335,45485
7335,45486
7335,45487
7335,45488
7335,45489
7335,45490
7335,45491
7335,45492
7335,45493
7335,45494
7335,45495
7335,45496
7335,45497
7335,45498
7335,45499
7335,45500
7335,45501
7335,45502
7335,45503
7335,45504
7335,45505
7335,45506
7335,45507
7335,45508
7335,45509
7335,45510
7335,45511
7335,45512
7335,45513
7336,45360
7336,45361
7336,45362
7336,45363
7336,45364
7336,45365
7336,45366
7336,45367
7336,45368
7336,45369
7336,45370
7336,45371
7336,45372
7336,45373
7336,45374
7336,45375
7336,45376
7336,45377
7336,45378
7336,45379
7336,45380
7336,45381
7336,45382
7336,45383
7336,45384
7336,45385
7336,45390
7336,45394
7336,45395
7336,45396
7336,45397
7336,45398
7336,45399
7336,45400
7336,45401
7336,45402
7336,45403
7336,45404
7336,45405
7336,45406
7336,45407
7336,45408
7336,45409
7336,45410
7336,45411
7336,45412
7336,45413
7336,45414
7336,45415
7336,45416
7336,45417
7336,45418
7336,45419
7336,45420
7336,45421
7336,45422
7336,45423
7336,45424
7336,45425
7336,45426
7336,45427
7336,45428
7336,45429
7336,45430
7336,45431
7336,45432
7336,45433
7336,45434
7336,45435
7336,45436
7336,45437
7336,45438
7336,45439
7336,45440
7336,45441
7336,45442
7336,45443
7336,45444
7336,45445
7336,45446
7336,45447
7336,45448
7336,45449
7336,45450
7336,45451
7336,45452
7336,45453
7336,45454
7336,45455
7336,45456
7336,45457
7336,45458
7336,45459
7336,45460
7336,45461
7336,45462
7336,45463
7336,45464
7336,45465
7336,45466
7336,45467
7336,45468
7336,45469
7336,45470
7336,45471
7336,45472
7336,45473
7336,45474
7336,45475
7336,45476
7336,45477
7336,45478
7336,45479
7336,45480
7336,45481
7336,45482
7336,45483
7336,45484
7336,45485
7336,45486
7336,45487
7336,45488
7336,45489
7336,45490
7336,45491
7336,45492
7336,45493
7336,45494
7336,45495
7336,45496
7336,45497
7336,45498
7336,45499
7336,45500
7336,45501
7336,45502
7336,45503
7336,45504
7336,45505
7336,45506
7336,45507
7336,45508
7336,45509
7336,45510
7336,45511
7336,45512
7336,45513
7336,45514
7337,45364
7337,45365
7337,45366
7337,45367
7337,45368
7337,45369
7337,45370
7337,45371
7337,45372
7337,45373
7337,45374
7337,45375
7337,45376
7337,45377
7337,45378
7337,45379
7337,45380
7337,45381
7337,45382
7337,45383
7337,45384
7337,45397
7337,45398
7337,45399
7337,45400
7337,45401
7337,45402
7337,45403
7337,45404
7337,45405
7337,45406
7337,45407
7337,45408
7337,45409
7337,45410
7337,45411
7337,45412
7337,45413
7337,45414
7337,45415
7337,45416
7337,45417
7337,45418
7337,45419
7337,45420
7337,45421
7337,45422
7337,45423
7337,45424
7337,45425
7337,45426
7337,45427
7337,45428
7337,45429
7337,45430
7337,45431
7337,45432
7337,45433
7337,45434
7337,45435
7337,45436
7337,45437
7337,45438
7337,45439
7337,45440
7337,45441
7337,45442
7337,45443
7337,45444
7337,45445
7337,45446
7337,45447
7337,45448
7337,45449
7337,45450
7337,45451
7337,45452
7337,45453
7337,45454
7337,45455
7337,45456
7337,45457
7337,45458
7337,45459
7337,45460
7337,45461
7337,45462
7337,45463
7337,45464
7337,45465
7337,45466
7337,45467
7337,45468
7337,45469
7337,45470
7337,45471
7337,45472
7337,45473
7337,45474
7337,45475
7337,45476
7337,45477
7337,45478
7337,45479
7337,45480
7337,45481
7337,45482
7337,45483
7337,45484
7337,45485
7337,45486
7337,45487
7337,45488
7337,45489
7337,45490
7337,45491
7337,45492
7337,45493
7337,45494
7337,45495
7337,45496
7337,45497
7337,45498
7337,45499
7337,45500
7337,45501
7337,45502
7337,45503
7337,45504
7337,45505
7337,45506
7337,45507
7337,45508
7337,45509
7337,45510
7337,45511
7337,45512
7337,45513
7337,45514
7338,45368
7338,45369
7338,45370
7338,45371
7338,45372
7338,45373
7338,45374
7338,45375
7338,45376
7338,45377
7338,45378
7338,45379
7338,45380
7338,45381
7338,45382
7338,45383
7338,45384
7338,45398
7338,45399
7338,45400
7338,45401
7338,45402
7338,45403
7338,45404
7338,45405
7338,45406
7338,45407
7338,45408
7338,45409
7338,45410
7338,45411
7338,45412
7338,45413
7338,45414
7338,45415
7338,45416
7338,45417
7338,45418
7338,45419
7338,45420
7338,45421
7338,45422
7338,45423
7338,45424
7338,45425
7338,45426
7338,45427
7338,45428
7338,45429
7338,45430
7338,45431
7338,45432
7338,45433
7338,45434
7338,45435
7338,45436
7338,45437
7338,45438
7338,45439
7338,45440
7338,45441
7338,45442
7338,45443
7338,45444
7338,45445
7338,45446
7338,45447
7338,45448
7338,45449
7338,45450
7338,45451
7338,45452
7338,45453
7338,45454
7338,45455
7338,45456
7338,45457
7338,45458
7338,45459
7338,45460
7338,45461
7338,45462
7338,45463
7338,45464
7338,45465
7338,45466
7338,45467
7338,45468
7338,45469
7338,45470
7338,45471
7338,45472
7338,45473
7338,45474
7338,45475
7338,45476
7338,45477
7338,45478
7338,45479
7338,45480
7338,45481
7338,45482
7338,45483
7338,45484
7338,45485
7338,45486
7338,45487
7338,45488
7338,45489
7338,45490
7338,45491
7338,45492
7338,45493
7338,45494
7338,45495
7338,45496
7338,45497
7338,45498
7338,45499
7338,45500
7338,45501
7338,45502
7338,45503
7338,45504
7338,45505
7338,45506
7338,45507
7338,45508
7338,45509
7338,45510
7338,45511
7338,45512
7338,45513
7338,45514
7339,45371
7339,45372
7339,45373
7339,45374
7339,45375
7339,45376
7339,45377
7339,45378
7339,45379
7339,45380
7339,45381
7339,45382
7339,45383
7339,45401
7339,45402
7339,45403
7339,45404
7339,45405
7339,45406
7339,45407
7339,45408
7339,45409
7339,45410
7339,45411
7339,45412
7339,45413
7339,45414
7339,45415
7339,45416
7339,45417
7339,45418
7339,45419
7339,45420
7339,45421
7339,45422
7339,45423
7339,45424
7339,45425
7339,45426
7339,45427
7339,45428
7339,45429
7339,45430
7339,45431
7339,45432
7339,45433
7339,45434
7339,45435
7339,45436
7339,45437
7339,45438
7339,45439
7339,45440
7339,45441
7339,45442
7339,45443
7339,45444
7339,45445
7339,45446
7339,45447
7339,45448
7339,45449
7339,45450
7339,45451
7339,45452
7339,45453
7339,45454
7339,45455
7339,45456
7339,45457
7339,45458
7339,45459
7339,45460
7339,45461
7339,45462
7339,45463
7339,45464
7339,45465
7339,45466
7339,45467
7339,45468
7339,45469
7339,45470
7339,45471
7339,45472
7339,45473
7339,45474
7339,45475
7339,45476
7339,45477
7339,45478
7339,45479
7339,45480
7339,45481
7339,45482
7339,45483
7339,45484
7339,45485
7339,45486
7339,45487
7339,45488
7339,45489
7339,45490
7339,45491
7339,45492
7339,45493
7339,45494
7339,45495
7339,45496
7339,45497
7339,45498
7339,45499
7339,45500
7339,45501
7339,45502
7339,45503
7339,45504
7339,45505
7339,45506
7339,45507
7339,45508
7339,45509
7339,45510
7339,45511
7339,45512
7339,45513
7339,45514
7339,45515
7340,45370
7340,45371
7340,45372
7340,45373
7340,45374
7340,45375
7340,45376
7340,45377
7340,45378
7340,45379
7340,45380
7340,45381
7340,45382
7340,45403
7340,45404
7340,45405
7340,45406
7340,45407
7340,45408
7340,45409
7340,45410
7340,45411
7340,45412
7340,45413
7340,45414
7340,45415
7340,45416
7340,45417
7340,45418
7340,45419
7340,45420
7340,45421
7340,45422
7340,45423
7340,45424
7340,45425
7340,45426
7340,45427
7340,45428
7340,45429
7340,45430
7340,45431
7340,45432
7340,45433
7340,45434
7340,45435
7340,45436
7340,45437
7340,45438
7340,45439
7340,45440
7340,45441
7340,45442
7340,45443
7340,45444
7340,45445
7340,45446
7340,45447
7340,45448
7340,45449
7340,45450
7340,45451
7340,45452
7340,45453
7340,45454
7340,45455
7340,45456
7340,45457
7340,45458
7340,45459
7340,45460
7340,45461
7340,45462
7340,45463
7340,45464
7340,45465
7340,45466
7340,45467
7340,45468
7340,45469
7340,45470
7340,45471
7340,45472
7340,45473
7340,45474
7340,45475
7340,45476
7340,45477
7340,45478
7340,45479
7340,45480
7340,45481
7340,45482
7340,45483
7340,45484
7340,45485
7340,45486
7340,45487
7340,45488
7340,45489
7340,45490
7340,45491
7340,45492
7340,45493
7340,45494
7340,45495
7340,45496
7340,45497
7340,45498
7340,45499
7340,45500
7340,45501
7340,45502
7340,45503
7340,45504
7340,45505
7340,45506
7340,45507
7340,45508
7340,45509
7340,45510
7340,45511
7340,45512
7340,45513
7340,45514
7340,45515
7341,45370
7341,45371
7341,45372
7341,45373
7341,45374
7341,45375
7341,45376
7341,45377
7341,45378
7341,45379
7341,45380
7341,45406
7341,45407
7341,45408
7341,45409
7341,45410
7341,45411
7341,45412
7341,45413
7341,45414
7341,45415
7341,45416
7341,45417
7341,45418
7341,45419
7341,45420
7341,45421
7341,45422
7341,45423
7341,45424
7341,45425
7341,45426
7341,45427
7341,45428
7341,45429
7341,45430
7341,45431
7341,45432
7341,45433
7341,45434
7341,45435
7341,45436
7341,45437
7341,45438
7341,45439
7341,45440
7341,45441
7341,45442
7341,45443
7341,45444
7341,45445
7341,45446
7341,45447
7341,45448
7341,45449
7341,45450
7341,45451
7341,45452
7341,45453
7341,45454
7341,45455
7341,45456
7341,45457
7341,45458
7341,45459
7341,45460
7341,45461
7341,45462
7341,45463
7341,45464
7341,45465
7341,45466
7341,45467
7341,45468
7341,45469
7341,45470
7341,45471
7341,45472
7341,45473
7341,45474
7341,45475
7341,45476
7341,45477
7341,45478
7341,45479
7341,45480
7341,45481
7341,45482
7341,45483
7341,45484
7341,45485
7341,45486
7341,45487
7341,45488
7341,45489
7341,45490
7341,45491
7341,45492
7341,45493
7341,45494
7341,45495
7341,45496
7341,45497
7341,45498
7341,45499
7341,45500
7341,45501
7341,45502
7341,45503
7341,45504
7341,45505
7341,45506
7341,45507
7341,45508
7341,45509
7341,45510
7341,45511
7341,45512
7341,45513
7341,45514
7341,45515
7342,45370
7342,45371
7342,45372
7342,45373
7342,45374
7342,45375
7342,45376
7342,45377
7342,45378
7342,45379
7342,45380
7342,45381
7342,45406
7342,45407
7342,45408
7342,45409
7342,45410
7342,45411
7342,45412
7342,45413
7342,45414
7342,45415
7342,45416
7342,45417
7342,45418
7342,45419
7342,45420
7342,45421
7342,45422
7342,45423
7342,45424
7342,45425
7342,45426
7342,45427
7342,45428
7342,45429
7342,45430
7342,45431
7342,45432
7342,45433
7342,45434
7342,45435
7342,45436
7342,45437
7342,45438
7342,45439
7342,45440
7342,45441
7342,45442
7342,45443
7342,45444
7342,45445
7342,45446
7342,45447
7342,45448
7342,45449
7342,45450
7342,45451
7342,45452
7342,45453
7342,45454
7342,45455
7342,45456
7342,45457
7342,45458
7342,45459
7342,45460
7342,45461
7342,45462
7342,45463
7342,45464
7342,45465
7342,45466
7342,45467
7342,45468
7342,45469
7342,45470
7342,45471
7342,45472
7342,45473
7342,45474
7342,45475
7342,45476
7342,45477
7342,45478
7342,45479
7342,45480
7342,45481
7342,45482
7342,45483
7342,45484
7342,45485
7342,45486
7342,45487
7342,45488
7342,45489
7342,45490
7342,45491
7342,45492
7342,45493
7342,45494
7342,45495
7342,45496
7342,45497
7342,45498
7342,45499
7342,45500
7342,45501
7342,45502
7342,45503
7342,45504
7342,45505
7342,45506
7342,45507
7342,45508
7342,45509
7342,45510
7342,45511
7342,45512
7342,45513
7342,45514
7342,45515
7343,45369
7343,45370
7343,45371
7343,45372
7343,45373
7343,45374
7343,45375
7343,45376
7343,45377
7343,45378
7343,45379
7343,45380
7343,45406
7343,45407
7343,45408
7343,45409
7343,45410
7343,45411
7343,45412
7343,45413
7343,45414
7343,45415
7343,45416
7343,45417
7343,45418
7343,45419
7343,45420
7343,45421
7343,45422
7343,45423
7343,45424
7343,45425
7343,45426
7343,45427
7343,45428
7343,45429
7343,45430
7343,45431
7343,45432
7343,45433
7343,45434
7343,45435
7343,45436
7343,45437
7343,45438
7343,45439
7343,45440
7343,45441
7343,45442
7343,45443
7343,45444
7343,45445
7343,45446
7343,45447
7343,45448
7343,45449
7343,45450
7343,45451
7343,45452
7343,45453
7343,45454
7343,45455
7343,45456
7343,45457
7343,45458
7343,45459
7343,45460
7343,45461
7343,45462
7343,45463
7343,45464
7343,45465
7343,45466
7343,45467
7343,45468
7343,45469
7343,45470
7343,45471
7343,45472
7343,45473
7343,45474
7343,45475
7343,45476
7343,45477
7343,45478
7343,45479
7343,45480
7343,45481
7343,45482
7343,45483
7343,45484
7343,45485
7343,45486
7343,45487
7343,45488
7343,45489
7343,45490
7343,45491
7343,45492
7343,45493
7343,45494
7343,45495
7343,45496
7343,45497
7343,45498
7343,45499
7343,45500
7343,45501
7343,45502
7343,45503
7343,45504
7343,45505
7343,45506
7343,45507
7343,45508
7343,45509
7343,45510
7343,45511
7343,45512
7343,45513
7343,45514
7343,45515
7344,45369
7344,45370
7344,45371
7344,45372
7344,45373
7344,45374
7344,45375
7344,45376
7344,45377
7344,45378
7344,45379
7344,45380
7344,45406
7344,45407
7344,45408
7344,45409
7344,45410
7344,45411
7344,45412
7344,45413
7344,45414
7344,45415
7344,45416
7344,45417
7344,45418
7344,45419
7344,45420
7344,45421
7344,45422
7344,45423
7344,45424
7344,45425
7344,45426
7344,45427
7344,45428
7344,45429
7344,45430
7344,45431
7344,45432
7344,45433
7344,45434
7344,45435
7344,45436
7344,45437
7344,45438
7344,45439
7344,45440
7344,45441
7344,45442
7344,45443
7344,45444
7344,45445
7344,45446
7344,45447
7344,45448
7344,45449
7344,45450
7344,45451
7344,45452
7344,45453
7344,45454
7344,45455
7344,45456
7344,45457
7344,45458
7344,45459
7344,45460
7344,45461
7344,45462
7344,45463
7344,45464
7344,45465
7344,45466
7344,45467
7344,45468
7344,45469
7344,45470
7344,45471
7344,45472
7344,45473
7344,45474
7344,45475
7344,45476
7344,45477
7344,45478
7344,45479
7344,45480
7344,45481
7344,45482
7344,45483
7344,45484
7344,45485
7344,45486
7344,45487
7344,45488
7344,45489
7344,45490
7344,45491
7344,45492
7344,45493
7344,45494
7344,45495
7344,45496
7344,45497
7344,45498
7344,45499
7344,45500
7344,45501
7344,45502
7344,45503
7344,45504
7344,45505
7344,45506
7344,45507
7344,45508
7344,45509
7344,45510
7344,45511
7344,45512
7344,45513
7344,45514
7344,45515
7345,45370
7345,45371
7345,45372
7345,45373
7345,45374
7345,45375
7345,45376
7345,45377
7345,45378
7345,45379
7345,45380
7345,45406
7345,45407
7345,45408
7345,45409
7345,45410
7345,45411
7345,45412
7345,45413
7345,45414
7345,45415
7345,45416
7345,45417
7345,45418
7345,45419
7345,45420
7345,45421
7345,45422
7345,45423
7345,45424
7345,45425
7345,45426
7345,45427
7345,45428
7345,45429
7345,45430
7345,45431
7345,45432
7345,45433
7345,45434
7345,45435
7345,45436
7345,45437
7345,45438
7345,45439
7345,45440
7345,45441
7345,45442
7345,45443
7345,45444
7345,45445
7345,45446
7345,45447
7345,45448
7345,45449
7345,45450
7345,45451
7345,45452
7345,45453
7345,45454
7345,45455
7345,45456
7345,45457
7345,45458
7345,45459
7345,45460
7345,45461
7345,45462
7345,45463
7345,45464
7345,45465
7345,45466
7345,45467
7345,45468
7345,45469
7345,45470
7345,45471
7345,45472
7345,45473
7345,45474
7345,45475
7345,45476
7345,45477
7345,45478
7345,45479
7345,45480
7345,45481
7345,45482
7345,45483
7345,45484
7345,45485
7345,45486
7345,45487
7345,45488
7345,45489
7345,45490
7345,45491
7345,45492
7345,45493
7345,45494
7345,45495
7345,45496
7345,45497
7345,45498
7345,45499
7345,45500
7345,45501
7345,45502
7345,45503
7345,45504
7345,45505
7345,45506
7345,45507
7345,45508
7345,45509
7345,45510
7345,45511
7345,45512
7345,45513
7345,45514
7345,45515
7346,45370
7346,45371
7346,45372
7346,45373
7346,45374
7346,45375
7346,45376
7346,45377
7346,45378
7346,45379
7346,45405
7346,45406
7346,45407
7346,45408
7346,45409
7346,45410
7346,45411
7346,45412
7346,45413
7346,45414
7346,45415
7346,45416
7346,45417
7346,45418
7346,45419
7346,45420
7346,45421
7346,45422
7346,45423
7346,45424
7346,45425
7346,45426
7346,45427
7346,45428
7346,45429
7346,45430
7346,45431
7346,45432
7346,45433
7346,45434
7346,45435
7346,45436
7346,45437
7346,45438
7346,45439
7346,45440
7346,45441
7346,45442
7346,45443
7346,45444
7346,45445
7346,45446
7346,45447
7346,45448
7346,45449
7346,45450
7346,45451
7346,45452
7346,45453
7346,45454
7346,45455
7346,45456
7346,45457
7346,45458
7346,45459
7346,45460
7346,45461
7346,45462
7346,45463
7346,45464
7346,45465
7346,45466
7346,45467
7346,45468
7346,45469
7346,45470
7346,45471
7346,45472
7346,45473
7346,45474
7346,45475
7346,45476
7346,45477
7346,45478
7346,45479
7346,45480
7346,45481
7346,45482
7346,45483
7346,45484
7346,45485
7346,45486
7346,45487
7346,45488
7346,45489
7346,45490
7346,45491
7346,45492
7346,45493
7346,45494
7346,45495
7346,45496
7346,45497
7346,45498
7346,45499
7346,45500
7346,45501
7346,45502
7346,45503
7346,45504
7346,45505
7346,45506
7346,45507
7346,45508
7346,45509
7346,45510
7346,45511
7346,45512
7346,45513
7346,45514
7346,45515
7347,45371
7347,45372
7347,45373
7347,45374
7347,45375
7347,45376
7347,45377
7347,45378
7347,45405
7347,45406
7347,45407
7347,45408
7347,45409
7347,45410
7347,45411
7347,45412
7347,45413
7347,45414
7347,45415
7347,45416
7347,45417
7347,45418
7347,45419
7347,45420
7347,45421
7347,45422
7347,45423
7347,45424
7347,45425
7347,45426
7347,45427
7347,45428
7347,45429
7347,45430
7347,45431
7347,45432
7347,45433
7347,45434
7347,45435
7347,45436
7347,45437
7347,45438
7347,45439
7347,45440
7347,45441
7347,45442
7347,45443
7347,45444
7347,45445
7347,45446
7347,45447
7347,45448
7347,45449
7347,45450
7347,45451
7347,45452
7347,45453
7347,45454
7347,45455
7347,45456
7347,45457
7347,45458
7347,45459
7347,45460
7347,45461
7347,45462
7347,45463
7347,45464
7347,45465
7347,45466
7347,45467
7347,45468
7347,45469
7347,45470
7347,45471
7347,45472
7347,45473
7347,45474
7347,45475
7347,45476
7347,45477
7347,45478
7347,45479
7347,45480
7347,45481
7347,45482
7347,45483
7347,45484
7347,45485
7347,45486
7347,45487
7347,45488
7347,45489
7347,45490
7347,45491
7347,45492
7347,45493
7347,45494
7347,45495
7347,45496
7347,45497
7347,45498
7347,45499
7347,45500
7347,45501
7347,45502
7347,45503
7347,45504
7347,45505
7347,45506
7347,45507
7347,45508
7347,45509
7347,45510
7347,45511
7347,45512
7347,45513
7347,45514
7347,45515
7347,45516
7348,45372
7348,45373
7348,45374
7348,45375
7348,45376
7348,45377
7348,45406
7348,45407
7348,45408
7348,45409
7348,45410
7348,45411
7348,45412
7348,45413
7348,45414
7348,45415
7348,45416
7348,45417
7348,45418
7348,45419
7348,45420
7348,45421
7348,45422
7348,45423
7348,45424
7348,45425
7348,45426
7348,45427
7348,45428
7348,45429
7348,45430
7348,45431
7348,45432
7348,45433
7348,45434
7348,45435
7348,45436
7348,45437
7348,45438
7348,45439
7348,45440
7348,45441
7348,45442
7348,45443
7348,45444
7348,45445
7348,45446
7348,45447
7348,45448
7348,45449
7348,45450
7348,45451
7348,45452
7348,45453
7348,45454
7348,45455
7348,45456
7348,45457
7348,45458
7348,45459
7348,45460
7348,45461
7348,45462
7348,45463
7348,45464
7348,45465
7348,45466
7348,45467
7348,45468
7348,45469
7348,45470
7348,45471
7348,45472
7348,45473
7348,45474
7348,45475
7348,45476
7348,45477
7348,45478
7348,45479
7348,45480
7348,45481
7348,45482
7348,45483
7348,45484
7348,45485
7348,45486
7348,45487
7348,45488
7348,45489
7348,45490
7348,45491
7348,45492
7348,45493
7348,45494
7348,45495
7348,45496
7348,45497
7348,45498
7348,45499
7348,45500
7348,45501
7348,45502
7348,45503
7348,45504
7348,45505
7348,45506
7348,45507
7348,45508
7348,45509
7348,45510
7348,45511
7348,45512
7348,45513
7348,45514
7348,45515
7348,45516
7349,45374
7349,45406
7349,45407
7349,45408
7349,45409
7349,45410
7349,45411
7349,45412
7349,45413
7349,45414
7349,45415
7349,45416
7349,45417
7349,45418
7349,45419
7349,45420
7349,45421
7349,45422
7349,45423
7349,45424
7349,45425
7349,45426
7349,45427
7349,45428
7349,45429
7349,45430
7349,45431
7349,45432
7349,45433
7349,45434
7349,45435
7349,45436
7349,45437
7349,45438
7349,45439
7349,45440
7349,45441
7349,45442
7349,45443
7349,45444
7349,45445
7349,45446
7349,45447
7349,45448
7349,45449
7349,45450
7349,45451
7349,45452
7349,45453
7349,45454
7349,45455
7349,45456
7349,45457
7349,45458
7349,45459
7349,45460
7349,45461
7349,45462
7349,45463
7349,45464
7349,45465
7349,45466
7349,45467
7349,45468
7349,45469
7349,45470
7349,45471
7349,45472
7349,45473
7349,45474
7349,45475
7349,45476
7349,45477
7349,45478
7349,45479
7349,45480
7349,45481
7349,45482
7349,45483
7349,45484
7349,45485
7349,45486
7349,45487
7349,45488
7349,45489
7349,45490
7349,45491
7349,45492
7349,45493
7349,45494
7349,45495
7349,45496
7349,45497
7349,45498
7349,45499
7349,45500
7349,45501
7349,45502
7349,45503
7349,45504
7349,45505
7349,45506
7349,45507
7349,45508
7349,45509
7349,45510
7349,45511
7349,45512
7349,45513
7349,45514
7349,45515
7349,45516
7350,45406
7350,45407
7350,45408
7350,45409
7350,45410
7350,45411
7350,45412
7350,45413
7350,45414
7350,45415
7350,45416
7350,45417
7350,45418
7350,45419
7350,45420
7350,45421
7350,45422
7350,45423
7350,45424
7350,45425
7350,45426
7350,45427
7350,45428
7350,45429
7350,45430
7350,45431
7350,45432
7350,45433
7350,45434
7350,45435
7350,45436
7350,45437
7350,45438
7350,45439
7350,45440
7350,45441
7350,45442
7350,45443
7350,45444
7350,45445
7350,45446
7350,45447
7350,45448
7350,45449
7350,45450
7350,45451
7350,45452
7350,45453
7350,45454
7350,45455
7350,45456
7350,45457
7350,45458
7350,45459
7350,45460
7350,45461
7350,45462
7350,45463
7350,45464
7350,45465
7350,45466
7350,45467
7350,45468
7350,45469
7350,45470
7350,45471
7350,45472
7350,45473
7350,45474
7350,45475
7350,45476
7350,45477
7350,45478
7350,45479
7350,45480
7350,45481
7350,45482
7350,45483
7350,45484
7350,45485
7350,45486
7350,45487
7350,45488
7350,45489
7350,45490
7350,45491
7350,45492
7350,45493
7350,45494
7350,45495
7350,45496
7350,45497
7350,45498
7350,45499
7350,45500
7350,45501
7350,45502
7350,45503
7350,45504
7350,45505
7350,45506
7350,45507
7350,45508
7350,45509
7350,45510
7350,45511
7350,45512
7350,45513
7350,45514
7350,45515
7351,45407
7351,45408
7351,45409
7351,45410
7351,45411
7351,45412
7351,45413
7351,45414
7351,45415
7351,45416
7351,45417
7351,45418
7351,45419
7351,45420
7351,45421
7351,45422
7351,45423
7351,45424
7351,45425
7351,45426
7351,45427
7351,45428
7351,45429
7351,45430
7351,45431
7351,45432
7351,45433
7351,45434
7351,45435
7351,45436
7351,45437
7351,45438
7351,45439
7351,45440
7351,45441
7351,45442
7351,45443
7351,45444
7351,45445
7351,45446
7351,45447
7351,45448
7351,45449
7351,45450
7351,45451
7351,45452
7351,45453
7351,45454
7351,45455
7351,45456
7351,45457
7351,45458
7351,45459
7351,45460
7351,45461
7351,45462
7351,45463
7351,45464
7351,45465
7351,45466
7351,45467
7351,45468
7351,45469
7351,45470
7351,45471
7351,45472
7351,45473
7351,45474
7351,45475
7351,45476
7351,45477
7351,45478
7351,45479
7351,45480
7351,45481
7351,45482
7351,45483
7351,45484
7351,45485
7351,45486
7351,45487
7351,45488
7351,45489
7351,45490
7351,45491
7351,45492
7351,45493
7351,45494
7351,45495
7351,45496
7351,45497
7351,45498
7351,45499
7351,45500
7351,45501
7351,45502
7351,45503
7351,45504
7351,45505
7351,45506
7351,45507
7351,45508
7351,45509
7351,45510
7351,45511
7351,45512
7351,45513
7351,45514
7351,45515
7351,45516
7352,45407
7352,45408
7352,45409
7352,45410
7352,45411
7352,45412
7352,45413
7352,45414
7352,45415
7352,45416
7352,45417
7352,45418
7352,45419
7352,45420
7352,45421
7352,45422
7352,45423
7352,45424
7352,45425
7352,45426
7352,45427
7352,45428
7352,45429
7352,45430
7352,45431
7352,45432
7352,45433
7352,45434
7352,45435
7352,45436
7352,45437
7352,45438
7352,45439
7352,45440
7352,45441
7352,45442
7352,45443
7352,45444
7352,45445
7352,45446
7352,45447
7352,45448
7352,45449
7352,45450
7352,45451
7352,45452
7352,45453
7352,45454
7352,45455
7352,45456
7352,45457
7352,45458
7352,45459
7352,45460
7352,45461
7352,45462
7352,45463
7352,45464
7352,45465
7352,45466
7352,45467
7352,45468
7352,45469
7352,45470
7352,45471
7352,45472
7352,45473
7352,45474
7352,45475
7352,45476
7352,45477
7352,45478
7352,45479
7352,45480
7352,45481
7352,45482
7352,45483
7352,45484
7352,45485
7352,45486
7352,45487
7352,45488
7352,45489
7352,45490
7352,45491
7352,45492
7352,45493
7352,45494
7352,45495
7352,45496
7352,45497
7352,45498
7352,45499
7352,45500
7352,45501
7352,45502
7352,45503
7352,45504
7352,45505
7352,45506
7352,45507
7352,45508
7352,45509
7352,45510
7352,45511
7352,45512
7352,45513
7352,45514
7352,45515
7353,45408
7353,45409
7353,45410
7353,45411
7353,45412
7353,45413
7353,45414
7353,45415
7353,45416
7353,45417
7353,45418
7353,45419
7353,45420
7353,45421
7353,45422
7353,45423
7353,45424
7353,45425
7353,45426
7353,45427
7353,45428
7353,45429
7353,45430
7353,45431
7353,45432
7353,45433
7353,45434
7353,45435
7353,45436
7353,45437
7353,45438
7353,45439
7353,45440
7353,45441
7353,45442
7353,45443
7353,45444
7353,45445
7353,45446
7353,45447
7353,45448
7353,45449
7353,45450
7353,45451
7353,45452
7353,45453
7353,45454
7353,45455
7353,45456
7353,45457
7353,45458
7353,45459
7353,45460
7353,45461
7353,45462
7353,45463
7353,45464
7353,45465
7353,45466
7353,45467
7353,45468
7353,45469
7353,45470
7353,45471
7353,45472
7353,45473
7353,45474
7353,45475
7353,45476
7353,45477
7353,45478
7353,45479
7353,45480
7353,45481
7353,45482
7353,45483
7353,45484
7353,45485
7353,45486
7353,45487
7353,45488
7353,45489
7353,45490
7353,45491
7353,45492
7353,45493
7353,45494
7353,45495
7353,45496
7353,45497
7353,45498
7353,45499
7353,45500
7353,45501
7353,45502
7353,45503
7353,45504
7353,45505
7353,45506
7353,45507
7353,45508
7353,45509
7353,45510
7353,45511
7353,45512
7353,45513
7353,45514
7353,45515
7354,45407
7354,45408
7354,45409
7354,45410
7354,45411
7354,45412
7354,45413
7354,45414
7354,45415
7354,45416
7354,45417
7354,45418
7354,45419
7354,45420
7354,45421
7354,45422
7354,45423
7354,45424
7354,45425
7354,45426
7354,45427
7354,45428
7354,45429
7354,45430
7354,45431
7354,45432
7354,45433
7354,45434
7354,45435
7354,45436
7354,45437
7354,45438
7354,45439
7354,45440
7354,45441
7354,45442
7354,45443
7354,45444
7354,45445
7354,45446
7354,45447
7354,45448
7354,45449
7354,45450
7354,45451
7354,45452
7354,45453
7354,45454
7354,45455
7354,45456
7354,45457
7354,45458
7354,45459
7354,45460
7354,45461
7354,45462
7354,45463
7354,45464
7354,45465
7354,45466
7354,45467
7354,45468
7354,45469
7354,45470
7354,45471
7354,45472
7354,45473
7354,45474
7354,45475
7354,45476
7354,45477
7354,45478
7354,45479
7354,45480
7354,45481
7354,45482
7354,45483
7354,45484
7354,45485
7354,45486
7354,45487
7354,45488
7354,45489
7354,45490
7354,45491
7354,45492
7354,45493
7354,45494
7354,45495
7354,45496
7354,45497
7354,45498
7354,45499
7354,45500
7354,45501
7354,45502
7354,45503
7354,45504
7354,45505
7354,45506
7354,45507
7354,45508
7354,45509
7354,45510
7354,45511
7354,45512
7354,45513
7354,45514
7354,45515
7355,45408
7355,45409
7355,45410
7355,45411
7355,45412
7355,45413
7355,45414
7355,45415
7355,45416
7355,45417
7355,45418
7355,45419
7355,45420
7355,45421
7355,45422
7355,45423
7355,45424
7355,45425
7355,45426
7355,45427
7355,45428
7355,45429
7355,45430
7355,45431
7355,45432
7355,45433
7355,45434
7355,45435
7355,45436
7355,45437
7355,45438
7355,45439
7355,45440
7355,45441
7355,45442
7355,45443
7355,45444
7355,45445
7355,45446
7355,45447
7355,45448
7355,45449
7355,45450
7355,45451
7355,45452
7355,45453
7355,45454
7355,45455
7355,45456
7355,45457
7355,45458
7355,45459
7355,45460
7355,45461
7355,45462
7355,45463
7355,45464
7355,45465
7355,45466
7355,45467
7355,45468
7355,45469
7355,45470
7355,45471
7355,45472
7355,45473
7355,45474
7355,45475
7355,45476
7355,45477
7355,45478
7355,45479
7355,45480
7355,45481
7355,45482
7355,45483
7355,45484
7355,45485
7355,45486
7355,45487
7355,45488
7355,45489
7355,45490
7355,45491
7355,45492
7355,45493
7355,45494
7355,45495
7355,45496
7355,45497
7355,45498
7355,45499
7355,45500
7355,45501
7355,45502
7355,45503
7355,45504
7355,45505
7355,45506
7355,45507
7355,45508
7355,45509
7355,45510
7355,45511
7355,45512
7355,45513
7355,45514
7356,45407
7356,45408
7356,45409
7356,45410
7356,45411
7356,45412
7356,45413
7356,45414
7356,45415
7356,45416
7356,45417
7356,45418
7356,45419
7356,45420
7356,45421
7356,45422
7356,45423
7356,45424
7356,45425
7356,45426
7356,45427
7356,45428
7356,45429
7356,45430
7356,45431
7356,45432
7356,45433
7356,45434
7356,45435
7356,45436
7356,45437
7356,45438
7356,45439
7356,45440
7356,45441
7356,45442
7356,45443
7356,45444
7356,45445
7356,45446
7356,45447
7356,45448
7356,45449
7356,45450
7356,45451
7356,45452
7356,45453
7356,45454
7356,45455
7356,45456
7356,45457
7356,45458
7356,45459
7356,45460
7356,45461
7356,45462
7356,45463
7356,45464
7356,45465
7356,45466
7356,45467
7356,45468
7356,45469
7356,45470
7356,45471
7356,45472
7356,45473
7356,45474
7356,45475
7356,45476
7356,45477
7356,45478
7356,45479
7356,45480
7356,45481
7356,45482
7356,45483
7356,45484
7356,45485
7356,45486
7356,45487
7356,45488
7356,45489
7356,45490
7356,45491
7356,45492
7356,45493
7356,45494
7356,45495
7356,45496
7356,45497
7356,45498
7356,45499
7356,45500
7356,45501
7356,45502
7356,45503
7356,45504
7356,45505
7356,45506
7356,45507
7356,45508
7356,45509
7356,45510
7356,45511
7356,45512
7356,45513
7356,45514
7357,45408
7357,45409
7357,45410
7357,45411
7357,45412
7357,45413
7357,45414
7357,45415
7357,45416
7357,45417
7357,45418
7357,45419
7357,45420
7357,45421
7357,45422
7357,45423
7357,45424
7357,45425
7357,45426
7357,45427
7357,45428
7357,45429
7357,45430
7357,45431
7357,45432
7357,45433
7357,45434
7357,45435
7357,45436
7357,45437
7357,45438
7357,45439
7357,45440
7357,45441
7357,45442
7357,45443
7357,45444
7357,45445
7357,45446
7357,45447
7357,45448
7357,45449
7357,45450
7357,45451
7357,45452
7357,45453
7357,45454
7357,45455
7357,45456
7357,45457
7357,45458
7357,45459
7357,45460
7357,45461
7357,45462
7357,45463
7357,45464
7357,45465
7357,45466
7357,45467
7357,45468
7357,45469
7357,45470
7357,45471
7357,45472
7357,45473
7357,45474
7357,45475
7357,45476
7357,45477
7357,45478
7357,45479
7357,45480
7357,45481
7357,45482
7357,45483
7357,45484
7357,45485
7357,45486
7357,45487
7357,45488
7357,45489
7357,45490
7357,45491
7357,45492
7357,45493
7357,45494
7357,45495
7357,45496
7357,45497
7357,45498
7357,45499
7357,45500
7357,45501
7357,45502
7357,45503
7357,45504
7357,45505
7357,45506
7357,45507
7357,45508
7357,45509
7357,45510
7357,45511
7357,45512
7357,45513
7358,45408
7358,45409
7358,45410
7358,45411
7358,45412
7358,45413
7358,45414
7358,45415
7358,45416
7358,45417
7358,45418
7358,45419
7358,45420
7358,45421
7358,45422
7358,45423
7358,45424
7358,45425
7358,45426
7358,45427
7358,45428
7358,45429
7358,45430
7358,45431
7358,45432
7358,45433
7358,45434
7358,45435
7358,45436
7358,45437
7358,45438
7358,45439
7358,45440
7358,45441
7358,45442
7358,45443
7358,45444
7358,45445
7358,45446
7358,45447
7358,45448
7358,45449
7358,45450
7358,45451
7358,45452
7358,45453
7358,45454
7358,45455
7358,45456
7358,45457
7358,45458
7358,45459
7358,45460
7358,45461
7358,45462
7358,45463
7358,45464
7358,45465
7358,45466
7358,45467
7358,45468
7358,45469
7358,45470
7358,45471
7358,45472
7358,45473
7358,45474
7358,45475
7358,45476
7358,45477
7358,45478
7358,45479
7358,45480
7358,45481
7358,45482
7358,45483
7358,45484
7358,45485
7358,45486
7358,45487
7358,45488
7358,45489
7358,45490
7358,45491
7358,45492
7358,45493
7358,45494
7358,45495
7358,45496
7358,45497
7358,45498
7358,45499
7358,45500
7358,45501
7358,45502
7358,45503
7358,45504
7358,45505
7358,45506
7358,45507
7358,45508
7358,45509
7358,45510
7358,45511
7358,45512
7359,45408
7359,45409
7359,45410
7359,45411
7359,45412
7359,45413
7359,45414
7359,45415
7359,45416
7359,45417
7359,45418
7359,45419
7359,45420
7359,45421
7359,45422
7359,45423
7359,45424
7359,45425
7359,45426
7359,45427
7359,45428
7359,45429
7359,45430
7359,45431
7359,45432
7359,45433
7359,45434
7359,45435
7359,45436
7359,45437
7359,45438
7359,45439
7359,45440
7359,45441
7359,45442
7359,45443
7359,45444
7359,45445
7359,45446
7359,45447
7359,45448
7359,45449
7359,45450
7359,45451
7359,45452
7359,45453
7359,45454
7359,45455
7359,45456
7359,45457
7359,45458
7359,45459
7359,45460
7359,45461
7359,45462
7359,45463
7359,45464
7359,45465
7359,45466
7359,45467
7359,45468
7359,45469
7359,45470
7359,45471
7359,45472
7359,45473
7359,45474
7359,45475
7359,45476
7359,45477
7359,45478
7359,45479
7359,45480
7359,45481
7359,45482
7359,45483
7359,45484
7359,45485
7359,45486
7359,45487
7359,45488
7359,45489
7359,45490
7359,45491
7359,45492
7359,45493
7359,45494
7359,45495
7359,45496
7359,45497
7359,45498
7359,45499
7359,45500
7359,45501
7359,45502
7359,45503
7359,45504
7359,45505
7359,45506
7359,45507
7359,45508
7359,45509
7359,45510
7359,45511
7360,45409
7360,45410
7360,45411
7360,45412
7360,45413
7360,45414
7360,45415
7360,45416
7360,45417
7360,45418
7360,45419
7360,45420
7360,45421
7360,45422
7360,45423
7360,45424
7360,45425
7360,45426
7360,45427
7360,45428
7360,45429
7360,45430
7360,45431
7360,45432
7360,45433
7360,45434
7360,45435
7360,45436
7360,45437
7360,45438
7360,45439
7360,45440
7360,45441
7360,45442
7360,45443
7360,45444
7360,45445
7360,45446
7360,45447
7360,45448
7360,45449
7360,45450
7360,45451
7360,45452
7360,45453
7360,45454
7360,45455
7360,45456
7360,45457
7360,45458
7360,45459
7360,45460
7360,45461
7360,45462
7360,45463
7360,45464
7360,45465
7360,45466
7360,45467
7360,45468
7360,45469
7360,45470
7360,45471
7360,45472
7360,45473
7360,45474
7360,45475
7360,45476
7360,45477
7360,45478
7360,45479
7360,45480
7360,45481
7360,45482
7360,45483
7360,45484
7360,45485
7360,45486
7360,45487
7360,45488
7360,45489
7360,45490
7360,45491
7360,45492
7360,45493
7360,45494
7360,45495
7360,45496
7360,45497
7360,45498
7360,45499
7360,45500
7360,45501
7360,45502
7360,45503
7360,45504
7360,45505
7360,45506
7360,45507
7360,45508
7360,45509
7361,45410
7361,45411
7361,45412
7361,45413
7361,45414
7361,45415
7361,45416
7361,45417
7361,45418
7361,45419
7361,45420
7361,45421
7361,45422
7361,45423
7361,45424
7361,45425
7361,45426
7361,45427
7361,45428
7361,45429
7361,45430
7361,45431
7361,45432
7361,45433
7361,45434
7361,45435
7361,45436
7361,45437
7361,45438
7361,45439
7361,45440
7361,45441
7361,45442
7361,45443
7361,45444
7361,45445
7361,45446
7361,45447
7361,45448
7361,45449
7361,45450
7361,45451
7361,45452
7361,45453
7361,45454
7361,45455
7361,45456
7361,45457
7361,45458
7361,45459
7361,45460
7361,45461
7361,45462
7361,45463
7361,45464
7361,45465
7361,45466
7361,45467
7361,45468
7361,45469
7361,45470
7361,45471
7361,45472
7361,45473
7361,45474
7361,45475
7361,45476
7361,45477
7361,45478
7361,45479
7361,45480
7361,45481
7361,45482
7361,45483
7361,45484
7361,45485
7361,45486
7361,45487
7361,45488
7361,45489
7361,45490
7361,45491
7361,45492
7361,45493
7361,45494
7361,45495
7361,45496
7361,45497
7361,45498
7361,45499
7361,45500
7361,45501
7361,45502
7361,45503
7361,45504
7361,45505
7361,45506
7361,45507
7361,45508
7361,45509
7361,45510
7362,45411
7362,45412
7362,45413
7362,45414
7362,45415
7362,45416
7362,45417
7362,45418
7362,45419
7362,45420
7362,45421
7362,45422
7362,45423
7362,45424
7362,45425
7362,45426
7362,45427
7362,45428
7362,45429
7362,45430
7362,45431
7362,45432
7362,45433
7362,45434
7362,45435
7362,45436
7362,45437
7362,45438
7362,45439
7362,45440
7362,45441
7362,45442
7362,45443
7362,45444
7362,45445
7362,45446
7362,45447
7362,45448
7362,45449
7362,45450
7362,45451
7362,45452
7362,45453
7362,45454
7362,45455
7362,45456
7362,45457
7362,45458
7362,45459
7362,45460
7362,45461
7362,45462
7362,45463
7362,45464
7362,45465
7362,45466
7362,45467
7362,45468
7362,45469
7362,45470
7362,45471
7362,45472
7362,45473
7362,45474
7362,45475
7362,45476
7362,45477
7362,45478
7362,45479
7362,45480
7362,45481
7362,45482
7362,45483
7362,45484
7362,45485
7362,45486
7362,45487
7362,45488
7362,45489
7362,45490
7362,45491
7362,45492
7362,45493
7362,45494
7362,45495
7362,45496
7362,45497
7362,45498
7362,45499
7362,45500
7362,45501
7362,45502
7362,45503
7362,45504
7362,45505
7362,45506
7362,45507
7362,45508
7362,45509
7363,45411
7363,45412
7363,45413
7363,45414
7363,45415
7363,45416
7363,45417
7363,45418
7363,45419
7363,45420
7363,45421
7363,45422
7363,45423
7363,45424
7363,45425
7363,45426
7363,45427
7363,45428
7363,45429
7363,45430
7363,45431
7363,45432
7363,45433
7363,45434
7363,45435
7363,45436
7363,45437
7363,45438
7363,45439
7363,45440
7363,45441
7363,45442
7363,45443
7363,45444
7363,45445
7363,45446
7363,45447
7363,45448
7363,45449
7363,45450
7363,45451
7363,45452
7363,45453
7363,45454
7363,45455
7363,45456
7363,45457
7363,45458
7363,45459
7363,45460
7363,45461
7363,45462
7363,45463
7363,45464
7363,45465
7363,45466
7363,45467
7363,45468
7363,45469
7363,45470
7363,45471
7363,45472
7363,45473
7363,45474
7363,45475
7363,45476
7363,45477
7363,45478
7363,45479
7363,45480
7363,45481
7363,45482
7363,45483
7363,45484
7363,45485
7363,45486
7363,45487
7363,45488
7363,45489
7363,45490
7363,45491
7363,45492
7363,45493
7363,45494
7363,45495
7363,45496
7363,45497
7363,45498
7363,45499
7363,45500
7363,45501
7363,45502
7363,45503
7363,45504
7363,45505
7363,45506
7363,45507
7363,45508
7363,45509
7364,45412
7364,45413
7364,45414
7364,45415
7364,45416
7364,45417
7364,45418
7364,45419
7364,45420
7364,45421
7364,45422
7364,45423
7364,45424
7364,45425
7364,45426
7364,45427
7364,45428
7364,45429
7364,45430
7364,45431
7364,45432
7364,45433
7364,45434
7364,45435
7364,45436
7364,45437
7364,45438
7364,45439
7364,45440
7364,45441
7364,45442
7364,45443
7364,45444
7364,45445
7364,45446
7364,45447
7364,45448
7364,45449
7364,45450
7364,45451
7364,45452
7364,45453
7364,45454
7364,45455
7364,45456
7364,45457
7364,45458
7364,45459
7364,45460
7364,45461
7364,45462
7364,45463
7364,45464
7364,45465
7364,45466
7364,45467
7364,45468
7364,45469
7364,45470
7364,45471
7364,45472
7364,45473
7364,45474
7364,45475
7364,45476
7364,45477
7364,45478
7364,45479
7364,45480
7364,45481
7364,45482
7364,45483
7364,45484
7364,45485
7364,45486
7364,45487
7364,45488
7364,45489
7364,45490
7364,45491
7364,45492
7364,45493
7364,45494
7364,45495
7364,45496
7364,45497
7364,45498
7364,45499
7364,45500
7364,45501
7364,45502
7364,45503
7364,45504
7364,45505
7364,45506
7364,45507
7364,45508
7364,45509
7365,45413
7365,45414
7365,45415
7365,45416
7365,45417
7365,45418
7365,45419
7365,45420
7365,45421
7365,45422
7365,45423
7365,45424
7365,45425
7365,45426
7365,45427
7365,45428
7365,45429
7365,45430
7365,45431
7365,45432
7365,45433
7365,45434
7365,45435
7365,45436
7365,45437
7365,45438
7365,45439
7365,45440
7365,45441
7365,45442
7365,45443
7365,45444
7365,45445
7365,45446
7365,45447
7365,45448
7365,45449
7365,45450
7365,45451
7365,45452
7365,45453
7365,45454
7365,45455
7365,45456
7365,45457
7365,45458
7365,45459
7365,45460
7365,45461
7365,45462
7365,45463
7365,45464
7365,45465
7365,45466
7365,45467
7365,45468
7365,45469
7365,45470
7365,45471
7365,45472
7365,45473
7365,45474
7365,45475
7365,45476
7365,45477
7365,45478
7365,45479
7365,45480
7365,45481
7365,45482
7365,45483
7365,45484
7365,45485
7365,45486
7365,45487
7365,45488
7365,45489
7365,45490
7365,45491
7365,45492
7365,45493
7365,45494
7365,45495
7365,45496
7365,45497
7365,45498
7365,45499
7365,45500
7365,45501
7365,45502
7365,45503
7365,45504
7365,45505
7365,45506
7365,45507
7365,45508
7366,45416
7366,45417
7366,45421
7366,45422
7366,45423
7366,45424
7366,45425
7366,45426
7366,45427
7366,45428
7366,45429
7366,45430
7366,45431
7366,45432
7366,45433
7366,45434
7366,45435
7366,45436
7366,45437
7366,45438
7366,45439
7366,45440
7366,45441
7366,45442
7366,45443
7366,45444
7366,45445
7366,45446
7366,45447
7366,45448
7366,45449
7366,45450
7366,45451
7366,45452
7366,45453
7366,45454
7366,45455
7366,45456
7366,45457
7366,45458
7366,45459
7366,45460
7366,45461
7366,45462
7366,45463
7366,45464
7366,45465
7366,45466
7366,45467
7366,45468
7366,45469
7366,45470
7366,45471
7366,45472
7366,45473
7366,45474
7366,45475
7366,45476
7366,45477
7366,45478
7366,45479
7366,45480
7366,45481
7366,45482
7366,45483
7366,45484
7366,45485
7366,45486
7366,45487
7366,45488
7366,45489
7366,45490
7366,45491
7366,45492
7366,45493
7366,45494
7366,45495
7366,45496
7366,45497
7366,45498
7366,45499
7366,45500
7366,45501
7366,45502
7366,45503
7366,45504
7366,45505
7366,45506
7366,45507
7367,45422
7367,45423
7367,45424
7367,45425
7367,45426
7367,45427
7367,45428
7367,45429
7367,45430
7367,45431
7367,45432
7367,45433
7367,45434
7367,45435
7367,45436
7367,45437
7367,45438
7367,45439
7367,45440
7367,45441
7367,45442
7367,45443
7367,45444
7367,45445
7367,45446
7367,45447
7367,45448
7367,45449
7367,45450
7367,45451
7367,45452
7367,45453
7367,45454
7367,45455
7367,45456
7367,45457
7367,45458
7367,45459
7367,45460
7367,45461
7367,45462
7367,45463
7367,45464
7367,45465
7367,45466
7367,45467
7367,45468
7367,45469
7367,45470
7367,45471
7367,45472
7367,45473
7367,45474
7367,45475
7367,45476
7367,45477
7367,45478
7367,45479
7367,45480
7367,45481
7367,45482
7367,45483
7367,45484
7367,45485
7367,45486
7367,45487
7367,45488
7367,45489
7367,45490
7367,45491
7367,45492
7367,45493
7367,45494
7367,45495
7367,45496
7367,45497
7367,45498
7367,45499
7367,45500
7367,45501
7367,45502
7367,45503
7367,45504
7367,45505
7367,45506
7368,45423
7368,45424
7368,45425
7368,45426
7368,45427
7368,45428
7368,45429
7368,45430
7368,45431
7368,45432
7368,45433
7368,45434
7368,45435
7368,45436
7368,45437
7368,45438
7368,45439
7368,45440
7368,45441
7368,45442
7368,45443
7368,45444
7368,45445
7368,45446
7368,45447
7368,45448
7368,45449
7368,45450
7368,45451
7368,45452
7368,45453
7368,45454
7368,45455
7368,45456
7368,45457
7368,45458
7368,45459
7368,45460
7368,45461
7368,45462
7368,45463
7368,45464
7368,45465
7368,45466
7368,45467
7368,45468
7368,45469
7368,45470
7368,45471
7368,45472
7368,45473
7368,45474
7368,45475
7368,45476
7368,45477
7368,45478
7368,45479
7368,45480
7368,45481
7368,45482
7368,45483
7368,45484
7368,45485
7368,45486
7368,45487
7368,45488
7368,45489
7368,45490
7368,45491
7368,45492
7368,45493
7368,45494
7368,45495
7368,45496
7368,45497
7368,45498
7368,45499
7368,45500
7368,45501
7368,45502
7368,45503
7368,45504
7368,45505
7368,45506
7368,45507
7369,45424
7369,45425
7369,45426
7369,45427
7369,45428
7369,45429
7369,45430
7369,45431
7369,45432
7369,45433
7369,45434
7369,45435
7369,45436
7369,45437
7369,45438
7369,45439
7369,45440
7369,45441
7369,45442
7369,45443
7369,45444
7369,45445
7369,45446
7369,45447
7369,45448
7369,45449
7369,45450
7369,45451
7369,45452
7369,45453
7369,45454
7369,45455
7369,45456
7369,45457
7369,45458
7369,45459
7369,45460
7369,45461
7369,45462
7369,45463
7369,45464
7369,45465
7369,45466
7369,45467
7369,45468
7369,45469
7369,45470
7369,45471
7369,45472
7369,45473
7369,45474
7369,45475
7369,45476
7369,45477
7369,45478
7369,45479
7369,45480
7369,45481
7369,45482
7369,45483
7369,45484
7369,45485
7369,45486
7369,45487
7369,45488
7369,45489
7369,45490
7369,45491
7369,45492
7369,45493
7369,45494
7369,45495
7369,45496
7369,45497
7369,45498
7369,45499
7369,45500
7369,45501
7369,45502
7369,45503
7369,45504
7369,45505
7369,45506
7369,45507
7369,45508
7369,45512
7369,45513
7370,45425
7370,45426
7370,45427
7370,45428
7370,45429
7370,45430
7370,45431
7370,45432
7370,45433
7370,45434
7370,45435
7370,45436
7370,45437
7370,45438
7370,45439
7370,45440
7370,45441
7370,45442
7370,45443
7370,45444
7370,45445
7370,45446
7370,45447
7370,45448
7370,45449
7370,45450
7370,45451
7370,45452
7370,45453
7370,45454
7370,45455
7370,45456
7370,45457
7370,45458
7370,45459
7370,45460
7370,45461
7370,45462
7370,45463
7370,45464
7370,45465
7370,45466
7370,45467
7370,45468
7370,45469
7370,45470
7370,45471
7370,45472
7370,45473
7370,45474
7370,45475
7370,45476
7370,45477
7370,45478
7370,45479
7370,45480
7370,45481
7370,45482
7370,45483
7370,45484
7370,45485
7370,45486
7370,45487
7370,45488
7370,45489
7370,45490
7370,45491
7370,45492
7370,45493
7370,45494
7370,45495
7370,45496
7370,45497
7370,45498
7370,45499
7370,45500
7370,45501
7370,45502
7370,45503
7370,45504
7370,45505
7370,45506
7370,45507
7370,45508
7370,45509
7370,45510
7370,45511
7370,45512
7370,45513
7370,45514
7370,45515
7370,45516
7371,45427
7371,45428
7371,45429
7371,45430
7371,45431
7371,45432
7371,45433
7371,45434
7371,45435
7371,45436
7371,45437
7371,45438
7371,45439
7371,45440
7371,45441
7371,45442
7371,45443
7371,45444
7371,45445
7371,45446
7371,45447
7371,45448
7371,45449
7371,45450
7371,45451
7371,45452
7371,45453
7371,45454
7371,45455
7371,45456
7371,45457
7371,45458
7371,45459
7371,45460
7371,45461
7371,45462
7371,45463
7371,45464
7371,45465
7371,45466
7371,45467
7371,45468
7371,45469
7371,45470
7371,45471
7371,45472
7371,45473
7371,45474
7371,45475
7371,45476
7371,45477
7371,45478
7371,45479
7371,45480
7371,45481
7371,45482
7371,45483
7371,45484
7371,45485
7371,45486
7371,45487
7371,45488
7371,45489
7371,45490
7371,45491
7371,45492
7371,45493
7371,45494
7371,45495
7371,45496
7371,45497
7371,45498
7371,45499
7371,45500
7371,45501
7371,45502
7371,45503
7371,45504
7371,45505
7371,45506
7371,45507
7371,45508
7371,45509
7371,45510
7371,45511
7371,45512
7371,45513
7371,45514
7371,45515
7371,45516
7371,45517
7372,45429
7372,45430
7372,45431
7372,45432
7372,45433
7372,45434
7372,45435
7372,45436
7372,45437
7372,45438
7372,45439
7372,45440
7372,45441
7372,45442
7372,45443
7372,45444
7372,45445
7372,45446
7372,45447
7372,45448
7372,45449
7372,45450
7372,45451
7372,45452
7372,45453
7372,45454
7372,45455
7372,45456
7372,45457
7372,45458
7372,45459
7372,45460
7372,45461
7372,45462
7372,45463
7372,45464
7372,45465
7372,45466
7372,45467
7372,45468
7372,45469
7372,45470
7372,45471
7372,45472
7372,45473
7372,45474
7372,45475
7372,45476
7372,45477
7372,45478
7372,45479
7372,45480
7372,45481
7372,45482
7372,45483
7372,45484
7372,45485
7372,45486
7372,45487
7372,45488
7372,45489
7372,45490
7372,45491
7372,45492
7372,45493
7372,45494
7372,45495
7372,45496
7372,45497
7372,45498
7372,45499
7372,45500
7372,45501
7372,45502
7372,45503
7372,45504
7372,45505
7372,45506
7372,45507
7372,45508
7372,45509
7372,45510
7372,45511
7372,45512
7372,45513
7372,45514
7372,45515
7372,45516
7372,45517
7372,45518
7373,45430
7373,45431
7373,45432
7373,45433
7373,45434
7373,45435
7373,45436
7373,45437
7373,45438
7373,45439
7373,45440
7373,45441
7373,45442
7373,45443
7373,45444
7373,45445
7373,45446
7373,45447
7373,45448
7373,45449
7373,45450
7373,45451
7373,45452
7373,45453
7373,45454
7373,45455
7373,45456
7373,45457
7373,45458
7373,45459
7373,45460
7373,45461
7373,45462
7373,45463
7373,45464
7373,45465
7373,45466
7373,45467
7373,45468
7373,45469
7373,45470
7373,45471
7373,45472
7373,45473
7373,45474
7373,45475
7373,45476
7373,45477
7373,45478
7373,45479
7373,45480
7373,45481
7373,45482
7373,45483
7373,45484
7373,45485
7373,45486
7373,45487
7373,45488
7373,45489
7373,45490
7373,45491
7373,45492
7373,45493
7373,45494
7373,45495
7373,45496
7373,45497
7373,45498
7373,45499
7373,45500
7373,45501
7373,45502
7373,45503
7373,45504
7373,45505
7373,45506
7373,45507
7373,45508
7373,45509
7373,45510
7373,45511
7373,45512
7373,45513
7373,45514
7373,45515
7373,45516
7373,45517
7373,45518
7373,45519
7374,45430
7374,45431
7374,45432
7374,45433
7374,45434
7374,45435
7374,45436
7374,45437
7374,45438
7374,45439
7374,45440
7374,45441
7374,45442
7374,45443
7374,45444
7374,45445
7374,45446
7374,45447
7374,45448
7374,45449
7374,45450
7374,45451
7374,45452
7374,45453
7374,45454
7374,45455
7374,45456
7374,45457
7374,45458
7374,45459
7374,45460
7374,45461
7374,45462
7374,45463
7374,45464
7374,45465
7374,45466
7374,45467
7374,45468
7374,45469
7374,45470
7374,45471
7374,45472
7374,45473
7374,45474
7374,45475
7374,45476
7374,45477
7374,45478
7374,45479
7374,45480
7374,45481
7374,45482
7374,45483
7374,45484
7374,45485
7374,45486
7374,45487
7374,45488
7374,45489
7374,45490
7374,45491
7374,45492
7374,45493
7374,45494
7374,45495
7374,45496
7374,45497
7374,45498
7374,45499
7374,45500
7374,45501
7374,45502
7374,45503
7374,45504
7374,45505
7374,45506
7374,45507
7374,45508
7374,45509
7374,45510
7374,45511
7374,45512
7374,45513
7374,45514
7374,45515
7374,45516
7374,45517
7374,45518
7374,45519
7374,45520
7375,45431
7375,45432
7375,45433
7375,45434
7375,45435
7375,45436
7375,45437
7375,45438
7375,45439
7375,45440
7375,45441
7375,45442
7375,45443
7375,45444
7375,45445
7375,45446
7375,45447
7375,45448
7375,45449
7375,45450
7375,45451
7375,45452
7375,45453
7375,45454
7375,45455
7375,45456
7375,45457
7375,45458
7375,45459
7375,45460
7375,45461
7375,45462
7375,45463
7375,45464
7375,45465
7375,45466
7375,45467
7375,45468
7375,45469
7375,45470
7375,45471
7375,45472
7375,45473
7375,45474
7375,45475
7375,45476
7375,45477
7375,45478
7375,45479
7375,45480
7375,45481
7375,45482
7375,45483
7375,45484
7375,45485
7375,45486
7375,45487
7375,45488
7375,45489
7375,45490
7375,45491
7375,45492
7375,45493
7375,45494
7375,45495
7375,45496
7375,45497
7375,45498
7375,45499
7375,45500
7375,45501
7375,45502
7375,45503
7375,45504
7375,45505
7375,45506
7375,45507
7375,45508
7375,45509
7375,45510
7375,45511
7375,45512
7375,45513
7375,45514
7375,45515
7375,45516
7375,45517
7375,45518
7375,45519
7375,45520
7375,45521
7376,45432
7376,45433
7376,45434
7376,45435
7376,45436
7376,45437
7376,45438
7376,45439
7376,45440
7376,45441
7376,45442
7376,45443
7376,45444
7376,45445
7376,45446
7376,45447
7376,45448
7376,45449
7376,45450
7376,45451
7376,45452
7376,45453
7376,45454
7376,45455
7376,45456
7376,45457
7376,45458
7376,45459
7376,45460
7376,45461
7376,45462
7376,45463
7376,45464
7376,45465
7376,45466
7376,45467
7376,45468
7376,45469
7376,45470
7376,45471
7376,45472
7376,45473
7376,45474
7376,45475
7376,45476
7376,45477
7376,45478
7376,45479
7376,45480
7376,45481
7376,45482
7376,45483
7376,45484
7376,45485
7376,45486
7376,45487
7376,45488
7376,45489
7376,45490
7376,45491
7376,45492
7376,45493
7376,45494
7376,45495
7376,45496
7376,45497
7376,45498
7376,45499
7376,45500
7376,45501
7376,45502
7376,45503
7376,45504
7376,45505
7376,45506
7376,45507
7376,45508
7376,45509
7376,45510
7376,45511
7376,45512
7376,45513
7376,45514
7376,45515
7376,45516
7376,45517
7376,45518
7376,45519
7376,45520
7376,45521
7377,45432
7377,45433
7377,45434
7377,45435
7377,45436
7377,45437
7377,45438
7377,45439
7377,45440
7377,45441
7377,45442
7377,45443
7377,45444
7377,45445
7377,45446
7377,45447
7377,45448
7377,45449
7377,45450
7377,45451
7377,45452
7377,45453
7377,45454
7377,45455
7377,45456
7377,45457
7377,45458
7377,45459
7377,45460
7377,45461
7377,45462
7377,45463
7377,45464
7377,45465
7377,45466
7377,45467
7377,45468
7377,45469
7377,45470
7377,45471
7377,45472
7377,45473
7377,45474
7377,45475
7377,45476
7377,45477
7377,45478
7377,45479
7377,45480
7377,45481
7377,45482
7377,45483
7377,45484
7377,45485
7377,45486
7377,45487
7377,45488
7377,45489
7377,45490
7377,45491
7377,45492
7377,45493
7377,45494
7377,45495
7377,45496
7377,45497
7377,45498
7377,45499
7377,45500
7377,45501
7377,45502
7377,45503
7377,45504
7377,45505
7377,45506
7377,45507
7377,45508
7377,45509
7377,45510
7377,45511
7377,45512
7377,45513
7377,45514
7377,45515
7377,45516
7377,45517
7377,45518
7377,45519
7377,45520
7377,45521
7377,45522
7378,45433
7378,45434
7378,45435
7378,45436
7378,45437
7378,45438
7378,45439
7378,45440
7378,45441
7378,45442
7378,45443
7378,45444
7378,45445
7378,45446
7378,45447
7378,45448
7378,45449
7378,45450
7378,45451
7378,45452
7378,45453
7378,45454
7378,45455
7378,45456
7378,45457
7378,45458
7378,45459
7378,45460
7378,45461
7378,45462
7378,45463
7378,45464
7378,45465
7378,45466
7378,45467
7378,45468
7378,45469
7378,45470
7378,45471
7378,45472
7378,45473
7378,45474
7378,45475
7378,45476
7378,45477
7378,45478
7378,45479
7378,45480
7378,45481
7378,45482
7378,45483
7378,45484
7378,45485
7378,45486
7378,45487
7378,45488
7378,45489
7378,45490
7378,45491
7378,45492
7378,45493
7378,45494
7378,45495
7378,45496
7378,45497
7378,45498
7378,45499
7378,45500
7378,45501
7378,45502
7378,45503
7378,45504
7378,45505
7378,45506
7378,45507
7378,45508
7378,45509
7378,45510
7378,45511
7378,45512
7378,45513
7378,45514
7378,45515
7378,45516
7378,45517
7378,45518
7378,45519
7378,45520
7378,45521
7378,45522
7379,45434
7379,45435
7379,45436
7379,45437
7379,45438
7379,45439
7379,45440
7379,45441
7379,45442
7379,45443
7379,45444
7379,45445
7379,45446
7379,45447
7379,45448
7379,45449
7379,45450
7379,45451
7379,45452
7379,45453
7379,45454
7379,45455
7379,45456
7379,45457
7379,45458
7379,45459
7379,45460
7379,45461
7379,45462
7379,45463
7379,45464
7379,45465
7379,45466
7379,45467
7379,45468
7379,45469
7379,45470
7379,45471
7379,45472
7379,45473
7379,45474
7379,45475
7379,45476
7379,45477
7379,45478
7379,45479
7379,45480
7379,45481
7379,45482
7379,45483
7379,45484
7379,45485
7379,45486
7379,45487
7379,45488
7379,45489
7379,45490
7379,45491
7379,45492
7379,45493
7379,45494
7379,45495
7379,45496
7379,45497
7379,45498
7379,45499
7379,45500
7379,45501
7379,45502
7379,45503
7379,45504
7379,45505
7379,45506
7379,45507
7379,45508
7379,45509
7379,45510
7379,45511
7379,45512
7379,45513
7379,45514
7379,45515
7379,45516
7379,45517
7379,45518
7379,45519
7379,45520
7379,45521
7379,45522
7380,45435
7380,45436
7380,45437
7380,45438
7380,45439
7380,45440
7380,45441
7380,45442
7380,45443
7380,45444
7380,45445
7380,45446
7380,45447
7380,45448
7380,45449
7380,45450
7380,45451
7380,45452
7380,45453
7380,45454
7380,45455
7380,45456
7380,45457
7380,45458
7380,45459
7380,45460
7380,45461
7380,45462
7380,45463
7380,45464
7380,45465
7380,45466
7380,45467
7380,45468
7380,45469
7380,45470
7380,45471
7380,45472
7380,45473
7380,45474
7380,45475
7380,45476
7380,45477
7380,45478
7380,45479
7380,45480
7380,45481
7380,45482
7380,45483
7380,45484
7380,45485
7380,45486
7380,45487
7380,45488
7380,45489
7380,45490
7380,45491
7380,45492
7380,45493
7380,45494
7380,45495
7380,45496
7380,45497
7380,45498
7380,45499
7380,45500
7380,45501
7380,45502
7380,45503
7380,45504
7380,45505
7380,45506
7380,45507
7380,45508
7380,45509
7380,45510
7380,45511
7380,45512
7380,45513
7380,45514
7380,45515
7380,45516
7380,45517
7380,45518
7380,45519
7380,45520
7380,45521
7380,45522
7380,45523
7381,45434
7381,45435
7381,45436
7381,45437
7381,45438
7381,45439
7381,45440
7381,45441
7381,45442
7381,45443
7381,45444
7381,45445
7381,45446
7381,45447
7381,45448
7381,45449
7381,45450
7381,45451
7381,45452
7381,45453
7381,45454
7381,45455
7381,45456
7381,45457
7381,45458
7381,45459
7381,45460
7381,45461
7381,45462
7381,45463
7381,45464
7381,45465
7381,45466
7381,45467
7381,45468
7381,45469
7381,45470
7381,45471
7381,45472
7381,45473
7381,45474
7381,45475
7381,45476
7381,45477
7381,45478
7381,45479
7381,45480
7381,45481
7381,45482
7381,45483
7381,45484
7381,45485
7381,45486
7381,45487
7381,45488
7381,45489
7381,45490
7381,45491
7381,45492
7381,45493
7381,45494
7381,45495
7381,45496
7381,45497
7381,45498
7381,45499
7381,45500
7381,45501
7381,45502
7381,45503
7381,45504
7381,45505
7381,45506
7381,45507
7381,45508
7381,45509
7381,45510
7381,45511
7381,45512
7381,45513
7381,45514
7381,45515
7381,45516
7381,45517
7381,45518
7381,45519
7381,45520
7381,45521
7381,45522
7382,45433
7382,45434
7382,45435
7382,45436
7382,45437
7382,45438
7382,45439
7382,45440
7382,45441
7382,45442
7382,45443
7382,45444
7382,45445
7382,45446
7382,45447
7382,45448
7382,45449
7382,45450
7382,45451
7382,45452
7382,45453
7382,45454
7382,45455
7382,45456
7382,45457
7382,45458
7382,45459
7382,45460
7382,45461
7382,45462
7382,45463
7382,45464
7382,45465
7382,45466
7382,45467
7382,45468
7382,45469
7382,45470
7382,45471
7382,45472
7382,45473
7382,45474
7382,45475
7382,45476
7382,45477
7382,45478
7382,45479
7382,45480
7382,45481
7382,45482
7382,45483
7382,45484
7382,45485
7382,45486
7382,45487
7382,45488
7382,45489
7382,45490
7382,45491
7382,45492
7382,45493
7382,45494
7382,45495
7382,45496
7382,45497
7382,45498
7382,45499
7382,45500
7382,45501
7382,45502
7382,45503
7382,45504
7382,45505
7382,45506
7382,45507
7382,45508
7382,45509
7382,45510
7382,45511
7382,45512
7382,45513
7382,45514
7382,45515
7382,45516
7382,45517
7382,45518
7382,45519
7382,45520
7382,45521
7382,45522
7383,45433
7383,45434
7383,45435
7383,45436
7383,45437
7383,45438
7383,45439
7383,45440
7383,45441
7383,45442
7383,45443
7383,45444
7383,45445
7383,45446
7383,45447
7383,45448
7383,45449
7383,45450
7383,45451
7383,45452
7383,45453
7383,45454
7383,45455
7383,45456
7383,45457
7383,45458
7383,45459
7383,45460
7383,45461
7383,45462
7383,45463
7383,45464
7383,45465
7383,45466
7383,45467
7383,45468
7383,45469
7383,45470
7383,45471
7383,45472
7383,45473
7383,45474
7383,45475
7383,45476
7383,45477
7383,45478
7383,45479
7383,45480
7383,45481
7383,45482
7383,45483
7383,45484
7383,45485
7383,45486
7383,45487
7383,45488
7383,45489
7383,45490
7383,45491
7383,45492
7383,45493
7383,45494
7383,45495
7383,45496
7383,45497
7383,45498
7383,45499
7383,45500
7383,45501
7383,45502
7383,45503
7383,45504
7383,45505
7383,45506
7383,45507
7383,45508
7383,45509
7383,45510
7383,45511
7383,45512
7383,45513
7383,45514
7383,45515
7383,45516
7383,45517
7383,45518
7383,45519
7383,45520
7383,45521
7383,45522
7384,45432
7384,45433
7384,45434
7384,45435
7384,45436
7384,45437
7384,45438
7384,45439
7384,45440
7384,45441
7384,45442
7384,45443
7384,45444
7384,45445
7384,45446
7384,45447
7384,45448
7384,45449
7384,45450
7384,45451
7384,45452
7384,45453
7384,45454
7384,45455
7384,45456
7384,45457
7384,45458
7384,45459
7384,45460
7384,45461
7384,45462
7384,45463
7384,45464
7384,45465
7384,45466
7384,45467
7384,45468
7384,45469
7384,45470
7384,45471
7384,45472
7384,45473
7384,45474
7384,45475
7384,45476
7384,45477
7384,45478
7384,45479
7384,45480
7384,45481
7384,45482
7384,45483
7384,45484
7384,45485
7384,45486
7384,45487
7384,45488
7384,45489
7384,45490
7384,45491
7384,45492
7384,45493
7384,45494
7384,45495
7384,45496
7384,45497
7384,45498
7384,45499
7384,45500
7384,45501
7384,45502
7384,45503
7384,45504
7384,45505
7384,45506
7384,45507
7384,45508
7384,45509
7384,45510
7384,45511
7384,45512
7384,45513
7384,45514
7384,45515
7384,45516
7384,45517
7384,45518
7384,45519
7384,45520
7384,45521
7385,45432
7385,45433
7385,45434
7385,45435
7385,45436
7385,45437
7385,45438
7385,45439
7385,45440
7385,45441
7385,45442
7385,45443
7385,45444
7385,45445
7385,45446
7385,45447
7385,45448
7385,45449
7385,45450
7385,45451
7385,45452
7385,45453
7385,45454
7385,45455
7385,45456
7385,45457
7385,45458
7385,45459
7385,45460
7385,45461
7385,45462
7385,45463
7385,45464
7385,45465
7385,45466
7385,45467
7385,45468
7385,45469
7385,45470
7385,45471
7385,45472
7385,45473
7385,45474
7385,45475
7385,45476
7385,45477
7385,45478
7385,45479
7385,45480
7385,45481
7385,45482
7385,45483
7385,45484
7385,45485
7385,45486
7385,45487
7385,45488
7385,45489
7385,45490
7385,45491
7385,45492
7385,45493
7385,45494
7385,45495
7385,45496
7385,45497
7385,45498
7385,45499
7385,45500
7385,45501
7385,45502
7385,45503
7385,45504
7385,45505
7385,45506
7385,45507
7385,45508
7385,45509
7385,45510
7385,45511
7385,45512
7385,45513
7385,45514
7385,45515
7385,45516
7385,45517
7385,45518
7385,45519
7385,45520
7385,45521
7386,45432
7386,45433
7386,45434
7386,45435
7386,45436
7386,45437
7386,45438
7386,45439
7386,45440
7386,45441
7386,45442
7386,45443
7386,45444
7386,45445
7386,45446
7386,45447
7386,45448
7386,45449
7386,45450
7386,45451
7386,45452
7386,45453
7386,45454
7386,45455
7386,45456
7386,45457
7386,45458
7386,45459
7386,45460
7386,45461
7386,45462
7386,45463
7386,45464
7386,45465
7386,45466
7386,45467
7386,45468
7386,45469
7386,45470
7386,45471
7386,45472
7386,45473
7386,45474
7386,45475
7386,45476
7386,45477
7386,45478
7386,45479
7386,45480
7386,45481
7386,45482
7386,45483
7386,45484
7386,45485
7386,45486
7386,45487
7386,45488
7386,45489
7386,45490
7386,45491
7386,45492
7386,45493
7386,45494
7386,45495
7386,45496
7386,45497
7386,45498
7386,45499
7386,45500
7386,45501
7386,45502
7386,45503
7386,45504
7386,45505
7386,45506
7386,45507
7386,45508
7386,45509
7386,45510
7386,45511
7386,45512
7386,45513
7386,45514
7386,45515
7386,45516
7386,45517
7386,45518
7386,45519
7386,45520
7387,45431
7387,45432
7387,45433
7387,45434
7387,45435
7387,45436
7387,45437
7387,45438
7387,45439
7387,45440
7387,45441
7387,45442
7387,45443
7387,45444
7387,45445
7387,45446
7387,45447
7387,45448
7387,45449
7387,45450
7387,45451
7387,45452
7387,45453
7387,45454
7387,45455
7387,45456
7387,45457
7387,45458
7387,45459
7387,45460
7387,45461
7387,45462
7387,45463
7387,45464
7387,45465
7387,45466
7387,45467
7387,45468
7387,45469
7387,45470
7387,45471
7387,45472
7387,45473
7387,45474
7387,45475
7387,45476
7387,45477
7387,45478
7387,45479
7387,45480
7387,45481
7387,45482
7387,45483
7387,45484
7387,45485
7387,45486
7387,45487
7387,45488
7387,45489
7387,45490
7387,45491
7387,45492
7387,45493
7387,45494
7387,45495
7387,45496
7387,45497
7387,45498
7387,45499
7387,45500
7387,45501
7387,45502
7387,45503
7387,45504
7387,45505
7387,45506
7387,45507
7387,45508
7387,45509
7387,45510
7387,45511
7387,45512
7387,45513
7387,45514
7387,45515
7387,45516
7387,45517
7387,45518
7387,45519
7388,45431
7388,45432
7388,45433
7388,45434
7388,45435
7388,45436
7388,45437
7388,45438
7388,45439
7388,45440
7388,45441
7388,45442
7388,45443
7388,45444
7388,45445
7388,45446
7388,45447
7388,45448
7388,45449
7388,45450
7388,45451
7388,45452
7388,45453
7388,45454
7388,45455
7388,45456
7388,45457
7388,45458
7388,45459
7388,45460
7388,45461
7388,45462
7388,45463
7388,45464
7388,45465
7388,45466
7388,45467
7388,45468
7388,45469
7388,45470
7388,45471
7388,45472
7388,45473
7388,45474
7388,45475
7388,45476
7388,45477
7388,45478
7388,45479
7388,45480
7388,45481
7388,45482
7388,45483
7388,45484
7388,45485
7388,45486
7388,45487
7388,45488
7388,45489
7388,45490
7388,45491
7388,45492
7388,45493
7388,45494
7388,45495
7388,45496
7388,45497
7388,45498
7388,45499
7388,45500
7388,45501
7388,45502
7388,45503
7388,45504
7388,45505
7388,45506
7388,45507
7388,45508
7388,45509
7388,45510
7388,45511
7388,45512
7388,45513
7388,45514
7388,45516
7389,45431
7389,45432
7389,45433
7389,45434
7389,45435
7389,45436
7389,45437
7389,45438
7389,45439
7389,45440
7389,45441
7389,45442
7389,45443
7389,45444
7389,45445
7389,45446
7389,45447
7389,45448
7389,45449
7389,45450
7389,45451
7389,45452
7389,45453
7389,45454
7389,45455
7389,45456
7389,45457
7389,45458
7389,45459
7389,45460
7389,45461
7389,45462
7389,45463
7389,45464
7389,45465
7389,45466
7389,45467
7389,45468
7389,45469
7389,45470
7389,45471
7389,45472
7389,45473
7389,45474
7389,45475
7389,45476
7389,45477
7389,45478
7389,45479
7389,45480
7389,45481
7389,45482
7389,45483
7389,45484
7389,45485
7389,45486
7389,45487
7389,45488
7389,45489
7389,45490
7389,45491
7389,45492
7389,45493
7389,45494
7389,45495
7389,45496
7389,45497
7389,45498
7389,45499
7389,45500
7389,45501
7389,45502
7389,45503
7389,45504
7389,45505
7389,45506
7389,45507
7389,45508
7389,45509
7389,45510
7389,45511
7389,45512
7390,45432
7390,45433
7390,45434
7390,45435
7390,45436
7390,45437
7390,45438
7390,45439
7390,45440
7390,45441
7390,45442
7390,45443
7390,45444
7390,45445
7390,45446
7390,45447
7390,45448
7390,45449
7390,45450
7390,45451
7390,45452
7390,45453
7390,45454
7390,45455
7390,45456
7390,45457
7390,45458
7390,45459
7390,45460
7390,45461
7390,45462
7390,45463
7390,45464
7390,45465
7390,45466
7390,45467
7390,45468
7390,45469
7390,45470
7390,45471
7390,45472
7390,45473
7390,45474
7390,45475
7390,45476
7390,45477
7390,45478
7390,45479
7390,45480
7390,45481
7390,45482
7390,45483
7390,45484
7390,45485
7390,45486
7390,45487
7390,45488
7390,45489
7390,45490
7390,45491
7390,45492
7390,45493
7390,45494
7390,45495
7390,45496
7390,45497
7390,45498
7390,45499
7390,45500
7390,45501
7390,45502
7390,45503
7390,45504
7390,45505
7390,45506
7390,45507
7390,45508
7390,45509
7390,45510
7390,45511
7390,45512
7391,45432
7391,45433
7391,45434
7391,45435
7391,45436
7391,45437
7391,45438
7391,45439
7391,45440
7391,45441
7391,45442
7391,45443
7391,45444
7391,45445
7391,45446
7391,45447
7391,45448
7391,45449
7391,45450
7391,45451
7391,45452
7391,45453
7391,45454
7391,45455
7391,45456
7391,45457
7391,45458
7391,45459
7391,45460
7391,45461
7391,45462
7391,45463
7391,45464
7391,45465
7391,45466
7391,45467
7391,45468
7391,45469
7391,45470
7391,45471
7391,45472
7391,45473
7391,45474
7391,45475
7391,45476
7391,45477
7391,45478
7391,45479
7391,45480
7391,45481
7391,45482
7391,45483
7391,45484
7391,45485
7391,45486
7391,45487
7391,45488
7391,45489
7391,45490
7391,45491
7391,45492
7391,45493
7391,45494
7391,45495
7391,45496
7391,45497
7391,45498
7391,45499
7391,45500
7391,45501
7391,45502
7391,45503
7391,45504
7391,45505
7391,45506
7391,45507
7391,45508
7391,45509
7391,45510
7391,45511
7391,45512
7391,45513
7392,45432
7392,45433
7392,45434
7392,45435
7392,45436
7392,45437
7392,45438
7392,45439
7392,45440
7392,45441
7392,45442
7392,45443
7392,45444
7392,45445
7392,45446
7392,45447
7392,45448
7392,45449
7392,45450
7392,45451
7392,45452
7392,45453
7392,45454
7392,45455
7392,45456
7392,45457
7392,45458
7392,45459
7392,45460
7392,45461
7392,45462
7392,45463
7392,45464
7392,45465
7392,45466
7392,45467
7392,45468
7392,45469
7392,45470
7392,45471
7392,45472
7392,45473
7392,45474
7392,45475
7392,45476
7392,45477
7392,45478
7392,45479
7392,45480
7392,45481
7392,45482
7392,45483
7392,45484
7392,45485
7392,45486
7392,45487
7392,45488
7392,45489
7392,45490
7392,45491
7392,45492
7392,45493
7392,45494
7392,45495
7392,45496
7392,45497
7392,45498
7392,45499
7392,45500
7392,45501
7392,45502
7392,45503
7392,45504
7392,45505
7392,45506
7392,45507
7392,45508
7392,45509
7392,45510
7392,45511
7392,45512
7392,45513
7392,45514
7392,45515
7393,45433
7393,45434
7393,45435
7393,45436
7393,45437
7393,45438
7393,45439
7393,45440
7393,45441
7393,45442
7393,45443
7393,45444
7393,45445
7393,45446
7393,45447
7393,45448
7393,45449
7393,45450
7393,45451
7393,45452
7393,45453
7393,45454
7393,45455
7393,45456
7393,45457
7393,45458
7393,45459
7393,45460
7393,45461
7393,45462
7393,45463
7393,45464
7393,45465
7393,45466
7393,45467
7393,45468
7393,45469
7393,45470
7393,45471
7393,45472
7393,45473
7393,45474
7393,45475
7393,45476
7393,45477
7393,45478
7393,45479
7393,45480
7393,45481
7393,45482
7393,45483
7393,45484
7393,45485
7393,45486
7393,45487
7393,45488
7393,45489
7393,45490
7393,45491
7393,45492
7393,45493
7393,45494
7393,45495
7393,45496
7393,45497
7393,45498
7393,45499
7393,45500
7393,45501
7393,45502
7393,45503
7393,45504
7393,45505
7393,45506
7393,45507
7393,45508
7393,45509
7393,45510
7393,45511
7393,45512
7393,45513
7393,45514
7393,45515
7393,45516
7394,45434
7394,45435
7394,45436
7394,45437
7394,45438
7394,45439
7394,45440
7394,45441
7394,45442
7394,45443
7394,45444
7394,45445
7394,45446
7394,45447
7394,45448
7394,45449
7394,45450
7394,45451
7394,45452
7394,45453
7394,45454
7394,45455
7394,45456
7394,45457
7394,45458
7394,45459
7394,45460
7394,45461
7394,45462
7394,45463
7394,45464
7394,45465
7394,45466
7394,45467
7394,45468
7394,45469
7394,45470
7394,45471
7394,45472
7394,45473
7394,45474
7394,45475
7394,45476
7394,45477
7394,45478
7394,45479
7394,45480
7394,45481
7394,45482
7394,45483
7394,45484
7394,45485
7394,45486
7394,45487
7394,45488
7394,45489
7394,45490
7394,45491
7394,45492
7394,45493
7394,45494
7394,45495
7394,45496
7394,45497
7394,45498
7394,45499
7394,45500
7394,45501
7394,45502
7394,45503
7394,45504
7394,45505
7394,45506
7394,45507
7394,45508
7394,45509
7394,45510
7394,45511
7394,45512
7394,45513
7394,45514
7394,45515
7394,45516
7394,45517
7395,45435
7395,45436
7395,45437
7395,45438
7395,45439
7395,45440
7395,45441
7395,45442
7395,45443
7395,45444
7395,45445
7395,45446
7395,45447
7395,45448
7395,45449
7395,45450
7395,45451
7395,45452
7395,45453
7395,45454
7395,45455
7395,45456
7395,45457
7395,45458
7395,45459
7395,45460
7395,45461
7395,45462
7395,45463
7395,45464
7395,45465
7395,45466
7395,45467
7395,45468
7395,45469
7395,45470
7395,45471
7395,45472
7395,45473
7395,45474
7395,45475
7395,45476
7395,45477
7395,45478
7395,45479
7395,45480
7395,45481
7395,45482
7395,45483
7395,45484
7395,45485
7395,45486
7395,45487
7395,45488
7395,45489
7395,45490
7395,45491
7395,45492
7395,45493
7395,45494
7395,45495
7395,45496
7395,45497
7395,45498
7395,45499
7395,45500
7395,45501
7395,45502
7395,45503
7395,45504
7395,45505
7395,45506
7395,45507
7395,45508
7395,45509
7395,45510
7395,45511
7395,45512
7395,45513
7395,45514
7395,45515
7395,45516
7395,45517
7396,45437
7396,45440
7396,45442
7396,45443
7396,45444
7396,45445
7396,45446
7396,45447
7396,45448
7396,45449
7396,45450
7396,45451
7396,45452
7396,45453
7396,45454
7396,45455
7396,45456
7396,45457
7396,45458
7396,45459
7396,45460
7396,45461
7396,45462
7396,45463
7396,45464
7396,45465
7396,45466
7396,45467
7396,45468
7396,45469
7396,45470
7396,45471
7396,45472
7396,45473
7396,45474
7396,45475
7396,45476
7396,45477
7396,45478
7396,45479
7396,45480
7396,45481
7396,45482
7396,45483
7396,45484
7396,45485
7396,45486
7396,45487
7396,45488
7396,45489
7396,45490
7396,45491
7396,45492
7396,45493
7396,45494
7396,45495
7396,45496
7396,45497
7396,45498
7396,45499
7396,45500
7396,45501
7396,45502
7396,45503
7396,45504
7396,45505
7396,45506
7396,45507
7396,45508
7396,45509
7396,45510
7396,45511
7396,45512
7396,45513
7396,45514
7396,45515
7396,45516
7396,45517
7396,45518
7397,45442
7397,45443
7397,45444
7397,45445
7397,45446
7397,45447
7397,45448
7397,45449
7397,45450
7397,45451
7397,45452
7397,45453
7397,45454
7397,45455
7397,45456
7397,45457
7397,45458
7397,45459
7397,45460
7397,45461
7397,45462
7397,45463
7397,45464
7397,45465
7397,45466
7397,45467
7397,45468
7397,45469
7397,45470
7397,45471
7397,45472
7397,45473
7397,45474
7397,45475
7397,45476
7397,45477
7397,45478
7397,45479
7397,45480
7397,45481
7397,45482
7397,45483
7397,45484
7397,45485
7397,45486
7397,45487
7397,45488
7397,45489
7397,45490
7397,45491
7397,45492
7397,45493
7397,45494
7397,45495
7397,45496
7397,45497
7397,45498
7397,45499
7397,45500
7397,45501
7397,45502
7397,45503
7397,45504
7397,45505
7397,45506
7397,45507
7397,45508
7397,45509
7397,45510
7397,45511
7397,45512
7397,45513
7397,45514
7397,45515
7397,45516
7397,45517
7397,45518
7398,45442
7398,45443
7398,45444
7398,45445
7398,45446
7398,45447
7398,45448
7398,45449
7398,45450
7398,45451
7398,45452
7398,45453
7398,45454
7398,45455
7398,45456
7398,45457
7398,45458
7398,45459
7398,45460
7398,45461
7398,45462
7398,45463
7398,45464
7398,45465
7398,45466
7398,45467
7398,45468
7398,45469
7398,45470
7398,45471
7398,45472
7398,45473
7398,45474
7398,45475
7398,45476
7398,45477
7398,45478
7398,45479
7398,45480
7398,45481
7398,45482
7398,45483
7398,45484
7398,45485
7398,45486
7398,45487
7398,45488
7398,45489
7398,45490
7398,45491
7398,45492
7398,45493
7398,45494
7398,45495
7398,45496
7398,45497
7398,45498
7398,45499
7398,45500
7398,45501
7398,45502
7398,45503
7398,45504
7398,45505
7398,45506
7398,45507
7398,45508
7398,45509
7398,45510
7398,45511
7398,45512
7398,45513
7398,45514
7398,45515
7398,45516
7398,45517
7398,45518
7399,45442
7399,45443
7399,45444
7399,45445
7399,45446
7399,45447
7399,45448
7399,45449
7399,45450
7399,45451
7399,45452
7399,45453
7399,45454
7399,45455
7399,45456
7399,45457
7399,45458
7399,45459
7399,45460
7399,45461
7399,45462
7399,45463
7399,45464
7399,45465
7399,45466
7399,45467
7399,45468
7399,45469
7399,45470
7399,45471
7399,45472
7399,45473
7399,45474
7399,45475
7399,45476
7399,45477
7399,45478
7399,45479
7399,45480
7399,45481
7399,45482
7399,45483
7399,45484
7399,45485
7399,45486
7399,45487
7399,45488
7399,45489
7399,45490
7399,45491
7399,45492
7399,45493
7399,45494
7399,45495
7399,45496
7399,45497
7399,45498
7399,45499
7399,45500
7399,45501
7399,45502
7399,45503
7399,45504
7399,45505
7399,45506
7399,45507
7399,45508
7399,45509
7399,45510
7399,45511
7399,45512
7399,45513
7399,45514
7399,45515
7399,45516
7399,45517
7400,45442
7400,45443
7400,45444
7400,45445
7400,45446
7400,45447
7400,45448
7400,45449
7400,45450
7400,45451
7400,45452
7400,45453
7400,45454
7400,45455
7400,45456
7400,45457
7400,45458
7400,45459
7400,45460
7400,45461
7400,45462
7400,45463
7400,45464
7400,45465
7400,45466
7400,45467
7400,45468
7400,45469
7400,45470
7400,45471
7400,45472
7400,45473
7400,45474
7400,45475
7400,45476
7400,45477
7400,45478
7400,45479
7400,45480
7400,45481
7400,45482
7400,45483
7400,45484
7400,45485
7400,45486
7400,45487
7400,45488
7400,45489
7400,45490
7400,45491
7400,45492
7400,45493
7400,45494
7400,45495
7400,45496
7400,45497
7400,45498
7400,45499
7400,45500
7400,45501
7400,45502
7400,45503
7400,45504
7400,45505
7400,45506
7400,45507
7400,45508
7400,45509
7400,45510
7400,45511
7400,45512
7400,45513
7400,45514
7400,45515
7400,45516
7400,45517
7401,45443
7401,45444
7401,45445
7401,45446
7401,45447
7401,45448
7401,45449
7401,45450
7401,45451
7401,45452
7401,45453
7401,45454
7401,45455
7401,45456
7401,45457
7401,45458
7401,45459
7401,45460
7401,45461
7401,45462
7401,45463
7401,45464
7401,45465
7401,45466
7401,45467
7401,45468
7401,45469
7401,45470
7401,45471
7401,45472
7401,45473
7401,45474
7401,45475
7401,45476
7401,45477
7401,45478
7401,45479
7401,45480
7401,45481
7401,45482
7401,45483
7401,45484
7401,45485
7401,45486
7401,45487
7401,45488
7401,45489
7401,45490
7401,45491
7401,45492
7401,45493
7401,45494
7401,45495
7401,45496
7401,45497
7401,45498
7401,45499
7401,45500
7401,45501
7401,45502
7401,45503
7401,45504
7401,45505
7401,45506
7401,45507
7401,45508
7401,45509
7401,45510
7401,45511
7401,45512
7401,45513
7401,45514
7401,45515
7401,45516
7402,45443
7402,45444
7402,45445
7402,45446
7402,45447
7402,45448
7402,45449
7402,45450
7402,45451
7402,45452
7402,45453
7402,45454
7402,45455
7402,45456
7402,45457
7402,45458
7402,45459
7402,45460
7402,45461
7402,45462
7402,45463
7402,45464
7402,45465
7402,45466
7402,45467
7402,45468
7402,45469
7402,45470
7402,45471
7402,45472
7402,45473
7402,45474
7402,45475
7402,45476
7402,45477
7402,45478
7402,45479
7402,45480
7402,45481
7402,45482
7402,45483
7402,45484
7402,45485
7402,45486
7402,45487
7402,45488
7402,45489
7402,45490
7402,45491
7402,45492
7402,45493
7402,45494
7402,45495
7402,45496
7402,45497
7402,45498
7402,45499
7402,45500
7402,45501
7402,45502
7402,45503
7402,45504
7402,45505
7402,45506
7402,45507
7402,45508
7402,45509
7402,45510
7402,45511
7402,45512
7402,45513
7402,45514
7402,45515
7403,45444
7403,45445
7403,45446
7403,45447
7403,45448
7403,45449
7403,45450
7403,45451
7403,45452
7403,45453
7403,45454
7403,45455
7403,45456
7403,45457
7403,45458
7403,45459
7403,45460
7403,45461
7403,45462
7403,45463
7403,45464
7403,45465
7403,45466
7403,45467
7403,45468
7403,45469
7403,45470
7403,45471
7403,45472
7403,45473
7403,45474
7403,45475
7403,45476
7403,45477
7403,45478
7403,45479
7403,45480
7403,45481
7403,45482
7403,45483
7403,45484
7403,45485
7403,45486
7403,45487
7403,45488
7403,45489
7403,45490
7403,45491
7403,45492
7403,45493
7403,45494
7403,45495
7403,45496
7403,45497
7403,45498
7403,45499
7403,45500
7403,45501
7403,45502
7403,45503
7403,45504
7403,45505
7403,45506
7403,45507
7403,45508
7403,45509
7403,45510
7403,45511
7403,45512
7403,45513
7404,45445
7404,45446
7404,45447
7404,45448
7404,45449
7404,45450
7404,45451
7404,45452
7404,45453
7404,45454
7404,45455
7404,45456
7404,45457
7404,45458
7404,45459
7404,45460
7404,45461
7404,45462
7404,45463
7404,45464
7404,45465
7404,45466
7404,45467
7404,45468
7404,45469
7404,45470
7404,45471
7404,45472
7404,45473
7404,45474
7404,45475
7404,45476
7404,45477
7404,45478
7404,45479
7404,45480
7404,45481
7404,45482
7404,45483
7404,45484
7404,45485
7404,45486
7404,45487
7404,45488
7404,45489
7404,45490
7404,45491
7404,45492
7404,45493
7404,45494
7404,45495
7404,45496
7404,45497
7404,45498
7404,45499
7404,45500
7404,45501
7404,45502
7404,45503
7404,45504
7404,45505
7404,45506
7404,45507
7404,45508
7404,45509
7404,45510
7404,45511
7405,45447
7405,45448
7405,45450
7405,45451
7405,45452
7405,45453
7405,45454
7405,45455
7405,45456
7405,45457
7405,45458
7405,45459
7405,45460
7405,45461
7405,45462
7405,45463
7405,45464
7405,45465
7405,45466
7405,45467
7405,45468
7405,45469
7405,45470
7405,45471
7405,45472
7405,45473
7405,45474
7405,45475
7405,45476
7405,45477
7405,45478
7405,45479
7405,45480
7405,45481
7405,45482
7405,45483
7405,45484
7405,45485
7405,45486
7405,45487
7405,45488
7405,45489
7405,45490
7405,45491
7405,45492
7405,45493
7405,45494
7405,45495
7405,45496
7405,45497
7405,45498
7405,45499
7405,45500
7405,45501
7405,45502
7405,45503
7405,45504
7405,45505
7405,45506
7405,45507
7405,45508
7405,45509
7405,45510
7406,45452
7406,45453
7406,45454
7406,45455
7406,45456
7406,45457
7406,45458
7406,45459
7406,45460
7406,45461
7406,45462
7406,45463
7406,45464
7406,45465
7406,45466
7406,45467
7406,45468
7406,45469
7406,45470
7406,45471
7406,45472
7406,45473
7406,45474
7406,45475
7406,45476
7406,45477
7406,45478
7406,45479
7406,45480
7406,45481
7406,45482
7406,45483
7406,45484
7406,45485
7406,45486
7406,45487
7406,45488
7406,45489
7406,45490
7406,45491
7406,45492
7406,45493
7406,45494
7406,45495
7406,45496
7406,45497
7406,45498
7406,45499
7406,45500
7406,45501
7406,45502
7406,45503
7406,45504
7406,45505
7406,45506
7406,45507
7406,45508
7406,45509
7407,45453
7407,45454
7407,45455
7407,45456
7407,45457
7407,45458
7407,45459
7407,45460
7407,45461
7407,45462
7407,45463
7407,45464
7407,45465
7407,45466
7407,45467
7407,45468
7407,45469
7407,45470
7407,45471
7407,45472
7407,45473
7407,45474
7407,45475
7407,45476
7407,45477
7407,45478
7407,45479
7407,45480
7407,45481
7407,45482
7407,45483
7407,45484
7407,45485
7407,45486
7407,45487
7407,45488
7407,45489
7407,45490
7407,45491
7407,45492
7407,45493
7407,45494
7407,45495
7407,45496
7407,45497
7407,45498
7407,45499
7407,45500
7407,45501
7407,45502
7407,45503
7407,45504
7407,45505
7407,45506
7407,45507
7407,45508
7408,45453
7408,45454
7408,45455
7408,45456
7408,45457
7408,45458
7408,45459
7408,45460
7408,45461
7408,45462
7408,45463
7408,45464
7408,45465
7408,45466
7408,45467
7408,45468
7408,45469
7408,45470
7408,45471
7408,45472
7408,45473
7408,45474
7408,45475
7408,45476
7408,45477
7408,45478
7408,45479
7408,45480
7408,45481
7408,45482
7408,45483
7408,45484
7408,45485
7408,45486
7408,45487
7408,45488
7408,45489
7408,45490
7408,45491
7408,45492
7408,45493
7408,45494
7408,45495
7408,45496
7408,45497
7408,45498
7408,45499
7408,45500
7408,45501
7408,45502
7408,45503
7408,45504
7408,45505
7408,45506
7408,45507
7409,45454
7409,45455
7409,45456
7409,45457
7409,45458
7409,45459
7409,45460
7409,45461
7409,45462
7409,45463
7409,45464
7409,45465
7409,45466
7409,45467
7409,45468
7409,45469
7409,45470
7409,45471
7409,45472
7409,45473
7409,45474
7409,45475
7409,45476
7409,45477
7409,45478
7409,45479
7409,45480
7409,45481
7409,45482
7409,45483
7409,45484
7409,45485
7409,45486
7409,45487
7409,45488
7409,45489
7409,45490
7409,45491
7409,45492
7409,45493
7409,45494
7409,45495
7409,45496
7409,45497
7409,45498
7409,45499
7409,45500
7409,45501
7409,45502
7409,45503
7409,45504
7409,45505
7409,45506
7410,45455
7410,45456
7410,45457
7410,45458
7410,45459
7410,45460
7410,45461
7410,45462
7410,45463
7410,45464
7410,45465
7410,45466
7410,45467
7410,45468
7410,45469
7410,45470
7410,45471
7410,45472
7410,45473
7410,45474
7410,45475
7410,45476
7410,45477
7410,45478
7410,45479
7410,45480
7410,45481
7410,45482
7410,45483
7410,45484
7410,45485
7410,45486
7410,45487
7410,45488
7410,45489
7410,45490
7410,45491
7410,45492
7410,45493
7410,45494
7410,45495
7410,45496
7410,45497
7410,45498
7410,45499
7410,45500
7410,45501
7410,45502
7410,45503
7410,45504
7410,45505
7411,45457
7411,45458
7411,45459
7411,45460
7411,45462
7411,45463
7411,45464
7411,45465
7411,45466
7411,45467
7411,45468
7411,45469
7411,45470
7411,45471
7411,45472
7411,45473
7411,45474
7411,45475
7411,45476
7411,45477
7411,45478
7411,45479
7411,45480
7411,45481
7411,45482
7411,45483
7411,45484
7411,45485
7411,45486
7411,45487
7411,45488
7411,45489
7411,45490
7411,45491
7411,45492
7411,45493
7411,45494
7411,45495
7411,45496
7411,45497
7411,45498
7411,45499
7411,45500
7411,45501
7411,45502
7411,45503
7411,45504
7412,45463
7412,45464
7412,45465
7412,45466
7412,45467
7412,45468
7412,45469
7412,45470
7412,45471
7412,45472
7412,45473
7412,45474
7412,45475
7412,45476
7412,45477
7412,45478
7412,45479
7412,45480
7412,45481
7412,45482
7412,45483
7412,45484
7412,45485
7412,45486
7412,45487
7412,45488
7412,45489
7412,45490
7412,45491
7412,45492
7412,45493
7412,45494
7412,45495
7412,45496
7412,45497
7412,45498
7412,45499
7412,45500
7412,45501
7413,45464
7413,45465
7413,45466
7413,45467
7413,45468
7413,45469
7413,45470
7413,45471
7413,45472
7413,45473
7413,45474
7413,45475
7413,45476
7413,45477
7413,45478
7413,45479
7413,45480
7413,45481
7413,45482
7413,45483
7413,45484
7413,45485
7413,45486
7413,45487
7413,45488
7413,45489
7413,45490
7413,45491
7413,45492
7413,45493
7413,45494
7413,45495
7413,45496
7413,45497
7413,45498
7414,45466
7414,45473
7414,45474
7414,45475
7414,45476
7414,45477
7414,45478
7414,45479
7414,45480
7414,45481
7414,45482
7414,45483
7414,45484
7414,45485
7414,45486
7414,45487
7414,45488
7414,45489
7414,45490
7414,45491
7414,45492
7414,45493
7414,45494
7414,45495
7415,45475
7415,45476
7415,45477
7415,45478
7415,45479
7415,45480
7415,45481
7415,45482
7415,45483
7415,45484
7415,45485
7415,45486
7415,45487
7415,45488
7415,45489
7415,45490
7415,45491
7415,45492
7415,45493
7415,45494
7415,45495
7416,45475
7416,45476
7416,45477
7416,45478
7416,45479
7416,45480
7416,45481
7416,45482
7416,45483
7416,45484
7416,45485
7416,45486
7416,45487
7416,45488
7416,45489
7416,45490
7416,45491
7416,45492
7416,45493
7416,45494
7417,45476
7417,45477
7417,45478
7417,45479
7417,45480
7417,45481
7417,45482
7417,45483
7417,45484
7417,45485
7417,45486
7417,45487
7417,45488
7417,45489
7417,45490
7417,45491
7417,45492
7417,45493
7418,45476
7418,45477
7418,45478
7418,45479
7418,45480
7418,45481
7418,45482
7418,45483
7418,45484
7418,45485
7418,45486
7418,45487
7418,45488
7418,45489
7418,45490
7418,45491
7418,45492
7419,45477
7419,45478
7419,45479
7419,45480
7419,45481
7419,45482
7419,45483
7419,45484
7419,45485
7419,45486
7419,45487
7419,45488
7419,45489
7419,45490
7420,45478
7420,45479
7420,45480
7420,45481
7420,45482
7420,45483
7420,45484
7420,45485
7420,45486
7420,45487
7420,45488
7420,45489
7421,45480
7421,45482
7421,45483
7421,45484
7421,45485
7421,45486
7421,45487
7421,45488
7422,45485
7422,45486
