"X","Y"
4638,33461
4639,33459
4639,33460
4639,33461
4639,33462
4639,33463
4640,33458
4640,33459
4640,33460
4640,33461
4640,33462
4640,33463
4640,33464
4641,33457
4641,33458
4641,33459
4641,33460
4641,33461
4641,33462
4641,33463
4641,33464
4641,33465
4641,33472
4641,33473
4642,33457
4642,33458
4642,33459
4642,33460
4642,33461
4642,33462
4642,33463
4642,33464
4642,33465
4642,33469
4642,33470
4642,33471
4642,33472
4642,33473
4642,33474
4642,33475
4642,33476
4643,33456
4643,33457
4643,33458
4643,33459
4643,33460
4643,33461
4643,33462
4643,33463
4643,33464
4643,33465
4643,33466
4643,33467
4643,33468
4643,33469
4643,33470
4643,33471
4643,33472
4643,33473
4643,33474
4643,33475
4643,33476
4643,33477
4644,33450
4644,33453
4644,33456
4644,33457
4644,33458
4644,33459
4644,33460
4644,33461
4644,33462
4644,33463
4644,33464
4644,33465
4644,33466
4644,33467
4644,33468
4644,33469
4644,33470
4644,33471
4644,33472
4644,33473
4644,33474
4644,33475
4644,33476
4644,33477
4644,33478
4645,33434
4645,33435
4645,33447
4645,33448
4645,33449
4645,33450
4645,33451
4645,33452
4645,33453
4645,33454
4645,33455
4645,33456
4645,33457
4645,33458
4645,33459
4645,33460
4645,33461
4645,33462
4645,33463
4645,33464
4645,33465
4645,33466
4645,33467
4645,33468
4645,33469
4645,33470
4645,33471
4645,33472
4645,33473
4645,33474
4645,33475
4645,33476
4645,33477
4645,33478
4645,33479
4645,33480
4645,33481
4645,33482
4645,33483
4645,33484
4645,33485
4646,33432
4646,33433
4646,33434
4646,33435
4646,33436
4646,33437
4646,33438
4646,33446
4646,33447
4646,33448
4646,33449
4646,33450
4646,33451
4646,33452
4646,33453
4646,33454
4646,33455
4646,33456
4646,33457
4646,33458
4646,33459
4646,33460
4646,33461
4646,33462
4646,33463
4646,33464
4646,33465
4646,33466
4646,33467
4646,33468
4646,33469
4646,33470
4646,33471
4646,33472
4646,33473
4646,33474
4646,33475
4646,33476
4646,33477
4646,33478
4646,33479
4646,33480
4646,33481
4646,33482
4646,33483
4646,33484
4646,33485
4646,33486
4646,33487
4646,33488
4647,33431
4647,33432
4647,33433
4647,33434
4647,33435
4647,33436
4647,33437
4647,33438
4647,33439
4647,33445
4647,33446
4647,33447
4647,33448
4647,33449
4647,33450
4647,33451
4647,33452
4647,33453
4647,33454
4647,33455
4647,33456
4647,33457
4647,33458
4647,33459
4647,33460
4647,33461
4647,33462
4647,33463
4647,33464
4647,33465
4647,33466
4647,33467
4647,33468
4647,33469
4647,33470
4647,33471
4647,33472
4647,33473
4647,33474
4647,33475
4647,33476
4647,33477
4647,33478
4647,33479
4647,33480
4647,33481
4647,33482
4647,33483
4647,33484
4647,33485
4647,33486
4647,33487
4647,33488
4647,33489
4647,33490
4648,33430
4648,33431
4648,33432
4648,33433
4648,33434
4648,33435
4648,33436
4648,33437
4648,33438
4648,33439
4648,33440
4648,33441
4648,33442
4648,33443
4648,33444
4648,33445
4648,33446
4648,33447
4648,33448
4648,33449
4648,33450
4648,33451
4648,33452
4648,33453
4648,33454
4648,33455
4648,33456
4648,33457
4648,33458
4648,33459
4648,33460
4648,33461
4648,33462
4648,33463
4648,33464
4648,33465
4648,33466
4648,33467
4648,33468
4648,33469
4648,33470
4648,33471
4648,33472
4648,33473
4648,33474
4648,33475
4648,33476
4648,33477
4648,33478
4648,33479
4648,33480
4648,33481
4648,33482
4648,33483
4648,33484
4648,33485
4648,33486
4648,33487
4648,33488
4648,33489
4648,33490
4648,33491
4649,33430
4649,33431
4649,33432
4649,33433
4649,33434
4649,33435
4649,33436
4649,33437
4649,33438
4649,33439
4649,33440
4649,33441
4649,33442
4649,33443
4649,33444
4649,33445
4649,33446
4649,33447
4649,33448
4649,33449
4649,33450
4649,33451
4649,33452
4649,33453
4649,33454
4649,33455
4649,33456
4649,33457
4649,33458
4649,33459
4649,33460
4649,33461
4649,33462
4649,33463
4649,33464
4649,33465
4649,33466
4649,33467
4649,33468
4649,33469
4649,33470
4649,33471
4649,33472
4649,33473
4649,33474
4649,33475
4649,33476
4649,33477
4649,33478
4649,33479
4649,33480
4649,33481
4649,33482
4649,33483
4649,33484
4649,33485
4649,33486
4649,33487
4649,33488
4649,33489
4649,33490
4649,33491
4649,33492
4650,33424
4650,33429
4650,33430
4650,33431
4650,33432
4650,33433
4650,33434
4650,33435
4650,33436
4650,33437
4650,33438
4650,33439
4650,33440
4650,33441
4650,33442
4650,33443
4650,33444
4650,33445
4650,33446
4650,33447
4650,33448
4650,33449
4650,33450
4650,33451
4650,33452
4650,33453
4650,33454
4650,33455
4650,33456
4650,33457
4650,33458
4650,33459
4650,33460
4650,33461
4650,33462
4650,33463
4650,33464
4650,33465
4650,33466
4650,33467
4650,33468
4650,33469
4650,33470
4650,33471
4650,33472
4650,33473
4650,33474
4650,33475
4650,33476
4650,33477
4650,33478
4650,33479
4650,33480
4650,33481
4650,33482
4650,33483
4650,33484
4650,33485
4650,33486
4650,33487
4650,33488
4650,33489
4650,33490
4650,33491
4650,33492
4650,33493
4650,33494
4651,33421
4651,33422
4651,33423
4651,33424
4651,33425
4651,33426
4651,33427
4651,33429
4651,33430
4651,33431
4651,33432
4651,33433
4651,33434
4651,33435
4651,33436
4651,33437
4651,33438
4651,33439
4651,33440
4651,33441
4651,33442
4651,33443
4651,33444
4651,33445
4651,33446
4651,33447
4651,33448
4651,33449
4651,33450
4651,33451
4651,33452
4651,33453
4651,33454
4651,33455
4651,33456
4651,33457
4651,33458
4651,33459
4651,33460
4651,33461
4651,33462
4651,33463
4651,33464
4651,33465
4651,33466
4651,33467
4651,33468
4651,33469
4651,33470
4651,33471
4651,33472
4651,33473
4651,33474
4651,33475
4651,33476
4651,33477
4651,33478
4651,33479
4651,33480
4651,33481
4651,33482
4651,33483
4651,33484
4651,33485
4651,33486
4651,33487
4651,33488
4651,33489
4651,33490
4651,33491
4651,33492
4651,33493
4651,33494
4651,33495
4651,33496
4652,33412
4652,33420
4652,33421
4652,33422
4652,33423
4652,33424
4652,33425
4652,33426
4652,33427
4652,33428
4652,33429
4652,33430
4652,33431
4652,33432
4652,33433
4652,33434
4652,33435
4652,33436
4652,33437
4652,33438
4652,33439
4652,33440
4652,33441
4652,33442
4652,33443
4652,33444
4652,33445
4652,33446
4652,33447
4652,33448
4652,33449
4652,33450
4652,33451
4652,33452
4652,33453
4652,33454
4652,33455
4652,33456
4652,33457
4652,33458
4652,33459
4652,33460
4652,33461
4652,33462
4652,33463
4652,33464
4652,33465
4652,33466
4652,33467
4652,33468
4652,33469
4652,33470
4652,33471
4652,33472
4652,33473
4652,33474
4652,33475
4652,33476
4652,33477
4652,33478
4652,33479
4652,33480
4652,33481
4652,33482
4652,33483
4652,33484
4652,33485
4652,33486
4652,33487
4652,33488
4652,33489
4652,33490
4652,33491
4652,33492
4652,33493
4652,33494
4652,33495
4652,33496
4652,33497
4653,33409
4653,33410
4653,33411
4653,33412
4653,33413
4653,33414
4653,33415
4653,33418
4653,33419
4653,33420
4653,33421
4653,33422
4653,33423
4653,33424
4653,33425
4653,33426
4653,33427
4653,33428
4653,33429
4653,33430
4653,33431
4653,33432
4653,33433
4653,33434
4653,33435
4653,33436
4653,33437
4653,33438
4653,33439
4653,33440
4653,33441
4653,33442
4653,33443
4653,33444
4653,33445
4653,33446
4653,33447
4653,33448
4653,33449
4653,33450
4653,33451
4653,33452
4653,33453
4653,33454
4653,33455
4653,33456
4653,33457
4653,33458
4653,33459
4653,33460
4653,33461
4653,33462
4653,33463
4653,33464
4653,33465
4653,33466
4653,33467
4653,33468
4653,33469
4653,33470
4653,33471
4653,33472
4653,33473
4653,33474
4653,33475
4653,33476
4653,33477
4653,33478
4653,33479
4653,33480
4653,33481
4653,33482
4653,33483
4653,33484
4653,33485
4653,33486
4653,33487
4653,33488
4653,33489
4653,33490
4653,33491
4653,33492
4653,33493
4653,33494
4653,33495
4653,33496
4653,33497
4653,33498
4654,33408
4654,33409
4654,33410
4654,33411
4654,33412
4654,33413
4654,33414
4654,33415
4654,33416
4654,33417
4654,33418
4654,33419
4654,33420
4654,33421
4654,33422
4654,33423
4654,33424
4654,33425
4654,33426
4654,33427
4654,33428
4654,33429
4654,33430
4654,33431
4654,33432
4654,33433
4654,33434
4654,33435
4654,33436
4654,33437
4654,33438
4654,33439
4654,33440
4654,33441
4654,33442
4654,33443
4654,33444
4654,33445
4654,33446
4654,33447
4654,33448
4654,33449
4654,33450
4654,33451
4654,33452
4654,33453
4654,33454
4654,33455
4654,33456
4654,33457
4654,33458
4654,33459
4654,33460
4654,33461
4654,33462
4654,33463
4654,33464
4654,33465
4654,33466
4654,33467
4654,33468
4654,33469
4654,33470
4654,33471
4654,33472
4654,33473
4654,33474
4654,33475
4654,33476
4654,33477
4654,33478
4654,33479
4654,33480
4654,33481
4654,33482
4654,33483
4654,33484
4654,33485
4654,33486
4654,33487
4654,33488
4654,33489
4654,33490
4654,33491
4654,33492
4654,33493
4654,33494
4654,33495
4654,33496
4654,33497
4654,33498
4655,33407
4655,33408
4655,33409
4655,33410
4655,33411
4655,33412
4655,33413
4655,33414
4655,33415
4655,33416
4655,33417
4655,33418
4655,33419
4655,33420
4655,33421
4655,33422
4655,33423
4655,33424
4655,33425
4655,33426
4655,33427
4655,33428
4655,33429
4655,33430
4655,33431
4655,33432
4655,33433
4655,33434
4655,33435
4655,33436
4655,33437
4655,33438
4655,33439
4655,33440
4655,33441
4655,33442
4655,33443
4655,33444
4655,33445
4655,33446
4655,33447
4655,33448
4655,33449
4655,33450
4655,33451
4655,33452
4655,33453
4655,33454
4655,33455
4655,33456
4655,33457
4655,33458
4655,33459
4655,33460
4655,33461
4655,33462
4655,33463
4655,33464
4655,33465
4655,33466
4655,33467
4655,33468
4655,33469
4655,33470
4655,33471
4655,33472
4655,33473
4655,33474
4655,33475
4655,33476
4655,33477
4655,33478
4655,33479
4655,33480
4655,33481
4655,33482
4655,33483
4655,33484
4655,33485
4655,33486
4655,33487
4655,33488
4655,33489
4655,33490
4655,33491
4655,33492
4655,33493
4655,33494
4655,33495
4655,33496
4655,33497
4655,33498
4655,33499
4656,33407
4656,33408
4656,33409
4656,33410
4656,33411
4656,33412
4656,33413
4656,33414
4656,33415
4656,33416
4656,33417
4656,33418
4656,33419
4656,33420
4656,33421
4656,33422
4656,33423
4656,33424
4656,33425
4656,33426
4656,33427
4656,33428
4656,33429
4656,33430
4656,33431
4656,33432
4656,33433
4656,33434
4656,33435
4656,33436
4656,33437
4656,33438
4656,33439
4656,33440
4656,33441
4656,33442
4656,33443
4656,33444
4656,33445
4656,33446
4656,33447
4656,33448
4656,33449
4656,33450
4656,33451
4656,33452
4656,33453
4656,33454
4656,33455
4656,33456
4656,33457
4656,33458
4656,33459
4656,33460
4656,33461
4656,33462
4656,33463
4656,33464
4656,33465
4656,33466
4656,33467
4656,33468
4656,33469
4656,33470
4656,33471
4656,33472
4656,33473
4656,33474
4656,33475
4656,33476
4656,33477
4656,33478
4656,33479
4656,33480
4656,33481
4656,33482
4656,33483
4656,33484
4656,33485
4656,33486
4656,33487
4656,33488
4656,33489
4656,33490
4656,33491
4656,33492
4656,33493
4656,33494
4656,33495
4656,33496
4656,33497
4656,33498
4656,33499
4656,33500
4656,33501
4657,33353
4657,33354
4657,33356
4657,33357
4657,33406
4657,33407
4657,33408
4657,33409
4657,33410
4657,33411
4657,33412
4657,33413
4657,33414
4657,33415
4657,33416
4657,33417
4657,33418
4657,33419
4657,33420
4657,33421
4657,33422
4657,33423
4657,33424
4657,33425
4657,33426
4657,33427
4657,33428
4657,33429
4657,33430
4657,33431
4657,33432
4657,33433
4657,33434
4657,33435
4657,33436
4657,33437
4657,33438
4657,33439
4657,33440
4657,33441
4657,33442
4657,33443
4657,33444
4657,33445
4657,33446
4657,33447
4657,33448
4657,33449
4657,33450
4657,33451
4657,33452
4657,33453
4657,33454
4657,33455
4657,33456
4657,33457
4657,33458
4657,33459
4657,33460
4657,33461
4657,33462
4657,33463
4657,33464
4657,33465
4657,33466
4657,33467
4657,33468
4657,33469
4657,33470
4657,33471
4657,33472
4657,33473
4657,33474
4657,33475
4657,33476
4657,33477
4657,33478
4657,33479
4657,33480
4657,33481
4657,33482
4657,33483
4657,33484
4657,33485
4657,33486
4657,33487
4657,33488
4657,33489
4657,33490
4657,33491
4657,33492
4657,33493
4657,33494
4657,33495
4657,33496
4657,33497
4657,33498
4657,33499
4657,33500
4657,33501
4657,33502
4658,33350
4658,33351
4658,33352
4658,33353
4658,33354
4658,33355
4658,33356
4658,33357
4658,33358
4658,33359
4658,33360
4658,33406
4658,33407
4658,33408
4658,33409
4658,33410
4658,33411
4658,33412
4658,33413
4658,33414
4658,33415
4658,33416
4658,33417
4658,33418
4658,33419
4658,33420
4658,33421
4658,33422
4658,33423
4658,33424
4658,33425
4658,33426
4658,33427
4658,33428
4658,33429
4658,33430
4658,33431
4658,33432
4658,33433
4658,33434
4658,33435
4658,33436
4658,33437
4658,33438
4658,33439
4658,33440
4658,33441
4658,33442
4658,33443
4658,33444
4658,33445
4658,33446
4658,33447
4658,33448
4658,33449
4658,33450
4658,33451
4658,33452
4658,33453
4658,33454
4658,33455
4658,33456
4658,33457
4658,33458
4658,33459
4658,33460
4658,33461
4658,33462
4658,33463
4658,33464
4658,33465
4658,33466
4658,33467
4658,33468
4658,33469
4658,33470
4658,33471
4658,33472
4658,33473
4658,33474
4658,33475
4658,33476
4658,33477
4658,33478
4658,33479
4658,33480
4658,33481
4658,33482
4658,33483
4658,33484
4658,33485
4658,33486
4658,33487
4658,33488
4658,33489
4658,33490
4658,33491
4658,33492
4658,33493
4658,33494
4658,33495
4658,33496
4658,33497
4658,33498
4658,33499
4658,33500
4658,33501
4658,33502
4658,33503
4659,33349
4659,33350
4659,33351
4659,33352
4659,33353
4659,33354
4659,33355
4659,33356
4659,33357
4659,33358
4659,33359
4659,33360
4659,33361
4659,33406
4659,33407
4659,33408
4659,33409
4659,33410
4659,33411
4659,33412
4659,33413
4659,33414
4659,33415
4659,33416
4659,33417
4659,33418
4659,33419
4659,33420
4659,33421
4659,33422
4659,33423
4659,33424
4659,33425
4659,33426
4659,33427
4659,33428
4659,33429
4659,33430
4659,33431
4659,33432
4659,33433
4659,33434
4659,33435
4659,33436
4659,33437
4659,33438
4659,33439
4659,33440
4659,33441
4659,33442
4659,33443
4659,33444
4659,33445
4659,33446
4659,33447
4659,33448
4659,33449
4659,33450
4659,33451
4659,33452
4659,33453
4659,33454
4659,33455
4659,33456
4659,33457
4659,33458
4659,33459
4659,33460
4659,33461
4659,33462
4659,33463
4659,33464
4659,33465
4659,33466
4659,33467
4659,33468
4659,33469
4659,33470
4659,33471
4659,33472
4659,33473
4659,33474
4659,33475
4659,33476
4659,33477
4659,33478
4659,33479
4659,33480
4659,33481
4659,33482
4659,33483
4659,33484
4659,33485
4659,33486
4659,33487
4659,33488
4659,33489
4659,33490
4659,33491
4659,33492
4659,33493
4659,33494
4659,33495
4659,33496
4659,33497
4659,33498
4659,33499
4659,33500
4659,33501
4659,33502
4659,33503
4659,33504
4660,33348
4660,33349
4660,33350
4660,33351
4660,33352
4660,33353
4660,33354
4660,33355
4660,33356
4660,33357
4660,33358
4660,33359
4660,33360
4660,33361
4660,33362
4660,33363
4660,33405
4660,33406
4660,33407
4660,33408
4660,33409
4660,33410
4660,33411
4660,33412
4660,33413
4660,33414
4660,33415
4660,33416
4660,33417
4660,33418
4660,33419
4660,33420
4660,33421
4660,33422
4660,33423
4660,33424
4660,33425
4660,33426
4660,33427
4660,33428
4660,33429
4660,33430
4660,33431
4660,33432
4660,33433
4660,33434
4660,33435
4660,33436
4660,33437
4660,33438
4660,33439
4660,33440
4660,33441
4660,33442
4660,33443
4660,33444
4660,33445
4660,33446
4660,33447
4660,33448
4660,33449
4660,33450
4660,33451
4660,33452
4660,33453
4660,33454
4660,33455
4660,33456
4660,33457
4660,33458
4660,33459
4660,33460
4660,33461
4660,33462
4660,33463
4660,33464
4660,33465
4660,33466
4660,33467
4660,33468
4660,33469
4660,33470
4660,33471
4660,33472
4660,33473
4660,33474
4660,33475
4660,33476
4660,33477
4660,33478
4660,33479
4660,33480
4660,33481
4660,33482
4660,33483
4660,33484
4660,33485
4660,33486
4660,33487
4660,33488
4660,33489
4660,33490
4660,33491
4660,33492
4660,33493
4660,33494
4660,33495
4660,33496
4660,33497
4660,33498
4660,33499
4660,33500
4660,33501
4660,33502
4660,33503
4660,33504
4660,33505
4661,33348
4661,33349
4661,33350
4661,33351
4661,33352
4661,33353
4661,33354
4661,33355
4661,33356
4661,33357
4661,33358
4661,33359
4661,33360
4661,33361
4661,33362
4661,33363
4661,33364
4661,33405
4661,33406
4661,33407
4661,33408
4661,33409
4661,33410
4661,33411
4661,33412
4661,33413
4661,33414
4661,33415
4661,33416
4661,33417
4661,33418
4661,33419
4661,33420
4661,33421
4661,33422
4661,33423
4661,33424
4661,33425
4661,33426
4661,33427
4661,33428
4661,33429
4661,33430
4661,33431
4661,33432
4661,33433
4661,33434
4661,33435
4661,33436
4661,33437
4661,33438
4661,33439
4661,33440
4661,33441
4661,33442
4661,33443
4661,33444
4661,33445
4661,33446
4661,33447
4661,33448
4661,33449
4661,33450
4661,33451
4661,33452
4661,33453
4661,33454
4661,33455
4661,33456
4661,33457
4661,33458
4661,33459
4661,33460
4661,33461
4661,33462
4661,33463
4661,33464
4661,33465
4661,33466
4661,33467
4661,33468
4661,33469
4661,33470
4661,33471
4661,33472
4661,33473
4661,33474
4661,33475
4661,33476
4661,33477
4661,33478
4661,33479
4661,33480
4661,33481
4661,33482
4661,33483
4661,33484
4661,33485
4661,33486
4661,33487
4661,33488
4661,33489
4661,33490
4661,33491
4661,33492
4661,33493
4661,33494
4661,33495
4661,33496
4661,33497
4661,33498
4661,33499
4661,33500
4661,33501
4661,33502
4661,33503
4661,33504
4661,33505
4661,33506
4662,33347
4662,33348
4662,33349
4662,33350
4662,33351
4662,33352
4662,33353
4662,33354
4662,33355
4662,33356
4662,33357
4662,33358
4662,33359
4662,33360
4662,33361
4662,33362
4662,33363
4662,33364
4662,33365
4662,33405
4662,33406
4662,33407
4662,33408
4662,33409
4662,33410
4662,33411
4662,33412
4662,33413
4662,33414
4662,33415
4662,33416
4662,33417
4662,33418
4662,33419
4662,33420
4662,33421
4662,33422
4662,33423
4662,33424
4662,33425
4662,33426
4662,33427
4662,33428
4662,33429
4662,33430
4662,33431
4662,33432
4662,33433
4662,33434
4662,33435
4662,33436
4662,33437
4662,33438
4662,33439
4662,33440
4662,33441
4662,33442
4662,33443
4662,33444
4662,33445
4662,33446
4662,33447
4662,33448
4662,33449
4662,33450
4662,33451
4662,33452
4662,33453
4662,33454
4662,33455
4662,33456
4662,33457
4662,33458
4662,33459
4662,33460
4662,33461
4662,33462
4662,33463
4662,33464
4662,33465
4662,33466
4662,33467
4662,33468
4662,33469
4662,33470
4662,33471
4662,33472
4662,33473
4662,33474
4662,33475
4662,33476
4662,33477
4662,33478
4662,33479
4662,33480
4662,33481
4662,33482
4662,33483
4662,33484
4662,33485
4662,33486
4662,33487
4662,33488
4662,33489
4662,33490
4662,33491
4662,33492
4662,33493
4662,33494
4662,33495
4662,33496
4662,33497
4662,33498
4662,33499
4662,33500
4662,33501
4662,33502
4662,33503
4662,33504
4662,33505
4662,33506
4663,33346
4663,33347
4663,33348
4663,33349
4663,33350
4663,33351
4663,33352
4663,33353
4663,33354
4663,33355
4663,33356
4663,33357
4663,33358
4663,33359
4663,33360
4663,33361
4663,33362
4663,33363
4663,33364
4663,33365
4663,33366
4663,33405
4663,33406
4663,33407
4663,33408
4663,33409
4663,33410
4663,33411
4663,33412
4663,33413
4663,33414
4663,33415
4663,33416
4663,33417
4663,33418
4663,33419
4663,33420
4663,33421
4663,33422
4663,33423
4663,33424
4663,33425
4663,33426
4663,33427
4663,33428
4663,33429
4663,33430
4663,33431
4663,33432
4663,33433
4663,33434
4663,33435
4663,33436
4663,33437
4663,33438
4663,33439
4663,33440
4663,33441
4663,33442
4663,33443
4663,33444
4663,33445
4663,33446
4663,33447
4663,33448
4663,33449
4663,33450
4663,33451
4663,33452
4663,33453
4663,33454
4663,33455
4663,33456
4663,33457
4663,33458
4663,33459
4663,33460
4663,33461
4663,33462
4663,33463
4663,33464
4663,33465
4663,33466
4663,33467
4663,33468
4663,33469
4663,33470
4663,33471
4663,33472
4663,33473
4663,33474
4663,33475
4663,33476
4663,33477
4663,33478
4663,33479
4663,33480
4663,33481
4663,33482
4663,33483
4663,33484
4663,33485
4663,33486
4663,33487
4663,33488
4663,33489
4663,33490
4663,33491
4663,33492
4663,33493
4663,33494
4663,33495
4663,33496
4663,33497
4663,33498
4663,33499
4663,33500
4663,33501
4663,33502
4663,33503
4663,33504
4663,33505
4663,33506
4663,33507
4664,33346
4664,33347
4664,33348
4664,33349
4664,33350
4664,33351
4664,33352
4664,33353
4664,33354
4664,33355
4664,33356
4664,33357
4664,33358
4664,33359
4664,33360
4664,33361
4664,33362
4664,33363
4664,33364
4664,33365
4664,33366
4664,33367
4664,33406
4664,33407
4664,33408
4664,33409
4664,33410
4664,33411
4664,33412
4664,33413
4664,33414
4664,33415
4664,33416
4664,33417
4664,33418
4664,33419
4664,33420
4664,33421
4664,33422
4664,33423
4664,33424
4664,33425
4664,33426
4664,33427
4664,33428
4664,33429
4664,33430
4664,33431
4664,33432
4664,33433
4664,33434
4664,33435
4664,33436
4664,33437
4664,33438
4664,33439
4664,33440
4664,33441
4664,33442
4664,33443
4664,33444
4664,33445
4664,33446
4664,33447
4664,33448
4664,33449
4664,33450
4664,33451
4664,33452
4664,33453
4664,33454
4664,33455
4664,33456
4664,33457
4664,33458
4664,33459
4664,33460
4664,33461
4664,33462
4664,33463
4664,33464
4664,33465
4664,33466
4664,33467
4664,33468
4664,33469
4664,33470
4664,33471
4664,33472
4664,33473
4664,33474
4664,33475
4664,33476
4664,33477
4664,33478
4664,33479
4664,33480
4664,33481
4664,33482
4664,33483
4664,33484
4664,33485
4664,33486
4664,33487
4664,33488
4664,33489
4664,33490
4664,33491
4664,33492
4664,33493
4664,33494
4664,33495
4664,33496
4664,33497
4664,33498
4664,33499
4664,33500
4664,33501
4664,33502
4664,33503
4664,33504
4664,33505
4664,33506
4664,33507
4664,33508
4664,33509
4665,33346
4665,33347
4665,33348
4665,33349
4665,33350
4665,33351
4665,33352
4665,33353
4665,33354
4665,33355
4665,33356
4665,33357
4665,33358
4665,33359
4665,33360
4665,33361
4665,33362
4665,33363
4665,33364
4665,33365
4665,33366
4665,33367
4665,33406
4665,33407
4665,33408
4665,33409
4665,33410
4665,33411
4665,33412
4665,33413
4665,33414
4665,33415
4665,33416
4665,33417
4665,33418
4665,33419
4665,33420
4665,33421
4665,33422
4665,33423
4665,33424
4665,33425
4665,33426
4665,33427
4665,33428
4665,33429
4665,33430
4665,33431
4665,33432
4665,33433
4665,33434
4665,33435
4665,33436
4665,33437
4665,33438
4665,33439
4665,33440
4665,33441
4665,33442
4665,33443
4665,33444
4665,33445
4665,33446
4665,33447
4665,33448
4665,33449
4665,33450
4665,33451
4665,33452
4665,33453
4665,33454
4665,33455
4665,33456
4665,33457
4665,33458
4665,33459
4665,33460
4665,33461
4665,33462
4665,33463
4665,33464
4665,33465
4665,33466
4665,33467
4665,33468
4665,33469
4665,33470
4665,33471
4665,33472
4665,33473
4665,33474
4665,33475
4665,33476
4665,33477
4665,33478
4665,33479
4665,33480
4665,33481
4665,33482
4665,33483
4665,33484
4665,33485
4665,33486
4665,33487
4665,33488
4665,33489
4665,33490
4665,33491
4665,33492
4665,33493
4665,33494
4665,33495
4665,33496
4665,33497
4665,33498
4665,33499
4665,33500
4665,33501
4665,33502
4665,33503
4665,33504
4665,33505
4665,33506
4665,33507
4665,33508
4665,33509
4665,33510
4666,33345
4666,33346
4666,33347
4666,33348
4666,33349
4666,33350
4666,33351
4666,33352
4666,33353
4666,33354
4666,33355
4666,33356
4666,33357
4666,33358
4666,33359
4666,33360
4666,33361
4666,33362
4666,33363
4666,33364
4666,33365
4666,33366
4666,33367
4666,33368
4666,33369
4666,33371
4666,33372
4666,33373
4666,33407
4666,33408
4666,33409
4666,33410
4666,33411
4666,33412
4666,33413
4666,33414
4666,33415
4666,33416
4666,33417
4666,33418
4666,33419
4666,33420
4666,33421
4666,33422
4666,33423
4666,33424
4666,33425
4666,33426
4666,33427
4666,33428
4666,33429
4666,33430
4666,33431
4666,33432
4666,33433
4666,33434
4666,33435
4666,33436
4666,33437
4666,33438
4666,33439
4666,33440
4666,33441
4666,33442
4666,33443
4666,33444
4666,33445
4666,33446
4666,33447
4666,33448
4666,33449
4666,33450
4666,33451
4666,33452
4666,33453
4666,33454
4666,33455
4666,33456
4666,33457
4666,33458
4666,33459
4666,33460
4666,33461
4666,33462
4666,33463
4666,33464
4666,33465
4666,33466
4666,33467
4666,33468
4666,33469
4666,33470
4666,33471
4666,33472
4666,33473
4666,33474
4666,33475
4666,33476
4666,33477
4666,33478
4666,33479
4666,33480
4666,33481
4666,33482
4666,33483
4666,33484
4666,33485
4666,33486
4666,33487
4666,33488
4666,33489
4666,33490
4666,33491
4666,33492
4666,33493
4666,33494
4666,33495
4666,33496
4666,33497
4666,33498
4666,33499
4666,33500
4666,33501
4666,33502
4666,33503
4666,33504
4666,33505
4666,33506
4666,33507
4666,33508
4666,33509
4666,33510
4666,33511
4666,33512
4666,33513
4666,33514
4666,33515
4667,33346
4667,33347
4667,33348
4667,33349
4667,33350
4667,33351
4667,33352
4667,33353
4667,33354
4667,33355
4667,33356
4667,33357
4667,33358
4667,33359
4667,33360
4667,33361
4667,33362
4667,33363
4667,33364
4667,33365
4667,33366
4667,33367
4667,33368
4667,33369
4667,33370
4667,33371
4667,33372
4667,33373
4667,33374
4667,33375
4667,33408
4667,33409
4667,33410
4667,33411
4667,33412
4667,33413
4667,33414
4667,33415
4667,33416
4667,33417
4667,33418
4667,33419
4667,33420
4667,33421
4667,33422
4667,33423
4667,33424
4667,33425
4667,33426
4667,33427
4667,33428
4667,33429
4667,33430
4667,33431
4667,33432
4667,33433
4667,33434
4667,33435
4667,33436
4667,33437
4667,33438
4667,33439
4667,33440
4667,33441
4667,33442
4667,33443
4667,33444
4667,33445
4667,33446
4667,33447
4667,33448
4667,33449
4667,33450
4667,33451
4667,33452
4667,33453
4667,33454
4667,33455
4667,33456
4667,33457
4667,33458
4667,33459
4667,33460
4667,33461
4667,33462
4667,33463
4667,33464
4667,33465
4667,33466
4667,33467
4667,33468
4667,33469
4667,33470
4667,33471
4667,33472
4667,33473
4667,33474
4667,33475
4667,33476
4667,33477
4667,33478
4667,33479
4667,33480
4667,33481
4667,33482
4667,33483
4667,33484
4667,33485
4667,33486
4667,33487
4667,33488
4667,33489
4667,33490
4667,33491
4667,33492
4667,33493
4667,33494
4667,33495
4667,33496
4667,33497
4667,33498
4667,33499
4667,33500
4667,33501
4667,33502
4667,33503
4667,33504
4667,33505
4667,33506
4667,33507
4667,33508
4667,33509
4667,33510
4667,33511
4667,33512
4667,33513
4667,33514
4667,33515
4667,33516
4667,33517
4667,33518
4668,33346
4668,33347
4668,33348
4668,33349
4668,33350
4668,33351
4668,33352
4668,33353
4668,33354
4668,33355
4668,33356
4668,33357
4668,33358
4668,33359
4668,33360
4668,33361
4668,33362
4668,33363
4668,33364
4668,33365
4668,33366
4668,33367
4668,33368
4668,33369
4668,33370
4668,33371
4668,33372
4668,33373
4668,33374
4668,33375
4668,33376
4668,33410
4668,33411
4668,33412
4668,33413
4668,33414
4668,33415
4668,33416
4668,33417
4668,33418
4668,33419
4668,33420
4668,33421
4668,33422
4668,33423
4668,33424
4668,33425
4668,33426
4668,33427
4668,33428
4668,33429
4668,33430
4668,33431
4668,33432
4668,33433
4668,33434
4668,33435
4668,33436
4668,33437
4668,33438
4668,33439
4668,33440
4668,33441
4668,33442
4668,33443
4668,33444
4668,33445
4668,33446
4668,33447
4668,33448
4668,33449
4668,33450
4668,33451
4668,33452
4668,33453
4668,33454
4668,33455
4668,33456
4668,33457
4668,33458
4668,33459
4668,33460
4668,33461
4668,33462
4668,33463
4668,33464
4668,33465
4668,33466
4668,33467
4668,33468
4668,33469
4668,33470
4668,33471
4668,33472
4668,33473
4668,33474
4668,33475
4668,33476
4668,33477
4668,33478
4668,33479
4668,33480
4668,33481
4668,33482
4668,33483
4668,33484
4668,33485
4668,33486
4668,33487
4668,33488
4668,33489
4668,33490
4668,33491
4668,33492
4668,33493
4668,33494
4668,33495
4668,33496
4668,33497
4668,33498
4668,33499
4668,33500
4668,33501
4668,33502
4668,33503
4668,33504
4668,33505
4668,33506
4668,33507
4668,33508
4668,33509
4668,33510
4668,33511
4668,33512
4668,33513
4668,33514
4668,33515
4668,33516
4668,33517
4668,33518
4668,33519
4669,33346
4669,33347
4669,33348
4669,33349
4669,33350
4669,33351
4669,33352
4669,33353
4669,33354
4669,33355
4669,33356
4669,33357
4669,33358
4669,33359
4669,33360
4669,33361
4669,33362
4669,33363
4669,33364
4669,33365
4669,33366
4669,33367
4669,33368
4669,33369
4669,33370
4669,33371
4669,33372
4669,33373
4669,33374
4669,33375
4669,33376
4669,33377
4669,33412
4669,33413
4669,33414
4669,33415
4669,33416
4669,33417
4669,33418
4669,33419
4669,33420
4669,33421
4669,33422
4669,33423
4669,33424
4669,33425
4669,33426
4669,33427
4669,33428
4669,33429
4669,33430
4669,33431
4669,33432
4669,33433
4669,33434
4669,33435
4669,33436
4669,33437
4669,33438
4669,33439
4669,33440
4669,33441
4669,33442
4669,33443
4669,33444
4669,33445
4669,33446
4669,33447
4669,33448
4669,33449
4669,33450
4669,33451
4669,33452
4669,33453
4669,33454
4669,33455
4669,33456
4669,33457
4669,33458
4669,33459
4669,33460
4669,33461
4669,33462
4669,33463
4669,33464
4669,33465
4669,33466
4669,33467
4669,33468
4669,33469
4669,33470
4669,33471
4669,33472
4669,33473
4669,33474
4669,33475
4669,33476
4669,33477
4669,33478
4669,33479
4669,33480
4669,33481
4669,33482
4669,33483
4669,33484
4669,33485
4669,33486
4669,33487
4669,33488
4669,33489
4669,33490
4669,33491
4669,33492
4669,33493
4669,33494
4669,33495
4669,33496
4669,33497
4669,33498
4669,33499
4669,33500
4669,33501
4669,33502
4669,33503
4669,33504
4669,33505
4669,33506
4669,33507
4669,33508
4669,33509
4669,33510
4669,33511
4669,33512
4669,33513
4669,33514
4669,33515
4669,33516
4669,33517
4669,33518
4669,33519
4669,33520
4669,33521
4670,33347
4670,33348
4670,33349
4670,33350
4670,33351
4670,33352
4670,33353
4670,33354
4670,33355
4670,33356
4670,33357
4670,33358
4670,33359
4670,33360
4670,33361
4670,33362
4670,33363
4670,33364
4670,33365
4670,33366
4670,33367
4670,33368
4670,33369
4670,33370
4670,33371
4670,33372
4670,33373
4670,33374
4670,33375
4670,33376
4670,33377
4670,33414
4670,33415
4670,33416
4670,33417
4670,33418
4670,33419
4670,33420
4670,33421
4670,33422
4670,33423
4670,33424
4670,33425
4670,33426
4670,33427
4670,33428
4670,33429
4670,33430
4670,33431
4670,33432
4670,33433
4670,33434
4670,33435
4670,33436
4670,33437
4670,33438
4670,33439
4670,33440
4670,33441
4670,33442
4670,33443
4670,33444
4670,33445
4670,33446
4670,33447
4670,33448
4670,33449
4670,33450
4670,33451
4670,33452
4670,33453
4670,33454
4670,33455
4670,33456
4670,33457
4670,33458
4670,33459
4670,33460
4670,33461
4670,33462
4670,33463
4670,33464
4670,33465
4670,33466
4670,33467
4670,33468
4670,33469
4670,33470
4670,33471
4670,33472
4670,33473
4670,33474
4670,33475
4670,33476
4670,33477
4670,33478
4670,33479
4670,33480
4670,33481
4670,33482
4670,33483
4670,33484
4670,33485
4670,33486
4670,33487
4670,33488
4670,33489
4670,33490
4670,33491
4670,33492
4670,33493
4670,33494
4670,33495
4670,33496
4670,33497
4670,33498
4670,33499
4670,33500
4670,33501
4670,33502
4670,33503
4670,33504
4670,33505
4670,33506
4670,33507
4670,33508
4670,33509
4670,33510
4670,33511
4670,33512
4670,33513
4670,33514
4670,33515
4670,33516
4670,33517
4670,33518
4670,33519
4670,33520
4670,33521
4670,33522
4671,33348
4671,33349
4671,33350
4671,33351
4671,33352
4671,33353
4671,33354
4671,33355
4671,33356
4671,33357
4671,33358
4671,33359
4671,33360
4671,33361
4671,33362
4671,33363
4671,33364
4671,33365
4671,33366
4671,33367
4671,33368
4671,33369
4671,33370
4671,33371
4671,33372
4671,33373
4671,33374
4671,33375
4671,33376
4671,33377
4671,33378
4671,33379
4671,33380
4671,33381
4671,33382
4671,33383
4671,33384
4671,33416
4671,33417
4671,33418
4671,33419
4671,33420
4671,33421
4671,33422
4671,33423
4671,33424
4671,33425
4671,33426
4671,33427
4671,33428
4671,33429
4671,33430
4671,33431
4671,33432
4671,33433
4671,33434
4671,33435
4671,33436
4671,33437
4671,33438
4671,33439
4671,33440
4671,33441
4671,33442
4671,33443
4671,33444
4671,33445
4671,33446
4671,33447
4671,33448
4671,33449
4671,33450
4671,33451
4671,33452
4671,33453
4671,33454
4671,33455
4671,33456
4671,33457
4671,33458
4671,33459
4671,33460
4671,33461
4671,33462
4671,33463
4671,33464
4671,33465
4671,33466
4671,33467
4671,33468
4671,33469
4671,33470
4671,33471
4671,33472
4671,33473
4671,33474
4671,33475
4671,33476
4671,33477
4671,33478
4671,33479
4671,33480
4671,33481
4671,33482
4671,33483
4671,33484
4671,33485
4671,33486
4671,33487
4671,33488
4671,33489
4671,33490
4671,33491
4671,33492
4671,33493
4671,33494
4671,33495
4671,33496
4671,33497
4671,33498
4671,33499
4671,33500
4671,33501
4671,33502
4671,33503
4671,33504
4671,33505
4671,33506
4671,33507
4671,33508
4671,33509
4671,33510
4671,33511
4671,33512
4671,33513
4671,33514
4671,33515
4671,33516
4671,33517
4671,33518
4671,33519
4671,33520
4671,33521
4671,33522
4671,33523
4672,33349
4672,33350
4672,33351
4672,33352
4672,33353
4672,33354
4672,33355
4672,33356
4672,33357
4672,33358
4672,33359
4672,33360
4672,33361
4672,33362
4672,33363
4672,33364
4672,33365
4672,33366
4672,33367
4672,33368
4672,33369
4672,33370
4672,33371
4672,33372
4672,33373
4672,33374
4672,33375
4672,33376
4672,33377
4672,33378
4672,33379
4672,33380
4672,33381
4672,33382
4672,33383
4672,33384
4672,33385
4672,33386
4672,33387
4672,33416
4672,33417
4672,33418
4672,33419
4672,33420
4672,33421
4672,33422
4672,33423
4672,33424
4672,33425
4672,33426
4672,33427
4672,33428
4672,33429
4672,33430
4672,33431
4672,33432
4672,33433
4672,33434
4672,33435
4672,33436
4672,33437
4672,33438
4672,33439
4672,33440
4672,33441
4672,33442
4672,33443
4672,33444
4672,33445
4672,33446
4672,33447
4672,33448
4672,33449
4672,33450
4672,33451
4672,33452
4672,33453
4672,33454
4672,33455
4672,33456
4672,33457
4672,33458
4672,33459
4672,33460
4672,33461
4672,33462
4672,33463
4672,33464
4672,33465
4672,33466
4672,33467
4672,33468
4672,33469
4672,33470
4672,33471
4672,33472
4672,33473
4672,33474
4672,33475
4672,33476
4672,33477
4672,33478
4672,33479
4672,33480
4672,33481
4672,33482
4672,33483
4672,33484
4672,33485
4672,33486
4672,33487
4672,33488
4672,33489
4672,33490
4672,33491
4672,33492
4672,33493
4672,33494
4672,33495
4672,33496
4672,33497
4672,33498
4672,33499
4672,33500
4672,33501
4672,33502
4672,33503
4672,33504
4672,33505
4672,33506
4672,33507
4672,33508
4672,33509
4672,33510
4672,33511
4672,33512
4672,33513
4672,33514
4672,33515
4672,33516
4672,33517
4672,33518
4672,33519
4672,33520
4672,33521
4672,33522
4672,33523
4672,33524
4672,33525
4673,33350
4673,33351
4673,33352
4673,33353
4673,33354
4673,33355
4673,33356
4673,33357
4673,33358
4673,33359
4673,33360
4673,33361
4673,33362
4673,33363
4673,33364
4673,33365
4673,33366
4673,33367
4673,33368
4673,33369
4673,33370
4673,33371
4673,33372
4673,33373
4673,33374
4673,33375
4673,33376
4673,33377
4673,33378
4673,33379
4673,33380
4673,33381
4673,33382
4673,33383
4673,33384
4673,33385
4673,33386
4673,33387
4673,33388
4673,33416
4673,33417
4673,33418
4673,33419
4673,33420
4673,33421
4673,33422
4673,33423
4673,33424
4673,33425
4673,33426
4673,33427
4673,33428
4673,33429
4673,33430
4673,33431
4673,33432
4673,33433
4673,33434
4673,33435
4673,33436
4673,33437
4673,33438
4673,33439
4673,33440
4673,33441
4673,33442
4673,33443
4673,33444
4673,33445
4673,33446
4673,33447
4673,33448
4673,33449
4673,33450
4673,33451
4673,33452
4673,33453
4673,33454
4673,33455
4673,33456
4673,33457
4673,33458
4673,33459
4673,33460
4673,33461
4673,33462
4673,33463
4673,33464
4673,33465
4673,33466
4673,33467
4673,33468
4673,33469
4673,33470
4673,33471
4673,33472
4673,33473
4673,33474
4673,33475
4673,33476
4673,33477
4673,33478
4673,33479
4673,33480
4673,33481
4673,33482
4673,33483
4673,33484
4673,33485
4673,33486
4673,33487
4673,33488
4673,33489
4673,33490
4673,33491
4673,33492
4673,33493
4673,33494
4673,33495
4673,33496
4673,33497
4673,33498
4673,33499
4673,33500
4673,33501
4673,33502
4673,33503
4673,33504
4673,33505
4673,33506
4673,33507
4673,33508
4673,33509
4673,33510
4673,33511
4673,33512
4673,33513
4673,33514
4673,33515
4673,33516
4673,33517
4673,33518
4673,33519
4673,33520
4673,33521
4673,33522
4673,33523
4673,33524
4673,33525
4673,33526
4674,33350
4674,33351
4674,33352
4674,33353
4674,33354
4674,33355
4674,33356
4674,33357
4674,33358
4674,33359
4674,33360
4674,33361
4674,33362
4674,33363
4674,33364
4674,33365
4674,33366
4674,33367
4674,33368
4674,33369
4674,33370
4674,33371
4674,33372
4674,33373
4674,33374
4674,33375
4674,33376
4674,33377
4674,33378
4674,33379
4674,33380
4674,33381
4674,33382
4674,33383
4674,33384
4674,33385
4674,33386
4674,33387
4674,33388
4674,33389
4674,33417
4674,33418
4674,33419
4674,33420
4674,33421
4674,33422
4674,33423
4674,33424
4674,33425
4674,33426
4674,33427
4674,33428
4674,33429
4674,33430
4674,33431
4674,33432
4674,33433
4674,33434
4674,33435
4674,33436
4674,33437
4674,33438
4674,33439
4674,33440
4674,33441
4674,33442
4674,33443
4674,33444
4674,33445
4674,33446
4674,33447
4674,33448
4674,33449
4674,33450
4674,33451
4674,33452
4674,33453
4674,33454
4674,33455
4674,33456
4674,33457
4674,33458
4674,33459
4674,33460
4674,33461
4674,33462
4674,33463
4674,33464
4674,33465
4674,33466
4674,33467
4674,33468
4674,33469
4674,33470
4674,33471
4674,33472
4674,33473
4674,33474
4674,33475
4674,33476
4674,33477
4674,33478
4674,33479
4674,33480
4674,33481
4674,33482
4674,33483
4674,33484
4674,33485
4674,33486
4674,33487
4674,33488
4674,33489
4674,33490
4674,33491
4674,33492
4674,33493
4674,33494
4674,33495
4674,33496
4674,33497
4674,33498
4674,33499
4674,33500
4674,33501
4674,33502
4674,33503
4674,33504
4674,33505
4674,33506
4674,33507
4674,33508
4674,33509
4674,33510
4674,33511
4674,33512
4674,33513
4674,33514
4674,33515
4674,33516
4674,33517
4674,33518
4674,33519
4674,33520
4674,33521
4674,33522
4674,33523
4674,33524
4674,33525
4674,33526
4674,33527
4675,33350
4675,33351
4675,33352
4675,33353
4675,33354
4675,33355
4675,33356
4675,33357
4675,33358
4675,33359
4675,33360
4675,33361
4675,33362
4675,33363
4675,33364
4675,33365
4675,33366
4675,33367
4675,33368
4675,33369
4675,33370
4675,33371
4675,33372
4675,33373
4675,33374
4675,33375
4675,33376
4675,33377
4675,33378
4675,33379
4675,33380
4675,33381
4675,33382
4675,33383
4675,33384
4675,33385
4675,33386
4675,33387
4675,33388
4675,33389
4675,33390
4675,33417
4675,33418
4675,33419
4675,33420
4675,33421
4675,33422
4675,33423
4675,33424
4675,33425
4675,33426
4675,33427
4675,33428
4675,33429
4675,33430
4675,33431
4675,33432
4675,33433
4675,33434
4675,33435
4675,33436
4675,33437
4675,33438
4675,33439
4675,33440
4675,33441
4675,33442
4675,33443
4675,33444
4675,33445
4675,33446
4675,33447
4675,33448
4675,33449
4675,33450
4675,33451
4675,33452
4675,33453
4675,33454
4675,33455
4675,33456
4675,33457
4675,33458
4675,33459
4675,33460
4675,33461
4675,33462
4675,33463
4675,33464
4675,33465
4675,33466
4675,33467
4675,33468
4675,33469
4675,33470
4675,33471
4675,33472
4675,33473
4675,33474
4675,33475
4675,33476
4675,33477
4675,33478
4675,33479
4675,33480
4675,33481
4675,33482
4675,33483
4675,33484
4675,33485
4675,33486
4675,33487
4675,33488
4675,33489
4675,33490
4675,33491
4675,33492
4675,33493
4675,33494
4675,33495
4675,33496
4675,33497
4675,33498
4675,33499
4675,33500
4675,33501
4675,33502
4675,33503
4675,33504
4675,33505
4675,33506
4675,33507
4675,33508
4675,33509
4675,33510
4675,33511
4675,33512
4675,33513
4675,33514
4675,33515
4675,33516
4675,33517
4675,33518
4675,33519
4675,33520
4675,33521
4675,33522
4675,33523
4675,33524
4675,33525
4675,33526
4675,33527
4676,33351
4676,33352
4676,33353
4676,33354
4676,33355
4676,33356
4676,33357
4676,33358
4676,33359
4676,33360
4676,33361
4676,33362
4676,33363
4676,33364
4676,33365
4676,33366
4676,33367
4676,33368
4676,33369
4676,33370
4676,33371
4676,33372
4676,33373
4676,33374
4676,33375
4676,33376
4676,33377
4676,33378
4676,33379
4676,33380
4676,33381
4676,33382
4676,33383
4676,33384
4676,33385
4676,33386
4676,33387
4676,33388
4676,33389
4676,33390
4676,33418
4676,33419
4676,33420
4676,33421
4676,33422
4676,33423
4676,33424
4676,33425
4676,33426
4676,33427
4676,33428
4676,33429
4676,33430
4676,33431
4676,33432
4676,33433
4676,33434
4676,33435
4676,33436
4676,33437
4676,33438
4676,33439
4676,33440
4676,33441
4676,33442
4676,33443
4676,33444
4676,33445
4676,33446
4676,33447
4676,33448
4676,33449
4676,33450
4676,33451
4676,33452
4676,33453
4676,33454
4676,33455
4676,33456
4676,33457
4676,33458
4676,33459
4676,33460
4676,33461
4676,33462
4676,33463
4676,33464
4676,33465
4676,33466
4676,33467
4676,33468
4676,33469
4676,33470
4676,33471
4676,33472
4676,33473
4676,33474
4676,33475
4676,33476
4676,33477
4676,33478
4676,33479
4676,33480
4676,33481
4676,33482
4676,33483
4676,33484
4676,33485
4676,33486
4676,33487
4676,33488
4676,33489
4676,33490
4676,33491
4676,33492
4676,33493
4676,33494
4676,33495
4676,33496
4676,33497
4676,33498
4676,33499
4676,33500
4676,33501
4676,33502
4676,33503
4676,33504
4676,33505
4676,33506
4676,33507
4676,33508
4676,33509
4676,33510
4676,33511
4676,33512
4676,33513
4676,33514
4676,33515
4676,33516
4676,33517
4676,33518
4676,33519
4676,33520
4676,33521
4676,33522
4676,33523
4676,33524
4676,33525
4676,33526
4676,33527
4676,33528
4677,33352
4677,33353
4677,33354
4677,33355
4677,33356
4677,33357
4677,33358
4677,33359
4677,33360
4677,33361
4677,33362
4677,33363
4677,33364
4677,33365
4677,33366
4677,33367
4677,33368
4677,33369
4677,33370
4677,33371
4677,33372
4677,33373
4677,33374
4677,33375
4677,33376
4677,33377
4677,33378
4677,33379
4677,33380
4677,33381
4677,33382
4677,33383
4677,33384
4677,33385
4677,33386
4677,33387
4677,33388
4677,33389
4677,33390
4677,33391
4677,33393
4677,33419
4677,33420
4677,33421
4677,33422
4677,33423
4677,33424
4677,33425
4677,33426
4677,33427
4677,33428
4677,33429
4677,33430
4677,33431
4677,33432
4677,33433
4677,33434
4677,33435
4677,33436
4677,33437
4677,33438
4677,33439
4677,33440
4677,33441
4677,33442
4677,33443
4677,33444
4677,33445
4677,33446
4677,33447
4677,33448
4677,33449
4677,33450
4677,33451
4677,33452
4677,33453
4677,33454
4677,33455
4677,33456
4677,33457
4677,33458
4677,33459
4677,33460
4677,33461
4677,33462
4677,33463
4677,33464
4677,33465
4677,33466
4677,33467
4677,33468
4677,33469
4677,33470
4677,33471
4677,33472
4677,33473
4677,33474
4677,33475
4677,33476
4677,33477
4677,33478
4677,33479
4677,33480
4677,33481
4677,33482
4677,33483
4677,33484
4677,33485
4677,33486
4677,33487
4677,33488
4677,33489
4677,33490
4677,33491
4677,33492
4677,33493
4677,33494
4677,33495
4677,33496
4677,33497
4677,33498
4677,33499
4677,33500
4677,33501
4677,33502
4677,33503
4677,33504
4677,33505
4677,33506
4677,33507
4677,33508
4677,33509
4677,33510
4677,33511
4677,33512
4677,33513
4677,33514
4677,33515
4677,33516
4677,33517
4677,33518
4677,33519
4677,33520
4677,33521
4677,33522
4677,33523
4677,33524
4677,33525
4677,33526
4677,33527
4677,33528
4677,33529
4678,33353
4678,33354
4678,33355
4678,33356
4678,33357
4678,33358
4678,33359
4678,33360
4678,33361
4678,33362
4678,33363
4678,33364
4678,33365
4678,33366
4678,33367
4678,33368
4678,33369
4678,33370
4678,33371
4678,33372
4678,33373
4678,33374
4678,33375
4678,33376
4678,33377
4678,33378
4678,33379
4678,33380
4678,33381
4678,33382
4678,33383
4678,33384
4678,33385
4678,33386
4678,33387
4678,33388
4678,33389
4678,33390
4678,33391
4678,33392
4678,33393
4678,33394
4678,33395
4678,33419
4678,33420
4678,33421
4678,33422
4678,33423
4678,33424
4678,33425
4678,33426
4678,33427
4678,33428
4678,33429
4678,33430
4678,33431
4678,33432
4678,33433
4678,33434
4678,33435
4678,33436
4678,33437
4678,33438
4678,33439
4678,33440
4678,33441
4678,33442
4678,33443
4678,33444
4678,33445
4678,33446
4678,33447
4678,33448
4678,33449
4678,33450
4678,33451
4678,33452
4678,33453
4678,33454
4678,33455
4678,33456
4678,33457
4678,33458
4678,33459
4678,33460
4678,33461
4678,33462
4678,33463
4678,33464
4678,33465
4678,33466
4678,33467
4678,33468
4678,33469
4678,33470
4678,33471
4678,33472
4678,33473
4678,33474
4678,33475
4678,33476
4678,33477
4678,33478
4678,33479
4678,33480
4678,33481
4678,33482
4678,33483
4678,33484
4678,33485
4678,33486
4678,33487
4678,33488
4678,33489
4678,33490
4678,33491
4678,33492
4678,33493
4678,33494
4678,33495
4678,33496
4678,33497
4678,33498
4678,33499
4678,33500
4678,33501
4678,33502
4678,33503
4678,33504
4678,33505
4678,33506
4678,33507
4678,33508
4678,33509
4678,33510
4678,33511
4678,33512
4678,33513
4678,33514
4678,33515
4678,33516
4678,33517
4678,33518
4678,33519
4678,33520
4678,33521
4678,33522
4678,33523
4678,33524
4678,33525
4678,33526
4678,33527
4678,33528
4678,33529
4678,33530
4678,33531
4679,33353
4679,33354
4679,33355
4679,33356
4679,33357
4679,33358
4679,33359
4679,33360
4679,33361
4679,33362
4679,33363
4679,33364
4679,33365
4679,33366
4679,33367
4679,33368
4679,33369
4679,33370
4679,33371
4679,33372
4679,33373
4679,33374
4679,33375
4679,33376
4679,33377
4679,33378
4679,33379
4679,33380
4679,33381
4679,33382
4679,33383
4679,33384
4679,33385
4679,33386
4679,33387
4679,33388
4679,33389
4679,33390
4679,33391
4679,33392
4679,33393
4679,33394
4679,33395
4679,33396
4679,33419
4679,33420
4679,33421
4679,33422
4679,33423
4679,33424
4679,33425
4679,33426
4679,33427
4679,33428
4679,33429
4679,33430
4679,33431
4679,33432
4679,33433
4679,33434
4679,33435
4679,33436
4679,33437
4679,33438
4679,33439
4679,33440
4679,33441
4679,33442
4679,33443
4679,33444
4679,33445
4679,33446
4679,33447
4679,33448
4679,33449
4679,33450
4679,33451
4679,33452
4679,33453
4679,33454
4679,33455
4679,33456
4679,33457
4679,33458
4679,33459
4679,33460
4679,33461
4679,33462
4679,33463
4679,33464
4679,33465
4679,33466
4679,33467
4679,33468
4679,33469
4679,33470
4679,33471
4679,33472
4679,33473
4679,33474
4679,33475
4679,33476
4679,33477
4679,33478
4679,33479
4679,33480
4679,33481
4679,33482
4679,33483
4679,33484
4679,33485
4679,33486
4679,33487
4679,33488
4679,33489
4679,33490
4679,33491
4679,33492
4679,33493
4679,33494
4679,33495
4679,33496
4679,33497
4679,33498
4679,33499
4679,33500
4679,33501
4679,33502
4679,33503
4679,33504
4679,33505
4679,33506
4679,33507
4679,33508
4679,33509
4679,33510
4679,33511
4679,33512
4679,33513
4679,33514
4679,33515
4679,33516
4679,33517
4679,33518
4679,33519
4679,33520
4679,33521
4679,33522
4679,33523
4679,33524
4679,33525
4679,33526
4679,33527
4679,33528
4679,33529
4679,33530
4679,33531
4679,33532
4680,33354
4680,33355
4680,33356
4680,33357
4680,33358
4680,33359
4680,33360
4680,33361
4680,33362
4680,33363
4680,33364
4680,33365
4680,33366
4680,33367
4680,33368
4680,33369
4680,33370
4680,33371
4680,33372
4680,33373
4680,33374
4680,33375
4680,33376
4680,33377
4680,33378
4680,33379
4680,33380
4680,33381
4680,33382
4680,33383
4680,33384
4680,33385
4680,33386
4680,33387
4680,33388
4680,33389
4680,33390
4680,33391
4680,33392
4680,33393
4680,33394
4680,33395
4680,33396
4680,33397
4680,33419
4680,33420
4680,33421
4680,33422
4680,33423
4680,33424
4680,33425
4680,33426
4680,33427
4680,33428
4680,33429
4680,33430
4680,33431
4680,33432
4680,33433
4680,33434
4680,33435
4680,33436
4680,33437
4680,33438
4680,33439
4680,33440
4680,33441
4680,33442
4680,33443
4680,33444
4680,33445
4680,33446
4680,33447
4680,33448
4680,33449
4680,33450
4680,33451
4680,33452
4680,33453
4680,33454
4680,33455
4680,33456
4680,33457
4680,33458
4680,33459
4680,33460
4680,33461
4680,33462
4680,33463
4680,33464
4680,33465
4680,33466
4680,33467
4680,33468
4680,33469
4680,33470
4680,33471
4680,33472
4680,33473
4680,33474
4680,33475
4680,33476
4680,33477
4680,33478
4680,33479
4680,33480
4680,33481
4680,33482
4680,33483
4680,33484
4680,33485
4680,33486
4680,33487
4680,33488
4680,33489
4680,33490
4680,33491
4680,33492
4680,33493
4680,33494
4680,33495
4680,33496
4680,33497
4680,33498
4680,33499
4680,33500
4680,33501
4680,33502
4680,33503
4680,33504
4680,33505
4680,33506
4680,33507
4680,33508
4680,33509
4680,33510
4680,33511
4680,33512
4680,33513
4680,33514
4680,33515
4680,33516
4680,33517
4680,33518
4680,33519
4680,33520
4680,33521
4680,33522
4680,33523
4680,33524
4680,33525
4680,33526
4680,33527
4680,33528
4680,33529
4680,33530
4680,33531
4680,33532
4680,33533
4681,33354
4681,33355
4681,33356
4681,33357
4681,33358
4681,33359
4681,33360
4681,33361
4681,33362
4681,33363
4681,33364
4681,33365
4681,33366
4681,33367
4681,33368
4681,33369
4681,33370
4681,33371
4681,33372
4681,33373
4681,33374
4681,33375
4681,33376
4681,33377
4681,33378
4681,33379
4681,33380
4681,33381
4681,33382
4681,33383
4681,33384
4681,33385
4681,33386
4681,33387
4681,33388
4681,33389
4681,33390
4681,33391
4681,33392
4681,33393
4681,33394
4681,33395
4681,33396
4681,33397
4681,33418
4681,33419
4681,33420
4681,33421
4681,33422
4681,33423
4681,33424
4681,33425
4681,33426
4681,33427
4681,33428
4681,33429
4681,33430
4681,33431
4681,33432
4681,33433
4681,33434
4681,33435
4681,33436
4681,33437
4681,33438
4681,33439
4681,33440
4681,33441
4681,33442
4681,33443
4681,33444
4681,33445
4681,33446
4681,33447
4681,33448
4681,33449
4681,33450
4681,33451
4681,33452
4681,33453
4681,33454
4681,33455
4681,33456
4681,33457
4681,33458
4681,33459
4681,33460
4681,33461
4681,33462
4681,33463
4681,33464
4681,33465
4681,33466
4681,33467
4681,33468
4681,33469
4681,33470
4681,33471
4681,33472
4681,33473
4681,33474
4681,33475
4681,33476
4681,33477
4681,33478
4681,33479
4681,33480
4681,33481
4681,33482
4681,33483
4681,33484
4681,33485
4681,33486
4681,33487
4681,33488
4681,33489
4681,33490
4681,33491
4681,33492
4681,33493
4681,33494
4681,33495
4681,33496
4681,33497
4681,33498
4681,33499
4681,33500
4681,33501
4681,33502
4681,33503
4681,33504
4681,33505
4681,33506
4681,33507
4681,33508
4681,33509
4681,33510
4681,33511
4681,33512
4681,33513
4681,33514
4681,33515
4681,33516
4681,33517
4681,33518
4681,33519
4681,33520
4681,33521
4681,33522
4681,33523
4681,33524
4681,33525
4681,33526
4681,33527
4681,33528
4681,33529
4681,33530
4681,33531
4681,33532
4681,33533
4682,33354
4682,33355
4682,33356
4682,33357
4682,33358
4682,33359
4682,33360
4682,33361
4682,33362
4682,33363
4682,33364
4682,33365
4682,33366
4682,33367
4682,33368
4682,33369
4682,33370
4682,33371
4682,33372
4682,33373
4682,33374
4682,33375
4682,33376
4682,33377
4682,33378
4682,33379
4682,33380
4682,33381
4682,33382
4682,33383
4682,33384
4682,33385
4682,33386
4682,33387
4682,33388
4682,33389
4682,33390
4682,33391
4682,33392
4682,33393
4682,33394
4682,33395
4682,33396
4682,33397
4682,33398
4682,33417
4682,33418
4682,33419
4682,33420
4682,33421
4682,33422
4682,33423
4682,33424
4682,33425
4682,33426
4682,33427
4682,33428
4682,33429
4682,33430
4682,33431
4682,33432
4682,33433
4682,33434
4682,33435
4682,33436
4682,33437
4682,33438
4682,33439
4682,33440
4682,33441
4682,33442
4682,33443
4682,33444
4682,33445
4682,33446
4682,33447
4682,33448
4682,33449
4682,33450
4682,33451
4682,33452
4682,33453
4682,33454
4682,33455
4682,33456
4682,33457
4682,33458
4682,33459
4682,33460
4682,33461
4682,33462
4682,33463
4682,33464
4682,33465
4682,33466
4682,33467
4682,33468
4682,33469
4682,33470
4682,33471
4682,33472
4682,33473
4682,33474
4682,33475
4682,33476
4682,33477
4682,33478
4682,33479
4682,33480
4682,33481
4682,33482
4682,33483
4682,33484
4682,33485
4682,33486
4682,33487
4682,33488
4682,33489
4682,33490
4682,33491
4682,33492
4682,33493
4682,33494
4682,33495
4682,33496
4682,33497
4682,33498
4682,33499
4682,33500
4682,33501
4682,33502
4682,33503
4682,33504
4682,33505
4682,33506
4682,33507
4682,33508
4682,33509
4682,33510
4682,33511
4682,33512
4682,33513
4682,33514
4682,33515
4682,33516
4682,33517
4682,33518
4682,33519
4682,33520
4682,33521
4682,33522
4682,33523
4682,33524
4682,33525
4682,33526
4682,33527
4682,33528
4682,33529
4682,33530
4682,33531
4682,33532
4682,33533
4682,33534
4683,33354
4683,33355
4683,33356
4683,33357
4683,33358
4683,33359
4683,33360
4683,33361
4683,33362
4683,33363
4683,33364
4683,33365
4683,33366
4683,33367
4683,33368
4683,33369
4683,33370
4683,33371
4683,33372
4683,33373
4683,33374
4683,33375
4683,33376
4683,33377
4683,33378
4683,33379
4683,33380
4683,33381
4683,33382
4683,33383
4683,33384
4683,33385
4683,33386
4683,33387
4683,33388
4683,33389
4683,33390
4683,33391
4683,33392
4683,33393
4683,33394
4683,33395
4683,33396
4683,33397
4683,33398
4683,33417
4683,33418
4683,33419
4683,33420
4683,33421
4683,33422
4683,33423
4683,33424
4683,33425
4683,33426
4683,33427
4683,33428
4683,33429
4683,33430
4683,33431
4683,33432
4683,33433
4683,33434
4683,33435
4683,33436
4683,33437
4683,33438
4683,33439
4683,33440
4683,33441
4683,33442
4683,33443
4683,33444
4683,33445
4683,33446
4683,33447
4683,33448
4683,33449
4683,33450
4683,33451
4683,33452
4683,33453
4683,33454
4683,33455
4683,33456
4683,33457
4683,33458
4683,33459
4683,33460
4683,33461
4683,33462
4683,33463
4683,33464
4683,33465
4683,33466
4683,33467
4683,33468
4683,33469
4683,33470
4683,33471
4683,33472
4683,33473
4683,33474
4683,33475
4683,33476
4683,33477
4683,33478
4683,33479
4683,33480
4683,33481
4683,33482
4683,33483
4683,33484
4683,33485
4683,33486
4683,33487
4683,33488
4683,33489
4683,33490
4683,33491
4683,33492
4683,33493
4683,33494
4683,33495
4683,33496
4683,33497
4683,33498
4683,33499
4683,33500
4683,33501
4683,33502
4683,33503
4683,33504
4683,33505
4683,33506
4683,33507
4683,33508
4683,33509
4683,33510
4683,33511
4683,33512
4683,33513
4683,33514
4683,33515
4683,33516
4683,33517
4683,33518
4683,33519
4683,33520
4683,33521
4683,33522
4683,33523
4683,33524
4683,33525
4683,33526
4683,33527
4683,33528
4683,33529
4683,33530
4683,33531
4683,33532
4683,33533
4684,33353
4684,33354
4684,33355
4684,33356
4684,33357
4684,33358
4684,33359
4684,33360
4684,33361
4684,33362
4684,33363
4684,33364
4684,33365
4684,33366
4684,33367
4684,33368
4684,33369
4684,33370
4684,33371
4684,33372
4684,33373
4684,33374
4684,33375
4684,33376
4684,33377
4684,33378
4684,33379
4684,33380
4684,33381
4684,33382
4684,33383
4684,33384
4684,33385
4684,33386
4684,33387
4684,33388
4684,33389
4684,33390
4684,33391
4684,33392
4684,33393
4684,33394
4684,33395
4684,33396
4684,33397
4684,33398
4684,33417
4684,33418
4684,33419
4684,33420
4684,33421
4684,33422
4684,33423
4684,33424
4684,33425
4684,33426
4684,33427
4684,33428
4684,33429
4684,33430
4684,33431
4684,33432
4684,33433
4684,33434
4684,33435
4684,33436
4684,33437
4684,33438
4684,33439
4684,33440
4684,33441
4684,33442
4684,33443
4684,33444
4684,33445
4684,33446
4684,33447
4684,33448
4684,33449
4684,33450
4684,33451
4684,33452
4684,33453
4684,33454
4684,33455
4684,33456
4684,33457
4684,33458
4684,33459
4684,33460
4684,33461
4684,33462
4684,33463
4684,33464
4684,33465
4684,33466
4684,33467
4684,33468
4684,33469
4684,33470
4684,33471
4684,33472
4684,33473
4684,33474
4684,33475
4684,33476
4684,33477
4684,33478
4684,33479
4684,33480
4684,33481
4684,33482
4684,33483
4684,33484
4684,33485
4684,33486
4684,33487
4684,33488
4684,33489
4684,33490
4684,33491
4684,33492
4684,33493
4684,33494
4684,33495
4684,33496
4684,33497
4684,33498
4684,33499
4684,33500
4684,33501
4684,33502
4684,33503
4684,33504
4684,33505
4684,33506
4684,33507
4684,33508
4684,33509
4684,33510
4684,33511
4684,33512
4684,33513
4684,33514
4684,33515
4684,33516
4684,33517
4684,33518
4684,33519
4684,33520
4684,33521
4684,33522
4684,33523
4684,33524
4684,33525
4684,33526
4684,33527
4684,33528
4684,33529
4684,33530
4684,33531
4684,33532
4684,33533
4684,33534
4685,33354
4685,33355
4685,33356
4685,33357
4685,33358
4685,33359
4685,33360
4685,33361
4685,33362
4685,33363
4685,33364
4685,33365
4685,33366
4685,33367
4685,33368
4685,33369
4685,33370
4685,33371
4685,33372
4685,33373
4685,33374
4685,33375
4685,33376
4685,33377
4685,33378
4685,33379
4685,33380
4685,33381
4685,33382
4685,33383
4685,33384
4685,33385
4685,33386
4685,33387
4685,33388
4685,33389
4685,33390
4685,33391
4685,33392
4685,33393
4685,33394
4685,33395
4685,33396
4685,33397
4685,33398
4685,33416
4685,33417
4685,33418
4685,33419
4685,33420
4685,33421
4685,33422
4685,33423
4685,33424
4685,33425
4685,33426
4685,33427
4685,33428
4685,33429
4685,33430
4685,33431
4685,33432
4685,33433
4685,33434
4685,33435
4685,33436
4685,33437
4685,33438
4685,33439
4685,33440
4685,33441
4685,33442
4685,33443
4685,33444
4685,33445
4685,33446
4685,33447
4685,33448
4685,33449
4685,33450
4685,33451
4685,33452
4685,33453
4685,33454
4685,33455
4685,33456
4685,33457
4685,33458
4685,33459
4685,33460
4685,33461
4685,33462
4685,33463
4685,33464
4685,33465
4685,33466
4685,33467
4685,33468
4685,33469
4685,33470
4685,33471
4685,33472
4685,33473
4685,33474
4685,33475
4685,33476
4685,33477
4685,33478
4685,33479
4685,33480
4685,33481
4685,33482
4685,33483
4685,33484
4685,33485
4685,33486
4685,33487
4685,33488
4685,33489
4685,33490
4685,33491
4685,33492
4685,33493
4685,33494
4685,33495
4685,33496
4685,33497
4685,33498
4685,33499
4685,33500
4685,33501
4685,33502
4685,33503
4685,33504
4685,33505
4685,33506
4685,33507
4685,33508
4685,33509
4685,33510
4685,33511
4685,33512
4685,33513
4685,33514
4685,33515
4685,33516
4685,33517
4685,33518
4685,33519
4685,33520
4685,33521
4685,33522
4685,33523
4685,33524
4685,33525
4685,33526
4685,33527
4685,33528
4685,33529
4685,33530
4685,33531
4685,33532
4685,33533
4685,33534
4686,33354
4686,33355
4686,33356
4686,33357
4686,33358
4686,33359
4686,33360
4686,33361
4686,33362
4686,33363
4686,33364
4686,33365
4686,33366
4686,33367
4686,33368
4686,33369
4686,33370
4686,33371
4686,33372
4686,33373
4686,33374
4686,33375
4686,33376
4686,33377
4686,33378
4686,33379
4686,33380
4686,33381
4686,33382
4686,33383
4686,33384
4686,33385
4686,33386
4686,33387
4686,33388
4686,33389
4686,33390
4686,33391
4686,33392
4686,33393
4686,33394
4686,33395
4686,33396
4686,33397
4686,33398
4686,33399
4686,33400
4686,33416
4686,33417
4686,33418
4686,33419
4686,33420
4686,33421
4686,33422
4686,33423
4686,33424
4686,33425
4686,33426
4686,33427
4686,33428
4686,33429
4686,33430
4686,33431
4686,33432
4686,33433
4686,33434
4686,33435
4686,33436
4686,33437
4686,33438
4686,33439
4686,33440
4686,33441
4686,33442
4686,33443
4686,33444
4686,33445
4686,33446
4686,33447
4686,33448
4686,33449
4686,33450
4686,33451
4686,33452
4686,33453
4686,33454
4686,33455
4686,33456
4686,33457
4686,33458
4686,33459
4686,33460
4686,33461
4686,33462
4686,33463
4686,33464
4686,33465
4686,33466
4686,33467
4686,33468
4686,33469
4686,33470
4686,33471
4686,33472
4686,33473
4686,33474
4686,33475
4686,33476
4686,33477
4686,33478
4686,33479
4686,33480
4686,33481
4686,33482
4686,33483
4686,33484
4686,33485
4686,33486
4686,33487
4686,33488
4686,33489
4686,33490
4686,33491
4686,33492
4686,33493
4686,33494
4686,33495
4686,33496
4686,33497
4686,33498
4686,33499
4686,33500
4686,33501
4686,33502
4686,33503
4686,33504
4686,33505
4686,33506
4686,33507
4686,33508
4686,33509
4686,33510
4686,33511
4686,33512
4686,33513
4686,33514
4686,33515
4686,33516
4686,33517
4686,33518
4686,33519
4686,33520
4686,33521
4686,33522
4686,33523
4686,33524
4686,33525
4686,33526
4686,33527
4686,33528
4686,33529
4686,33530
4686,33531
4686,33532
4686,33533
4686,33534
4687,33352
4687,33353
4687,33354
4687,33355
4687,33356
4687,33357
4687,33358
4687,33359
4687,33360
4687,33361
4687,33362
4687,33363
4687,33364
4687,33365
4687,33366
4687,33367
4687,33368
4687,33369
4687,33370
4687,33371
4687,33372
4687,33373
4687,33374
4687,33375
4687,33376
4687,33377
4687,33378
4687,33379
4687,33380
4687,33381
4687,33382
4687,33383
4687,33384
4687,33385
4687,33386
4687,33387
4687,33388
4687,33389
4687,33390
4687,33391
4687,33392
4687,33393
4687,33394
4687,33395
4687,33396
4687,33397
4687,33398
4687,33399
4687,33400
4687,33401
4687,33416
4687,33417
4687,33418
4687,33419
4687,33420
4687,33421
4687,33422
4687,33423
4687,33424
4687,33425
4687,33426
4687,33427
4687,33428
4687,33429
4687,33430
4687,33431
4687,33432
4687,33433
4687,33434
4687,33435
4687,33436
4687,33437
4687,33438
4687,33439
4687,33440
4687,33441
4687,33442
4687,33443
4687,33444
4687,33445
4687,33446
4687,33447
4687,33448
4687,33449
4687,33450
4687,33451
4687,33452
4687,33453
4687,33454
4687,33455
4687,33456
4687,33457
4687,33458
4687,33459
4687,33460
4687,33461
4687,33462
4687,33463
4687,33464
4687,33465
4687,33466
4687,33467
4687,33468
4687,33469
4687,33470
4687,33471
4687,33472
4687,33473
4687,33474
4687,33475
4687,33476
4687,33477
4687,33478
4687,33479
4687,33480
4687,33481
4687,33482
4687,33483
4687,33484
4687,33485
4687,33486
4687,33487
4687,33488
4687,33489
4687,33490
4687,33491
4687,33492
4687,33493
4687,33494
4687,33495
4687,33496
4687,33497
4687,33498
4687,33499
4687,33500
4687,33501
4687,33502
4687,33503
4687,33504
4687,33505
4687,33506
4687,33507
4687,33508
4687,33509
4687,33510
4687,33511
4687,33512
4687,33513
4687,33514
4687,33515
4687,33516
4687,33517
4687,33518
4687,33519
4687,33520
4687,33521
4687,33522
4687,33523
4687,33524
4687,33525
4687,33526
4687,33527
4687,33528
4687,33529
4687,33530
4687,33531
4687,33532
4687,33533
4687,33534
4688,33351
4688,33352
4688,33353
4688,33354
4688,33355
4688,33356
4688,33357
4688,33358
4688,33359
4688,33360
4688,33361
4688,33362
4688,33363
4688,33364
4688,33365
4688,33366
4688,33367
4688,33368
4688,33369
4688,33370
4688,33371
4688,33372
4688,33373
4688,33374
4688,33375
4688,33376
4688,33377
4688,33378
4688,33379
4688,33380
4688,33381
4688,33382
4688,33383
4688,33384
4688,33385
4688,33386
4688,33387
4688,33388
4688,33389
4688,33390
4688,33391
4688,33392
4688,33393
4688,33394
4688,33395
4688,33396
4688,33397
4688,33398
4688,33399
4688,33400
4688,33401
4688,33402
4688,33415
4688,33416
4688,33417
4688,33418
4688,33419
4688,33420
4688,33421
4688,33422
4688,33423
4688,33424
4688,33425
4688,33426
4688,33427
4688,33428
4688,33429
4688,33430
4688,33431
4688,33432
4688,33433
4688,33434
4688,33435
4688,33436
4688,33437
4688,33438
4688,33439
4688,33440
4688,33441
4688,33442
4688,33443
4688,33444
4688,33445
4688,33446
4688,33447
4688,33448
4688,33449
4688,33450
4688,33451
4688,33452
4688,33453
4688,33454
4688,33455
4688,33456
4688,33457
4688,33458
4688,33459
4688,33460
4688,33461
4688,33462
4688,33463
4688,33464
4688,33465
4688,33466
4688,33467
4688,33468
4688,33469
4688,33470
4688,33471
4688,33472
4688,33473
4688,33474
4688,33475
4688,33476
4688,33477
4688,33478
4688,33479
4688,33480
4688,33481
4688,33482
4688,33483
4688,33484
4688,33485
4688,33486
4688,33487
4688,33488
4688,33489
4688,33490
4688,33491
4688,33492
4688,33493
4688,33494
4688,33495
4688,33496
4688,33497
4688,33498
4688,33499
4688,33500
4688,33501
4688,33502
4688,33503
4688,33504
4688,33505
4688,33506
4688,33507
4688,33508
4688,33509
4688,33510
4688,33511
4688,33512
4688,33513
4688,33514
4688,33515
4688,33516
4688,33517
4688,33518
4688,33519
4688,33520
4688,33521
4688,33522
4688,33523
4688,33524
4688,33525
4688,33526
4688,33527
4688,33528
4688,33529
4688,33530
4688,33531
4688,33532
4688,33533
4688,33534
4689,33350
4689,33351
4689,33352
4689,33353
4689,33354
4689,33355
4689,33356
4689,33357
4689,33358
4689,33359
4689,33360
4689,33361
4689,33362
4689,33363
4689,33364
4689,33365
4689,33366
4689,33367
4689,33368
4689,33369
4689,33370
4689,33371
4689,33372
4689,33373
4689,33374
4689,33375
4689,33376
4689,33377
4689,33378
4689,33379
4689,33380
4689,33381
4689,33382
4689,33383
4689,33384
4689,33385
4689,33386
4689,33387
4689,33388
4689,33389
4689,33390
4689,33391
4689,33392
4689,33393
4689,33394
4689,33395
4689,33396
4689,33397
4689,33398
4689,33399
4689,33400
4689,33401
4689,33402
4689,33415
4689,33416
4689,33417
4689,33418
4689,33419
4689,33420
4689,33421
4689,33422
4689,33423
4689,33424
4689,33425
4689,33426
4689,33427
4689,33428
4689,33429
4689,33430
4689,33431
4689,33432
4689,33433
4689,33434
4689,33435
4689,33436
4689,33437
4689,33438
4689,33439
4689,33440
4689,33441
4689,33442
4689,33443
4689,33444
4689,33445
4689,33446
4689,33447
4689,33448
4689,33449
4689,33450
4689,33451
4689,33452
4689,33453
4689,33454
4689,33455
4689,33456
4689,33457
4689,33458
4689,33459
4689,33460
4689,33461
4689,33462
4689,33463
4689,33464
4689,33465
4689,33466
4689,33467
4689,33468
4689,33469
4689,33470
4689,33471
4689,33472
4689,33473
4689,33474
4689,33475
4689,33476
4689,33477
4689,33478
4689,33479
4689,33480
4689,33481
4689,33482
4689,33483
4689,33484
4689,33485
4689,33486
4689,33487
4689,33488
4689,33489
4689,33490
4689,33491
4689,33492
4689,33493
4689,33494
4689,33495
4689,33496
4689,33497
4689,33498
4689,33499
4689,33500
4689,33501
4689,33502
4689,33503
4689,33504
4689,33505
4689,33506
4689,33507
4689,33508
4689,33509
4689,33510
4689,33511
4689,33512
4689,33513
4689,33514
4689,33515
4689,33516
4689,33517
4689,33518
4689,33519
4689,33520
4689,33521
4689,33522
4689,33523
4689,33524
4689,33525
4689,33526
4689,33527
4689,33528
4689,33529
4689,33530
4689,33531
4689,33532
4689,33533
4689,33534
4690,33349
4690,33350
4690,33351
4690,33352
4690,33353
4690,33354
4690,33355
4690,33356
4690,33357
4690,33358
4690,33359
4690,33360
4690,33361
4690,33362
4690,33363
4690,33364
4690,33365
4690,33366
4690,33367
4690,33368
4690,33369
4690,33370
4690,33371
4690,33372
4690,33373
4690,33374
4690,33375
4690,33376
4690,33377
4690,33378
4690,33379
4690,33380
4690,33381
4690,33382
4690,33383
4690,33384
4690,33385
4690,33386
4690,33387
4690,33388
4690,33389
4690,33390
4690,33391
4690,33392
4690,33393
4690,33394
4690,33395
4690,33396
4690,33397
4690,33398
4690,33399
4690,33400
4690,33401
4690,33402
4690,33403
4690,33414
4690,33415
4690,33416
4690,33417
4690,33418
4690,33419
4690,33420
4690,33421
4690,33422
4690,33423
4690,33424
4690,33425
4690,33426
4690,33427
4690,33428
4690,33429
4690,33430
4690,33431
4690,33432
4690,33433
4690,33434
4690,33435
4690,33436
4690,33437
4690,33438
4690,33439
4690,33440
4690,33441
4690,33442
4690,33443
4690,33444
4690,33445
4690,33446
4690,33447
4690,33448
4690,33449
4690,33450
4690,33451
4690,33452
4690,33453
4690,33454
4690,33455
4690,33456
4690,33457
4690,33458
4690,33459
4690,33460
4690,33461
4690,33462
4690,33463
4690,33464
4690,33465
4690,33466
4690,33467
4690,33468
4690,33469
4690,33470
4690,33471
4690,33472
4690,33473
4690,33474
4690,33475
4690,33476
4690,33477
4690,33478
4690,33479
4690,33480
4690,33481
4690,33482
4690,33483
4690,33484
4690,33485
4690,33486
4690,33487
4690,33488
4690,33489
4690,33490
4690,33491
4690,33492
4690,33493
4690,33494
4690,33495
4690,33496
4690,33497
4690,33498
4690,33499
4690,33500
4690,33501
4690,33502
4690,33503
4690,33504
4690,33505
4690,33506
4690,33507
4690,33508
4690,33509
4690,33510
4690,33511
4690,33512
4690,33513
4690,33514
4690,33515
4690,33516
4690,33517
4690,33518
4690,33519
4690,33520
4690,33521
4690,33522
4690,33523
4690,33524
4690,33525
4690,33526
4690,33527
4690,33528
4690,33529
4690,33530
4690,33531
4690,33532
4690,33533
4690,33534
4690,33535
4691,33348
4691,33349
4691,33350
4691,33351
4691,33352
4691,33353
4691,33354
4691,33355
4691,33356
4691,33357
4691,33358
4691,33359
4691,33360
4691,33361
4691,33362
4691,33363
4691,33364
4691,33365
4691,33366
4691,33367
4691,33368
4691,33369
4691,33370
4691,33371
4691,33372
4691,33373
4691,33374
4691,33375
4691,33376
4691,33377
4691,33378
4691,33379
4691,33380
4691,33381
4691,33382
4691,33383
4691,33384
4691,33385
4691,33386
4691,33387
4691,33388
4691,33389
4691,33390
4691,33391
4691,33392
4691,33393
4691,33394
4691,33395
4691,33396
4691,33397
4691,33398
4691,33399
4691,33400
4691,33401
4691,33402
4691,33412
4691,33413
4691,33414
4691,33415
4691,33416
4691,33417
4691,33418
4691,33419
4691,33420
4691,33421
4691,33422
4691,33423
4691,33424
4691,33425
4691,33426
4691,33427
4691,33428
4691,33429
4691,33430
4691,33431
4691,33432
4691,33433
4691,33434
4691,33435
4691,33436
4691,33437
4691,33438
4691,33439
4691,33440
4691,33441
4691,33442
4691,33443
4691,33444
4691,33445
4691,33446
4691,33447
4691,33448
4691,33449
4691,33450
4691,33451
4691,33452
4691,33453
4691,33454
4691,33455
4691,33456
4691,33457
4691,33458
4691,33459
4691,33460
4691,33461
4691,33462
4691,33463
4691,33464
4691,33465
4691,33466
4691,33467
4691,33468
4691,33469
4691,33470
4691,33471
4691,33472
4691,33473
4691,33474
4691,33475
4691,33476
4691,33477
4691,33478
4691,33479
4691,33480
4691,33481
4691,33482
4691,33483
4691,33484
4691,33485
4691,33486
4691,33487
4691,33488
4691,33489
4691,33490
4691,33491
4691,33492
4691,33493
4691,33494
4691,33495
4691,33496
4691,33497
4691,33498
4691,33499
4691,33500
4691,33501
4691,33502
4691,33503
4691,33504
4691,33505
4691,33506
4691,33507
4691,33508
4691,33509
4691,33510
4691,33511
4691,33512
4691,33513
4691,33514
4691,33515
4691,33516
4691,33517
4691,33518
4691,33519
4691,33520
4691,33521
4691,33522
4691,33523
4691,33524
4691,33525
4691,33526
4691,33527
4691,33528
4691,33529
4691,33530
4691,33531
4691,33532
4691,33533
4691,33534
4691,33535
4691,33536
4692,33347
4692,33348
4692,33349
4692,33350
4692,33351
4692,33352
4692,33353
4692,33354
4692,33355
4692,33356
4692,33357
4692,33358
4692,33359
4692,33360
4692,33361
4692,33362
4692,33363
4692,33364
4692,33365
4692,33366
4692,33367
4692,33368
4692,33369
4692,33370
4692,33371
4692,33372
4692,33373
4692,33374
4692,33375
4692,33376
4692,33377
4692,33378
4692,33379
4692,33380
4692,33381
4692,33382
4692,33383
4692,33384
4692,33385
4692,33386
4692,33387
4692,33388
4692,33389
4692,33390
4692,33391
4692,33392
4692,33393
4692,33394
4692,33395
4692,33396
4692,33397
4692,33398
4692,33399
4692,33400
4692,33401
4692,33402
4692,33403
4692,33404
4692,33407
4692,33411
4692,33412
4692,33413
4692,33414
4692,33415
4692,33416
4692,33417
4692,33418
4692,33419
4692,33420
4692,33421
4692,33422
4692,33423
4692,33424
4692,33425
4692,33426
4692,33427
4692,33428
4692,33429
4692,33430
4692,33431
4692,33432
4692,33433
4692,33434
4692,33435
4692,33436
4692,33437
4692,33438
4692,33439
4692,33440
4692,33441
4692,33442
4692,33443
4692,33444
4692,33445
4692,33446
4692,33447
4692,33448
4692,33449
4692,33450
4692,33451
4692,33452
4692,33453
4692,33454
4692,33455
4692,33456
4692,33457
4692,33458
4692,33459
4692,33460
4692,33461
4692,33462
4692,33463
4692,33464
4692,33465
4692,33466
4692,33467
4692,33468
4692,33469
4692,33470
4692,33471
4692,33472
4692,33473
4692,33474
4692,33475
4692,33476
4692,33477
4692,33478
4692,33479
4692,33480
4692,33481
4692,33482
4692,33483
4692,33484
4692,33485
4692,33486
4692,33487
4692,33488
4692,33489
4692,33490
4692,33491
4692,33492
4692,33493
4692,33494
4692,33495
4692,33496
4692,33497
4692,33498
4692,33499
4692,33500
4692,33501
4692,33502
4692,33503
4692,33504
4692,33505
4692,33506
4692,33507
4692,33508
4692,33509
4692,33510
4692,33511
4692,33512
4692,33513
4692,33514
4692,33515
4692,33516
4692,33517
4692,33518
4692,33519
4692,33520
4692,33521
4692,33522
4692,33523
4692,33524
4692,33525
4692,33526
4692,33527
4692,33528
4692,33529
4692,33530
4692,33531
4692,33532
4692,33533
4692,33534
4692,33535
4692,33536
4692,33537
4693,33345
4693,33346
4693,33347
4693,33348
4693,33349
4693,33350
4693,33351
4693,33352
4693,33353
4693,33354
4693,33355
4693,33356
4693,33357
4693,33358
4693,33359
4693,33360
4693,33361
4693,33362
4693,33363
4693,33364
4693,33365
4693,33366
4693,33367
4693,33368
4693,33369
4693,33370
4693,33371
4693,33372
4693,33373
4693,33374
4693,33375
4693,33376
4693,33377
4693,33378
4693,33379
4693,33380
4693,33381
4693,33382
4693,33383
4693,33384
4693,33385
4693,33386
4693,33387
4693,33388
4693,33389
4693,33390
4693,33391
4693,33392
4693,33393
4693,33394
4693,33395
4693,33396
4693,33397
4693,33398
4693,33399
4693,33400
4693,33401
4693,33402
4693,33403
4693,33404
4693,33405
4693,33406
4693,33407
4693,33408
4693,33409
4693,33410
4693,33411
4693,33412
4693,33413
4693,33414
4693,33415
4693,33416
4693,33417
4693,33418
4693,33419
4693,33420
4693,33421
4693,33422
4693,33423
4693,33424
4693,33425
4693,33426
4693,33427
4693,33428
4693,33429
4693,33430
4693,33431
4693,33432
4693,33433
4693,33434
4693,33435
4693,33436
4693,33437
4693,33438
4693,33439
4693,33440
4693,33441
4693,33442
4693,33443
4693,33444
4693,33445
4693,33446
4693,33447
4693,33448
4693,33449
4693,33450
4693,33451
4693,33452
4693,33453
4693,33454
4693,33455
4693,33456
4693,33457
4693,33458
4693,33459
4693,33460
4693,33461
4693,33462
4693,33463
4693,33464
4693,33465
4693,33466
4693,33467
4693,33468
4693,33469
4693,33470
4693,33471
4693,33472
4693,33473
4693,33474
4693,33475
4693,33476
4693,33477
4693,33478
4693,33479
4693,33480
4693,33481
4693,33482
4693,33483
4693,33484
4693,33485
4693,33486
4693,33487
4693,33488
4693,33489
4693,33490
4693,33491
4693,33492
4693,33493
4693,33494
4693,33495
4693,33496
4693,33497
4693,33498
4693,33499
4693,33500
4693,33501
4693,33502
4693,33503
4693,33504
4693,33505
4693,33506
4693,33507
4693,33508
4693,33509
4693,33510
4693,33511
4693,33512
4693,33513
4693,33514
4693,33515
4693,33516
4693,33517
4693,33518
4693,33519
4693,33520
4693,33521
4693,33522
4693,33523
4693,33524
4693,33525
4693,33526
4693,33527
4693,33528
4693,33529
4693,33530
4693,33531
4693,33532
4693,33533
4693,33534
4693,33535
4693,33536
4693,33537
4693,33538
4694,33344
4694,33345
4694,33346
4694,33347
4694,33348
4694,33349
4694,33350
4694,33351
4694,33352
4694,33353
4694,33354
4694,33355
4694,33356
4694,33357
4694,33358
4694,33359
4694,33360
4694,33361
4694,33362
4694,33363
4694,33364
4694,33365
4694,33366
4694,33367
4694,33368
4694,33369
4694,33370
4694,33371
4694,33372
4694,33373
4694,33374
4694,33375
4694,33376
4694,33377
4694,33378
4694,33379
4694,33380
4694,33381
4694,33382
4694,33383
4694,33384
4694,33385
4694,33386
4694,33387
4694,33388
4694,33389
4694,33390
4694,33391
4694,33392
4694,33393
4694,33394
4694,33395
4694,33396
4694,33397
4694,33398
4694,33399
4694,33400
4694,33401
4694,33402
4694,33403
4694,33404
4694,33405
4694,33406
4694,33407
4694,33408
4694,33409
4694,33410
4694,33411
4694,33412
4694,33413
4694,33414
4694,33415
4694,33416
4694,33417
4694,33418
4694,33419
4694,33420
4694,33421
4694,33422
4694,33423
4694,33424
4694,33425
4694,33426
4694,33427
4694,33428
4694,33429
4694,33430
4694,33431
4694,33432
4694,33433
4694,33434
4694,33435
4694,33436
4694,33437
4694,33438
4694,33439
4694,33440
4694,33441
4694,33442
4694,33443
4694,33444
4694,33445
4694,33446
4694,33447
4694,33448
4694,33449
4694,33450
4694,33451
4694,33452
4694,33453
4694,33454
4694,33455
4694,33456
4694,33457
4694,33458
4694,33459
4694,33460
4694,33461
4694,33462
4694,33463
4694,33464
4694,33465
4694,33466
4694,33467
4694,33468
4694,33469
4694,33470
4694,33471
4694,33472
4694,33473
4694,33474
4694,33475
4694,33476
4694,33477
4694,33478
4694,33479
4694,33480
4694,33481
4694,33482
4694,33483
4694,33484
4694,33485
4694,33486
4694,33487
4694,33488
4694,33489
4694,33490
4694,33491
4694,33492
4694,33493
4694,33494
4694,33495
4694,33496
4694,33497
4694,33498
4694,33499
4694,33500
4694,33501
4694,33502
4694,33503
4694,33504
4694,33505
4694,33506
4694,33507
4694,33508
4694,33509
4694,33510
4694,33511
4694,33512
4694,33513
4694,33514
4694,33515
4694,33516
4694,33517
4694,33518
4694,33519
4694,33520
4694,33521
4694,33522
4694,33523
4694,33524
4694,33525
4694,33526
4694,33527
4694,33528
4694,33529
4694,33530
4694,33531
4694,33532
4694,33533
4694,33534
4694,33535
4694,33536
4694,33537
4694,33538
4695,33343
4695,33344
4695,33345
4695,33346
4695,33347
4695,33348
4695,33349
4695,33350
4695,33351
4695,33352
4695,33353
4695,33354
4695,33355
4695,33356
4695,33357
4695,33358
4695,33359
4695,33360
4695,33361
4695,33362
4695,33363
4695,33364
4695,33365
4695,33366
4695,33367
4695,33368
4695,33369
4695,33370
4695,33371
4695,33372
4695,33373
4695,33374
4695,33375
4695,33376
4695,33377
4695,33378
4695,33379
4695,33380
4695,33381
4695,33382
4695,33383
4695,33384
4695,33385
4695,33386
4695,33387
4695,33388
4695,33389
4695,33390
4695,33391
4695,33392
4695,33393
4695,33394
4695,33395
4695,33396
4695,33397
4695,33398
4695,33399
4695,33400
4695,33401
4695,33402
4695,33403
4695,33404
4695,33405
4695,33406
4695,33407
4695,33408
4695,33409
4695,33410
4695,33411
4695,33412
4695,33413
4695,33414
4695,33415
4695,33416
4695,33417
4695,33418
4695,33419
4695,33420
4695,33421
4695,33422
4695,33423
4695,33424
4695,33425
4695,33426
4695,33427
4695,33428
4695,33429
4695,33430
4695,33431
4695,33432
4695,33433
4695,33434
4695,33435
4695,33436
4695,33437
4695,33438
4695,33439
4695,33440
4695,33441
4695,33442
4695,33443
4695,33444
4695,33445
4695,33446
4695,33447
4695,33448
4695,33449
4695,33450
4695,33451
4695,33452
4695,33453
4695,33454
4695,33455
4695,33456
4695,33457
4695,33458
4695,33459
4695,33460
4695,33461
4695,33462
4695,33463
4695,33464
4695,33465
4695,33466
4695,33467
4695,33468
4695,33469
4695,33470
4695,33471
4695,33472
4695,33473
4695,33474
4695,33475
4695,33476
4695,33477
4695,33478
4695,33479
4695,33480
4695,33481
4695,33482
4695,33483
4695,33484
4695,33485
4695,33486
4695,33487
4695,33488
4695,33489
4695,33490
4695,33491
4695,33492
4695,33493
4695,33494
4695,33495
4695,33496
4695,33497
4695,33498
4695,33499
4695,33500
4695,33501
4695,33502
4695,33503
4695,33504
4695,33505
4695,33506
4695,33507
4695,33508
4695,33509
4695,33510
4695,33511
4695,33512
4695,33513
4695,33514
4695,33515
4695,33516
4695,33517
4695,33518
4695,33519
4695,33520
4695,33521
4695,33522
4695,33523
4695,33524
4695,33525
4695,33526
4695,33527
4695,33528
4695,33529
4695,33530
4695,33531
4695,33532
4695,33533
4695,33534
4695,33535
4695,33536
4695,33537
4695,33538
4696,33343
4696,33344
4696,33345
4696,33346
4696,33347
4696,33348
4696,33349
4696,33350
4696,33351
4696,33352
4696,33353
4696,33354
4696,33355
4696,33356
4696,33357
4696,33358
4696,33359
4696,33360
4696,33361
4696,33362
4696,33363
4696,33364
4696,33365
4696,33366
4696,33367
4696,33368
4696,33369
4696,33370
4696,33371
4696,33372
4696,33373
4696,33374
4696,33375
4696,33376
4696,33377
4696,33378
4696,33379
4696,33380
4696,33381
4696,33382
4696,33383
4696,33384
4696,33385
4696,33386
4696,33387
4696,33388
4696,33389
4696,33390
4696,33391
4696,33392
4696,33393
4696,33394
4696,33395
4696,33396
4696,33397
4696,33398
4696,33399
4696,33400
4696,33401
4696,33402
4696,33403
4696,33404
4696,33405
4696,33406
4696,33407
4696,33408
4696,33409
4696,33410
4696,33411
4696,33412
4696,33413
4696,33414
4696,33415
4696,33416
4696,33417
4696,33418
4696,33419
4696,33420
4696,33421
4696,33422
4696,33423
4696,33424
4696,33425
4696,33426
4696,33427
4696,33428
4696,33429
4696,33430
4696,33431
4696,33432
4696,33433
4696,33434
4696,33435
4696,33436
4696,33437
4696,33438
4696,33439
4696,33440
4696,33441
4696,33442
4696,33443
4696,33444
4696,33445
4696,33446
4696,33447
4696,33448
4696,33449
4696,33450
4696,33451
4696,33452
4696,33453
4696,33454
4696,33455
4696,33456
4696,33457
4696,33458
4696,33459
4696,33460
4696,33461
4696,33462
4696,33463
4696,33464
4696,33465
4696,33466
4696,33467
4696,33468
4696,33469
4696,33470
4696,33471
4696,33472
4696,33473
4696,33474
4696,33475
4696,33476
4696,33477
4696,33478
4696,33479
4696,33480
4696,33481
4696,33482
4696,33483
4696,33484
4696,33485
4696,33486
4696,33487
4696,33488
4696,33489
4696,33490
4696,33491
4696,33492
4696,33493
4696,33494
4696,33495
4696,33496
4696,33497
4696,33498
4696,33499
4696,33500
4696,33501
4696,33502
4696,33503
4696,33504
4696,33505
4696,33506
4696,33507
4696,33508
4696,33509
4696,33510
4696,33511
4696,33512
4696,33513
4696,33514
4696,33515
4696,33516
4696,33517
4696,33518
4696,33519
4696,33520
4696,33521
4696,33522
4696,33523
4696,33524
4696,33525
4696,33526
4696,33527
4696,33528
4696,33529
4696,33530
4696,33531
4696,33532
4696,33533
4696,33534
4696,33535
4696,33536
4696,33537
4696,33538
4696,33539
4697,33342
4697,33343
4697,33344
4697,33345
4697,33346
4697,33347
4697,33348
4697,33349
4697,33350
4697,33351
4697,33352
4697,33353
4697,33354
4697,33355
4697,33356
4697,33357
4697,33358
4697,33359
4697,33360
4697,33361
4697,33362
4697,33363
4697,33364
4697,33365
4697,33366
4697,33367
4697,33368
4697,33369
4697,33370
4697,33371
4697,33372
4697,33373
4697,33374
4697,33375
4697,33376
4697,33377
4697,33378
4697,33379
4697,33380
4697,33381
4697,33382
4697,33383
4697,33384
4697,33385
4697,33386
4697,33387
4697,33388
4697,33389
4697,33390
4697,33391
4697,33392
4697,33393
4697,33394
4697,33395
4697,33396
4697,33397
4697,33398
4697,33399
4697,33400
4697,33401
4697,33402
4697,33403
4697,33404
4697,33405
4697,33406
4697,33407
4697,33408
4697,33409
4697,33410
4697,33411
4697,33412
4697,33413
4697,33414
4697,33415
4697,33416
4697,33417
4697,33418
4697,33419
4697,33420
4697,33421
4697,33422
4697,33423
4697,33424
4697,33425
4697,33426
4697,33427
4697,33428
4697,33429
4697,33430
4697,33431
4697,33432
4697,33433
4697,33434
4697,33435
4697,33436
4697,33437
4697,33438
4697,33439
4697,33440
4697,33441
4697,33442
4697,33443
4697,33444
4697,33445
4697,33446
4697,33447
4697,33448
4697,33449
4697,33450
4697,33451
4697,33452
4697,33453
4697,33454
4697,33455
4697,33456
4697,33457
4697,33458
4697,33459
4697,33460
4697,33461
4697,33462
4697,33463
4697,33464
4697,33465
4697,33466
4697,33467
4697,33468
4697,33469
4697,33470
4697,33471
4697,33472
4697,33473
4697,33474
4697,33475
4697,33476
4697,33477
4697,33478
4697,33479
4697,33480
4697,33481
4697,33482
4697,33483
4697,33484
4697,33485
4697,33486
4697,33487
4697,33488
4697,33489
4697,33490
4697,33491
4697,33492
4697,33493
4697,33494
4697,33495
4697,33496
4697,33497
4697,33498
4697,33499
4697,33500
4697,33501
4697,33502
4697,33503
4697,33504
4697,33505
4697,33506
4697,33507
4697,33508
4697,33509
4697,33510
4697,33511
4697,33512
4697,33513
4697,33514
4697,33515
4697,33516
4697,33517
4697,33518
4697,33519
4697,33520
4697,33521
4697,33522
4697,33523
4697,33524
4697,33525
4697,33526
4697,33527
4697,33528
4697,33529
4697,33530
4697,33531
4697,33532
4697,33533
4697,33534
4697,33535
4697,33536
4697,33537
4697,33538
4697,33539
4698,33341
4698,33342
4698,33343
4698,33344
4698,33345
4698,33346
4698,33347
4698,33348
4698,33349
4698,33350
4698,33351
4698,33352
4698,33353
4698,33354
4698,33355
4698,33356
4698,33357
4698,33358
4698,33359
4698,33360
4698,33361
4698,33362
4698,33363
4698,33364
4698,33365
4698,33366
4698,33367
4698,33368
4698,33369
4698,33370
4698,33371
4698,33372
4698,33373
4698,33374
4698,33375
4698,33376
4698,33377
4698,33378
4698,33379
4698,33380
4698,33381
4698,33382
4698,33383
4698,33384
4698,33385
4698,33386
4698,33387
4698,33388
4698,33389
4698,33390
4698,33391
4698,33392
4698,33393
4698,33394
4698,33395
4698,33396
4698,33397
4698,33398
4698,33399
4698,33400
4698,33401
4698,33402
4698,33403
4698,33404
4698,33405
4698,33406
4698,33407
4698,33408
4698,33409
4698,33410
4698,33411
4698,33412
4698,33413
4698,33414
4698,33415
4698,33416
4698,33417
4698,33418
4698,33419
4698,33420
4698,33421
4698,33422
4698,33423
4698,33424
4698,33425
4698,33426
4698,33427
4698,33428
4698,33429
4698,33430
4698,33431
4698,33432
4698,33433
4698,33434
4698,33435
4698,33436
4698,33437
4698,33438
4698,33439
4698,33440
4698,33441
4698,33442
4698,33443
4698,33444
4698,33445
4698,33446
4698,33447
4698,33448
4698,33449
4698,33450
4698,33451
4698,33452
4698,33453
4698,33454
4698,33455
4698,33456
4698,33457
4698,33458
4698,33459
4698,33460
4698,33461
4698,33462
4698,33463
4698,33464
4698,33465
4698,33466
4698,33467
4698,33468
4698,33469
4698,33470
4698,33471
4698,33472
4698,33473
4698,33474
4698,33475
4698,33476
4698,33477
4698,33478
4698,33479
4698,33480
4698,33481
4698,33482
4698,33483
4698,33484
4698,33485
4698,33486
4698,33487
4698,33488
4698,33489
4698,33490
4698,33491
4698,33492
4698,33493
4698,33494
4698,33495
4698,33496
4698,33497
4698,33498
4698,33499
4698,33500
4698,33501
4698,33502
4698,33503
4698,33504
4698,33505
4698,33506
4698,33507
4698,33508
4698,33509
4698,33510
4698,33511
4698,33512
4698,33513
4698,33514
4698,33515
4698,33516
4698,33517
4698,33518
4698,33519
4698,33520
4698,33521
4698,33522
4698,33523
4698,33524
4698,33525
4698,33526
4698,33527
4698,33528
4698,33529
4698,33530
4698,33531
4698,33532
4698,33533
4698,33534
4698,33535
4698,33536
4698,33537
4698,33538
4698,33539
4699,33340
4699,33341
4699,33342
4699,33343
4699,33344
4699,33345
4699,33346
4699,33347
4699,33348
4699,33349
4699,33350
4699,33351
4699,33352
4699,33353
4699,33354
4699,33355
4699,33356
4699,33357
4699,33358
4699,33359
4699,33360
4699,33361
4699,33362
4699,33363
4699,33364
4699,33365
4699,33366
4699,33367
4699,33368
4699,33369
4699,33370
4699,33371
4699,33372
4699,33373
4699,33374
4699,33375
4699,33376
4699,33377
4699,33378
4699,33379
4699,33380
4699,33381
4699,33382
4699,33383
4699,33384
4699,33385
4699,33386
4699,33387
4699,33388
4699,33389
4699,33390
4699,33391
4699,33392
4699,33393
4699,33394
4699,33395
4699,33396
4699,33397
4699,33398
4699,33399
4699,33400
4699,33401
4699,33402
4699,33403
4699,33404
4699,33405
4699,33406
4699,33407
4699,33408
4699,33409
4699,33410
4699,33411
4699,33412
4699,33413
4699,33414
4699,33415
4699,33416
4699,33417
4699,33418
4699,33419
4699,33420
4699,33421
4699,33422
4699,33423
4699,33424
4699,33425
4699,33426
4699,33427
4699,33428
4699,33429
4699,33430
4699,33431
4699,33432
4699,33433
4699,33434
4699,33435
4699,33436
4699,33437
4699,33438
4699,33439
4699,33440
4699,33441
4699,33442
4699,33443
4699,33444
4699,33445
4699,33446
4699,33447
4699,33448
4699,33449
4699,33450
4699,33451
4699,33452
4699,33453
4699,33454
4699,33455
4699,33456
4699,33457
4699,33458
4699,33459
4699,33460
4699,33461
4699,33462
4699,33463
4699,33464
4699,33465
4699,33466
4699,33467
4699,33468
4699,33469
4699,33470
4699,33471
4699,33472
4699,33473
4699,33474
4699,33475
4699,33476
4699,33477
4699,33478
4699,33479
4699,33480
4699,33481
4699,33482
4699,33483
4699,33484
4699,33485
4699,33486
4699,33487
4699,33488
4699,33489
4699,33490
4699,33491
4699,33492
4699,33493
4699,33494
4699,33495
4699,33496
4699,33497
4699,33498
4699,33499
4699,33500
4699,33501
4699,33502
4699,33503
4699,33504
4699,33505
4699,33506
4699,33507
4699,33508
4699,33509
4699,33510
4699,33511
4699,33512
4699,33513
4699,33514
4699,33515
4699,33516
4699,33517
4699,33518
4699,33519
4699,33520
4699,33521
4699,33522
4699,33523
4699,33524
4699,33525
4699,33526
4699,33527
4699,33528
4699,33529
4699,33530
4699,33531
4699,33532
4699,33533
4699,33534
4699,33535
4699,33536
4699,33537
4699,33538
4699,33539
4700,33339
4700,33340
4700,33341
4700,33342
4700,33343
4700,33344
4700,33345
4700,33346
4700,33347
4700,33348
4700,33349
4700,33350
4700,33351
4700,33352
4700,33353
4700,33354
4700,33355
4700,33356
4700,33357
4700,33358
4700,33359
4700,33360
4700,33361
4700,33362
4700,33363
4700,33364
4700,33365
4700,33366
4700,33367
4700,33368
4700,33369
4700,33370
4700,33371
4700,33372
4700,33373
4700,33374
4700,33375
4700,33376
4700,33377
4700,33378
4700,33379
4700,33380
4700,33381
4700,33382
4700,33383
4700,33384
4700,33385
4700,33386
4700,33387
4700,33388
4700,33389
4700,33390
4700,33391
4700,33392
4700,33393
4700,33394
4700,33395
4700,33396
4700,33397
4700,33398
4700,33399
4700,33400
4700,33401
4700,33402
4700,33403
4700,33404
4700,33405
4700,33406
4700,33407
4700,33408
4700,33409
4700,33410
4700,33411
4700,33412
4700,33413
4700,33414
4700,33415
4700,33416
4700,33417
4700,33418
4700,33419
4700,33420
4700,33421
4700,33422
4700,33423
4700,33424
4700,33425
4700,33426
4700,33427
4700,33428
4700,33429
4700,33430
4700,33431
4700,33432
4700,33433
4700,33434
4700,33435
4700,33436
4700,33437
4700,33438
4700,33439
4700,33440
4700,33441
4700,33442
4700,33443
4700,33444
4700,33445
4700,33446
4700,33447
4700,33448
4700,33449
4700,33450
4700,33451
4700,33452
4700,33453
4700,33454
4700,33455
4700,33456
4700,33457
4700,33458
4700,33459
4700,33460
4700,33461
4700,33462
4700,33463
4700,33464
4700,33465
4700,33466
4700,33467
4700,33468
4700,33469
4700,33470
4700,33471
4700,33472
4700,33473
4700,33474
4700,33475
4700,33476
4700,33477
4700,33478
4700,33479
4700,33480
4700,33481
4700,33482
4700,33483
4700,33484
4700,33485
4700,33486
4700,33487
4700,33488
4700,33489
4700,33490
4700,33491
4700,33492
4700,33493
4700,33494
4700,33495
4700,33496
4700,33497
4700,33498
4700,33499
4700,33500
4700,33501
4700,33502
4700,33503
4700,33504
4700,33505
4700,33506
4700,33507
4700,33508
4700,33509
4700,33510
4700,33511
4700,33512
4700,33513
4700,33514
4700,33515
4700,33516
4700,33517
4700,33518
4700,33519
4700,33520
4700,33521
4700,33522
4700,33523
4700,33524
4700,33525
4700,33526
4700,33527
4700,33528
4700,33529
4700,33530
4700,33531
4700,33532
4700,33533
4700,33534
4700,33535
4700,33536
4700,33537
4700,33538
4700,33539
4700,33540
4701,33338
4701,33339
4701,33340
4701,33341
4701,33342
4701,33343
4701,33344
4701,33345
4701,33346
4701,33347
4701,33348
4701,33349
4701,33350
4701,33351
4701,33352
4701,33353
4701,33354
4701,33355
4701,33356
4701,33357
4701,33358
4701,33359
4701,33360
4701,33361
4701,33362
4701,33363
4701,33364
4701,33365
4701,33366
4701,33367
4701,33368
4701,33369
4701,33370
4701,33371
4701,33372
4701,33373
4701,33374
4701,33375
4701,33376
4701,33377
4701,33378
4701,33379
4701,33380
4701,33381
4701,33382
4701,33383
4701,33384
4701,33385
4701,33386
4701,33387
4701,33388
4701,33389
4701,33390
4701,33391
4701,33392
4701,33393
4701,33394
4701,33395
4701,33396
4701,33397
4701,33398
4701,33399
4701,33400
4701,33401
4701,33402
4701,33403
4701,33404
4701,33405
4701,33406
4701,33407
4701,33408
4701,33409
4701,33410
4701,33411
4701,33412
4701,33413
4701,33414
4701,33415
4701,33416
4701,33417
4701,33418
4701,33419
4701,33420
4701,33421
4701,33422
4701,33423
4701,33424
4701,33425
4701,33426
4701,33427
4701,33428
4701,33429
4701,33430
4701,33431
4701,33432
4701,33433
4701,33434
4701,33435
4701,33436
4701,33437
4701,33438
4701,33439
4701,33440
4701,33441
4701,33442
4701,33443
4701,33444
4701,33445
4701,33446
4701,33447
4701,33448
4701,33449
4701,33450
4701,33451
4701,33452
4701,33453
4701,33454
4701,33455
4701,33456
4701,33457
4701,33458
4701,33459
4701,33460
4701,33461
4701,33462
4701,33463
4701,33464
4701,33465
4701,33466
4701,33467
4701,33468
4701,33469
4701,33470
4701,33471
4701,33472
4701,33473
4701,33474
4701,33475
4701,33476
4701,33477
4701,33478
4701,33479
4701,33480
4701,33481
4701,33482
4701,33483
4701,33484
4701,33485
4701,33486
4701,33487
4701,33488
4701,33489
4701,33490
4701,33491
4701,33492
4701,33493
4701,33494
4701,33495
4701,33496
4701,33497
4701,33498
4701,33499
4701,33500
4701,33501
4701,33502
4701,33503
4701,33504
4701,33505
4701,33506
4701,33507
4701,33508
4701,33509
4701,33510
4701,33511
4701,33512
4701,33513
4701,33514
4701,33515
4701,33516
4701,33517
4701,33518
4701,33519
4701,33520
4701,33521
4701,33522
4701,33523
4701,33524
4701,33525
4701,33526
4701,33527
4701,33528
4701,33529
4701,33530
4701,33531
4701,33532
4701,33533
4701,33534
4701,33535
4701,33536
4701,33537
4701,33538
4701,33539
4701,33540
4702,33337
4702,33338
4702,33339
4702,33340
4702,33341
4702,33342
4702,33343
4702,33344
4702,33345
4702,33346
4702,33347
4702,33348
4702,33349
4702,33350
4702,33351
4702,33352
4702,33353
4702,33354
4702,33355
4702,33356
4702,33357
4702,33358
4702,33359
4702,33360
4702,33361
4702,33362
4702,33363
4702,33364
4702,33365
4702,33366
4702,33367
4702,33368
4702,33369
4702,33370
4702,33371
4702,33372
4702,33373
4702,33374
4702,33375
4702,33376
4702,33377
4702,33378
4702,33379
4702,33380
4702,33381
4702,33382
4702,33383
4702,33384
4702,33385
4702,33386
4702,33387
4702,33388
4702,33389
4702,33390
4702,33391
4702,33392
4702,33393
4702,33394
4702,33395
4702,33396
4702,33397
4702,33398
4702,33399
4702,33400
4702,33401
4702,33402
4702,33403
4702,33404
4702,33405
4702,33406
4702,33407
4702,33408
4702,33409
4702,33410
4702,33411
4702,33412
4702,33413
4702,33414
4702,33415
4702,33416
4702,33417
4702,33418
4702,33419
4702,33420
4702,33421
4702,33422
4702,33423
4702,33424
4702,33425
4702,33426
4702,33427
4702,33428
4702,33429
4702,33430
4702,33431
4702,33432
4702,33433
4702,33434
4702,33435
4702,33436
4702,33437
4702,33438
4702,33439
4702,33440
4702,33441
4702,33442
4702,33443
4702,33444
4702,33445
4702,33446
4702,33447
4702,33448
4702,33449
4702,33450
4702,33451
4702,33452
4702,33453
4702,33454
4702,33455
4702,33456
4702,33457
4702,33458
4702,33459
4702,33460
4702,33461
4702,33462
4702,33463
4702,33464
4702,33465
4702,33466
4702,33467
4702,33468
4702,33469
4702,33470
4702,33471
4702,33472
4702,33473
4702,33474
4702,33475
4702,33476
4702,33477
4702,33478
4702,33479
4702,33480
4702,33481
4702,33482
4702,33483
4702,33484
4702,33485
4702,33486
4702,33487
4702,33488
4702,33489
4702,33490
4702,33491
4702,33492
4702,33493
4702,33494
4702,33495
4702,33496
4702,33497
4702,33498
4702,33499
4702,33500
4702,33501
4702,33502
4702,33503
4702,33504
4702,33505
4702,33506
4702,33507
4702,33508
4702,33509
4702,33510
4702,33511
4702,33512
4702,33513
4702,33514
4702,33515
4702,33516
4702,33517
4702,33518
4702,33519
4702,33520
4702,33521
4702,33522
4702,33523
4702,33524
4702,33525
4702,33526
4702,33527
4702,33528
4702,33529
4702,33530
4702,33531
4702,33532
4702,33533
4702,33534
4702,33535
4702,33536
4702,33537
4702,33538
4702,33539
4702,33540
4703,33336
4703,33337
4703,33338
4703,33339
4703,33340
4703,33341
4703,33342
4703,33343
4703,33344
4703,33345
4703,33346
4703,33347
4703,33348
4703,33349
4703,33350
4703,33351
4703,33352
4703,33353
4703,33354
4703,33355
4703,33356
4703,33357
4703,33358
4703,33359
4703,33360
4703,33361
4703,33362
4703,33363
4703,33364
4703,33365
4703,33366
4703,33367
4703,33368
4703,33369
4703,33370
4703,33371
4703,33372
4703,33373
4703,33374
4703,33375
4703,33376
4703,33377
4703,33378
4703,33379
4703,33380
4703,33381
4703,33382
4703,33383
4703,33384
4703,33385
4703,33386
4703,33387
4703,33388
4703,33389
4703,33390
4703,33391
4703,33392
4703,33393
4703,33394
4703,33395
4703,33396
4703,33397
4703,33398
4703,33399
4703,33400
4703,33401
4703,33402
4703,33403
4703,33404
4703,33405
4703,33406
4703,33407
4703,33408
4703,33409
4703,33410
4703,33411
4703,33412
4703,33413
4703,33414
4703,33415
4703,33416
4703,33417
4703,33418
4703,33419
4703,33420
4703,33421
4703,33422
4703,33423
4703,33424
4703,33425
4703,33426
4703,33427
4703,33428
4703,33429
4703,33430
4703,33431
4703,33432
4703,33433
4703,33434
4703,33435
4703,33436
4703,33437
4703,33438
4703,33439
4703,33440
4703,33441
4703,33442
4703,33443
4703,33444
4703,33445
4703,33446
4703,33447
4703,33448
4703,33449
4703,33450
4703,33451
4703,33452
4703,33453
4703,33454
4703,33455
4703,33456
4703,33457
4703,33458
4703,33459
4703,33460
4703,33461
4703,33462
4703,33463
4703,33464
4703,33465
4703,33466
4703,33467
4703,33468
4703,33469
4703,33470
4703,33471
4703,33472
4703,33473
4703,33474
4703,33475
4703,33476
4703,33477
4703,33478
4703,33479
4703,33480
4703,33481
4703,33482
4703,33483
4703,33484
4703,33485
4703,33486
4703,33487
4703,33488
4703,33489
4703,33490
4703,33491
4703,33492
4703,33493
4703,33494
4703,33495
4703,33496
4703,33497
4703,33498
4703,33499
4703,33500
4703,33501
4703,33502
4703,33503
4703,33504
4703,33505
4703,33506
4703,33507
4703,33508
4703,33509
4703,33510
4703,33511
4703,33512
4703,33513
4703,33514
4703,33515
4703,33516
4703,33517
4703,33518
4703,33519
4703,33520
4703,33521
4703,33522
4703,33523
4703,33524
4703,33525
4703,33526
4703,33527
4703,33528
4703,33529
4703,33530
4703,33531
4703,33532
4703,33533
4703,33534
4703,33535
4703,33536
4703,33537
4703,33538
4703,33539
4703,33540
4703,33541
4704,33336
4704,33337
4704,33338
4704,33339
4704,33340
4704,33341
4704,33342
4704,33343
4704,33344
4704,33345
4704,33346
4704,33347
4704,33348
4704,33349
4704,33350
4704,33351
4704,33352
4704,33353
4704,33354
4704,33355
4704,33356
4704,33357
4704,33358
4704,33359
4704,33360
4704,33361
4704,33362
4704,33363
4704,33364
4704,33365
4704,33366
4704,33367
4704,33368
4704,33369
4704,33370
4704,33371
4704,33372
4704,33373
4704,33374
4704,33375
4704,33376
4704,33377
4704,33378
4704,33379
4704,33380
4704,33381
4704,33382
4704,33383
4704,33384
4704,33385
4704,33386
4704,33387
4704,33388
4704,33389
4704,33390
4704,33391
4704,33392
4704,33393
4704,33394
4704,33395
4704,33396
4704,33397
4704,33398
4704,33399
4704,33400
4704,33401
4704,33402
4704,33403
4704,33404
4704,33405
4704,33406
4704,33407
4704,33408
4704,33409
4704,33410
4704,33411
4704,33412
4704,33413
4704,33414
4704,33415
4704,33416
4704,33417
4704,33418
4704,33419
4704,33420
4704,33421
4704,33422
4704,33423
4704,33424
4704,33425
4704,33426
4704,33427
4704,33428
4704,33429
4704,33430
4704,33431
4704,33432
4704,33433
4704,33434
4704,33435
4704,33436
4704,33437
4704,33438
4704,33439
4704,33440
4704,33441
4704,33442
4704,33443
4704,33444
4704,33445
4704,33446
4704,33447
4704,33448
4704,33449
4704,33450
4704,33451
4704,33452
4704,33453
4704,33454
4704,33455
4704,33456
4704,33457
4704,33458
4704,33459
4704,33460
4704,33461
4704,33462
4704,33463
4704,33464
4704,33465
4704,33466
4704,33467
4704,33468
4704,33469
4704,33470
4704,33471
4704,33472
4704,33473
4704,33474
4704,33475
4704,33476
4704,33477
4704,33478
4704,33479
4704,33480
4704,33481
4704,33482
4704,33483
4704,33484
4704,33485
4704,33486
4704,33487
4704,33488
4704,33489
4704,33490
4704,33491
4704,33492
4704,33493
4704,33494
4704,33495
4704,33496
4704,33497
4704,33498
4704,33499
4704,33500
4704,33501
4704,33502
4704,33503
4704,33504
4704,33505
4704,33506
4704,33507
4704,33508
4704,33509
4704,33510
4704,33511
4704,33512
4704,33513
4704,33514
4704,33515
4704,33516
4704,33517
4704,33518
4704,33519
4704,33520
4704,33521
4704,33522
4704,33523
4704,33524
4704,33525
4704,33526
4704,33527
4704,33528
4704,33529
4704,33530
4704,33531
4704,33532
4704,33533
4704,33534
4704,33535
4704,33536
4704,33537
4704,33538
4704,33539
4704,33540
4704,33541
4705,33335
4705,33336
4705,33337
4705,33338
4705,33339
4705,33340
4705,33341
4705,33342
4705,33343
4705,33344
4705,33345
4705,33346
4705,33347
4705,33348
4705,33349
4705,33350
4705,33351
4705,33352
4705,33353
4705,33354
4705,33355
4705,33356
4705,33357
4705,33358
4705,33359
4705,33360
4705,33361
4705,33362
4705,33363
4705,33364
4705,33365
4705,33366
4705,33367
4705,33368
4705,33369
4705,33370
4705,33371
4705,33372
4705,33373
4705,33374
4705,33375
4705,33376
4705,33377
4705,33378
4705,33379
4705,33380
4705,33381
4705,33382
4705,33383
4705,33384
4705,33385
4705,33386
4705,33387
4705,33388
4705,33389
4705,33390
4705,33391
4705,33392
4705,33393
4705,33394
4705,33395
4705,33396
4705,33397
4705,33398
4705,33399
4705,33400
4705,33401
4705,33402
4705,33403
4705,33404
4705,33405
4705,33406
4705,33407
4705,33408
4705,33409
4705,33410
4705,33411
4705,33412
4705,33413
4705,33414
4705,33415
4705,33416
4705,33417
4705,33418
4705,33419
4705,33420
4705,33421
4705,33422
4705,33423
4705,33424
4705,33425
4705,33426
4705,33427
4705,33428
4705,33429
4705,33430
4705,33431
4705,33432
4705,33433
4705,33434
4705,33435
4705,33436
4705,33437
4705,33438
4705,33439
4705,33440
4705,33441
4705,33442
4705,33443
4705,33444
4705,33445
4705,33446
4705,33447
4705,33448
4705,33449
4705,33450
4705,33451
4705,33452
4705,33453
4705,33454
4705,33455
4705,33456
4705,33457
4705,33458
4705,33459
4705,33460
4705,33461
4705,33462
4705,33463
4705,33464
4705,33465
4705,33466
4705,33467
4705,33468
4705,33469
4705,33470
4705,33471
4705,33472
4705,33473
4705,33474
4705,33475
4705,33476
4705,33477
4705,33478
4705,33479
4705,33480
4705,33481
4705,33482
4705,33483
4705,33484
4705,33485
4705,33486
4705,33487
4705,33488
4705,33489
4705,33490
4705,33491
4705,33492
4705,33493
4705,33494
4705,33495
4705,33496
4705,33497
4705,33498
4705,33499
4705,33500
4705,33501
4705,33502
4705,33503
4705,33504
4705,33505
4705,33506
4705,33507
4705,33508
4705,33509
4705,33510
4705,33511
4705,33512
4705,33513
4705,33514
4705,33515
4705,33516
4705,33517
4705,33518
4705,33519
4705,33520
4705,33521
4705,33522
4705,33523
4705,33524
4705,33525
4705,33526
4705,33527
4705,33528
4705,33529
4705,33530
4705,33531
4705,33532
4705,33533
4705,33534
4705,33535
4705,33536
4705,33537
4705,33538
4705,33539
4705,33540
4705,33541
4706,33335
4706,33336
4706,33337
4706,33338
4706,33339
4706,33340
4706,33341
4706,33342
4706,33343
4706,33344
4706,33345
4706,33346
4706,33347
4706,33348
4706,33349
4706,33350
4706,33351
4706,33352
4706,33353
4706,33354
4706,33355
4706,33356
4706,33357
4706,33358
4706,33359
4706,33360
4706,33361
4706,33362
4706,33363
4706,33364
4706,33365
4706,33366
4706,33367
4706,33368
4706,33369
4706,33370
4706,33371
4706,33372
4706,33373
4706,33374
4706,33375
4706,33376
4706,33377
4706,33378
4706,33379
4706,33380
4706,33381
4706,33382
4706,33383
4706,33384
4706,33385
4706,33386
4706,33387
4706,33388
4706,33389
4706,33390
4706,33391
4706,33392
4706,33393
4706,33394
4706,33395
4706,33396
4706,33397
4706,33398
4706,33399
4706,33400
4706,33401
4706,33402
4706,33403
4706,33404
4706,33405
4706,33406
4706,33407
4706,33408
4706,33409
4706,33410
4706,33411
4706,33412
4706,33413
4706,33414
4706,33415
4706,33416
4706,33417
4706,33418
4706,33419
4706,33420
4706,33421
4706,33422
4706,33423
4706,33424
4706,33425
4706,33426
4706,33427
4706,33428
4706,33429
4706,33430
4706,33431
4706,33432
4706,33433
4706,33434
4706,33435
4706,33436
4706,33437
4706,33438
4706,33439
4706,33440
4706,33441
4706,33442
4706,33443
4706,33444
4706,33445
4706,33446
4706,33447
4706,33448
4706,33449
4706,33450
4706,33451
4706,33452
4706,33453
4706,33454
4706,33455
4706,33456
4706,33457
4706,33458
4706,33459
4706,33460
4706,33461
4706,33462
4706,33463
4706,33464
4706,33465
4706,33466
4706,33467
4706,33468
4706,33469
4706,33470
4706,33471
4706,33472
4706,33473
4706,33474
4706,33475
4706,33476
4706,33477
4706,33478
4706,33479
4706,33480
4706,33481
4706,33482
4706,33483
4706,33484
4706,33485
4706,33486
4706,33487
4706,33488
4706,33489
4706,33490
4706,33491
4706,33492
4706,33493
4706,33494
4706,33495
4706,33496
4706,33497
4706,33498
4706,33499
4706,33500
4706,33501
4706,33502
4706,33503
4706,33504
4706,33505
4706,33506
4706,33507
4706,33508
4706,33509
4706,33510
4706,33511
4706,33512
4706,33513
4706,33514
4706,33515
4706,33516
4706,33517
4706,33518
4706,33519
4706,33520
4706,33521
4706,33522
4706,33523
4706,33524
4706,33525
4706,33526
4706,33527
4706,33528
4706,33529
4706,33530
4706,33531
4706,33532
4706,33533
4706,33534
4706,33535
4706,33536
4706,33537
4706,33538
4706,33539
4706,33540
4706,33541
4706,33542
4707,33334
4707,33335
4707,33336
4707,33337
4707,33338
4707,33339
4707,33340
4707,33341
4707,33342
4707,33343
4707,33344
4707,33345
4707,33346
4707,33347
4707,33348
4707,33349
4707,33350
4707,33351
4707,33352
4707,33353
4707,33354
4707,33355
4707,33356
4707,33357
4707,33358
4707,33359
4707,33360
4707,33361
4707,33362
4707,33363
4707,33364
4707,33365
4707,33366
4707,33367
4707,33368
4707,33369
4707,33370
4707,33371
4707,33372
4707,33373
4707,33374
4707,33375
4707,33376
4707,33377
4707,33378
4707,33379
4707,33380
4707,33381
4707,33382
4707,33383
4707,33384
4707,33385
4707,33386
4707,33387
4707,33388
4707,33389
4707,33390
4707,33391
4707,33392
4707,33393
4707,33394
4707,33395
4707,33396
4707,33397
4707,33398
4707,33399
4707,33400
4707,33401
4707,33402
4707,33403
4707,33404
4707,33405
4707,33406
4707,33407
4707,33408
4707,33409
4707,33410
4707,33411
4707,33412
4707,33413
4707,33414
4707,33415
4707,33416
4707,33417
4707,33418
4707,33419
4707,33420
4707,33421
4707,33422
4707,33423
4707,33424
4707,33425
4707,33426
4707,33427
4707,33428
4707,33429
4707,33430
4707,33431
4707,33432
4707,33433
4707,33434
4707,33435
4707,33436
4707,33437
4707,33438
4707,33439
4707,33440
4707,33441
4707,33442
4707,33443
4707,33444
4707,33445
4707,33446
4707,33447
4707,33448
4707,33449
4707,33450
4707,33451
4707,33452
4707,33453
4707,33454
4707,33455
4707,33456
4707,33457
4707,33458
4707,33459
4707,33460
4707,33461
4707,33462
4707,33463
4707,33464
4707,33465
4707,33466
4707,33467
4707,33468
4707,33469
4707,33470
4707,33471
4707,33472
4707,33473
4707,33474
4707,33475
4707,33476
4707,33477
4707,33478
4707,33479
4707,33480
4707,33481
4707,33482
4707,33483
4707,33484
4707,33485
4707,33486
4707,33487
4707,33488
4707,33489
4707,33490
4707,33491
4707,33492
4707,33493
4707,33494
4707,33495
4707,33496
4707,33497
4707,33498
4707,33499
4707,33500
4707,33501
4707,33502
4707,33503
4707,33504
4707,33505
4707,33506
4707,33507
4707,33508
4707,33509
4707,33510
4707,33511
4707,33512
4707,33513
4707,33514
4707,33515
4707,33516
4707,33517
4707,33518
4707,33519
4707,33520
4707,33521
4707,33522
4707,33523
4707,33524
4707,33525
4707,33526
4707,33527
4707,33528
4707,33529
4707,33530
4707,33531
4707,33532
4707,33533
4707,33534
4707,33535
4707,33536
4707,33537
4707,33538
4707,33539
4707,33540
4707,33541
4707,33542
4708,33334
4708,33335
4708,33336
4708,33337
4708,33338
4708,33339
4708,33340
4708,33341
4708,33342
4708,33343
4708,33344
4708,33345
4708,33346
4708,33347
4708,33348
4708,33349
4708,33350
4708,33351
4708,33352
4708,33353
4708,33354
4708,33355
4708,33356
4708,33357
4708,33358
4708,33359
4708,33360
4708,33361
4708,33362
4708,33363
4708,33364
4708,33365
4708,33366
4708,33367
4708,33368
4708,33369
4708,33370
4708,33371
4708,33372
4708,33373
4708,33374
4708,33375
4708,33376
4708,33377
4708,33378
4708,33379
4708,33380
4708,33381
4708,33382
4708,33383
4708,33384
4708,33385
4708,33386
4708,33387
4708,33388
4708,33389
4708,33390
4708,33391
4708,33392
4708,33393
4708,33394
4708,33395
4708,33396
4708,33397
4708,33398
4708,33399
4708,33400
4708,33401
4708,33402
4708,33403
4708,33404
4708,33405
4708,33406
4708,33407
4708,33408
4708,33409
4708,33410
4708,33411
4708,33412
4708,33413
4708,33414
4708,33415
4708,33416
4708,33417
4708,33418
4708,33419
4708,33420
4708,33421
4708,33422
4708,33423
4708,33424
4708,33425
4708,33426
4708,33427
4708,33428
4708,33429
4708,33430
4708,33431
4708,33432
4708,33433
4708,33434
4708,33435
4708,33436
4708,33437
4708,33438
4708,33439
4708,33440
4708,33441
4708,33442
4708,33443
4708,33444
4708,33445
4708,33446
4708,33447
4708,33448
4708,33449
4708,33450
4708,33451
4708,33452
4708,33453
4708,33454
4708,33455
4708,33456
4708,33457
4708,33458
4708,33459
4708,33460
4708,33461
4708,33462
4708,33463
4708,33464
4708,33465
4708,33466
4708,33467
4708,33468
4708,33469
4708,33470
4708,33471
4708,33472
4708,33473
4708,33474
4708,33475
4708,33476
4708,33477
4708,33478
4708,33479
4708,33480
4708,33481
4708,33482
4708,33483
4708,33484
4708,33485
4708,33486
4708,33487
4708,33488
4708,33489
4708,33490
4708,33491
4708,33492
4708,33493
4708,33494
4708,33495
4708,33496
4708,33497
4708,33498
4708,33499
4708,33500
4708,33501
4708,33502
4708,33503
4708,33504
4708,33505
4708,33506
4708,33507
4708,33508
4708,33509
4708,33510
4708,33511
4708,33512
4708,33513
4708,33514
4708,33515
4708,33516
4708,33517
4708,33518
4708,33519
4708,33520
4708,33521
4708,33522
4708,33523
4708,33524
4708,33525
4708,33526
4708,33527
4708,33528
4708,33529
4708,33530
4708,33531
4708,33532
4708,33533
4708,33534
4708,33535
4708,33536
4708,33537
4708,33538
4708,33539
4708,33540
4708,33541
4708,33542
4709,33333
4709,33334
4709,33335
4709,33336
4709,33337
4709,33338
4709,33339
4709,33340
4709,33341
4709,33342
4709,33343
4709,33344
4709,33345
4709,33346
4709,33347
4709,33348
4709,33349
4709,33350
4709,33351
4709,33352
4709,33353
4709,33354
4709,33355
4709,33356
4709,33357
4709,33358
4709,33359
4709,33360
4709,33361
4709,33362
4709,33363
4709,33364
4709,33365
4709,33366
4709,33367
4709,33368
4709,33369
4709,33370
4709,33371
4709,33372
4709,33373
4709,33374
4709,33375
4709,33376
4709,33377
4709,33378
4709,33379
4709,33380
4709,33381
4709,33382
4709,33383
4709,33384
4709,33385
4709,33386
4709,33387
4709,33388
4709,33389
4709,33390
4709,33391
4709,33392
4709,33393
4709,33394
4709,33395
4709,33396
4709,33397
4709,33398
4709,33399
4709,33400
4709,33401
4709,33402
4709,33403
4709,33404
4709,33405
4709,33406
4709,33407
4709,33408
4709,33409
4709,33410
4709,33411
4709,33412
4709,33413
4709,33414
4709,33415
4709,33416
4709,33417
4709,33418
4709,33419
4709,33420
4709,33421
4709,33422
4709,33423
4709,33424
4709,33425
4709,33426
4709,33427
4709,33428
4709,33429
4709,33430
4709,33431
4709,33432
4709,33433
4709,33434
4709,33435
4709,33436
4709,33437
4709,33438
4709,33439
4709,33440
4709,33441
4709,33442
4709,33443
4709,33444
4709,33445
4709,33446
4709,33447
4709,33448
4709,33449
4709,33450
4709,33451
4709,33452
4709,33453
4709,33454
4709,33455
4709,33456
4709,33457
4709,33458
4709,33459
4709,33460
4709,33461
4709,33462
4709,33463
4709,33464
4709,33465
4709,33466
4709,33467
4709,33468
4709,33469
4709,33470
4709,33471
4709,33472
4709,33473
4709,33474
4709,33475
4709,33476
4709,33477
4709,33478
4709,33479
4709,33480
4709,33481
4709,33482
4709,33483
4709,33484
4709,33485
4709,33486
4709,33487
4709,33488
4709,33489
4709,33490
4709,33491
4709,33492
4709,33493
4709,33494
4709,33495
4709,33496
4709,33497
4709,33498
4709,33499
4709,33500
4709,33501
4709,33502
4709,33503
4709,33504
4709,33505
4709,33506
4709,33507
4709,33508
4709,33509
4709,33510
4709,33511
4709,33512
4709,33513
4709,33514
4709,33515
4709,33516
4709,33517
4709,33518
4709,33519
4709,33520
4709,33521
4709,33522
4709,33523
4709,33524
4709,33525
4709,33526
4709,33527
4709,33528
4709,33529
4709,33530
4709,33531
4709,33532
4709,33533
4709,33534
4709,33535
4709,33536
4709,33537
4709,33538
4709,33539
4709,33540
4709,33541
4709,33542
4710,33333
4710,33334
4710,33335
4710,33336
4710,33337
4710,33338
4710,33339
4710,33340
4710,33341
4710,33342
4710,33343
4710,33344
4710,33345
4710,33346
4710,33347
4710,33348
4710,33349
4710,33350
4710,33351
4710,33352
4710,33353
4710,33354
4710,33355
4710,33356
4710,33357
4710,33358
4710,33359
4710,33360
4710,33361
4710,33362
4710,33363
4710,33364
4710,33365
4710,33366
4710,33367
4710,33368
4710,33369
4710,33370
4710,33371
4710,33372
4710,33373
4710,33374
4710,33375
4710,33376
4710,33377
4710,33378
4710,33379
4710,33380
4710,33381
4710,33382
4710,33383
4710,33384
4710,33385
4710,33386
4710,33387
4710,33388
4710,33389
4710,33390
4710,33391
4710,33392
4710,33393
4710,33394
4710,33395
4710,33396
4710,33397
4710,33398
4710,33399
4710,33400
4710,33401
4710,33402
4710,33403
4710,33404
4710,33405
4710,33406
4710,33407
4710,33408
4710,33409
4710,33410
4710,33411
4710,33412
4710,33413
4710,33414
4710,33415
4710,33416
4710,33417
4710,33418
4710,33419
4710,33420
4710,33421
4710,33422
4710,33423
4710,33424
4710,33425
4710,33426
4710,33427
4710,33428
4710,33429
4710,33430
4710,33431
4710,33432
4710,33433
4710,33434
4710,33435
4710,33436
4710,33437
4710,33438
4710,33439
4710,33440
4710,33441
4710,33442
4710,33443
4710,33444
4710,33445
4710,33446
4710,33447
4710,33448
4710,33449
4710,33450
4710,33451
4710,33452
4710,33453
4710,33454
4710,33455
4710,33456
4710,33457
4710,33458
4710,33459
4710,33460
4710,33461
4710,33462
4710,33463
4710,33464
4710,33465
4710,33466
4710,33467
4710,33468
4710,33469
4710,33470
4710,33471
4710,33472
4710,33473
4710,33474
4710,33475
4710,33476
4710,33477
4710,33478
4710,33479
4710,33480
4710,33481
4710,33482
4710,33483
4710,33484
4710,33485
4710,33486
4710,33487
4710,33488
4710,33489
4710,33490
4710,33491
4710,33492
4710,33493
4710,33494
4710,33495
4710,33496
4710,33497
4710,33498
4710,33499
4710,33500
4710,33501
4710,33502
4710,33503
4710,33504
4710,33505
4710,33506
4710,33507
4710,33508
4710,33509
4710,33510
4710,33511
4710,33512
4710,33513
4710,33514
4710,33515
4710,33516
4710,33517
4710,33518
4710,33519
4710,33520
4710,33521
4710,33522
4710,33523
4710,33524
4710,33525
4710,33526
4710,33527
4710,33528
4710,33529
4710,33530
4710,33531
4710,33532
4710,33533
4710,33534
4710,33535
4710,33536
4710,33537
4710,33538
4710,33539
4710,33540
4710,33541
4711,33333
4711,33334
4711,33335
4711,33336
4711,33337
4711,33338
4711,33339
4711,33340
4711,33341
4711,33342
4711,33343
4711,33344
4711,33345
4711,33346
4711,33347
4711,33348
4711,33349
4711,33350
4711,33351
4711,33352
4711,33353
4711,33354
4711,33355
4711,33356
4711,33357
4711,33358
4711,33359
4711,33360
4711,33361
4711,33362
4711,33363
4711,33364
4711,33365
4711,33366
4711,33367
4711,33368
4711,33369
4711,33370
4711,33371
4711,33372
4711,33373
4711,33374
4711,33375
4711,33376
4711,33377
4711,33378
4711,33379
4711,33380
4711,33381
4711,33382
4711,33383
4711,33384
4711,33385
4711,33386
4711,33387
4711,33388
4711,33389
4711,33390
4711,33391
4711,33392
4711,33393
4711,33394
4711,33395
4711,33396
4711,33397
4711,33398
4711,33399
4711,33400
4711,33401
4711,33402
4711,33403
4711,33404
4711,33405
4711,33406
4711,33407
4711,33408
4711,33409
4711,33410
4711,33411
4711,33412
4711,33413
4711,33414
4711,33415
4711,33416
4711,33417
4711,33418
4711,33419
4711,33420
4711,33421
4711,33422
4711,33423
4711,33424
4711,33425
4711,33426
4711,33427
4711,33428
4711,33429
4711,33430
4711,33431
4711,33432
4711,33433
4711,33434
4711,33435
4711,33436
4711,33437
4711,33438
4711,33439
4711,33440
4711,33441
4711,33442
4711,33443
4711,33444
4711,33445
4711,33446
4711,33447
4711,33448
4711,33449
4711,33450
4711,33451
4711,33452
4711,33453
4711,33454
4711,33455
4711,33456
4711,33457
4711,33458
4711,33459
4711,33460
4711,33461
4711,33462
4711,33463
4711,33464
4711,33465
4711,33466
4711,33467
4711,33468
4711,33469
4711,33470
4711,33471
4711,33472
4711,33473
4711,33474
4711,33475
4711,33476
4711,33477
4711,33478
4711,33479
4711,33480
4711,33481
4711,33482
4711,33483
4711,33484
4711,33485
4711,33486
4711,33487
4711,33488
4711,33489
4711,33490
4711,33491
4711,33492
4711,33493
4711,33494
4711,33495
4711,33496
4711,33497
4711,33498
4711,33499
4711,33500
4711,33501
4711,33502
4711,33503
4711,33504
4711,33505
4711,33506
4711,33507
4711,33508
4711,33509
4711,33510
4711,33511
4711,33512
4711,33513
4711,33514
4711,33515
4711,33516
4711,33517
4711,33518
4711,33519
4711,33520
4711,33521
4711,33522
4711,33523
4711,33524
4711,33525
4711,33526
4711,33527
4711,33528
4711,33529
4711,33530
4711,33531
4711,33532
4711,33533
4711,33534
4711,33535
4711,33536
4711,33537
4711,33538
4711,33539
4711,33540
4711,33541
4712,33332
4712,33333
4712,33334
4712,33335
4712,33336
4712,33337
4712,33338
4712,33339
4712,33340
4712,33341
4712,33342
4712,33343
4712,33344
4712,33345
4712,33346
4712,33347
4712,33348
4712,33349
4712,33350
4712,33351
4712,33352
4712,33353
4712,33354
4712,33355
4712,33356
4712,33357
4712,33358
4712,33359
4712,33360
4712,33361
4712,33362
4712,33363
4712,33364
4712,33365
4712,33366
4712,33367
4712,33368
4712,33369
4712,33370
4712,33371
4712,33372
4712,33373
4712,33374
4712,33375
4712,33376
4712,33377
4712,33378
4712,33379
4712,33380
4712,33381
4712,33382
4712,33383
4712,33384
4712,33385
4712,33386
4712,33387
4712,33388
4712,33389
4712,33390
4712,33391
4712,33392
4712,33393
4712,33394
4712,33395
4712,33396
4712,33397
4712,33398
4712,33399
4712,33400
4712,33401
4712,33402
4712,33403
4712,33404
4712,33405
4712,33406
4712,33407
4712,33408
4712,33409
4712,33410
4712,33411
4712,33412
4712,33413
4712,33414
4712,33415
4712,33416
4712,33417
4712,33418
4712,33419
4712,33420
4712,33421
4712,33422
4712,33423
4712,33424
4712,33425
4712,33426
4712,33427
4712,33428
4712,33429
4712,33430
4712,33431
4712,33432
4712,33433
4712,33434
4712,33435
4712,33436
4712,33437
4712,33438
4712,33439
4712,33440
4712,33441
4712,33442
4712,33443
4712,33444
4712,33445
4712,33446
4712,33447
4712,33448
4712,33449
4712,33450
4712,33451
4712,33452
4712,33453
4712,33454
4712,33455
4712,33456
4712,33457
4712,33458
4712,33459
4712,33460
4712,33461
4712,33462
4712,33463
4712,33464
4712,33465
4712,33466
4712,33467
4712,33468
4712,33469
4712,33470
4712,33471
4712,33472
4712,33473
4712,33474
4712,33475
4712,33476
4712,33477
4712,33478
4712,33479
4712,33480
4712,33481
4712,33482
4712,33483
4712,33484
4712,33485
4712,33486
4712,33487
4712,33488
4712,33489
4712,33490
4712,33491
4712,33492
4712,33493
4712,33494
4712,33495
4712,33496
4712,33497
4712,33498
4712,33499
4712,33500
4712,33501
4712,33502
4712,33503
4712,33504
4712,33505
4712,33506
4712,33507
4712,33508
4712,33509
4712,33510
4712,33511
4712,33512
4712,33513
4712,33514
4712,33515
4712,33516
4712,33517
4712,33518
4712,33519
4712,33520
4712,33521
4712,33522
4712,33523
4712,33524
4712,33525
4712,33526
4712,33527
4712,33528
4712,33529
4712,33530
4712,33531
4712,33532
4712,33533
4712,33534
4712,33535
4712,33536
4712,33537
4712,33538
4712,33539
4712,33540
4712,33541
4713,33332
4713,33333
4713,33334
4713,33335
4713,33336
4713,33337
4713,33338
4713,33339
4713,33340
4713,33341
4713,33342
4713,33343
4713,33344
4713,33345
4713,33346
4713,33347
4713,33348
4713,33349
4713,33350
4713,33351
4713,33352
4713,33353
4713,33354
4713,33355
4713,33356
4713,33357
4713,33358
4713,33359
4713,33360
4713,33361
4713,33362
4713,33363
4713,33364
4713,33365
4713,33366
4713,33367
4713,33368
4713,33369
4713,33370
4713,33371
4713,33372
4713,33373
4713,33374
4713,33375
4713,33376
4713,33377
4713,33378
4713,33379
4713,33380
4713,33381
4713,33382
4713,33383
4713,33384
4713,33385
4713,33386
4713,33387
4713,33388
4713,33389
4713,33390
4713,33391
4713,33392
4713,33393
4713,33394
4713,33395
4713,33396
4713,33397
4713,33398
4713,33399
4713,33400
4713,33401
4713,33402
4713,33403
4713,33404
4713,33405
4713,33406
4713,33407
4713,33408
4713,33409
4713,33410
4713,33411
4713,33412
4713,33413
4713,33414
4713,33415
4713,33416
4713,33417
4713,33418
4713,33419
4713,33420
4713,33421
4713,33422
4713,33423
4713,33424
4713,33425
4713,33426
4713,33427
4713,33428
4713,33429
4713,33430
4713,33431
4713,33432
4713,33433
4713,33434
4713,33435
4713,33436
4713,33437
4713,33438
4713,33439
4713,33440
4713,33441
4713,33442
4713,33443
4713,33444
4713,33445
4713,33446
4713,33447
4713,33448
4713,33449
4713,33450
4713,33451
4713,33452
4713,33453
4713,33454
4713,33455
4713,33456
4713,33457
4713,33458
4713,33459
4713,33460
4713,33461
4713,33462
4713,33463
4713,33464
4713,33465
4713,33466
4713,33467
4713,33468
4713,33469
4713,33470
4713,33471
4713,33472
4713,33473
4713,33474
4713,33475
4713,33476
4713,33477
4713,33478
4713,33479
4713,33480
4713,33481
4713,33482
4713,33483
4713,33484
4713,33485
4713,33486
4713,33487
4713,33488
4713,33489
4713,33490
4713,33491
4713,33492
4713,33493
4713,33494
4713,33495
4713,33496
4713,33497
4713,33498
4713,33499
4713,33500
4713,33501
4713,33502
4713,33503
4713,33504
4713,33505
4713,33506
4713,33507
4713,33508
4713,33509
4713,33510
4713,33511
4713,33512
4713,33513
4713,33514
4713,33515
4713,33516
4713,33517
4713,33518
4713,33519
4713,33520
4713,33521
4713,33522
4713,33523
4713,33524
4713,33525
4713,33526
4713,33527
4713,33528
4713,33529
4713,33530
4713,33531
4713,33532
4713,33533
4713,33534
4713,33535
4713,33536
4713,33537
4713,33538
4713,33539
4713,33540
4714,33332
4714,33333
4714,33334
4714,33335
4714,33336
4714,33337
4714,33338
4714,33339
4714,33340
4714,33341
4714,33342
4714,33343
4714,33344
4714,33345
4714,33346
4714,33347
4714,33348
4714,33349
4714,33350
4714,33351
4714,33352
4714,33353
4714,33354
4714,33355
4714,33356
4714,33357
4714,33358
4714,33359
4714,33360
4714,33361
4714,33362
4714,33363
4714,33364
4714,33365
4714,33366
4714,33367
4714,33368
4714,33369
4714,33370
4714,33371
4714,33372
4714,33373
4714,33374
4714,33375
4714,33376
4714,33377
4714,33378
4714,33379
4714,33380
4714,33381
4714,33382
4714,33383
4714,33384
4714,33385
4714,33386
4714,33387
4714,33388
4714,33389
4714,33390
4714,33391
4714,33392
4714,33393
4714,33394
4714,33395
4714,33396
4714,33397
4714,33398
4714,33399
4714,33400
4714,33401
4714,33402
4714,33403
4714,33404
4714,33405
4714,33406
4714,33407
4714,33408
4714,33409
4714,33410
4714,33411
4714,33412
4714,33413
4714,33414
4714,33415
4714,33416
4714,33417
4714,33418
4714,33419
4714,33420
4714,33421
4714,33422
4714,33423
4714,33424
4714,33425
4714,33426
4714,33427
4714,33428
4714,33429
4714,33430
4714,33431
4714,33432
4714,33433
4714,33434
4714,33435
4714,33436
4714,33437
4714,33438
4714,33439
4714,33440
4714,33441
4714,33442
4714,33443
4714,33444
4714,33445
4714,33446
4714,33447
4714,33448
4714,33449
4714,33450
4714,33451
4714,33452
4714,33453
4714,33454
4714,33455
4714,33456
4714,33457
4714,33458
4714,33459
4714,33460
4714,33461
4714,33462
4714,33463
4714,33464
4714,33465
4714,33466
4714,33467
4714,33468
4714,33469
4714,33470
4714,33471
4714,33472
4714,33473
4714,33474
4714,33475
4714,33476
4714,33477
4714,33478
4714,33479
4714,33480
4714,33481
4714,33482
4714,33483
4714,33484
4714,33485
4714,33486
4714,33487
4714,33488
4714,33489
4714,33490
4714,33491
4714,33492
4714,33493
4714,33494
4714,33495
4714,33496
4714,33497
4714,33498
4714,33499
4714,33500
4714,33501
4714,33502
4714,33503
4714,33504
4714,33505
4714,33506
4714,33507
4714,33508
4714,33509
4714,33510
4714,33511
4714,33512
4714,33513
4714,33514
4714,33515
4714,33516
4714,33517
4714,33518
4714,33519
4714,33520
4714,33521
4714,33522
4714,33523
4714,33524
4714,33525
4714,33526
4714,33527
4714,33528
4714,33529
4714,33530
4714,33531
4714,33532
4714,33533
4714,33534
4714,33535
4714,33536
4714,33537
4714,33538
4714,33539
4714,33540
4715,33331
4715,33332
4715,33333
4715,33334
4715,33335
4715,33336
4715,33337
4715,33338
4715,33339
4715,33340
4715,33341
4715,33342
4715,33343
4715,33344
4715,33345
4715,33346
4715,33347
4715,33348
4715,33349
4715,33350
4715,33351
4715,33352
4715,33353
4715,33354
4715,33355
4715,33356
4715,33357
4715,33358
4715,33359
4715,33360
4715,33361
4715,33362
4715,33363
4715,33364
4715,33365
4715,33366
4715,33367
4715,33368
4715,33369
4715,33370
4715,33371
4715,33372
4715,33373
4715,33374
4715,33375
4715,33376
4715,33377
4715,33378
4715,33379
4715,33380
4715,33381
4715,33382
4715,33383
4715,33384
4715,33385
4715,33386
4715,33387
4715,33388
4715,33389
4715,33390
4715,33391
4715,33392
4715,33393
4715,33394
4715,33395
4715,33396
4715,33397
4715,33398
4715,33399
4715,33400
4715,33401
4715,33402
4715,33403
4715,33404
4715,33405
4715,33406
4715,33407
4715,33408
4715,33409
4715,33410
4715,33411
4715,33412
4715,33413
4715,33414
4715,33415
4715,33416
4715,33417
4715,33418
4715,33419
4715,33420
4715,33421
4715,33422
4715,33423
4715,33424
4715,33425
4715,33426
4715,33427
4715,33428
4715,33429
4715,33430
4715,33431
4715,33432
4715,33433
4715,33434
4715,33435
4715,33436
4715,33437
4715,33438
4715,33439
4715,33440
4715,33441
4715,33442
4715,33443
4715,33444
4715,33445
4715,33446
4715,33447
4715,33448
4715,33449
4715,33450
4715,33451
4715,33452
4715,33453
4715,33454
4715,33455
4715,33456
4715,33457
4715,33458
4715,33459
4715,33460
4715,33461
4715,33462
4715,33463
4715,33464
4715,33465
4715,33466
4715,33467
4715,33468
4715,33469
4715,33470
4715,33471
4715,33472
4715,33473
4715,33474
4715,33475
4715,33476
4715,33477
4715,33478
4715,33479
4715,33480
4715,33481
4715,33482
4715,33483
4715,33484
4715,33485
4715,33486
4715,33487
4715,33488
4715,33489
4715,33490
4715,33491
4715,33492
4715,33493
4715,33494
4715,33495
4715,33496
4715,33497
4715,33498
4715,33499
4715,33500
4715,33501
4715,33502
4715,33503
4715,33504
4715,33505
4715,33506
4715,33507
4715,33508
4715,33509
4715,33510
4715,33511
4715,33512
4715,33513
4715,33514
4715,33515
4715,33516
4715,33517
4715,33518
4715,33519
4715,33520
4715,33521
4715,33522
4715,33523
4715,33524
4715,33525
4715,33526
4715,33527
4715,33528
4715,33529
4715,33530
4715,33531
4715,33532
4715,33533
4715,33534
4715,33535
4715,33536
4715,33537
4715,33538
4715,33539
4715,33540
4716,33331
4716,33332
4716,33333
4716,33334
4716,33335
4716,33336
4716,33337
4716,33338
4716,33339
4716,33340
4716,33341
4716,33342
4716,33343
4716,33344
4716,33345
4716,33346
4716,33347
4716,33348
4716,33349
4716,33350
4716,33351
4716,33352
4716,33353
4716,33354
4716,33355
4716,33356
4716,33357
4716,33358
4716,33359
4716,33360
4716,33361
4716,33362
4716,33363
4716,33364
4716,33365
4716,33366
4716,33367
4716,33368
4716,33369
4716,33370
4716,33371
4716,33372
4716,33373
4716,33374
4716,33375
4716,33376
4716,33377
4716,33378
4716,33379
4716,33380
4716,33381
4716,33382
4716,33383
4716,33384
4716,33385
4716,33386
4716,33387
4716,33388
4716,33389
4716,33390
4716,33391
4716,33392
4716,33393
4716,33394
4716,33395
4716,33396
4716,33397
4716,33398
4716,33399
4716,33400
4716,33401
4716,33402
4716,33403
4716,33404
4716,33405
4716,33406
4716,33407
4716,33408
4716,33409
4716,33410
4716,33411
4716,33412
4716,33413
4716,33414
4716,33415
4716,33416
4716,33417
4716,33418
4716,33419
4716,33420
4716,33421
4716,33422
4716,33423
4716,33424
4716,33425
4716,33426
4716,33427
4716,33428
4716,33429
4716,33430
4716,33431
4716,33432
4716,33433
4716,33434
4716,33435
4716,33436
4716,33437
4716,33438
4716,33439
4716,33440
4716,33441
4716,33442
4716,33443
4716,33444
4716,33445
4716,33446
4716,33447
4716,33448
4716,33449
4716,33450
4716,33451
4716,33452
4716,33453
4716,33454
4716,33455
4716,33456
4716,33457
4716,33458
4716,33459
4716,33460
4716,33461
4716,33462
4716,33463
4716,33464
4716,33465
4716,33466
4716,33467
4716,33468
4716,33469
4716,33470
4716,33471
4716,33472
4716,33473
4716,33474
4716,33475
4716,33476
4716,33477
4716,33478
4716,33479
4716,33480
4716,33481
4716,33482
4716,33483
4716,33484
4716,33485
4716,33486
4716,33487
4716,33488
4716,33489
4716,33490
4716,33491
4716,33492
4716,33493
4716,33494
4716,33495
4716,33496
4716,33497
4716,33498
4716,33499
4716,33500
4716,33501
4716,33502
4716,33503
4716,33504
4716,33505
4716,33506
4716,33507
4716,33508
4716,33509
4716,33510
4716,33511
4716,33512
4716,33513
4716,33514
4716,33515
4716,33516
4716,33517
4716,33518
4716,33519
4716,33520
4716,33521
4716,33522
4716,33523
4716,33524
4716,33525
4716,33526
4716,33527
4716,33528
4716,33529
4716,33530
4716,33531
4716,33532
4716,33533
4716,33534
4716,33535
4716,33536
4716,33537
4716,33538
4716,33539
4716,33540
4717,33331
4717,33332
4717,33333
4717,33334
4717,33335
4717,33336
4717,33337
4717,33338
4717,33339
4717,33340
4717,33341
4717,33342
4717,33343
4717,33344
4717,33345
4717,33346
4717,33347
4717,33348
4717,33349
4717,33350
4717,33351
4717,33352
4717,33353
4717,33354
4717,33355
4717,33356
4717,33357
4717,33358
4717,33359
4717,33360
4717,33361
4717,33362
4717,33363
4717,33364
4717,33365
4717,33366
4717,33367
4717,33368
4717,33369
4717,33370
4717,33371
4717,33372
4717,33373
4717,33374
4717,33375
4717,33376
4717,33377
4717,33378
4717,33379
4717,33380
4717,33381
4717,33382
4717,33383
4717,33384
4717,33385
4717,33386
4717,33387
4717,33388
4717,33389
4717,33390
4717,33391
4717,33392
4717,33393
4717,33394
4717,33395
4717,33396
4717,33397
4717,33398
4717,33399
4717,33400
4717,33401
4717,33402
4717,33403
4717,33404
4717,33405
4717,33406
4717,33407
4717,33408
4717,33409
4717,33410
4717,33411
4717,33412
4717,33413
4717,33414
4717,33415
4717,33416
4717,33417
4717,33418
4717,33419
4717,33420
4717,33421
4717,33422
4717,33423
4717,33424
4717,33425
4717,33426
4717,33427
4717,33428
4717,33429
4717,33430
4717,33431
4717,33432
4717,33433
4717,33434
4717,33435
4717,33436
4717,33437
4717,33438
4717,33439
4717,33440
4717,33441
4717,33442
4717,33443
4717,33444
4717,33445
4717,33446
4717,33447
4717,33448
4717,33449
4717,33450
4717,33451
4717,33452
4717,33453
4717,33454
4717,33455
4717,33456
4717,33457
4717,33458
4717,33459
4717,33460
4717,33461
4717,33462
4717,33463
4717,33464
4717,33465
4717,33466
4717,33467
4717,33468
4717,33469
4717,33470
4717,33471
4717,33472
4717,33473
4717,33474
4717,33475
4717,33476
4717,33477
4717,33478
4717,33479
4717,33480
4717,33481
4717,33482
4717,33483
4717,33484
4717,33485
4717,33486
4717,33487
4717,33488
4717,33489
4717,33490
4717,33491
4717,33492
4717,33493
4717,33494
4717,33495
4717,33496
4717,33497
4717,33498
4717,33499
4717,33500
4717,33501
4717,33502
4717,33503
4717,33504
4717,33505
4717,33506
4717,33507
4717,33508
4717,33509
4717,33510
4717,33511
4717,33512
4717,33513
4717,33514
4717,33515
4717,33516
4717,33517
4717,33518
4717,33519
4717,33520
4717,33521
4717,33522
4717,33523
4717,33524
4717,33525
4717,33526
4717,33527
4717,33528
4717,33529
4717,33530
4717,33531
4717,33532
4717,33533
4717,33534
4717,33535
4717,33536
4717,33537
4717,33538
4717,33539
4717,33540
4718,33330
4718,33331
4718,33332
4718,33333
4718,33334
4718,33335
4718,33336
4718,33337
4718,33338
4718,33339
4718,33340
4718,33341
4718,33342
4718,33343
4718,33344
4718,33345
4718,33346
4718,33347
4718,33348
4718,33349
4718,33350
4718,33351
4718,33352
4718,33353
4718,33354
4718,33355
4718,33356
4718,33357
4718,33358
4718,33359
4718,33360
4718,33361
4718,33362
4718,33363
4718,33364
4718,33365
4718,33366
4718,33367
4718,33368
4718,33369
4718,33370
4718,33371
4718,33372
4718,33373
4718,33374
4718,33375
4718,33376
4718,33377
4718,33378
4718,33379
4718,33380
4718,33381
4718,33382
4718,33383
4718,33384
4718,33385
4718,33386
4718,33387
4718,33388
4718,33389
4718,33390
4718,33391
4718,33392
4718,33393
4718,33394
4718,33395
4718,33396
4718,33397
4718,33398
4718,33399
4718,33400
4718,33401
4718,33402
4718,33403
4718,33404
4718,33405
4718,33406
4718,33407
4718,33408
4718,33409
4718,33410
4718,33411
4718,33412
4718,33413
4718,33414
4718,33415
4718,33416
4718,33417
4718,33418
4718,33419
4718,33420
4718,33421
4718,33422
4718,33423
4718,33424
4718,33425
4718,33426
4718,33427
4718,33428
4718,33429
4718,33430
4718,33431
4718,33432
4718,33433
4718,33434
4718,33435
4718,33436
4718,33437
4718,33438
4718,33439
4718,33440
4718,33441
4718,33442
4718,33443
4718,33444
4718,33445
4718,33446
4718,33447
4718,33448
4718,33449
4718,33450
4718,33451
4718,33452
4718,33453
4718,33454
4718,33455
4718,33456
4718,33457
4718,33458
4718,33459
4718,33460
4718,33461
4718,33462
4718,33463
4718,33464
4718,33465
4718,33466
4718,33467
4718,33468
4718,33469
4718,33470
4718,33471
4718,33472
4718,33473
4718,33474
4718,33475
4718,33476
4718,33477
4718,33478
4718,33479
4718,33480
4718,33481
4718,33482
4718,33483
4718,33484
4718,33485
4718,33486
4718,33487
4718,33488
4718,33489
4718,33490
4718,33491
4718,33492
4718,33493
4718,33494
4718,33495
4718,33496
4718,33497
4718,33498
4718,33499
4718,33500
4718,33501
4718,33502
4718,33503
4718,33504
4718,33505
4718,33506
4718,33507
4718,33508
4718,33509
4718,33510
4718,33511
4718,33512
4718,33513
4718,33514
4718,33515
4718,33516
4718,33517
4718,33518
4718,33519
4718,33520
4718,33521
4718,33522
4718,33523
4718,33524
4718,33525
4718,33526
4718,33527
4718,33528
4718,33529
4718,33530
4718,33531
4718,33532
4718,33533
4718,33534
4718,33535
4718,33536
4718,33537
4718,33538
4718,33539
4718,33540
4718,33541
4719,33330
4719,33331
4719,33332
4719,33333
4719,33334
4719,33335
4719,33336
4719,33337
4719,33338
4719,33339
4719,33340
4719,33341
4719,33342
4719,33343
4719,33344
4719,33345
4719,33346
4719,33347
4719,33348
4719,33349
4719,33350
4719,33351
4719,33352
4719,33353
4719,33354
4719,33355
4719,33356
4719,33357
4719,33358
4719,33359
4719,33360
4719,33361
4719,33362
4719,33363
4719,33364
4719,33365
4719,33366
4719,33367
4719,33368
4719,33369
4719,33370
4719,33371
4719,33372
4719,33373
4719,33374
4719,33375
4719,33376
4719,33377
4719,33378
4719,33379
4719,33380
4719,33381
4719,33382
4719,33383
4719,33384
4719,33385
4719,33386
4719,33387
4719,33388
4719,33389
4719,33390
4719,33391
4719,33392
4719,33393
4719,33394
4719,33395
4719,33396
4719,33397
4719,33398
4719,33399
4719,33400
4719,33401
4719,33402
4719,33403
4719,33404
4719,33405
4719,33406
4719,33407
4719,33408
4719,33409
4719,33410
4719,33411
4719,33412
4719,33413
4719,33414
4719,33415
4719,33416
4719,33417
4719,33418
4719,33419
4719,33420
4719,33421
4719,33422
4719,33423
4719,33424
4719,33425
4719,33426
4719,33427
4719,33428
4719,33429
4719,33430
4719,33431
4719,33432
4719,33433
4719,33434
4719,33435
4719,33436
4719,33437
4719,33438
4719,33439
4719,33440
4719,33441
4719,33442
4719,33443
4719,33444
4719,33445
4719,33446
4719,33447
4719,33448
4719,33449
4719,33450
4719,33451
4719,33452
4719,33453
4719,33454
4719,33455
4719,33456
4719,33457
4719,33458
4719,33459
4719,33460
4719,33461
4719,33462
4719,33463
4719,33464
4719,33465
4719,33466
4719,33467
4719,33468
4719,33469
4719,33470
4719,33471
4719,33472
4719,33473
4719,33474
4719,33475
4719,33476
4719,33477
4719,33478
4719,33479
4719,33480
4719,33481
4719,33482
4719,33483
4719,33484
4719,33485
4719,33486
4719,33487
4719,33488
4719,33489
4719,33490
4719,33491
4719,33492
4719,33493
4719,33494
4719,33495
4719,33496
4719,33497
4719,33498
4719,33499
4719,33500
4719,33501
4719,33502
4719,33503
4719,33504
4719,33505
4719,33506
4719,33507
4719,33508
4719,33509
4719,33510
4719,33511
4719,33512
4719,33513
4719,33514
4719,33515
4719,33516
4719,33517
4719,33518
4719,33519
4719,33520
4719,33521
4719,33522
4719,33523
4719,33524
4719,33525
4719,33526
4719,33527
4719,33528
4719,33529
4719,33530
4719,33531
4719,33532
4719,33533
4719,33534
4719,33535
4719,33536
4719,33537
4719,33538
4719,33539
4719,33540
4719,33541
4720,33330
4720,33331
4720,33332
4720,33333
4720,33334
4720,33335
4720,33336
4720,33337
4720,33338
4720,33339
4720,33340
4720,33341
4720,33342
4720,33343
4720,33344
4720,33345
4720,33346
4720,33347
4720,33348
4720,33349
4720,33350
4720,33351
4720,33352
4720,33353
4720,33354
4720,33355
4720,33356
4720,33357
4720,33358
4720,33359
4720,33360
4720,33361
4720,33362
4720,33363
4720,33364
4720,33365
4720,33366
4720,33367
4720,33368
4720,33369
4720,33370
4720,33371
4720,33372
4720,33373
4720,33374
4720,33375
4720,33376
4720,33377
4720,33378
4720,33379
4720,33380
4720,33381
4720,33382
4720,33383
4720,33384
4720,33385
4720,33386
4720,33387
4720,33388
4720,33389
4720,33390
4720,33391
4720,33392
4720,33393
4720,33394
4720,33395
4720,33396
4720,33397
4720,33398
4720,33399
4720,33400
4720,33401
4720,33402
4720,33403
4720,33404
4720,33405
4720,33406
4720,33407
4720,33408
4720,33409
4720,33410
4720,33411
4720,33412
4720,33413
4720,33414
4720,33415
4720,33416
4720,33417
4720,33418
4720,33419
4720,33420
4720,33421
4720,33422
4720,33423
4720,33424
4720,33425
4720,33426
4720,33427
4720,33428
4720,33429
4720,33430
4720,33431
4720,33432
4720,33433
4720,33434
4720,33435
4720,33436
4720,33437
4720,33438
4720,33439
4720,33440
4720,33441
4720,33442
4720,33443
4720,33444
4720,33445
4720,33446
4720,33447
4720,33448
4720,33449
4720,33450
4720,33451
4720,33452
4720,33453
4720,33454
4720,33455
4720,33456
4720,33457
4720,33458
4720,33459
4720,33460
4720,33461
4720,33462
4720,33463
4720,33464
4720,33465
4720,33466
4720,33467
4720,33468
4720,33469
4720,33470
4720,33471
4720,33472
4720,33473
4720,33474
4720,33475
4720,33476
4720,33477
4720,33478
4720,33479
4720,33480
4720,33481
4720,33482
4720,33483
4720,33484
4720,33485
4720,33486
4720,33487
4720,33488
4720,33489
4720,33490
4720,33491
4720,33492
4720,33493
4720,33494
4720,33495
4720,33496
4720,33497
4720,33498
4720,33499
4720,33500
4720,33501
4720,33502
4720,33503
4720,33504
4720,33505
4720,33506
4720,33507
4720,33508
4720,33509
4720,33510
4720,33511
4720,33512
4720,33513
4720,33514
4720,33515
4720,33516
4720,33517
4720,33518
4720,33519
4720,33520
4720,33521
4720,33522
4720,33523
4720,33524
4720,33525
4720,33526
4720,33527
4720,33528
4720,33529
4720,33530
4720,33531
4720,33532
4720,33533
4720,33534
4720,33535
4720,33536
4720,33537
4720,33538
4720,33539
4720,33540
4720,33541
4721,33329
4721,33330
4721,33331
4721,33332
4721,33333
4721,33334
4721,33335
4721,33336
4721,33337
4721,33338
4721,33339
4721,33340
4721,33341
4721,33342
4721,33343
4721,33344
4721,33345
4721,33346
4721,33347
4721,33348
4721,33349
4721,33350
4721,33351
4721,33352
4721,33353
4721,33354
4721,33355
4721,33356
4721,33357
4721,33358
4721,33359
4721,33360
4721,33361
4721,33362
4721,33363
4721,33364
4721,33365
4721,33366
4721,33367
4721,33368
4721,33369
4721,33370
4721,33371
4721,33372
4721,33373
4721,33374
4721,33375
4721,33376
4721,33377
4721,33378
4721,33379
4721,33380
4721,33381
4721,33382
4721,33383
4721,33384
4721,33385
4721,33386
4721,33387
4721,33388
4721,33389
4721,33390
4721,33391
4721,33392
4721,33393
4721,33394
4721,33395
4721,33396
4721,33397
4721,33398
4721,33399
4721,33400
4721,33401
4721,33402
4721,33403
4721,33404
4721,33405
4721,33406
4721,33407
4721,33408
4721,33409
4721,33410
4721,33411
4721,33412
4721,33413
4721,33414
4721,33415
4721,33416
4721,33417
4721,33418
4721,33419
4721,33420
4721,33421
4721,33422
4721,33423
4721,33424
4721,33425
4721,33426
4721,33427
4721,33428
4721,33429
4721,33430
4721,33431
4721,33432
4721,33433
4721,33434
4721,33435
4721,33436
4721,33437
4721,33438
4721,33439
4721,33440
4721,33441
4721,33442
4721,33443
4721,33444
4721,33445
4721,33446
4721,33447
4721,33448
4721,33449
4721,33450
4721,33451
4721,33452
4721,33453
4721,33454
4721,33455
4721,33456
4721,33457
4721,33458
4721,33459
4721,33460
4721,33461
4721,33462
4721,33463
4721,33464
4721,33465
4721,33466
4721,33467
4721,33468
4721,33469
4721,33470
4721,33471
4721,33472
4721,33473
4721,33474
4721,33475
4721,33476
4721,33477
4721,33478
4721,33479
4721,33480
4721,33481
4721,33482
4721,33483
4721,33484
4721,33485
4721,33486
4721,33487
4721,33488
4721,33489
4721,33490
4721,33491
4721,33492
4721,33493
4721,33494
4721,33495
4721,33496
4721,33497
4721,33498
4721,33499
4721,33500
4721,33501
4721,33502
4721,33503
4721,33504
4721,33505
4721,33506
4721,33507
4721,33508
4721,33509
4721,33510
4721,33511
4721,33512
4721,33513
4721,33514
4721,33515
4721,33516
4721,33517
4721,33518
4721,33519
4721,33520
4721,33521
4721,33522
4721,33523
4721,33524
4721,33525
4721,33526
4721,33527
4721,33528
4721,33529
4721,33530
4721,33531
4721,33532
4721,33533
4721,33534
4721,33535
4721,33536
4721,33537
4721,33538
4721,33539
4721,33540
4721,33541
4722,33329
4722,33330
4722,33331
4722,33332
4722,33333
4722,33334
4722,33335
4722,33336
4722,33337
4722,33338
4722,33339
4722,33340
4722,33341
4722,33342
4722,33343
4722,33344
4722,33345
4722,33346
4722,33347
4722,33348
4722,33349
4722,33350
4722,33351
4722,33352
4722,33353
4722,33354
4722,33355
4722,33356
4722,33357
4722,33358
4722,33359
4722,33360
4722,33361
4722,33362
4722,33363
4722,33364
4722,33365
4722,33366
4722,33367
4722,33368
4722,33369
4722,33370
4722,33371
4722,33372
4722,33373
4722,33374
4722,33375
4722,33376
4722,33377
4722,33378
4722,33379
4722,33380
4722,33381
4722,33382
4722,33383
4722,33384
4722,33385
4722,33386
4722,33387
4722,33388
4722,33389
4722,33390
4722,33391
4722,33392
4722,33393
4722,33394
4722,33395
4722,33396
4722,33397
4722,33398
4722,33399
4722,33400
4722,33401
4722,33402
4722,33403
4722,33404
4722,33405
4722,33406
4722,33407
4722,33408
4722,33409
4722,33410
4722,33411
4722,33412
4722,33413
4722,33414
4722,33415
4722,33416
4722,33417
4722,33418
4722,33419
4722,33420
4722,33421
4722,33422
4722,33423
4722,33424
4722,33425
4722,33426
4722,33427
4722,33428
4722,33429
4722,33430
4722,33431
4722,33432
4722,33433
4722,33434
4722,33435
4722,33436
4722,33437
4722,33438
4722,33439
4722,33440
4722,33441
4722,33442
4722,33443
4722,33444
4722,33445
4722,33446
4722,33447
4722,33448
4722,33449
4722,33450
4722,33451
4722,33452
4722,33453
4722,33454
4722,33455
4722,33456
4722,33457
4722,33458
4722,33459
4722,33460
4722,33461
4722,33462
4722,33463
4722,33464
4722,33465
4722,33466
4722,33467
4722,33468
4722,33469
4722,33470
4722,33471
4722,33472
4722,33473
4722,33474
4722,33475
4722,33476
4722,33477
4722,33478
4722,33479
4722,33480
4722,33481
4722,33482
4722,33483
4722,33484
4722,33485
4722,33486
4722,33487
4722,33488
4722,33489
4722,33490
4722,33491
4722,33492
4722,33493
4722,33494
4722,33495
4722,33496
4722,33497
4722,33498
4722,33499
4722,33500
4722,33501
4722,33502
4722,33503
4722,33504
4722,33505
4722,33506
4722,33507
4722,33508
4722,33509
4722,33510
4722,33511
4722,33512
4722,33513
4722,33514
4722,33515
4722,33516
4722,33517
4722,33518
4722,33519
4722,33520
4722,33521
4722,33522
4722,33523
4722,33524
4722,33525
4722,33526
4722,33527
4722,33528
4722,33529
4722,33530
4722,33531
4722,33532
4722,33533
4722,33534
4722,33535
4722,33536
4722,33537
4722,33538
4722,33539
4722,33540
4722,33541
4723,33329
4723,33330
4723,33331
4723,33332
4723,33333
4723,33334
4723,33335
4723,33336
4723,33337
4723,33338
4723,33339
4723,33340
4723,33341
4723,33342
4723,33343
4723,33344
4723,33345
4723,33346
4723,33347
4723,33348
4723,33349
4723,33350
4723,33351
4723,33352
4723,33353
4723,33354
4723,33355
4723,33356
4723,33357
4723,33358
4723,33359
4723,33360
4723,33361
4723,33362
4723,33363
4723,33364
4723,33365
4723,33366
4723,33367
4723,33368
4723,33369
4723,33370
4723,33371
4723,33372
4723,33373
4723,33374
4723,33375
4723,33376
4723,33377
4723,33378
4723,33379
4723,33380
4723,33381
4723,33382
4723,33383
4723,33384
4723,33385
4723,33386
4723,33387
4723,33388
4723,33389
4723,33390
4723,33391
4723,33392
4723,33393
4723,33394
4723,33395
4723,33396
4723,33397
4723,33398
4723,33399
4723,33400
4723,33401
4723,33402
4723,33403
4723,33404
4723,33405
4723,33406
4723,33407
4723,33408
4723,33409
4723,33410
4723,33411
4723,33412
4723,33413
4723,33414
4723,33415
4723,33416
4723,33417
4723,33418
4723,33419
4723,33420
4723,33421
4723,33422
4723,33423
4723,33424
4723,33425
4723,33426
4723,33427
4723,33428
4723,33429
4723,33430
4723,33431
4723,33432
4723,33433
4723,33434
4723,33435
4723,33436
4723,33437
4723,33438
4723,33439
4723,33440
4723,33441
4723,33442
4723,33443
4723,33444
4723,33445
4723,33446
4723,33447
4723,33448
4723,33449
4723,33450
4723,33451
4723,33452
4723,33453
4723,33454
4723,33455
4723,33456
4723,33457
4723,33458
4723,33459
4723,33460
4723,33461
4723,33462
4723,33463
4723,33464
4723,33465
4723,33466
4723,33467
4723,33468
4723,33469
4723,33470
4723,33471
4723,33472
4723,33473
4723,33474
4723,33475
4723,33476
4723,33477
4723,33478
4723,33479
4723,33480
4723,33481
4723,33482
4723,33483
4723,33484
4723,33485
4723,33486
4723,33487
4723,33488
4723,33489
4723,33490
4723,33491
4723,33492
4723,33493
4723,33494
4723,33495
4723,33496
4723,33497
4723,33498
4723,33499
4723,33500
4723,33501
4723,33502
4723,33503
4723,33504
4723,33505
4723,33506
4723,33507
4723,33508
4723,33509
4723,33510
4723,33511
4723,33512
4723,33513
4723,33514
4723,33515
4723,33516
4723,33517
4723,33518
4723,33519
4723,33520
4723,33521
4723,33522
4723,33523
4723,33524
4723,33525
4723,33526
4723,33527
4723,33528
4723,33529
4723,33530
4723,33531
4723,33532
4723,33533
4723,33534
4723,33535
4723,33536
4723,33537
4723,33538
4723,33539
4723,33540
4724,33329
4724,33330
4724,33331
4724,33332
4724,33333
4724,33334
4724,33335
4724,33336
4724,33337
4724,33338
4724,33339
4724,33340
4724,33341
4724,33342
4724,33343
4724,33344
4724,33345
4724,33346
4724,33347
4724,33348
4724,33349
4724,33350
4724,33351
4724,33352
4724,33353
4724,33354
4724,33355
4724,33356
4724,33357
4724,33358
4724,33359
4724,33360
4724,33361
4724,33362
4724,33363
4724,33364
4724,33365
4724,33366
4724,33367
4724,33368
4724,33369
4724,33370
4724,33371
4724,33372
4724,33373
4724,33374
4724,33375
4724,33376
4724,33377
4724,33378
4724,33379
4724,33380
4724,33381
4724,33382
4724,33383
4724,33384
4724,33385
4724,33386
4724,33387
4724,33388
4724,33389
4724,33390
4724,33391
4724,33392
4724,33393
4724,33394
4724,33395
4724,33396
4724,33397
4724,33398
4724,33399
4724,33400
4724,33401
4724,33402
4724,33403
4724,33404
4724,33405
4724,33406
4724,33407
4724,33408
4724,33409
4724,33410
4724,33411
4724,33412
4724,33413
4724,33414
4724,33415
4724,33416
4724,33417
4724,33418
4724,33419
4724,33420
4724,33421
4724,33422
4724,33423
4724,33424
4724,33425
4724,33426
4724,33427
4724,33428
4724,33429
4724,33430
4724,33431
4724,33432
4724,33433
4724,33434
4724,33435
4724,33436
4724,33437
4724,33438
4724,33439
4724,33440
4724,33441
4724,33442
4724,33443
4724,33444
4724,33445
4724,33446
4724,33447
4724,33448
4724,33449
4724,33450
4724,33451
4724,33452
4724,33453
4724,33454
4724,33455
4724,33456
4724,33457
4724,33458
4724,33459
4724,33460
4724,33461
4724,33462
4724,33463
4724,33464
4724,33465
4724,33466
4724,33467
4724,33468
4724,33469
4724,33470
4724,33471
4724,33472
4724,33473
4724,33474
4724,33475
4724,33476
4724,33477
4724,33478
4724,33479
4724,33480
4724,33481
4724,33482
4724,33483
4724,33484
4724,33485
4724,33486
4724,33487
4724,33488
4724,33489
4724,33490
4724,33491
4724,33492
4724,33493
4724,33494
4724,33495
4724,33496
4724,33497
4724,33498
4724,33499
4724,33500
4724,33501
4724,33502
4724,33503
4724,33504
4724,33505
4724,33506
4724,33507
4724,33508
4724,33509
4724,33510
4724,33511
4724,33512
4724,33513
4724,33514
4724,33515
4724,33516
4724,33517
4724,33518
4724,33519
4724,33520
4724,33521
4724,33522
4724,33523
4724,33524
4724,33525
4724,33526
4724,33527
4724,33528
4724,33529
4724,33530
4724,33531
4724,33532
4724,33533
4724,33534
4724,33535
4724,33536
4724,33537
4724,33538
4724,33539
4724,33540
4725,33330
4725,33331
4725,33332
4725,33333
4725,33334
4725,33335
4725,33336
4725,33337
4725,33338
4725,33339
4725,33340
4725,33341
4725,33342
4725,33343
4725,33344
4725,33345
4725,33346
4725,33347
4725,33348
4725,33349
4725,33350
4725,33351
4725,33352
4725,33353
4725,33354
4725,33355
4725,33356
4725,33357
4725,33358
4725,33359
4725,33360
4725,33361
4725,33362
4725,33363
4725,33364
4725,33365
4725,33366
4725,33367
4725,33368
4725,33369
4725,33370
4725,33371
4725,33372
4725,33373
4725,33374
4725,33375
4725,33376
4725,33377
4725,33378
4725,33379
4725,33380
4725,33381
4725,33382
4725,33383
4725,33384
4725,33385
4725,33386
4725,33387
4725,33388
4725,33389
4725,33390
4725,33391
4725,33392
4725,33393
4725,33394
4725,33395
4725,33396
4725,33397
4725,33398
4725,33399
4725,33400
4725,33401
4725,33402
4725,33403
4725,33404
4725,33405
4725,33406
4725,33407
4725,33408
4725,33409
4725,33410
4725,33411
4725,33412
4725,33413
4725,33414
4725,33415
4725,33416
4725,33417
4725,33418
4725,33419
4725,33420
4725,33421
4725,33422
4725,33423
4725,33424
4725,33425
4725,33426
4725,33427
4725,33428
4725,33429
4725,33430
4725,33431
4725,33432
4725,33433
4725,33434
4725,33435
4725,33436
4725,33437
4725,33438
4725,33439
4725,33440
4725,33441
4725,33442
4725,33443
4725,33444
4725,33445
4725,33446
4725,33447
4725,33448
4725,33449
4725,33450
4725,33451
4725,33452
4725,33453
4725,33454
4725,33455
4725,33456
4725,33457
4725,33458
4725,33459
4725,33460
4725,33461
4725,33462
4725,33463
4725,33464
4725,33465
4725,33466
4725,33467
4725,33468
4725,33469
4725,33470
4725,33471
4725,33472
4725,33473
4725,33474
4725,33475
4725,33476
4725,33477
4725,33478
4725,33479
4725,33480
4725,33481
4725,33482
4725,33483
4725,33484
4725,33485
4725,33486
4725,33487
4725,33488
4725,33489
4725,33490
4725,33491
4725,33492
4725,33493
4725,33494
4725,33495
4725,33496
4725,33497
4725,33498
4725,33499
4725,33500
4725,33501
4725,33502
4725,33503
4725,33504
4725,33505
4725,33506
4725,33507
4725,33508
4725,33509
4725,33510
4725,33511
4725,33512
4725,33513
4725,33514
4725,33515
4725,33516
4725,33517
4725,33518
4725,33519
4725,33520
4725,33521
4725,33522
4725,33523
4725,33524
4725,33525
4725,33526
4725,33527
4725,33528
4725,33529
4725,33530
4725,33531
4725,33532
4725,33533
4725,33534
4725,33535
4725,33536
4725,33537
4725,33538
4725,33539
4725,33540
4726,33329
4726,33330
4726,33331
4726,33332
4726,33333
4726,33334
4726,33335
4726,33336
4726,33337
4726,33338
4726,33339
4726,33340
4726,33341
4726,33342
4726,33343
4726,33344
4726,33345
4726,33346
4726,33347
4726,33348
4726,33349
4726,33350
4726,33351
4726,33352
4726,33353
4726,33354
4726,33355
4726,33356
4726,33357
4726,33358
4726,33359
4726,33360
4726,33361
4726,33362
4726,33363
4726,33364
4726,33365
4726,33366
4726,33367
4726,33368
4726,33369
4726,33370
4726,33371
4726,33372
4726,33373
4726,33374
4726,33375
4726,33376
4726,33377
4726,33378
4726,33379
4726,33380
4726,33381
4726,33382
4726,33383
4726,33384
4726,33385
4726,33386
4726,33387
4726,33388
4726,33389
4726,33390
4726,33391
4726,33392
4726,33393
4726,33394
4726,33395
4726,33396
4726,33397
4726,33398
4726,33399
4726,33400
4726,33401
4726,33402
4726,33403
4726,33404
4726,33405
4726,33406
4726,33407
4726,33408
4726,33409
4726,33410
4726,33411
4726,33412
4726,33413
4726,33414
4726,33415
4726,33416
4726,33417
4726,33418
4726,33419
4726,33420
4726,33421
4726,33422
4726,33423
4726,33424
4726,33425
4726,33426
4726,33427
4726,33428
4726,33429
4726,33430
4726,33431
4726,33432
4726,33433
4726,33434
4726,33435
4726,33436
4726,33437
4726,33438
4726,33439
4726,33440
4726,33441
4726,33442
4726,33443
4726,33444
4726,33445
4726,33446
4726,33447
4726,33448
4726,33449
4726,33450
4726,33451
4726,33452
4726,33453
4726,33454
4726,33455
4726,33456
4726,33457
4726,33458
4726,33459
4726,33460
4726,33461
4726,33462
4726,33463
4726,33464
4726,33465
4726,33466
4726,33467
4726,33468
4726,33469
4726,33470
4726,33471
4726,33472
4726,33473
4726,33474
4726,33475
4726,33476
4726,33477
4726,33478
4726,33479
4726,33480
4726,33481
4726,33482
4726,33483
4726,33484
4726,33485
4726,33486
4726,33487
4726,33488
4726,33489
4726,33490
4726,33491
4726,33492
4726,33493
4726,33494
4726,33495
4726,33496
4726,33497
4726,33498
4726,33499
4726,33500
4726,33501
4726,33502
4726,33503
4726,33504
4726,33505
4726,33506
4726,33507
4726,33508
4726,33509
4726,33510
4726,33511
4726,33512
4726,33513
4726,33514
4726,33515
4726,33516
4726,33517
4726,33518
4726,33519
4726,33520
4726,33521
4726,33522
4726,33523
4726,33524
4726,33525
4726,33526
4726,33527
4726,33528
4726,33529
4726,33530
4726,33531
4726,33532
4726,33533
4726,33534
4726,33535
4726,33536
4726,33537
4726,33538
4726,33539
4727,33329
4727,33330
4727,33331
4727,33332
4727,33333
4727,33334
4727,33335
4727,33336
4727,33337
4727,33338
4727,33339
4727,33340
4727,33341
4727,33342
4727,33343
4727,33344
4727,33345
4727,33346
4727,33347
4727,33348
4727,33349
4727,33350
4727,33351
4727,33352
4727,33353
4727,33354
4727,33355
4727,33356
4727,33357
4727,33358
4727,33359
4727,33360
4727,33361
4727,33362
4727,33363
4727,33364
4727,33365
4727,33366
4727,33367
4727,33368
4727,33369
4727,33370
4727,33371
4727,33372
4727,33373
4727,33374
4727,33375
4727,33376
4727,33377
4727,33378
4727,33379
4727,33380
4727,33381
4727,33382
4727,33383
4727,33384
4727,33385
4727,33386
4727,33387
4727,33388
4727,33389
4727,33390
4727,33391
4727,33392
4727,33393
4727,33394
4727,33395
4727,33396
4727,33397
4727,33398
4727,33399
4727,33400
4727,33401
4727,33402
4727,33403
4727,33404
4727,33405
4727,33406
4727,33407
4727,33408
4727,33409
4727,33410
4727,33411
4727,33412
4727,33413
4727,33414
4727,33415
4727,33416
4727,33417
4727,33418
4727,33419
4727,33420
4727,33421
4727,33422
4727,33423
4727,33424
4727,33425
4727,33426
4727,33427
4727,33428
4727,33429
4727,33430
4727,33431
4727,33432
4727,33433
4727,33434
4727,33435
4727,33436
4727,33437
4727,33438
4727,33439
4727,33440
4727,33441
4727,33442
4727,33443
4727,33444
4727,33445
4727,33446
4727,33447
4727,33448
4727,33449
4727,33450
4727,33451
4727,33452
4727,33453
4727,33454
4727,33455
4727,33456
4727,33457
4727,33458
4727,33459
4727,33460
4727,33461
4727,33462
4727,33463
4727,33464
4727,33465
4727,33466
4727,33467
4727,33468
4727,33469
4727,33470
4727,33471
4727,33472
4727,33473
4727,33474
4727,33475
4727,33476
4727,33477
4727,33478
4727,33479
4727,33480
4727,33481
4727,33482
4727,33483
4727,33484
4727,33485
4727,33486
4727,33487
4727,33488
4727,33489
4727,33490
4727,33491
4727,33492
4727,33493
4727,33494
4727,33495
4727,33496
4727,33497
4727,33498
4727,33499
4727,33500
4727,33501
4727,33502
4727,33503
4727,33504
4727,33505
4727,33506
4727,33507
4727,33508
4727,33509
4727,33510
4727,33511
4727,33512
4727,33513
4727,33514
4727,33515
4727,33516
4727,33517
4727,33518
4727,33519
4727,33520
4727,33521
4727,33522
4727,33523
4727,33524
4727,33525
4727,33526
4727,33527
4727,33528
4727,33529
4727,33530
4727,33531
4727,33532
4727,33533
4727,33534
4727,33535
4727,33536
4727,33537
4727,33538
4727,33539
4728,33329
4728,33330
4728,33331
4728,33332
4728,33333
4728,33334
4728,33335
4728,33336
4728,33337
4728,33338
4728,33339
4728,33340
4728,33341
4728,33342
4728,33343
4728,33344
4728,33345
4728,33346
4728,33347
4728,33348
4728,33349
4728,33350
4728,33351
4728,33352
4728,33353
4728,33354
4728,33355
4728,33356
4728,33357
4728,33358
4728,33359
4728,33360
4728,33361
4728,33362
4728,33363
4728,33364
4728,33365
4728,33366
4728,33367
4728,33368
4728,33369
4728,33370
4728,33371
4728,33372
4728,33373
4728,33374
4728,33375
4728,33376
4728,33377
4728,33378
4728,33379
4728,33380
4728,33381
4728,33382
4728,33383
4728,33384
4728,33385
4728,33386
4728,33387
4728,33388
4728,33389
4728,33390
4728,33391
4728,33392
4728,33393
4728,33394
4728,33395
4728,33396
4728,33397
4728,33398
4728,33399
4728,33400
4728,33401
4728,33402
4728,33403
4728,33404
4728,33405
4728,33406
4728,33407
4728,33408
4728,33409
4728,33410
4728,33411
4728,33412
4728,33413
4728,33414
4728,33415
4728,33416
4728,33417
4728,33418
4728,33419
4728,33420
4728,33421
4728,33422
4728,33423
4728,33424
4728,33425
4728,33426
4728,33427
4728,33428
4728,33429
4728,33430
4728,33431
4728,33432
4728,33433
4728,33434
4728,33435
4728,33436
4728,33437
4728,33438
4728,33439
4728,33440
4728,33441
4728,33442
4728,33443
4728,33444
4728,33445
4728,33446
4728,33447
4728,33448
4728,33449
4728,33450
4728,33451
4728,33452
4728,33453
4728,33454
4728,33455
4728,33456
4728,33457
4728,33458
4728,33459
4728,33460
4728,33461
4728,33462
4728,33463
4728,33464
4728,33465
4728,33466
4728,33467
4728,33468
4728,33469
4728,33470
4728,33471
4728,33472
4728,33473
4728,33474
4728,33475
4728,33476
4728,33477
4728,33478
4728,33479
4728,33480
4728,33481
4728,33482
4728,33483
4728,33484
4728,33485
4728,33486
4728,33487
4728,33488
4728,33489
4728,33490
4728,33491
4728,33492
4728,33493
4728,33494
4728,33495
4728,33496
4728,33497
4728,33498
4728,33499
4728,33500
4728,33501
4728,33502
4728,33503
4728,33504
4728,33505
4728,33506
4728,33507
4728,33508
4728,33509
4728,33510
4728,33511
4728,33512
4728,33513
4728,33514
4728,33515
4728,33516
4728,33517
4728,33518
4728,33519
4728,33520
4728,33521
4728,33522
4728,33523
4728,33524
4728,33525
4728,33526
4728,33527
4728,33528
4728,33529
4728,33530
4728,33531
4728,33532
4728,33533
4728,33534
4728,33535
4728,33536
4728,33537
4728,33538
4729,33328
4729,33329
4729,33330
4729,33331
4729,33332
4729,33333
4729,33334
4729,33335
4729,33336
4729,33337
4729,33338
4729,33339
4729,33340
4729,33341
4729,33342
4729,33343
4729,33344
4729,33345
4729,33346
4729,33347
4729,33348
4729,33349
4729,33350
4729,33351
4729,33352
4729,33353
4729,33354
4729,33355
4729,33356
4729,33357
4729,33358
4729,33359
4729,33360
4729,33361
4729,33362
4729,33363
4729,33364
4729,33365
4729,33366
4729,33367
4729,33368
4729,33369
4729,33370
4729,33371
4729,33372
4729,33373
4729,33374
4729,33375
4729,33376
4729,33377
4729,33378
4729,33379
4729,33380
4729,33381
4729,33382
4729,33383
4729,33384
4729,33385
4729,33386
4729,33387
4729,33388
4729,33389
4729,33390
4729,33391
4729,33392
4729,33393
4729,33394
4729,33395
4729,33396
4729,33397
4729,33398
4729,33399
4729,33400
4729,33401
4729,33402
4729,33403
4729,33404
4729,33405
4729,33406
4729,33407
4729,33408
4729,33409
4729,33410
4729,33411
4729,33412
4729,33413
4729,33414
4729,33415
4729,33416
4729,33417
4729,33418
4729,33419
4729,33420
4729,33421
4729,33422
4729,33423
4729,33424
4729,33425
4729,33426
4729,33427
4729,33428
4729,33429
4729,33430
4729,33431
4729,33432
4729,33433
4729,33434
4729,33435
4729,33436
4729,33437
4729,33438
4729,33439
4729,33440
4729,33441
4729,33442
4729,33443
4729,33444
4729,33445
4729,33446
4729,33447
4729,33448
4729,33449
4729,33450
4729,33451
4729,33452
4729,33453
4729,33454
4729,33455
4729,33456
4729,33457
4729,33458
4729,33459
4729,33460
4729,33461
4729,33462
4729,33463
4729,33464
4729,33465
4729,33466
4729,33467
4729,33468
4729,33469
4729,33470
4729,33471
4729,33472
4729,33473
4729,33474
4729,33475
4729,33476
4729,33477
4729,33478
4729,33479
4729,33480
4729,33481
4729,33482
4729,33483
4729,33484
4729,33485
4729,33486
4729,33487
4729,33488
4729,33489
4729,33490
4729,33491
4729,33492
4729,33493
4729,33494
4729,33495
4729,33496
4729,33497
4729,33498
4729,33499
4729,33500
4729,33501
4729,33502
4729,33503
4729,33504
4729,33505
4729,33506
4729,33507
4729,33508
4729,33509
4729,33510
4729,33511
4729,33512
4729,33513
4729,33514
4729,33515
4729,33516
4729,33517
4729,33518
4729,33519
4729,33520
4729,33521
4729,33522
4729,33523
4729,33524
4729,33525
4729,33526
4729,33527
4729,33528
4729,33529
4729,33530
4729,33531
4729,33532
4729,33533
4729,33534
4729,33535
4729,33536
4729,33537
4729,33538
4730,33328
4730,33329
4730,33330
4730,33331
4730,33332
4730,33333
4730,33334
4730,33335
4730,33336
4730,33337
4730,33338
4730,33339
4730,33340
4730,33341
4730,33342
4730,33343
4730,33344
4730,33345
4730,33346
4730,33347
4730,33348
4730,33349
4730,33350
4730,33351
4730,33352
4730,33353
4730,33354
4730,33355
4730,33356
4730,33357
4730,33358
4730,33359
4730,33360
4730,33361
4730,33362
4730,33363
4730,33364
4730,33365
4730,33366
4730,33367
4730,33368
4730,33369
4730,33370
4730,33371
4730,33372
4730,33373
4730,33374
4730,33375
4730,33376
4730,33377
4730,33378
4730,33379
4730,33380
4730,33381
4730,33382
4730,33383
4730,33384
4730,33385
4730,33386
4730,33387
4730,33388
4730,33389
4730,33390
4730,33391
4730,33392
4730,33393
4730,33394
4730,33395
4730,33396
4730,33397
4730,33398
4730,33399
4730,33400
4730,33401
4730,33402
4730,33403
4730,33404
4730,33405
4730,33406
4730,33407
4730,33408
4730,33409
4730,33410
4730,33411
4730,33412
4730,33413
4730,33414
4730,33415
4730,33416
4730,33417
4730,33418
4730,33419
4730,33420
4730,33421
4730,33422
4730,33423
4730,33424
4730,33425
4730,33426
4730,33427
4730,33428
4730,33429
4730,33430
4730,33431
4730,33432
4730,33433
4730,33434
4730,33435
4730,33436
4730,33437
4730,33438
4730,33439
4730,33440
4730,33441
4730,33442
4730,33443
4730,33444
4730,33445
4730,33446
4730,33447
4730,33448
4730,33449
4730,33450
4730,33451
4730,33452
4730,33453
4730,33454
4730,33455
4730,33456
4730,33457
4730,33458
4730,33459
4730,33460
4730,33461
4730,33462
4730,33463
4730,33464
4730,33465
4730,33466
4730,33467
4730,33468
4730,33469
4730,33470
4730,33471
4730,33472
4730,33473
4730,33474
4730,33475
4730,33476
4730,33477
4730,33478
4730,33479
4730,33480
4730,33481
4730,33482
4730,33483
4730,33484
4730,33485
4730,33486
4730,33487
4730,33488
4730,33489
4730,33490
4730,33491
4730,33492
4730,33493
4730,33494
4730,33495
4730,33496
4730,33497
4730,33498
4730,33499
4730,33500
4730,33501
4730,33502
4730,33503
4730,33504
4730,33505
4730,33506
4730,33507
4730,33508
4730,33509
4730,33510
4730,33511
4730,33512
4730,33513
4730,33514
4730,33515
4730,33516
4730,33517
4730,33518
4730,33519
4730,33520
4730,33521
4730,33522
4730,33523
4730,33524
4730,33525
4730,33526
4730,33527
4730,33528
4730,33529
4730,33530
4730,33531
4730,33532
4730,33533
4730,33534
4730,33535
4730,33536
4730,33537
4730,33538
4731,33329
4731,33330
4731,33331
4731,33332
4731,33333
4731,33334
4731,33335
4731,33336
4731,33337
4731,33338
4731,33339
4731,33340
4731,33341
4731,33342
4731,33343
4731,33344
4731,33345
4731,33346
4731,33347
4731,33348
4731,33349
4731,33350
4731,33351
4731,33352
4731,33353
4731,33354
4731,33355
4731,33356
4731,33357
4731,33358
4731,33359
4731,33360
4731,33361
4731,33362
4731,33363
4731,33364
4731,33365
4731,33366
4731,33367
4731,33368
4731,33369
4731,33370
4731,33371
4731,33372
4731,33373
4731,33374
4731,33375
4731,33376
4731,33377
4731,33378
4731,33379
4731,33380
4731,33381
4731,33382
4731,33383
4731,33384
4731,33385
4731,33386
4731,33387
4731,33388
4731,33389
4731,33390
4731,33391
4731,33392
4731,33393
4731,33394
4731,33395
4731,33396
4731,33397
4731,33398
4731,33399
4731,33400
4731,33401
4731,33402
4731,33403
4731,33404
4731,33405
4731,33406
4731,33407
4731,33408
4731,33409
4731,33410
4731,33411
4731,33412
4731,33413
4731,33414
4731,33415
4731,33416
4731,33417
4731,33418
4731,33419
4731,33420
4731,33421
4731,33422
4731,33423
4731,33424
4731,33425
4731,33426
4731,33427
4731,33428
4731,33429
4731,33430
4731,33431
4731,33432
4731,33433
4731,33434
4731,33435
4731,33436
4731,33437
4731,33438
4731,33439
4731,33440
4731,33441
4731,33442
4731,33443
4731,33444
4731,33445
4731,33446
4731,33447
4731,33448
4731,33449
4731,33450
4731,33451
4731,33452
4731,33453
4731,33454
4731,33455
4731,33456
4731,33457
4731,33458
4731,33459
4731,33460
4731,33461
4731,33462
4731,33463
4731,33464
4731,33465
4731,33466
4731,33467
4731,33468
4731,33469
4731,33470
4731,33471
4731,33472
4731,33473
4731,33474
4731,33475
4731,33476
4731,33477
4731,33478
4731,33479
4731,33480
4731,33481
4731,33482
4731,33483
4731,33484
4731,33485
4731,33486
4731,33487
4731,33488
4731,33489
4731,33490
4731,33491
4731,33492
4731,33493
4731,33494
4731,33495
4731,33496
4731,33497
4731,33498
4731,33499
4731,33500
4731,33501
4731,33502
4731,33503
4731,33504
4731,33505
4731,33506
4731,33507
4731,33508
4731,33509
4731,33510
4731,33511
4731,33512
4731,33513
4731,33514
4731,33515
4731,33516
4731,33517
4731,33518
4731,33519
4731,33520
4731,33521
4731,33522
4731,33523
4731,33524
4731,33525
4731,33526
4731,33527
4731,33528
4731,33529
4731,33530
4731,33531
4731,33532
4731,33533
4731,33534
4731,33535
4731,33536
4731,33537
4731,33538
4732,33329
4732,33330
4732,33331
4732,33332
4732,33333
4732,33334
4732,33335
4732,33336
4732,33337
4732,33338
4732,33339
4732,33340
4732,33341
4732,33342
4732,33343
4732,33344
4732,33345
4732,33346
4732,33347
4732,33348
4732,33349
4732,33350
4732,33351
4732,33352
4732,33353
4732,33354
4732,33355
4732,33356
4732,33357
4732,33358
4732,33359
4732,33360
4732,33361
4732,33362
4732,33363
4732,33364
4732,33365
4732,33366
4732,33367
4732,33368
4732,33369
4732,33370
4732,33371
4732,33372
4732,33373
4732,33374
4732,33375
4732,33376
4732,33377
4732,33378
4732,33379
4732,33380
4732,33381
4732,33382
4732,33383
4732,33384
4732,33385
4732,33386
4732,33387
4732,33388
4732,33389
4732,33390
4732,33391
4732,33392
4732,33393
4732,33394
4732,33395
4732,33396
4732,33397
4732,33398
4732,33399
4732,33400
4732,33401
4732,33402
4732,33403
4732,33404
4732,33405
4732,33406
4732,33407
4732,33408
4732,33409
4732,33410
4732,33411
4732,33412
4732,33413
4732,33414
4732,33415
4732,33416
4732,33417
4732,33418
4732,33419
4732,33420
4732,33421
4732,33422
4732,33423
4732,33424
4732,33425
4732,33426
4732,33427
4732,33428
4732,33429
4732,33430
4732,33431
4732,33432
4732,33433
4732,33434
4732,33435
4732,33436
4732,33437
4732,33438
4732,33439
4732,33440
4732,33441
4732,33442
4732,33443
4732,33444
4732,33445
4732,33446
4732,33447
4732,33448
4732,33449
4732,33450
4732,33451
4732,33452
4732,33453
4732,33454
4732,33455
4732,33456
4732,33457
4732,33458
4732,33459
4732,33460
4732,33461
4732,33462
4732,33463
4732,33464
4732,33465
4732,33466
4732,33467
4732,33468
4732,33469
4732,33470
4732,33471
4732,33472
4732,33473
4732,33474
4732,33475
4732,33476
4732,33477
4732,33478
4732,33479
4732,33480
4732,33481
4732,33482
4732,33483
4732,33484
4732,33485
4732,33486
4732,33487
4732,33488
4732,33489
4732,33490
4732,33491
4732,33492
4732,33493
4732,33494
4732,33495
4732,33496
4732,33497
4732,33498
4732,33499
4732,33500
4732,33501
4732,33502
4732,33503
4732,33504
4732,33505
4732,33506
4732,33507
4732,33508
4732,33509
4732,33510
4732,33511
4732,33512
4732,33513
4732,33514
4732,33515
4732,33516
4732,33517
4732,33518
4732,33519
4732,33520
4732,33521
4732,33522
4732,33523
4732,33524
4732,33525
4732,33526
4732,33527
4732,33528
4732,33529
4732,33530
4732,33531
4732,33532
4732,33533
4732,33534
4732,33535
4732,33536
4732,33537
4732,33538
4733,33329
4733,33330
4733,33331
4733,33332
4733,33333
4733,33334
4733,33335
4733,33336
4733,33337
4733,33338
4733,33339
4733,33340
4733,33341
4733,33342
4733,33343
4733,33344
4733,33345
4733,33346
4733,33347
4733,33348
4733,33349
4733,33350
4733,33351
4733,33352
4733,33353
4733,33354
4733,33355
4733,33356
4733,33357
4733,33358
4733,33359
4733,33360
4733,33361
4733,33362
4733,33363
4733,33364
4733,33365
4733,33366
4733,33367
4733,33368
4733,33369
4733,33370
4733,33371
4733,33372
4733,33373
4733,33374
4733,33375
4733,33376
4733,33377
4733,33378
4733,33379
4733,33380
4733,33381
4733,33382
4733,33383
4733,33384
4733,33385
4733,33386
4733,33387
4733,33388
4733,33389
4733,33390
4733,33391
4733,33392
4733,33393
4733,33394
4733,33395
4733,33396
4733,33397
4733,33398
4733,33399
4733,33400
4733,33401
4733,33402
4733,33403
4733,33404
4733,33405
4733,33406
4733,33407
4733,33408
4733,33409
4733,33410
4733,33411
4733,33412
4733,33413
4733,33414
4733,33415
4733,33416
4733,33417
4733,33418
4733,33419
4733,33420
4733,33421
4733,33422
4733,33423
4733,33424
4733,33425
4733,33426
4733,33427
4733,33428
4733,33429
4733,33430
4733,33431
4733,33432
4733,33433
4733,33434
4733,33435
4733,33436
4733,33437
4733,33438
4733,33439
4733,33440
4733,33441
4733,33442
4733,33443
4733,33444
4733,33445
4733,33446
4733,33447
4733,33448
4733,33449
4733,33450
4733,33451
4733,33452
4733,33453
4733,33454
4733,33455
4733,33456
4733,33457
4733,33458
4733,33459
4733,33460
4733,33461
4733,33462
4733,33463
4733,33464
4733,33465
4733,33466
4733,33467
4733,33468
4733,33469
4733,33470
4733,33471
4733,33472
4733,33473
4733,33474
4733,33475
4733,33476
4733,33477
4733,33478
4733,33479
4733,33480
4733,33481
4733,33482
4733,33483
4733,33484
4733,33485
4733,33486
4733,33487
4733,33488
4733,33489
4733,33490
4733,33491
4733,33492
4733,33493
4733,33494
4733,33495
4733,33496
4733,33497
4733,33498
4733,33499
4733,33500
4733,33501
4733,33502
4733,33503
4733,33504
4733,33505
4733,33506
4733,33507
4733,33508
4733,33509
4733,33510
4733,33511
4733,33512
4733,33513
4733,33514
4733,33515
4733,33516
4733,33517
4733,33518
4733,33519
4733,33520
4733,33521
4733,33522
4733,33523
4733,33524
4733,33525
4733,33526
4733,33527
4733,33528
4733,33529
4733,33530
4733,33531
4733,33532
4733,33533
4733,33534
4733,33535
4733,33536
4733,33537
4733,33538
4734,33328
4734,33329
4734,33330
4734,33331
4734,33332
4734,33333
4734,33334
4734,33335
4734,33336
4734,33337
4734,33338
4734,33339
4734,33340
4734,33341
4734,33342
4734,33343
4734,33344
4734,33345
4734,33346
4734,33347
4734,33348
4734,33349
4734,33350
4734,33351
4734,33352
4734,33353
4734,33354
4734,33355
4734,33356
4734,33357
4734,33358
4734,33359
4734,33360
4734,33361
4734,33362
4734,33363
4734,33364
4734,33365
4734,33366
4734,33367
4734,33368
4734,33369
4734,33370
4734,33371
4734,33372
4734,33373
4734,33374
4734,33375
4734,33376
4734,33377
4734,33378
4734,33379
4734,33380
4734,33381
4734,33382
4734,33383
4734,33384
4734,33385
4734,33386
4734,33387
4734,33388
4734,33389
4734,33390
4734,33391
4734,33392
4734,33393
4734,33394
4734,33395
4734,33396
4734,33397
4734,33398
4734,33399
4734,33400
4734,33401
4734,33402
4734,33403
4734,33404
4734,33405
4734,33406
4734,33407
4734,33408
4734,33409
4734,33410
4734,33411
4734,33412
4734,33413
4734,33414
4734,33415
4734,33416
4734,33417
4734,33418
4734,33419
4734,33420
4734,33421
4734,33422
4734,33423
4734,33424
4734,33425
4734,33426
4734,33427
4734,33428
4734,33429
4734,33430
4734,33431
4734,33432
4734,33433
4734,33434
4734,33435
4734,33436
4734,33437
4734,33438
4734,33439
4734,33440
4734,33441
4734,33442
4734,33443
4734,33444
4734,33445
4734,33446
4734,33447
4734,33448
4734,33449
4734,33450
4734,33451
4734,33452
4734,33453
4734,33454
4734,33455
4734,33456
4734,33457
4734,33458
4734,33459
4734,33460
4734,33461
4734,33462
4734,33463
4734,33464
4734,33465
4734,33466
4734,33467
4734,33468
4734,33469
4734,33470
4734,33471
4734,33472
4734,33473
4734,33474
4734,33475
4734,33476
4734,33477
4734,33478
4734,33479
4734,33480
4734,33481
4734,33482
4734,33483
4734,33484
4734,33485
4734,33486
4734,33487
4734,33488
4734,33489
4734,33490
4734,33491
4734,33492
4734,33493
4734,33494
4734,33495
4734,33496
4734,33497
4734,33498
4734,33499
4734,33500
4734,33501
4734,33502
4734,33503
4734,33504
4734,33505
4734,33506
4734,33507
4734,33508
4734,33509
4734,33510
4734,33511
4734,33512
4734,33513
4734,33514
4734,33515
4734,33516
4734,33517
4734,33518
4734,33519
4734,33520
4734,33521
4734,33522
4734,33523
4734,33524
4734,33525
4734,33526
4734,33527
4734,33528
4734,33529
4734,33530
4734,33531
4734,33532
4734,33533
4734,33534
4734,33535
4734,33536
4734,33537
4735,33325
4735,33326
4735,33327
4735,33328
4735,33329
4735,33330
4735,33331
4735,33332
4735,33333
4735,33334
4735,33335
4735,33336
4735,33337
4735,33338
4735,33339
4735,33340
4735,33341
4735,33342
4735,33343
4735,33344
4735,33345
4735,33346
4735,33347
4735,33348
4735,33349
4735,33350
4735,33351
4735,33352
4735,33353
4735,33354
4735,33355
4735,33356
4735,33357
4735,33358
4735,33359
4735,33360
4735,33361
4735,33362
4735,33363
4735,33364
4735,33365
4735,33366
4735,33367
4735,33368
4735,33369
4735,33370
4735,33371
4735,33372
4735,33373
4735,33374
4735,33375
4735,33376
4735,33377
4735,33378
4735,33379
4735,33380
4735,33381
4735,33382
4735,33383
4735,33384
4735,33385
4735,33386
4735,33387
4735,33388
4735,33389
4735,33390
4735,33391
4735,33392
4735,33393
4735,33394
4735,33395
4735,33396
4735,33397
4735,33398
4735,33399
4735,33400
4735,33401
4735,33402
4735,33403
4735,33404
4735,33405
4735,33406
4735,33407
4735,33408
4735,33409
4735,33410
4735,33411
4735,33412
4735,33413
4735,33414
4735,33415
4735,33416
4735,33417
4735,33418
4735,33419
4735,33420
4735,33421
4735,33422
4735,33423
4735,33424
4735,33425
4735,33426
4735,33427
4735,33428
4735,33429
4735,33430
4735,33431
4735,33432
4735,33433
4735,33434
4735,33435
4735,33436
4735,33437
4735,33438
4735,33439
4735,33440
4735,33441
4735,33442
4735,33443
4735,33444
4735,33445
4735,33446
4735,33447
4735,33448
4735,33449
4735,33450
4735,33451
4735,33452
4735,33453
4735,33454
4735,33455
4735,33456
4735,33457
4735,33458
4735,33459
4735,33460
4735,33461
4735,33462
4735,33463
4735,33464
4735,33465
4735,33466
4735,33467
4735,33468
4735,33469
4735,33470
4735,33471
4735,33472
4735,33473
4735,33474
4735,33475
4735,33476
4735,33477
4735,33478
4735,33479
4735,33480
4735,33481
4735,33482
4735,33483
4735,33484
4735,33485
4735,33486
4735,33487
4735,33488
4735,33489
4735,33490
4735,33491
4735,33492
4735,33493
4735,33494
4735,33495
4735,33496
4735,33497
4735,33498
4735,33499
4735,33500
4735,33501
4735,33502
4735,33503
4735,33504
4735,33505
4735,33506
4735,33507
4735,33508
4735,33509
4735,33510
4735,33511
4735,33512
4735,33513
4735,33514
4735,33515
4735,33516
4735,33517
4735,33518
4735,33519
4735,33520
4735,33521
4735,33522
4735,33523
4735,33524
4735,33525
4735,33526
4735,33527
4735,33528
4735,33529
4735,33530
4735,33531
4735,33532
4735,33533
4735,33534
4735,33535
4735,33536
4735,33537
4736,33323
4736,33324
4736,33325
4736,33326
4736,33327
4736,33328
4736,33329
4736,33330
4736,33331
4736,33332
4736,33333
4736,33334
4736,33335
4736,33336
4736,33337
4736,33338
4736,33339
4736,33340
4736,33341
4736,33342
4736,33343
4736,33344
4736,33345
4736,33346
4736,33347
4736,33348
4736,33349
4736,33350
4736,33351
4736,33352
4736,33353
4736,33354
4736,33355
4736,33356
4736,33357
4736,33358
4736,33359
4736,33360
4736,33361
4736,33362
4736,33363
4736,33364
4736,33365
4736,33366
4736,33367
4736,33368
4736,33369
4736,33370
4736,33371
4736,33372
4736,33373
4736,33374
4736,33375
4736,33376
4736,33377
4736,33378
4736,33379
4736,33380
4736,33381
4736,33382
4736,33383
4736,33384
4736,33385
4736,33386
4736,33387
4736,33388
4736,33389
4736,33390
4736,33391
4736,33392
4736,33393
4736,33394
4736,33395
4736,33396
4736,33397
4736,33398
4736,33399
4736,33400
4736,33401
4736,33402
4736,33403
4736,33404
4736,33405
4736,33406
4736,33407
4736,33408
4736,33409
4736,33410
4736,33411
4736,33412
4736,33413
4736,33414
4736,33415
4736,33416
4736,33417
4736,33418
4736,33419
4736,33420
4736,33421
4736,33422
4736,33423
4736,33424
4736,33425
4736,33426
4736,33427
4736,33428
4736,33429
4736,33430
4736,33431
4736,33432
4736,33433
4736,33434
4736,33435
4736,33436
4736,33437
4736,33438
4736,33439
4736,33440
4736,33441
4736,33442
4736,33443
4736,33444
4736,33445
4736,33446
4736,33447
4736,33448
4736,33449
4736,33450
4736,33451
4736,33452
4736,33453
4736,33454
4736,33455
4736,33456
4736,33457
4736,33458
4736,33459
4736,33460
4736,33461
4736,33462
4736,33463
4736,33464
4736,33465
4736,33466
4736,33467
4736,33468
4736,33469
4736,33470
4736,33471
4736,33472
4736,33473
4736,33474
4736,33475
4736,33476
4736,33477
4736,33478
4736,33479
4736,33480
4736,33481
4736,33482
4736,33483
4736,33484
4736,33485
4736,33486
4736,33487
4736,33488
4736,33489
4736,33490
4736,33491
4736,33492
4736,33493
4736,33494
4736,33495
4736,33496
4736,33497
4736,33498
4736,33499
4736,33500
4736,33501
4736,33502
4736,33503
4736,33504
4736,33505
4736,33506
4736,33507
4736,33508
4736,33509
4736,33510
4736,33511
4736,33512
4736,33513
4736,33514
4736,33515
4736,33516
4736,33517
4736,33518
4736,33519
4736,33520
4736,33521
4736,33522
4736,33523
4736,33524
4736,33525
4736,33526
4736,33527
4736,33528
4736,33529
4736,33530
4736,33531
4736,33532
4736,33533
4736,33534
4736,33535
4736,33536
4736,33537
4737,33322
4737,33323
4737,33324
4737,33325
4737,33326
4737,33327
4737,33328
4737,33329
4737,33330
4737,33331
4737,33332
4737,33333
4737,33334
4737,33335
4737,33336
4737,33337
4737,33338
4737,33339
4737,33340
4737,33341
4737,33342
4737,33343
4737,33344
4737,33345
4737,33346
4737,33347
4737,33348
4737,33349
4737,33350
4737,33351
4737,33352
4737,33353
4737,33354
4737,33355
4737,33356
4737,33357
4737,33358
4737,33359
4737,33360
4737,33361
4737,33362
4737,33363
4737,33364
4737,33365
4737,33366
4737,33367
4737,33368
4737,33369
4737,33370
4737,33371
4737,33372
4737,33373
4737,33374
4737,33375
4737,33376
4737,33377
4737,33378
4737,33379
4737,33380
4737,33381
4737,33382
4737,33383
4737,33384
4737,33385
4737,33386
4737,33387
4737,33388
4737,33389
4737,33390
4737,33391
4737,33392
4737,33393
4737,33394
4737,33395
4737,33396
4737,33397
4737,33398
4737,33399
4737,33400
4737,33401
4737,33402
4737,33403
4737,33404
4737,33405
4737,33406
4737,33407
4737,33408
4737,33409
4737,33410
4737,33411
4737,33412
4737,33413
4737,33414
4737,33415
4737,33416
4737,33417
4737,33418
4737,33419
4737,33420
4737,33421
4737,33422
4737,33423
4737,33424
4737,33425
4737,33426
4737,33427
4737,33428
4737,33429
4737,33430
4737,33431
4737,33432
4737,33433
4737,33434
4737,33435
4737,33436
4737,33437
4737,33438
4737,33439
4737,33440
4737,33441
4737,33442
4737,33443
4737,33444
4737,33445
4737,33446
4737,33447
4737,33448
4737,33449
4737,33450
4737,33451
4737,33452
4737,33453
4737,33454
4737,33455
4737,33456
4737,33457
4737,33458
4737,33459
4737,33460
4737,33461
4737,33462
4737,33463
4737,33464
4737,33465
4737,33466
4737,33467
4737,33468
4737,33469
4737,33470
4737,33471
4737,33472
4737,33473
4737,33474
4737,33475
4737,33476
4737,33477
4737,33478
4737,33479
4737,33480
4737,33481
4737,33482
4737,33483
4737,33484
4737,33485
4737,33486
4737,33487
4737,33488
4737,33489
4737,33490
4737,33491
4737,33492
4737,33493
4737,33494
4737,33495
4737,33496
4737,33497
4737,33498
4737,33499
4737,33500
4737,33501
4737,33502
4737,33503
4737,33504
4737,33505
4737,33506
4737,33507
4737,33508
4737,33509
4737,33510
4737,33511
4737,33512
4737,33513
4737,33514
4737,33515
4737,33516
4737,33517
4737,33518
4737,33519
4737,33520
4737,33521
4737,33522
4737,33523
4737,33524
4737,33525
4737,33526
4737,33527
4737,33528
4737,33529
4737,33530
4737,33531
4737,33532
4737,33533
4737,33534
4737,33535
4737,33536
4737,33537
4738,33321
4738,33322
4738,33323
4738,33324
4738,33325
4738,33326
4738,33327
4738,33328
4738,33329
4738,33330
4738,33331
4738,33332
4738,33333
4738,33334
4738,33335
4738,33336
4738,33337
4738,33338
4738,33339
4738,33340
4738,33341
4738,33342
4738,33343
4738,33344
4738,33345
4738,33346
4738,33347
4738,33348
4738,33349
4738,33350
4738,33351
4738,33352
4738,33353
4738,33354
4738,33355
4738,33356
4738,33357
4738,33358
4738,33359
4738,33360
4738,33361
4738,33362
4738,33363
4738,33364
4738,33365
4738,33366
4738,33367
4738,33368
4738,33369
4738,33370
4738,33371
4738,33372
4738,33373
4738,33374
4738,33375
4738,33376
4738,33377
4738,33378
4738,33379
4738,33380
4738,33381
4738,33382
4738,33383
4738,33384
4738,33385
4738,33386
4738,33387
4738,33388
4738,33389
4738,33390
4738,33391
4738,33392
4738,33393
4738,33394
4738,33395
4738,33396
4738,33397
4738,33398
4738,33399
4738,33400
4738,33401
4738,33402
4738,33403
4738,33404
4738,33405
4738,33406
4738,33407
4738,33408
4738,33409
4738,33410
4738,33411
4738,33412
4738,33413
4738,33414
4738,33415
4738,33416
4738,33417
4738,33418
4738,33419
4738,33420
4738,33421
4738,33422
4738,33423
4738,33424
4738,33425
4738,33426
4738,33427
4738,33428
4738,33429
4738,33430
4738,33431
4738,33432
4738,33433
4738,33434
4738,33435
4738,33436
4738,33437
4738,33438
4738,33439
4738,33440
4738,33441
4738,33442
4738,33443
4738,33444
4738,33445
4738,33446
4738,33447
4738,33448
4738,33449
4738,33450
4738,33451
4738,33452
4738,33453
4738,33454
4738,33455
4738,33456
4738,33457
4738,33458
4738,33459
4738,33460
4738,33461
4738,33462
4738,33463
4738,33464
4738,33465
4738,33466
4738,33467
4738,33468
4738,33469
4738,33470
4738,33471
4738,33472
4738,33473
4738,33474
4738,33475
4738,33476
4738,33477
4738,33478
4738,33479
4738,33480
4738,33481
4738,33482
4738,33483
4738,33484
4738,33485
4738,33486
4738,33487
4738,33488
4738,33489
4738,33490
4738,33491
4738,33492
4738,33493
4738,33494
4738,33495
4738,33496
4738,33497
4738,33498
4738,33499
4738,33500
4738,33501
4738,33502
4738,33503
4738,33504
4738,33505
4738,33506
4738,33507
4738,33508
4738,33509
4738,33510
4738,33511
4738,33512
4738,33513
4738,33514
4738,33515
4738,33516
4738,33517
4738,33518
4738,33519
4738,33520
4738,33521
4738,33522
4738,33523
4738,33524
4738,33525
4738,33526
4738,33527
4738,33528
4738,33529
4738,33530
4738,33531
4738,33532
4738,33533
4738,33534
4738,33535
4738,33536
4738,33537
4739,33320
4739,33321
4739,33322
4739,33323
4739,33324
4739,33325
4739,33326
4739,33327
4739,33328
4739,33329
4739,33330
4739,33331
4739,33332
4739,33333
4739,33334
4739,33335
4739,33336
4739,33337
4739,33338
4739,33339
4739,33340
4739,33341
4739,33342
4739,33343
4739,33344
4739,33345
4739,33346
4739,33347
4739,33348
4739,33349
4739,33350
4739,33351
4739,33352
4739,33353
4739,33354
4739,33355
4739,33356
4739,33357
4739,33358
4739,33359
4739,33360
4739,33361
4739,33362
4739,33363
4739,33364
4739,33365
4739,33366
4739,33367
4739,33368
4739,33369
4739,33370
4739,33371
4739,33372
4739,33373
4739,33374
4739,33375
4739,33376
4739,33377
4739,33378
4739,33379
4739,33380
4739,33381
4739,33382
4739,33383
4739,33384
4739,33385
4739,33386
4739,33387
4739,33388
4739,33389
4739,33390
4739,33391
4739,33392
4739,33393
4739,33394
4739,33395
4739,33396
4739,33397
4739,33398
4739,33399
4739,33400
4739,33401
4739,33402
4739,33403
4739,33404
4739,33405
4739,33406
4739,33407
4739,33408
4739,33409
4739,33410
4739,33411
4739,33412
4739,33413
4739,33414
4739,33415
4739,33416
4739,33417
4739,33418
4739,33419
4739,33420
4739,33421
4739,33422
4739,33423
4739,33424
4739,33425
4739,33426
4739,33427
4739,33428
4739,33429
4739,33430
4739,33431
4739,33432
4739,33433
4739,33434
4739,33435
4739,33436
4739,33437
4739,33438
4739,33439
4739,33440
4739,33441
4739,33442
4739,33443
4739,33444
4739,33445
4739,33446
4739,33447
4739,33448
4739,33449
4739,33450
4739,33451
4739,33452
4739,33453
4739,33454
4739,33455
4739,33456
4739,33457
4739,33458
4739,33459
4739,33460
4739,33461
4739,33462
4739,33463
4739,33464
4739,33465
4739,33466
4739,33467
4739,33468
4739,33469
4739,33470
4739,33471
4739,33472
4739,33473
4739,33474
4739,33475
4739,33476
4739,33477
4739,33478
4739,33479
4739,33480
4739,33481
4739,33482
4739,33483
4739,33484
4739,33485
4739,33486
4739,33487
4739,33488
4739,33489
4739,33490
4739,33491
4739,33492
4739,33493
4739,33494
4739,33495
4739,33496
4739,33497
4739,33498
4739,33499
4739,33500
4739,33501
4739,33502
4739,33503
4739,33504
4739,33505
4739,33506
4739,33507
4739,33508
4739,33509
4739,33510
4739,33511
4739,33512
4739,33513
4739,33514
4739,33515
4739,33516
4739,33517
4739,33518
4739,33519
4739,33520
4739,33521
4739,33522
4739,33523
4739,33524
4739,33525
4739,33526
4739,33527
4739,33528
4739,33529
4739,33530
4739,33531
4739,33532
4739,33533
4739,33534
4739,33535
4739,33536
4739,33537
4740,33319
4740,33320
4740,33321
4740,33322
4740,33323
4740,33324
4740,33325
4740,33326
4740,33327
4740,33328
4740,33329
4740,33330
4740,33331
4740,33332
4740,33333
4740,33334
4740,33335
4740,33336
4740,33337
4740,33338
4740,33339
4740,33340
4740,33341
4740,33342
4740,33343
4740,33344
4740,33345
4740,33346
4740,33347
4740,33348
4740,33349
4740,33350
4740,33351
4740,33352
4740,33353
4740,33354
4740,33355
4740,33356
4740,33357
4740,33358
4740,33359
4740,33360
4740,33361
4740,33362
4740,33363
4740,33364
4740,33365
4740,33366
4740,33367
4740,33368
4740,33369
4740,33370
4740,33371
4740,33372
4740,33373
4740,33374
4740,33375
4740,33376
4740,33377
4740,33378
4740,33379
4740,33380
4740,33381
4740,33382
4740,33383
4740,33384
4740,33385
4740,33386
4740,33387
4740,33388
4740,33389
4740,33390
4740,33391
4740,33392
4740,33393
4740,33394
4740,33395
4740,33396
4740,33397
4740,33398
4740,33399
4740,33400
4740,33401
4740,33402
4740,33403
4740,33404
4740,33405
4740,33406
4740,33407
4740,33408
4740,33409
4740,33410
4740,33411
4740,33412
4740,33413
4740,33414
4740,33415
4740,33416
4740,33417
4740,33418
4740,33419
4740,33420
4740,33421
4740,33422
4740,33423
4740,33424
4740,33425
4740,33426
4740,33427
4740,33428
4740,33429
4740,33430
4740,33431
4740,33432
4740,33433
4740,33434
4740,33435
4740,33436
4740,33437
4740,33438
4740,33439
4740,33440
4740,33441
4740,33442
4740,33443
4740,33444
4740,33445
4740,33446
4740,33447
4740,33448
4740,33449
4740,33450
4740,33451
4740,33452
4740,33453
4740,33454
4740,33455
4740,33456
4740,33457
4740,33458
4740,33459
4740,33460
4740,33461
4740,33462
4740,33463
4740,33464
4740,33465
4740,33466
4740,33467
4740,33468
4740,33469
4740,33470
4740,33471
4740,33472
4740,33473
4740,33474
4740,33475
4740,33476
4740,33477
4740,33478
4740,33479
4740,33480
4740,33481
4740,33482
4740,33483
4740,33484
4740,33485
4740,33486
4740,33487
4740,33488
4740,33489
4740,33490
4740,33491
4740,33492
4740,33493
4740,33494
4740,33495
4740,33496
4740,33497
4740,33498
4740,33499
4740,33500
4740,33501
4740,33502
4740,33503
4740,33504
4740,33505
4740,33506
4740,33507
4740,33508
4740,33509
4740,33510
4740,33511
4740,33512
4740,33513
4740,33514
4740,33515
4740,33516
4740,33517
4740,33518
4740,33519
4740,33520
4740,33521
4740,33522
4740,33523
4740,33524
4740,33525
4740,33526
4740,33527
4740,33528
4740,33529
4740,33530
4740,33531
4740,33532
4740,33533
4740,33534
4740,33535
4740,33536
4740,33537
4741,33319
4741,33320
4741,33321
4741,33322
4741,33323
4741,33324
4741,33325
4741,33326
4741,33327
4741,33328
4741,33329
4741,33330
4741,33331
4741,33332
4741,33333
4741,33334
4741,33335
4741,33336
4741,33337
4741,33338
4741,33339
4741,33340
4741,33341
4741,33342
4741,33343
4741,33344
4741,33345
4741,33346
4741,33347
4741,33348
4741,33349
4741,33350
4741,33351
4741,33352
4741,33353
4741,33354
4741,33355
4741,33356
4741,33357
4741,33358
4741,33359
4741,33360
4741,33361
4741,33362
4741,33363
4741,33364
4741,33365
4741,33366
4741,33367
4741,33368
4741,33369
4741,33370
4741,33371
4741,33372
4741,33373
4741,33374
4741,33375
4741,33376
4741,33377
4741,33378
4741,33379
4741,33380
4741,33381
4741,33382
4741,33383
4741,33384
4741,33385
4741,33386
4741,33387
4741,33388
4741,33389
4741,33390
4741,33391
4741,33392
4741,33393
4741,33394
4741,33395
4741,33396
4741,33397
4741,33398
4741,33399
4741,33400
4741,33401
4741,33402
4741,33403
4741,33404
4741,33405
4741,33406
4741,33407
4741,33408
4741,33409
4741,33410
4741,33411
4741,33412
4741,33413
4741,33414
4741,33415
4741,33416
4741,33417
4741,33418
4741,33419
4741,33420
4741,33421
4741,33422
4741,33423
4741,33424
4741,33425
4741,33426
4741,33427
4741,33428
4741,33429
4741,33430
4741,33431
4741,33432
4741,33433
4741,33434
4741,33435
4741,33436
4741,33437
4741,33438
4741,33439
4741,33440
4741,33441
4741,33442
4741,33443
4741,33444
4741,33445
4741,33446
4741,33447
4741,33448
4741,33449
4741,33450
4741,33451
4741,33452
4741,33453
4741,33454
4741,33455
4741,33456
4741,33457
4741,33458
4741,33459
4741,33460
4741,33461
4741,33462
4741,33463
4741,33464
4741,33465
4741,33466
4741,33467
4741,33468
4741,33469
4741,33470
4741,33471
4741,33472
4741,33473
4741,33474
4741,33475
4741,33476
4741,33477
4741,33478
4741,33479
4741,33480
4741,33481
4741,33482
4741,33483
4741,33484
4741,33485
4741,33486
4741,33487
4741,33488
4741,33489
4741,33490
4741,33491
4741,33492
4741,33493
4741,33494
4741,33495
4741,33496
4741,33497
4741,33498
4741,33499
4741,33500
4741,33501
4741,33502
4741,33503
4741,33504
4741,33505
4741,33506
4741,33507
4741,33508
4741,33509
4741,33510
4741,33511
4741,33512
4741,33513
4741,33514
4741,33515
4741,33516
4741,33517
4741,33518
4741,33519
4741,33520
4741,33521
4741,33522
4741,33523
4741,33524
4741,33525
4741,33526
4741,33527
4741,33528
4741,33529
4741,33530
4741,33531
4741,33532
4741,33533
4741,33534
4741,33535
4741,33536
4741,33588
4741,33589
4742,33319
4742,33320
4742,33321
4742,33322
4742,33323
4742,33324
4742,33325
4742,33326
4742,33327
4742,33328
4742,33329
4742,33330
4742,33331
4742,33332
4742,33333
4742,33334
4742,33335
4742,33336
4742,33337
4742,33338
4742,33339
4742,33340
4742,33341
4742,33342
4742,33343
4742,33344
4742,33345
4742,33346
4742,33347
4742,33348
4742,33349
4742,33350
4742,33351
4742,33352
4742,33353
4742,33354
4742,33355
4742,33356
4742,33357
4742,33358
4742,33359
4742,33360
4742,33361
4742,33362
4742,33363
4742,33364
4742,33365
4742,33366
4742,33367
4742,33368
4742,33369
4742,33370
4742,33371
4742,33372
4742,33373
4742,33374
4742,33375
4742,33376
4742,33377
4742,33378
4742,33379
4742,33380
4742,33381
4742,33382
4742,33383
4742,33384
4742,33385
4742,33386
4742,33387
4742,33388
4742,33389
4742,33390
4742,33391
4742,33392
4742,33393
4742,33394
4742,33395
4742,33396
4742,33397
4742,33398
4742,33399
4742,33400
4742,33401
4742,33402
4742,33403
4742,33404
4742,33405
4742,33406
4742,33407
4742,33408
4742,33409
4742,33410
4742,33411
4742,33412
4742,33413
4742,33414
4742,33415
4742,33416
4742,33417
4742,33418
4742,33419
4742,33420
4742,33421
4742,33422
4742,33423
4742,33424
4742,33425
4742,33426
4742,33427
4742,33428
4742,33429
4742,33430
4742,33431
4742,33432
4742,33433
4742,33434
4742,33435
4742,33436
4742,33437
4742,33438
4742,33439
4742,33440
4742,33441
4742,33442
4742,33443
4742,33444
4742,33445
4742,33446
4742,33447
4742,33448
4742,33449
4742,33450
4742,33451
4742,33452
4742,33453
4742,33454
4742,33455
4742,33456
4742,33457
4742,33458
4742,33459
4742,33460
4742,33461
4742,33462
4742,33463
4742,33464
4742,33465
4742,33466
4742,33467
4742,33468
4742,33469
4742,33470
4742,33471
4742,33472
4742,33473
4742,33474
4742,33475
4742,33476
4742,33477
4742,33478
4742,33479
4742,33480
4742,33481
4742,33482
4742,33483
4742,33484
4742,33485
4742,33486
4742,33487
4742,33488
4742,33489
4742,33490
4742,33491
4742,33492
4742,33493
4742,33494
4742,33495
4742,33496
4742,33497
4742,33498
4742,33499
4742,33500
4742,33501
4742,33502
4742,33503
4742,33504
4742,33505
4742,33506
4742,33507
4742,33508
4742,33509
4742,33510
4742,33511
4742,33512
4742,33513
4742,33514
4742,33515
4742,33516
4742,33517
4742,33518
4742,33519
4742,33520
4742,33521
4742,33522
4742,33523
4742,33524
4742,33525
4742,33526
4742,33527
4742,33528
4742,33529
4742,33530
4742,33531
4742,33532
4742,33533
4742,33534
4742,33535
4742,33536
4742,33585
4742,33586
4742,33587
4742,33588
4742,33589
4742,33590
4742,33591
4742,33592
4742,33593
4742,33594
4742,33595
4742,33596
4743,33318
4743,33319
4743,33320
4743,33321
4743,33322
4743,33323
4743,33324
4743,33325
4743,33326
4743,33327
4743,33328
4743,33329
4743,33330
4743,33331
4743,33332
4743,33333
4743,33334
4743,33335
4743,33336
4743,33337
4743,33338
4743,33339
4743,33340
4743,33341
4743,33342
4743,33343
4743,33344
4743,33345
4743,33346
4743,33347
4743,33348
4743,33349
4743,33350
4743,33351
4743,33352
4743,33353
4743,33354
4743,33355
4743,33356
4743,33357
4743,33358
4743,33359
4743,33360
4743,33361
4743,33362
4743,33363
4743,33364
4743,33365
4743,33366
4743,33367
4743,33368
4743,33369
4743,33370
4743,33371
4743,33372
4743,33373
4743,33374
4743,33375
4743,33376
4743,33377
4743,33378
4743,33379
4743,33380
4743,33381
4743,33382
4743,33383
4743,33384
4743,33385
4743,33386
4743,33387
4743,33388
4743,33389
4743,33390
4743,33391
4743,33392
4743,33393
4743,33394
4743,33395
4743,33396
4743,33397
4743,33398
4743,33399
4743,33400
4743,33401
4743,33402
4743,33403
4743,33404
4743,33405
4743,33406
4743,33407
4743,33408
4743,33409
4743,33410
4743,33411
4743,33412
4743,33413
4743,33414
4743,33415
4743,33416
4743,33417
4743,33418
4743,33419
4743,33420
4743,33421
4743,33422
4743,33423
4743,33424
4743,33425
4743,33426
4743,33427
4743,33428
4743,33429
4743,33430
4743,33431
4743,33432
4743,33433
4743,33434
4743,33435
4743,33436
4743,33437
4743,33438
4743,33439
4743,33440
4743,33441
4743,33442
4743,33443
4743,33444
4743,33445
4743,33446
4743,33447
4743,33448
4743,33449
4743,33450
4743,33451
4743,33452
4743,33453
4743,33454
4743,33455
4743,33456
4743,33457
4743,33458
4743,33459
4743,33460
4743,33461
4743,33462
4743,33463
4743,33464
4743,33465
4743,33466
4743,33467
4743,33468
4743,33469
4743,33470
4743,33471
4743,33472
4743,33473
4743,33474
4743,33475
4743,33476
4743,33477
4743,33478
4743,33479
4743,33480
4743,33481
4743,33482
4743,33483
4743,33484
4743,33485
4743,33486
4743,33487
4743,33488
4743,33489
4743,33490
4743,33491
4743,33492
4743,33493
4743,33494
4743,33495
4743,33496
4743,33497
4743,33498
4743,33499
4743,33500
4743,33501
4743,33502
4743,33503
4743,33504
4743,33505
4743,33506
4743,33507
4743,33508
4743,33509
4743,33510
4743,33511
4743,33512
4743,33513
4743,33514
4743,33515
4743,33516
4743,33517
4743,33518
4743,33519
4743,33520
4743,33521
4743,33522
4743,33523
4743,33524
4743,33525
4743,33526
4743,33527
4743,33528
4743,33529
4743,33530
4743,33531
4743,33532
4743,33533
4743,33534
4743,33535
4743,33536
4743,33584
4743,33585
4743,33586
4743,33587
4743,33588
4743,33589
4743,33590
4743,33591
4743,33592
4743,33593
4743,33594
4743,33595
4743,33596
4743,33597
4743,33598
4743,33599
4744,33318
4744,33319
4744,33320
4744,33321
4744,33322
4744,33323
4744,33324
4744,33325
4744,33326
4744,33327
4744,33328
4744,33329
4744,33330
4744,33331
4744,33332
4744,33333
4744,33334
4744,33335
4744,33336
4744,33337
4744,33338
4744,33339
4744,33340
4744,33341
4744,33342
4744,33343
4744,33344
4744,33345
4744,33346
4744,33347
4744,33348
4744,33349
4744,33350
4744,33351
4744,33352
4744,33353
4744,33354
4744,33355
4744,33356
4744,33357
4744,33358
4744,33359
4744,33360
4744,33361
4744,33362
4744,33363
4744,33364
4744,33365
4744,33366
4744,33367
4744,33368
4744,33369
4744,33370
4744,33371
4744,33372
4744,33373
4744,33374
4744,33375
4744,33376
4744,33377
4744,33378
4744,33379
4744,33380
4744,33381
4744,33382
4744,33383
4744,33384
4744,33385
4744,33386
4744,33387
4744,33388
4744,33389
4744,33390
4744,33391
4744,33392
4744,33393
4744,33394
4744,33395
4744,33396
4744,33397
4744,33398
4744,33399
4744,33400
4744,33401
4744,33402
4744,33403
4744,33404
4744,33405
4744,33406
4744,33407
4744,33408
4744,33409
4744,33410
4744,33411
4744,33412
4744,33413
4744,33414
4744,33415
4744,33416
4744,33417
4744,33418
4744,33419
4744,33420
4744,33421
4744,33422
4744,33423
4744,33424
4744,33425
4744,33426
4744,33427
4744,33428
4744,33429
4744,33430
4744,33431
4744,33432
4744,33433
4744,33434
4744,33435
4744,33436
4744,33437
4744,33438
4744,33439
4744,33440
4744,33441
4744,33442
4744,33443
4744,33444
4744,33445
4744,33446
4744,33447
4744,33448
4744,33449
4744,33450
4744,33451
4744,33452
4744,33453
4744,33454
4744,33455
4744,33456
4744,33457
4744,33458
4744,33459
4744,33460
4744,33461
4744,33462
4744,33463
4744,33464
4744,33465
4744,33466
4744,33467
4744,33468
4744,33469
4744,33470
4744,33471
4744,33472
4744,33473
4744,33474
4744,33475
4744,33476
4744,33477
4744,33478
4744,33479
4744,33480
4744,33481
4744,33482
4744,33483
4744,33484
4744,33485
4744,33486
4744,33487
4744,33488
4744,33489
4744,33490
4744,33491
4744,33492
4744,33493
4744,33494
4744,33495
4744,33496
4744,33497
4744,33498
4744,33499
4744,33500
4744,33501
4744,33502
4744,33503
4744,33504
4744,33505
4744,33506
4744,33507
4744,33508
4744,33509
4744,33510
4744,33511
4744,33512
4744,33513
4744,33514
4744,33515
4744,33516
4744,33517
4744,33518
4744,33519
4744,33520
4744,33521
4744,33522
4744,33523
4744,33524
4744,33525
4744,33526
4744,33527
4744,33528
4744,33529
4744,33530
4744,33531
4744,33532
4744,33533
4744,33534
4744,33535
4744,33583
4744,33584
4744,33585
4744,33586
4744,33587
4744,33588
4744,33589
4744,33590
4744,33591
4744,33592
4744,33593
4744,33594
4744,33595
4744,33596
4744,33597
4744,33598
4744,33599
4744,33600
4745,33318
4745,33319
4745,33320
4745,33321
4745,33322
4745,33323
4745,33324
4745,33325
4745,33326
4745,33327
4745,33328
4745,33329
4745,33330
4745,33331
4745,33332
4745,33333
4745,33334
4745,33335
4745,33336
4745,33337
4745,33338
4745,33339
4745,33340
4745,33341
4745,33342
4745,33343
4745,33344
4745,33345
4745,33346
4745,33347
4745,33348
4745,33349
4745,33350
4745,33351
4745,33352
4745,33353
4745,33354
4745,33355
4745,33356
4745,33357
4745,33358
4745,33359
4745,33360
4745,33361
4745,33362
4745,33363
4745,33364
4745,33365
4745,33366
4745,33367
4745,33368
4745,33369
4745,33370
4745,33371
4745,33372
4745,33373
4745,33374
4745,33375
4745,33376
4745,33377
4745,33378
4745,33379
4745,33380
4745,33381
4745,33382
4745,33383
4745,33384
4745,33385
4745,33386
4745,33387
4745,33388
4745,33389
4745,33390
4745,33391
4745,33392
4745,33393
4745,33394
4745,33395
4745,33396
4745,33397
4745,33398
4745,33399
4745,33400
4745,33401
4745,33402
4745,33403
4745,33404
4745,33405
4745,33406
4745,33407
4745,33408
4745,33409
4745,33410
4745,33411
4745,33412
4745,33413
4745,33414
4745,33415
4745,33416
4745,33417
4745,33418
4745,33419
4745,33420
4745,33421
4745,33422
4745,33423
4745,33424
4745,33425
4745,33426
4745,33427
4745,33428
4745,33429
4745,33430
4745,33431
4745,33432
4745,33433
4745,33434
4745,33435
4745,33436
4745,33437
4745,33438
4745,33439
4745,33440
4745,33441
4745,33442
4745,33443
4745,33444
4745,33445
4745,33446
4745,33447
4745,33448
4745,33449
4745,33450
4745,33451
4745,33452
4745,33453
4745,33454
4745,33455
4745,33456
4745,33457
4745,33458
4745,33459
4745,33460
4745,33461
4745,33462
4745,33463
4745,33464
4745,33465
4745,33466
4745,33467
4745,33468
4745,33469
4745,33470
4745,33471
4745,33472
4745,33473
4745,33474
4745,33475
4745,33476
4745,33477
4745,33478
4745,33479
4745,33480
4745,33481
4745,33482
4745,33483
4745,33484
4745,33485
4745,33486
4745,33487
4745,33488
4745,33489
4745,33490
4745,33491
4745,33492
4745,33493
4745,33494
4745,33495
4745,33496
4745,33497
4745,33498
4745,33499
4745,33500
4745,33501
4745,33502
4745,33503
4745,33504
4745,33505
4745,33506
4745,33507
4745,33508
4745,33509
4745,33510
4745,33511
4745,33512
4745,33513
4745,33514
4745,33515
4745,33516
4745,33517
4745,33518
4745,33519
4745,33520
4745,33521
4745,33522
4745,33523
4745,33524
4745,33525
4745,33526
4745,33527
4745,33528
4745,33529
4745,33530
4745,33531
4745,33532
4745,33533
4745,33534
4745,33535
4745,33582
4745,33583
4745,33584
4745,33585
4745,33586
4745,33587
4745,33588
4745,33589
4745,33590
4745,33591
4745,33592
4745,33593
4745,33594
4745,33595
4745,33596
4745,33597
4745,33598
4745,33599
4745,33600
4745,33601
4746,33318
4746,33319
4746,33320
4746,33321
4746,33322
4746,33323
4746,33324
4746,33325
4746,33326
4746,33327
4746,33328
4746,33329
4746,33330
4746,33331
4746,33332
4746,33333
4746,33334
4746,33335
4746,33336
4746,33337
4746,33338
4746,33339
4746,33340
4746,33341
4746,33342
4746,33343
4746,33344
4746,33345
4746,33346
4746,33347
4746,33348
4746,33349
4746,33350
4746,33351
4746,33352
4746,33353
4746,33354
4746,33355
4746,33356
4746,33357
4746,33358
4746,33359
4746,33360
4746,33361
4746,33362
4746,33363
4746,33364
4746,33365
4746,33366
4746,33367
4746,33368
4746,33369
4746,33370
4746,33371
4746,33372
4746,33373
4746,33374
4746,33375
4746,33376
4746,33377
4746,33378
4746,33379
4746,33380
4746,33381
4746,33382
4746,33383
4746,33384
4746,33385
4746,33386
4746,33387
4746,33388
4746,33389
4746,33390
4746,33391
4746,33392
4746,33393
4746,33394
4746,33395
4746,33396
4746,33397
4746,33398
4746,33399
4746,33400
4746,33401
4746,33402
4746,33403
4746,33404
4746,33405
4746,33406
4746,33407
4746,33408
4746,33409
4746,33410
4746,33411
4746,33412
4746,33413
4746,33414
4746,33415
4746,33416
4746,33417
4746,33418
4746,33419
4746,33420
4746,33421
4746,33422
4746,33423
4746,33424
4746,33425
4746,33426
4746,33427
4746,33428
4746,33429
4746,33430
4746,33431
4746,33432
4746,33433
4746,33434
4746,33435
4746,33436
4746,33437
4746,33438
4746,33439
4746,33440
4746,33441
4746,33442
4746,33443
4746,33444
4746,33445
4746,33446
4746,33447
4746,33448
4746,33449
4746,33450
4746,33451
4746,33452
4746,33453
4746,33454
4746,33455
4746,33456
4746,33457
4746,33458
4746,33459
4746,33460
4746,33461
4746,33462
4746,33463
4746,33464
4746,33465
4746,33466
4746,33467
4746,33468
4746,33469
4746,33470
4746,33471
4746,33472
4746,33473
4746,33474
4746,33475
4746,33476
4746,33477
4746,33478
4746,33479
4746,33480
4746,33481
4746,33482
4746,33483
4746,33484
4746,33485
4746,33486
4746,33487
4746,33488
4746,33489
4746,33490
4746,33491
4746,33492
4746,33493
4746,33494
4746,33495
4746,33496
4746,33497
4746,33498
4746,33499
4746,33500
4746,33501
4746,33502
4746,33503
4746,33504
4746,33505
4746,33506
4746,33507
4746,33508
4746,33509
4746,33510
4746,33511
4746,33512
4746,33513
4746,33514
4746,33515
4746,33516
4746,33517
4746,33518
4746,33519
4746,33520
4746,33521
4746,33522
4746,33523
4746,33524
4746,33525
4746,33526
4746,33527
4746,33528
4746,33529
4746,33530
4746,33531
4746,33532
4746,33533
4746,33534
4746,33581
4746,33582
4746,33583
4746,33584
4746,33585
4746,33586
4746,33587
4746,33588
4746,33589
4746,33590
4746,33591
4746,33592
4746,33593
4746,33594
4746,33595
4746,33596
4746,33597
4746,33598
4746,33599
4746,33600
4746,33601
4746,33602
4746,33603
4747,33318
4747,33319
4747,33320
4747,33321
4747,33322
4747,33323
4747,33324
4747,33325
4747,33326
4747,33327
4747,33328
4747,33329
4747,33330
4747,33331
4747,33332
4747,33333
4747,33334
4747,33335
4747,33336
4747,33337
4747,33338
4747,33339
4747,33340
4747,33341
4747,33342
4747,33343
4747,33344
4747,33345
4747,33346
4747,33347
4747,33348
4747,33349
4747,33350
4747,33351
4747,33352
4747,33353
4747,33354
4747,33355
4747,33356
4747,33357
4747,33358
4747,33359
4747,33360
4747,33361
4747,33362
4747,33363
4747,33364
4747,33365
4747,33366
4747,33367
4747,33368
4747,33369
4747,33370
4747,33371
4747,33372
4747,33373
4747,33374
4747,33375
4747,33376
4747,33377
4747,33378
4747,33379
4747,33380
4747,33381
4747,33382
4747,33383
4747,33384
4747,33385
4747,33386
4747,33387
4747,33388
4747,33389
4747,33390
4747,33391
4747,33392
4747,33393
4747,33394
4747,33395
4747,33396
4747,33397
4747,33398
4747,33399
4747,33400
4747,33401
4747,33402
4747,33403
4747,33404
4747,33405
4747,33406
4747,33407
4747,33408
4747,33409
4747,33410
4747,33411
4747,33412
4747,33413
4747,33414
4747,33415
4747,33416
4747,33417
4747,33418
4747,33419
4747,33420
4747,33421
4747,33422
4747,33423
4747,33424
4747,33425
4747,33426
4747,33427
4747,33428
4747,33429
4747,33430
4747,33431
4747,33432
4747,33433
4747,33434
4747,33435
4747,33436
4747,33437
4747,33438
4747,33439
4747,33440
4747,33441
4747,33442
4747,33443
4747,33444
4747,33445
4747,33446
4747,33447
4747,33448
4747,33449
4747,33450
4747,33451
4747,33452
4747,33453
4747,33454
4747,33455
4747,33456
4747,33457
4747,33458
4747,33459
4747,33460
4747,33461
4747,33462
4747,33463
4747,33464
4747,33465
4747,33466
4747,33467
4747,33468
4747,33469
4747,33470
4747,33471
4747,33472
4747,33473
4747,33474
4747,33475
4747,33476
4747,33477
4747,33478
4747,33479
4747,33480
4747,33481
4747,33482
4747,33483
4747,33484
4747,33485
4747,33486
4747,33487
4747,33488
4747,33489
4747,33490
4747,33491
4747,33492
4747,33493
4747,33494
4747,33495
4747,33496
4747,33497
4747,33498
4747,33499
4747,33500
4747,33501
4747,33502
4747,33503
4747,33504
4747,33505
4747,33506
4747,33507
4747,33508
4747,33509
4747,33510
4747,33511
4747,33512
4747,33513
4747,33514
4747,33515
4747,33516
4747,33517
4747,33518
4747,33519
4747,33520
4747,33521
4747,33522
4747,33523
4747,33524
4747,33525
4747,33526
4747,33527
4747,33528
4747,33529
4747,33530
4747,33531
4747,33532
4747,33533
4747,33534
4747,33579
4747,33580
4747,33581
4747,33582
4747,33583
4747,33584
4747,33585
4747,33586
4747,33587
4747,33588
4747,33589
4747,33590
4747,33591
4747,33592
4747,33593
4747,33594
4747,33595
4747,33596
4747,33597
4747,33598
4747,33599
4747,33600
4747,33601
4747,33602
4747,33603
4747,33604
4747,33605
4748,33318
4748,33319
4748,33320
4748,33321
4748,33322
4748,33323
4748,33324
4748,33325
4748,33326
4748,33327
4748,33328
4748,33329
4748,33330
4748,33331
4748,33332
4748,33333
4748,33334
4748,33335
4748,33336
4748,33337
4748,33338
4748,33339
4748,33340
4748,33341
4748,33342
4748,33343
4748,33344
4748,33345
4748,33346
4748,33347
4748,33348
4748,33349
4748,33350
4748,33351
4748,33352
4748,33353
4748,33354
4748,33355
4748,33356
4748,33357
4748,33358
4748,33359
4748,33360
4748,33361
4748,33362
4748,33363
4748,33364
4748,33365
4748,33366
4748,33367
4748,33368
4748,33369
4748,33370
4748,33371
4748,33372
4748,33373
4748,33374
4748,33375
4748,33376
4748,33377
4748,33378
4748,33379
4748,33380
4748,33381
4748,33382
4748,33383
4748,33384
4748,33385
4748,33386
4748,33387
4748,33388
4748,33389
4748,33390
4748,33391
4748,33392
4748,33393
4748,33394
4748,33395
4748,33396
4748,33397
4748,33398
4748,33399
4748,33400
4748,33401
4748,33402
4748,33403
4748,33404
4748,33405
4748,33406
4748,33407
4748,33408
4748,33409
4748,33410
4748,33411
4748,33412
4748,33413
4748,33414
4748,33415
4748,33416
4748,33417
4748,33418
4748,33419
4748,33420
4748,33421
4748,33422
4748,33423
4748,33424
4748,33425
4748,33426
4748,33427
4748,33428
4748,33429
4748,33430
4748,33431
4748,33432
4748,33433
4748,33434
4748,33435
4748,33436
4748,33437
4748,33438
4748,33439
4748,33440
4748,33441
4748,33442
4748,33443
4748,33444
4748,33445
4748,33446
4748,33447
4748,33448
4748,33449
4748,33450
4748,33451
4748,33452
4748,33453
4748,33454
4748,33455
4748,33456
4748,33457
4748,33458
4748,33459
4748,33460
4748,33461
4748,33462
4748,33463
4748,33464
4748,33465
4748,33466
4748,33467
4748,33468
4748,33469
4748,33470
4748,33471
4748,33472
4748,33473
4748,33474
4748,33475
4748,33476
4748,33477
4748,33478
4748,33479
4748,33480
4748,33481
4748,33482
4748,33483
4748,33484
4748,33485
4748,33486
4748,33487
4748,33488
4748,33489
4748,33490
4748,33491
4748,33492
4748,33493
4748,33494
4748,33495
4748,33496
4748,33497
4748,33498
4748,33499
4748,33500
4748,33501
4748,33502
4748,33503
4748,33504
4748,33505
4748,33506
4748,33507
4748,33508
4748,33509
4748,33510
4748,33511
4748,33512
4748,33513
4748,33514
4748,33515
4748,33516
4748,33517
4748,33518
4748,33519
4748,33520
4748,33521
4748,33522
4748,33523
4748,33524
4748,33525
4748,33526
4748,33527
4748,33528
4748,33529
4748,33530
4748,33531
4748,33532
4748,33533
4748,33576
4748,33577
4748,33578
4748,33579
4748,33580
4748,33581
4748,33582
4748,33583
4748,33584
4748,33585
4748,33586
4748,33587
4748,33588
4748,33589
4748,33590
4748,33591
4748,33592
4748,33593
4748,33594
4748,33595
4748,33596
4748,33597
4748,33598
4748,33599
4748,33600
4748,33601
4748,33602
4748,33603
4748,33604
4748,33605
4748,33606
4749,33318
4749,33319
4749,33320
4749,33321
4749,33322
4749,33323
4749,33324
4749,33325
4749,33326
4749,33327
4749,33328
4749,33329
4749,33330
4749,33331
4749,33332
4749,33333
4749,33334
4749,33335
4749,33336
4749,33337
4749,33338
4749,33339
4749,33340
4749,33341
4749,33342
4749,33343
4749,33344
4749,33345
4749,33346
4749,33347
4749,33348
4749,33349
4749,33350
4749,33351
4749,33352
4749,33353
4749,33354
4749,33355
4749,33356
4749,33357
4749,33358
4749,33359
4749,33360
4749,33361
4749,33362
4749,33363
4749,33364
4749,33365
4749,33366
4749,33367
4749,33368
4749,33369
4749,33370
4749,33371
4749,33372
4749,33373
4749,33374
4749,33375
4749,33376
4749,33377
4749,33378
4749,33379
4749,33380
4749,33381
4749,33382
4749,33383
4749,33384
4749,33385
4749,33386
4749,33387
4749,33388
4749,33389
4749,33390
4749,33391
4749,33392
4749,33393
4749,33394
4749,33395
4749,33396
4749,33397
4749,33398
4749,33399
4749,33400
4749,33401
4749,33402
4749,33403
4749,33404
4749,33405
4749,33406
4749,33407
4749,33408
4749,33409
4749,33410
4749,33411
4749,33412
4749,33413
4749,33414
4749,33415
4749,33416
4749,33417
4749,33418
4749,33419
4749,33420
4749,33421
4749,33422
4749,33423
4749,33424
4749,33425
4749,33426
4749,33427
4749,33428
4749,33429
4749,33430
4749,33431
4749,33432
4749,33433
4749,33434
4749,33435
4749,33436
4749,33437
4749,33438
4749,33439
4749,33440
4749,33441
4749,33442
4749,33443
4749,33444
4749,33445
4749,33446
4749,33447
4749,33448
4749,33449
4749,33450
4749,33451
4749,33452
4749,33453
4749,33454
4749,33455
4749,33456
4749,33457
4749,33458
4749,33459
4749,33460
4749,33461
4749,33462
4749,33463
4749,33464
4749,33465
4749,33466
4749,33467
4749,33468
4749,33469
4749,33470
4749,33471
4749,33472
4749,33473
4749,33474
4749,33475
4749,33476
4749,33477
4749,33478
4749,33479
4749,33480
4749,33481
4749,33482
4749,33483
4749,33484
4749,33485
4749,33486
4749,33487
4749,33488
4749,33489
4749,33490
4749,33491
4749,33492
4749,33493
4749,33494
4749,33495
4749,33496
4749,33497
4749,33498
4749,33499
4749,33500
4749,33501
4749,33502
4749,33503
4749,33504
4749,33505
4749,33506
4749,33507
4749,33508
4749,33509
4749,33510
4749,33511
4749,33512
4749,33513
4749,33514
4749,33515
4749,33516
4749,33517
4749,33518
4749,33519
4749,33520
4749,33521
4749,33522
4749,33523
4749,33524
4749,33525
4749,33526
4749,33527
4749,33528
4749,33529
4749,33530
4749,33531
4749,33532
4749,33533
4749,33573
4749,33574
4749,33575
4749,33576
4749,33577
4749,33578
4749,33579
4749,33580
4749,33581
4749,33582
4749,33583
4749,33584
4749,33585
4749,33586
4749,33587
4749,33588
4749,33589
4749,33590
4749,33591
4749,33592
4749,33593
4749,33594
4749,33595
4749,33596
4749,33597
4749,33598
4749,33599
4749,33600
4749,33601
4749,33602
4749,33603
4749,33604
4749,33605
4749,33606
4749,33607
4750,33318
4750,33319
4750,33320
4750,33321
4750,33322
4750,33323
4750,33324
4750,33325
4750,33326
4750,33327
4750,33328
4750,33329
4750,33330
4750,33331
4750,33332
4750,33333
4750,33334
4750,33335
4750,33336
4750,33337
4750,33338
4750,33339
4750,33340
4750,33341
4750,33342
4750,33343
4750,33344
4750,33345
4750,33346
4750,33347
4750,33348
4750,33349
4750,33350
4750,33351
4750,33352
4750,33353
4750,33354
4750,33355
4750,33356
4750,33357
4750,33358
4750,33359
4750,33360
4750,33361
4750,33362
4750,33363
4750,33364
4750,33365
4750,33366
4750,33367
4750,33368
4750,33369
4750,33370
4750,33371
4750,33372
4750,33373
4750,33374
4750,33375
4750,33376
4750,33377
4750,33378
4750,33379
4750,33380
4750,33381
4750,33382
4750,33383
4750,33384
4750,33385
4750,33386
4750,33387
4750,33388
4750,33389
4750,33390
4750,33391
4750,33392
4750,33393
4750,33394
4750,33395
4750,33396
4750,33397
4750,33398
4750,33399
4750,33400
4750,33401
4750,33402
4750,33403
4750,33404
4750,33405
4750,33406
4750,33407
4750,33408
4750,33409
4750,33410
4750,33411
4750,33412
4750,33413
4750,33414
4750,33415
4750,33416
4750,33417
4750,33418
4750,33419
4750,33420
4750,33421
4750,33422
4750,33423
4750,33424
4750,33425
4750,33426
4750,33427
4750,33428
4750,33429
4750,33430
4750,33431
4750,33432
4750,33433
4750,33434
4750,33435
4750,33436
4750,33437
4750,33438
4750,33439
4750,33440
4750,33441
4750,33442
4750,33443
4750,33444
4750,33445
4750,33446
4750,33447
4750,33448
4750,33449
4750,33450
4750,33451
4750,33452
4750,33453
4750,33454
4750,33455
4750,33456
4750,33457
4750,33458
4750,33459
4750,33460
4750,33461
4750,33462
4750,33463
4750,33464
4750,33465
4750,33466
4750,33467
4750,33468
4750,33469
4750,33470
4750,33471
4750,33472
4750,33473
4750,33474
4750,33475
4750,33476
4750,33477
4750,33478
4750,33479
4750,33480
4750,33481
4750,33482
4750,33483
4750,33484
4750,33485
4750,33486
4750,33487
4750,33488
4750,33489
4750,33490
4750,33491
4750,33492
4750,33493
4750,33494
4750,33495
4750,33496
4750,33497
4750,33498
4750,33499
4750,33500
4750,33501
4750,33502
4750,33503
4750,33504
4750,33505
4750,33506
4750,33507
4750,33508
4750,33509
4750,33510
4750,33511
4750,33512
4750,33513
4750,33514
4750,33515
4750,33516
4750,33517
4750,33518
4750,33519
4750,33520
4750,33521
4750,33522
4750,33523
4750,33524
4750,33525
4750,33526
4750,33527
4750,33528
4750,33529
4750,33530
4750,33531
4750,33532
4750,33533
4750,33570
4750,33571
4750,33572
4750,33573
4750,33574
4750,33575
4750,33576
4750,33577
4750,33578
4750,33579
4750,33580
4750,33581
4750,33582
4750,33583
4750,33584
4750,33585
4750,33586
4750,33587
4750,33588
4750,33589
4750,33590
4750,33591
4750,33592
4750,33593
4750,33594
4750,33595
4750,33596
4750,33597
4750,33598
4750,33599
4750,33600
4750,33601
4750,33602
4750,33603
4750,33604
4750,33605
4750,33606
4750,33607
4750,33608
4751,33318
4751,33319
4751,33320
4751,33321
4751,33322
4751,33323
4751,33324
4751,33325
4751,33326
4751,33327
4751,33328
4751,33329
4751,33330
4751,33331
4751,33332
4751,33333
4751,33334
4751,33335
4751,33336
4751,33337
4751,33338
4751,33339
4751,33340
4751,33341
4751,33342
4751,33343
4751,33344
4751,33345
4751,33346
4751,33347
4751,33348
4751,33349
4751,33350
4751,33351
4751,33352
4751,33353
4751,33354
4751,33355
4751,33356
4751,33357
4751,33358
4751,33359
4751,33360
4751,33361
4751,33362
4751,33363
4751,33364
4751,33365
4751,33366
4751,33367
4751,33368
4751,33369
4751,33370
4751,33371
4751,33372
4751,33373
4751,33374
4751,33375
4751,33376
4751,33377
4751,33378
4751,33379
4751,33380
4751,33381
4751,33382
4751,33383
4751,33384
4751,33385
4751,33386
4751,33387
4751,33388
4751,33389
4751,33390
4751,33391
4751,33392
4751,33393
4751,33394
4751,33395
4751,33396
4751,33397
4751,33398
4751,33399
4751,33400
4751,33401
4751,33402
4751,33403
4751,33404
4751,33405
4751,33406
4751,33407
4751,33408
4751,33409
4751,33410
4751,33411
4751,33412
4751,33413
4751,33414
4751,33415
4751,33416
4751,33417
4751,33418
4751,33419
4751,33420
4751,33421
4751,33422
4751,33423
4751,33424
4751,33425
4751,33426
4751,33427
4751,33428
4751,33429
4751,33430
4751,33431
4751,33432
4751,33433
4751,33434
4751,33435
4751,33436
4751,33437
4751,33438
4751,33439
4751,33440
4751,33441
4751,33442
4751,33443
4751,33444
4751,33445
4751,33446
4751,33447
4751,33448
4751,33449
4751,33450
4751,33451
4751,33452
4751,33453
4751,33454
4751,33455
4751,33456
4751,33457
4751,33458
4751,33459
4751,33460
4751,33461
4751,33462
4751,33463
4751,33464
4751,33465
4751,33466
4751,33467
4751,33468
4751,33469
4751,33470
4751,33471
4751,33472
4751,33473
4751,33474
4751,33475
4751,33476
4751,33477
4751,33478
4751,33479
4751,33480
4751,33481
4751,33482
4751,33483
4751,33484
4751,33485
4751,33486
4751,33487
4751,33488
4751,33489
4751,33490
4751,33491
4751,33492
4751,33493
4751,33494
4751,33495
4751,33496
4751,33497
4751,33498
4751,33499
4751,33500
4751,33501
4751,33502
4751,33503
4751,33504
4751,33505
4751,33506
4751,33507
4751,33508
4751,33509
4751,33510
4751,33511
4751,33512
4751,33513
4751,33514
4751,33515
4751,33516
4751,33517
4751,33518
4751,33519
4751,33520
4751,33521
4751,33522
4751,33523
4751,33524
4751,33525
4751,33526
4751,33527
4751,33528
4751,33529
4751,33530
4751,33531
4751,33532
4751,33567
4751,33568
4751,33569
4751,33570
4751,33571
4751,33572
4751,33573
4751,33574
4751,33575
4751,33576
4751,33577
4751,33578
4751,33579
4751,33580
4751,33581
4751,33582
4751,33583
4751,33584
4751,33585
4751,33586
4751,33587
4751,33588
4751,33589
4751,33590
4751,33591
4751,33592
4751,33593
4751,33594
4751,33595
4751,33596
4751,33597
4751,33598
4751,33599
4751,33600
4751,33601
4751,33602
4751,33603
4751,33604
4751,33605
4751,33606
4751,33607
4751,33608
4752,33319
4752,33320
4752,33321
4752,33322
4752,33323
4752,33324
4752,33325
4752,33326
4752,33327
4752,33328
4752,33329
4752,33330
4752,33331
4752,33332
4752,33333
4752,33334
4752,33335
4752,33336
4752,33337
4752,33338
4752,33339
4752,33340
4752,33341
4752,33342
4752,33343
4752,33344
4752,33345
4752,33346
4752,33347
4752,33348
4752,33349
4752,33350
4752,33351
4752,33352
4752,33353
4752,33354
4752,33355
4752,33356
4752,33357
4752,33358
4752,33359
4752,33360
4752,33361
4752,33362
4752,33363
4752,33364
4752,33365
4752,33366
4752,33367
4752,33368
4752,33369
4752,33370
4752,33371
4752,33372
4752,33373
4752,33374
4752,33375
4752,33376
4752,33377
4752,33378
4752,33379
4752,33380
4752,33381
4752,33382
4752,33383
4752,33384
4752,33385
4752,33386
4752,33387
4752,33388
4752,33389
4752,33390
4752,33391
4752,33392
4752,33393
4752,33394
4752,33395
4752,33396
4752,33397
4752,33398
4752,33399
4752,33400
4752,33401
4752,33402
4752,33403
4752,33404
4752,33405
4752,33406
4752,33407
4752,33408
4752,33409
4752,33410
4752,33411
4752,33412
4752,33413
4752,33414
4752,33415
4752,33416
4752,33417
4752,33418
4752,33419
4752,33420
4752,33421
4752,33422
4752,33423
4752,33424
4752,33425
4752,33426
4752,33427
4752,33428
4752,33429
4752,33430
4752,33431
4752,33432
4752,33433
4752,33434
4752,33435
4752,33436
4752,33437
4752,33438
4752,33439
4752,33440
4752,33441
4752,33442
4752,33443
4752,33444
4752,33445
4752,33446
4752,33447
4752,33448
4752,33449
4752,33450
4752,33451
4752,33452
4752,33453
4752,33454
4752,33455
4752,33456
4752,33457
4752,33458
4752,33459
4752,33460
4752,33461
4752,33462
4752,33463
4752,33464
4752,33465
4752,33466
4752,33467
4752,33468
4752,33469
4752,33470
4752,33471
4752,33472
4752,33473
4752,33474
4752,33475
4752,33476
4752,33477
4752,33478
4752,33479
4752,33480
4752,33481
4752,33482
4752,33483
4752,33484
4752,33485
4752,33486
4752,33487
4752,33488
4752,33489
4752,33490
4752,33491
4752,33492
4752,33493
4752,33494
4752,33495
4752,33496
4752,33497
4752,33498
4752,33499
4752,33500
4752,33501
4752,33502
4752,33503
4752,33504
4752,33505
4752,33506
4752,33507
4752,33508
4752,33509
4752,33510
4752,33511
4752,33512
4752,33513
4752,33514
4752,33515
4752,33516
4752,33517
4752,33518
4752,33519
4752,33520
4752,33521
4752,33522
4752,33523
4752,33524
4752,33525
4752,33526
4752,33527
4752,33528
4752,33529
4752,33530
4752,33531
4752,33532
4752,33562
4752,33564
4752,33565
4752,33566
4752,33567
4752,33568
4752,33569
4752,33570
4752,33571
4752,33572
4752,33573
4752,33574
4752,33575
4752,33576
4752,33577
4752,33578
4752,33579
4752,33580
4752,33581
4752,33582
4752,33583
4752,33584
4752,33585
4752,33586
4752,33587
4752,33588
4752,33589
4752,33590
4752,33591
4752,33592
4752,33593
4752,33594
4752,33595
4752,33596
4752,33597
4752,33598
4752,33599
4752,33600
4752,33601
4752,33602
4752,33603
4752,33604
4752,33605
4752,33606
4752,33607
4752,33608
4753,33319
4753,33320
4753,33321
4753,33322
4753,33323
4753,33324
4753,33325
4753,33326
4753,33327
4753,33328
4753,33329
4753,33330
4753,33331
4753,33332
4753,33333
4753,33334
4753,33335
4753,33336
4753,33337
4753,33338
4753,33339
4753,33340
4753,33341
4753,33342
4753,33343
4753,33344
4753,33345
4753,33346
4753,33347
4753,33348
4753,33349
4753,33350
4753,33351
4753,33352
4753,33353
4753,33354
4753,33355
4753,33356
4753,33357
4753,33358
4753,33359
4753,33360
4753,33361
4753,33362
4753,33363
4753,33364
4753,33365
4753,33366
4753,33367
4753,33368
4753,33369
4753,33370
4753,33371
4753,33372
4753,33373
4753,33374
4753,33375
4753,33376
4753,33377
4753,33378
4753,33379
4753,33380
4753,33381
4753,33382
4753,33383
4753,33384
4753,33385
4753,33386
4753,33387
4753,33388
4753,33389
4753,33390
4753,33391
4753,33392
4753,33393
4753,33394
4753,33395
4753,33396
4753,33397
4753,33398
4753,33399
4753,33400
4753,33401
4753,33402
4753,33403
4753,33404
4753,33405
4753,33406
4753,33407
4753,33408
4753,33409
4753,33410
4753,33411
4753,33412
4753,33413
4753,33414
4753,33415
4753,33416
4753,33417
4753,33418
4753,33419
4753,33420
4753,33421
4753,33422
4753,33423
4753,33424
4753,33425
4753,33426
4753,33427
4753,33428
4753,33429
4753,33430
4753,33431
4753,33432
4753,33433
4753,33434
4753,33435
4753,33436
4753,33437
4753,33438
4753,33439
4753,33440
4753,33441
4753,33442
4753,33443
4753,33444
4753,33445
4753,33446
4753,33447
4753,33448
4753,33449
4753,33450
4753,33451
4753,33452
4753,33453
4753,33454
4753,33455
4753,33456
4753,33457
4753,33458
4753,33459
4753,33460
4753,33461
4753,33462
4753,33463
4753,33464
4753,33465
4753,33466
4753,33467
4753,33468
4753,33469
4753,33470
4753,33471
4753,33472
4753,33473
4753,33474
4753,33475
4753,33476
4753,33477
4753,33478
4753,33479
4753,33480
4753,33481
4753,33482
4753,33483
4753,33484
4753,33485
4753,33486
4753,33487
4753,33488
4753,33489
4753,33490
4753,33491
4753,33492
4753,33493
4753,33494
4753,33495
4753,33496
4753,33497
4753,33498
4753,33499
4753,33500
4753,33501
4753,33502
4753,33503
4753,33504
4753,33505
4753,33506
4753,33507
4753,33508
4753,33509
4753,33510
4753,33511
4753,33512
4753,33513
4753,33514
4753,33515
4753,33516
4753,33517
4753,33518
4753,33519
4753,33520
4753,33521
4753,33522
4753,33523
4753,33524
4753,33525
4753,33526
4753,33527
4753,33528
4753,33529
4753,33530
4753,33531
4753,33532
4753,33559
4753,33560
4753,33561
4753,33562
4753,33563
4753,33564
4753,33565
4753,33566
4753,33567
4753,33568
4753,33569
4753,33570
4753,33571
4753,33572
4753,33573
4753,33574
4753,33575
4753,33576
4753,33577
4753,33578
4753,33579
4753,33580
4753,33581
4753,33582
4753,33583
4753,33584
4753,33585
4753,33586
4753,33587
4753,33588
4753,33589
4753,33590
4753,33591
4753,33592
4753,33593
4753,33594
4753,33595
4753,33596
4753,33597
4753,33598
4753,33599
4753,33600
4753,33601
4753,33602
4753,33603
4753,33604
4753,33605
4753,33606
4753,33607
4753,33608
4753,33609
4754,33319
4754,33320
4754,33321
4754,33322
4754,33323
4754,33324
4754,33325
4754,33326
4754,33327
4754,33328
4754,33329
4754,33330
4754,33331
4754,33332
4754,33333
4754,33334
4754,33335
4754,33336
4754,33337
4754,33338
4754,33339
4754,33340
4754,33341
4754,33342
4754,33343
4754,33344
4754,33345
4754,33346
4754,33347
4754,33348
4754,33349
4754,33350
4754,33351
4754,33352
4754,33353
4754,33354
4754,33355
4754,33356
4754,33357
4754,33358
4754,33359
4754,33360
4754,33361
4754,33362
4754,33363
4754,33364
4754,33365
4754,33366
4754,33367
4754,33368
4754,33369
4754,33370
4754,33371
4754,33372
4754,33373
4754,33374
4754,33375
4754,33376
4754,33377
4754,33378
4754,33379
4754,33380
4754,33381
4754,33382
4754,33383
4754,33384
4754,33385
4754,33386
4754,33387
4754,33388
4754,33389
4754,33390
4754,33391
4754,33392
4754,33393
4754,33394
4754,33395
4754,33396
4754,33397
4754,33398
4754,33399
4754,33400
4754,33401
4754,33402
4754,33403
4754,33404
4754,33405
4754,33406
4754,33407
4754,33408
4754,33409
4754,33410
4754,33411
4754,33412
4754,33413
4754,33414
4754,33415
4754,33416
4754,33417
4754,33418
4754,33419
4754,33420
4754,33421
4754,33422
4754,33423
4754,33424
4754,33425
4754,33426
4754,33427
4754,33428
4754,33429
4754,33430
4754,33431
4754,33432
4754,33433
4754,33434
4754,33435
4754,33436
4754,33437
4754,33438
4754,33439
4754,33440
4754,33441
4754,33442
4754,33443
4754,33444
4754,33445
4754,33446
4754,33447
4754,33448
4754,33449
4754,33450
4754,33451
4754,33452
4754,33453
4754,33454
4754,33455
4754,33456
4754,33457
4754,33458
4754,33459
4754,33460
4754,33461
4754,33462
4754,33463
4754,33464
4754,33465
4754,33466
4754,33467
4754,33468
4754,33469
4754,33470
4754,33471
4754,33472
4754,33473
4754,33474
4754,33475
4754,33476
4754,33477
4754,33478
4754,33479
4754,33480
4754,33481
4754,33482
4754,33483
4754,33484
4754,33485
4754,33486
4754,33487
4754,33488
4754,33489
4754,33490
4754,33491
4754,33492
4754,33493
4754,33494
4754,33495
4754,33496
4754,33497
4754,33498
4754,33499
4754,33500
4754,33501
4754,33502
4754,33503
4754,33504
4754,33505
4754,33506
4754,33507
4754,33508
4754,33509
4754,33510
4754,33511
4754,33512
4754,33513
4754,33514
4754,33515
4754,33516
4754,33517
4754,33518
4754,33519
4754,33520
4754,33521
4754,33522
4754,33523
4754,33524
4754,33525
4754,33526
4754,33527
4754,33528
4754,33529
4754,33530
4754,33531
4754,33532
4754,33557
4754,33558
4754,33559
4754,33560
4754,33561
4754,33562
4754,33563
4754,33564
4754,33565
4754,33566
4754,33567
4754,33568
4754,33569
4754,33570
4754,33571
4754,33572
4754,33573
4754,33574
4754,33575
4754,33576
4754,33577
4754,33578
4754,33579
4754,33580
4754,33581
4754,33582
4754,33583
4754,33584
4754,33585
4754,33586
4754,33587
4754,33588
4754,33589
4754,33590
4754,33591
4754,33592
4754,33593
4754,33594
4754,33595
4754,33596
4754,33597
4754,33598
4754,33599
4754,33600
4754,33601
4754,33602
4754,33603
4754,33604
4754,33605
4754,33606
4754,33607
4754,33608
4754,33609
4755,33320
4755,33321
4755,33322
4755,33323
4755,33324
4755,33325
4755,33326
4755,33327
4755,33328
4755,33329
4755,33330
4755,33331
4755,33332
4755,33333
4755,33334
4755,33335
4755,33336
4755,33337
4755,33338
4755,33339
4755,33340
4755,33341
4755,33342
4755,33343
4755,33344
4755,33345
4755,33346
4755,33347
4755,33348
4755,33349
4755,33350
4755,33351
4755,33352
4755,33353
4755,33354
4755,33355
4755,33356
4755,33357
4755,33358
4755,33359
4755,33360
4755,33361
4755,33362
4755,33363
4755,33364
4755,33365
4755,33366
4755,33367
4755,33368
4755,33369
4755,33370
4755,33371
4755,33372
4755,33373
4755,33374
4755,33375
4755,33376
4755,33377
4755,33378
4755,33379
4755,33380
4755,33381
4755,33382
4755,33383
4755,33384
4755,33385
4755,33386
4755,33387
4755,33388
4755,33389
4755,33390
4755,33391
4755,33392
4755,33393
4755,33394
4755,33395
4755,33396
4755,33397
4755,33398
4755,33399
4755,33400
4755,33401
4755,33402
4755,33403
4755,33404
4755,33405
4755,33406
4755,33407
4755,33408
4755,33409
4755,33410
4755,33411
4755,33412
4755,33413
4755,33414
4755,33415
4755,33416
4755,33417
4755,33418
4755,33419
4755,33420
4755,33421
4755,33422
4755,33423
4755,33424
4755,33425
4755,33426
4755,33427
4755,33428
4755,33429
4755,33430
4755,33431
4755,33432
4755,33433
4755,33434
4755,33435
4755,33436
4755,33437
4755,33438
4755,33439
4755,33440
4755,33441
4755,33442
4755,33443
4755,33444
4755,33445
4755,33446
4755,33447
4755,33448
4755,33449
4755,33450
4755,33451
4755,33452
4755,33453
4755,33454
4755,33455
4755,33456
4755,33457
4755,33458
4755,33459
4755,33460
4755,33461
4755,33462
4755,33463
4755,33464
4755,33465
4755,33466
4755,33467
4755,33468
4755,33469
4755,33470
4755,33471
4755,33472
4755,33473
4755,33474
4755,33475
4755,33476
4755,33477
4755,33478
4755,33479
4755,33480
4755,33481
4755,33482
4755,33483
4755,33484
4755,33485
4755,33486
4755,33487
4755,33488
4755,33489
4755,33490
4755,33491
4755,33492
4755,33493
4755,33494
4755,33495
4755,33496
4755,33497
4755,33498
4755,33499
4755,33500
4755,33501
4755,33502
4755,33503
4755,33504
4755,33505
4755,33506
4755,33507
4755,33508
4755,33509
4755,33510
4755,33511
4755,33512
4755,33513
4755,33514
4755,33515
4755,33516
4755,33517
4755,33518
4755,33519
4755,33520
4755,33521
4755,33522
4755,33523
4755,33524
4755,33525
4755,33526
4755,33527
4755,33528
4755,33529
4755,33530
4755,33531
4755,33532
4755,33553
4755,33554
4755,33555
4755,33556
4755,33557
4755,33558
4755,33559
4755,33560
4755,33561
4755,33562
4755,33563
4755,33564
4755,33565
4755,33566
4755,33567
4755,33568
4755,33569
4755,33570
4755,33571
4755,33572
4755,33573
4755,33574
4755,33575
4755,33576
4755,33577
4755,33578
4755,33579
4755,33580
4755,33581
4755,33582
4755,33583
4755,33584
4755,33585
4755,33586
4755,33587
4755,33588
4755,33589
4755,33590
4755,33591
4755,33592
4755,33593
4755,33594
4755,33595
4755,33596
4755,33597
4755,33598
4755,33599
4755,33600
4755,33601
4755,33602
4755,33603
4755,33604
4755,33605
4755,33606
4755,33607
4755,33608
4755,33609
4756,33319
4756,33320
4756,33321
4756,33322
4756,33323
4756,33324
4756,33325
4756,33326
4756,33327
4756,33328
4756,33329
4756,33330
4756,33331
4756,33332
4756,33333
4756,33334
4756,33335
4756,33336
4756,33337
4756,33338
4756,33339
4756,33340
4756,33341
4756,33342
4756,33343
4756,33344
4756,33345
4756,33346
4756,33347
4756,33348
4756,33349
4756,33350
4756,33351
4756,33352
4756,33353
4756,33354
4756,33355
4756,33356
4756,33357
4756,33358
4756,33359
4756,33360
4756,33361
4756,33362
4756,33363
4756,33364
4756,33365
4756,33366
4756,33367
4756,33368
4756,33369
4756,33370
4756,33371
4756,33372
4756,33373
4756,33374
4756,33375
4756,33376
4756,33377
4756,33378
4756,33379
4756,33380
4756,33381
4756,33382
4756,33383
4756,33384
4756,33385
4756,33386
4756,33387
4756,33388
4756,33389
4756,33390
4756,33391
4756,33392
4756,33393
4756,33394
4756,33395
4756,33396
4756,33397
4756,33398
4756,33399
4756,33400
4756,33401
4756,33402
4756,33403
4756,33404
4756,33405
4756,33406
4756,33407
4756,33408
4756,33409
4756,33410
4756,33411
4756,33412
4756,33413
4756,33414
4756,33415
4756,33416
4756,33417
4756,33418
4756,33419
4756,33420
4756,33421
4756,33422
4756,33423
4756,33424
4756,33425
4756,33426
4756,33427
4756,33428
4756,33429
4756,33430
4756,33431
4756,33432
4756,33433
4756,33434
4756,33435
4756,33436
4756,33437
4756,33438
4756,33439
4756,33440
4756,33441
4756,33442
4756,33443
4756,33444
4756,33445
4756,33446
4756,33447
4756,33448
4756,33449
4756,33450
4756,33451
4756,33452
4756,33453
4756,33454
4756,33455
4756,33456
4756,33457
4756,33458
4756,33459
4756,33460
4756,33461
4756,33462
4756,33463
4756,33464
4756,33465
4756,33466
4756,33467
4756,33468
4756,33469
4756,33470
4756,33471
4756,33472
4756,33473
4756,33474
4756,33475
4756,33476
4756,33477
4756,33478
4756,33479
4756,33480
4756,33481
4756,33482
4756,33483
4756,33484
4756,33485
4756,33486
4756,33487
4756,33488
4756,33489
4756,33490
4756,33491
4756,33492
4756,33493
4756,33494
4756,33495
4756,33496
4756,33497
4756,33498
4756,33499
4756,33500
4756,33501
4756,33502
4756,33503
4756,33504
4756,33505
4756,33506
4756,33507
4756,33508
4756,33509
4756,33510
4756,33511
4756,33512
4756,33513
4756,33514
4756,33515
4756,33516
4756,33517
4756,33518
4756,33519
4756,33520
4756,33521
4756,33522
4756,33523
4756,33524
4756,33525
4756,33526
4756,33527
4756,33528
4756,33529
4756,33530
4756,33531
4756,33532
4756,33550
4756,33551
4756,33552
4756,33553
4756,33554
4756,33555
4756,33556
4756,33557
4756,33558
4756,33559
4756,33560
4756,33561
4756,33562
4756,33563
4756,33564
4756,33565
4756,33566
4756,33567
4756,33568
4756,33569
4756,33570
4756,33571
4756,33572
4756,33573
4756,33574
4756,33575
4756,33576
4756,33577
4756,33578
4756,33579
4756,33580
4756,33581
4756,33582
4756,33583
4756,33584
4756,33585
4756,33586
4756,33587
4756,33588
4756,33589
4756,33590
4756,33591
4756,33592
4756,33593
4756,33594
4756,33595
4756,33596
4756,33597
4756,33598
4756,33599
4756,33600
4756,33601
4756,33602
4756,33603
4756,33604
4756,33605
4756,33606
4756,33607
4756,33608
4756,33609
4757,33318
4757,33319
4757,33320
4757,33321
4757,33322
4757,33323
4757,33324
4757,33325
4757,33326
4757,33327
4757,33328
4757,33329
4757,33330
4757,33331
4757,33332
4757,33333
4757,33334
4757,33335
4757,33336
4757,33337
4757,33338
4757,33339
4757,33340
4757,33341
4757,33342
4757,33343
4757,33344
4757,33345
4757,33346
4757,33347
4757,33348
4757,33349
4757,33350
4757,33351
4757,33352
4757,33353
4757,33354
4757,33355
4757,33356
4757,33357
4757,33358
4757,33359
4757,33360
4757,33361
4757,33362
4757,33363
4757,33364
4757,33365
4757,33366
4757,33367
4757,33368
4757,33369
4757,33370
4757,33371
4757,33372
4757,33373
4757,33374
4757,33375
4757,33376
4757,33377
4757,33378
4757,33379
4757,33380
4757,33381
4757,33382
4757,33383
4757,33384
4757,33385
4757,33386
4757,33387
4757,33388
4757,33389
4757,33390
4757,33391
4757,33392
4757,33393
4757,33394
4757,33395
4757,33396
4757,33397
4757,33398
4757,33399
4757,33400
4757,33401
4757,33402
4757,33403
4757,33404
4757,33405
4757,33406
4757,33407
4757,33408
4757,33409
4757,33410
4757,33411
4757,33412
4757,33413
4757,33414
4757,33415
4757,33416
4757,33417
4757,33418
4757,33419
4757,33420
4757,33421
4757,33422
4757,33423
4757,33424
4757,33425
4757,33426
4757,33427
4757,33428
4757,33429
4757,33430
4757,33431
4757,33432
4757,33433
4757,33434
4757,33435
4757,33436
4757,33437
4757,33438
4757,33439
4757,33440
4757,33441
4757,33442
4757,33443
4757,33444
4757,33445
4757,33446
4757,33447
4757,33448
4757,33449
4757,33450
4757,33451
4757,33452
4757,33453
4757,33454
4757,33455
4757,33456
4757,33457
4757,33458
4757,33459
4757,33460
4757,33461
4757,33462
4757,33463
4757,33464
4757,33465
4757,33466
4757,33467
4757,33468
4757,33469
4757,33470
4757,33471
4757,33472
4757,33473
4757,33474
4757,33475
4757,33476
4757,33477
4757,33478
4757,33479
4757,33480
4757,33481
4757,33482
4757,33483
4757,33484
4757,33485
4757,33486
4757,33487
4757,33488
4757,33489
4757,33490
4757,33491
4757,33492
4757,33493
4757,33494
4757,33495
4757,33496
4757,33497
4757,33498
4757,33499
4757,33500
4757,33501
4757,33502
4757,33503
4757,33504
4757,33505
4757,33506
4757,33507
4757,33508
4757,33509
4757,33510
4757,33511
4757,33512
4757,33513
4757,33514
4757,33515
4757,33516
4757,33517
4757,33518
4757,33519
4757,33520
4757,33521
4757,33522
4757,33523
4757,33524
4757,33525
4757,33526
4757,33527
4757,33528
4757,33529
4757,33530
4757,33531
4757,33532
4757,33549
4757,33550
4757,33551
4757,33552
4757,33553
4757,33554
4757,33555
4757,33556
4757,33557
4757,33558
4757,33559
4757,33560
4757,33561
4757,33562
4757,33563
4757,33564
4757,33565
4757,33566
4757,33567
4757,33568
4757,33569
4757,33570
4757,33571
4757,33572
4757,33573
4757,33574
4757,33575
4757,33576
4757,33577
4757,33578
4757,33579
4757,33580
4757,33581
4757,33582
4757,33583
4757,33584
4757,33585
4757,33586
4757,33587
4757,33588
4757,33589
4757,33590
4757,33591
4757,33592
4757,33593
4757,33594
4757,33595
4757,33596
4757,33597
4757,33598
4757,33599
4757,33600
4757,33601
4757,33602
4757,33603
4757,33604
4757,33605
4757,33606
4757,33607
4757,33608
4757,33609
4758,33318
4758,33319
4758,33320
4758,33321
4758,33322
4758,33323
4758,33324
4758,33325
4758,33326
4758,33327
4758,33328
4758,33329
4758,33330
4758,33331
4758,33332
4758,33333
4758,33334
4758,33335
4758,33336
4758,33337
4758,33338
4758,33339
4758,33340
4758,33341
4758,33342
4758,33343
4758,33344
4758,33345
4758,33346
4758,33347
4758,33348
4758,33349
4758,33350
4758,33351
4758,33352
4758,33353
4758,33354
4758,33355
4758,33356
4758,33357
4758,33358
4758,33359
4758,33360
4758,33361
4758,33362
4758,33363
4758,33364
4758,33365
4758,33366
4758,33367
4758,33368
4758,33369
4758,33370
4758,33371
4758,33372
4758,33373
4758,33374
4758,33375
4758,33376
4758,33377
4758,33378
4758,33379
4758,33380
4758,33381
4758,33382
4758,33383
4758,33384
4758,33385
4758,33386
4758,33387
4758,33388
4758,33389
4758,33390
4758,33391
4758,33392
4758,33393
4758,33394
4758,33395
4758,33396
4758,33397
4758,33398
4758,33399
4758,33400
4758,33401
4758,33402
4758,33403
4758,33404
4758,33405
4758,33406
4758,33407
4758,33408
4758,33409
4758,33410
4758,33411
4758,33412
4758,33413
4758,33414
4758,33415
4758,33416
4758,33417
4758,33418
4758,33419
4758,33420
4758,33421
4758,33422
4758,33423
4758,33424
4758,33425
4758,33426
4758,33427
4758,33428
4758,33429
4758,33430
4758,33431
4758,33432
4758,33433
4758,33434
4758,33435
4758,33436
4758,33437
4758,33438
4758,33439
4758,33440
4758,33441
4758,33442
4758,33443
4758,33444
4758,33445
4758,33446
4758,33447
4758,33448
4758,33449
4758,33450
4758,33451
4758,33452
4758,33453
4758,33454
4758,33455
4758,33456
4758,33457
4758,33458
4758,33459
4758,33460
4758,33461
4758,33462
4758,33463
4758,33464
4758,33465
4758,33466
4758,33467
4758,33468
4758,33469
4758,33470
4758,33471
4758,33472
4758,33473
4758,33474
4758,33475
4758,33476
4758,33477
4758,33478
4758,33479
4758,33480
4758,33481
4758,33482
4758,33483
4758,33484
4758,33485
4758,33486
4758,33487
4758,33488
4758,33489
4758,33490
4758,33491
4758,33492
4758,33493
4758,33494
4758,33495
4758,33496
4758,33497
4758,33498
4758,33499
4758,33500
4758,33501
4758,33502
4758,33503
4758,33504
4758,33505
4758,33506
4758,33507
4758,33508
4758,33509
4758,33510
4758,33511
4758,33512
4758,33513
4758,33514
4758,33515
4758,33516
4758,33517
4758,33518
4758,33519
4758,33520
4758,33521
4758,33522
4758,33523
4758,33524
4758,33525
4758,33526
4758,33527
4758,33528
4758,33529
4758,33530
4758,33531
4758,33548
4758,33549
4758,33550
4758,33551
4758,33552
4758,33553
4758,33554
4758,33555
4758,33556
4758,33557
4758,33558
4758,33559
4758,33560
4758,33561
4758,33562
4758,33563
4758,33564
4758,33565
4758,33566
4758,33567
4758,33568
4758,33569
4758,33570
4758,33571
4758,33572
4758,33573
4758,33574
4758,33575
4758,33576
4758,33577
4758,33578
4758,33579
4758,33580
4758,33581
4758,33582
4758,33583
4758,33584
4758,33585
4758,33586
4758,33587
4758,33588
4758,33589
4758,33590
4758,33591
4758,33592
4758,33593
4758,33594
4758,33595
4758,33596
4758,33597
4758,33598
4758,33599
4758,33600
4758,33601
4758,33602
4758,33603
4758,33604
4758,33605
4758,33606
4758,33607
4758,33608
4758,33609
4759,33318
4759,33319
4759,33320
4759,33321
4759,33322
4759,33323
4759,33324
4759,33325
4759,33326
4759,33327
4759,33328
4759,33329
4759,33330
4759,33331
4759,33332
4759,33333
4759,33334
4759,33335
4759,33336
4759,33337
4759,33338
4759,33339
4759,33340
4759,33341
4759,33342
4759,33343
4759,33344
4759,33345
4759,33346
4759,33347
4759,33348
4759,33349
4759,33350
4759,33351
4759,33352
4759,33353
4759,33354
4759,33355
4759,33356
4759,33357
4759,33358
4759,33359
4759,33360
4759,33361
4759,33362
4759,33363
4759,33364
4759,33365
4759,33366
4759,33367
4759,33368
4759,33369
4759,33370
4759,33371
4759,33372
4759,33373
4759,33374
4759,33375
4759,33376
4759,33377
4759,33378
4759,33379
4759,33380
4759,33381
4759,33382
4759,33383
4759,33384
4759,33385
4759,33386
4759,33387
4759,33388
4759,33389
4759,33390
4759,33391
4759,33392
4759,33393
4759,33394
4759,33395
4759,33396
4759,33397
4759,33398
4759,33399
4759,33400
4759,33401
4759,33402
4759,33403
4759,33404
4759,33405
4759,33406
4759,33407
4759,33408
4759,33409
4759,33410
4759,33411
4759,33412
4759,33413
4759,33414
4759,33415
4759,33416
4759,33417
4759,33418
4759,33419
4759,33420
4759,33421
4759,33422
4759,33423
4759,33424
4759,33425
4759,33426
4759,33427
4759,33428
4759,33429
4759,33430
4759,33431
4759,33432
4759,33433
4759,33434
4759,33435
4759,33436
4759,33437
4759,33438
4759,33439
4759,33440
4759,33441
4759,33442
4759,33443
4759,33444
4759,33445
4759,33446
4759,33447
4759,33448
4759,33449
4759,33450
4759,33451
4759,33452
4759,33453
4759,33454
4759,33455
4759,33456
4759,33457
4759,33458
4759,33459
4759,33460
4759,33461
4759,33462
4759,33463
4759,33464
4759,33465
4759,33466
4759,33467
4759,33468
4759,33469
4759,33470
4759,33471
4759,33472
4759,33473
4759,33474
4759,33475
4759,33476
4759,33477
4759,33478
4759,33479
4759,33480
4759,33481
4759,33482
4759,33483
4759,33484
4759,33485
4759,33486
4759,33487
4759,33488
4759,33489
4759,33490
4759,33491
4759,33492
4759,33493
4759,33494
4759,33495
4759,33496
4759,33497
4759,33498
4759,33499
4759,33500
4759,33501
4759,33502
4759,33503
4759,33504
4759,33505
4759,33506
4759,33507
4759,33508
4759,33509
4759,33510
4759,33511
4759,33512
4759,33513
4759,33514
4759,33515
4759,33516
4759,33517
4759,33518
4759,33519
4759,33520
4759,33521
4759,33522
4759,33523
4759,33524
4759,33525
4759,33526
4759,33527
4759,33528
4759,33529
4759,33530
4759,33531
4759,33545
4759,33546
4759,33547
4759,33548
4759,33549
4759,33550
4759,33551
4759,33552
4759,33553
4759,33554
4759,33555
4759,33556
4759,33557
4759,33558
4759,33559
4759,33560
4759,33561
4759,33562
4759,33563
4759,33564
4759,33565
4759,33566
4759,33567
4759,33568
4759,33569
4759,33570
4759,33571
4759,33572
4759,33573
4759,33574
4759,33575
4759,33576
4759,33577
4759,33578
4759,33579
4759,33580
4759,33581
4759,33582
4759,33583
4759,33584
4759,33585
4759,33586
4759,33587
4759,33588
4759,33589
4759,33590
4759,33591
4759,33592
4759,33593
4759,33594
4759,33595
4759,33596
4759,33597
4759,33598
4759,33599
4759,33600
4759,33601
4759,33602
4759,33603
4759,33604
4759,33605
4759,33606
4759,33607
4759,33608
4759,33609
4760,33317
4760,33318
4760,33319
4760,33320
4760,33321
4760,33322
4760,33323
4760,33324
4760,33325
4760,33326
4760,33327
4760,33328
4760,33329
4760,33330
4760,33331
4760,33332
4760,33333
4760,33334
4760,33335
4760,33336
4760,33337
4760,33338
4760,33339
4760,33340
4760,33341
4760,33342
4760,33343
4760,33344
4760,33345
4760,33346
4760,33347
4760,33348
4760,33349
4760,33350
4760,33351
4760,33352
4760,33353
4760,33354
4760,33355
4760,33356
4760,33357
4760,33358
4760,33359
4760,33360
4760,33361
4760,33362
4760,33363
4760,33364
4760,33365
4760,33366
4760,33367
4760,33368
4760,33369
4760,33370
4760,33371
4760,33372
4760,33373
4760,33374
4760,33375
4760,33376
4760,33377
4760,33378
4760,33379
4760,33380
4760,33381
4760,33382
4760,33383
4760,33384
4760,33385
4760,33386
4760,33387
4760,33388
4760,33389
4760,33390
4760,33391
4760,33392
4760,33393
4760,33394
4760,33395
4760,33396
4760,33397
4760,33398
4760,33399
4760,33400
4760,33401
4760,33402
4760,33403
4760,33404
4760,33405
4760,33406
4760,33407
4760,33408
4760,33409
4760,33410
4760,33411
4760,33412
4760,33413
4760,33414
4760,33415
4760,33416
4760,33417
4760,33418
4760,33419
4760,33420
4760,33421
4760,33422
4760,33423
4760,33424
4760,33425
4760,33426
4760,33427
4760,33428
4760,33429
4760,33430
4760,33431
4760,33432
4760,33433
4760,33434
4760,33435
4760,33436
4760,33437
4760,33438
4760,33439
4760,33440
4760,33441
4760,33442
4760,33443
4760,33444
4760,33445
4760,33446
4760,33447
4760,33448
4760,33449
4760,33450
4760,33451
4760,33452
4760,33453
4760,33454
4760,33455
4760,33456
4760,33457
4760,33458
4760,33459
4760,33460
4760,33461
4760,33462
4760,33463
4760,33464
4760,33465
4760,33466
4760,33467
4760,33468
4760,33469
4760,33470
4760,33471
4760,33472
4760,33473
4760,33474
4760,33475
4760,33476
4760,33477
4760,33478
4760,33479
4760,33480
4760,33481
4760,33482
4760,33483
4760,33484
4760,33485
4760,33486
4760,33487
4760,33488
4760,33489
4760,33490
4760,33491
4760,33492
4760,33493
4760,33494
4760,33495
4760,33496
4760,33497
4760,33498
4760,33499
4760,33500
4760,33501
4760,33502
4760,33503
4760,33504
4760,33505
4760,33506
4760,33507
4760,33508
4760,33509
4760,33510
4760,33511
4760,33512
4760,33513
4760,33514
4760,33515
4760,33516
4760,33517
4760,33518
4760,33519
4760,33520
4760,33521
4760,33522
4760,33523
4760,33524
4760,33525
4760,33526
4760,33527
4760,33528
4760,33529
4760,33530
4760,33531
4760,33544
4760,33545
4760,33546
4760,33547
4760,33548
4760,33549
4760,33550
4760,33551
4760,33552
4760,33553
4760,33554
4760,33555
4760,33556
4760,33557
4760,33558
4760,33559
4760,33560
4760,33561
4760,33562
4760,33563
4760,33564
4760,33565
4760,33566
4760,33567
4760,33568
4760,33569
4760,33570
4760,33571
4760,33572
4760,33573
4760,33574
4760,33575
4760,33576
4760,33577
4760,33578
4760,33579
4760,33580
4760,33581
4760,33582
4760,33583
4760,33584
4760,33585
4760,33586
4760,33587
4760,33588
4760,33589
4760,33590
4760,33591
4760,33592
4760,33593
4760,33594
4760,33595
4760,33596
4760,33597
4760,33598
4760,33599
4760,33600
4760,33601
4760,33602
4760,33603
4760,33604
4760,33605
4760,33606
4760,33607
4760,33608
4760,33609
4760,33610
4761,33317
4761,33318
4761,33319
4761,33320
4761,33321
4761,33322
4761,33323
4761,33324
4761,33325
4761,33326
4761,33327
4761,33328
4761,33329
4761,33330
4761,33331
4761,33332
4761,33333
4761,33334
4761,33335
4761,33336
4761,33337
4761,33338
4761,33339
4761,33340
4761,33341
4761,33342
4761,33343
4761,33344
4761,33345
4761,33346
4761,33347
4761,33348
4761,33349
4761,33350
4761,33351
4761,33352
4761,33353
4761,33354
4761,33355
4761,33356
4761,33357
4761,33358
4761,33359
4761,33360
4761,33361
4761,33362
4761,33363
4761,33364
4761,33365
4761,33366
4761,33367
4761,33368
4761,33369
4761,33370
4761,33371
4761,33372
4761,33373
4761,33374
4761,33375
4761,33376
4761,33377
4761,33378
4761,33379
4761,33380
4761,33381
4761,33382
4761,33383
4761,33384
4761,33385
4761,33386
4761,33387
4761,33388
4761,33389
4761,33390
4761,33391
4761,33392
4761,33393
4761,33394
4761,33395
4761,33396
4761,33397
4761,33398
4761,33399
4761,33400
4761,33401
4761,33402
4761,33403
4761,33404
4761,33405
4761,33406
4761,33407
4761,33408
4761,33409
4761,33410
4761,33411
4761,33412
4761,33413
4761,33414
4761,33415
4761,33416
4761,33417
4761,33418
4761,33419
4761,33420
4761,33421
4761,33422
4761,33423
4761,33424
4761,33425
4761,33426
4761,33427
4761,33428
4761,33429
4761,33430
4761,33431
4761,33432
4761,33433
4761,33434
4761,33435
4761,33436
4761,33437
4761,33438
4761,33439
4761,33440
4761,33441
4761,33442
4761,33443
4761,33444
4761,33445
4761,33446
4761,33447
4761,33448
4761,33449
4761,33450
4761,33451
4761,33452
4761,33453
4761,33454
4761,33455
4761,33456
4761,33457
4761,33458
4761,33459
4761,33460
4761,33461
4761,33462
4761,33463
4761,33464
4761,33465
4761,33466
4761,33467
4761,33468
4761,33469
4761,33470
4761,33471
4761,33472
4761,33473
4761,33474
4761,33475
4761,33476
4761,33477
4761,33478
4761,33479
4761,33480
4761,33481
4761,33482
4761,33483
4761,33484
4761,33485
4761,33486
4761,33487
4761,33488
4761,33489
4761,33490
4761,33491
4761,33492
4761,33493
4761,33494
4761,33495
4761,33496
4761,33497
4761,33498
4761,33499
4761,33500
4761,33501
4761,33502
4761,33503
4761,33504
4761,33505
4761,33506
4761,33507
4761,33508
4761,33509
4761,33510
4761,33511
4761,33512
4761,33513
4761,33514
4761,33515
4761,33516
4761,33517
4761,33518
4761,33519
4761,33520
4761,33521
4761,33522
4761,33523
4761,33524
4761,33525
4761,33526
4761,33527
4761,33528
4761,33529
4761,33530
4761,33531
4761,33543
4761,33544
4761,33545
4761,33546
4761,33547
4761,33548
4761,33549
4761,33550
4761,33551
4761,33552
4761,33553
4761,33554
4761,33555
4761,33556
4761,33557
4761,33558
4761,33559
4761,33560
4761,33561
4761,33562
4761,33563
4761,33564
4761,33565
4761,33566
4761,33567
4761,33568
4761,33569
4761,33570
4761,33571
4761,33572
4761,33573
4761,33574
4761,33575
4761,33576
4761,33577
4761,33578
4761,33579
4761,33580
4761,33581
4761,33582
4761,33583
4761,33584
4761,33585
4761,33586
4761,33587
4761,33588
4761,33589
4761,33590
4761,33591
4761,33592
4761,33593
4761,33594
4761,33595
4761,33596
4761,33597
4761,33598
4761,33599
4761,33600
4761,33601
4761,33602
4761,33603
4761,33604
4761,33605
4761,33606
4761,33607
4761,33608
4761,33609
4761,33610
4761,33611
4762,33316
4762,33317
4762,33318
4762,33319
4762,33320
4762,33321
4762,33322
4762,33323
4762,33324
4762,33325
4762,33326
4762,33327
4762,33328
4762,33329
4762,33330
4762,33331
4762,33332
4762,33333
4762,33334
4762,33335
4762,33336
4762,33337
4762,33338
4762,33339
4762,33340
4762,33341
4762,33342
4762,33343
4762,33344
4762,33345
4762,33346
4762,33347
4762,33348
4762,33349
4762,33350
4762,33351
4762,33352
4762,33353
4762,33354
4762,33355
4762,33356
4762,33357
4762,33358
4762,33359
4762,33360
4762,33361
4762,33362
4762,33363
4762,33364
4762,33365
4762,33366
4762,33367
4762,33368
4762,33369
4762,33370
4762,33371
4762,33372
4762,33373
4762,33374
4762,33375
4762,33376
4762,33377
4762,33378
4762,33379
4762,33380
4762,33381
4762,33382
4762,33383
4762,33384
4762,33385
4762,33386
4762,33387
4762,33388
4762,33389
4762,33390
4762,33391
4762,33392
4762,33393
4762,33394
4762,33395
4762,33396
4762,33397
4762,33398
4762,33399
4762,33400
4762,33401
4762,33402
4762,33403
4762,33404
4762,33405
4762,33406
4762,33407
4762,33408
4762,33409
4762,33410
4762,33411
4762,33412
4762,33413
4762,33414
4762,33415
4762,33416
4762,33417
4762,33418
4762,33419
4762,33420
4762,33421
4762,33422
4762,33423
4762,33424
4762,33425
4762,33426
4762,33427
4762,33428
4762,33429
4762,33430
4762,33431
4762,33432
4762,33433
4762,33434
4762,33435
4762,33436
4762,33437
4762,33438
4762,33439
4762,33440
4762,33441
4762,33442
4762,33443
4762,33444
4762,33445
4762,33446
4762,33447
4762,33448
4762,33449
4762,33450
4762,33451
4762,33452
4762,33453
4762,33454
4762,33455
4762,33456
4762,33457
4762,33458
4762,33459
4762,33460
4762,33461
4762,33462
4762,33463
4762,33464
4762,33465
4762,33466
4762,33467
4762,33468
4762,33469
4762,33470
4762,33471
4762,33472
4762,33473
4762,33474
4762,33475
4762,33476
4762,33477
4762,33478
4762,33479
4762,33480
4762,33481
4762,33482
4762,33483
4762,33484
4762,33485
4762,33486
4762,33487
4762,33488
4762,33489
4762,33490
4762,33491
4762,33492
4762,33493
4762,33494
4762,33495
4762,33496
4762,33497
4762,33498
4762,33499
4762,33500
4762,33501
4762,33502
4762,33503
4762,33504
4762,33505
4762,33506
4762,33507
4762,33508
4762,33509
4762,33510
4762,33511
4762,33512
4762,33513
4762,33514
4762,33515
4762,33516
4762,33517
4762,33518
4762,33519
4762,33520
4762,33521
4762,33522
4762,33523
4762,33524
4762,33525
4762,33526
4762,33527
4762,33528
4762,33529
4762,33530
4762,33542
4762,33543
4762,33544
4762,33545
4762,33546
4762,33547
4762,33548
4762,33549
4762,33550
4762,33551
4762,33552
4762,33553
4762,33554
4762,33555
4762,33556
4762,33557
4762,33558
4762,33559
4762,33560
4762,33561
4762,33562
4762,33563
4762,33564
4762,33565
4762,33566
4762,33567
4762,33568
4762,33569
4762,33570
4762,33571
4762,33572
4762,33573
4762,33574
4762,33575
4762,33576
4762,33577
4762,33578
4762,33579
4762,33580
4762,33581
4762,33582
4762,33583
4762,33584
4762,33585
4762,33586
4762,33587
4762,33588
4762,33589
4762,33590
4762,33591
4762,33592
4762,33593
4762,33594
4762,33595
4762,33596
4762,33597
4762,33598
4762,33599
4762,33600
4762,33601
4762,33602
4762,33603
4762,33604
4762,33605
4762,33606
4762,33607
4762,33608
4762,33609
4762,33610
4762,33611
4763,33315
4763,33316
4763,33317
4763,33318
4763,33319
4763,33320
4763,33321
4763,33322
4763,33323
4763,33324
4763,33325
4763,33326
4763,33327
4763,33328
4763,33329
4763,33330
4763,33331
4763,33332
4763,33333
4763,33334
4763,33335
4763,33336
4763,33337
4763,33338
4763,33339
4763,33340
4763,33341
4763,33342
4763,33343
4763,33344
4763,33345
4763,33346
4763,33347
4763,33348
4763,33349
4763,33350
4763,33351
4763,33352
4763,33353
4763,33354
4763,33355
4763,33356
4763,33357
4763,33358
4763,33359
4763,33360
4763,33361
4763,33362
4763,33363
4763,33364
4763,33365
4763,33366
4763,33367
4763,33368
4763,33369
4763,33370
4763,33371
4763,33372
4763,33373
4763,33374
4763,33375
4763,33376
4763,33377
4763,33378
4763,33379
4763,33380
4763,33381
4763,33382
4763,33383
4763,33384
4763,33385
4763,33386
4763,33387
4763,33388
4763,33389
4763,33390
4763,33391
4763,33392
4763,33393
4763,33394
4763,33395
4763,33396
4763,33397
4763,33398
4763,33399
4763,33400
4763,33401
4763,33402
4763,33403
4763,33404
4763,33405
4763,33406
4763,33407
4763,33408
4763,33409
4763,33410
4763,33411
4763,33412
4763,33413
4763,33414
4763,33415
4763,33416
4763,33417
4763,33418
4763,33419
4763,33420
4763,33421
4763,33422
4763,33423
4763,33424
4763,33425
4763,33426
4763,33427
4763,33428
4763,33429
4763,33430
4763,33431
4763,33432
4763,33433
4763,33434
4763,33435
4763,33436
4763,33437
4763,33438
4763,33439
4763,33440
4763,33441
4763,33442
4763,33443
4763,33444
4763,33445
4763,33446
4763,33447
4763,33448
4763,33449
4763,33450
4763,33451
4763,33452
4763,33453
4763,33454
4763,33455
4763,33456
4763,33457
4763,33458
4763,33459
4763,33460
4763,33461
4763,33462
4763,33463
4763,33464
4763,33465
4763,33466
4763,33467
4763,33468
4763,33469
4763,33470
4763,33471
4763,33472
4763,33473
4763,33474
4763,33475
4763,33476
4763,33477
4763,33478
4763,33479
4763,33480
4763,33481
4763,33482
4763,33483
4763,33484
4763,33485
4763,33486
4763,33487
4763,33488
4763,33489
4763,33490
4763,33491
4763,33492
4763,33493
4763,33494
4763,33495
4763,33496
4763,33497
4763,33498
4763,33499
4763,33500
4763,33501
4763,33502
4763,33503
4763,33504
4763,33505
4763,33506
4763,33507
4763,33508
4763,33509
4763,33510
4763,33511
4763,33512
4763,33513
4763,33514
4763,33515
4763,33516
4763,33517
4763,33518
4763,33519
4763,33520
4763,33521
4763,33522
4763,33523
4763,33524
4763,33525
4763,33526
4763,33527
4763,33528
4763,33529
4763,33530
4763,33540
4763,33541
4763,33542
4763,33543
4763,33544
4763,33545
4763,33546
4763,33547
4763,33548
4763,33549
4763,33550
4763,33551
4763,33552
4763,33553
4763,33554
4763,33555
4763,33556
4763,33557
4763,33558
4763,33559
4763,33560
4763,33561
4763,33562
4763,33563
4763,33564
4763,33565
4763,33566
4763,33567
4763,33568
4763,33569
4763,33570
4763,33571
4763,33572
4763,33573
4763,33574
4763,33575
4763,33576
4763,33577
4763,33578
4763,33579
4763,33580
4763,33581
4763,33582
4763,33583
4763,33584
4763,33585
4763,33586
4763,33587
4763,33588
4763,33589
4763,33590
4763,33591
4763,33592
4763,33593
4763,33594
4763,33595
4763,33596
4763,33597
4763,33598
4763,33599
4763,33600
4763,33601
4763,33602
4763,33603
4763,33604
4763,33605
4763,33606
4763,33607
4763,33608
4763,33609
4763,33610
4763,33611
4764,33314
4764,33315
4764,33316
4764,33317
4764,33318
4764,33319
4764,33320
4764,33321
4764,33322
4764,33323
4764,33324
4764,33325
4764,33326
4764,33327
4764,33328
4764,33329
4764,33330
4764,33331
4764,33332
4764,33333
4764,33334
4764,33335
4764,33336
4764,33337
4764,33338
4764,33339
4764,33340
4764,33341
4764,33342
4764,33343
4764,33344
4764,33345
4764,33346
4764,33347
4764,33348
4764,33349
4764,33350
4764,33351
4764,33352
4764,33353
4764,33354
4764,33355
4764,33356
4764,33357
4764,33358
4764,33359
4764,33360
4764,33361
4764,33362
4764,33363
4764,33364
4764,33365
4764,33366
4764,33367
4764,33368
4764,33369
4764,33370
4764,33371
4764,33372
4764,33373
4764,33374
4764,33375
4764,33376
4764,33377
4764,33378
4764,33379
4764,33380
4764,33381
4764,33382
4764,33383
4764,33384
4764,33385
4764,33386
4764,33387
4764,33388
4764,33389
4764,33390
4764,33391
4764,33392
4764,33393
4764,33394
4764,33395
4764,33396
4764,33397
4764,33398
4764,33399
4764,33400
4764,33401
4764,33402
4764,33403
4764,33404
4764,33405
4764,33406
4764,33407
4764,33408
4764,33409
4764,33410
4764,33411
4764,33412
4764,33413
4764,33414
4764,33415
4764,33416
4764,33417
4764,33418
4764,33419
4764,33420
4764,33421
4764,33422
4764,33423
4764,33424
4764,33425
4764,33426
4764,33427
4764,33428
4764,33429
4764,33430
4764,33431
4764,33432
4764,33433
4764,33434
4764,33435
4764,33436
4764,33437
4764,33438
4764,33439
4764,33440
4764,33441
4764,33442
4764,33443
4764,33444
4764,33445
4764,33446
4764,33447
4764,33448
4764,33449
4764,33450
4764,33451
4764,33452
4764,33453
4764,33454
4764,33455
4764,33456
4764,33457
4764,33458
4764,33459
4764,33460
4764,33461
4764,33462
4764,33463
4764,33464
4764,33465
4764,33466
4764,33467
4764,33468
4764,33469
4764,33470
4764,33471
4764,33472
4764,33473
4764,33474
4764,33475
4764,33476
4764,33477
4764,33478
4764,33479
4764,33480
4764,33481
4764,33482
4764,33483
4764,33484
4764,33485
4764,33486
4764,33487
4764,33488
4764,33489
4764,33490
4764,33491
4764,33492
4764,33493
4764,33494
4764,33495
4764,33496
4764,33497
4764,33498
4764,33499
4764,33500
4764,33501
4764,33502
4764,33503
4764,33504
4764,33505
4764,33506
4764,33507
4764,33508
4764,33509
4764,33510
4764,33511
4764,33512
4764,33513
4764,33514
4764,33515
4764,33516
4764,33517
4764,33518
4764,33519
4764,33520
4764,33521
4764,33522
4764,33523
4764,33524
4764,33525
4764,33526
4764,33527
4764,33528
4764,33529
4764,33530
4764,33539
4764,33540
4764,33541
4764,33542
4764,33543
4764,33544
4764,33545
4764,33546
4764,33547
4764,33548
4764,33549
4764,33550
4764,33551
4764,33552
4764,33553
4764,33554
4764,33555
4764,33556
4764,33557
4764,33558
4764,33559
4764,33560
4764,33561
4764,33562
4764,33563
4764,33564
4764,33565
4764,33566
4764,33567
4764,33568
4764,33569
4764,33570
4764,33571
4764,33572
4764,33573
4764,33574
4764,33575
4764,33576
4764,33577
4764,33578
4764,33579
4764,33580
4764,33581
4764,33582
4764,33583
4764,33584
4764,33585
4764,33586
4764,33587
4764,33588
4764,33589
4764,33590
4764,33591
4764,33592
4764,33593
4764,33594
4764,33595
4764,33596
4764,33597
4764,33598
4764,33599
4764,33600
4764,33601
4764,33602
4764,33603
4764,33604
4764,33605
4764,33606
4764,33607
4764,33608
4764,33609
4764,33610
4764,33611
4764,33612
4765,33313
4765,33314
4765,33315
4765,33316
4765,33317
4765,33318
4765,33319
4765,33320
4765,33321
4765,33322
4765,33323
4765,33324
4765,33325
4765,33326
4765,33327
4765,33328
4765,33329
4765,33330
4765,33331
4765,33332
4765,33333
4765,33334
4765,33335
4765,33336
4765,33337
4765,33338
4765,33339
4765,33340
4765,33341
4765,33342
4765,33343
4765,33344
4765,33345
4765,33346
4765,33347
4765,33348
4765,33349
4765,33350
4765,33351
4765,33352
4765,33353
4765,33354
4765,33355
4765,33356
4765,33357
4765,33358
4765,33359
4765,33360
4765,33361
4765,33362
4765,33363
4765,33364
4765,33365
4765,33366
4765,33367
4765,33368
4765,33369
4765,33370
4765,33371
4765,33372
4765,33373
4765,33374
4765,33375
4765,33376
4765,33377
4765,33378
4765,33379
4765,33380
4765,33381
4765,33382
4765,33383
4765,33384
4765,33385
4765,33386
4765,33387
4765,33388
4765,33389
4765,33390
4765,33391
4765,33392
4765,33393
4765,33394
4765,33395
4765,33396
4765,33397
4765,33398
4765,33399
4765,33400
4765,33401
4765,33402
4765,33403
4765,33404
4765,33405
4765,33406
4765,33407
4765,33408
4765,33409
4765,33410
4765,33411
4765,33412
4765,33413
4765,33414
4765,33415
4765,33416
4765,33417
4765,33418
4765,33419
4765,33420
4765,33421
4765,33422
4765,33423
4765,33424
4765,33425
4765,33426
4765,33427
4765,33428
4765,33429
4765,33430
4765,33431
4765,33432
4765,33433
4765,33434
4765,33435
4765,33436
4765,33437
4765,33438
4765,33439
4765,33440
4765,33441
4765,33442
4765,33443
4765,33444
4765,33445
4765,33446
4765,33447
4765,33448
4765,33449
4765,33450
4765,33451
4765,33452
4765,33453
4765,33454
4765,33455
4765,33456
4765,33457
4765,33458
4765,33459
4765,33460
4765,33461
4765,33462
4765,33463
4765,33464
4765,33465
4765,33466
4765,33467
4765,33468
4765,33469
4765,33470
4765,33471
4765,33472
4765,33473
4765,33474
4765,33475
4765,33476
4765,33477
4765,33478
4765,33479
4765,33480
4765,33481
4765,33482
4765,33483
4765,33484
4765,33485
4765,33486
4765,33487
4765,33488
4765,33489
4765,33490
4765,33491
4765,33492
4765,33493
4765,33494
4765,33495
4765,33496
4765,33497
4765,33498
4765,33499
4765,33500
4765,33501
4765,33502
4765,33503
4765,33504
4765,33505
4765,33506
4765,33507
4765,33508
4765,33509
4765,33510
4765,33511
4765,33512
4765,33513
4765,33514
4765,33515
4765,33516
4765,33517
4765,33518
4765,33519
4765,33520
4765,33521
4765,33522
4765,33523
4765,33524
4765,33525
4765,33526
4765,33527
4765,33528
4765,33529
4765,33538
4765,33539
4765,33540
4765,33541
4765,33542
4765,33543
4765,33544
4765,33545
4765,33546
4765,33547
4765,33548
4765,33549
4765,33550
4765,33551
4765,33552
4765,33553
4765,33554
4765,33555
4765,33556
4765,33557
4765,33558
4765,33559
4765,33560
4765,33561
4765,33562
4765,33563
4765,33564
4765,33565
4765,33566
4765,33567
4765,33568
4765,33569
4765,33570
4765,33571
4765,33572
4765,33573
4765,33574
4765,33575
4765,33576
4765,33577
4765,33578
4765,33579
4765,33580
4765,33581
4765,33582
4765,33583
4765,33584
4765,33585
4765,33586
4765,33587
4765,33588
4765,33589
4765,33590
4765,33591
4765,33592
4765,33593
4765,33594
4765,33595
4765,33596
4765,33597
4765,33598
4765,33599
4765,33600
4765,33601
4765,33602
4765,33603
4765,33604
4765,33605
4765,33606
4765,33607
4765,33608
4765,33609
4765,33610
4765,33611
4765,33612
4766,33313
4766,33314
4766,33315
4766,33316
4766,33317
4766,33318
4766,33319
4766,33320
4766,33321
4766,33322
4766,33323
4766,33324
4766,33325
4766,33326
4766,33327
4766,33328
4766,33329
4766,33330
4766,33331
4766,33332
4766,33333
4766,33334
4766,33335
4766,33336
4766,33337
4766,33338
4766,33339
4766,33340
4766,33341
4766,33342
4766,33343
4766,33344
4766,33345
4766,33346
4766,33347
4766,33348
4766,33349
4766,33350
4766,33351
4766,33352
4766,33353
4766,33354
4766,33355
4766,33356
4766,33357
4766,33358
4766,33359
4766,33360
4766,33361
4766,33362
4766,33363
4766,33364
4766,33365
4766,33366
4766,33367
4766,33368
4766,33369
4766,33370
4766,33371
4766,33372
4766,33373
4766,33374
4766,33375
4766,33376
4766,33377
4766,33378
4766,33379
4766,33380
4766,33381
4766,33382
4766,33383
4766,33384
4766,33385
4766,33386
4766,33387
4766,33388
4766,33389
4766,33390
4766,33391
4766,33392
4766,33393
4766,33394
4766,33395
4766,33396
4766,33397
4766,33398
4766,33399
4766,33400
4766,33401
4766,33402
4766,33403
4766,33404
4766,33405
4766,33406
4766,33407
4766,33408
4766,33409
4766,33410
4766,33411
4766,33412
4766,33413
4766,33414
4766,33415
4766,33416
4766,33417
4766,33418
4766,33419
4766,33420
4766,33421
4766,33422
4766,33423
4766,33424
4766,33425
4766,33426
4766,33427
4766,33428
4766,33429
4766,33430
4766,33431
4766,33432
4766,33433
4766,33434
4766,33435
4766,33436
4766,33437
4766,33438
4766,33439
4766,33440
4766,33441
4766,33442
4766,33443
4766,33444
4766,33445
4766,33446
4766,33447
4766,33448
4766,33449
4766,33450
4766,33451
4766,33452
4766,33453
4766,33454
4766,33455
4766,33456
4766,33457
4766,33458
4766,33459
4766,33460
4766,33461
4766,33462
4766,33463
4766,33464
4766,33465
4766,33466
4766,33467
4766,33468
4766,33469
4766,33470
4766,33471
4766,33472
4766,33473
4766,33474
4766,33475
4766,33476
4766,33477
4766,33478
4766,33479
4766,33480
4766,33481
4766,33482
4766,33483
4766,33484
4766,33485
4766,33486
4766,33487
4766,33488
4766,33489
4766,33490
4766,33491
4766,33492
4766,33493
4766,33494
4766,33495
4766,33496
4766,33497
4766,33498
4766,33499
4766,33500
4766,33501
4766,33502
4766,33503
4766,33504
4766,33505
4766,33506
4766,33507
4766,33508
4766,33509
4766,33510
4766,33511
4766,33512
4766,33513
4766,33514
4766,33515
4766,33516
4766,33517
4766,33518
4766,33519
4766,33520
4766,33521
4766,33522
4766,33523
4766,33524
4766,33525
4766,33526
4766,33527
4766,33528
4766,33529
4766,33533
4766,33538
4766,33539
4766,33540
4766,33541
4766,33542
4766,33543
4766,33544
4766,33545
4766,33546
4766,33547
4766,33548
4766,33549
4766,33550
4766,33551
4766,33552
4766,33553
4766,33554
4766,33555
4766,33556
4766,33557
4766,33558
4766,33559
4766,33560
4766,33561
4766,33562
4766,33563
4766,33564
4766,33565
4766,33566
4766,33567
4766,33568
4766,33569
4766,33570
4766,33571
4766,33572
4766,33573
4766,33574
4766,33575
4766,33576
4766,33577
4766,33578
4766,33579
4766,33580
4766,33581
4766,33582
4766,33583
4766,33584
4766,33585
4766,33586
4766,33587
4766,33588
4766,33589
4766,33590
4766,33591
4766,33592
4766,33593
4766,33594
4766,33595
4766,33596
4766,33597
4766,33598
4766,33599
4766,33600
4766,33601
4766,33602
4766,33603
4766,33604
4766,33605
4766,33606
4766,33607
4766,33608
4766,33609
4766,33610
4766,33611
4766,33612
4766,33613
4767,33313
4767,33314
4767,33315
4767,33316
4767,33317
4767,33318
4767,33319
4767,33320
4767,33321
4767,33322
4767,33323
4767,33324
4767,33325
4767,33326
4767,33327
4767,33328
4767,33329
4767,33330
4767,33331
4767,33332
4767,33333
4767,33334
4767,33335
4767,33336
4767,33337
4767,33338
4767,33339
4767,33340
4767,33341
4767,33342
4767,33343
4767,33344
4767,33345
4767,33346
4767,33347
4767,33348
4767,33349
4767,33350
4767,33351
4767,33352
4767,33353
4767,33354
4767,33355
4767,33356
4767,33357
4767,33358
4767,33359
4767,33360
4767,33361
4767,33362
4767,33363
4767,33364
4767,33365
4767,33366
4767,33367
4767,33368
4767,33369
4767,33370
4767,33371
4767,33372
4767,33373
4767,33374
4767,33375
4767,33376
4767,33377
4767,33378
4767,33379
4767,33380
4767,33381
4767,33382
4767,33383
4767,33384
4767,33385
4767,33386
4767,33387
4767,33388
4767,33389
4767,33390
4767,33391
4767,33392
4767,33393
4767,33394
4767,33395
4767,33396
4767,33397
4767,33398
4767,33399
4767,33400
4767,33401
4767,33402
4767,33403
4767,33404
4767,33405
4767,33406
4767,33407
4767,33408
4767,33409
4767,33410
4767,33411
4767,33412
4767,33413
4767,33414
4767,33415
4767,33416
4767,33417
4767,33418
4767,33419
4767,33420
4767,33421
4767,33422
4767,33423
4767,33424
4767,33425
4767,33426
4767,33427
4767,33428
4767,33429
4767,33430
4767,33431
4767,33432
4767,33433
4767,33434
4767,33435
4767,33436
4767,33437
4767,33438
4767,33439
4767,33440
4767,33441
4767,33442
4767,33443
4767,33444
4767,33445
4767,33446
4767,33447
4767,33448
4767,33449
4767,33450
4767,33451
4767,33452
4767,33453
4767,33454
4767,33455
4767,33456
4767,33457
4767,33458
4767,33459
4767,33460
4767,33461
4767,33462
4767,33463
4767,33464
4767,33465
4767,33466
4767,33467
4767,33468
4767,33469
4767,33470
4767,33471
4767,33472
4767,33473
4767,33474
4767,33475
4767,33476
4767,33477
4767,33478
4767,33479
4767,33480
4767,33481
4767,33482
4767,33483
4767,33484
4767,33485
4767,33486
4767,33487
4767,33488
4767,33489
4767,33490
4767,33491
4767,33492
4767,33493
4767,33494
4767,33495
4767,33496
4767,33497
4767,33498
4767,33499
4767,33500
4767,33501
4767,33502
4767,33503
4767,33504
4767,33505
4767,33506
4767,33507
4767,33508
4767,33509
4767,33510
4767,33511
4767,33512
4767,33513
4767,33514
4767,33515
4767,33516
4767,33517
4767,33518
4767,33519
4767,33520
4767,33521
4767,33522
4767,33523
4767,33524
4767,33525
4767,33526
4767,33527
4767,33528
4767,33529
4767,33530
4767,33531
4767,33532
4767,33533
4767,33534
4767,33535
4767,33536
4767,33537
4767,33538
4767,33539
4767,33540
4767,33541
4767,33542
4767,33543
4767,33544
4767,33545
4767,33546
4767,33547
4767,33548
4767,33549
4767,33550
4767,33551
4767,33552
4767,33553
4767,33554
4767,33555
4767,33556
4767,33557
4767,33558
4767,33559
4767,33560
4767,33561
4767,33562
4767,33563
4767,33564
4767,33565
4767,33566
4767,33567
4767,33568
4767,33569
4767,33570
4767,33571
4767,33572
4767,33573
4767,33574
4767,33575
4767,33576
4767,33577
4767,33578
4767,33579
4767,33580
4767,33581
4767,33582
4767,33583
4767,33584
4767,33585
4767,33586
4767,33587
4767,33588
4767,33589
4767,33590
4767,33591
4767,33592
4767,33593
4767,33594
4767,33595
4767,33596
4767,33597
4767,33598
4767,33599
4767,33600
4767,33601
4767,33602
4767,33603
4767,33604
4767,33605
4767,33606
4767,33607
4767,33608
4767,33609
4767,33610
4767,33611
4767,33612
4767,33613
4767,33614
4768,33312
4768,33313
4768,33314
4768,33315
4768,33316
4768,33317
4768,33318
4768,33319
4768,33320
4768,33321
4768,33322
4768,33323
4768,33324
4768,33325
4768,33326
4768,33327
4768,33328
4768,33329
4768,33330
4768,33331
4768,33332
4768,33333
4768,33334
4768,33335
4768,33336
4768,33337
4768,33338
4768,33339
4768,33340
4768,33341
4768,33342
4768,33343
4768,33344
4768,33345
4768,33346
4768,33347
4768,33348
4768,33349
4768,33350
4768,33351
4768,33352
4768,33353
4768,33354
4768,33355
4768,33356
4768,33357
4768,33358
4768,33359
4768,33360
4768,33361
4768,33362
4768,33363
4768,33364
4768,33365
4768,33366
4768,33367
4768,33368
4768,33369
4768,33370
4768,33371
4768,33372
4768,33373
4768,33374
4768,33375
4768,33376
4768,33377
4768,33378
4768,33379
4768,33380
4768,33381
4768,33382
4768,33383
4768,33384
4768,33385
4768,33386
4768,33387
4768,33388
4768,33389
4768,33390
4768,33391
4768,33392
4768,33393
4768,33394
4768,33395
4768,33396
4768,33397
4768,33398
4768,33399
4768,33400
4768,33401
4768,33402
4768,33403
4768,33404
4768,33405
4768,33406
4768,33407
4768,33408
4768,33409
4768,33410
4768,33411
4768,33412
4768,33413
4768,33414
4768,33415
4768,33416
4768,33417
4768,33418
4768,33419
4768,33420
4768,33421
4768,33422
4768,33423
4768,33424
4768,33425
4768,33426
4768,33427
4768,33428
4768,33429
4768,33430
4768,33431
4768,33432
4768,33433
4768,33434
4768,33435
4768,33436
4768,33437
4768,33438
4768,33439
4768,33440
4768,33441
4768,33442
4768,33443
4768,33444
4768,33445
4768,33446
4768,33447
4768,33448
4768,33449
4768,33450
4768,33451
4768,33452
4768,33453
4768,33454
4768,33455
4768,33456
4768,33457
4768,33458
4768,33459
4768,33460
4768,33461
4768,33462
4768,33463
4768,33464
4768,33465
4768,33466
4768,33467
4768,33468
4768,33469
4768,33470
4768,33471
4768,33472
4768,33473
4768,33474
4768,33475
4768,33476
4768,33477
4768,33478
4768,33479
4768,33480
4768,33481
4768,33482
4768,33483
4768,33484
4768,33485
4768,33486
4768,33487
4768,33488
4768,33489
4768,33490
4768,33491
4768,33492
4768,33493
4768,33494
4768,33495
4768,33496
4768,33497
4768,33498
4768,33499
4768,33500
4768,33501
4768,33502
4768,33503
4768,33504
4768,33505
4768,33506
4768,33507
4768,33508
4768,33509
4768,33510
4768,33511
4768,33512
4768,33513
4768,33514
4768,33515
4768,33516
4768,33517
4768,33518
4768,33519
4768,33520
4768,33521
4768,33522
4768,33523
4768,33524
4768,33525
4768,33526
4768,33527
4768,33528
4768,33529
4768,33530
4768,33531
4768,33532
4768,33533
4768,33534
4768,33535
4768,33536
4768,33537
4768,33538
4768,33539
4768,33540
4768,33541
4768,33542
4768,33543
4768,33544
4768,33545
4768,33546
4768,33547
4768,33548
4768,33549
4768,33550
4768,33551
4768,33552
4768,33553
4768,33554
4768,33555
4768,33556
4768,33557
4768,33558
4768,33559
4768,33560
4768,33561
4768,33562
4768,33563
4768,33564
4768,33565
4768,33566
4768,33567
4768,33568
4768,33569
4768,33570
4768,33571
4768,33572
4768,33573
4768,33574
4768,33575
4768,33576
4768,33577
4768,33578
4768,33579
4768,33580
4768,33581
4768,33582
4768,33583
4768,33584
4768,33585
4768,33586
4768,33587
4768,33588
4768,33589
4768,33590
4768,33591
4768,33592
4768,33593
4768,33594
4768,33595
4768,33596
4768,33597
4768,33598
4768,33599
4768,33600
4768,33601
4768,33602
4768,33603
4768,33604
4768,33605
4768,33606
4768,33607
4768,33608
4768,33609
4768,33610
4768,33611
4768,33612
4768,33613
4768,33614
4769,33313
4769,33314
4769,33315
4769,33316
4769,33317
4769,33318
4769,33319
4769,33320
4769,33321
4769,33322
4769,33323
4769,33324
4769,33325
4769,33326
4769,33327
4769,33328
4769,33329
4769,33330
4769,33331
4769,33332
4769,33333
4769,33334
4769,33335
4769,33336
4769,33337
4769,33338
4769,33339
4769,33340
4769,33341
4769,33342
4769,33343
4769,33344
4769,33345
4769,33346
4769,33347
4769,33348
4769,33349
4769,33350
4769,33351
4769,33352
4769,33353
4769,33354
4769,33355
4769,33356
4769,33357
4769,33358
4769,33359
4769,33360
4769,33361
4769,33362
4769,33363
4769,33364
4769,33365
4769,33366
4769,33367
4769,33368
4769,33369
4769,33370
4769,33371
4769,33372
4769,33373
4769,33374
4769,33375
4769,33376
4769,33377
4769,33378
4769,33379
4769,33380
4769,33381
4769,33382
4769,33383
4769,33384
4769,33385
4769,33386
4769,33387
4769,33388
4769,33389
4769,33390
4769,33391
4769,33392
4769,33393
4769,33394
4769,33395
4769,33396
4769,33397
4769,33398
4769,33399
4769,33400
4769,33401
4769,33402
4769,33403
4769,33404
4769,33405
4769,33406
4769,33407
4769,33408
4769,33409
4769,33410
4769,33411
4769,33412
4769,33413
4769,33414
4769,33415
4769,33416
4769,33417
4769,33418
4769,33419
4769,33420
4769,33421
4769,33422
4769,33423
4769,33424
4769,33425
4769,33426
4769,33427
4769,33428
4769,33429
4769,33430
4769,33431
4769,33432
4769,33433
4769,33434
4769,33435
4769,33436
4769,33437
4769,33438
4769,33439
4769,33440
4769,33441
4769,33442
4769,33443
4769,33444
4769,33445
4769,33446
4769,33447
4769,33448
4769,33449
4769,33450
4769,33451
4769,33452
4769,33453
4769,33454
4769,33455
4769,33456
4769,33457
4769,33458
4769,33459
4769,33460
4769,33461
4769,33462
4769,33463
4769,33464
4769,33465
4769,33466
4769,33467
4769,33468
4769,33469
4769,33470
4769,33471
4769,33472
4769,33473
4769,33474
4769,33475
4769,33476
4769,33477
4769,33478
4769,33479
4769,33480
4769,33481
4769,33482
4769,33483
4769,33484
4769,33485
4769,33486
4769,33487
4769,33488
4769,33489
4769,33490
4769,33491
4769,33492
4769,33493
4769,33494
4769,33495
4769,33496
4769,33497
4769,33498
4769,33499
4769,33500
4769,33501
4769,33502
4769,33503
4769,33504
4769,33505
4769,33506
4769,33507
4769,33508
4769,33509
4769,33510
4769,33511
4769,33512
4769,33513
4769,33514
4769,33515
4769,33516
4769,33517
4769,33518
4769,33519
4769,33520
4769,33521
4769,33522
4769,33523
4769,33524
4769,33525
4769,33526
4769,33527
4769,33528
4769,33529
4769,33530
4769,33531
4769,33532
4769,33533
4769,33534
4769,33535
4769,33536
4769,33537
4769,33538
4769,33539
4769,33540
4769,33541
4769,33542
4769,33543
4769,33544
4769,33545
4769,33546
4769,33547
4769,33548
4769,33549
4769,33550
4769,33551
4769,33552
4769,33553
4769,33554
4769,33555
4769,33556
4769,33557
4769,33558
4769,33559
4769,33560
4769,33561
4769,33562
4769,33563
4769,33564
4769,33565
4769,33566
4769,33567
4769,33568
4769,33569
4769,33570
4769,33571
4769,33572
4769,33573
4769,33574
4769,33575
4769,33576
4769,33577
4769,33578
4769,33579
4769,33580
4769,33581
4769,33582
4769,33583
4769,33584
4769,33585
4769,33586
4769,33587
4769,33588
4769,33589
4769,33590
4769,33591
4769,33592
4769,33593
4769,33594
4769,33595
4769,33596
4769,33597
4769,33598
4769,33599
4769,33600
4769,33601
4769,33602
4769,33603
4769,33604
4769,33605
4769,33606
4769,33607
4769,33608
4769,33609
4769,33610
4769,33611
4769,33612
4769,33613
4769,33614
4770,33312
4770,33313
4770,33314
4770,33315
4770,33316
4770,33317
4770,33318
4770,33319
4770,33320
4770,33321
4770,33322
4770,33323
4770,33324
4770,33325
4770,33326
4770,33327
4770,33328
4770,33329
4770,33330
4770,33331
4770,33332
4770,33333
4770,33334
4770,33335
4770,33336
4770,33337
4770,33338
4770,33339
4770,33340
4770,33341
4770,33342
4770,33343
4770,33344
4770,33345
4770,33346
4770,33347
4770,33348
4770,33349
4770,33350
4770,33351
4770,33352
4770,33353
4770,33354
4770,33355
4770,33356
4770,33357
4770,33358
4770,33359
4770,33360
4770,33361
4770,33362
4770,33363
4770,33364
4770,33365
4770,33366
4770,33367
4770,33368
4770,33369
4770,33370
4770,33371
4770,33372
4770,33373
4770,33374
4770,33375
4770,33376
4770,33377
4770,33378
4770,33379
4770,33380
4770,33381
4770,33382
4770,33383
4770,33384
4770,33385
4770,33386
4770,33387
4770,33388
4770,33389
4770,33390
4770,33391
4770,33392
4770,33393
4770,33394
4770,33395
4770,33396
4770,33397
4770,33398
4770,33399
4770,33400
4770,33401
4770,33402
4770,33403
4770,33404
4770,33405
4770,33406
4770,33407
4770,33408
4770,33409
4770,33410
4770,33411
4770,33412
4770,33413
4770,33414
4770,33415
4770,33416
4770,33417
4770,33418
4770,33419
4770,33420
4770,33421
4770,33422
4770,33423
4770,33424
4770,33425
4770,33426
4770,33427
4770,33428
4770,33429
4770,33430
4770,33431
4770,33432
4770,33433
4770,33434
4770,33435
4770,33436
4770,33437
4770,33438
4770,33439
4770,33440
4770,33441
4770,33442
4770,33443
4770,33444
4770,33445
4770,33446
4770,33447
4770,33448
4770,33449
4770,33450
4770,33451
4770,33452
4770,33453
4770,33454
4770,33455
4770,33456
4770,33457
4770,33458
4770,33459
4770,33460
4770,33461
4770,33462
4770,33463
4770,33464
4770,33465
4770,33466
4770,33467
4770,33468
4770,33469
4770,33470
4770,33471
4770,33472
4770,33473
4770,33474
4770,33475
4770,33476
4770,33477
4770,33478
4770,33479
4770,33480
4770,33481
4770,33482
4770,33483
4770,33484
4770,33485
4770,33486
4770,33487
4770,33488
4770,33489
4770,33490
4770,33491
4770,33492
4770,33493
4770,33494
4770,33495
4770,33496
4770,33497
4770,33498
4770,33499
4770,33500
4770,33501
4770,33502
4770,33503
4770,33504
4770,33505
4770,33506
4770,33507
4770,33508
4770,33509
4770,33510
4770,33511
4770,33512
4770,33513
4770,33514
4770,33515
4770,33516
4770,33517
4770,33518
4770,33519
4770,33520
4770,33521
4770,33522
4770,33523
4770,33524
4770,33525
4770,33526
4770,33527
4770,33528
4770,33529
4770,33530
4770,33531
4770,33532
4770,33533
4770,33534
4770,33535
4770,33536
4770,33537
4770,33538
4770,33539
4770,33540
4770,33541
4770,33542
4770,33543
4770,33544
4770,33545
4770,33546
4770,33547
4770,33548
4770,33549
4770,33550
4770,33551
4770,33552
4770,33553
4770,33554
4770,33555
4770,33556
4770,33557
4770,33558
4770,33559
4770,33560
4770,33561
4770,33562
4770,33563
4770,33564
4770,33565
4770,33566
4770,33567
4770,33568
4770,33569
4770,33570
4770,33571
4770,33572
4770,33573
4770,33574
4770,33575
4770,33576
4770,33577
4770,33578
4770,33579
4770,33580
4770,33581
4770,33582
4770,33583
4770,33584
4770,33585
4770,33586
4770,33587
4770,33588
4770,33589
4770,33590
4770,33591
4770,33592
4770,33593
4770,33594
4770,33595
4770,33596
4770,33597
4770,33598
4770,33599
4770,33600
4770,33601
4770,33602
4770,33603
4770,33604
4770,33605
4770,33606
4770,33607
4770,33608
4770,33609
4770,33610
4770,33611
4770,33612
4770,33613
4770,33614
4770,33615
4771,33312
4771,33313
4771,33314
4771,33315
4771,33316
4771,33317
4771,33318
4771,33319
4771,33320
4771,33321
4771,33322
4771,33323
4771,33324
4771,33325
4771,33326
4771,33327
4771,33328
4771,33329
4771,33330
4771,33331
4771,33332
4771,33333
4771,33334
4771,33335
4771,33336
4771,33337
4771,33338
4771,33339
4771,33340
4771,33341
4771,33342
4771,33343
4771,33344
4771,33345
4771,33346
4771,33347
4771,33348
4771,33349
4771,33350
4771,33351
4771,33352
4771,33353
4771,33354
4771,33355
4771,33356
4771,33357
4771,33358
4771,33359
4771,33360
4771,33361
4771,33362
4771,33363
4771,33364
4771,33365
4771,33366
4771,33367
4771,33368
4771,33369
4771,33370
4771,33371
4771,33372
4771,33373
4771,33374
4771,33375
4771,33376
4771,33377
4771,33378
4771,33379
4771,33380
4771,33381
4771,33382
4771,33383
4771,33384
4771,33385
4771,33386
4771,33387
4771,33388
4771,33389
4771,33390
4771,33391
4771,33392
4771,33393
4771,33394
4771,33395
4771,33396
4771,33397
4771,33398
4771,33399
4771,33400
4771,33401
4771,33402
4771,33403
4771,33404
4771,33405
4771,33406
4771,33407
4771,33408
4771,33409
4771,33410
4771,33411
4771,33412
4771,33413
4771,33414
4771,33415
4771,33416
4771,33417
4771,33418
4771,33419
4771,33420
4771,33421
4771,33422
4771,33423
4771,33424
4771,33425
4771,33426
4771,33427
4771,33428
4771,33429
4771,33430
4771,33431
4771,33432
4771,33433
4771,33434
4771,33435
4771,33436
4771,33437
4771,33438
4771,33439
4771,33440
4771,33441
4771,33442
4771,33443
4771,33444
4771,33445
4771,33446
4771,33447
4771,33448
4771,33449
4771,33450
4771,33451
4771,33452
4771,33453
4771,33454
4771,33455
4771,33456
4771,33457
4771,33458
4771,33459
4771,33460
4771,33461
4771,33462
4771,33463
4771,33464
4771,33465
4771,33466
4771,33467
4771,33468
4771,33469
4771,33470
4771,33471
4771,33472
4771,33473
4771,33474
4771,33475
4771,33476
4771,33477
4771,33478
4771,33479
4771,33480
4771,33481
4771,33482
4771,33483
4771,33484
4771,33485
4771,33486
4771,33487
4771,33488
4771,33489
4771,33490
4771,33491
4771,33492
4771,33493
4771,33494
4771,33495
4771,33496
4771,33497
4771,33498
4771,33499
4771,33500
4771,33501
4771,33502
4771,33503
4771,33504
4771,33505
4771,33506
4771,33507
4771,33508
4771,33509
4771,33510
4771,33511
4771,33512
4771,33513
4771,33514
4771,33515
4771,33516
4771,33517
4771,33518
4771,33519
4771,33520
4771,33521
4771,33522
4771,33523
4771,33524
4771,33525
4771,33526
4771,33527
4771,33528
4771,33529
4771,33530
4771,33531
4771,33532
4771,33533
4771,33534
4771,33535
4771,33536
4771,33537
4771,33538
4771,33539
4771,33540
4771,33541
4771,33542
4771,33543
4771,33544
4771,33545
4771,33546
4771,33547
4771,33548
4771,33549
4771,33550
4771,33551
4771,33552
4771,33553
4771,33554
4771,33555
4771,33556
4771,33557
4771,33558
4771,33559
4771,33560
4771,33561
4771,33562
4771,33563
4771,33564
4771,33565
4771,33566
4771,33567
4771,33568
4771,33569
4771,33570
4771,33571
4771,33572
4771,33573
4771,33574
4771,33575
4771,33576
4771,33577
4771,33578
4771,33579
4771,33580
4771,33581
4771,33582
4771,33583
4771,33584
4771,33585
4771,33586
4771,33587
4771,33588
4771,33589
4771,33590
4771,33591
4771,33592
4771,33593
4771,33594
4771,33595
4771,33596
4771,33597
4771,33598
4771,33599
4771,33600
4771,33601
4771,33602
4771,33603
4771,33604
4771,33605
4771,33606
4771,33607
4771,33608
4771,33609
4771,33610
4771,33611
4771,33612
4771,33613
4771,33614
4771,33615
4772,33313
4772,33314
4772,33315
4772,33316
4772,33317
4772,33318
4772,33319
4772,33320
4772,33321
4772,33322
4772,33323
4772,33324
4772,33325
4772,33326
4772,33327
4772,33328
4772,33329
4772,33330
4772,33331
4772,33332
4772,33333
4772,33334
4772,33335
4772,33336
4772,33337
4772,33338
4772,33339
4772,33340
4772,33341
4772,33342
4772,33343
4772,33344
4772,33345
4772,33346
4772,33347
4772,33348
4772,33349
4772,33350
4772,33351
4772,33352
4772,33353
4772,33354
4772,33355
4772,33356
4772,33357
4772,33358
4772,33359
4772,33360
4772,33361
4772,33362
4772,33363
4772,33364
4772,33365
4772,33366
4772,33367
4772,33368
4772,33369
4772,33370
4772,33371
4772,33372
4772,33373
4772,33374
4772,33375
4772,33376
4772,33377
4772,33378
4772,33379
4772,33380
4772,33381
4772,33382
4772,33383
4772,33384
4772,33385
4772,33386
4772,33387
4772,33388
4772,33389
4772,33390
4772,33391
4772,33392
4772,33393
4772,33394
4772,33395
4772,33396
4772,33397
4772,33398
4772,33399
4772,33400
4772,33401
4772,33402
4772,33403
4772,33404
4772,33405
4772,33406
4772,33407
4772,33408
4772,33409
4772,33410
4772,33411
4772,33412
4772,33413
4772,33414
4772,33415
4772,33416
4772,33417
4772,33418
4772,33419
4772,33420
4772,33421
4772,33422
4772,33423
4772,33424
4772,33425
4772,33426
4772,33427
4772,33428
4772,33429
4772,33430
4772,33431
4772,33432
4772,33433
4772,33434
4772,33435
4772,33436
4772,33437
4772,33438
4772,33439
4772,33440
4772,33441
4772,33442
4772,33443
4772,33444
4772,33445
4772,33446
4772,33447
4772,33448
4772,33449
4772,33450
4772,33451
4772,33452
4772,33453
4772,33454
4772,33455
4772,33456
4772,33457
4772,33458
4772,33459
4772,33460
4772,33461
4772,33462
4772,33463
4772,33464
4772,33465
4772,33466
4772,33467
4772,33468
4772,33469
4772,33470
4772,33471
4772,33472
4772,33473
4772,33474
4772,33475
4772,33476
4772,33477
4772,33478
4772,33479
4772,33480
4772,33481
4772,33482
4772,33483
4772,33484
4772,33485
4772,33486
4772,33487
4772,33488
4772,33489
4772,33490
4772,33491
4772,33492
4772,33493
4772,33494
4772,33495
4772,33496
4772,33497
4772,33498
4772,33499
4772,33500
4772,33501
4772,33502
4772,33503
4772,33504
4772,33505
4772,33506
4772,33507
4772,33508
4772,33509
4772,33510
4772,33511
4772,33512
4772,33513
4772,33514
4772,33515
4772,33516
4772,33517
4772,33518
4772,33519
4772,33520
4772,33521
4772,33522
4772,33523
4772,33524
4772,33525
4772,33526
4772,33527
4772,33528
4772,33529
4772,33530
4772,33531
4772,33532
4772,33533
4772,33534
4772,33535
4772,33536
4772,33537
4772,33538
4772,33539
4772,33540
4772,33541
4772,33542
4772,33543
4772,33544
4772,33545
4772,33546
4772,33547
4772,33548
4772,33549
4772,33550
4772,33551
4772,33552
4772,33553
4772,33554
4772,33555
4772,33556
4772,33557
4772,33558
4772,33559
4772,33560
4772,33561
4772,33562
4772,33563
4772,33564
4772,33565
4772,33566
4772,33567
4772,33568
4772,33569
4772,33570
4772,33571
4772,33572
4772,33573
4772,33574
4772,33575
4772,33576
4772,33577
4772,33578
4772,33579
4772,33580
4772,33581
4772,33582
4772,33583
4772,33584
4772,33585
4772,33586
4772,33587
4772,33588
4772,33589
4772,33590
4772,33591
4772,33592
4772,33593
4772,33594
4772,33595
4772,33596
4772,33597
4772,33598
4772,33599
4772,33600
4772,33601
4772,33602
4772,33603
4772,33604
4772,33605
4772,33606
4772,33607
4772,33608
4772,33609
4772,33610
4772,33611
4772,33612
4772,33613
4772,33614
4772,33615
4772,33616
4773,33313
4773,33314
4773,33315
4773,33316
4773,33317
4773,33318
4773,33319
4773,33320
4773,33321
4773,33322
4773,33323
4773,33324
4773,33325
4773,33326
4773,33327
4773,33328
4773,33329
4773,33330
4773,33331
4773,33332
4773,33333
4773,33334
4773,33335
4773,33336
4773,33337
4773,33338
4773,33339
4773,33340
4773,33341
4773,33342
4773,33343
4773,33344
4773,33345
4773,33346
4773,33347
4773,33348
4773,33349
4773,33350
4773,33351
4773,33352
4773,33353
4773,33354
4773,33355
4773,33356
4773,33357
4773,33358
4773,33359
4773,33360
4773,33361
4773,33362
4773,33363
4773,33364
4773,33365
4773,33366
4773,33367
4773,33368
4773,33369
4773,33370
4773,33371
4773,33372
4773,33373
4773,33374
4773,33375
4773,33376
4773,33377
4773,33378
4773,33379
4773,33380
4773,33381
4773,33382
4773,33383
4773,33384
4773,33385
4773,33386
4773,33387
4773,33388
4773,33389
4773,33390
4773,33391
4773,33392
4773,33393
4773,33394
4773,33395
4773,33396
4773,33397
4773,33398
4773,33399
4773,33400
4773,33401
4773,33402
4773,33403
4773,33404
4773,33405
4773,33406
4773,33407
4773,33408
4773,33409
4773,33410
4773,33411
4773,33412
4773,33413
4773,33414
4773,33415
4773,33416
4773,33417
4773,33418
4773,33419
4773,33420
4773,33421
4773,33422
4773,33423
4773,33424
4773,33425
4773,33426
4773,33427
4773,33428
4773,33429
4773,33430
4773,33431
4773,33432
4773,33433
4773,33434
4773,33435
4773,33436
4773,33437
4773,33438
4773,33439
4773,33440
4773,33441
4773,33442
4773,33443
4773,33444
4773,33445
4773,33446
4773,33447
4773,33448
4773,33449
4773,33450
4773,33451
4773,33452
4773,33453
4773,33454
4773,33455
4773,33456
4773,33457
4773,33458
4773,33459
4773,33460
4773,33461
4773,33462
4773,33463
4773,33464
4773,33465
4773,33466
4773,33467
4773,33468
4773,33469
4773,33470
4773,33471
4773,33472
4773,33473
4773,33474
4773,33475
4773,33476
4773,33477
4773,33478
4773,33479
4773,33480
4773,33481
4773,33482
4773,33483
4773,33484
4773,33485
4773,33486
4773,33487
4773,33488
4773,33489
4773,33490
4773,33491
4773,33492
4773,33493
4773,33494
4773,33495
4773,33496
4773,33497
4773,33498
4773,33499
4773,33500
4773,33501
4773,33502
4773,33503
4773,33504
4773,33505
4773,33506
4773,33507
4773,33508
4773,33509
4773,33510
4773,33511
4773,33512
4773,33513
4773,33514
4773,33515
4773,33516
4773,33517
4773,33518
4773,33519
4773,33520
4773,33521
4773,33522
4773,33523
4773,33524
4773,33525
4773,33526
4773,33527
4773,33528
4773,33529
4773,33530
4773,33531
4773,33532
4773,33533
4773,33534
4773,33535
4773,33536
4773,33537
4773,33538
4773,33539
4773,33540
4773,33541
4773,33542
4773,33543
4773,33544
4773,33545
4773,33546
4773,33547
4773,33548
4773,33549
4773,33550
4773,33551
4773,33552
4773,33553
4773,33554
4773,33555
4773,33556
4773,33557
4773,33558
4773,33559
4773,33560
4773,33561
4773,33562
4773,33563
4773,33564
4773,33565
4773,33566
4773,33567
4773,33568
4773,33569
4773,33570
4773,33571
4773,33572
4773,33573
4773,33574
4773,33575
4773,33576
4773,33577
4773,33578
4773,33579
4773,33580
4773,33581
4773,33582
4773,33583
4773,33584
4773,33585
4773,33586
4773,33587
4773,33588
4773,33589
4773,33590
4773,33591
4773,33592
4773,33593
4773,33594
4773,33595
4773,33596
4773,33597
4773,33598
4773,33599
4773,33600
4773,33601
4773,33602
4773,33603
4773,33604
4773,33605
4773,33606
4773,33607
4773,33608
4773,33609
4773,33610
4773,33611
4773,33612
4773,33613
4773,33614
4773,33615
4773,33616
4773,33617
4774,33313
4774,33314
4774,33315
4774,33316
4774,33317
4774,33318
4774,33319
4774,33320
4774,33321
4774,33322
4774,33323
4774,33324
4774,33325
4774,33326
4774,33327
4774,33328
4774,33329
4774,33330
4774,33331
4774,33332
4774,33333
4774,33334
4774,33335
4774,33336
4774,33337
4774,33338
4774,33339
4774,33340
4774,33341
4774,33342
4774,33343
4774,33344
4774,33345
4774,33346
4774,33347
4774,33348
4774,33349
4774,33350
4774,33351
4774,33352
4774,33353
4774,33354
4774,33355
4774,33356
4774,33357
4774,33358
4774,33359
4774,33360
4774,33361
4774,33362
4774,33363
4774,33364
4774,33365
4774,33366
4774,33367
4774,33368
4774,33369
4774,33370
4774,33371
4774,33372
4774,33373
4774,33374
4774,33375
4774,33376
4774,33377
4774,33378
4774,33379
4774,33380
4774,33381
4774,33382
4774,33383
4774,33384
4774,33385
4774,33386
4774,33387
4774,33388
4774,33389
4774,33390
4774,33391
4774,33392
4774,33393
4774,33394
4774,33395
4774,33396
4774,33397
4774,33398
4774,33399
4774,33400
4774,33401
4774,33402
4774,33403
4774,33404
4774,33405
4774,33406
4774,33407
4774,33408
4774,33409
4774,33410
4774,33411
4774,33412
4774,33413
4774,33414
4774,33415
4774,33416
4774,33417
4774,33418
4774,33419
4774,33420
4774,33421
4774,33422
4774,33423
4774,33424
4774,33425
4774,33426
4774,33427
4774,33428
4774,33429
4774,33430
4774,33431
4774,33432
4774,33433
4774,33434
4774,33435
4774,33436
4774,33437
4774,33438
4774,33439
4774,33440
4774,33441
4774,33442
4774,33443
4774,33444
4774,33445
4774,33446
4774,33447
4774,33448
4774,33449
4774,33450
4774,33451
4774,33452
4774,33453
4774,33454
4774,33455
4774,33456
4774,33457
4774,33458
4774,33459
4774,33460
4774,33461
4774,33462
4774,33463
4774,33464
4774,33465
4774,33466
4774,33467
4774,33468
4774,33469
4774,33470
4774,33471
4774,33472
4774,33473
4774,33474
4774,33475
4774,33476
4774,33477
4774,33478
4774,33479
4774,33480
4774,33481
4774,33482
4774,33483
4774,33484
4774,33485
4774,33486
4774,33487
4774,33488
4774,33489
4774,33490
4774,33491
4774,33492
4774,33493
4774,33494
4774,33495
4774,33496
4774,33497
4774,33498
4774,33499
4774,33500
4774,33501
4774,33502
4774,33503
4774,33504
4774,33505
4774,33506
4774,33507
4774,33508
4774,33509
4774,33510
4774,33511
4774,33512
4774,33513
4774,33514
4774,33515
4774,33516
4774,33517
4774,33518
4774,33519
4774,33520
4774,33521
4774,33522
4774,33523
4774,33524
4774,33525
4774,33526
4774,33527
4774,33528
4774,33529
4774,33530
4774,33531
4774,33532
4774,33533
4774,33534
4774,33535
4774,33536
4774,33537
4774,33538
4774,33539
4774,33540
4774,33541
4774,33542
4774,33543
4774,33544
4774,33545
4774,33546
4774,33547
4774,33548
4774,33549
4774,33550
4774,33551
4774,33552
4774,33553
4774,33554
4774,33555
4774,33556
4774,33557
4774,33558
4774,33559
4774,33560
4774,33561
4774,33562
4774,33563
4774,33564
4774,33565
4774,33566
4774,33567
4774,33568
4774,33569
4774,33570
4774,33571
4774,33572
4774,33573
4774,33574
4774,33575
4774,33576
4774,33577
4774,33578
4774,33579
4774,33580
4774,33581
4774,33582
4774,33583
4774,33584
4774,33585
4774,33586
4774,33587
4774,33588
4774,33589
4774,33590
4774,33591
4774,33592
4774,33593
4774,33594
4774,33595
4774,33596
4774,33597
4774,33598
4774,33599
4774,33600
4774,33601
4774,33602
4774,33603
4774,33604
4774,33605
4774,33606
4774,33607
4774,33608
4774,33609
4774,33610
4774,33611
4774,33612
4774,33613
4774,33614
4774,33615
4774,33616
4774,33617
4775,33313
4775,33314
4775,33315
4775,33316
4775,33317
4775,33318
4775,33319
4775,33320
4775,33321
4775,33322
4775,33323
4775,33324
4775,33325
4775,33326
4775,33327
4775,33328
4775,33329
4775,33330
4775,33331
4775,33332
4775,33333
4775,33334
4775,33335
4775,33336
4775,33337
4775,33338
4775,33339
4775,33340
4775,33341
4775,33342
4775,33343
4775,33344
4775,33345
4775,33346
4775,33347
4775,33348
4775,33349
4775,33350
4775,33351
4775,33352
4775,33353
4775,33354
4775,33355
4775,33356
4775,33357
4775,33358
4775,33359
4775,33360
4775,33361
4775,33362
4775,33363
4775,33364
4775,33365
4775,33366
4775,33367
4775,33368
4775,33369
4775,33370
4775,33371
4775,33372
4775,33373
4775,33374
4775,33375
4775,33376
4775,33377
4775,33378
4775,33379
4775,33380
4775,33381
4775,33382
4775,33383
4775,33384
4775,33385
4775,33386
4775,33387
4775,33388
4775,33389
4775,33390
4775,33391
4775,33392
4775,33393
4775,33394
4775,33395
4775,33396
4775,33397
4775,33398
4775,33399
4775,33400
4775,33401
4775,33402
4775,33403
4775,33404
4775,33405
4775,33406
4775,33407
4775,33408
4775,33409
4775,33410
4775,33411
4775,33412
4775,33413
4775,33414
4775,33415
4775,33416
4775,33417
4775,33418
4775,33419
4775,33420
4775,33421
4775,33422
4775,33423
4775,33424
4775,33425
4775,33426
4775,33427
4775,33428
4775,33429
4775,33430
4775,33431
4775,33432
4775,33433
4775,33434
4775,33435
4775,33436
4775,33437
4775,33438
4775,33439
4775,33440
4775,33441
4775,33442
4775,33443
4775,33444
4775,33445
4775,33446
4775,33447
4775,33448
4775,33449
4775,33450
4775,33451
4775,33452
4775,33453
4775,33454
4775,33455
4775,33456
4775,33457
4775,33458
4775,33459
4775,33460
4775,33461
4775,33462
4775,33463
4775,33464
4775,33465
4775,33466
4775,33467
4775,33468
4775,33469
4775,33470
4775,33471
4775,33472
4775,33473
4775,33474
4775,33475
4775,33476
4775,33477
4775,33478
4775,33479
4775,33480
4775,33481
4775,33482
4775,33483
4775,33484
4775,33485
4775,33486
4775,33487
4775,33488
4775,33489
4775,33490
4775,33491
4775,33492
4775,33493
4775,33494
4775,33495
4775,33496
4775,33497
4775,33498
4775,33499
4775,33500
4775,33501
4775,33502
4775,33503
4775,33504
4775,33505
4775,33506
4775,33507
4775,33508
4775,33509
4775,33510
4775,33511
4775,33512
4775,33513
4775,33514
4775,33515
4775,33516
4775,33517
4775,33518
4775,33519
4775,33520
4775,33521
4775,33522
4775,33523
4775,33524
4775,33525
4775,33526
4775,33527
4775,33528
4775,33529
4775,33530
4775,33531
4775,33532
4775,33533
4775,33534
4775,33535
4775,33536
4775,33537
4775,33538
4775,33539
4775,33540
4775,33541
4775,33542
4775,33543
4775,33544
4775,33545
4775,33546
4775,33547
4775,33548
4775,33549
4775,33550
4775,33551
4775,33552
4775,33553
4775,33554
4775,33555
4775,33556
4775,33557
4775,33558
4775,33559
4775,33560
4775,33561
4775,33562
4775,33563
4775,33564
4775,33565
4775,33566
4775,33567
4775,33568
4775,33569
4775,33570
4775,33571
4775,33572
4775,33573
4775,33574
4775,33575
4775,33576
4775,33577
4775,33578
4775,33579
4775,33580
4775,33581
4775,33582
4775,33583
4775,33584
4775,33585
4775,33586
4775,33587
4775,33588
4775,33589
4775,33590
4775,33591
4775,33592
4775,33593
4775,33594
4775,33595
4775,33596
4775,33597
4775,33598
4775,33599
4775,33600
4775,33601
4775,33602
4775,33603
4775,33604
4775,33605
4775,33606
4775,33607
4775,33608
4775,33609
4775,33610
4775,33611
4775,33612
4775,33613
4775,33614
4775,33615
4775,33616
4775,33617
4776,33313
4776,33314
4776,33315
4776,33316
4776,33317
4776,33318
4776,33319
4776,33320
4776,33321
4776,33322
4776,33323
4776,33324
4776,33325
4776,33326
4776,33327
4776,33328
4776,33329
4776,33330
4776,33331
4776,33332
4776,33333
4776,33334
4776,33335
4776,33336
4776,33337
4776,33338
4776,33339
4776,33340
4776,33341
4776,33342
4776,33343
4776,33344
4776,33345
4776,33346
4776,33347
4776,33348
4776,33349
4776,33350
4776,33351
4776,33352
4776,33353
4776,33354
4776,33355
4776,33356
4776,33357
4776,33358
4776,33359
4776,33360
4776,33361
4776,33362
4776,33363
4776,33364
4776,33365
4776,33366
4776,33367
4776,33368
4776,33369
4776,33370
4776,33371
4776,33372
4776,33373
4776,33374
4776,33375
4776,33376
4776,33377
4776,33378
4776,33379
4776,33380
4776,33381
4776,33382
4776,33383
4776,33384
4776,33385
4776,33386
4776,33387
4776,33388
4776,33389
4776,33390
4776,33391
4776,33392
4776,33393
4776,33394
4776,33395
4776,33396
4776,33397
4776,33398
4776,33399
4776,33400
4776,33401
4776,33402
4776,33403
4776,33404
4776,33405
4776,33406
4776,33407
4776,33408
4776,33409
4776,33410
4776,33411
4776,33412
4776,33413
4776,33414
4776,33415
4776,33416
4776,33417
4776,33418
4776,33419
4776,33420
4776,33421
4776,33422
4776,33423
4776,33424
4776,33425
4776,33426
4776,33427
4776,33428
4776,33429
4776,33430
4776,33431
4776,33432
4776,33433
4776,33434
4776,33435
4776,33436
4776,33437
4776,33438
4776,33439
4776,33440
4776,33441
4776,33442
4776,33443
4776,33444
4776,33445
4776,33446
4776,33447
4776,33448
4776,33449
4776,33450
4776,33451
4776,33452
4776,33453
4776,33454
4776,33455
4776,33456
4776,33457
4776,33458
4776,33459
4776,33460
4776,33461
4776,33462
4776,33463
4776,33464
4776,33465
4776,33466
4776,33467
4776,33468
4776,33469
4776,33470
4776,33471
4776,33472
4776,33473
4776,33474
4776,33475
4776,33476
4776,33477
4776,33478
4776,33479
4776,33480
4776,33481
4776,33482
4776,33483
4776,33484
4776,33485
4776,33486
4776,33487
4776,33488
4776,33489
4776,33490
4776,33491
4776,33492
4776,33493
4776,33494
4776,33495
4776,33496
4776,33497
4776,33498
4776,33499
4776,33500
4776,33501
4776,33502
4776,33503
4776,33504
4776,33505
4776,33506
4776,33507
4776,33508
4776,33509
4776,33510
4776,33511
4776,33512
4776,33513
4776,33514
4776,33515
4776,33516
4776,33517
4776,33518
4776,33519
4776,33520
4776,33521
4776,33522
4776,33523
4776,33524
4776,33525
4776,33526
4776,33527
4776,33528
4776,33529
4776,33530
4776,33531
4776,33532
4776,33533
4776,33534
4776,33535
4776,33536
4776,33537
4776,33538
4776,33539
4776,33540
4776,33541
4776,33542
4776,33543
4776,33544
4776,33545
4776,33546
4776,33547
4776,33548
4776,33549
4776,33550
4776,33551
4776,33552
4776,33553
4776,33554
4776,33555
4776,33556
4776,33557
4776,33558
4776,33559
4776,33560
4776,33561
4776,33562
4776,33563
4776,33564
4776,33565
4776,33566
4776,33567
4776,33568
4776,33569
4776,33570
4776,33571
4776,33572
4776,33573
4776,33574
4776,33575
4776,33576
4776,33577
4776,33578
4776,33579
4776,33580
4776,33581
4776,33582
4776,33583
4776,33584
4776,33585
4776,33586
4776,33587
4776,33588
4776,33589
4776,33590
4776,33591
4776,33592
4776,33593
4776,33594
4776,33595
4776,33596
4776,33597
4776,33598
4776,33599
4776,33600
4776,33601
4776,33602
4776,33603
4776,33604
4776,33605
4776,33606
4776,33607
4776,33608
4776,33609
4776,33610
4776,33611
4776,33612
4776,33613
4776,33614
4776,33615
4776,33616
4776,33617
4776,33618
4777,33314
4777,33315
4777,33316
4777,33317
4777,33318
4777,33319
4777,33320
4777,33321
4777,33322
4777,33323
4777,33324
4777,33325
4777,33326
4777,33327
4777,33328
4777,33329
4777,33330
4777,33331
4777,33332
4777,33333
4777,33334
4777,33335
4777,33336
4777,33337
4777,33338
4777,33339
4777,33340
4777,33341
4777,33342
4777,33343
4777,33344
4777,33345
4777,33346
4777,33347
4777,33348
4777,33349
4777,33350
4777,33351
4777,33352
4777,33353
4777,33354
4777,33355
4777,33356
4777,33357
4777,33358
4777,33359
4777,33360
4777,33361
4777,33362
4777,33363
4777,33364
4777,33365
4777,33366
4777,33367
4777,33368
4777,33369
4777,33370
4777,33371
4777,33372
4777,33373
4777,33374
4777,33375
4777,33376
4777,33377
4777,33378
4777,33379
4777,33380
4777,33381
4777,33382
4777,33383
4777,33384
4777,33385
4777,33386
4777,33387
4777,33388
4777,33389
4777,33390
4777,33391
4777,33392
4777,33393
4777,33394
4777,33395
4777,33396
4777,33397
4777,33398
4777,33399
4777,33400
4777,33401
4777,33402
4777,33403
4777,33404
4777,33405
4777,33406
4777,33407
4777,33408
4777,33409
4777,33410
4777,33411
4777,33412
4777,33413
4777,33414
4777,33415
4777,33416
4777,33417
4777,33418
4777,33419
4777,33420
4777,33421
4777,33422
4777,33423
4777,33424
4777,33425
4777,33426
4777,33427
4777,33428
4777,33429
4777,33430
4777,33431
4777,33432
4777,33433
4777,33434
4777,33435
4777,33436
4777,33437
4777,33438
4777,33439
4777,33440
4777,33441
4777,33442
4777,33443
4777,33444
4777,33445
4777,33446
4777,33447
4777,33448
4777,33449
4777,33450
4777,33451
4777,33452
4777,33453
4777,33454
4777,33455
4777,33456
4777,33457
4777,33458
4777,33459
4777,33460
4777,33461
4777,33462
4777,33463
4777,33464
4777,33465
4777,33466
4777,33467
4777,33468
4777,33469
4777,33470
4777,33471
4777,33472
4777,33473
4777,33474
4777,33475
4777,33476
4777,33477
4777,33478
4777,33479
4777,33480
4777,33481
4777,33482
4777,33483
4777,33484
4777,33485
4777,33486
4777,33487
4777,33488
4777,33489
4777,33490
4777,33491
4777,33492
4777,33493
4777,33494
4777,33495
4777,33496
4777,33497
4777,33498
4777,33499
4777,33500
4777,33501
4777,33502
4777,33503
4777,33504
4777,33505
4777,33506
4777,33507
4777,33508
4777,33509
4777,33510
4777,33511
4777,33512
4777,33513
4777,33514
4777,33515
4777,33516
4777,33517
4777,33518
4777,33519
4777,33520
4777,33521
4777,33522
4777,33523
4777,33524
4777,33525
4777,33526
4777,33527
4777,33528
4777,33529
4777,33530
4777,33531
4777,33532
4777,33533
4777,33534
4777,33535
4777,33536
4777,33537
4777,33538
4777,33539
4777,33540
4777,33541
4777,33542
4777,33543
4777,33544
4777,33545
4777,33546
4777,33547
4777,33548
4777,33549
4777,33550
4777,33551
4777,33552
4777,33553
4777,33554
4777,33555
4777,33556
4777,33557
4777,33558
4777,33559
4777,33560
4777,33561
4777,33562
4777,33563
4777,33564
4777,33565
4777,33566
4777,33567
4777,33568
4777,33569
4777,33570
4777,33571
4777,33572
4777,33573
4777,33574
4777,33575
4777,33576
4777,33577
4777,33578
4777,33579
4777,33580
4777,33581
4777,33582
4777,33583
4777,33584
4777,33585
4777,33586
4777,33587
4777,33588
4777,33589
4777,33590
4777,33591
4777,33592
4777,33593
4777,33594
4777,33595
4777,33596
4777,33597
4777,33598
4777,33599
4777,33600
4777,33601
4777,33602
4777,33603
4777,33604
4777,33605
4777,33606
4777,33607
4777,33608
4777,33609
4777,33610
4777,33611
4777,33612
4777,33613
4777,33614
4777,33615
4777,33616
4777,33617
4777,33618
4778,33314
4778,33315
4778,33316
4778,33317
4778,33318
4778,33319
4778,33320
4778,33321
4778,33322
4778,33323
4778,33324
4778,33325
4778,33326
4778,33327
4778,33328
4778,33329
4778,33330
4778,33331
4778,33332
4778,33333
4778,33334
4778,33335
4778,33336
4778,33337
4778,33338
4778,33339
4778,33340
4778,33341
4778,33342
4778,33343
4778,33344
4778,33345
4778,33346
4778,33347
4778,33348
4778,33349
4778,33350
4778,33351
4778,33352
4778,33353
4778,33354
4778,33355
4778,33356
4778,33357
4778,33358
4778,33359
4778,33360
4778,33361
4778,33362
4778,33363
4778,33364
4778,33365
4778,33366
4778,33367
4778,33368
4778,33369
4778,33370
4778,33371
4778,33372
4778,33373
4778,33374
4778,33375
4778,33376
4778,33377
4778,33378
4778,33379
4778,33380
4778,33381
4778,33382
4778,33383
4778,33384
4778,33385
4778,33386
4778,33387
4778,33388
4778,33389
4778,33390
4778,33391
4778,33392
4778,33393
4778,33394
4778,33395
4778,33396
4778,33397
4778,33398
4778,33399
4778,33400
4778,33401
4778,33402
4778,33403
4778,33404
4778,33405
4778,33406
4778,33407
4778,33408
4778,33409
4778,33410
4778,33411
4778,33412
4778,33413
4778,33414
4778,33415
4778,33416
4778,33417
4778,33418
4778,33419
4778,33420
4778,33421
4778,33422
4778,33423
4778,33424
4778,33425
4778,33426
4778,33427
4778,33428
4778,33429
4778,33430
4778,33431
4778,33432
4778,33433
4778,33434
4778,33435
4778,33436
4778,33437
4778,33438
4778,33439
4778,33440
4778,33441
4778,33442
4778,33443
4778,33444
4778,33445
4778,33446
4778,33447
4778,33448
4778,33449
4778,33450
4778,33451
4778,33452
4778,33453
4778,33454
4778,33455
4778,33456
4778,33457
4778,33458
4778,33459
4778,33460
4778,33461
4778,33462
4778,33463
4778,33464
4778,33465
4778,33466
4778,33467
4778,33468
4778,33469
4778,33470
4778,33471
4778,33472
4778,33473
4778,33474
4778,33475
4778,33476
4778,33477
4778,33478
4778,33479
4778,33480
4778,33481
4778,33482
4778,33483
4778,33484
4778,33485
4778,33486
4778,33487
4778,33488
4778,33489
4778,33490
4778,33491
4778,33492
4778,33493
4778,33494
4778,33495
4778,33496
4778,33497
4778,33498
4778,33499
4778,33500
4778,33501
4778,33502
4778,33503
4778,33504
4778,33505
4778,33506
4778,33507
4778,33508
4778,33509
4778,33510
4778,33511
4778,33512
4778,33513
4778,33514
4778,33515
4778,33516
4778,33517
4778,33518
4778,33519
4778,33520
4778,33521
4778,33522
4778,33523
4778,33524
4778,33525
4778,33526
4778,33527
4778,33528
4778,33529
4778,33530
4778,33531
4778,33532
4778,33533
4778,33534
4778,33535
4778,33536
4778,33537
4778,33538
4778,33539
4778,33540
4778,33541
4778,33542
4778,33543
4778,33544
4778,33545
4778,33546
4778,33547
4778,33548
4778,33549
4778,33550
4778,33551
4778,33552
4778,33553
4778,33554
4778,33555
4778,33556
4778,33557
4778,33558
4778,33559
4778,33560
4778,33561
4778,33562
4778,33563
4778,33564
4778,33565
4778,33566
4778,33567
4778,33568
4778,33569
4778,33570
4778,33571
4778,33572
4778,33573
4778,33574
4778,33575
4778,33576
4778,33577
4778,33578
4778,33579
4778,33580
4778,33581
4778,33582
4778,33583
4778,33584
4778,33585
4778,33586
4778,33587
4778,33588
4778,33589
4778,33590
4778,33591
4778,33592
4778,33593
4778,33594
4778,33595
4778,33596
4778,33597
4778,33598
4778,33599
4778,33600
4778,33601
4778,33602
4778,33603
4778,33604
4778,33605
4778,33606
4778,33607
4778,33608
4778,33609
4778,33610
4778,33611
4778,33612
4778,33613
4778,33614
4778,33615
4778,33616
4778,33617
4779,33314
4779,33315
4779,33316
4779,33317
4779,33318
4779,33319
4779,33320
4779,33321
4779,33322
4779,33323
4779,33324
4779,33325
4779,33326
4779,33327
4779,33328
4779,33329
4779,33330
4779,33331
4779,33332
4779,33333
4779,33334
4779,33335
4779,33336
4779,33337
4779,33338
4779,33339
4779,33340
4779,33341
4779,33342
4779,33343
4779,33344
4779,33345
4779,33346
4779,33347
4779,33348
4779,33349
4779,33350
4779,33351
4779,33352
4779,33353
4779,33354
4779,33355
4779,33356
4779,33357
4779,33358
4779,33359
4779,33360
4779,33361
4779,33362
4779,33363
4779,33364
4779,33365
4779,33366
4779,33367
4779,33368
4779,33369
4779,33370
4779,33371
4779,33372
4779,33373
4779,33374
4779,33375
4779,33376
4779,33377
4779,33378
4779,33379
4779,33380
4779,33381
4779,33382
4779,33383
4779,33384
4779,33385
4779,33386
4779,33387
4779,33388
4779,33389
4779,33390
4779,33391
4779,33392
4779,33393
4779,33394
4779,33395
4779,33396
4779,33397
4779,33398
4779,33399
4779,33400
4779,33401
4779,33402
4779,33403
4779,33404
4779,33405
4779,33406
4779,33407
4779,33408
4779,33409
4779,33410
4779,33411
4779,33412
4779,33413
4779,33414
4779,33415
4779,33416
4779,33417
4779,33418
4779,33419
4779,33420
4779,33421
4779,33422
4779,33423
4779,33424
4779,33425
4779,33426
4779,33427
4779,33428
4779,33429
4779,33430
4779,33431
4779,33432
4779,33433
4779,33434
4779,33435
4779,33436
4779,33437
4779,33438
4779,33439
4779,33440
4779,33441
4779,33442
4779,33443
4779,33444
4779,33445
4779,33446
4779,33447
4779,33448
4779,33449
4779,33450
4779,33451
4779,33452
4779,33453
4779,33454
4779,33455
4779,33456
4779,33457
4779,33458
4779,33459
4779,33460
4779,33461
4779,33462
4779,33463
4779,33464
4779,33465
4779,33466
4779,33467
4779,33468
4779,33469
4779,33470
4779,33471
4779,33472
4779,33473
4779,33474
4779,33475
4779,33476
4779,33477
4779,33478
4779,33479
4779,33480
4779,33481
4779,33482
4779,33483
4779,33484
4779,33485
4779,33486
4779,33487
4779,33488
4779,33489
4779,33490
4779,33491
4779,33492
4779,33493
4779,33494
4779,33495
4779,33496
4779,33497
4779,33498
4779,33499
4779,33500
4779,33501
4779,33502
4779,33503
4779,33504
4779,33505
4779,33506
4779,33507
4779,33508
4779,33509
4779,33510
4779,33511
4779,33512
4779,33513
4779,33514
4779,33515
4779,33516
4779,33517
4779,33518
4779,33519
4779,33520
4779,33521
4779,33522
4779,33523
4779,33524
4779,33525
4779,33526
4779,33527
4779,33528
4779,33529
4779,33530
4779,33531
4779,33532
4779,33533
4779,33534
4779,33535
4779,33536
4779,33537
4779,33538
4779,33539
4779,33540
4779,33541
4779,33542
4779,33543
4779,33544
4779,33545
4779,33546
4779,33547
4779,33548
4779,33549
4779,33550
4779,33551
4779,33552
4779,33553
4779,33554
4779,33555
4779,33556
4779,33557
4779,33558
4779,33559
4779,33560
4779,33561
4779,33562
4779,33563
4779,33564
4779,33565
4779,33566
4779,33567
4779,33568
4779,33569
4779,33570
4779,33571
4779,33572
4779,33573
4779,33574
4779,33575
4779,33576
4779,33577
4779,33578
4779,33579
4779,33580
4779,33581
4779,33582
4779,33583
4779,33584
4779,33585
4779,33586
4779,33587
4779,33588
4779,33589
4779,33590
4779,33591
4779,33592
4779,33593
4779,33594
4779,33595
4779,33596
4779,33597
4779,33598
4779,33599
4779,33600
4779,33601
4779,33602
4779,33603
4779,33604
4779,33605
4779,33606
4779,33607
4779,33608
4779,33609
4779,33610
4779,33611
4779,33612
4779,33613
4779,33614
4779,33615
4779,33616
4779,33617
4780,33315
4780,33316
4780,33317
4780,33318
4780,33319
4780,33320
4780,33321
4780,33322
4780,33323
4780,33324
4780,33325
4780,33326
4780,33327
4780,33328
4780,33329
4780,33330
4780,33331
4780,33332
4780,33333
4780,33334
4780,33335
4780,33336
4780,33337
4780,33338
4780,33339
4780,33340
4780,33341
4780,33342
4780,33343
4780,33344
4780,33345
4780,33346
4780,33347
4780,33348
4780,33349
4780,33350
4780,33351
4780,33352
4780,33353
4780,33354
4780,33355
4780,33356
4780,33357
4780,33358
4780,33359
4780,33360
4780,33361
4780,33362
4780,33363
4780,33364
4780,33365
4780,33366
4780,33367
4780,33368
4780,33369
4780,33370
4780,33371
4780,33372
4780,33373
4780,33374
4780,33375
4780,33376
4780,33377
4780,33378
4780,33379
4780,33380
4780,33381
4780,33382
4780,33383
4780,33384
4780,33385
4780,33386
4780,33387
4780,33388
4780,33389
4780,33390
4780,33391
4780,33392
4780,33393
4780,33394
4780,33395
4780,33396
4780,33397
4780,33398
4780,33399
4780,33400
4780,33401
4780,33402
4780,33403
4780,33404
4780,33405
4780,33406
4780,33407
4780,33408
4780,33409
4780,33410
4780,33411
4780,33412
4780,33413
4780,33414
4780,33415
4780,33416
4780,33417
4780,33418
4780,33419
4780,33420
4780,33421
4780,33422
4780,33423
4780,33424
4780,33425
4780,33426
4780,33427
4780,33428
4780,33429
4780,33430
4780,33431
4780,33432
4780,33433
4780,33434
4780,33435
4780,33436
4780,33437
4780,33438
4780,33439
4780,33440
4780,33441
4780,33442
4780,33443
4780,33444
4780,33445
4780,33446
4780,33447
4780,33448
4780,33449
4780,33450
4780,33451
4780,33452
4780,33453
4780,33454
4780,33455
4780,33456
4780,33457
4780,33458
4780,33459
4780,33460
4780,33461
4780,33462
4780,33463
4780,33464
4780,33465
4780,33466
4780,33467
4780,33468
4780,33469
4780,33470
4780,33471
4780,33472
4780,33473
4780,33474
4780,33475
4780,33476
4780,33477
4780,33478
4780,33479
4780,33480
4780,33481
4780,33482
4780,33483
4780,33484
4780,33485
4780,33486
4780,33487
4780,33488
4780,33489
4780,33490
4780,33491
4780,33492
4780,33493
4780,33494
4780,33495
4780,33496
4780,33497
4780,33498
4780,33499
4780,33500
4780,33501
4780,33502
4780,33503
4780,33504
4780,33505
4780,33506
4780,33507
4780,33508
4780,33509
4780,33510
4780,33511
4780,33512
4780,33513
4780,33514
4780,33515
4780,33516
4780,33517
4780,33518
4780,33519
4780,33520
4780,33521
4780,33522
4780,33523
4780,33524
4780,33525
4780,33526
4780,33527
4780,33528
4780,33529
4780,33530
4780,33531
4780,33532
4780,33533
4780,33534
4780,33535
4780,33536
4780,33537
4780,33538
4780,33539
4780,33540
4780,33541
4780,33542
4780,33543
4780,33544
4780,33545
4780,33546
4780,33547
4780,33548
4780,33549
4780,33550
4780,33551
4780,33552
4780,33553
4780,33554
4780,33555
4780,33556
4780,33557
4780,33558
4780,33559
4780,33560
4780,33561
4780,33562
4780,33563
4780,33564
4780,33565
4780,33566
4780,33567
4780,33568
4780,33569
4780,33570
4780,33571
4780,33572
4780,33573
4780,33574
4780,33575
4780,33576
4780,33577
4780,33578
4780,33579
4780,33580
4780,33581
4780,33582
4780,33583
4780,33584
4780,33585
4780,33586
4780,33587
4780,33588
4780,33589
4780,33590
4780,33591
4780,33592
4780,33593
4780,33594
4780,33595
4780,33596
4780,33597
4780,33598
4780,33599
4780,33600
4780,33601
4780,33602
4780,33603
4780,33604
4780,33605
4780,33606
4780,33607
4780,33608
4780,33609
4780,33610
4780,33611
4780,33612
4780,33613
4780,33614
4780,33615
4780,33616
4780,33617
4781,33314
4781,33315
4781,33316
4781,33317
4781,33318
4781,33319
4781,33320
4781,33321
4781,33322
4781,33323
4781,33324
4781,33325
4781,33326
4781,33327
4781,33328
4781,33329
4781,33330
4781,33331
4781,33332
4781,33333
4781,33334
4781,33335
4781,33336
4781,33337
4781,33338
4781,33339
4781,33340
4781,33341
4781,33342
4781,33343
4781,33344
4781,33345
4781,33346
4781,33347
4781,33348
4781,33349
4781,33350
4781,33351
4781,33352
4781,33353
4781,33354
4781,33355
4781,33356
4781,33357
4781,33358
4781,33359
4781,33360
4781,33361
4781,33362
4781,33363
4781,33364
4781,33365
4781,33366
4781,33367
4781,33368
4781,33369
4781,33370
4781,33371
4781,33372
4781,33373
4781,33374
4781,33375
4781,33376
4781,33377
4781,33378
4781,33379
4781,33380
4781,33381
4781,33382
4781,33383
4781,33384
4781,33385
4781,33386
4781,33387
4781,33388
4781,33389
4781,33390
4781,33391
4781,33392
4781,33393
4781,33394
4781,33395
4781,33396
4781,33397
4781,33398
4781,33399
4781,33400
4781,33401
4781,33402
4781,33403
4781,33404
4781,33405
4781,33406
4781,33407
4781,33408
4781,33409
4781,33410
4781,33411
4781,33412
4781,33413
4781,33414
4781,33415
4781,33416
4781,33417
4781,33418
4781,33419
4781,33420
4781,33421
4781,33422
4781,33423
4781,33424
4781,33425
4781,33426
4781,33427
4781,33428
4781,33429
4781,33430
4781,33431
4781,33432
4781,33433
4781,33434
4781,33435
4781,33436
4781,33437
4781,33438
4781,33439
4781,33440
4781,33441
4781,33442
4781,33443
4781,33444
4781,33445
4781,33446
4781,33447
4781,33448
4781,33449
4781,33450
4781,33451
4781,33452
4781,33453
4781,33454
4781,33455
4781,33456
4781,33457
4781,33458
4781,33459
4781,33460
4781,33461
4781,33462
4781,33463
4781,33464
4781,33465
4781,33466
4781,33467
4781,33468
4781,33469
4781,33470
4781,33471
4781,33472
4781,33473
4781,33474
4781,33475
4781,33476
4781,33477
4781,33478
4781,33479
4781,33480
4781,33481
4781,33482
4781,33483
4781,33484
4781,33485
4781,33486
4781,33487
4781,33488
4781,33489
4781,33490
4781,33491
4781,33492
4781,33493
4781,33494
4781,33495
4781,33496
4781,33497
4781,33498
4781,33499
4781,33500
4781,33501
4781,33502
4781,33503
4781,33504
4781,33505
4781,33506
4781,33507
4781,33508
4781,33509
4781,33510
4781,33511
4781,33512
4781,33513
4781,33514
4781,33515
4781,33516
4781,33517
4781,33518
4781,33519
4781,33520
4781,33521
4781,33522
4781,33523
4781,33524
4781,33525
4781,33526
4781,33527
4781,33528
4781,33529
4781,33530
4781,33531
4781,33532
4781,33533
4781,33534
4781,33535
4781,33536
4781,33537
4781,33538
4781,33539
4781,33540
4781,33541
4781,33542
4781,33543
4781,33544
4781,33545
4781,33546
4781,33547
4781,33548
4781,33549
4781,33550
4781,33551
4781,33552
4781,33553
4781,33554
4781,33555
4781,33556
4781,33557
4781,33558
4781,33559
4781,33560
4781,33561
4781,33562
4781,33563
4781,33564
4781,33565
4781,33566
4781,33567
4781,33568
4781,33569
4781,33570
4781,33571
4781,33572
4781,33573
4781,33574
4781,33575
4781,33576
4781,33577
4781,33578
4781,33579
4781,33580
4781,33581
4781,33582
4781,33583
4781,33584
4781,33585
4781,33586
4781,33587
4781,33588
4781,33589
4781,33590
4781,33591
4781,33592
4781,33593
4781,33594
4781,33595
4781,33596
4781,33597
4781,33598
4781,33599
4781,33600
4781,33601
4781,33602
4781,33603
4781,33604
4781,33605
4781,33606
4781,33607
4781,33608
4781,33609
4781,33610
4781,33611
4781,33612
4781,33613
4781,33614
4781,33615
4781,33616
4782,33314
4782,33315
4782,33316
4782,33317
4782,33318
4782,33319
4782,33320
4782,33321
4782,33322
4782,33323
4782,33324
4782,33325
4782,33326
4782,33327
4782,33328
4782,33329
4782,33330
4782,33331
4782,33332
4782,33333
4782,33334
4782,33335
4782,33336
4782,33337
4782,33338
4782,33339
4782,33340
4782,33341
4782,33342
4782,33343
4782,33344
4782,33345
4782,33346
4782,33347
4782,33348
4782,33349
4782,33350
4782,33351
4782,33352
4782,33353
4782,33354
4782,33355
4782,33356
4782,33357
4782,33358
4782,33359
4782,33360
4782,33361
4782,33362
4782,33363
4782,33364
4782,33365
4782,33366
4782,33367
4782,33368
4782,33369
4782,33370
4782,33371
4782,33372
4782,33373
4782,33374
4782,33375
4782,33376
4782,33377
4782,33378
4782,33379
4782,33380
4782,33381
4782,33382
4782,33383
4782,33384
4782,33385
4782,33386
4782,33387
4782,33388
4782,33389
4782,33390
4782,33391
4782,33392
4782,33393
4782,33394
4782,33395
4782,33396
4782,33397
4782,33398
4782,33399
4782,33400
4782,33401
4782,33402
4782,33403
4782,33404
4782,33405
4782,33406
4782,33407
4782,33408
4782,33409
4782,33410
4782,33411
4782,33412
4782,33413
4782,33414
4782,33415
4782,33416
4782,33417
4782,33418
4782,33419
4782,33420
4782,33421
4782,33422
4782,33423
4782,33424
4782,33425
4782,33426
4782,33427
4782,33428
4782,33429
4782,33430
4782,33431
4782,33432
4782,33433
4782,33434
4782,33435
4782,33436
4782,33437
4782,33438
4782,33439
4782,33440
4782,33441
4782,33442
4782,33443
4782,33444
4782,33445
4782,33446
4782,33447
4782,33448
4782,33449
4782,33450
4782,33451
4782,33452
4782,33453
4782,33454
4782,33455
4782,33456
4782,33457
4782,33458
4782,33459
4782,33460
4782,33461
4782,33462
4782,33463
4782,33464
4782,33465
4782,33466
4782,33467
4782,33468
4782,33469
4782,33470
4782,33471
4782,33472
4782,33473
4782,33474
4782,33475
4782,33476
4782,33477
4782,33478
4782,33479
4782,33480
4782,33481
4782,33482
4782,33483
4782,33484
4782,33485
4782,33486
4782,33487
4782,33488
4782,33489
4782,33490
4782,33491
4782,33492
4782,33493
4782,33494
4782,33495
4782,33496
4782,33497
4782,33498
4782,33499
4782,33500
4782,33501
4782,33502
4782,33503
4782,33504
4782,33505
4782,33506
4782,33507
4782,33508
4782,33509
4782,33510
4782,33511
4782,33512
4782,33513
4782,33514
4782,33515
4782,33516
4782,33517
4782,33518
4782,33519
4782,33520
4782,33521
4782,33522
4782,33523
4782,33524
4782,33525
4782,33526
4782,33527
4782,33528
4782,33529
4782,33530
4782,33531
4782,33532
4782,33533
4782,33534
4782,33535
4782,33536
4782,33537
4782,33538
4782,33539
4782,33540
4782,33541
4782,33542
4782,33543
4782,33544
4782,33545
4782,33546
4782,33547
4782,33548
4782,33549
4782,33550
4782,33551
4782,33552
4782,33553
4782,33554
4782,33555
4782,33556
4782,33557
4782,33558
4782,33559
4782,33560
4782,33561
4782,33562
4782,33563
4782,33564
4782,33565
4782,33566
4782,33567
4782,33568
4782,33569
4782,33570
4782,33571
4782,33572
4782,33573
4782,33574
4782,33575
4782,33576
4782,33577
4782,33578
4782,33579
4782,33580
4782,33581
4782,33582
4782,33583
4782,33584
4782,33585
4782,33586
4782,33587
4782,33588
4782,33589
4782,33590
4782,33591
4782,33592
4782,33593
4782,33594
4782,33595
4782,33596
4782,33597
4782,33598
4782,33599
4782,33600
4782,33601
4782,33602
4782,33603
4782,33604
4782,33605
4782,33606
4782,33607
4782,33608
4782,33609
4782,33610
4782,33611
4782,33612
4782,33613
4782,33614
4782,33615
4783,33314
4783,33315
4783,33316
4783,33317
4783,33318
4783,33319
4783,33320
4783,33321
4783,33322
4783,33323
4783,33324
4783,33325
4783,33326
4783,33327
4783,33328
4783,33329
4783,33330
4783,33331
4783,33332
4783,33333
4783,33334
4783,33335
4783,33336
4783,33337
4783,33338
4783,33339
4783,33340
4783,33341
4783,33342
4783,33343
4783,33344
4783,33345
4783,33346
4783,33347
4783,33348
4783,33349
4783,33350
4783,33351
4783,33352
4783,33353
4783,33354
4783,33355
4783,33356
4783,33357
4783,33358
4783,33359
4783,33360
4783,33361
4783,33362
4783,33363
4783,33364
4783,33365
4783,33366
4783,33367
4783,33368
4783,33369
4783,33370
4783,33371
4783,33372
4783,33373
4783,33374
4783,33375
4783,33376
4783,33377
4783,33378
4783,33379
4783,33380
4783,33381
4783,33382
4783,33383
4783,33384
4783,33385
4783,33386
4783,33387
4783,33388
4783,33389
4783,33390
4783,33391
4783,33392
4783,33393
4783,33394
4783,33395
4783,33396
4783,33397
4783,33398
4783,33399
4783,33400
4783,33401
4783,33402
4783,33403
4783,33404
4783,33405
4783,33406
4783,33407
4783,33408
4783,33409
4783,33410
4783,33411
4783,33412
4783,33413
4783,33414
4783,33415
4783,33416
4783,33417
4783,33418
4783,33419
4783,33420
4783,33421
4783,33422
4783,33423
4783,33424
4783,33425
4783,33426
4783,33427
4783,33428
4783,33429
4783,33430
4783,33431
4783,33432
4783,33433
4783,33434
4783,33435
4783,33436
4783,33437
4783,33438
4783,33439
4783,33440
4783,33441
4783,33442
4783,33443
4783,33444
4783,33445
4783,33446
4783,33447
4783,33448
4783,33449
4783,33450
4783,33451
4783,33452
4783,33453
4783,33454
4783,33455
4783,33456
4783,33457
4783,33458
4783,33459
4783,33460
4783,33461
4783,33462
4783,33463
4783,33464
4783,33465
4783,33466
4783,33467
4783,33468
4783,33469
4783,33470
4783,33471
4783,33472
4783,33473
4783,33474
4783,33475
4783,33476
4783,33477
4783,33478
4783,33479
4783,33480
4783,33481
4783,33482
4783,33483
4783,33484
4783,33485
4783,33486
4783,33487
4783,33488
4783,33489
4783,33490
4783,33491
4783,33492
4783,33493
4783,33494
4783,33495
4783,33496
4783,33497
4783,33498
4783,33499
4783,33500
4783,33501
4783,33502
4783,33503
4783,33504
4783,33505
4783,33506
4783,33507
4783,33508
4783,33509
4783,33510
4783,33511
4783,33512
4783,33513
4783,33514
4783,33515
4783,33516
4783,33517
4783,33518
4783,33519
4783,33520
4783,33521
4783,33522
4783,33523
4783,33524
4783,33525
4783,33526
4783,33527
4783,33528
4783,33529
4783,33530
4783,33531
4783,33532
4783,33533
4783,33534
4783,33535
4783,33536
4783,33537
4783,33538
4783,33539
4783,33540
4783,33541
4783,33542
4783,33543
4783,33544
4783,33545
4783,33546
4783,33547
4783,33548
4783,33549
4783,33550
4783,33551
4783,33552
4783,33553
4783,33554
4783,33555
4783,33556
4783,33557
4783,33558
4783,33559
4783,33560
4783,33561
4783,33562
4783,33563
4783,33564
4783,33565
4783,33566
4783,33567
4783,33568
4783,33569
4783,33570
4783,33571
4783,33572
4783,33573
4783,33574
4783,33575
4783,33576
4783,33577
4783,33578
4783,33579
4783,33580
4783,33581
4783,33582
4783,33583
4783,33584
4783,33585
4783,33586
4783,33587
4783,33588
4783,33589
4783,33590
4783,33591
4783,33592
4783,33593
4783,33594
4783,33595
4783,33596
4783,33597
4783,33598
4783,33599
4783,33600
4783,33601
4783,33602
4783,33603
4783,33604
4783,33605
4783,33606
4783,33607
4783,33608
4783,33609
4783,33610
4783,33611
4783,33612
4783,33613
4783,33614
4783,33615
4783,33616
4784,33314
4784,33315
4784,33316
4784,33317
4784,33318
4784,33319
4784,33320
4784,33321
4784,33322
4784,33323
4784,33324
4784,33325
4784,33326
4784,33327
4784,33328
4784,33329
4784,33330
4784,33331
4784,33332
4784,33333
4784,33334
4784,33335
4784,33336
4784,33337
4784,33338
4784,33339
4784,33340
4784,33341
4784,33342
4784,33343
4784,33344
4784,33345
4784,33346
4784,33347
4784,33348
4784,33349
4784,33350
4784,33351
4784,33352
4784,33353
4784,33354
4784,33355
4784,33356
4784,33357
4784,33358
4784,33359
4784,33360
4784,33361
4784,33362
4784,33363
4784,33364
4784,33365
4784,33366
4784,33367
4784,33368
4784,33369
4784,33370
4784,33371
4784,33372
4784,33373
4784,33374
4784,33375
4784,33376
4784,33377
4784,33378
4784,33379
4784,33380
4784,33381
4784,33382
4784,33383
4784,33384
4784,33385
4784,33386
4784,33387
4784,33388
4784,33389
4784,33390
4784,33391
4784,33392
4784,33393
4784,33394
4784,33395
4784,33396
4784,33397
4784,33398
4784,33399
4784,33400
4784,33401
4784,33402
4784,33403
4784,33404
4784,33405
4784,33406
4784,33407
4784,33408
4784,33409
4784,33410
4784,33411
4784,33412
4784,33413
4784,33414
4784,33415
4784,33416
4784,33417
4784,33418
4784,33419
4784,33420
4784,33421
4784,33422
4784,33423
4784,33424
4784,33425
4784,33426
4784,33427
4784,33428
4784,33429
4784,33430
4784,33431
4784,33432
4784,33433
4784,33434
4784,33435
4784,33436
4784,33437
4784,33438
4784,33439
4784,33440
4784,33441
4784,33442
4784,33443
4784,33444
4784,33445
4784,33446
4784,33447
4784,33448
4784,33449
4784,33450
4784,33451
4784,33452
4784,33453
4784,33454
4784,33455
4784,33456
4784,33457
4784,33458
4784,33459
4784,33460
4784,33461
4784,33462
4784,33463
4784,33464
4784,33465
4784,33466
4784,33467
4784,33468
4784,33469
4784,33470
4784,33471
4784,33472
4784,33473
4784,33474
4784,33475
4784,33476
4784,33477
4784,33478
4784,33479
4784,33480
4784,33481
4784,33482
4784,33483
4784,33484
4784,33485
4784,33486
4784,33487
4784,33488
4784,33489
4784,33490
4784,33491
4784,33492
4784,33493
4784,33494
4784,33495
4784,33496
4784,33497
4784,33498
4784,33499
4784,33500
4784,33501
4784,33502
4784,33503
4784,33504
4784,33505
4784,33506
4784,33507
4784,33508
4784,33509
4784,33510
4784,33511
4784,33512
4784,33513
4784,33514
4784,33515
4784,33516
4784,33517
4784,33518
4784,33519
4784,33520
4784,33521
4784,33522
4784,33523
4784,33524
4784,33525
4784,33526
4784,33527
4784,33528
4784,33529
4784,33530
4784,33531
4784,33532
4784,33533
4784,33534
4784,33535
4784,33536
4784,33537
4784,33538
4784,33539
4784,33540
4784,33541
4784,33542
4784,33543
4784,33544
4784,33545
4784,33546
4784,33547
4784,33548
4784,33549
4784,33550
4784,33551
4784,33552
4784,33553
4784,33554
4784,33555
4784,33556
4784,33557
4784,33558
4784,33559
4784,33560
4784,33561
4784,33562
4784,33563
4784,33564
4784,33565
4784,33566
4784,33567
4784,33568
4784,33569
4784,33570
4784,33571
4784,33572
4784,33573
4784,33574
4784,33575
4784,33576
4784,33577
4784,33578
4784,33579
4784,33580
4784,33581
4784,33582
4784,33583
4784,33584
4784,33585
4784,33586
4784,33587
4784,33588
4784,33589
4784,33590
4784,33591
4784,33592
4784,33593
4784,33594
4784,33595
4784,33596
4784,33597
4784,33598
4784,33599
4784,33600
4784,33601
4784,33602
4784,33603
4784,33604
4784,33605
4784,33606
4784,33607
4784,33608
4784,33609
4784,33610
4784,33611
4784,33612
4784,33613
4784,33614
4784,33615
4785,33315
4785,33316
4785,33317
4785,33318
4785,33319
4785,33320
4785,33321
4785,33322
4785,33323
4785,33324
4785,33325
4785,33326
4785,33327
4785,33328
4785,33329
4785,33330
4785,33331
4785,33332
4785,33333
4785,33334
4785,33335
4785,33336
4785,33337
4785,33338
4785,33339
4785,33340
4785,33341
4785,33342
4785,33343
4785,33344
4785,33345
4785,33346
4785,33347
4785,33348
4785,33349
4785,33350
4785,33351
4785,33352
4785,33353
4785,33354
4785,33355
4785,33356
4785,33357
4785,33358
4785,33359
4785,33360
4785,33361
4785,33362
4785,33363
4785,33364
4785,33365
4785,33366
4785,33367
4785,33368
4785,33369
4785,33370
4785,33371
4785,33372
4785,33373
4785,33374
4785,33375
4785,33376
4785,33377
4785,33378
4785,33379
4785,33380
4785,33381
4785,33382
4785,33383
4785,33384
4785,33385
4785,33386
4785,33387
4785,33388
4785,33389
4785,33390
4785,33391
4785,33392
4785,33393
4785,33394
4785,33395
4785,33396
4785,33397
4785,33398
4785,33399
4785,33400
4785,33401
4785,33402
4785,33403
4785,33404
4785,33405
4785,33406
4785,33407
4785,33408
4785,33409
4785,33410
4785,33411
4785,33412
4785,33413
4785,33414
4785,33415
4785,33416
4785,33417
4785,33418
4785,33419
4785,33420
4785,33421
4785,33422
4785,33423
4785,33424
4785,33425
4785,33426
4785,33427
4785,33428
4785,33429
4785,33430
4785,33431
4785,33432
4785,33433
4785,33434
4785,33435
4785,33436
4785,33437
4785,33438
4785,33439
4785,33440
4785,33441
4785,33442
4785,33443
4785,33444
4785,33445
4785,33446
4785,33447
4785,33448
4785,33449
4785,33450
4785,33451
4785,33452
4785,33453
4785,33454
4785,33455
4785,33456
4785,33457
4785,33458
4785,33459
4785,33460
4785,33461
4785,33462
4785,33463
4785,33464
4785,33465
4785,33466
4785,33467
4785,33468
4785,33469
4785,33470
4785,33471
4785,33472
4785,33473
4785,33474
4785,33475
4785,33476
4785,33477
4785,33478
4785,33479
4785,33480
4785,33481
4785,33482
4785,33483
4785,33484
4785,33485
4785,33486
4785,33487
4785,33488
4785,33489
4785,33490
4785,33491
4785,33492
4785,33493
4785,33494
4785,33495
4785,33496
4785,33497
4785,33498
4785,33499
4785,33500
4785,33501
4785,33502
4785,33503
4785,33504
4785,33505
4785,33506
4785,33507
4785,33508
4785,33509
4785,33510
4785,33511
4785,33512
4785,33513
4785,33514
4785,33515
4785,33516
4785,33517
4785,33518
4785,33519
4785,33520
4785,33521
4785,33522
4785,33523
4785,33524
4785,33525
4785,33526
4785,33527
4785,33528
4785,33529
4785,33530
4785,33531
4785,33532
4785,33533
4785,33534
4785,33535
4785,33536
4785,33537
4785,33538
4785,33539
4785,33540
4785,33541
4785,33542
4785,33543
4785,33544
4785,33545
4785,33546
4785,33547
4785,33548
4785,33549
4785,33550
4785,33551
4785,33552
4785,33553
4785,33554
4785,33555
4785,33556
4785,33557
4785,33558
4785,33559
4785,33560
4785,33561
4785,33562
4785,33563
4785,33564
4785,33565
4785,33566
4785,33567
4785,33568
4785,33569
4785,33570
4785,33571
4785,33572
4785,33573
4785,33574
4785,33575
4785,33576
4785,33577
4785,33578
4785,33579
4785,33580
4785,33581
4785,33582
4785,33583
4785,33584
4785,33585
4785,33586
4785,33587
4785,33588
4785,33589
4785,33590
4785,33591
4785,33592
4785,33593
4785,33594
4785,33595
4785,33596
4785,33597
4785,33598
4785,33599
4785,33600
4785,33601
4785,33602
4785,33603
4785,33604
4785,33605
4785,33606
4785,33607
4785,33608
4785,33609
4785,33610
4785,33611
4785,33612
4785,33613
4785,33614
4785,33615
4786,33315
4786,33316
4786,33317
4786,33318
4786,33319
4786,33320
4786,33321
4786,33322
4786,33323
4786,33324
4786,33325
4786,33326
4786,33327
4786,33328
4786,33329
4786,33330
4786,33331
4786,33332
4786,33333
4786,33334
4786,33335
4786,33336
4786,33337
4786,33338
4786,33339
4786,33340
4786,33341
4786,33342
4786,33343
4786,33344
4786,33345
4786,33346
4786,33347
4786,33348
4786,33349
4786,33350
4786,33351
4786,33352
4786,33353
4786,33354
4786,33355
4786,33356
4786,33357
4786,33358
4786,33359
4786,33360
4786,33361
4786,33362
4786,33363
4786,33364
4786,33365
4786,33366
4786,33367
4786,33368
4786,33369
4786,33370
4786,33371
4786,33372
4786,33373
4786,33374
4786,33375
4786,33376
4786,33377
4786,33378
4786,33379
4786,33380
4786,33381
4786,33382
4786,33383
4786,33384
4786,33385
4786,33386
4786,33387
4786,33388
4786,33389
4786,33390
4786,33391
4786,33392
4786,33393
4786,33394
4786,33395
4786,33396
4786,33397
4786,33398
4786,33399
4786,33400
4786,33401
4786,33402
4786,33403
4786,33404
4786,33405
4786,33406
4786,33407
4786,33408
4786,33409
4786,33410
4786,33411
4786,33412
4786,33413
4786,33414
4786,33415
4786,33416
4786,33417
4786,33418
4786,33419
4786,33420
4786,33421
4786,33422
4786,33423
4786,33424
4786,33425
4786,33426
4786,33427
4786,33428
4786,33429
4786,33430
4786,33431
4786,33432
4786,33433
4786,33434
4786,33435
4786,33436
4786,33437
4786,33438
4786,33439
4786,33440
4786,33441
4786,33442
4786,33443
4786,33444
4786,33445
4786,33446
4786,33447
4786,33448
4786,33449
4786,33450
4786,33451
4786,33452
4786,33453
4786,33454
4786,33455
4786,33456
4786,33457
4786,33458
4786,33459
4786,33460
4786,33461
4786,33462
4786,33463
4786,33464
4786,33465
4786,33466
4786,33467
4786,33468
4786,33469
4786,33470
4786,33471
4786,33472
4786,33473
4786,33474
4786,33475
4786,33476
4786,33477
4786,33478
4786,33479
4786,33480
4786,33481
4786,33482
4786,33483
4786,33484
4786,33485
4786,33486
4786,33487
4786,33488
4786,33489
4786,33490
4786,33491
4786,33492
4786,33493
4786,33494
4786,33495
4786,33496
4786,33497
4786,33498
4786,33499
4786,33500
4786,33501
4786,33502
4786,33503
4786,33504
4786,33505
4786,33506
4786,33507
4786,33508
4786,33509
4786,33510
4786,33511
4786,33512
4786,33513
4786,33514
4786,33515
4786,33516
4786,33517
4786,33518
4786,33519
4786,33520
4786,33521
4786,33522
4786,33523
4786,33524
4786,33525
4786,33526
4786,33527
4786,33528
4786,33529
4786,33530
4786,33531
4786,33532
4786,33533
4786,33534
4786,33535
4786,33536
4786,33537
4786,33538
4786,33539
4786,33540
4786,33541
4786,33542
4786,33543
4786,33544
4786,33545
4786,33546
4786,33547
4786,33548
4786,33549
4786,33550
4786,33551
4786,33552
4786,33553
4786,33554
4786,33555
4786,33556
4786,33557
4786,33558
4786,33559
4786,33560
4786,33561
4786,33562
4786,33563
4786,33564
4786,33565
4786,33566
4786,33567
4786,33568
4786,33569
4786,33570
4786,33571
4786,33572
4786,33573
4786,33574
4786,33575
4786,33576
4786,33577
4786,33578
4786,33579
4786,33580
4786,33581
4786,33582
4786,33583
4786,33584
4786,33585
4786,33586
4786,33587
4786,33588
4786,33589
4786,33590
4786,33591
4786,33592
4786,33593
4786,33594
4786,33595
4786,33596
4786,33597
4786,33598
4786,33599
4786,33600
4786,33601
4786,33602
4786,33603
4786,33604
4786,33605
4786,33606
4786,33607
4786,33608
4786,33609
4786,33610
4786,33611
4786,33612
4786,33613
4786,33614
4786,33615
4787,33315
4787,33316
4787,33317
4787,33318
4787,33319
4787,33320
4787,33321
4787,33322
4787,33323
4787,33324
4787,33325
4787,33326
4787,33327
4787,33328
4787,33329
4787,33330
4787,33331
4787,33332
4787,33333
4787,33334
4787,33335
4787,33336
4787,33337
4787,33338
4787,33339
4787,33340
4787,33341
4787,33342
4787,33343
4787,33344
4787,33345
4787,33346
4787,33347
4787,33348
4787,33349
4787,33350
4787,33351
4787,33352
4787,33353
4787,33354
4787,33355
4787,33356
4787,33357
4787,33358
4787,33359
4787,33360
4787,33361
4787,33362
4787,33363
4787,33364
4787,33365
4787,33366
4787,33367
4787,33368
4787,33369
4787,33370
4787,33371
4787,33372
4787,33373
4787,33374
4787,33375
4787,33376
4787,33377
4787,33378
4787,33379
4787,33380
4787,33381
4787,33382
4787,33383
4787,33384
4787,33385
4787,33386
4787,33387
4787,33388
4787,33389
4787,33390
4787,33391
4787,33392
4787,33393
4787,33394
4787,33395
4787,33396
4787,33397
4787,33398
4787,33399
4787,33400
4787,33401
4787,33402
4787,33403
4787,33404
4787,33405
4787,33406
4787,33407
4787,33408
4787,33409
4787,33410
4787,33411
4787,33412
4787,33413
4787,33414
4787,33415
4787,33416
4787,33417
4787,33418
4787,33419
4787,33420
4787,33421
4787,33422
4787,33423
4787,33424
4787,33425
4787,33426
4787,33427
4787,33428
4787,33429
4787,33430
4787,33431
4787,33432
4787,33433
4787,33434
4787,33435
4787,33436
4787,33437
4787,33438
4787,33439
4787,33440
4787,33441
4787,33442
4787,33443
4787,33444
4787,33445
4787,33446
4787,33447
4787,33448
4787,33449
4787,33450
4787,33451
4787,33452
4787,33453
4787,33454
4787,33455
4787,33456
4787,33457
4787,33458
4787,33459
4787,33460
4787,33461
4787,33462
4787,33463
4787,33464
4787,33465
4787,33466
4787,33467
4787,33468
4787,33469
4787,33470
4787,33471
4787,33472
4787,33473
4787,33474
4787,33475
4787,33476
4787,33477
4787,33478
4787,33479
4787,33480
4787,33481
4787,33482
4787,33483
4787,33484
4787,33485
4787,33486
4787,33487
4787,33488
4787,33489
4787,33490
4787,33491
4787,33492
4787,33493
4787,33494
4787,33495
4787,33496
4787,33497
4787,33498
4787,33499
4787,33500
4787,33501
4787,33502
4787,33503
4787,33504
4787,33505
4787,33506
4787,33507
4787,33508
4787,33509
4787,33510
4787,33511
4787,33512
4787,33513
4787,33514
4787,33515
4787,33516
4787,33517
4787,33518
4787,33519
4787,33520
4787,33521
4787,33522
4787,33523
4787,33524
4787,33525
4787,33526
4787,33527
4787,33528
4787,33529
4787,33530
4787,33531
4787,33532
4787,33533
4787,33534
4787,33535
4787,33536
4787,33537
4787,33538
4787,33539
4787,33540
4787,33541
4787,33542
4787,33543
4787,33544
4787,33545
4787,33546
4787,33547
4787,33548
4787,33549
4787,33550
4787,33551
4787,33552
4787,33553
4787,33554
4787,33555
4787,33556
4787,33557
4787,33558
4787,33559
4787,33560
4787,33561
4787,33562
4787,33563
4787,33564
4787,33565
4787,33566
4787,33567
4787,33568
4787,33569
4787,33570
4787,33571
4787,33572
4787,33573
4787,33574
4787,33575
4787,33576
4787,33577
4787,33578
4787,33579
4787,33580
4787,33581
4787,33582
4787,33583
4787,33584
4787,33585
4787,33586
4787,33587
4787,33588
4787,33589
4787,33590
4787,33591
4787,33592
4787,33593
4787,33594
4787,33595
4787,33596
4787,33597
4787,33598
4787,33599
4787,33600
4787,33601
4787,33602
4787,33603
4787,33604
4787,33605
4787,33606
4787,33607
4787,33608
4787,33609
4787,33610
4787,33611
4787,33612
4787,33613
4787,33614
4788,33315
4788,33316
4788,33317
4788,33318
4788,33319
4788,33320
4788,33321
4788,33322
4788,33323
4788,33324
4788,33325
4788,33326
4788,33327
4788,33328
4788,33329
4788,33330
4788,33331
4788,33332
4788,33333
4788,33334
4788,33335
4788,33336
4788,33337
4788,33338
4788,33339
4788,33340
4788,33341
4788,33342
4788,33343
4788,33344
4788,33345
4788,33346
4788,33347
4788,33348
4788,33349
4788,33350
4788,33351
4788,33352
4788,33353
4788,33354
4788,33355
4788,33356
4788,33357
4788,33358
4788,33359
4788,33360
4788,33361
4788,33362
4788,33363
4788,33364
4788,33365
4788,33366
4788,33367
4788,33368
4788,33369
4788,33370
4788,33371
4788,33372
4788,33373
4788,33374
4788,33375
4788,33376
4788,33377
4788,33378
4788,33379
4788,33380
4788,33381
4788,33382
4788,33383
4788,33384
4788,33385
4788,33386
4788,33387
4788,33388
4788,33389
4788,33390
4788,33391
4788,33392
4788,33393
4788,33394
4788,33395
4788,33396
4788,33397
4788,33398
4788,33399
4788,33400
4788,33401
4788,33402
4788,33403
4788,33404
4788,33405
4788,33406
4788,33407
4788,33408
4788,33409
4788,33410
4788,33411
4788,33412
4788,33413
4788,33414
4788,33415
4788,33416
4788,33417
4788,33418
4788,33419
4788,33420
4788,33421
4788,33422
4788,33423
4788,33424
4788,33425
4788,33426
4788,33427
4788,33428
4788,33429
4788,33430
4788,33431
4788,33432
4788,33433
4788,33434
4788,33435
4788,33436
4788,33437
4788,33438
4788,33439
4788,33440
4788,33441
4788,33442
4788,33443
4788,33444
4788,33445
4788,33446
4788,33447
4788,33448
4788,33449
4788,33450
4788,33451
4788,33452
4788,33453
4788,33454
4788,33455
4788,33456
4788,33457
4788,33458
4788,33459
4788,33460
4788,33461
4788,33462
4788,33463
4788,33464
4788,33465
4788,33466
4788,33467
4788,33468
4788,33469
4788,33470
4788,33471
4788,33472
4788,33473
4788,33474
4788,33475
4788,33476
4788,33477
4788,33478
4788,33479
4788,33480
4788,33481
4788,33482
4788,33483
4788,33484
4788,33485
4788,33486
4788,33487
4788,33488
4788,33489
4788,33490
4788,33491
4788,33492
4788,33493
4788,33494
4788,33495
4788,33496
4788,33497
4788,33498
4788,33499
4788,33500
4788,33501
4788,33502
4788,33503
4788,33504
4788,33505
4788,33506
4788,33507
4788,33508
4788,33509
4788,33510
4788,33511
4788,33512
4788,33513
4788,33514
4788,33515
4788,33516
4788,33517
4788,33518
4788,33519
4788,33520
4788,33521
4788,33522
4788,33523
4788,33524
4788,33525
4788,33526
4788,33527
4788,33528
4788,33529
4788,33530
4788,33531
4788,33532
4788,33533
4788,33534
4788,33535
4788,33536
4788,33537
4788,33538
4788,33539
4788,33540
4788,33541
4788,33542
4788,33543
4788,33544
4788,33545
4788,33546
4788,33547
4788,33548
4788,33549
4788,33550
4788,33551
4788,33552
4788,33553
4788,33554
4788,33555
4788,33556
4788,33557
4788,33558
4788,33559
4788,33560
4788,33561
4788,33562
4788,33563
4788,33564
4788,33565
4788,33566
4788,33567
4788,33568
4788,33569
4788,33570
4788,33571
4788,33572
4788,33573
4788,33574
4788,33575
4788,33576
4788,33577
4788,33578
4788,33579
4788,33580
4788,33581
4788,33582
4788,33583
4788,33584
4788,33585
4788,33586
4788,33587
4788,33588
4788,33589
4788,33590
4788,33591
4788,33592
4788,33593
4788,33594
4788,33595
4788,33596
4788,33597
4788,33598
4788,33599
4788,33600
4788,33601
4788,33602
4788,33603
4788,33604
4788,33605
4788,33606
4788,33607
4788,33608
4788,33609
4788,33610
4788,33611
4788,33612
4788,33613
4789,33316
4789,33317
4789,33318
4789,33319
4789,33320
4789,33321
4789,33322
4789,33323
4789,33324
4789,33325
4789,33326
4789,33327
4789,33328
4789,33329
4789,33330
4789,33331
4789,33332
4789,33333
4789,33334
4789,33335
4789,33336
4789,33337
4789,33338
4789,33339
4789,33340
4789,33341
4789,33342
4789,33343
4789,33344
4789,33345
4789,33346
4789,33347
4789,33348
4789,33349
4789,33350
4789,33351
4789,33352
4789,33353
4789,33354
4789,33355
4789,33356
4789,33357
4789,33358
4789,33359
4789,33360
4789,33361
4789,33362
4789,33363
4789,33364
4789,33365
4789,33366
4789,33367
4789,33368
4789,33369
4789,33370
4789,33371
4789,33372
4789,33373
4789,33374
4789,33375
4789,33376
4789,33377
4789,33378
4789,33379
4789,33380
4789,33381
4789,33382
4789,33383
4789,33384
4789,33385
4789,33386
4789,33387
4789,33388
4789,33389
4789,33390
4789,33391
4789,33392
4789,33393
4789,33394
4789,33395
4789,33396
4789,33397
4789,33398
4789,33399
4789,33400
4789,33401
4789,33402
4789,33403
4789,33404
4789,33405
4789,33406
4789,33407
4789,33408
4789,33409
4789,33410
4789,33411
4789,33412
4789,33413
4789,33414
4789,33415
4789,33416
4789,33417
4789,33418
4789,33419
4789,33420
4789,33421
4789,33422
4789,33423
4789,33424
4789,33425
4789,33426
4789,33427
4789,33428
4789,33429
4789,33430
4789,33431
4789,33432
4789,33433
4789,33434
4789,33435
4789,33436
4789,33437
4789,33438
4789,33439
4789,33440
4789,33441
4789,33442
4789,33443
4789,33444
4789,33445
4789,33446
4789,33447
4789,33448
4789,33449
4789,33450
4789,33451
4789,33452
4789,33453
4789,33454
4789,33455
4789,33456
4789,33457
4789,33458
4789,33459
4789,33460
4789,33461
4789,33462
4789,33463
4789,33464
4789,33465
4789,33466
4789,33467
4789,33468
4789,33469
4789,33470
4789,33471
4789,33472
4789,33473
4789,33474
4789,33475
4789,33476
4789,33477
4789,33478
4789,33479
4789,33480
4789,33481
4789,33482
4789,33483
4789,33484
4789,33485
4789,33486
4789,33487
4789,33488
4789,33489
4789,33490
4789,33491
4789,33492
4789,33493
4789,33494
4789,33495
4789,33496
4789,33497
4789,33498
4789,33499
4789,33500
4789,33501
4789,33502
4789,33503
4789,33504
4789,33505
4789,33506
4789,33507
4789,33508
4789,33509
4789,33510
4789,33511
4789,33512
4789,33513
4789,33514
4789,33515
4789,33516
4789,33517
4789,33518
4789,33519
4789,33520
4789,33521
4789,33522
4789,33523
4789,33524
4789,33525
4789,33526
4789,33527
4789,33528
4789,33529
4789,33530
4789,33531
4789,33532
4789,33533
4789,33534
4789,33535
4789,33536
4789,33537
4789,33538
4789,33539
4789,33540
4789,33541
4789,33542
4789,33543
4789,33544
4789,33545
4789,33546
4789,33547
4789,33548
4789,33549
4789,33550
4789,33551
4789,33552
4789,33553
4789,33554
4789,33555
4789,33556
4789,33557
4789,33558
4789,33559
4789,33560
4789,33561
4789,33562
4789,33563
4789,33564
4789,33565
4789,33566
4789,33567
4789,33568
4789,33569
4789,33570
4789,33571
4789,33572
4789,33573
4789,33574
4789,33575
4789,33576
4789,33577
4789,33578
4789,33579
4789,33580
4789,33581
4789,33582
4789,33583
4789,33584
4789,33585
4789,33586
4789,33587
4789,33588
4789,33589
4789,33590
4789,33591
4789,33592
4789,33593
4789,33594
4789,33595
4789,33596
4789,33597
4789,33598
4789,33599
4789,33600
4789,33601
4789,33602
4789,33603
4789,33604
4789,33605
4789,33606
4789,33607
4789,33608
4789,33609
4789,33610
4789,33611
4789,33612
4790,33316
4790,33317
4790,33318
4790,33319
4790,33320
4790,33321
4790,33322
4790,33323
4790,33324
4790,33325
4790,33326
4790,33327
4790,33328
4790,33329
4790,33330
4790,33331
4790,33332
4790,33333
4790,33334
4790,33335
4790,33336
4790,33337
4790,33338
4790,33339
4790,33340
4790,33341
4790,33342
4790,33343
4790,33344
4790,33345
4790,33346
4790,33347
4790,33348
4790,33349
4790,33350
4790,33351
4790,33352
4790,33353
4790,33354
4790,33355
4790,33356
4790,33357
4790,33358
4790,33359
4790,33360
4790,33361
4790,33362
4790,33363
4790,33364
4790,33365
4790,33366
4790,33367
4790,33368
4790,33369
4790,33370
4790,33371
4790,33372
4790,33373
4790,33374
4790,33375
4790,33376
4790,33377
4790,33378
4790,33379
4790,33380
4790,33381
4790,33382
4790,33383
4790,33384
4790,33385
4790,33386
4790,33387
4790,33388
4790,33389
4790,33390
4790,33391
4790,33392
4790,33393
4790,33394
4790,33395
4790,33396
4790,33397
4790,33398
4790,33399
4790,33400
4790,33401
4790,33402
4790,33403
4790,33404
4790,33405
4790,33406
4790,33407
4790,33408
4790,33409
4790,33410
4790,33411
4790,33412
4790,33413
4790,33414
4790,33415
4790,33416
4790,33417
4790,33418
4790,33419
4790,33420
4790,33421
4790,33422
4790,33423
4790,33424
4790,33425
4790,33426
4790,33427
4790,33428
4790,33429
4790,33430
4790,33431
4790,33432
4790,33433
4790,33434
4790,33435
4790,33436
4790,33437
4790,33438
4790,33439
4790,33440
4790,33441
4790,33442
4790,33443
4790,33444
4790,33445
4790,33446
4790,33447
4790,33448
4790,33449
4790,33450
4790,33451
4790,33452
4790,33453
4790,33454
4790,33455
4790,33456
4790,33457
4790,33458
4790,33459
4790,33460
4790,33461
4790,33462
4790,33463
4790,33464
4790,33465
4790,33466
4790,33467
4790,33468
4790,33469
4790,33470
4790,33471
4790,33472
4790,33473
4790,33474
4790,33475
4790,33476
4790,33477
4790,33478
4790,33479
4790,33480
4790,33481
4790,33482
4790,33483
4790,33484
4790,33485
4790,33486
4790,33487
4790,33488
4790,33489
4790,33490
4790,33491
4790,33492
4790,33493
4790,33494
4790,33495
4790,33496
4790,33497
4790,33498
4790,33499
4790,33500
4790,33501
4790,33502
4790,33503
4790,33504
4790,33505
4790,33506
4790,33507
4790,33508
4790,33509
4790,33510
4790,33511
4790,33512
4790,33513
4790,33514
4790,33515
4790,33516
4790,33517
4790,33518
4790,33519
4790,33520
4790,33521
4790,33522
4790,33523
4790,33524
4790,33525
4790,33526
4790,33527
4790,33528
4790,33529
4790,33530
4790,33531
4790,33532
4790,33533
4790,33534
4790,33535
4790,33536
4790,33537
4790,33538
4790,33539
4790,33540
4790,33541
4790,33542
4790,33543
4790,33544
4790,33545
4790,33546
4790,33547
4790,33548
4790,33549
4790,33550
4790,33551
4790,33552
4790,33553
4790,33554
4790,33555
4790,33556
4790,33557
4790,33558
4790,33559
4790,33560
4790,33561
4790,33562
4790,33563
4790,33564
4790,33565
4790,33566
4790,33567
4790,33568
4790,33569
4790,33570
4790,33571
4790,33572
4790,33573
4790,33574
4790,33575
4790,33576
4790,33577
4790,33578
4790,33579
4790,33580
4790,33581
4790,33582
4790,33583
4790,33584
4790,33585
4790,33586
4790,33587
4790,33588
4790,33589
4790,33590
4790,33591
4790,33592
4790,33593
4790,33594
4790,33595
4790,33596
4790,33597
4790,33598
4790,33599
4790,33600
4790,33601
4790,33602
4790,33603
4790,33604
4790,33605
4790,33606
4790,33607
4790,33608
4790,33609
4790,33610
4790,33611
4790,33612
4791,33316
4791,33317
4791,33318
4791,33319
4791,33320
4791,33321
4791,33322
4791,33323
4791,33324
4791,33325
4791,33326
4791,33327
4791,33328
4791,33329
4791,33330
4791,33331
4791,33332
4791,33333
4791,33334
4791,33335
4791,33336
4791,33337
4791,33338
4791,33339
4791,33340
4791,33341
4791,33342
4791,33343
4791,33344
4791,33345
4791,33346
4791,33347
4791,33348
4791,33349
4791,33350
4791,33351
4791,33352
4791,33353
4791,33354
4791,33355
4791,33356
4791,33357
4791,33358
4791,33359
4791,33360
4791,33361
4791,33362
4791,33363
4791,33364
4791,33365
4791,33366
4791,33367
4791,33368
4791,33369
4791,33370
4791,33371
4791,33372
4791,33373
4791,33374
4791,33375
4791,33376
4791,33377
4791,33378
4791,33379
4791,33380
4791,33381
4791,33382
4791,33383
4791,33384
4791,33385
4791,33386
4791,33387
4791,33388
4791,33389
4791,33390
4791,33391
4791,33392
4791,33393
4791,33394
4791,33395
4791,33396
4791,33397
4791,33398
4791,33399
4791,33400
4791,33401
4791,33402
4791,33403
4791,33404
4791,33405
4791,33406
4791,33407
4791,33408
4791,33409
4791,33410
4791,33411
4791,33412
4791,33413
4791,33414
4791,33415
4791,33416
4791,33417
4791,33418
4791,33419
4791,33420
4791,33421
4791,33422
4791,33423
4791,33424
4791,33425
4791,33426
4791,33427
4791,33428
4791,33429
4791,33430
4791,33431
4791,33432
4791,33433
4791,33434
4791,33435
4791,33436
4791,33437
4791,33438
4791,33439
4791,33440
4791,33441
4791,33442
4791,33443
4791,33444
4791,33445
4791,33446
4791,33447
4791,33448
4791,33449
4791,33450
4791,33451
4791,33452
4791,33453
4791,33454
4791,33455
4791,33456
4791,33457
4791,33458
4791,33459
4791,33460
4791,33461
4791,33462
4791,33463
4791,33464
4791,33465
4791,33466
4791,33467
4791,33468
4791,33469
4791,33470
4791,33471
4791,33472
4791,33473
4791,33474
4791,33475
4791,33476
4791,33477
4791,33478
4791,33479
4791,33480
4791,33481
4791,33482
4791,33483
4791,33484
4791,33485
4791,33486
4791,33487
4791,33488
4791,33489
4791,33490
4791,33491
4791,33492
4791,33493
4791,33494
4791,33495
4791,33496
4791,33497
4791,33498
4791,33499
4791,33500
4791,33501
4791,33502
4791,33503
4791,33504
4791,33505
4791,33506
4791,33507
4791,33508
4791,33509
4791,33510
4791,33511
4791,33512
4791,33513
4791,33514
4791,33515
4791,33516
4791,33517
4791,33518
4791,33519
4791,33520
4791,33521
4791,33522
4791,33523
4791,33524
4791,33525
4791,33526
4791,33527
4791,33528
4791,33529
4791,33530
4791,33531
4791,33532
4791,33533
4791,33534
4791,33535
4791,33536
4791,33537
4791,33538
4791,33539
4791,33540
4791,33541
4791,33542
4791,33543
4791,33544
4791,33545
4791,33546
4791,33547
4791,33548
4791,33549
4791,33550
4791,33551
4791,33552
4791,33553
4791,33554
4791,33555
4791,33556
4791,33557
4791,33558
4791,33559
4791,33560
4791,33561
4791,33562
4791,33563
4791,33564
4791,33565
4791,33566
4791,33567
4791,33568
4791,33569
4791,33570
4791,33571
4791,33572
4791,33573
4791,33574
4791,33575
4791,33576
4791,33577
4791,33578
4791,33579
4791,33580
4791,33581
4791,33582
4791,33583
4791,33584
4791,33585
4791,33586
4791,33587
4791,33588
4791,33589
4791,33590
4791,33591
4791,33592
4791,33593
4791,33594
4791,33595
4791,33596
4791,33597
4791,33598
4791,33599
4791,33600
4791,33601
4791,33602
4791,33603
4791,33604
4791,33605
4791,33606
4791,33607
4791,33608
4791,33609
4791,33610
4791,33611
4792,33316
4792,33317
4792,33318
4792,33319
4792,33320
4792,33321
4792,33322
4792,33323
4792,33324
4792,33325
4792,33326
4792,33327
4792,33328
4792,33329
4792,33330
4792,33331
4792,33332
4792,33333
4792,33334
4792,33335
4792,33336
4792,33337
4792,33338
4792,33339
4792,33340
4792,33341
4792,33342
4792,33343
4792,33344
4792,33345
4792,33346
4792,33347
4792,33348
4792,33349
4792,33350
4792,33351
4792,33352
4792,33353
4792,33354
4792,33355
4792,33356
4792,33357
4792,33358
4792,33359
4792,33360
4792,33361
4792,33362
4792,33363
4792,33364
4792,33365
4792,33366
4792,33367
4792,33368
4792,33369
4792,33370
4792,33371
4792,33372
4792,33373
4792,33374
4792,33375
4792,33376
4792,33377
4792,33378
4792,33379
4792,33380
4792,33381
4792,33382
4792,33383
4792,33384
4792,33385
4792,33386
4792,33387
4792,33388
4792,33389
4792,33390
4792,33391
4792,33392
4792,33393
4792,33394
4792,33395
4792,33396
4792,33397
4792,33398
4792,33399
4792,33400
4792,33401
4792,33402
4792,33403
4792,33404
4792,33405
4792,33406
4792,33407
4792,33408
4792,33409
4792,33410
4792,33411
4792,33412
4792,33413
4792,33414
4792,33415
4792,33416
4792,33417
4792,33418
4792,33419
4792,33420
4792,33421
4792,33422
4792,33423
4792,33424
4792,33425
4792,33426
4792,33427
4792,33428
4792,33429
4792,33430
4792,33431
4792,33432
4792,33433
4792,33434
4792,33435
4792,33436
4792,33437
4792,33438
4792,33439
4792,33440
4792,33441
4792,33442
4792,33443
4792,33444
4792,33445
4792,33446
4792,33447
4792,33448
4792,33449
4792,33450
4792,33451
4792,33452
4792,33453
4792,33454
4792,33455
4792,33456
4792,33457
4792,33458
4792,33459
4792,33460
4792,33461
4792,33462
4792,33463
4792,33464
4792,33465
4792,33466
4792,33467
4792,33468
4792,33469
4792,33470
4792,33471
4792,33472
4792,33473
4792,33474
4792,33475
4792,33476
4792,33477
4792,33478
4792,33479
4792,33480
4792,33481
4792,33482
4792,33483
4792,33484
4792,33485
4792,33486
4792,33487
4792,33488
4792,33489
4792,33490
4792,33491
4792,33492
4792,33493
4792,33494
4792,33495
4792,33496
4792,33497
4792,33498
4792,33499
4792,33500
4792,33501
4792,33502
4792,33503
4792,33504
4792,33505
4792,33506
4792,33507
4792,33508
4792,33509
4792,33510
4792,33511
4792,33512
4792,33513
4792,33514
4792,33515
4792,33516
4792,33517
4792,33518
4792,33519
4792,33520
4792,33521
4792,33522
4792,33523
4792,33525
4792,33526
4792,33527
4792,33528
4792,33529
4792,33530
4792,33531
4792,33532
4792,33533
4792,33534
4792,33535
4792,33536
4792,33537
4792,33538
4792,33539
4792,33540
4792,33541
4792,33542
4792,33543
4792,33544
4792,33545
4792,33546
4792,33547
4792,33548
4792,33549
4792,33550
4792,33551
4792,33552
4792,33553
4792,33554
4792,33555
4792,33556
4792,33557
4792,33558
4792,33559
4792,33560
4792,33561
4792,33562
4792,33563
4792,33564
4792,33565
4792,33566
4792,33567
4792,33568
4792,33569
4792,33570
4792,33571
4792,33572
4792,33573
4792,33574
4792,33575
4792,33576
4792,33577
4792,33578
4792,33579
4792,33580
4792,33581
4792,33582
4792,33583
4792,33584
4792,33585
4792,33586
4792,33587
4792,33588
4792,33589
4792,33590
4792,33591
4792,33592
4792,33593
4792,33594
4792,33595
4792,33596
4792,33597
4792,33598
4792,33599
4792,33600
4792,33601
4792,33602
4792,33603
4792,33604
4792,33605
4792,33606
4792,33607
4792,33608
4792,33609
4792,33610
4793,33316
4793,33317
4793,33318
4793,33319
4793,33320
4793,33321
4793,33322
4793,33323
4793,33324
4793,33325
4793,33326
4793,33327
4793,33328
4793,33329
4793,33330
4793,33331
4793,33332
4793,33333
4793,33334
4793,33335
4793,33336
4793,33337
4793,33338
4793,33339
4793,33340
4793,33341
4793,33342
4793,33343
4793,33344
4793,33345
4793,33346
4793,33347
4793,33348
4793,33349
4793,33350
4793,33351
4793,33352
4793,33353
4793,33354
4793,33355
4793,33356
4793,33357
4793,33358
4793,33359
4793,33360
4793,33361
4793,33362
4793,33363
4793,33364
4793,33365
4793,33366
4793,33367
4793,33368
4793,33369
4793,33370
4793,33371
4793,33372
4793,33373
4793,33374
4793,33375
4793,33376
4793,33377
4793,33378
4793,33379
4793,33380
4793,33381
4793,33382
4793,33383
4793,33384
4793,33385
4793,33386
4793,33387
4793,33388
4793,33389
4793,33390
4793,33391
4793,33392
4793,33393
4793,33394
4793,33395
4793,33396
4793,33397
4793,33398
4793,33399
4793,33400
4793,33401
4793,33402
4793,33403
4793,33404
4793,33405
4793,33406
4793,33407
4793,33408
4793,33409
4793,33410
4793,33411
4793,33412
4793,33413
4793,33414
4793,33415
4793,33416
4793,33417
4793,33418
4793,33419
4793,33420
4793,33421
4793,33422
4793,33423
4793,33424
4793,33425
4793,33426
4793,33427
4793,33428
4793,33429
4793,33430
4793,33431
4793,33432
4793,33433
4793,33434
4793,33435
4793,33436
4793,33437
4793,33438
4793,33439
4793,33440
4793,33441
4793,33442
4793,33443
4793,33444
4793,33445
4793,33446
4793,33447
4793,33448
4793,33449
4793,33450
4793,33451
4793,33452
4793,33453
4793,33454
4793,33455
4793,33456
4793,33457
4793,33458
4793,33459
4793,33460
4793,33461
4793,33462
4793,33463
4793,33464
4793,33465
4793,33466
4793,33467
4793,33468
4793,33469
4793,33470
4793,33471
4793,33472
4793,33473
4793,33474
4793,33475
4793,33476
4793,33477
4793,33478
4793,33479
4793,33480
4793,33481
4793,33482
4793,33483
4793,33484
4793,33485
4793,33486
4793,33487
4793,33488
4793,33489
4793,33490
4793,33491
4793,33492
4793,33493
4793,33494
4793,33495
4793,33496
4793,33497
4793,33498
4793,33499
4793,33500
4793,33501
4793,33502
4793,33503
4793,33504
4793,33505
4793,33506
4793,33507
4793,33508
4793,33509
4793,33510
4793,33511
4793,33512
4793,33513
4793,33514
4793,33515
4793,33516
4793,33517
4793,33518
4793,33519
4793,33520
4793,33521
4793,33522
4793,33523
4793,33526
4793,33527
4793,33528
4793,33529
4793,33530
4793,33531
4793,33532
4793,33533
4793,33534
4793,33535
4793,33536
4793,33537
4793,33538
4793,33539
4793,33540
4793,33541
4793,33542
4793,33543
4793,33544
4793,33545
4793,33546
4793,33547
4793,33548
4793,33549
4793,33550
4793,33551
4793,33552
4793,33553
4793,33554
4793,33555
4793,33556
4793,33557
4793,33558
4793,33559
4793,33560
4793,33561
4793,33562
4793,33563
4793,33564
4793,33565
4793,33566
4793,33567
4793,33568
4793,33569
4793,33570
4793,33571
4793,33572
4793,33573
4793,33574
4793,33575
4793,33576
4793,33577
4793,33578
4793,33579
4793,33580
4793,33581
4793,33582
4793,33583
4793,33584
4793,33585
4793,33586
4793,33587
4793,33588
4793,33589
4793,33590
4793,33591
4793,33592
4793,33593
4793,33594
4793,33595
4793,33596
4793,33597
4793,33598
4793,33599
4793,33600
4793,33601
4793,33602
4793,33603
4793,33604
4793,33605
4793,33606
4793,33607
4793,33608
4793,33609
4793,33610
4794,33316
4794,33317
4794,33318
4794,33319
4794,33320
4794,33321
4794,33322
4794,33323
4794,33324
4794,33325
4794,33326
4794,33327
4794,33328
4794,33329
4794,33330
4794,33331
4794,33332
4794,33333
4794,33334
4794,33335
4794,33336
4794,33337
4794,33338
4794,33339
4794,33340
4794,33341
4794,33342
4794,33343
4794,33344
4794,33345
4794,33346
4794,33347
4794,33348
4794,33349
4794,33350
4794,33351
4794,33352
4794,33353
4794,33354
4794,33355
4794,33356
4794,33357
4794,33358
4794,33359
4794,33360
4794,33361
4794,33362
4794,33363
4794,33364
4794,33365
4794,33366
4794,33367
4794,33368
4794,33369
4794,33370
4794,33371
4794,33372
4794,33373
4794,33374
4794,33375
4794,33376
4794,33377
4794,33378
4794,33379
4794,33380
4794,33381
4794,33382
4794,33383
4794,33384
4794,33385
4794,33386
4794,33387
4794,33388
4794,33389
4794,33390
4794,33391
4794,33392
4794,33393
4794,33394
4794,33395
4794,33396
4794,33397
4794,33398
4794,33399
4794,33400
4794,33401
4794,33402
4794,33403
4794,33404
4794,33405
4794,33406
4794,33407
4794,33408
4794,33409
4794,33410
4794,33411
4794,33412
4794,33413
4794,33414
4794,33415
4794,33416
4794,33417
4794,33418
4794,33419
4794,33420
4794,33421
4794,33422
4794,33423
4794,33424
4794,33425
4794,33426
4794,33427
4794,33428
4794,33429
4794,33430
4794,33431
4794,33432
4794,33433
4794,33434
4794,33435
4794,33436
4794,33437
4794,33438
4794,33439
4794,33440
4794,33441
4794,33442
4794,33443
4794,33444
4794,33445
4794,33446
4794,33447
4794,33448
4794,33449
4794,33450
4794,33451
4794,33452
4794,33453
4794,33454
4794,33455
4794,33456
4794,33457
4794,33458
4794,33459
4794,33460
4794,33461
4794,33462
4794,33463
4794,33464
4794,33465
4794,33466
4794,33467
4794,33468
4794,33469
4794,33470
4794,33471
4794,33472
4794,33473
4794,33474
4794,33475
4794,33476
4794,33477
4794,33478
4794,33479
4794,33480
4794,33481
4794,33482
4794,33483
4794,33484
4794,33485
4794,33486
4794,33487
4794,33488
4794,33489
4794,33490
4794,33491
4794,33492
4794,33493
4794,33494
4794,33495
4794,33496
4794,33497
4794,33498
4794,33499
4794,33500
4794,33501
4794,33502
4794,33503
4794,33504
4794,33505
4794,33506
4794,33507
4794,33508
4794,33509
4794,33510
4794,33511
4794,33512
4794,33513
4794,33514
4794,33515
4794,33516
4794,33517
4794,33518
4794,33519
4794,33520
4794,33521
4794,33522
4794,33523
4794,33526
4794,33527
4794,33528
4794,33529
4794,33530
4794,33531
4794,33532
4794,33533
4794,33534
4794,33535
4794,33536
4794,33537
4794,33538
4794,33539
4794,33540
4794,33541
4794,33542
4794,33543
4794,33544
4794,33545
4794,33546
4794,33547
4794,33548
4794,33549
4794,33550
4794,33551
4794,33552
4794,33553
4794,33554
4794,33555
4794,33556
4794,33557
4794,33558
4794,33559
4794,33560
4794,33561
4794,33562
4794,33563
4794,33564
4794,33565
4794,33566
4794,33567
4794,33568
4794,33569
4794,33570
4794,33571
4794,33572
4794,33573
4794,33574
4794,33575
4794,33576
4794,33577
4794,33578
4794,33579
4794,33580
4794,33581
4794,33582
4794,33583
4794,33584
4794,33585
4794,33586
4794,33587
4794,33588
4794,33589
4794,33590
4794,33591
4794,33592
4794,33593
4794,33594
4794,33595
4794,33596
4794,33597
4794,33598
4794,33599
4794,33600
4794,33601
4794,33602
4794,33603
4794,33604
4794,33605
4794,33606
4794,33607
4794,33608
4794,33609
4795,33316
4795,33317
4795,33318
4795,33319
4795,33320
4795,33321
4795,33322
4795,33323
4795,33324
4795,33325
4795,33326
4795,33327
4795,33328
4795,33329
4795,33330
4795,33331
4795,33332
4795,33333
4795,33334
4795,33335
4795,33336
4795,33337
4795,33338
4795,33339
4795,33340
4795,33341
4795,33342
4795,33343
4795,33344
4795,33345
4795,33346
4795,33347
4795,33348
4795,33349
4795,33350
4795,33351
4795,33352
4795,33353
4795,33354
4795,33355
4795,33356
4795,33357
4795,33358
4795,33359
4795,33360
4795,33361
4795,33362
4795,33363
4795,33364
4795,33365
4795,33366
4795,33367
4795,33368
4795,33369
4795,33370
4795,33371
4795,33372
4795,33373
4795,33374
4795,33375
4795,33376
4795,33377
4795,33378
4795,33379
4795,33380
4795,33381
4795,33382
4795,33383
4795,33384
4795,33385
4795,33386
4795,33387
4795,33388
4795,33389
4795,33390
4795,33391
4795,33392
4795,33393
4795,33394
4795,33395
4795,33396
4795,33397
4795,33398
4795,33399
4795,33400
4795,33401
4795,33402
4795,33403
4795,33404
4795,33405
4795,33406
4795,33407
4795,33408
4795,33409
4795,33410
4795,33411
4795,33412
4795,33413
4795,33414
4795,33415
4795,33416
4795,33417
4795,33418
4795,33419
4795,33420
4795,33421
4795,33422
4795,33423
4795,33424
4795,33425
4795,33426
4795,33427
4795,33428
4795,33429
4795,33430
4795,33431
4795,33432
4795,33433
4795,33434
4795,33435
4795,33436
4795,33437
4795,33438
4795,33439
4795,33440
4795,33441
4795,33442
4795,33443
4795,33444
4795,33445
4795,33446
4795,33447
4795,33448
4795,33449
4795,33450
4795,33451
4795,33452
4795,33453
4795,33454
4795,33455
4795,33456
4795,33457
4795,33458
4795,33459
4795,33460
4795,33461
4795,33462
4795,33463
4795,33464
4795,33465
4795,33466
4795,33467
4795,33468
4795,33469
4795,33470
4795,33471
4795,33472
4795,33473
4795,33474
4795,33475
4795,33476
4795,33477
4795,33478
4795,33479
4795,33480
4795,33481
4795,33482
4795,33483
4795,33484
4795,33485
4795,33486
4795,33487
4795,33488
4795,33489
4795,33490
4795,33491
4795,33492
4795,33493
4795,33494
4795,33495
4795,33496
4795,33497
4795,33498
4795,33499
4795,33500
4795,33501
4795,33502
4795,33503
4795,33504
4795,33505
4795,33506
4795,33507
4795,33508
4795,33509
4795,33510
4795,33511
4795,33512
4795,33513
4795,33514
4795,33515
4795,33516
4795,33517
4795,33518
4795,33519
4795,33520
4795,33521
4795,33522
4795,33527
4795,33528
4795,33529
4795,33530
4795,33531
4795,33532
4795,33533
4795,33534
4795,33535
4795,33536
4795,33537
4795,33538
4795,33539
4795,33540
4795,33541
4795,33542
4795,33543
4795,33544
4795,33545
4795,33546
4795,33547
4795,33548
4795,33549
4795,33550
4795,33551
4795,33552
4795,33553
4795,33554
4795,33555
4795,33556
4795,33557
4795,33558
4795,33559
4795,33560
4795,33561
4795,33562
4795,33563
4795,33564
4795,33565
4795,33566
4795,33567
4795,33568
4795,33569
4795,33570
4795,33571
4795,33572
4795,33573
4795,33574
4795,33575
4795,33576
4795,33577
4795,33578
4795,33579
4795,33580
4795,33581
4795,33582
4795,33583
4795,33584
4795,33585
4795,33586
4795,33587
4795,33588
4795,33589
4795,33590
4795,33591
4795,33592
4795,33593
4795,33594
4795,33595
4795,33596
4795,33597
4795,33598
4795,33599
4795,33600
4795,33601
4795,33602
4795,33603
4795,33604
4795,33605
4795,33606
4795,33607
4795,33608
4795,33609
4796,33315
4796,33316
4796,33317
4796,33318
4796,33319
4796,33320
4796,33321
4796,33322
4796,33323
4796,33324
4796,33325
4796,33326
4796,33327
4796,33328
4796,33329
4796,33330
4796,33331
4796,33332
4796,33333
4796,33334
4796,33335
4796,33336
4796,33337
4796,33338
4796,33339
4796,33340
4796,33341
4796,33342
4796,33343
4796,33344
4796,33345
4796,33346
4796,33347
4796,33348
4796,33349
4796,33350
4796,33351
4796,33352
4796,33353
4796,33354
4796,33355
4796,33356
4796,33357
4796,33358
4796,33359
4796,33360
4796,33361
4796,33362
4796,33363
4796,33364
4796,33365
4796,33366
4796,33367
4796,33368
4796,33369
4796,33370
4796,33371
4796,33372
4796,33373
4796,33374
4796,33375
4796,33376
4796,33377
4796,33378
4796,33379
4796,33380
4796,33381
4796,33382
4796,33383
4796,33384
4796,33385
4796,33386
4796,33387
4796,33388
4796,33389
4796,33390
4796,33391
4796,33392
4796,33393
4796,33394
4796,33395
4796,33396
4796,33397
4796,33398
4796,33399
4796,33400
4796,33401
4796,33402
4796,33403
4796,33404
4796,33405
4796,33406
4796,33407
4796,33408
4796,33409
4796,33410
4796,33411
4796,33412
4796,33413
4796,33414
4796,33415
4796,33416
4796,33417
4796,33418
4796,33419
4796,33420
4796,33421
4796,33422
4796,33423
4796,33424
4796,33425
4796,33426
4796,33427
4796,33428
4796,33429
4796,33430
4796,33431
4796,33432
4796,33433
4796,33434
4796,33435
4796,33436
4796,33437
4796,33438
4796,33439
4796,33440
4796,33441
4796,33442
4796,33443
4796,33444
4796,33445
4796,33446
4796,33447
4796,33448
4796,33449
4796,33450
4796,33451
4796,33452
4796,33453
4796,33454
4796,33455
4796,33456
4796,33457
4796,33458
4796,33459
4796,33460
4796,33461
4796,33462
4796,33463
4796,33464
4796,33465
4796,33466
4796,33467
4796,33468
4796,33469
4796,33470
4796,33471
4796,33472
4796,33473
4796,33474
4796,33475
4796,33476
4796,33477
4796,33478
4796,33479
4796,33480
4796,33481
4796,33482
4796,33483
4796,33484
4796,33485
4796,33486
4796,33487
4796,33488
4796,33489
4796,33490
4796,33491
4796,33492
4796,33493
4796,33494
4796,33495
4796,33496
4796,33497
4796,33498
4796,33499
4796,33500
4796,33501
4796,33502
4796,33503
4796,33504
4796,33505
4796,33506
4796,33507
4796,33508
4796,33509
4796,33510
4796,33511
4796,33512
4796,33513
4796,33514
4796,33515
4796,33516
4796,33517
4796,33518
4796,33519
4796,33520
4796,33521
4796,33528
4796,33529
4796,33530
4796,33531
4796,33532
4796,33533
4796,33534
4796,33535
4796,33536
4796,33537
4796,33538
4796,33539
4796,33540
4796,33541
4796,33542
4796,33543
4796,33544
4796,33545
4796,33546
4796,33547
4796,33548
4796,33549
4796,33550
4796,33551
4796,33552
4796,33553
4796,33554
4796,33555
4796,33556
4796,33557
4796,33558
4796,33559
4796,33560
4796,33561
4796,33562
4796,33563
4796,33564
4796,33565
4796,33566
4796,33567
4796,33568
4796,33569
4796,33570
4796,33571
4796,33572
4796,33573
4796,33574
4796,33575
4796,33576
4796,33577
4796,33578
4796,33579
4796,33580
4796,33581
4796,33582
4796,33583
4796,33584
4796,33585
4796,33586
4796,33587
4796,33588
4796,33589
4796,33590
4796,33591
4796,33592
4796,33593
4796,33594
4796,33595
4796,33596
4796,33597
4796,33598
4796,33599
4796,33600
4796,33601
4796,33602
4796,33603
4796,33604
4796,33605
4796,33606
4796,33607
4796,33608
4797,33316
4797,33317
4797,33318
4797,33319
4797,33320
4797,33321
4797,33322
4797,33323
4797,33324
4797,33325
4797,33326
4797,33327
4797,33328
4797,33329
4797,33330
4797,33331
4797,33332
4797,33333
4797,33334
4797,33335
4797,33336
4797,33337
4797,33338
4797,33339
4797,33340
4797,33341
4797,33342
4797,33343
4797,33344
4797,33345
4797,33346
4797,33347
4797,33348
4797,33349
4797,33350
4797,33351
4797,33352
4797,33353
4797,33354
4797,33355
4797,33356
4797,33357
4797,33358
4797,33359
4797,33360
4797,33361
4797,33362
4797,33363
4797,33364
4797,33365
4797,33366
4797,33367
4797,33368
4797,33369
4797,33370
4797,33371
4797,33372
4797,33373
4797,33374
4797,33375
4797,33376
4797,33377
4797,33378
4797,33379
4797,33380
4797,33381
4797,33382
4797,33383
4797,33384
4797,33385
4797,33386
4797,33387
4797,33388
4797,33389
4797,33390
4797,33391
4797,33392
4797,33393
4797,33394
4797,33395
4797,33396
4797,33397
4797,33398
4797,33399
4797,33400
4797,33401
4797,33402
4797,33403
4797,33404
4797,33405
4797,33406
4797,33407
4797,33408
4797,33409
4797,33410
4797,33411
4797,33412
4797,33413
4797,33414
4797,33415
4797,33416
4797,33417
4797,33418
4797,33419
4797,33420
4797,33421
4797,33422
4797,33423
4797,33424
4797,33425
4797,33426
4797,33427
4797,33428
4797,33429
4797,33430
4797,33431
4797,33432
4797,33433
4797,33434
4797,33435
4797,33436
4797,33437
4797,33438
4797,33439
4797,33440
4797,33441
4797,33442
4797,33443
4797,33444
4797,33445
4797,33446
4797,33447
4797,33448
4797,33449
4797,33450
4797,33451
4797,33452
4797,33453
4797,33454
4797,33455
4797,33456
4797,33457
4797,33458
4797,33459
4797,33460
4797,33461
4797,33462
4797,33463
4797,33464
4797,33465
4797,33466
4797,33467
4797,33468
4797,33469
4797,33470
4797,33471
4797,33472
4797,33473
4797,33474
4797,33475
4797,33476
4797,33477
4797,33478
4797,33479
4797,33480
4797,33481
4797,33482
4797,33483
4797,33484
4797,33485
4797,33486
4797,33487
4797,33488
4797,33489
4797,33490
4797,33491
4797,33492
4797,33493
4797,33494
4797,33495
4797,33496
4797,33497
4797,33498
4797,33499
4797,33500
4797,33501
4797,33502
4797,33503
4797,33504
4797,33505
4797,33506
4797,33507
4797,33508
4797,33509
4797,33510
4797,33511
4797,33512
4797,33513
4797,33514
4797,33515
4797,33516
4797,33517
4797,33518
4797,33519
4797,33520
4797,33521
4797,33530
4797,33531
4797,33532
4797,33533
4797,33534
4797,33535
4797,33536
4797,33537
4797,33538
4797,33539
4797,33540
4797,33541
4797,33542
4797,33543
4797,33544
4797,33545
4797,33546
4797,33547
4797,33548
4797,33549
4797,33550
4797,33551
4797,33552
4797,33553
4797,33554
4797,33555
4797,33556
4797,33557
4797,33558
4797,33559
4797,33560
4797,33561
4797,33562
4797,33563
4797,33564
4797,33565
4797,33566
4797,33567
4797,33568
4797,33569
4797,33570
4797,33571
4797,33572
4797,33573
4797,33574
4797,33575
4797,33576
4797,33577
4797,33578
4797,33579
4797,33580
4797,33581
4797,33582
4797,33583
4797,33584
4797,33585
4797,33586
4797,33587
4797,33588
4797,33589
4797,33590
4797,33591
4797,33592
4797,33593
4797,33594
4797,33595
4797,33596
4797,33597
4797,33598
4797,33599
4797,33600
4797,33601
4797,33602
4797,33603
4797,33604
4797,33605
4797,33606
4797,33607
4797,33608
4798,33316
4798,33317
4798,33318
4798,33319
4798,33320
4798,33321
4798,33322
4798,33323
4798,33324
4798,33325
4798,33326
4798,33327
4798,33328
4798,33329
4798,33330
4798,33331
4798,33332
4798,33333
4798,33334
4798,33335
4798,33336
4798,33337
4798,33338
4798,33339
4798,33340
4798,33341
4798,33342
4798,33343
4798,33344
4798,33345
4798,33346
4798,33347
4798,33348
4798,33349
4798,33350
4798,33351
4798,33352
4798,33353
4798,33354
4798,33355
4798,33356
4798,33357
4798,33358
4798,33359
4798,33360
4798,33361
4798,33362
4798,33363
4798,33364
4798,33365
4798,33366
4798,33367
4798,33368
4798,33369
4798,33370
4798,33371
4798,33372
4798,33373
4798,33374
4798,33375
4798,33376
4798,33377
4798,33378
4798,33379
4798,33380
4798,33381
4798,33382
4798,33383
4798,33384
4798,33385
4798,33386
4798,33387
4798,33388
4798,33389
4798,33390
4798,33391
4798,33392
4798,33393
4798,33394
4798,33395
4798,33396
4798,33397
4798,33398
4798,33399
4798,33400
4798,33401
4798,33402
4798,33403
4798,33404
4798,33405
4798,33406
4798,33407
4798,33408
4798,33409
4798,33410
4798,33411
4798,33412
4798,33413
4798,33414
4798,33415
4798,33416
4798,33417
4798,33418
4798,33419
4798,33420
4798,33421
4798,33422
4798,33423
4798,33424
4798,33425
4798,33426
4798,33427
4798,33428
4798,33429
4798,33430
4798,33431
4798,33432
4798,33433
4798,33434
4798,33435
4798,33436
4798,33437
4798,33438
4798,33439
4798,33440
4798,33441
4798,33442
4798,33443
4798,33444
4798,33445
4798,33446
4798,33447
4798,33448
4798,33449
4798,33450
4798,33451
4798,33452
4798,33453
4798,33454
4798,33455
4798,33456
4798,33457
4798,33458
4798,33459
4798,33460
4798,33461
4798,33462
4798,33463
4798,33464
4798,33465
4798,33466
4798,33467
4798,33468
4798,33469
4798,33470
4798,33471
4798,33472
4798,33473
4798,33474
4798,33475
4798,33476
4798,33477
4798,33478
4798,33479
4798,33480
4798,33481
4798,33482
4798,33483
4798,33484
4798,33485
4798,33486
4798,33487
4798,33488
4798,33489
4798,33490
4798,33491
4798,33492
4798,33493
4798,33494
4798,33495
4798,33496
4798,33497
4798,33498
4798,33499
4798,33500
4798,33501
4798,33502
4798,33503
4798,33504
4798,33505
4798,33506
4798,33507
4798,33508
4798,33509
4798,33510
4798,33511
4798,33512
4798,33513
4798,33514
4798,33515
4798,33516
4798,33517
4798,33518
4798,33519
4798,33520
4798,33521
4798,33529
4798,33530
4798,33531
4798,33532
4798,33533
4798,33534
4798,33535
4798,33536
4798,33537
4798,33538
4798,33539
4798,33540
4798,33541
4798,33542
4798,33543
4798,33544
4798,33545
4798,33546
4798,33547
4798,33548
4798,33549
4798,33550
4798,33551
4798,33552
4798,33553
4798,33554
4798,33555
4798,33556
4798,33557
4798,33558
4798,33559
4798,33560
4798,33561
4798,33562
4798,33563
4798,33564
4798,33565
4798,33566
4798,33567
4798,33568
4798,33569
4798,33570
4798,33571
4798,33572
4798,33573
4798,33574
4798,33575
4798,33576
4798,33577
4798,33578
4798,33579
4798,33580
4798,33581
4798,33582
4798,33583
4798,33584
4798,33585
4798,33586
4798,33587
4798,33588
4798,33589
4798,33590
4798,33591
4798,33592
4798,33593
4798,33594
4798,33595
4798,33596
4798,33597
4798,33598
4798,33599
4798,33600
4798,33601
4798,33602
4798,33603
4798,33604
4798,33605
4798,33606
4798,33607
4799,33316
4799,33317
4799,33318
4799,33319
4799,33320
4799,33321
4799,33322
4799,33323
4799,33324
4799,33325
4799,33326
4799,33327
4799,33328
4799,33329
4799,33330
4799,33331
4799,33332
4799,33333
4799,33334
4799,33335
4799,33336
4799,33337
4799,33338
4799,33339
4799,33340
4799,33341
4799,33342
4799,33343
4799,33344
4799,33345
4799,33346
4799,33347
4799,33348
4799,33349
4799,33350
4799,33351
4799,33352
4799,33353
4799,33354
4799,33355
4799,33356
4799,33357
4799,33358
4799,33359
4799,33360
4799,33361
4799,33362
4799,33363
4799,33364
4799,33365
4799,33366
4799,33367
4799,33368
4799,33369
4799,33370
4799,33371
4799,33372
4799,33373
4799,33374
4799,33375
4799,33376
4799,33377
4799,33378
4799,33379
4799,33380
4799,33381
4799,33382
4799,33383
4799,33384
4799,33385
4799,33386
4799,33387
4799,33388
4799,33389
4799,33390
4799,33391
4799,33392
4799,33393
4799,33394
4799,33395
4799,33396
4799,33397
4799,33398
4799,33399
4799,33400
4799,33401
4799,33402
4799,33403
4799,33404
4799,33405
4799,33406
4799,33407
4799,33408
4799,33409
4799,33410
4799,33411
4799,33412
4799,33413
4799,33414
4799,33415
4799,33416
4799,33417
4799,33418
4799,33419
4799,33420
4799,33421
4799,33422
4799,33423
4799,33424
4799,33425
4799,33426
4799,33427
4799,33428
4799,33429
4799,33430
4799,33431
4799,33432
4799,33433
4799,33434
4799,33435
4799,33436
4799,33437
4799,33438
4799,33439
4799,33440
4799,33441
4799,33442
4799,33443
4799,33444
4799,33445
4799,33446
4799,33447
4799,33448
4799,33449
4799,33450
4799,33451
4799,33452
4799,33453
4799,33454
4799,33455
4799,33456
4799,33457
4799,33458
4799,33459
4799,33460
4799,33461
4799,33462
4799,33463
4799,33464
4799,33465
4799,33466
4799,33467
4799,33468
4799,33469
4799,33470
4799,33471
4799,33472
4799,33473
4799,33474
4799,33475
4799,33476
4799,33477
4799,33478
4799,33479
4799,33480
4799,33481
4799,33482
4799,33483
4799,33484
4799,33485
4799,33486
4799,33487
4799,33488
4799,33489
4799,33490
4799,33491
4799,33492
4799,33493
4799,33494
4799,33495
4799,33496
4799,33497
4799,33498
4799,33499
4799,33500
4799,33501
4799,33502
4799,33503
4799,33504
4799,33505
4799,33506
4799,33507
4799,33508
4799,33509
4799,33510
4799,33511
4799,33512
4799,33513
4799,33514
4799,33515
4799,33516
4799,33517
4799,33518
4799,33519
4799,33520
4799,33530
4799,33531
4799,33532
4799,33533
4799,33534
4799,33535
4799,33536
4799,33537
4799,33538
4799,33539
4799,33540
4799,33541
4799,33542
4799,33543
4799,33544
4799,33545
4799,33546
4799,33547
4799,33548
4799,33549
4799,33550
4799,33551
4799,33552
4799,33553
4799,33554
4799,33555
4799,33556
4799,33557
4799,33558
4799,33559
4799,33560
4799,33561
4799,33562
4799,33563
4799,33564
4799,33565
4799,33566
4799,33567
4799,33568
4799,33569
4799,33570
4799,33571
4799,33572
4799,33573
4799,33574
4799,33575
4799,33576
4799,33577
4799,33578
4799,33579
4799,33580
4799,33581
4799,33582
4799,33583
4799,33584
4799,33585
4799,33586
4799,33587
4799,33588
4799,33589
4799,33590
4799,33591
4799,33592
4799,33593
4799,33594
4799,33595
4799,33596
4799,33597
4799,33598
4799,33599
4799,33600
4799,33601
4799,33602
4799,33603
4799,33604
4799,33605
4799,33606
4800,33317
4800,33318
4800,33319
4800,33320
4800,33321
4800,33322
4800,33323
4800,33324
4800,33325
4800,33326
4800,33327
4800,33328
4800,33329
4800,33330
4800,33331
4800,33332
4800,33333
4800,33334
4800,33335
4800,33336
4800,33337
4800,33338
4800,33339
4800,33340
4800,33341
4800,33342
4800,33343
4800,33344
4800,33345
4800,33346
4800,33347
4800,33348
4800,33349
4800,33350
4800,33351
4800,33352
4800,33353
4800,33354
4800,33355
4800,33356
4800,33357
4800,33358
4800,33359
4800,33360
4800,33361
4800,33362
4800,33363
4800,33364
4800,33365
4800,33366
4800,33367
4800,33368
4800,33369
4800,33370
4800,33371
4800,33372
4800,33373
4800,33374
4800,33375
4800,33376
4800,33377
4800,33378
4800,33379
4800,33380
4800,33381
4800,33382
4800,33383
4800,33384
4800,33385
4800,33386
4800,33387
4800,33388
4800,33389
4800,33390
4800,33391
4800,33392
4800,33393
4800,33394
4800,33395
4800,33396
4800,33397
4800,33398
4800,33399
4800,33400
4800,33401
4800,33402
4800,33403
4800,33404
4800,33405
4800,33406
4800,33407
4800,33408
4800,33409
4800,33410
4800,33411
4800,33412
4800,33413
4800,33414
4800,33415
4800,33416
4800,33417
4800,33418
4800,33419
4800,33420
4800,33421
4800,33422
4800,33423
4800,33424
4800,33425
4800,33426
4800,33427
4800,33428
4800,33429
4800,33430
4800,33431
4800,33432
4800,33433
4800,33434
4800,33435
4800,33436
4800,33437
4800,33438
4800,33439
4800,33440
4800,33441
4800,33442
4800,33443
4800,33444
4800,33445
4800,33446
4800,33447
4800,33448
4800,33449
4800,33450
4800,33451
4800,33452
4800,33453
4800,33454
4800,33455
4800,33456
4800,33457
4800,33458
4800,33459
4800,33460
4800,33461
4800,33462
4800,33463
4800,33464
4800,33465
4800,33466
4800,33467
4800,33468
4800,33469
4800,33470
4800,33471
4800,33472
4800,33473
4800,33474
4800,33475
4800,33476
4800,33477
4800,33478
4800,33479
4800,33480
4800,33481
4800,33482
4800,33483
4800,33484
4800,33485
4800,33486
4800,33487
4800,33488
4800,33489
4800,33490
4800,33491
4800,33492
4800,33493
4800,33494
4800,33495
4800,33496
4800,33497
4800,33498
4800,33499
4800,33500
4800,33501
4800,33502
4800,33503
4800,33504
4800,33505
4800,33506
4800,33507
4800,33508
4800,33509
4800,33510
4800,33511
4800,33512
4800,33513
4800,33514
4800,33515
4800,33516
4800,33517
4800,33518
4800,33519
4800,33520
4800,33530
4800,33531
4800,33532
4800,33533
4800,33534
4800,33535
4800,33536
4800,33537
4800,33538
4800,33539
4800,33540
4800,33541
4800,33542
4800,33543
4800,33544
4800,33545
4800,33546
4800,33547
4800,33548
4800,33549
4800,33550
4800,33551
4800,33552
4800,33553
4800,33554
4800,33555
4800,33556
4800,33557
4800,33558
4800,33559
4800,33560
4800,33561
4800,33562
4800,33563
4800,33564
4800,33565
4800,33566
4800,33567
4800,33568
4800,33569
4800,33570
4800,33571
4800,33572
4800,33573
4800,33574
4800,33575
4800,33576
4800,33577
4800,33578
4800,33579
4800,33580
4800,33581
4800,33582
4800,33583
4800,33584
4800,33585
4800,33586
4800,33587
4800,33588
4800,33589
4800,33590
4800,33591
4800,33592
4800,33593
4800,33594
4800,33595
4800,33596
4800,33597
4800,33598
4800,33599
4800,33600
4800,33601
4800,33602
4800,33603
4800,33604
4800,33605
4800,33606
4801,33317
4801,33318
4801,33319
4801,33320
4801,33321
4801,33322
4801,33323
4801,33324
4801,33325
4801,33326
4801,33327
4801,33328
4801,33329
4801,33330
4801,33331
4801,33332
4801,33333
4801,33334
4801,33335
4801,33336
4801,33337
4801,33338
4801,33339
4801,33340
4801,33341
4801,33342
4801,33343
4801,33344
4801,33345
4801,33346
4801,33347
4801,33348
4801,33349
4801,33350
4801,33351
4801,33352
4801,33353
4801,33354
4801,33355
4801,33356
4801,33357
4801,33358
4801,33359
4801,33360
4801,33361
4801,33362
4801,33363
4801,33364
4801,33365
4801,33366
4801,33367
4801,33368
4801,33369
4801,33370
4801,33371
4801,33372
4801,33373
4801,33374
4801,33375
4801,33376
4801,33377
4801,33378
4801,33379
4801,33380
4801,33381
4801,33382
4801,33383
4801,33384
4801,33385
4801,33386
4801,33387
4801,33388
4801,33389
4801,33390
4801,33391
4801,33392
4801,33393
4801,33394
4801,33395
4801,33396
4801,33397
4801,33398
4801,33399
4801,33400
4801,33401
4801,33402
4801,33403
4801,33404
4801,33405
4801,33406
4801,33407
4801,33408
4801,33409
4801,33410
4801,33411
4801,33412
4801,33413
4801,33414
4801,33415
4801,33416
4801,33417
4801,33418
4801,33419
4801,33420
4801,33421
4801,33422
4801,33423
4801,33424
4801,33425
4801,33426
4801,33427
4801,33428
4801,33429
4801,33430
4801,33431
4801,33432
4801,33433
4801,33434
4801,33435
4801,33436
4801,33437
4801,33438
4801,33439
4801,33440
4801,33441
4801,33442
4801,33443
4801,33444
4801,33445
4801,33446
4801,33447
4801,33448
4801,33449
4801,33450
4801,33451
4801,33452
4801,33453
4801,33454
4801,33455
4801,33456
4801,33457
4801,33458
4801,33459
4801,33460
4801,33461
4801,33462
4801,33463
4801,33464
4801,33465
4801,33466
4801,33467
4801,33468
4801,33469
4801,33470
4801,33471
4801,33472
4801,33473
4801,33474
4801,33475
4801,33476
4801,33477
4801,33478
4801,33479
4801,33480
4801,33481
4801,33482
4801,33483
4801,33484
4801,33485
4801,33486
4801,33487
4801,33488
4801,33489
4801,33490
4801,33491
4801,33492
4801,33493
4801,33494
4801,33495
4801,33496
4801,33497
4801,33498
4801,33499
4801,33500
4801,33501
4801,33502
4801,33503
4801,33504
4801,33505
4801,33506
4801,33507
4801,33508
4801,33509
4801,33510
4801,33511
4801,33512
4801,33513
4801,33514
4801,33515
4801,33516
4801,33517
4801,33518
4801,33519
4801,33531
4801,33532
4801,33533
4801,33534
4801,33535
4801,33536
4801,33537
4801,33538
4801,33539
4801,33540
4801,33541
4801,33542
4801,33543
4801,33544
4801,33545
4801,33546
4801,33547
4801,33548
4801,33549
4801,33550
4801,33551
4801,33552
4801,33553
4801,33554
4801,33555
4801,33556
4801,33557
4801,33558
4801,33559
4801,33560
4801,33561
4801,33562
4801,33563
4801,33564
4801,33565
4801,33566
4801,33567
4801,33568
4801,33569
4801,33570
4801,33571
4801,33572
4801,33573
4801,33574
4801,33575
4801,33576
4801,33577
4801,33578
4801,33579
4801,33580
4801,33581
4801,33582
4801,33583
4801,33584
4801,33585
4801,33586
4801,33587
4801,33588
4801,33589
4801,33590
4801,33591
4801,33592
4801,33593
4801,33594
4801,33595
4801,33596
4801,33597
4801,33598
4801,33599
4801,33600
4801,33601
4801,33602
4801,33603
4801,33604
4801,33605
4802,33316
4802,33317
4802,33318
4802,33319
4802,33320
4802,33321
4802,33322
4802,33323
4802,33324
4802,33325
4802,33326
4802,33327
4802,33328
4802,33329
4802,33330
4802,33331
4802,33332
4802,33333
4802,33334
4802,33335
4802,33336
4802,33337
4802,33338
4802,33339
4802,33340
4802,33341
4802,33342
4802,33343
4802,33344
4802,33345
4802,33346
4802,33347
4802,33348
4802,33349
4802,33350
4802,33351
4802,33352
4802,33353
4802,33354
4802,33355
4802,33356
4802,33357
4802,33358
4802,33359
4802,33360
4802,33361
4802,33362
4802,33363
4802,33364
4802,33365
4802,33366
4802,33367
4802,33368
4802,33369
4802,33370
4802,33371
4802,33372
4802,33373
4802,33374
4802,33375
4802,33376
4802,33377
4802,33378
4802,33379
4802,33380
4802,33381
4802,33382
4802,33383
4802,33384
4802,33385
4802,33386
4802,33387
4802,33388
4802,33389
4802,33390
4802,33391
4802,33392
4802,33393
4802,33394
4802,33395
4802,33396
4802,33397
4802,33398
4802,33399
4802,33400
4802,33401
4802,33402
4802,33403
4802,33404
4802,33405
4802,33406
4802,33407
4802,33408
4802,33409
4802,33410
4802,33411
4802,33412
4802,33413
4802,33414
4802,33415
4802,33416
4802,33417
4802,33418
4802,33419
4802,33420
4802,33421
4802,33422
4802,33423
4802,33424
4802,33425
4802,33426
4802,33427
4802,33428
4802,33429
4802,33430
4802,33431
4802,33432
4802,33433
4802,33434
4802,33435
4802,33436
4802,33437
4802,33438
4802,33439
4802,33440
4802,33441
4802,33442
4802,33443
4802,33444
4802,33445
4802,33446
4802,33447
4802,33448
4802,33449
4802,33450
4802,33451
4802,33452
4802,33453
4802,33454
4802,33455
4802,33456
4802,33457
4802,33458
4802,33459
4802,33460
4802,33461
4802,33462
4802,33463
4802,33464
4802,33465
4802,33466
4802,33467
4802,33468
4802,33469
4802,33470
4802,33471
4802,33472
4802,33473
4802,33474
4802,33475
4802,33476
4802,33477
4802,33478
4802,33479
4802,33480
4802,33481
4802,33482
4802,33483
4802,33484
4802,33485
4802,33486
4802,33487
4802,33488
4802,33489
4802,33490
4802,33491
4802,33492
4802,33493
4802,33494
4802,33495
4802,33496
4802,33497
4802,33498
4802,33499
4802,33500
4802,33501
4802,33502
4802,33503
4802,33504
4802,33505
4802,33506
4802,33507
4802,33508
4802,33509
4802,33510
4802,33511
4802,33512
4802,33513
4802,33514
4802,33515
4802,33516
4802,33517
4802,33518
4802,33519
4802,33520
4802,33532
4802,33533
4802,33534
4802,33535
4802,33536
4802,33537
4802,33538
4802,33539
4802,33540
4802,33541
4802,33542
4802,33543
4802,33544
4802,33545
4802,33546
4802,33547
4802,33548
4802,33549
4802,33550
4802,33551
4802,33552
4802,33553
4802,33554
4802,33555
4802,33556
4802,33557
4802,33558
4802,33559
4802,33560
4802,33561
4802,33562
4802,33563
4802,33564
4802,33565
4802,33566
4802,33567
4802,33568
4802,33569
4802,33570
4802,33571
4802,33572
4802,33573
4802,33574
4802,33575
4802,33576
4802,33577
4802,33578
4802,33579
4802,33580
4802,33581
4802,33582
4802,33583
4802,33584
4802,33585
4802,33586
4802,33587
4802,33588
4802,33589
4802,33590
4802,33591
4802,33592
4802,33593
4802,33594
4802,33595
4802,33596
4802,33597
4802,33598
4802,33599
4802,33600
4802,33601
4802,33602
4802,33603
4802,33604
4802,33605
4803,33316
4803,33317
4803,33318
4803,33319
4803,33320
4803,33321
4803,33322
4803,33323
4803,33324
4803,33325
4803,33326
4803,33327
4803,33328
4803,33329
4803,33330
4803,33331
4803,33332
4803,33333
4803,33334
4803,33335
4803,33336
4803,33337
4803,33338
4803,33339
4803,33340
4803,33341
4803,33342
4803,33343
4803,33344
4803,33345
4803,33346
4803,33347
4803,33348
4803,33349
4803,33350
4803,33351
4803,33352
4803,33353
4803,33354
4803,33355
4803,33356
4803,33357
4803,33358
4803,33359
4803,33360
4803,33361
4803,33362
4803,33363
4803,33364
4803,33365
4803,33366
4803,33367
4803,33368
4803,33369
4803,33370
4803,33371
4803,33372
4803,33373
4803,33374
4803,33375
4803,33376
4803,33377
4803,33378
4803,33379
4803,33380
4803,33381
4803,33382
4803,33383
4803,33384
4803,33385
4803,33386
4803,33387
4803,33388
4803,33389
4803,33390
4803,33391
4803,33392
4803,33393
4803,33394
4803,33395
4803,33396
4803,33397
4803,33398
4803,33399
4803,33400
4803,33401
4803,33402
4803,33403
4803,33404
4803,33405
4803,33406
4803,33407
4803,33408
4803,33409
4803,33410
4803,33411
4803,33412
4803,33413
4803,33414
4803,33415
4803,33416
4803,33417
4803,33418
4803,33419
4803,33420
4803,33421
4803,33422
4803,33423
4803,33424
4803,33425
4803,33426
4803,33427
4803,33428
4803,33429
4803,33430
4803,33431
4803,33432
4803,33433
4803,33434
4803,33435
4803,33436
4803,33437
4803,33438
4803,33439
4803,33440
4803,33441
4803,33442
4803,33443
4803,33444
4803,33445
4803,33446
4803,33447
4803,33448
4803,33449
4803,33450
4803,33451
4803,33452
4803,33453
4803,33454
4803,33455
4803,33456
4803,33457
4803,33458
4803,33459
4803,33460
4803,33461
4803,33462
4803,33463
4803,33464
4803,33465
4803,33466
4803,33467
4803,33468
4803,33469
4803,33470
4803,33471
4803,33472
4803,33473
4803,33474
4803,33475
4803,33476
4803,33477
4803,33478
4803,33479
4803,33480
4803,33481
4803,33482
4803,33483
4803,33484
4803,33485
4803,33486
4803,33487
4803,33488
4803,33489
4803,33490
4803,33491
4803,33492
4803,33493
4803,33494
4803,33495
4803,33496
4803,33497
4803,33498
4803,33499
4803,33500
4803,33501
4803,33502
4803,33503
4803,33504
4803,33505
4803,33506
4803,33507
4803,33508
4803,33509
4803,33510
4803,33511
4803,33512
4803,33513
4803,33514
4803,33515
4803,33516
4803,33517
4803,33518
4803,33519
4803,33534
4803,33535
4803,33536
4803,33537
4803,33538
4803,33539
4803,33540
4803,33541
4803,33542
4803,33543
4803,33544
4803,33545
4803,33546
4803,33547
4803,33548
4803,33549
4803,33550
4803,33551
4803,33552
4803,33553
4803,33554
4803,33555
4803,33556
4803,33557
4803,33558
4803,33559
4803,33560
4803,33561
4803,33562
4803,33563
4803,33564
4803,33565
4803,33566
4803,33567
4803,33568
4803,33569
4803,33570
4803,33571
4803,33572
4803,33573
4803,33574
4803,33575
4803,33576
4803,33577
4803,33578
4803,33579
4803,33580
4803,33581
4803,33582
4803,33583
4803,33584
4803,33585
4803,33586
4803,33587
4803,33588
4803,33589
4803,33590
4803,33591
4803,33592
4803,33593
4803,33594
4803,33595
4803,33596
4803,33597
4803,33598
4803,33599
4803,33600
4803,33601
4803,33602
4803,33603
4803,33604
4804,33316
4804,33317
4804,33318
4804,33319
4804,33320
4804,33321
4804,33322
4804,33323
4804,33324
4804,33325
4804,33326
4804,33327
4804,33328
4804,33329
4804,33330
4804,33331
4804,33332
4804,33333
4804,33334
4804,33335
4804,33336
4804,33337
4804,33338
4804,33339
4804,33340
4804,33341
4804,33342
4804,33343
4804,33344
4804,33345
4804,33346
4804,33347
4804,33348
4804,33349
4804,33350
4804,33351
4804,33352
4804,33353
4804,33354
4804,33355
4804,33356
4804,33357
4804,33358
4804,33359
4804,33360
4804,33361
4804,33362
4804,33363
4804,33364
4804,33365
4804,33366
4804,33367
4804,33368
4804,33369
4804,33370
4804,33371
4804,33372
4804,33373
4804,33374
4804,33375
4804,33376
4804,33377
4804,33378
4804,33379
4804,33380
4804,33381
4804,33382
4804,33383
4804,33384
4804,33385
4804,33386
4804,33387
4804,33388
4804,33389
4804,33390
4804,33391
4804,33392
4804,33393
4804,33394
4804,33395
4804,33396
4804,33397
4804,33398
4804,33399
4804,33400
4804,33401
4804,33402
4804,33403
4804,33404
4804,33405
4804,33406
4804,33407
4804,33408
4804,33409
4804,33410
4804,33411
4804,33412
4804,33413
4804,33414
4804,33415
4804,33416
4804,33417
4804,33418
4804,33419
4804,33420
4804,33421
4804,33422
4804,33423
4804,33424
4804,33425
4804,33426
4804,33427
4804,33428
4804,33429
4804,33430
4804,33431
4804,33432
4804,33433
4804,33434
4804,33435
4804,33436
4804,33437
4804,33438
4804,33439
4804,33440
4804,33441
4804,33442
4804,33443
4804,33444
4804,33445
4804,33446
4804,33447
4804,33448
4804,33449
4804,33450
4804,33451
4804,33452
4804,33453
4804,33454
4804,33455
4804,33456
4804,33457
4804,33458
4804,33459
4804,33460
4804,33461
4804,33462
4804,33463
4804,33464
4804,33465
4804,33466
4804,33467
4804,33468
4804,33469
4804,33470
4804,33471
4804,33472
4804,33473
4804,33474
4804,33475
4804,33476
4804,33477
4804,33478
4804,33479
4804,33480
4804,33481
4804,33482
4804,33483
4804,33484
4804,33485
4804,33486
4804,33487
4804,33488
4804,33489
4804,33490
4804,33491
4804,33492
4804,33493
4804,33494
4804,33495
4804,33496
4804,33497
4804,33498
4804,33499
4804,33500
4804,33501
4804,33502
4804,33503
4804,33504
4804,33505
4804,33506
4804,33507
4804,33508
4804,33509
4804,33510
4804,33511
4804,33512
4804,33513
4804,33514
4804,33515
4804,33516
4804,33517
4804,33518
4804,33519
4804,33535
4804,33536
4804,33537
4804,33538
4804,33539
4804,33540
4804,33541
4804,33542
4804,33543
4804,33544
4804,33545
4804,33546
4804,33547
4804,33548
4804,33549
4804,33550
4804,33551
4804,33552
4804,33553
4804,33554
4804,33555
4804,33556
4804,33557
4804,33558
4804,33559
4804,33560
4804,33561
4804,33562
4804,33563
4804,33564
4804,33565
4804,33566
4804,33567
4804,33568
4804,33569
4804,33570
4804,33571
4804,33572
4804,33573
4804,33574
4804,33575
4804,33576
4804,33577
4804,33578
4804,33579
4804,33580
4804,33581
4804,33582
4804,33583
4804,33584
4804,33585
4804,33586
4804,33587
4804,33588
4804,33589
4804,33590
4804,33591
4804,33592
4804,33593
4804,33594
4804,33595
4804,33596
4804,33597
4804,33598
4804,33599
4804,33600
4804,33601
4804,33602
4804,33603
4805,33316
4805,33317
4805,33318
4805,33319
4805,33320
4805,33321
4805,33322
4805,33323
4805,33324
4805,33325
4805,33326
4805,33327
4805,33328
4805,33329
4805,33330
4805,33331
4805,33332
4805,33333
4805,33334
4805,33335
4805,33336
4805,33337
4805,33338
4805,33339
4805,33340
4805,33341
4805,33342
4805,33343
4805,33344
4805,33345
4805,33346
4805,33347
4805,33348
4805,33349
4805,33350
4805,33351
4805,33352
4805,33353
4805,33354
4805,33355
4805,33356
4805,33357
4805,33358
4805,33359
4805,33360
4805,33361
4805,33362
4805,33363
4805,33364
4805,33365
4805,33366
4805,33367
4805,33368
4805,33369
4805,33370
4805,33371
4805,33372
4805,33373
4805,33374
4805,33375
4805,33376
4805,33377
4805,33378
4805,33379
4805,33380
4805,33381
4805,33382
4805,33383
4805,33384
4805,33385
4805,33386
4805,33387
4805,33388
4805,33389
4805,33390
4805,33391
4805,33392
4805,33393
4805,33394
4805,33395
4805,33396
4805,33397
4805,33398
4805,33399
4805,33400
4805,33401
4805,33402
4805,33403
4805,33404
4805,33405
4805,33406
4805,33407
4805,33408
4805,33409
4805,33410
4805,33411
4805,33412
4805,33413
4805,33414
4805,33415
4805,33416
4805,33417
4805,33418
4805,33419
4805,33420
4805,33421
4805,33422
4805,33423
4805,33424
4805,33425
4805,33426
4805,33427
4805,33428
4805,33429
4805,33430
4805,33431
4805,33432
4805,33433
4805,33434
4805,33435
4805,33436
4805,33437
4805,33438
4805,33439
4805,33440
4805,33441
4805,33442
4805,33443
4805,33444
4805,33445
4805,33446
4805,33447
4805,33448
4805,33449
4805,33450
4805,33451
4805,33452
4805,33453
4805,33454
4805,33455
4805,33456
4805,33457
4805,33458
4805,33459
4805,33460
4805,33461
4805,33462
4805,33463
4805,33464
4805,33465
4805,33466
4805,33467
4805,33468
4805,33469
4805,33470
4805,33471
4805,33472
4805,33473
4805,33474
4805,33475
4805,33476
4805,33477
4805,33478
4805,33479
4805,33480
4805,33481
4805,33482
4805,33483
4805,33484
4805,33485
4805,33486
4805,33487
4805,33488
4805,33489
4805,33490
4805,33491
4805,33492
4805,33493
4805,33494
4805,33495
4805,33496
4805,33497
4805,33498
4805,33499
4805,33500
4805,33501
4805,33502
4805,33503
4805,33504
4805,33505
4805,33506
4805,33507
4805,33508
4805,33509
4805,33510
4805,33511
4805,33512
4805,33513
4805,33514
4805,33515
4805,33516
4805,33517
4805,33518
4805,33519
4805,33534
4805,33535
4805,33536
4805,33537
4805,33538
4805,33539
4805,33540
4805,33541
4805,33542
4805,33543
4805,33544
4805,33545
4805,33546
4805,33547
4805,33548
4805,33549
4805,33550
4805,33551
4805,33552
4805,33553
4805,33554
4805,33555
4805,33556
4805,33557
4805,33558
4805,33559
4805,33560
4805,33561
4805,33562
4805,33563
4805,33564
4805,33565
4805,33566
4805,33567
4805,33568
4805,33569
4805,33570
4805,33571
4805,33572
4805,33573
4805,33574
4805,33575
4805,33576
4805,33577
4805,33578
4805,33579
4805,33580
4805,33581
4805,33582
4805,33583
4805,33584
4805,33585
4805,33586
4805,33587
4805,33588
4805,33589
4805,33590
4805,33591
4805,33592
4805,33593
4805,33594
4805,33595
4805,33596
4805,33597
4805,33598
4805,33599
4805,33600
4805,33601
4805,33602
4805,33603
4806,33315
4806,33316
4806,33317
4806,33318
4806,33319
4806,33320
4806,33321
4806,33322
4806,33323
4806,33324
4806,33325
4806,33326
4806,33327
4806,33328
4806,33329
4806,33330
4806,33331
4806,33332
4806,33333
4806,33334
4806,33335
4806,33336
4806,33337
4806,33338
4806,33339
4806,33340
4806,33341
4806,33342
4806,33343
4806,33344
4806,33345
4806,33346
4806,33347
4806,33348
4806,33349
4806,33350
4806,33351
4806,33352
4806,33353
4806,33354
4806,33355
4806,33356
4806,33357
4806,33358
4806,33359
4806,33360
4806,33361
4806,33362
4806,33363
4806,33364
4806,33365
4806,33366
4806,33367
4806,33368
4806,33369
4806,33370
4806,33371
4806,33372
4806,33373
4806,33374
4806,33375
4806,33376
4806,33377
4806,33378
4806,33379
4806,33380
4806,33381
4806,33382
4806,33383
4806,33384
4806,33385
4806,33386
4806,33387
4806,33388
4806,33389
4806,33390
4806,33391
4806,33392
4806,33393
4806,33394
4806,33395
4806,33396
4806,33397
4806,33398
4806,33399
4806,33400
4806,33401
4806,33402
4806,33403
4806,33404
4806,33405
4806,33406
4806,33407
4806,33408
4806,33409
4806,33410
4806,33411
4806,33412
4806,33413
4806,33414
4806,33415
4806,33416
4806,33417
4806,33418
4806,33419
4806,33420
4806,33421
4806,33422
4806,33423
4806,33424
4806,33425
4806,33426
4806,33427
4806,33428
4806,33429
4806,33430
4806,33431
4806,33432
4806,33433
4806,33434
4806,33435
4806,33436
4806,33437
4806,33438
4806,33439
4806,33440
4806,33441
4806,33442
4806,33443
4806,33444
4806,33445
4806,33446
4806,33447
4806,33448
4806,33449
4806,33450
4806,33451
4806,33452
4806,33453
4806,33454
4806,33455
4806,33456
4806,33457
4806,33458
4806,33459
4806,33460
4806,33461
4806,33462
4806,33463
4806,33464
4806,33465
4806,33466
4806,33467
4806,33468
4806,33469
4806,33470
4806,33471
4806,33472
4806,33473
4806,33474
4806,33475
4806,33476
4806,33477
4806,33478
4806,33479
4806,33480
4806,33481
4806,33482
4806,33483
4806,33484
4806,33485
4806,33486
4806,33487
4806,33488
4806,33489
4806,33490
4806,33491
4806,33492
4806,33493
4806,33494
4806,33495
4806,33496
4806,33497
4806,33498
4806,33499
4806,33500
4806,33501
4806,33502
4806,33503
4806,33504
4806,33505
4806,33506
4806,33507
4806,33508
4806,33509
4806,33510
4806,33511
4806,33512
4806,33513
4806,33514
4806,33515
4806,33516
4806,33517
4806,33518
4806,33519
4806,33520
4806,33535
4806,33536
4806,33537
4806,33538
4806,33539
4806,33540
4806,33541
4806,33542
4806,33543
4806,33544
4806,33545
4806,33546
4806,33547
4806,33548
4806,33549
4806,33550
4806,33551
4806,33552
4806,33553
4806,33554
4806,33555
4806,33556
4806,33557
4806,33558
4806,33559
4806,33560
4806,33561
4806,33562
4806,33563
4806,33564
4806,33565
4806,33566
4806,33567
4806,33568
4806,33569
4806,33570
4806,33571
4806,33572
4806,33573
4806,33574
4806,33575
4806,33576
4806,33577
4806,33578
4806,33579
4806,33580
4806,33581
4806,33582
4806,33583
4806,33584
4806,33585
4806,33586
4806,33587
4806,33588
4806,33589
4806,33590
4806,33591
4806,33592
4806,33593
4806,33594
4806,33595
4806,33596
4806,33597
4806,33598
4806,33599
4806,33600
4806,33601
4806,33602
4806,33603
4806,33604
4807,33316
4807,33317
4807,33318
4807,33319
4807,33320
4807,33321
4807,33322
4807,33323
4807,33324
4807,33325
4807,33326
4807,33327
4807,33328
4807,33329
4807,33330
4807,33331
4807,33332
4807,33333
4807,33334
4807,33335
4807,33336
4807,33337
4807,33338
4807,33339
4807,33340
4807,33341
4807,33342
4807,33343
4807,33344
4807,33345
4807,33346
4807,33347
4807,33348
4807,33349
4807,33350
4807,33351
4807,33352
4807,33353
4807,33354
4807,33355
4807,33356
4807,33357
4807,33358
4807,33359
4807,33360
4807,33361
4807,33362
4807,33363
4807,33364
4807,33365
4807,33366
4807,33367
4807,33368
4807,33369
4807,33370
4807,33371
4807,33372
4807,33373
4807,33374
4807,33375
4807,33376
4807,33377
4807,33378
4807,33379
4807,33380
4807,33381
4807,33382
4807,33383
4807,33384
4807,33385
4807,33386
4807,33387
4807,33388
4807,33389
4807,33390
4807,33391
4807,33392
4807,33393
4807,33394
4807,33395
4807,33396
4807,33397
4807,33398
4807,33399
4807,33400
4807,33401
4807,33402
4807,33403
4807,33404
4807,33405
4807,33406
4807,33407
4807,33408
4807,33409
4807,33410
4807,33411
4807,33412
4807,33413
4807,33414
4807,33415
4807,33416
4807,33417
4807,33418
4807,33419
4807,33420
4807,33421
4807,33422
4807,33423
4807,33424
4807,33425
4807,33426
4807,33427
4807,33428
4807,33429
4807,33430
4807,33431
4807,33432
4807,33433
4807,33434
4807,33435
4807,33436
4807,33437
4807,33438
4807,33439
4807,33440
4807,33441
4807,33442
4807,33443
4807,33444
4807,33445
4807,33446
4807,33447
4807,33448
4807,33449
4807,33450
4807,33451
4807,33452
4807,33453
4807,33454
4807,33455
4807,33456
4807,33457
4807,33458
4807,33459
4807,33460
4807,33461
4807,33462
4807,33463
4807,33464
4807,33465
4807,33466
4807,33467
4807,33468
4807,33469
4807,33470
4807,33471
4807,33472
4807,33473
4807,33474
4807,33475
4807,33476
4807,33477
4807,33478
4807,33479
4807,33480
4807,33481
4807,33482
4807,33483
4807,33484
4807,33485
4807,33486
4807,33487
4807,33488
4807,33489
4807,33490
4807,33491
4807,33492
4807,33493
4807,33494
4807,33495
4807,33496
4807,33497
4807,33498
4807,33499
4807,33500
4807,33501
4807,33502
4807,33503
4807,33504
4807,33505
4807,33506
4807,33507
4807,33508
4807,33509
4807,33510
4807,33511
4807,33512
4807,33513
4807,33514
4807,33515
4807,33516
4807,33517
4807,33518
4807,33519
4807,33520
4807,33535
4807,33536
4807,33537
4807,33538
4807,33539
4807,33540
4807,33541
4807,33542
4807,33543
4807,33544
4807,33545
4807,33546
4807,33547
4807,33548
4807,33549
4807,33550
4807,33551
4807,33552
4807,33553
4807,33554
4807,33555
4807,33556
4807,33557
4807,33558
4807,33559
4807,33560
4807,33561
4807,33562
4807,33563
4807,33564
4807,33565
4807,33566
4807,33567
4807,33568
4807,33569
4807,33570
4807,33571
4807,33572
4807,33573
4807,33574
4807,33575
4807,33576
4807,33577
4807,33578
4807,33579
4807,33580
4807,33581
4807,33582
4807,33583
4807,33584
4807,33585
4807,33586
4807,33587
4807,33588
4807,33589
4807,33590
4807,33591
4807,33592
4807,33593
4807,33594
4807,33595
4807,33596
4807,33597
4807,33598
4807,33599
4807,33600
4807,33601
4807,33602
4807,33603
4808,33315
4808,33316
4808,33317
4808,33318
4808,33319
4808,33320
4808,33321
4808,33322
4808,33323
4808,33324
4808,33325
4808,33326
4808,33327
4808,33328
4808,33329
4808,33330
4808,33331
4808,33332
4808,33333
4808,33334
4808,33335
4808,33336
4808,33337
4808,33338
4808,33339
4808,33340
4808,33341
4808,33342
4808,33343
4808,33344
4808,33345
4808,33346
4808,33347
4808,33348
4808,33349
4808,33350
4808,33351
4808,33352
4808,33353
4808,33354
4808,33355
4808,33356
4808,33357
4808,33358
4808,33359
4808,33360
4808,33361
4808,33362
4808,33363
4808,33364
4808,33365
4808,33366
4808,33367
4808,33368
4808,33369
4808,33370
4808,33371
4808,33372
4808,33373
4808,33374
4808,33375
4808,33376
4808,33377
4808,33378
4808,33379
4808,33380
4808,33381
4808,33382
4808,33383
4808,33384
4808,33385
4808,33386
4808,33387
4808,33388
4808,33389
4808,33390
4808,33391
4808,33392
4808,33393
4808,33394
4808,33395
4808,33396
4808,33397
4808,33398
4808,33399
4808,33400
4808,33401
4808,33402
4808,33403
4808,33404
4808,33405
4808,33406
4808,33407
4808,33408
4808,33409
4808,33410
4808,33411
4808,33412
4808,33413
4808,33414
4808,33415
4808,33416
4808,33417
4808,33418
4808,33419
4808,33420
4808,33421
4808,33422
4808,33423
4808,33424
4808,33425
4808,33426
4808,33427
4808,33428
4808,33429
4808,33430
4808,33431
4808,33432
4808,33433
4808,33434
4808,33435
4808,33436
4808,33437
4808,33438
4808,33439
4808,33440
4808,33441
4808,33442
4808,33443
4808,33444
4808,33445
4808,33446
4808,33447
4808,33448
4808,33449
4808,33450
4808,33451
4808,33452
4808,33453
4808,33454
4808,33455
4808,33456
4808,33457
4808,33458
4808,33459
4808,33460
4808,33461
4808,33462
4808,33463
4808,33464
4808,33465
4808,33466
4808,33467
4808,33468
4808,33469
4808,33470
4808,33471
4808,33472
4808,33473
4808,33474
4808,33475
4808,33476
4808,33477
4808,33478
4808,33479
4808,33480
4808,33481
4808,33482
4808,33483
4808,33484
4808,33485
4808,33486
4808,33487
4808,33488
4808,33489
4808,33490
4808,33491
4808,33492
4808,33493
4808,33494
4808,33495
4808,33496
4808,33497
4808,33498
4808,33499
4808,33500
4808,33501
4808,33502
4808,33503
4808,33504
4808,33505
4808,33506
4808,33507
4808,33508
4808,33509
4808,33510
4808,33511
4808,33512
4808,33513
4808,33514
4808,33515
4808,33516
4808,33517
4808,33518
4808,33519
4808,33520
4808,33535
4808,33536
4808,33537
4808,33538
4808,33539
4808,33540
4808,33541
4808,33542
4808,33543
4808,33544
4808,33545
4808,33546
4808,33547
4808,33548
4808,33549
4808,33550
4808,33551
4808,33552
4808,33553
4808,33554
4808,33555
4808,33556
4808,33557
4808,33558
4808,33559
4808,33560
4808,33561
4808,33562
4808,33563
4808,33564
4808,33565
4808,33566
4808,33567
4808,33568
4808,33569
4808,33570
4808,33571
4808,33572
4808,33573
4808,33574
4808,33575
4808,33576
4808,33577
4808,33578
4808,33579
4808,33580
4808,33581
4808,33582
4808,33583
4808,33584
4808,33585
4808,33586
4808,33587
4808,33588
4808,33589
4808,33590
4808,33591
4808,33592
4808,33593
4808,33594
4808,33595
4808,33596
4808,33597
4808,33598
4808,33599
4808,33600
4808,33601
4808,33602
4808,33603
4809,33315
4809,33316
4809,33317
4809,33318
4809,33319
4809,33320
4809,33321
4809,33322
4809,33323
4809,33324
4809,33325
4809,33326
4809,33327
4809,33328
4809,33329
4809,33330
4809,33331
4809,33332
4809,33333
4809,33334
4809,33335
4809,33336
4809,33337
4809,33338
4809,33339
4809,33340
4809,33341
4809,33342
4809,33343
4809,33344
4809,33345
4809,33346
4809,33347
4809,33348
4809,33349
4809,33350
4809,33351
4809,33352
4809,33353
4809,33354
4809,33355
4809,33356
4809,33357
4809,33358
4809,33359
4809,33360
4809,33361
4809,33362
4809,33363
4809,33364
4809,33365
4809,33366
4809,33367
4809,33368
4809,33369
4809,33370
4809,33371
4809,33372
4809,33373
4809,33374
4809,33375
4809,33376
4809,33377
4809,33378
4809,33379
4809,33380
4809,33381
4809,33382
4809,33383
4809,33384
4809,33385
4809,33386
4809,33387
4809,33388
4809,33389
4809,33390
4809,33391
4809,33392
4809,33393
4809,33394
4809,33395
4809,33396
4809,33397
4809,33398
4809,33399
4809,33400
4809,33401
4809,33402
4809,33403
4809,33404
4809,33405
4809,33406
4809,33407
4809,33408
4809,33409
4809,33410
4809,33411
4809,33412
4809,33413
4809,33414
4809,33415
4809,33416
4809,33417
4809,33418
4809,33419
4809,33420
4809,33421
4809,33422
4809,33423
4809,33424
4809,33425
4809,33426
4809,33427
4809,33428
4809,33429
4809,33430
4809,33431
4809,33432
4809,33433
4809,33434
4809,33435
4809,33436
4809,33437
4809,33438
4809,33439
4809,33440
4809,33441
4809,33442
4809,33443
4809,33444
4809,33445
4809,33446
4809,33447
4809,33448
4809,33449
4809,33450
4809,33451
4809,33452
4809,33453
4809,33454
4809,33455
4809,33456
4809,33457
4809,33458
4809,33459
4809,33460
4809,33461
4809,33462
4809,33463
4809,33464
4809,33465
4809,33466
4809,33467
4809,33468
4809,33469
4809,33470
4809,33471
4809,33472
4809,33473
4809,33474
4809,33475
4809,33476
4809,33477
4809,33478
4809,33479
4809,33480
4809,33481
4809,33482
4809,33483
4809,33484
4809,33485
4809,33486
4809,33487
4809,33488
4809,33489
4809,33490
4809,33491
4809,33492
4809,33493
4809,33494
4809,33495
4809,33496
4809,33497
4809,33498
4809,33499
4809,33500
4809,33501
4809,33502
4809,33503
4809,33504
4809,33505
4809,33506
4809,33507
4809,33508
4809,33509
4809,33510
4809,33511
4809,33512
4809,33513
4809,33514
4809,33515
4809,33516
4809,33517
4809,33518
4809,33519
4809,33520
4809,33521
4809,33536
4809,33537
4809,33538
4809,33539
4809,33540
4809,33541
4809,33542
4809,33543
4809,33544
4809,33545
4809,33546
4809,33547
4809,33548
4809,33549
4809,33550
4809,33551
4809,33552
4809,33553
4809,33554
4809,33555
4809,33556
4809,33557
4809,33558
4809,33559
4809,33560
4809,33561
4809,33562
4809,33563
4809,33564
4809,33565
4809,33566
4809,33567
4809,33568
4809,33569
4809,33570
4809,33571
4809,33572
4809,33573
4809,33574
4809,33575
4809,33576
4809,33577
4809,33578
4809,33579
4809,33580
4809,33581
4809,33582
4809,33583
4809,33584
4809,33585
4809,33586
4809,33587
4809,33588
4809,33589
4809,33590
4809,33591
4809,33592
4809,33593
4809,33594
4809,33595
4809,33596
4809,33597
4809,33598
4809,33599
4809,33600
4809,33601
4809,33602
4809,33603
4810,33315
4810,33316
4810,33317
4810,33318
4810,33319
4810,33320
4810,33321
4810,33322
4810,33323
4810,33324
4810,33325
4810,33326
4810,33327
4810,33328
4810,33329
4810,33330
4810,33331
4810,33332
4810,33333
4810,33334
4810,33335
4810,33336
4810,33337
4810,33338
4810,33339
4810,33340
4810,33341
4810,33342
4810,33343
4810,33344
4810,33345
4810,33346
4810,33347
4810,33348
4810,33349
4810,33350
4810,33351
4810,33352
4810,33353
4810,33354
4810,33355
4810,33356
4810,33357
4810,33358
4810,33359
4810,33360
4810,33361
4810,33362
4810,33363
4810,33364
4810,33365
4810,33366
4810,33367
4810,33368
4810,33369
4810,33370
4810,33371
4810,33372
4810,33373
4810,33374
4810,33375
4810,33376
4810,33377
4810,33378
4810,33379
4810,33380
4810,33381
4810,33382
4810,33383
4810,33384
4810,33385
4810,33386
4810,33387
4810,33388
4810,33389
4810,33390
4810,33391
4810,33392
4810,33393
4810,33394
4810,33395
4810,33396
4810,33397
4810,33398
4810,33399
4810,33400
4810,33401
4810,33402
4810,33403
4810,33404
4810,33405
4810,33406
4810,33407
4810,33408
4810,33409
4810,33410
4810,33411
4810,33412
4810,33413
4810,33414
4810,33415
4810,33416
4810,33417
4810,33418
4810,33419
4810,33420
4810,33421
4810,33422
4810,33423
4810,33424
4810,33425
4810,33426
4810,33427
4810,33428
4810,33429
4810,33430
4810,33431
4810,33432
4810,33433
4810,33434
4810,33435
4810,33436
4810,33437
4810,33438
4810,33439
4810,33440
4810,33441
4810,33442
4810,33443
4810,33444
4810,33445
4810,33446
4810,33447
4810,33448
4810,33449
4810,33450
4810,33451
4810,33452
4810,33453
4810,33454
4810,33455
4810,33456
4810,33457
4810,33458
4810,33459
4810,33460
4810,33461
4810,33462
4810,33463
4810,33464
4810,33465
4810,33466
4810,33467
4810,33468
4810,33469
4810,33470
4810,33471
4810,33472
4810,33473
4810,33474
4810,33475
4810,33476
4810,33477
4810,33478
4810,33479
4810,33480
4810,33481
4810,33482
4810,33483
4810,33484
4810,33485
4810,33486
4810,33487
4810,33488
4810,33489
4810,33490
4810,33491
4810,33492
4810,33493
4810,33494
4810,33495
4810,33496
4810,33497
4810,33498
4810,33499
4810,33500
4810,33501
4810,33502
4810,33503
4810,33504
4810,33505
4810,33506
4810,33507
4810,33508
4810,33509
4810,33510
4810,33511
4810,33512
4810,33513
4810,33514
4810,33515
4810,33516
4810,33517
4810,33518
4810,33519
4810,33520
4810,33521
4810,33537
4810,33538
4810,33539
4810,33540
4810,33541
4810,33542
4810,33543
4810,33544
4810,33545
4810,33546
4810,33547
4810,33548
4810,33549
4810,33550
4810,33551
4810,33552
4810,33553
4810,33554
4810,33555
4810,33556
4810,33557
4810,33558
4810,33559
4810,33560
4810,33561
4810,33562
4810,33563
4810,33564
4810,33565
4810,33566
4810,33567
4810,33568
4810,33569
4810,33570
4810,33571
4810,33572
4810,33573
4810,33574
4810,33575
4810,33576
4810,33577
4810,33578
4810,33579
4810,33580
4810,33581
4810,33582
4810,33583
4810,33584
4810,33585
4810,33586
4810,33587
4810,33588
4810,33589
4810,33590
4810,33591
4810,33592
4810,33593
4810,33594
4810,33595
4810,33596
4810,33597
4810,33598
4810,33599
4810,33600
4810,33601
4810,33602
4811,33315
4811,33316
4811,33317
4811,33318
4811,33319
4811,33320
4811,33321
4811,33322
4811,33323
4811,33324
4811,33325
4811,33326
4811,33327
4811,33328
4811,33329
4811,33330
4811,33331
4811,33332
4811,33333
4811,33334
4811,33335
4811,33336
4811,33337
4811,33338
4811,33339
4811,33340
4811,33341
4811,33342
4811,33343
4811,33344
4811,33345
4811,33346
4811,33347
4811,33348
4811,33349
4811,33350
4811,33351
4811,33352
4811,33353
4811,33354
4811,33355
4811,33356
4811,33357
4811,33358
4811,33359
4811,33360
4811,33361
4811,33362
4811,33363
4811,33364
4811,33365
4811,33366
4811,33367
4811,33368
4811,33369
4811,33370
4811,33371
4811,33372
4811,33373
4811,33374
4811,33375
4811,33376
4811,33377
4811,33378
4811,33379
4811,33380
4811,33381
4811,33382
4811,33383
4811,33384
4811,33385
4811,33386
4811,33387
4811,33388
4811,33389
4811,33390
4811,33391
4811,33392
4811,33393
4811,33394
4811,33395
4811,33396
4811,33397
4811,33398
4811,33399
4811,33400
4811,33401
4811,33402
4811,33403
4811,33404
4811,33405
4811,33406
4811,33407
4811,33408
4811,33409
4811,33410
4811,33411
4811,33412
4811,33413
4811,33414
4811,33415
4811,33416
4811,33417
4811,33418
4811,33419
4811,33420
4811,33421
4811,33422
4811,33423
4811,33424
4811,33425
4811,33426
4811,33427
4811,33428
4811,33429
4811,33430
4811,33431
4811,33432
4811,33433
4811,33434
4811,33435
4811,33436
4811,33437
4811,33438
4811,33439
4811,33440
4811,33441
4811,33442
4811,33443
4811,33444
4811,33445
4811,33446
4811,33447
4811,33448
4811,33449
4811,33450
4811,33451
4811,33452
4811,33453
4811,33454
4811,33455
4811,33456
4811,33457
4811,33458
4811,33459
4811,33460
4811,33461
4811,33462
4811,33463
4811,33464
4811,33465
4811,33466
4811,33467
4811,33468
4811,33469
4811,33470
4811,33471
4811,33472
4811,33473
4811,33474
4811,33475
4811,33476
4811,33477
4811,33478
4811,33479
4811,33480
4811,33481
4811,33482
4811,33483
4811,33484
4811,33485
4811,33486
4811,33487
4811,33488
4811,33489
4811,33490
4811,33491
4811,33492
4811,33493
4811,33494
4811,33495
4811,33496
4811,33497
4811,33498
4811,33499
4811,33500
4811,33501
4811,33502
4811,33503
4811,33504
4811,33505
4811,33506
4811,33507
4811,33508
4811,33509
4811,33510
4811,33511
4811,33512
4811,33513
4811,33514
4811,33515
4811,33516
4811,33517
4811,33518
4811,33519
4811,33520
4811,33538
4811,33539
4811,33540
4811,33541
4811,33542
4811,33543
4811,33544
4811,33545
4811,33546
4811,33547
4811,33548
4811,33549
4811,33550
4811,33551
4811,33552
4811,33553
4811,33554
4811,33555
4811,33556
4811,33557
4811,33558
4811,33559
4811,33560
4811,33561
4811,33562
4811,33563
4811,33564
4811,33565
4811,33566
4811,33567
4811,33568
4811,33569
4811,33570
4811,33571
4811,33572
4811,33573
4811,33574
4811,33575
4811,33576
4811,33577
4811,33578
4811,33579
4811,33580
4811,33581
4811,33582
4811,33583
4811,33584
4811,33585
4811,33586
4811,33587
4811,33588
4811,33589
4811,33590
4811,33591
4811,33592
4811,33593
4811,33594
4811,33595
4811,33596
4811,33597
4811,33598
4811,33599
4811,33600
4811,33601
4812,33315
4812,33316
4812,33317
4812,33318
4812,33319
4812,33320
4812,33321
4812,33322
4812,33323
4812,33324
4812,33325
4812,33326
4812,33327
4812,33328
4812,33329
4812,33330
4812,33331
4812,33332
4812,33333
4812,33334
4812,33335
4812,33336
4812,33337
4812,33338
4812,33339
4812,33340
4812,33341
4812,33342
4812,33343
4812,33344
4812,33345
4812,33346
4812,33347
4812,33348
4812,33349
4812,33350
4812,33351
4812,33352
4812,33353
4812,33354
4812,33355
4812,33356
4812,33357
4812,33358
4812,33359
4812,33360
4812,33361
4812,33362
4812,33363
4812,33364
4812,33365
4812,33366
4812,33367
4812,33368
4812,33369
4812,33370
4812,33371
4812,33372
4812,33373
4812,33374
4812,33375
4812,33376
4812,33377
4812,33378
4812,33379
4812,33380
4812,33381
4812,33382
4812,33383
4812,33384
4812,33385
4812,33386
4812,33387
4812,33388
4812,33389
4812,33390
4812,33391
4812,33392
4812,33393
4812,33394
4812,33395
4812,33396
4812,33397
4812,33398
4812,33399
4812,33400
4812,33401
4812,33402
4812,33403
4812,33404
4812,33405
4812,33406
4812,33407
4812,33408
4812,33409
4812,33410
4812,33411
4812,33412
4812,33413
4812,33414
4812,33415
4812,33416
4812,33417
4812,33418
4812,33419
4812,33420
4812,33421
4812,33422
4812,33423
4812,33424
4812,33425
4812,33426
4812,33427
4812,33428
4812,33429
4812,33430
4812,33431
4812,33432
4812,33433
4812,33434
4812,33435
4812,33436
4812,33437
4812,33438
4812,33439
4812,33440
4812,33441
4812,33442
4812,33443
4812,33444
4812,33445
4812,33446
4812,33447
4812,33448
4812,33449
4812,33450
4812,33451
4812,33452
4812,33453
4812,33454
4812,33455
4812,33456
4812,33457
4812,33458
4812,33459
4812,33460
4812,33461
4812,33462
4812,33463
4812,33464
4812,33465
4812,33466
4812,33467
4812,33468
4812,33469
4812,33470
4812,33471
4812,33472
4812,33473
4812,33474
4812,33475
4812,33476
4812,33477
4812,33478
4812,33479
4812,33480
4812,33481
4812,33482
4812,33483
4812,33484
4812,33485
4812,33486
4812,33487
4812,33488
4812,33489
4812,33490
4812,33491
4812,33492
4812,33493
4812,33494
4812,33495
4812,33496
4812,33497
4812,33498
4812,33499
4812,33500
4812,33501
4812,33502
4812,33503
4812,33504
4812,33505
4812,33506
4812,33507
4812,33508
4812,33509
4812,33510
4812,33511
4812,33512
4812,33513
4812,33514
4812,33515
4812,33516
4812,33517
4812,33518
4812,33519
4812,33520
4812,33538
4812,33539
4812,33540
4812,33541
4812,33542
4812,33543
4812,33544
4812,33545
4812,33546
4812,33547
4812,33548
4812,33549
4812,33550
4812,33551
4812,33552
4812,33553
4812,33554
4812,33555
4812,33556
4812,33557
4812,33558
4812,33559
4812,33560
4812,33561
4812,33562
4812,33563
4812,33564
4812,33565
4812,33566
4812,33567
4812,33568
4812,33569
4812,33570
4812,33571
4812,33572
4812,33573
4812,33574
4812,33575
4812,33576
4812,33577
4812,33578
4812,33579
4812,33580
4812,33581
4812,33582
4812,33583
4812,33584
4812,33585
4812,33586
4812,33587
4812,33588
4812,33589
4812,33590
4812,33591
4812,33592
4812,33593
4812,33594
4812,33595
4812,33596
4812,33597
4812,33598
4812,33599
4812,33600
4812,33601
4813,33315
4813,33316
4813,33317
4813,33318
4813,33319
4813,33320
4813,33321
4813,33322
4813,33323
4813,33324
4813,33325
4813,33326
4813,33327
4813,33328
4813,33329
4813,33330
4813,33331
4813,33332
4813,33333
4813,33334
4813,33335
4813,33336
4813,33337
4813,33338
4813,33339
4813,33340
4813,33341
4813,33342
4813,33343
4813,33344
4813,33345
4813,33346
4813,33347
4813,33348
4813,33349
4813,33350
4813,33351
4813,33352
4813,33353
4813,33354
4813,33355
4813,33356
4813,33357
4813,33358
4813,33359
4813,33360
4813,33361
4813,33362
4813,33363
4813,33364
4813,33365
4813,33366
4813,33367
4813,33368
4813,33369
4813,33370
4813,33371
4813,33372
4813,33373
4813,33374
4813,33375
4813,33376
4813,33377
4813,33378
4813,33379
4813,33380
4813,33381
4813,33382
4813,33383
4813,33384
4813,33385
4813,33386
4813,33387
4813,33388
4813,33389
4813,33390
4813,33391
4813,33392
4813,33393
4813,33394
4813,33395
4813,33396
4813,33397
4813,33398
4813,33399
4813,33400
4813,33401
4813,33402
4813,33403
4813,33404
4813,33405
4813,33406
4813,33407
4813,33408
4813,33409
4813,33410
4813,33411
4813,33412
4813,33413
4813,33414
4813,33415
4813,33416
4813,33417
4813,33418
4813,33419
4813,33420
4813,33421
4813,33422
4813,33423
4813,33424
4813,33425
4813,33426
4813,33427
4813,33428
4813,33429
4813,33430
4813,33431
4813,33432
4813,33433
4813,33434
4813,33435
4813,33436
4813,33437
4813,33438
4813,33439
4813,33440
4813,33441
4813,33442
4813,33443
4813,33444
4813,33445
4813,33446
4813,33447
4813,33448
4813,33449
4813,33450
4813,33451
4813,33452
4813,33453
4813,33454
4813,33455
4813,33456
4813,33457
4813,33458
4813,33459
4813,33460
4813,33461
4813,33462
4813,33463
4813,33464
4813,33465
4813,33466
4813,33467
4813,33468
4813,33469
4813,33470
4813,33471
4813,33472
4813,33473
4813,33474
4813,33475
4813,33476
4813,33477
4813,33478
4813,33479
4813,33480
4813,33481
4813,33482
4813,33483
4813,33484
4813,33485
4813,33486
4813,33487
4813,33488
4813,33489
4813,33490
4813,33491
4813,33492
4813,33493
4813,33494
4813,33495
4813,33496
4813,33497
4813,33498
4813,33499
4813,33500
4813,33501
4813,33502
4813,33503
4813,33504
4813,33505
4813,33506
4813,33507
4813,33508
4813,33509
4813,33510
4813,33511
4813,33512
4813,33513
4813,33514
4813,33515
4813,33516
4813,33517
4813,33518
4813,33519
4813,33520
4813,33539
4813,33540
4813,33541
4813,33542
4813,33543
4813,33544
4813,33545
4813,33546
4813,33547
4813,33548
4813,33549
4813,33550
4813,33551
4813,33552
4813,33553
4813,33554
4813,33555
4813,33556
4813,33557
4813,33558
4813,33559
4813,33560
4813,33561
4813,33562
4813,33563
4813,33564
4813,33565
4813,33566
4813,33567
4813,33568
4813,33569
4813,33570
4813,33571
4813,33572
4813,33573
4813,33574
4813,33575
4813,33576
4813,33577
4813,33578
4813,33579
4813,33580
4813,33581
4813,33582
4813,33583
4813,33584
4813,33585
4813,33586
4813,33587
4813,33588
4813,33589
4813,33590
4813,33591
4813,33592
4813,33593
4813,33594
4813,33595
4813,33596
4813,33597
4813,33598
4813,33599
4813,33600
4814,33315
4814,33316
4814,33317
4814,33318
4814,33319
4814,33320
4814,33321
4814,33322
4814,33323
4814,33324
4814,33325
4814,33326
4814,33327
4814,33328
4814,33329
4814,33330
4814,33331
4814,33332
4814,33333
4814,33334
4814,33335
4814,33336
4814,33337
4814,33338
4814,33339
4814,33340
4814,33341
4814,33342
4814,33343
4814,33344
4814,33345
4814,33346
4814,33347
4814,33348
4814,33349
4814,33350
4814,33351
4814,33352
4814,33353
4814,33354
4814,33355
4814,33356
4814,33357
4814,33358
4814,33359
4814,33360
4814,33361
4814,33362
4814,33363
4814,33364
4814,33365
4814,33366
4814,33367
4814,33368
4814,33369
4814,33370
4814,33371
4814,33372
4814,33373
4814,33374
4814,33375
4814,33376
4814,33377
4814,33378
4814,33379
4814,33380
4814,33381
4814,33382
4814,33383
4814,33384
4814,33385
4814,33386
4814,33387
4814,33388
4814,33389
4814,33390
4814,33391
4814,33392
4814,33393
4814,33394
4814,33395
4814,33396
4814,33397
4814,33398
4814,33399
4814,33400
4814,33401
4814,33402
4814,33403
4814,33404
4814,33405
4814,33406
4814,33407
4814,33408
4814,33409
4814,33410
4814,33411
4814,33412
4814,33413
4814,33414
4814,33415
4814,33416
4814,33417
4814,33418
4814,33419
4814,33420
4814,33421
4814,33422
4814,33423
4814,33424
4814,33425
4814,33426
4814,33427
4814,33428
4814,33429
4814,33430
4814,33431
4814,33432
4814,33433
4814,33434
4814,33435
4814,33436
4814,33437
4814,33438
4814,33439
4814,33440
4814,33441
4814,33442
4814,33443
4814,33444
4814,33445
4814,33446
4814,33447
4814,33448
4814,33449
4814,33450
4814,33451
4814,33452
4814,33453
4814,33454
4814,33455
4814,33456
4814,33457
4814,33458
4814,33459
4814,33460
4814,33461
4814,33462
4814,33463
4814,33464
4814,33465
4814,33466
4814,33467
4814,33468
4814,33469
4814,33470
4814,33471
4814,33472
4814,33473
4814,33474
4814,33475
4814,33476
4814,33477
4814,33478
4814,33479
4814,33480
4814,33481
4814,33482
4814,33483
4814,33484
4814,33485
4814,33486
4814,33487
4814,33488
4814,33489
4814,33490
4814,33491
4814,33492
4814,33493
4814,33494
4814,33495
4814,33496
4814,33497
4814,33498
4814,33499
4814,33500
4814,33501
4814,33502
4814,33503
4814,33504
4814,33505
4814,33506
4814,33507
4814,33508
4814,33509
4814,33510
4814,33511
4814,33512
4814,33513
4814,33514
4814,33515
4814,33516
4814,33517
4814,33518
4814,33519
4814,33539
4814,33540
4814,33541
4814,33542
4814,33543
4814,33544
4814,33545
4814,33546
4814,33547
4814,33548
4814,33549
4814,33550
4814,33551
4814,33552
4814,33553
4814,33554
4814,33555
4814,33556
4814,33557
4814,33558
4814,33559
4814,33560
4814,33561
4814,33562
4814,33563
4814,33564
4814,33565
4814,33566
4814,33567
4814,33568
4814,33569
4814,33570
4814,33571
4814,33572
4814,33573
4814,33574
4814,33575
4814,33576
4814,33577
4814,33578
4814,33579
4814,33580
4814,33581
4814,33582
4814,33583
4814,33584
4814,33585
4814,33586
4814,33587
4814,33588
4814,33589
4814,33590
4814,33591
4814,33592
4814,33593
4814,33594
4814,33595
4814,33596
4814,33597
4814,33598
4814,33599
4815,33315
4815,33316
4815,33317
4815,33318
4815,33319
4815,33320
4815,33321
4815,33322
4815,33323
4815,33324
4815,33325
4815,33326
4815,33327
4815,33328
4815,33329
4815,33330
4815,33331
4815,33332
4815,33333
4815,33334
4815,33335
4815,33336
4815,33337
4815,33338
4815,33339
4815,33340
4815,33341
4815,33342
4815,33343
4815,33344
4815,33345
4815,33346
4815,33347
4815,33348
4815,33349
4815,33350
4815,33351
4815,33352
4815,33353
4815,33354
4815,33355
4815,33356
4815,33357
4815,33358
4815,33359
4815,33360
4815,33361
4815,33362
4815,33363
4815,33364
4815,33365
4815,33366
4815,33367
4815,33368
4815,33369
4815,33370
4815,33371
4815,33372
4815,33373
4815,33374
4815,33375
4815,33376
4815,33377
4815,33378
4815,33379
4815,33380
4815,33381
4815,33382
4815,33383
4815,33384
4815,33385
4815,33386
4815,33387
4815,33388
4815,33389
4815,33390
4815,33391
4815,33392
4815,33393
4815,33394
4815,33395
4815,33396
4815,33397
4815,33398
4815,33399
4815,33400
4815,33401
4815,33402
4815,33403
4815,33404
4815,33405
4815,33406
4815,33407
4815,33408
4815,33409
4815,33410
4815,33411
4815,33412
4815,33413
4815,33414
4815,33415
4815,33416
4815,33417
4815,33418
4815,33419
4815,33420
4815,33421
4815,33422
4815,33423
4815,33424
4815,33425
4815,33426
4815,33427
4815,33428
4815,33429
4815,33430
4815,33431
4815,33432
4815,33433
4815,33434
4815,33435
4815,33436
4815,33437
4815,33438
4815,33439
4815,33440
4815,33441
4815,33442
4815,33443
4815,33444
4815,33445
4815,33446
4815,33447
4815,33448
4815,33449
4815,33450
4815,33451
4815,33452
4815,33453
4815,33454
4815,33455
4815,33456
4815,33457
4815,33458
4815,33459
4815,33460
4815,33461
4815,33462
4815,33463
4815,33464
4815,33465
4815,33466
4815,33467
4815,33468
4815,33469
4815,33470
4815,33471
4815,33472
4815,33473
4815,33474
4815,33475
4815,33476
4815,33477
4815,33478
4815,33479
4815,33480
4815,33481
4815,33482
4815,33483
4815,33484
4815,33485
4815,33486
4815,33487
4815,33488
4815,33489
4815,33490
4815,33491
4815,33492
4815,33493
4815,33494
4815,33495
4815,33496
4815,33497
4815,33498
4815,33499
4815,33500
4815,33501
4815,33502
4815,33503
4815,33504
4815,33505
4815,33506
4815,33507
4815,33508
4815,33509
4815,33510
4815,33511
4815,33512
4815,33513
4815,33514
4815,33515
4815,33516
4815,33517
4815,33518
4815,33539
4815,33540
4815,33541
4815,33542
4815,33543
4815,33544
4815,33545
4815,33546
4815,33547
4815,33548
4815,33549
4815,33550
4815,33551
4815,33552
4815,33553
4815,33554
4815,33555
4815,33556
4815,33557
4815,33558
4815,33559
4815,33560
4815,33561
4815,33562
4815,33563
4815,33564
4815,33565
4815,33566
4815,33567
4815,33568
4815,33569
4815,33570
4815,33571
4815,33572
4815,33573
4815,33574
4815,33575
4815,33576
4815,33577
4815,33578
4815,33579
4815,33580
4815,33581
4815,33582
4815,33583
4815,33584
4815,33585
4815,33586
4815,33587
4815,33588
4815,33589
4815,33590
4815,33591
4815,33592
4815,33593
4815,33594
4815,33595
4815,33596
4815,33597
4816,33314
4816,33315
4816,33316
4816,33317
4816,33318
4816,33319
4816,33320
4816,33321
4816,33322
4816,33323
4816,33324
4816,33325
4816,33326
4816,33327
4816,33328
4816,33329
4816,33330
4816,33331
4816,33332
4816,33333
4816,33334
4816,33335
4816,33336
4816,33337
4816,33338
4816,33339
4816,33340
4816,33341
4816,33342
4816,33343
4816,33344
4816,33345
4816,33346
4816,33347
4816,33348
4816,33349
4816,33350
4816,33351
4816,33352
4816,33353
4816,33354
4816,33355
4816,33356
4816,33357
4816,33358
4816,33359
4816,33360
4816,33361
4816,33362
4816,33363
4816,33364
4816,33365
4816,33366
4816,33367
4816,33368
4816,33369
4816,33370
4816,33371
4816,33372
4816,33373
4816,33374
4816,33375
4816,33376
4816,33377
4816,33378
4816,33379
4816,33380
4816,33381
4816,33382
4816,33383
4816,33384
4816,33385
4816,33386
4816,33387
4816,33388
4816,33389
4816,33390
4816,33391
4816,33392
4816,33393
4816,33394
4816,33395
4816,33396
4816,33397
4816,33398
4816,33399
4816,33400
4816,33401
4816,33402
4816,33403
4816,33404
4816,33405
4816,33406
4816,33407
4816,33408
4816,33409
4816,33410
4816,33411
4816,33412
4816,33413
4816,33414
4816,33415
4816,33416
4816,33417
4816,33418
4816,33419
4816,33420
4816,33421
4816,33422
4816,33423
4816,33424
4816,33425
4816,33426
4816,33427
4816,33428
4816,33429
4816,33430
4816,33431
4816,33432
4816,33433
4816,33434
4816,33435
4816,33436
4816,33437
4816,33438
4816,33439
4816,33440
4816,33441
4816,33442
4816,33443
4816,33444
4816,33445
4816,33446
4816,33447
4816,33448
4816,33449
4816,33450
4816,33451
4816,33452
4816,33453
4816,33454
4816,33455
4816,33456
4816,33457
4816,33458
4816,33459
4816,33460
4816,33461
4816,33462
4816,33463
4816,33464
4816,33465
4816,33466
4816,33467
4816,33468
4816,33469
4816,33470
4816,33471
4816,33472
4816,33473
4816,33474
4816,33475
4816,33476
4816,33477
4816,33478
4816,33479
4816,33480
4816,33481
4816,33482
4816,33483
4816,33484
4816,33485
4816,33486
4816,33487
4816,33488
4816,33489
4816,33490
4816,33491
4816,33492
4816,33493
4816,33494
4816,33495
4816,33496
4816,33497
4816,33498
4816,33499
4816,33500
4816,33501
4816,33502
4816,33503
4816,33504
4816,33505
4816,33506
4816,33507
4816,33508
4816,33509
4816,33510
4816,33511
4816,33512
4816,33513
4816,33514
4816,33515
4816,33516
4816,33517
4816,33518
4816,33540
4816,33541
4816,33542
4816,33543
4816,33544
4816,33545
4816,33546
4816,33547
4816,33548
4816,33549
4816,33550
4816,33551
4816,33552
4816,33553
4816,33554
4816,33555
4816,33556
4816,33557
4816,33558
4816,33559
4816,33560
4816,33561
4816,33562
4816,33563
4816,33564
4816,33565
4816,33566
4816,33567
4816,33568
4816,33569
4816,33570
4816,33571
4816,33572
4816,33573
4816,33574
4816,33575
4816,33576
4816,33577
4816,33578
4816,33579
4816,33580
4816,33581
4816,33582
4816,33583
4816,33584
4816,33585
4816,33586
4816,33587
4816,33588
4816,33589
4816,33590
4816,33591
4816,33592
4816,33593
4816,33594
4816,33595
4816,33596
4817,33314
4817,33315
4817,33316
4817,33317
4817,33318
4817,33319
4817,33320
4817,33321
4817,33322
4817,33323
4817,33324
4817,33325
4817,33326
4817,33327
4817,33328
4817,33329
4817,33330
4817,33331
4817,33332
4817,33333
4817,33334
4817,33335
4817,33336
4817,33337
4817,33338
4817,33339
4817,33340
4817,33341
4817,33342
4817,33343
4817,33344
4817,33345
4817,33346
4817,33347
4817,33348
4817,33349
4817,33350
4817,33351
4817,33352
4817,33353
4817,33354
4817,33355
4817,33356
4817,33357
4817,33358
4817,33359
4817,33360
4817,33361
4817,33362
4817,33363
4817,33364
4817,33365
4817,33366
4817,33367
4817,33368
4817,33369
4817,33370
4817,33371
4817,33372
4817,33373
4817,33374
4817,33375
4817,33376
4817,33377
4817,33378
4817,33379
4817,33380
4817,33381
4817,33382
4817,33383
4817,33384
4817,33385
4817,33386
4817,33387
4817,33388
4817,33389
4817,33390
4817,33391
4817,33392
4817,33393
4817,33394
4817,33395
4817,33396
4817,33397
4817,33398
4817,33399
4817,33400
4817,33401
4817,33402
4817,33403
4817,33404
4817,33405
4817,33406
4817,33407
4817,33408
4817,33409
4817,33410
4817,33411
4817,33412
4817,33413
4817,33414
4817,33415
4817,33416
4817,33417
4817,33418
4817,33419
4817,33420
4817,33421
4817,33422
4817,33423
4817,33424
4817,33425
4817,33426
4817,33427
4817,33428
4817,33429
4817,33430
4817,33431
4817,33432
4817,33433
4817,33434
4817,33435
4817,33436
4817,33437
4817,33438
4817,33439
4817,33440
4817,33441
4817,33442
4817,33443
4817,33444
4817,33445
4817,33446
4817,33447
4817,33448
4817,33449
4817,33450
4817,33451
4817,33452
4817,33453
4817,33454
4817,33455
4817,33456
4817,33457
4817,33458
4817,33459
4817,33460
4817,33461
4817,33462
4817,33463
4817,33464
4817,33465
4817,33466
4817,33467
4817,33468
4817,33469
4817,33470
4817,33471
4817,33472
4817,33473
4817,33474
4817,33475
4817,33476
4817,33477
4817,33478
4817,33479
4817,33480
4817,33481
4817,33482
4817,33483
4817,33484
4817,33485
4817,33486
4817,33487
4817,33488
4817,33489
4817,33490
4817,33491
4817,33492
4817,33493
4817,33494
4817,33495
4817,33496
4817,33497
4817,33498
4817,33499
4817,33500
4817,33501
4817,33502
4817,33503
4817,33504
4817,33505
4817,33506
4817,33507
4817,33508
4817,33509
4817,33510
4817,33511
4817,33512
4817,33513
4817,33514
4817,33515
4817,33516
4817,33517
4817,33541
4817,33542
4817,33543
4817,33544
4817,33545
4817,33546
4817,33547
4817,33548
4817,33549
4817,33550
4817,33551
4817,33552
4817,33553
4817,33554
4817,33555
4817,33556
4817,33557
4817,33558
4817,33559
4817,33560
4817,33561
4817,33562
4817,33563
4817,33564
4817,33565
4817,33566
4817,33567
4817,33568
4817,33569
4817,33570
4817,33571
4817,33572
4817,33573
4817,33574
4817,33575
4817,33576
4817,33577
4817,33578
4817,33579
4817,33580
4817,33581
4817,33582
4817,33583
4817,33584
4817,33585
4817,33586
4817,33587
4817,33588
4817,33589
4817,33590
4817,33591
4817,33592
4817,33593
4817,33594
4817,33595
4817,33596
4818,33314
4818,33315
4818,33316
4818,33317
4818,33318
4818,33319
4818,33320
4818,33321
4818,33322
4818,33323
4818,33324
4818,33325
4818,33326
4818,33327
4818,33328
4818,33329
4818,33330
4818,33331
4818,33332
4818,33333
4818,33334
4818,33335
4818,33336
4818,33337
4818,33338
4818,33339
4818,33340
4818,33341
4818,33342
4818,33343
4818,33344
4818,33345
4818,33346
4818,33347
4818,33348
4818,33349
4818,33350
4818,33351
4818,33352
4818,33353
4818,33354
4818,33355
4818,33356
4818,33357
4818,33358
4818,33359
4818,33360
4818,33361
4818,33362
4818,33363
4818,33364
4818,33365
4818,33366
4818,33367
4818,33368
4818,33369
4818,33370
4818,33371
4818,33372
4818,33373
4818,33374
4818,33375
4818,33376
4818,33377
4818,33378
4818,33379
4818,33380
4818,33381
4818,33382
4818,33383
4818,33384
4818,33385
4818,33386
4818,33387
4818,33388
4818,33389
4818,33390
4818,33391
4818,33392
4818,33393
4818,33394
4818,33395
4818,33396
4818,33397
4818,33398
4818,33399
4818,33400
4818,33401
4818,33402
4818,33403
4818,33404
4818,33405
4818,33406
4818,33407
4818,33408
4818,33409
4818,33410
4818,33411
4818,33412
4818,33413
4818,33414
4818,33415
4818,33416
4818,33417
4818,33418
4818,33419
4818,33420
4818,33421
4818,33422
4818,33423
4818,33424
4818,33425
4818,33426
4818,33427
4818,33428
4818,33429
4818,33430
4818,33431
4818,33432
4818,33433
4818,33434
4818,33435
4818,33436
4818,33437
4818,33438
4818,33439
4818,33440
4818,33441
4818,33442
4818,33443
4818,33444
4818,33445
4818,33446
4818,33447
4818,33448
4818,33449
4818,33450
4818,33451
4818,33452
4818,33453
4818,33454
4818,33455
4818,33456
4818,33457
4818,33458
4818,33459
4818,33460
4818,33461
4818,33462
4818,33463
4818,33464
4818,33465
4818,33466
4818,33467
4818,33468
4818,33469
4818,33470
4818,33471
4818,33472
4818,33473
4818,33474
4818,33475
4818,33476
4818,33477
4818,33478
4818,33479
4818,33480
4818,33481
4818,33482
4818,33483
4818,33484
4818,33485
4818,33486
4818,33487
4818,33488
4818,33489
4818,33490
4818,33491
4818,33492
4818,33493
4818,33494
4818,33495
4818,33496
4818,33497
4818,33498
4818,33499
4818,33500
4818,33501
4818,33502
4818,33503
4818,33504
4818,33505
4818,33506
4818,33507
4818,33508
4818,33509
4818,33510
4818,33511
4818,33512
4818,33513
4818,33514
4818,33515
4818,33516
4818,33517
4818,33518
4818,33542
4818,33543
4818,33544
4818,33545
4818,33546
4818,33547
4818,33548
4818,33549
4818,33550
4818,33551
4818,33552
4818,33553
4818,33554
4818,33555
4818,33556
4818,33557
4818,33558
4818,33559
4818,33560
4818,33561
4818,33562
4818,33563
4818,33564
4818,33565
4818,33566
4818,33567
4818,33568
4818,33569
4818,33570
4818,33571
4818,33572
4818,33573
4818,33574
4818,33575
4818,33576
4818,33577
4818,33578
4818,33579
4818,33580
4818,33581
4818,33582
4818,33583
4818,33584
4818,33585
4818,33586
4818,33587
4818,33588
4818,33589
4818,33590
4818,33591
4818,33592
4818,33593
4818,33594
4818,33595
4819,33313
4819,33314
4819,33315
4819,33316
4819,33317
4819,33318
4819,33319
4819,33320
4819,33321
4819,33322
4819,33323
4819,33324
4819,33325
4819,33326
4819,33327
4819,33328
4819,33329
4819,33330
4819,33331
4819,33332
4819,33333
4819,33334
4819,33335
4819,33336
4819,33337
4819,33338
4819,33339
4819,33340
4819,33341
4819,33342
4819,33343
4819,33344
4819,33345
4819,33346
4819,33347
4819,33348
4819,33349
4819,33350
4819,33351
4819,33352
4819,33353
4819,33354
4819,33355
4819,33356
4819,33357
4819,33358
4819,33359
4819,33360
4819,33361
4819,33362
4819,33363
4819,33364
4819,33365
4819,33366
4819,33367
4819,33368
4819,33369
4819,33370
4819,33371
4819,33372
4819,33373
4819,33374
4819,33375
4819,33376
4819,33377
4819,33378
4819,33379
4819,33380
4819,33381
4819,33382
4819,33383
4819,33384
4819,33385
4819,33386
4819,33387
4819,33388
4819,33389
4819,33390
4819,33391
4819,33392
4819,33393
4819,33394
4819,33395
4819,33396
4819,33397
4819,33398
4819,33399
4819,33400
4819,33401
4819,33402
4819,33403
4819,33404
4819,33405
4819,33406
4819,33407
4819,33408
4819,33409
4819,33410
4819,33411
4819,33412
4819,33413
4819,33414
4819,33415
4819,33416
4819,33417
4819,33418
4819,33419
4819,33420
4819,33421
4819,33422
4819,33423
4819,33424
4819,33425
4819,33426
4819,33427
4819,33428
4819,33429
4819,33430
4819,33431
4819,33432
4819,33433
4819,33434
4819,33435
4819,33436
4819,33437
4819,33438
4819,33439
4819,33440
4819,33441
4819,33442
4819,33443
4819,33444
4819,33445
4819,33446
4819,33447
4819,33448
4819,33449
4819,33450
4819,33451
4819,33452
4819,33453
4819,33454
4819,33455
4819,33456
4819,33457
4819,33458
4819,33459
4819,33460
4819,33461
4819,33462
4819,33463
4819,33464
4819,33465
4819,33466
4819,33467
4819,33468
4819,33469
4819,33470
4819,33471
4819,33472
4819,33473
4819,33474
4819,33475
4819,33476
4819,33477
4819,33478
4819,33479
4819,33480
4819,33481
4819,33482
4819,33483
4819,33484
4819,33485
4819,33486
4819,33487
4819,33488
4819,33489
4819,33490
4819,33491
4819,33492
4819,33493
4819,33494
4819,33495
4819,33496
4819,33497
4819,33498
4819,33499
4819,33500
4819,33501
4819,33502
4819,33503
4819,33504
4819,33505
4819,33506
4819,33507
4819,33508
4819,33509
4819,33510
4819,33511
4819,33512
4819,33513
4819,33514
4819,33515
4819,33516
4819,33517
4819,33518
4819,33543
4819,33544
4819,33545
4819,33546
4819,33547
4819,33548
4819,33549
4819,33550
4819,33551
4819,33552
4819,33553
4819,33554
4819,33555
4819,33556
4819,33557
4819,33558
4819,33559
4819,33560
4819,33561
4819,33562
4819,33563
4819,33564
4819,33565
4819,33566
4819,33567
4819,33568
4819,33569
4819,33570
4819,33571
4819,33572
4819,33573
4819,33574
4819,33575
4819,33576
4819,33577
4819,33578
4819,33579
4819,33580
4819,33581
4819,33582
4819,33585
4819,33586
4819,33587
4819,33588
4819,33589
4819,33590
4819,33591
4819,33592
4819,33593
4819,33594
4820,33313
4820,33314
4820,33315
4820,33316
4820,33317
4820,33318
4820,33319
4820,33320
4820,33321
4820,33322
4820,33323
4820,33324
4820,33325
4820,33326
4820,33327
4820,33328
4820,33329
4820,33330
4820,33331
4820,33332
4820,33333
4820,33334
4820,33335
4820,33336
4820,33337
4820,33338
4820,33339
4820,33340
4820,33341
4820,33342
4820,33343
4820,33344
4820,33345
4820,33346
4820,33347
4820,33348
4820,33349
4820,33350
4820,33351
4820,33352
4820,33353
4820,33354
4820,33355
4820,33356
4820,33357
4820,33358
4820,33359
4820,33360
4820,33361
4820,33362
4820,33363
4820,33364
4820,33365
4820,33366
4820,33367
4820,33368
4820,33369
4820,33370
4820,33371
4820,33372
4820,33373
4820,33374
4820,33375
4820,33376
4820,33377
4820,33378
4820,33379
4820,33380
4820,33381
4820,33382
4820,33383
4820,33384
4820,33385
4820,33386
4820,33387
4820,33388
4820,33389
4820,33390
4820,33391
4820,33392
4820,33393
4820,33394
4820,33395
4820,33396
4820,33397
4820,33398
4820,33399
4820,33400
4820,33401
4820,33402
4820,33403
4820,33404
4820,33405
4820,33406
4820,33407
4820,33408
4820,33409
4820,33410
4820,33411
4820,33412
4820,33413
4820,33414
4820,33415
4820,33416
4820,33417
4820,33418
4820,33419
4820,33420
4820,33421
4820,33422
4820,33423
4820,33424
4820,33425
4820,33426
4820,33427
4820,33428
4820,33429
4820,33430
4820,33431
4820,33432
4820,33433
4820,33434
4820,33435
4820,33436
4820,33437
4820,33438
4820,33439
4820,33440
4820,33441
4820,33442
4820,33443
4820,33444
4820,33445
4820,33446
4820,33447
4820,33448
4820,33449
4820,33450
4820,33451
4820,33452
4820,33453
4820,33454
4820,33455
4820,33456
4820,33457
4820,33458
4820,33459
4820,33460
4820,33461
4820,33462
4820,33463
4820,33464
4820,33465
4820,33466
4820,33467
4820,33468
4820,33469
4820,33470
4820,33471
4820,33472
4820,33473
4820,33474
4820,33475
4820,33476
4820,33477
4820,33478
4820,33479
4820,33480
4820,33481
4820,33482
4820,33483
4820,33484
4820,33485
4820,33486
4820,33487
4820,33488
4820,33489
4820,33490
4820,33491
4820,33492
4820,33493
4820,33494
4820,33495
4820,33496
4820,33497
4820,33498
4820,33499
4820,33500
4820,33501
4820,33502
4820,33503
4820,33504
4820,33505
4820,33506
4820,33507
4820,33508
4820,33509
4820,33510
4820,33511
4820,33512
4820,33513
4820,33514
4820,33515
4820,33516
4820,33517
4820,33544
4820,33545
4820,33546
4820,33547
4820,33548
4820,33549
4820,33550
4820,33551
4820,33552
4820,33553
4820,33554
4820,33555
4820,33556
4820,33557
4820,33558
4820,33559
4820,33560
4820,33561
4820,33562
4820,33563
4820,33564
4820,33565
4820,33566
4820,33567
4820,33568
4820,33569
4820,33570
4820,33571
4820,33572
4820,33573
4820,33574
4820,33575
4820,33576
4820,33577
4820,33579
4820,33586
4820,33587
4820,33588
4820,33589
4820,33590
4820,33591
4820,33592
4820,33593
4821,33314
4821,33315
4821,33316
4821,33317
4821,33318
4821,33319
4821,33320
4821,33321
4821,33322
4821,33323
4821,33324
4821,33325
4821,33326
4821,33327
4821,33328
4821,33329
4821,33330
4821,33331
4821,33332
4821,33333
4821,33334
4821,33335
4821,33336
4821,33337
4821,33338
4821,33339
4821,33340
4821,33341
4821,33342
4821,33343
4821,33344
4821,33345
4821,33346
4821,33347
4821,33348
4821,33349
4821,33350
4821,33351
4821,33352
4821,33353
4821,33354
4821,33355
4821,33356
4821,33357
4821,33358
4821,33359
4821,33360
4821,33361
4821,33362
4821,33363
4821,33364
4821,33365
4821,33366
4821,33367
4821,33368
4821,33369
4821,33370
4821,33371
4821,33372
4821,33373
4821,33374
4821,33375
4821,33376
4821,33377
4821,33378
4821,33379
4821,33380
4821,33381
4821,33382
4821,33383
4821,33384
4821,33385
4821,33386
4821,33387
4821,33388
4821,33389
4821,33390
4821,33391
4821,33392
4821,33393
4821,33394
4821,33395
4821,33396
4821,33397
4821,33398
4821,33399
4821,33400
4821,33401
4821,33402
4821,33403
4821,33404
4821,33405
4821,33406
4821,33407
4821,33408
4821,33409
4821,33410
4821,33411
4821,33412
4821,33413
4821,33414
4821,33415
4821,33416
4821,33417
4821,33418
4821,33419
4821,33420
4821,33421
4821,33422
4821,33423
4821,33424
4821,33425
4821,33426
4821,33427
4821,33428
4821,33429
4821,33430
4821,33431
4821,33432
4821,33433
4821,33434
4821,33435
4821,33436
4821,33437
4821,33438
4821,33439
4821,33440
4821,33441
4821,33442
4821,33443
4821,33444
4821,33445
4821,33446
4821,33447
4821,33448
4821,33449
4821,33450
4821,33451
4821,33452
4821,33453
4821,33454
4821,33455
4821,33456
4821,33457
4821,33458
4821,33459
4821,33460
4821,33461
4821,33462
4821,33463
4821,33464
4821,33465
4821,33466
4821,33467
4821,33468
4821,33469
4821,33470
4821,33471
4821,33472
4821,33473
4821,33474
4821,33475
4821,33476
4821,33477
4821,33478
4821,33479
4821,33480
4821,33481
4821,33482
4821,33483
4821,33484
4821,33485
4821,33486
4821,33487
4821,33488
4821,33489
4821,33490
4821,33491
4821,33492
4821,33493
4821,33494
4821,33495
4821,33496
4821,33497
4821,33498
4821,33499
4821,33500
4821,33501
4821,33502
4821,33503
4821,33504
4821,33505
4821,33506
4821,33507
4821,33508
4821,33509
4821,33510
4821,33511
4821,33512
4821,33513
4821,33514
4821,33515
4821,33516
4821,33517
4821,33547
4821,33548
4821,33549
4821,33550
4821,33551
4821,33552
4821,33553
4821,33554
4821,33555
4821,33556
4821,33557
4821,33558
4821,33559
4821,33560
4821,33561
4821,33562
4821,33563
4821,33564
4821,33565
4821,33566
4821,33567
4821,33568
4821,33569
4821,33570
4821,33571
4821,33572
4821,33573
4821,33574
4821,33575
4821,33589
4821,33590
4822,33314
4822,33315
4822,33316
4822,33317
4822,33318
4822,33319
4822,33320
4822,33321
4822,33322
4822,33323
4822,33324
4822,33325
4822,33326
4822,33327
4822,33328
4822,33329
4822,33330
4822,33331
4822,33332
4822,33333
4822,33334
4822,33335
4822,33336
4822,33337
4822,33338
4822,33339
4822,33340
4822,33341
4822,33342
4822,33343
4822,33344
4822,33345
4822,33346
4822,33347
4822,33348
4822,33349
4822,33350
4822,33351
4822,33352
4822,33353
4822,33354
4822,33355
4822,33356
4822,33357
4822,33358
4822,33359
4822,33360
4822,33361
4822,33362
4822,33363
4822,33364
4822,33365
4822,33366
4822,33367
4822,33368
4822,33369
4822,33370
4822,33371
4822,33372
4822,33373
4822,33374
4822,33375
4822,33376
4822,33377
4822,33378
4822,33379
4822,33380
4822,33381
4822,33382
4822,33383
4822,33384
4822,33385
4822,33386
4822,33387
4822,33388
4822,33389
4822,33390
4822,33391
4822,33392
4822,33393
4822,33394
4822,33395
4822,33396
4822,33397
4822,33398
4822,33399
4822,33400
4822,33401
4822,33402
4822,33403
4822,33404
4822,33405
4822,33406
4822,33407
4822,33408
4822,33409
4822,33410
4822,33411
4822,33412
4822,33413
4822,33414
4822,33415
4822,33416
4822,33417
4822,33418
4822,33419
4822,33420
4822,33421
4822,33422
4822,33423
4822,33424
4822,33425
4822,33426
4822,33427
4822,33428
4822,33429
4822,33430
4822,33431
4822,33432
4822,33433
4822,33434
4822,33435
4822,33436
4822,33437
4822,33438
4822,33439
4822,33440
4822,33441
4822,33442
4822,33443
4822,33444
4822,33445
4822,33446
4822,33447
4822,33448
4822,33449
4822,33450
4822,33451
4822,33452
4822,33453
4822,33454
4822,33455
4822,33456
4822,33457
4822,33458
4822,33459
4822,33460
4822,33461
4822,33462
4822,33463
4822,33464
4822,33465
4822,33466
4822,33467
4822,33468
4822,33469
4822,33470
4822,33471
4822,33472
4822,33473
4822,33474
4822,33475
4822,33476
4822,33477
4822,33478
4822,33479
4822,33480
4822,33481
4822,33482
4822,33483
4822,33484
4822,33485
4822,33486
4822,33487
4822,33488
4822,33489
4822,33490
4822,33491
4822,33492
4822,33493
4822,33494
4822,33495
4822,33496
4822,33497
4822,33498
4822,33499
4822,33500
4822,33501
4822,33502
4822,33503
4822,33504
4822,33505
4822,33506
4822,33507
4822,33508
4822,33509
4822,33510
4822,33511
4822,33512
4822,33513
4822,33514
4822,33515
4822,33516
4822,33517
4822,33550
4822,33551
4822,33552
4822,33553
4822,33555
4822,33560
4822,33563
4822,33564
4822,33565
4822,33566
4822,33567
4822,33568
4822,33569
4822,33570
4822,33571
4822,33572
4822,33573
4822,33574
4823,33314
4823,33315
4823,33316
4823,33317
4823,33318
4823,33319
4823,33320
4823,33321
4823,33322
4823,33323
4823,33324
4823,33325
4823,33326
4823,33327
4823,33328
4823,33329
4823,33330
4823,33331
4823,33332
4823,33333
4823,33334
4823,33335
4823,33336
4823,33337
4823,33338
4823,33339
4823,33340
4823,33341
4823,33342
4823,33343
4823,33344
4823,33345
4823,33346
4823,33347
4823,33348
4823,33349
4823,33350
4823,33351
4823,33352
4823,33353
4823,33354
4823,33355
4823,33356
4823,33357
4823,33358
4823,33359
4823,33360
4823,33361
4823,33362
4823,33363
4823,33364
4823,33365
4823,33366
4823,33367
4823,33368
4823,33369
4823,33370
4823,33371
4823,33372
4823,33373
4823,33374
4823,33375
4823,33376
4823,33377
4823,33378
4823,33379
4823,33380
4823,33381
4823,33382
4823,33383
4823,33384
4823,33385
4823,33386
4823,33387
4823,33388
4823,33389
4823,33390
4823,33391
4823,33392
4823,33393
4823,33394
4823,33395
4823,33396
4823,33397
4823,33398
4823,33399
4823,33400
4823,33401
4823,33402
4823,33403
4823,33404
4823,33405
4823,33406
4823,33407
4823,33408
4823,33409
4823,33410
4823,33411
4823,33412
4823,33413
4823,33414
4823,33415
4823,33416
4823,33417
4823,33418
4823,33419
4823,33420
4823,33421
4823,33422
4823,33423
4823,33424
4823,33425
4823,33426
4823,33427
4823,33428
4823,33429
4823,33430
4823,33431
4823,33432
4823,33433
4823,33434
4823,33435
4823,33436
4823,33437
4823,33438
4823,33439
4823,33440
4823,33441
4823,33442
4823,33443
4823,33444
4823,33445
4823,33446
4823,33447
4823,33448
4823,33449
4823,33450
4823,33451
4823,33452
4823,33453
4823,33454
4823,33455
4823,33456
4823,33457
4823,33458
4823,33459
4823,33460
4823,33461
4823,33462
4823,33463
4823,33464
4823,33465
4823,33466
4823,33467
4823,33468
4823,33469
4823,33470
4823,33471
4823,33472
4823,33473
4823,33474
4823,33475
4823,33476
4823,33477
4823,33478
4823,33479
4823,33480
4823,33481
4823,33482
4823,33483
4823,33484
4823,33485
4823,33486
4823,33487
4823,33488
4823,33489
4823,33490
4823,33491
4823,33492
4823,33493
4823,33494
4823,33495
4823,33496
4823,33497
4823,33498
4823,33499
4823,33500
4823,33501
4823,33502
4823,33503
4823,33504
4823,33505
4823,33506
4823,33507
4823,33508
4823,33509
4823,33510
4823,33511
4823,33512
4823,33513
4823,33514
4823,33515
4823,33516
4823,33564
4823,33565
4823,33566
4823,33567
4823,33568
4823,33569
4823,33570
4823,33571
4823,33572
4823,33573
4824,33315
4824,33316
4824,33317
4824,33318
4824,33319
4824,33320
4824,33321
4824,33322
4824,33323
4824,33324
4824,33325
4824,33326
4824,33327
4824,33328
4824,33329
4824,33330
4824,33331
4824,33332
4824,33333
4824,33334
4824,33335
4824,33336
4824,33337
4824,33338
4824,33339
4824,33340
4824,33341
4824,33342
4824,33343
4824,33344
4824,33345
4824,33346
4824,33347
4824,33348
4824,33349
4824,33350
4824,33351
4824,33352
4824,33353
4824,33354
4824,33355
4824,33356
4824,33357
4824,33358
4824,33359
4824,33360
4824,33361
4824,33362
4824,33363
4824,33364
4824,33365
4824,33366
4824,33367
4824,33368
4824,33369
4824,33370
4824,33371
4824,33372
4824,33373
4824,33374
4824,33375
4824,33376
4824,33377
4824,33378
4824,33379
4824,33380
4824,33381
4824,33382
4824,33383
4824,33384
4824,33385
4824,33386
4824,33387
4824,33388
4824,33389
4824,33390
4824,33391
4824,33392
4824,33393
4824,33394
4824,33395
4824,33396
4824,33397
4824,33398
4824,33399
4824,33400
4824,33401
4824,33402
4824,33403
4824,33404
4824,33405
4824,33406
4824,33407
4824,33408
4824,33409
4824,33410
4824,33411
4824,33412
4824,33413
4824,33414
4824,33415
4824,33416
4824,33417
4824,33418
4824,33419
4824,33420
4824,33421
4824,33422
4824,33423
4824,33424
4824,33425
4824,33426
4824,33427
4824,33428
4824,33429
4824,33430
4824,33431
4824,33432
4824,33433
4824,33434
4824,33435
4824,33436
4824,33437
4824,33438
4824,33439
4824,33440
4824,33441
4824,33442
4824,33443
4824,33444
4824,33445
4824,33446
4824,33447
4824,33448
4824,33449
4824,33450
4824,33451
4824,33452
4824,33453
4824,33454
4824,33455
4824,33456
4824,33457
4824,33458
4824,33459
4824,33460
4824,33461
4824,33462
4824,33463
4824,33464
4824,33465
4824,33466
4824,33467
4824,33468
4824,33469
4824,33470
4824,33471
4824,33472
4824,33473
4824,33474
4824,33475
4824,33476
4824,33477
4824,33478
4824,33479
4824,33480
4824,33481
4824,33482
4824,33483
4824,33484
4824,33485
4824,33486
4824,33487
4824,33488
4824,33489
4824,33490
4824,33491
4824,33492
4824,33493
4824,33494
4824,33495
4824,33496
4824,33497
4824,33498
4824,33499
4824,33500
4824,33501
4824,33502
4824,33503
4824,33504
4824,33505
4824,33506
4824,33507
4824,33508
4824,33509
4824,33510
4824,33511
4824,33512
4824,33513
4824,33514
4824,33515
4824,33516
4824,33566
4824,33567
4824,33568
4824,33569
4824,33570
4824,33571
4824,33572
4825,33316
4825,33317
4825,33318
4825,33319
4825,33320
4825,33321
4825,33322
4825,33323
4825,33324
4825,33325
4825,33326
4825,33327
4825,33328
4825,33329
4825,33330
4825,33331
4825,33332
4825,33333
4825,33334
4825,33335
4825,33336
4825,33337
4825,33338
4825,33339
4825,33340
4825,33341
4825,33342
4825,33343
4825,33344
4825,33345
4825,33346
4825,33347
4825,33348
4825,33349
4825,33350
4825,33351
4825,33352
4825,33353
4825,33354
4825,33355
4825,33356
4825,33357
4825,33358
4825,33359
4825,33360
4825,33361
4825,33362
4825,33363
4825,33364
4825,33365
4825,33366
4825,33367
4825,33368
4825,33369
4825,33370
4825,33371
4825,33372
4825,33373
4825,33374
4825,33375
4825,33376
4825,33377
4825,33378
4825,33379
4825,33380
4825,33381
4825,33382
4825,33383
4825,33384
4825,33385
4825,33386
4825,33387
4825,33388
4825,33389
4825,33390
4825,33391
4825,33392
4825,33393
4825,33394
4825,33395
4825,33396
4825,33397
4825,33398
4825,33399
4825,33400
4825,33401
4825,33402
4825,33403
4825,33404
4825,33405
4825,33406
4825,33407
4825,33408
4825,33409
4825,33410
4825,33411
4825,33412
4825,33413
4825,33414
4825,33415
4825,33416
4825,33417
4825,33418
4825,33419
4825,33420
4825,33421
4825,33422
4825,33423
4825,33424
4825,33425
4825,33426
4825,33427
4825,33428
4825,33429
4825,33430
4825,33431
4825,33432
4825,33433
4825,33434
4825,33435
4825,33436
4825,33437
4825,33438
4825,33439
4825,33440
4825,33441
4825,33442
4825,33443
4825,33444
4825,33445
4825,33446
4825,33447
4825,33448
4825,33449
4825,33450
4825,33451
4825,33452
4825,33453
4825,33454
4825,33455
4825,33456
4825,33457
4825,33458
4825,33459
4825,33460
4825,33461
4825,33462
4825,33463
4825,33464
4825,33465
4825,33466
4825,33467
4825,33468
4825,33469
4825,33470
4825,33471
4825,33472
4825,33473
4825,33474
4825,33475
4825,33476
4825,33477
4825,33478
4825,33479
4825,33480
4825,33481
4825,33482
4825,33483
4825,33484
4825,33485
4825,33486
4825,33487
4825,33488
4825,33489
4825,33490
4825,33491
4825,33492
4825,33493
4825,33494
4825,33495
4825,33496
4825,33497
4825,33498
4825,33499
4825,33500
4825,33501
4825,33502
4825,33503
4825,33504
4825,33505
4825,33506
4825,33507
4825,33508
4825,33509
4825,33510
4825,33511
4825,33512
4825,33513
4825,33514
4825,33515
4825,33569
4826,33316
4826,33317
4826,33318
4826,33319
4826,33320
4826,33321
4826,33322
4826,33323
4826,33324
4826,33325
4826,33326
4826,33327
4826,33328
4826,33329
4826,33330
4826,33331
4826,33332
4826,33333
4826,33334
4826,33335
4826,33336
4826,33337
4826,33338
4826,33339
4826,33340
4826,33341
4826,33342
4826,33343
4826,33344
4826,33345
4826,33346
4826,33347
4826,33348
4826,33349
4826,33350
4826,33351
4826,33352
4826,33353
4826,33354
4826,33355
4826,33356
4826,33357
4826,33358
4826,33359
4826,33360
4826,33361
4826,33362
4826,33363
4826,33364
4826,33365
4826,33366
4826,33367
4826,33368
4826,33369
4826,33370
4826,33371
4826,33372
4826,33373
4826,33374
4826,33375
4826,33376
4826,33377
4826,33378
4826,33379
4826,33380
4826,33381
4826,33382
4826,33383
4826,33384
4826,33385
4826,33386
4826,33387
4826,33388
4826,33389
4826,33390
4826,33391
4826,33392
4826,33393
4826,33394
4826,33395
4826,33396
4826,33397
4826,33398
4826,33399
4826,33400
4826,33401
4826,33402
4826,33403
4826,33404
4826,33405
4826,33406
4826,33407
4826,33408
4826,33409
4826,33410
4826,33411
4826,33412
4826,33413
4826,33414
4826,33415
4826,33416
4826,33417
4826,33418
4826,33419
4826,33420
4826,33421
4826,33422
4826,33423
4826,33424
4826,33425
4826,33426
4826,33427
4826,33428
4826,33429
4826,33430
4826,33431
4826,33432
4826,33433
4826,33434
4826,33435
4826,33436
4826,33437
4826,33438
4826,33439
4826,33440
4826,33441
4826,33442
4826,33443
4826,33444
4826,33445
4826,33446
4826,33447
4826,33448
4826,33449
4826,33450
4826,33451
4826,33452
4826,33453
4826,33454
4826,33455
4826,33456
4826,33457
4826,33458
4826,33459
4826,33460
4826,33461
4826,33462
4826,33463
4826,33464
4826,33465
4826,33466
4826,33467
4826,33468
4826,33469
4826,33470
4826,33471
4826,33472
4826,33473
4826,33474
4826,33475
4826,33476
4826,33477
4826,33478
4826,33479
4826,33480
4826,33481
4826,33482
4826,33483
4826,33484
4826,33485
4826,33486
4826,33487
4826,33488
4826,33489
4826,33490
4826,33491
4826,33492
4826,33493
4826,33494
4826,33495
4826,33496
4826,33497
4826,33498
4826,33499
4826,33500
4826,33501
4826,33502
4826,33503
4826,33504
4826,33505
4826,33506
4826,33507
4826,33508
4826,33509
4826,33510
4826,33511
4826,33512
4826,33513
4826,33514
4827,33317
4827,33318
4827,33319
4827,33320
4827,33321
4827,33322
4827,33323
4827,33324
4827,33325
4827,33326
4827,33327
4827,33328
4827,33329
4827,33330
4827,33331
4827,33332
4827,33333
4827,33334
4827,33335
4827,33336
4827,33337
4827,33338
4827,33339
4827,33340
4827,33341
4827,33342
4827,33343
4827,33344
4827,33345
4827,33346
4827,33347
4827,33348
4827,33349
4827,33350
4827,33351
4827,33352
4827,33353
4827,33354
4827,33355
4827,33356
4827,33357
4827,33358
4827,33359
4827,33360
4827,33361
4827,33362
4827,33363
4827,33364
4827,33365
4827,33366
4827,33367
4827,33368
4827,33369
4827,33370
4827,33371
4827,33372
4827,33373
4827,33374
4827,33375
4827,33376
4827,33377
4827,33378
4827,33379
4827,33380
4827,33381
4827,33382
4827,33383
4827,33384
4827,33385
4827,33386
4827,33387
4827,33388
4827,33389
4827,33390
4827,33391
4827,33392
4827,33393
4827,33394
4827,33395
4827,33396
4827,33397
4827,33398
4827,33399
4827,33400
4827,33401
4827,33402
4827,33403
4827,33404
4827,33405
4827,33406
4827,33407
4827,33408
4827,33409
4827,33410
4827,33411
4827,33412
4827,33413
4827,33414
4827,33415
4827,33416
4827,33417
4827,33418
4827,33419
4827,33420
4827,33421
4827,33422
4827,33423
4827,33424
4827,33425
4827,33426
4827,33427
4827,33428
4827,33429
4827,33430
4827,33431
4827,33432
4827,33433
4827,33434
4827,33435
4827,33436
4827,33437
4827,33438
4827,33439
4827,33440
4827,33441
4827,33442
4827,33443
4827,33444
4827,33445
4827,33446
4827,33447
4827,33448
4827,33449
4827,33450
4827,33451
4827,33452
4827,33453
4827,33454
4827,33455
4827,33456
4827,33457
4827,33458
4827,33459
4827,33460
4827,33461
4827,33462
4827,33463
4827,33464
4827,33465
4827,33466
4827,33467
4827,33468
4827,33469
4827,33470
4827,33471
4827,33472
4827,33473
4827,33474
4827,33475
4827,33476
4827,33477
4827,33478
4827,33479
4827,33480
4827,33481
4827,33482
4827,33483
4827,33484
4827,33485
4827,33486
4827,33487
4827,33488
4827,33489
4827,33490
4827,33491
4827,33492
4827,33493
4827,33494
4827,33495
4827,33496
4827,33497
4827,33498
4827,33499
4827,33500
4827,33501
4827,33502
4827,33503
4827,33504
4827,33505
4827,33506
4827,33507
4827,33508
4827,33509
4827,33510
4827,33511
4827,33512
4827,33513
4828,33318
4828,33319
4828,33320
4828,33321
4828,33322
4828,33323
4828,33324
4828,33325
4828,33326
4828,33327
4828,33328
4828,33329
4828,33330
4828,33331
4828,33332
4828,33333
4828,33334
4828,33335
4828,33336
4828,33337
4828,33338
4828,33339
4828,33340
4828,33341
4828,33342
4828,33343
4828,33344
4828,33345
4828,33346
4828,33347
4828,33348
4828,33349
4828,33350
4828,33351
4828,33352
4828,33353
4828,33354
4828,33355
4828,33356
4828,33357
4828,33358
4828,33359
4828,33360
4828,33361
4828,33362
4828,33363
4828,33364
4828,33365
4828,33366
4828,33367
4828,33368
4828,33369
4828,33370
4828,33371
4828,33372
4828,33373
4828,33374
4828,33375
4828,33376
4828,33377
4828,33378
4828,33379
4828,33380
4828,33381
4828,33382
4828,33383
4828,33384
4828,33385
4828,33386
4828,33387
4828,33388
4828,33389
4828,33390
4828,33391
4828,33392
4828,33393
4828,33394
4828,33395
4828,33396
4828,33397
4828,33398
4828,33399
4828,33400
4828,33401
4828,33402
4828,33403
4828,33404
4828,33405
4828,33406
4828,33407
4828,33408
4828,33409
4828,33410
4828,33411
4828,33412
4828,33413
4828,33414
4828,33415
4828,33416
4828,33417
4828,33418
4828,33419
4828,33420
4828,33421
4828,33422
4828,33423
4828,33424
4828,33425
4828,33426
4828,33427
4828,33428
4828,33429
4828,33430
4828,33431
4828,33432
4828,33433
4828,33434
4828,33435
4828,33436
4828,33437
4828,33438
4828,33439
4828,33440
4828,33441
4828,33442
4828,33443
4828,33444
4828,33445
4828,33446
4828,33447
4828,33448
4828,33449
4828,33450
4828,33451
4828,33452
4828,33453
4828,33454
4828,33455
4828,33456
4828,33457
4828,33458
4828,33459
4828,33460
4828,33461
4828,33462
4828,33463
4828,33464
4828,33465
4828,33466
4828,33467
4828,33468
4828,33469
4828,33470
4828,33471
4828,33472
4828,33473
4828,33474
4828,33475
4828,33476
4828,33477
4828,33478
4828,33479
4828,33480
4828,33481
4828,33482
4828,33483
4828,33484
4828,33485
4828,33486
4828,33487
4828,33488
4828,33489
4828,33490
4828,33491
4828,33492
4828,33493
4828,33494
4828,33495
4828,33496
4828,33497
4828,33498
4828,33499
4828,33500
4828,33501
4828,33502
4828,33503
4828,33504
4828,33505
4828,33506
4828,33507
4828,33508
4828,33509
4828,33510
4828,33511
4828,33512
4829,33320
4829,33321
4829,33322
4829,33323
4829,33324
4829,33325
4829,33326
4829,33327
4829,33328
4829,33329
4829,33330
4829,33331
4829,33332
4829,33333
4829,33334
4829,33335
4829,33336
4829,33337
4829,33338
4829,33339
4829,33340
4829,33341
4829,33342
4829,33343
4829,33344
4829,33345
4829,33346
4829,33347
4829,33348
4829,33349
4829,33350
4829,33351
4829,33352
4829,33353
4829,33354
4829,33355
4829,33356
4829,33357
4829,33358
4829,33359
4829,33360
4829,33361
4829,33362
4829,33363
4829,33364
4829,33365
4829,33366
4829,33367
4829,33368
4829,33369
4829,33370
4829,33371
4829,33372
4829,33373
4829,33374
4829,33375
4829,33376
4829,33377
4829,33378
4829,33379
4829,33380
4829,33381
4829,33382
4829,33383
4829,33384
4829,33385
4829,33386
4829,33387
4829,33388
4829,33389
4829,33390
4829,33391
4829,33392
4829,33393
4829,33394
4829,33395
4829,33396
4829,33397
4829,33398
4829,33399
4829,33400
4829,33401
4829,33402
4829,33403
4829,33404
4829,33405
4829,33406
4829,33407
4829,33408
4829,33409
4829,33410
4829,33411
4829,33412
4829,33413
4829,33414
4829,33415
4829,33416
4829,33417
4829,33418
4829,33419
4829,33420
4829,33421
4829,33422
4829,33423
4829,33424
4829,33425
4829,33426
4829,33427
4829,33428
4829,33429
4829,33430
4829,33431
4829,33432
4829,33433
4829,33434
4829,33435
4829,33436
4829,33437
4829,33438
4829,33439
4829,33440
4829,33441
4829,33442
4829,33443
4829,33444
4829,33445
4829,33446
4829,33447
4829,33448
4829,33449
4829,33450
4829,33451
4829,33452
4829,33453
4829,33454
4829,33455
4829,33456
4829,33457
4829,33458
4829,33459
4829,33460
4829,33461
4829,33462
4829,33463
4829,33464
4829,33465
4829,33466
4829,33467
4829,33468
4829,33469
4829,33470
4829,33471
4829,33472
4829,33473
4829,33474
4829,33475
4829,33476
4829,33477
4829,33478
4829,33479
4829,33480
4829,33481
4829,33482
4829,33483
4829,33484
4829,33485
4829,33486
4829,33487
4829,33488
4829,33489
4829,33490
4829,33491
4829,33492
4829,33493
4829,33494
4829,33495
4829,33496
4829,33497
4829,33498
4829,33499
4829,33500
4829,33501
4829,33502
4829,33503
4829,33504
4829,33505
4829,33506
4829,33507
4829,33508
4829,33509
4829,33510
4829,33511
4830,33324
4830,33325
4830,33326
4830,33327
4830,33328
4830,33329
4830,33330
4830,33331
4830,33332
4830,33333
4830,33334
4830,33335
4830,33336
4830,33337
4830,33338
4830,33339
4830,33340
4830,33341
4830,33342
4830,33343
4830,33344
4830,33345
4830,33346
4830,33347
4830,33348
4830,33349
4830,33350
4830,33351
4830,33352
4830,33353
4830,33354
4830,33355
4830,33356
4830,33357
4830,33358
4830,33359
4830,33360
4830,33361
4830,33362
4830,33363
4830,33364
4830,33365
4830,33366
4830,33367
4830,33368
4830,33369
4830,33370
4830,33371
4830,33372
4830,33373
4830,33374
4830,33375
4830,33376
4830,33377
4830,33378
4830,33379
4830,33380
4830,33381
4830,33382
4830,33383
4830,33384
4830,33385
4830,33386
4830,33387
4830,33388
4830,33389
4830,33390
4830,33391
4830,33392
4830,33393
4830,33394
4830,33395
4830,33396
4830,33397
4830,33398
4830,33399
4830,33400
4830,33401
4830,33402
4830,33403
4830,33404
4830,33405
4830,33406
4830,33407
4830,33408
4830,33409
4830,33410
4830,33411
4830,33412
4830,33413
4830,33414
4830,33415
4830,33416
4830,33417
4830,33418
4830,33419
4830,33420
4830,33421
4830,33422
4830,33423
4830,33424
4830,33425
4830,33426
4830,33427
4830,33428
4830,33429
4830,33430
4830,33431
4830,33432
4830,33433
4830,33434
4830,33435
4830,33436
4830,33437
4830,33438
4830,33439
4830,33440
4830,33441
4830,33442
4830,33443
4830,33444
4830,33445
4830,33446
4830,33447
4830,33448
4830,33449
4830,33450
4830,33451
4830,33452
4830,33453
4830,33454
4830,33455
4830,33456
4830,33457
4830,33458
4830,33459
4830,33460
4830,33461
4830,33462
4830,33463
4830,33464
4830,33465
4830,33466
4830,33467
4830,33468
4830,33469
4830,33470
4830,33471
4830,33472
4830,33473
4830,33474
4830,33475
4830,33476
4830,33477
4830,33478
4830,33479
4830,33480
4830,33481
4830,33482
4830,33483
4830,33484
4830,33485
4830,33486
4830,33487
4830,33488
4830,33489
4830,33490
4830,33491
4830,33492
4830,33493
4830,33494
4830,33495
4830,33496
4830,33497
4830,33498
4830,33499
4830,33500
4830,33501
4830,33502
4830,33503
4830,33504
4830,33505
4830,33506
4830,33507
4830,33508
4830,33509
4831,33325
4831,33326
4831,33327
4831,33328
4831,33329
4831,33330
4831,33331
4831,33332
4831,33333
4831,33334
4831,33335
4831,33336
4831,33337
4831,33338
4831,33339
4831,33340
4831,33341
4831,33342
4831,33343
4831,33344
4831,33345
4831,33346
4831,33347
4831,33348
4831,33349
4831,33350
4831,33351
4831,33352
4831,33353
4831,33354
4831,33355
4831,33356
4831,33357
4831,33358
4831,33359
4831,33360
4831,33361
4831,33362
4831,33363
4831,33364
4831,33365
4831,33366
4831,33367
4831,33368
4831,33369
4831,33370
4831,33371
4831,33372
4831,33373
4831,33374
4831,33375
4831,33376
4831,33377
4831,33378
4831,33379
4831,33380
4831,33381
4831,33382
4831,33383
4831,33384
4831,33385
4831,33386
4831,33387
4831,33388
4831,33389
4831,33390
4831,33391
4831,33392
4831,33393
4831,33394
4831,33395
4831,33396
4831,33397
4831,33398
4831,33399
4831,33400
4831,33401
4831,33402
4831,33403
4831,33404
4831,33405
4831,33406
4831,33407
4831,33408
4831,33409
4831,33410
4831,33411
4831,33412
4831,33413
4831,33414
4831,33415
4831,33416
4831,33417
4831,33418
4831,33419
4831,33420
4831,33421
4831,33422
4831,33423
4831,33424
4831,33425
4831,33426
4831,33427
4831,33428
4831,33429
4831,33430
4831,33431
4831,33432
4831,33433
4831,33434
4831,33435
4831,33436
4831,33437
4831,33438
4831,33439
4831,33440
4831,33441
4831,33442
4831,33443
4831,33444
4831,33445
4831,33446
4831,33447
4831,33448
4831,33449
4831,33450
4831,33451
4831,33452
4831,33453
4831,33454
4831,33455
4831,33456
4831,33457
4831,33458
4831,33459
4831,33460
4831,33461
4831,33462
4831,33463
4831,33464
4831,33465
4831,33466
4831,33467
4831,33468
4831,33469
4831,33470
4831,33471
4831,33472
4831,33473
4831,33474
4831,33475
4831,33476
4831,33477
4831,33478
4831,33479
4831,33480
4831,33481
4831,33482
4831,33483
4831,33484
4831,33485
4831,33486
4831,33487
4831,33488
4831,33489
4831,33490
4831,33491
4831,33492
4831,33493
4831,33494
4831,33495
4831,33496
4831,33497
4831,33498
4831,33499
4831,33500
4831,33501
4831,33502
4831,33503
4831,33504
4831,33505
4831,33506
4831,33507
4831,33508
4832,33325
4832,33326
4832,33327
4832,33328
4832,33329
4832,33330
4832,33331
4832,33332
4832,33333
4832,33334
4832,33335
4832,33336
4832,33337
4832,33338
4832,33339
4832,33340
4832,33341
4832,33342
4832,33343
4832,33344
4832,33345
4832,33346
4832,33347
4832,33348
4832,33349
4832,33350
4832,33351
4832,33352
4832,33353
4832,33354
4832,33355
4832,33356
4832,33357
4832,33358
4832,33359
4832,33360
4832,33361
4832,33362
4832,33363
4832,33364
4832,33365
4832,33366
4832,33367
4832,33368
4832,33369
4832,33370
4832,33371
4832,33372
4832,33373
4832,33374
4832,33375
4832,33376
4832,33377
4832,33378
4832,33379
4832,33380
4832,33381
4832,33382
4832,33383
4832,33384
4832,33385
4832,33386
4832,33387
4832,33388
4832,33389
4832,33390
4832,33391
4832,33392
4832,33393
4832,33394
4832,33395
4832,33396
4832,33397
4832,33398
4832,33399
4832,33400
4832,33401
4832,33402
4832,33403
4832,33404
4832,33405
4832,33406
4832,33407
4832,33408
4832,33409
4832,33410
4832,33411
4832,33412
4832,33413
4832,33414
4832,33415
4832,33416
4832,33417
4832,33418
4832,33419
4832,33420
4832,33421
4832,33422
4832,33423
4832,33424
4832,33425
4832,33426
4832,33427
4832,33428
4832,33429
4832,33430
4832,33431
4832,33432
4832,33433
4832,33434
4832,33435
4832,33436
4832,33437
4832,33438
4832,33439
4832,33440
4832,33441
4832,33442
4832,33443
4832,33444
4832,33445
4832,33446
4832,33447
4832,33448
4832,33449
4832,33450
4832,33451
4832,33452
4832,33453
4832,33454
4832,33455
4832,33456
4832,33457
4832,33458
4832,33459
4832,33460
4832,33461
4832,33462
4832,33463
4832,33464
4832,33465
4832,33466
4832,33467
4832,33468
4832,33469
4832,33470
4832,33471
4832,33472
4832,33473
4832,33474
4832,33475
4832,33476
4832,33477
4832,33478
4832,33479
4832,33480
4832,33481
4832,33482
4832,33483
4832,33484
4832,33485
4832,33486
4832,33487
4832,33488
4832,33489
4832,33490
4832,33491
4832,33492
4832,33493
4832,33494
4832,33495
4832,33496
4832,33497
4832,33498
4832,33499
4832,33500
4832,33501
4832,33502
4832,33503
4832,33504
4832,33505
4832,33506
4833,33326
4833,33327
4833,33328
4833,33329
4833,33330
4833,33331
4833,33332
4833,33333
4833,33334
4833,33335
4833,33336
4833,33337
4833,33338
4833,33339
4833,33340
4833,33341
4833,33342
4833,33343
4833,33344
4833,33345
4833,33346
4833,33347
4833,33348
4833,33349
4833,33350
4833,33351
4833,33352
4833,33353
4833,33354
4833,33355
4833,33356
4833,33357
4833,33358
4833,33359
4833,33360
4833,33361
4833,33362
4833,33363
4833,33364
4833,33365
4833,33366
4833,33367
4833,33368
4833,33369
4833,33370
4833,33371
4833,33372
4833,33373
4833,33374
4833,33375
4833,33376
4833,33377
4833,33378
4833,33379
4833,33380
4833,33381
4833,33382
4833,33383
4833,33384
4833,33385
4833,33386
4833,33387
4833,33388
4833,33389
4833,33390
4833,33391
4833,33392
4833,33393
4833,33394
4833,33395
4833,33396
4833,33397
4833,33398
4833,33399
4833,33400
4833,33401
4833,33402
4833,33403
4833,33404
4833,33405
4833,33406
4833,33407
4833,33408
4833,33409
4833,33410
4833,33411
4833,33412
4833,33413
4833,33414
4833,33415
4833,33416
4833,33417
4833,33418
4833,33419
4833,33420
4833,33421
4833,33422
4833,33423
4833,33424
4833,33425
4833,33426
4833,33427
4833,33428
4833,33429
4833,33430
4833,33431
4833,33432
4833,33433
4833,33434
4833,33435
4833,33436
4833,33437
4833,33438
4833,33439
4833,33440
4833,33441
4833,33442
4833,33443
4833,33444
4833,33445
4833,33446
4833,33447
4833,33448
4833,33449
4833,33450
4833,33451
4833,33452
4833,33453
4833,33454
4833,33455
4833,33456
4833,33457
4833,33458
4833,33459
4833,33460
4833,33461
4833,33462
4833,33463
4833,33464
4833,33465
4833,33466
4833,33467
4833,33468
4833,33469
4833,33470
4833,33471
4833,33472
4833,33473
4833,33474
4833,33475
4833,33476
4833,33477
4833,33478
4833,33479
4833,33480
4833,33481
4833,33482
4833,33483
4833,33484
4833,33485
4833,33486
4833,33487
4833,33488
4833,33489
4833,33490
4833,33491
4833,33492
4833,33493
4833,33494
4833,33495
4833,33496
4833,33497
4833,33498
4833,33499
4833,33500
4833,33501
4833,33502
4833,33503
4833,33504
4833,33505
4834,33327
4834,33328
4834,33329
4834,33330
4834,33331
4834,33332
4834,33333
4834,33334
4834,33335
4834,33336
4834,33337
4834,33338
4834,33339
4834,33340
4834,33341
4834,33342
4834,33343
4834,33344
4834,33345
4834,33346
4834,33347
4834,33348
4834,33349
4834,33350
4834,33351
4834,33352
4834,33353
4834,33354
4834,33355
4834,33356
4834,33357
4834,33358
4834,33359
4834,33360
4834,33361
4834,33362
4834,33363
4834,33364
4834,33365
4834,33366
4834,33367
4834,33368
4834,33369
4834,33370
4834,33371
4834,33372
4834,33373
4834,33374
4834,33375
4834,33376
4834,33377
4834,33378
4834,33379
4834,33380
4834,33381
4834,33382
4834,33383
4834,33384
4834,33385
4834,33386
4834,33387
4834,33388
4834,33389
4834,33390
4834,33391
4834,33392
4834,33393
4834,33394
4834,33395
4834,33396
4834,33397
4834,33398
4834,33399
4834,33400
4834,33401
4834,33402
4834,33403
4834,33404
4834,33405
4834,33406
4834,33407
4834,33408
4834,33409
4834,33410
4834,33411
4834,33412
4834,33413
4834,33414
4834,33415
4834,33416
4834,33417
4834,33418
4834,33419
4834,33420
4834,33421
4834,33422
4834,33423
4834,33424
4834,33425
4834,33426
4834,33427
4834,33428
4834,33429
4834,33430
4834,33431
4834,33432
4834,33433
4834,33434
4834,33435
4834,33436
4834,33437
4834,33438
4834,33439
4834,33440
4834,33441
4834,33442
4834,33443
4834,33444
4834,33445
4834,33446
4834,33447
4834,33448
4834,33449
4834,33450
4834,33451
4834,33452
4834,33453
4834,33454
4834,33455
4834,33456
4834,33457
4834,33458
4834,33459
4834,33460
4834,33461
4834,33462
4834,33463
4834,33464
4834,33465
4834,33466
4834,33467
4834,33468
4834,33469
4834,33470
4834,33471
4834,33472
4834,33473
4834,33474
4834,33475
4834,33476
4834,33477
4834,33478
4834,33479
4834,33480
4834,33481
4834,33482
4834,33483
4834,33484
4834,33485
4834,33486
4834,33487
4834,33488
4834,33489
4834,33490
4834,33491
4834,33492
4834,33493
4834,33494
4834,33495
4834,33496
4834,33497
4834,33498
4834,33499
4834,33500
4834,33501
4834,33502
4834,33503
4834,33504
4835,33328
4835,33329
4835,33330
4835,33331
4835,33332
4835,33333
4835,33334
4835,33335
4835,33336
4835,33337
4835,33338
4835,33339
4835,33340
4835,33341
4835,33342
4835,33343
4835,33344
4835,33345
4835,33346
4835,33347
4835,33348
4835,33349
4835,33350
4835,33351
4835,33352
4835,33353
4835,33354
4835,33355
4835,33356
4835,33357
4835,33358
4835,33359
4835,33360
4835,33361
4835,33362
4835,33363
4835,33364
4835,33365
4835,33366
4835,33367
4835,33368
4835,33369
4835,33370
4835,33371
4835,33372
4835,33373
4835,33374
4835,33375
4835,33376
4835,33377
4835,33378
4835,33379
4835,33380
4835,33381
4835,33382
4835,33383
4835,33384
4835,33385
4835,33386
4835,33387
4835,33388
4835,33389
4835,33390
4835,33391
4835,33392
4835,33393
4835,33394
4835,33395
4835,33396
4835,33397
4835,33398
4835,33399
4835,33400
4835,33401
4835,33402
4835,33403
4835,33404
4835,33405
4835,33406
4835,33407
4835,33408
4835,33409
4835,33410
4835,33411
4835,33412
4835,33413
4835,33414
4835,33415
4835,33416
4835,33417
4835,33418
4835,33419
4835,33420
4835,33421
4835,33422
4835,33423
4835,33424
4835,33425
4835,33426
4835,33427
4835,33428
4835,33429
4835,33430
4835,33431
4835,33432
4835,33433
4835,33434
4835,33435
4835,33436
4835,33437
4835,33438
4835,33439
4835,33440
4835,33441
4835,33442
4835,33443
4835,33444
4835,33445
4835,33446
4835,33447
4835,33448
4835,33449
4835,33450
4835,33451
4835,33452
4835,33453
4835,33454
4835,33455
4835,33456
4835,33457
4835,33458
4835,33459
4835,33460
4835,33461
4835,33462
4835,33463
4835,33464
4835,33465
4835,33466
4835,33467
4835,33468
4835,33469
4835,33470
4835,33471
4835,33472
4835,33473
4835,33474
4835,33475
4835,33476
4835,33477
4835,33478
4835,33479
4835,33480
4835,33481
4835,33482
4835,33483
4835,33484
4835,33485
4835,33486
4835,33487
4835,33488
4835,33489
4835,33490
4835,33491
4835,33492
4835,33493
4835,33494
4835,33495
4835,33496
4835,33497
4835,33498
4835,33499
4835,33500
4835,33501
4835,33502
4836,33331
4836,33332
4836,33333
4836,33334
4836,33335
4836,33336
4836,33337
4836,33338
4836,33339
4836,33340
4836,33341
4836,33342
4836,33343
4836,33344
4836,33345
4836,33346
4836,33347
4836,33348
4836,33349
4836,33350
4836,33351
4836,33352
4836,33353
4836,33354
4836,33355
4836,33356
4836,33357
4836,33358
4836,33359
4836,33360
4836,33361
4836,33362
4836,33363
4836,33364
4836,33365
4836,33366
4836,33367
4836,33368
4836,33369
4836,33370
4836,33371
4836,33372
4836,33373
4836,33374
4836,33375
4836,33376
4836,33377
4836,33378
4836,33379
4836,33380
4836,33381
4836,33382
4836,33383
4836,33384
4836,33385
4836,33386
4836,33387
4836,33388
4836,33389
4836,33390
4836,33391
4836,33392
4836,33393
4836,33394
4836,33395
4836,33396
4836,33397
4836,33398
4836,33399
4836,33400
4836,33401
4836,33402
4836,33403
4836,33404
4836,33405
4836,33406
4836,33407
4836,33408
4836,33409
4836,33410
4836,33411
4836,33412
4836,33413
4836,33414
4836,33415
4836,33416
4836,33417
4836,33418
4836,33419
4836,33420
4836,33421
4836,33422
4836,33423
4836,33424
4836,33425
4836,33426
4836,33427
4836,33428
4836,33429
4836,33430
4836,33431
4836,33432
4836,33433
4836,33434
4836,33435
4836,33436
4836,33437
4836,33438
4836,33439
4836,33440
4836,33441
4836,33442
4836,33443
4836,33444
4836,33445
4836,33446
4836,33447
4836,33448
4836,33449
4836,33450
4836,33451
4836,33452
4836,33453
4836,33454
4836,33455
4836,33456
4836,33457
4836,33458
4836,33459
4836,33460
4836,33461
4836,33462
4836,33463
4836,33464
4836,33465
4836,33466
4836,33467
4836,33468
4836,33469
4836,33470
4836,33471
4836,33472
4836,33473
4836,33474
4836,33475
4836,33476
4836,33477
4836,33478
4836,33479
4836,33480
4836,33481
4836,33482
4836,33483
4836,33484
4836,33485
4836,33486
4836,33487
4836,33488
4836,33489
4836,33490
4836,33491
4836,33492
4836,33493
4836,33494
4836,33495
4836,33496
4836,33497
4836,33498
4836,33499
4836,33500
4836,33501
4837,33332
4837,33333
4837,33334
4837,33335
4837,33336
4837,33337
4837,33338
4837,33339
4837,33340
4837,33341
4837,33342
4837,33343
4837,33344
4837,33345
4837,33346
4837,33347
4837,33348
4837,33349
4837,33350
4837,33351
4837,33352
4837,33353
4837,33354
4837,33355
4837,33356
4837,33357
4837,33358
4837,33359
4837,33360
4837,33361
4837,33362
4837,33363
4837,33364
4837,33365
4837,33366
4837,33367
4837,33368
4837,33369
4837,33370
4837,33371
4837,33372
4837,33373
4837,33374
4837,33375
4837,33376
4837,33377
4837,33378
4837,33379
4837,33380
4837,33381
4837,33382
4837,33383
4837,33384
4837,33385
4837,33386
4837,33387
4837,33388
4837,33389
4837,33390
4837,33391
4837,33392
4837,33393
4837,33394
4837,33395
4837,33396
4837,33397
4837,33398
4837,33399
4837,33400
4837,33401
4837,33402
4837,33403
4837,33404
4837,33405
4837,33406
4837,33407
4837,33408
4837,33409
4837,33410
4837,33411
4837,33412
4837,33413
4837,33414
4837,33415
4837,33416
4837,33417
4837,33418
4837,33419
4837,33420
4837,33421
4837,33422
4837,33423
4837,33424
4837,33425
4837,33426
4837,33427
4837,33428
4837,33429
4837,33430
4837,33431
4837,33432
4837,33433
4837,33434
4837,33435
4837,33436
4837,33437
4837,33438
4837,33439
4837,33440
4837,33441
4837,33442
4837,33443
4837,33444
4837,33445
4837,33446
4837,33447
4837,33448
4837,33449
4837,33450
4837,33451
4837,33452
4837,33453
4837,33454
4837,33455
4837,33456
4837,33457
4837,33458
4837,33459
4837,33460
4837,33461
4837,33462
4837,33463
4837,33464
4837,33465
4837,33466
4837,33467
4837,33468
4837,33469
4837,33470
4837,33471
4837,33472
4837,33473
4837,33474
4837,33475
4837,33476
4837,33477
4837,33478
4837,33479
4837,33480
4837,33481
4837,33482
4837,33483
4837,33484
4837,33485
4837,33486
4837,33487
4837,33488
4837,33489
4837,33490
4837,33491
4837,33492
4837,33493
4837,33494
4837,33495
4837,33496
4837,33497
4837,33498
4837,33499
4837,33500
4838,33333
4838,33334
4838,33335
4838,33336
4838,33337
4838,33338
4838,33339
4838,33340
4838,33341
4838,33342
4838,33343
4838,33344
4838,33345
4838,33346
4838,33347
4838,33348
4838,33349
4838,33350
4838,33351
4838,33352
4838,33353
4838,33354
4838,33355
4838,33356
4838,33357
4838,33358
4838,33359
4838,33360
4838,33361
4838,33362
4838,33363
4838,33364
4838,33365
4838,33366
4838,33367
4838,33368
4838,33369
4838,33370
4838,33371
4838,33372
4838,33373
4838,33374
4838,33375
4838,33376
4838,33377
4838,33378
4838,33379
4838,33380
4838,33381
4838,33382
4838,33383
4838,33384
4838,33385
4838,33386
4838,33387
4838,33388
4838,33389
4838,33390
4838,33391
4838,33392
4838,33393
4838,33394
4838,33395
4838,33396
4838,33397
4838,33398
4838,33399
4838,33400
4838,33401
4838,33402
4838,33403
4838,33404
4838,33405
4838,33406
4838,33407
4838,33408
4838,33409
4838,33410
4838,33411
4838,33412
4838,33413
4838,33414
4838,33415
4838,33416
4838,33417
4838,33418
4838,33419
4838,33420
4838,33421
4838,33422
4838,33423
4838,33424
4838,33425
4838,33426
4838,33427
4838,33428
4838,33429
4838,33430
4838,33431
4838,33432
4838,33433
4838,33434
4838,33435
4838,33436
4838,33437
4838,33438
4838,33439
4838,33440
4838,33441
4838,33442
4838,33443
4838,33444
4838,33445
4838,33446
4838,33447
4838,33448
4838,33449
4838,33450
4838,33451
4838,33452
4838,33453
4838,33454
4838,33455
4838,33456
4838,33457
4838,33458
4838,33459
4838,33460
4838,33461
4838,33462
4838,33463
4838,33464
4838,33465
4838,33466
4838,33467
4838,33468
4838,33469
4838,33470
4838,33471
4838,33472
4838,33473
4838,33474
4838,33475
4838,33476
4838,33477
4838,33478
4838,33479
4838,33480
4838,33481
4838,33482
4838,33483
4838,33484
4838,33485
4838,33486
4838,33487
4838,33488
4838,33489
4838,33490
4838,33491
4838,33492
4838,33493
4838,33494
4838,33495
4838,33496
4838,33497
4838,33498
4838,33499
4838,33500
4839,33335
4839,33336
4839,33337
4839,33338
4839,33339
4839,33340
4839,33341
4839,33342
4839,33343
4839,33344
4839,33345
4839,33346
4839,33347
4839,33348
4839,33349
4839,33350
4839,33351
4839,33352
4839,33353
4839,33354
4839,33355
4839,33356
4839,33357
4839,33358
4839,33359
4839,33360
4839,33361
4839,33362
4839,33363
4839,33364
4839,33365
4839,33366
4839,33367
4839,33368
4839,33369
4839,33370
4839,33371
4839,33372
4839,33373
4839,33374
4839,33375
4839,33376
4839,33377
4839,33378
4839,33379
4839,33380
4839,33381
4839,33382
4839,33383
4839,33384
4839,33385
4839,33386
4839,33387
4839,33388
4839,33389
4839,33390
4839,33391
4839,33392
4839,33393
4839,33394
4839,33395
4839,33396
4839,33397
4839,33398
4839,33399
4839,33400
4839,33401
4839,33402
4839,33403
4839,33404
4839,33405
4839,33406
4839,33407
4839,33408
4839,33409
4839,33410
4839,33411
4839,33412
4839,33413
4839,33414
4839,33415
4839,33416
4839,33417
4839,33418
4839,33419
4839,33420
4839,33421
4839,33422
4839,33423
4839,33424
4839,33425
4839,33426
4839,33427
4839,33428
4839,33429
4839,33430
4839,33431
4839,33432
4839,33433
4839,33434
4839,33435
4839,33436
4839,33437
4839,33438
4839,33439
4839,33440
4839,33441
4839,33442
4839,33443
4839,33444
4839,33445
4839,33446
4839,33447
4839,33448
4839,33449
4839,33450
4839,33451
4839,33452
4839,33453
4839,33454
4839,33455
4839,33456
4839,33457
4839,33458
4839,33459
4839,33460
4839,33461
4839,33462
4839,33463
4839,33464
4839,33465
4839,33466
4839,33467
4839,33468
4839,33469
4839,33470
4839,33471
4839,33472
4839,33473
4839,33474
4839,33475
4839,33476
4839,33477
4839,33478
4839,33479
4839,33480
4839,33481
4839,33482
4839,33483
4839,33484
4839,33485
4839,33486
4839,33487
4839,33488
4839,33489
4839,33490
4839,33491
4839,33492
4839,33493
4839,33494
4839,33495
4839,33496
4839,33497
4839,33498
4839,33499
4840,33337
4840,33338
4840,33339
4840,33340
4840,33341
4840,33342
4840,33343
4840,33344
4840,33345
4840,33346
4840,33347
4840,33348
4840,33349
4840,33350
4840,33351
4840,33352
4840,33353
4840,33354
4840,33355
4840,33356
4840,33357
4840,33358
4840,33359
4840,33360
4840,33361
4840,33362
4840,33363
4840,33364
4840,33365
4840,33366
4840,33367
4840,33368
4840,33369
4840,33370
4840,33371
4840,33372
4840,33373
4840,33374
4840,33375
4840,33376
4840,33377
4840,33378
4840,33379
4840,33380
4840,33381
4840,33382
4840,33383
4840,33384
4840,33385
4840,33386
4840,33387
4840,33388
4840,33389
4840,33390
4840,33391
4840,33392
4840,33393
4840,33394
4840,33395
4840,33396
4840,33397
4840,33398
4840,33399
4840,33400
4840,33401
4840,33402
4840,33403
4840,33404
4840,33405
4840,33406
4840,33407
4840,33408
4840,33409
4840,33410
4840,33411
4840,33412
4840,33413
4840,33414
4840,33415
4840,33416
4840,33417
4840,33418
4840,33419
4840,33420
4840,33421
4840,33422
4840,33423
4840,33424
4840,33425
4840,33426
4840,33427
4840,33428
4840,33429
4840,33430
4840,33431
4840,33432
4840,33433
4840,33434
4840,33435
4840,33436
4840,33437
4840,33438
4840,33439
4840,33440
4840,33441
4840,33442
4840,33443
4840,33444
4840,33445
4840,33446
4840,33447
4840,33448
4840,33449
4840,33450
4840,33451
4840,33452
4840,33453
4840,33454
4840,33455
4840,33456
4840,33457
4840,33458
4840,33459
4840,33460
4840,33461
4840,33462
4840,33463
4840,33464
4840,33465
4840,33466
4840,33467
4840,33468
4840,33469
4840,33470
4840,33471
4840,33472
4840,33473
4840,33474
4840,33475
4840,33476
4840,33477
4840,33478
4840,33479
4840,33480
4840,33481
4840,33482
4840,33483
4840,33484
4840,33485
4840,33486
4840,33487
4840,33488
4840,33489
4840,33490
4840,33491
4840,33492
4840,33493
4840,33494
4840,33495
4840,33496
4840,33497
4840,33498
4841,33338
4841,33339
4841,33340
4841,33341
4841,33342
4841,33343
4841,33344
4841,33345
4841,33346
4841,33347
4841,33348
4841,33349
4841,33350
4841,33351
4841,33352
4841,33353
4841,33354
4841,33355
4841,33356
4841,33357
4841,33358
4841,33359
4841,33360
4841,33361
4841,33362
4841,33363
4841,33364
4841,33365
4841,33366
4841,33367
4841,33368
4841,33369
4841,33370
4841,33371
4841,33372
4841,33373
4841,33374
4841,33375
4841,33376
4841,33377
4841,33378
4841,33379
4841,33380
4841,33381
4841,33382
4841,33383
4841,33384
4841,33385
4841,33386
4841,33387
4841,33388
4841,33389
4841,33390
4841,33391
4841,33392
4841,33393
4841,33394
4841,33395
4841,33396
4841,33397
4841,33398
4841,33399
4841,33400
4841,33401
4841,33402
4841,33403
4841,33404
4841,33405
4841,33406
4841,33407
4841,33408
4841,33409
4841,33410
4841,33411
4841,33412
4841,33413
4841,33414
4841,33415
4841,33416
4841,33417
4841,33418
4841,33419
4841,33420
4841,33421
4841,33422
4841,33423
4841,33424
4841,33425
4841,33426
4841,33427
4841,33428
4841,33429
4841,33430
4841,33431
4841,33432
4841,33433
4841,33434
4841,33435
4841,33436
4841,33437
4841,33438
4841,33439
4841,33440
4841,33441
4841,33442
4841,33443
4841,33444
4841,33445
4841,33446
4841,33447
4841,33448
4841,33449
4841,33450
4841,33451
4841,33452
4841,33453
4841,33454
4841,33455
4841,33456
4841,33457
4841,33458
4841,33459
4841,33460
4841,33461
4841,33462
4841,33463
4841,33464
4841,33465
4841,33466
4841,33467
4841,33468
4841,33469
4841,33470
4841,33471
4841,33472
4841,33473
4841,33474
4841,33475
4841,33476
4841,33477
4841,33478
4841,33479
4841,33480
4841,33481
4841,33482
4841,33483
4841,33484
4841,33485
4841,33486
4841,33487
4841,33488
4841,33489
4841,33490
4841,33491
4841,33492
4841,33493
4841,33494
4841,33495
4841,33496
4841,33497
4842,33339
4842,33340
4842,33341
4842,33342
4842,33343
4842,33344
4842,33345
4842,33346
4842,33347
4842,33348
4842,33349
4842,33350
4842,33351
4842,33352
4842,33353
4842,33354
4842,33355
4842,33356
4842,33357
4842,33358
4842,33359
4842,33360
4842,33361
4842,33362
4842,33363
4842,33364
4842,33365
4842,33366
4842,33367
4842,33368
4842,33369
4842,33370
4842,33371
4842,33372
4842,33373
4842,33374
4842,33375
4842,33376
4842,33377
4842,33378
4842,33379
4842,33380
4842,33381
4842,33382
4842,33383
4842,33384
4842,33385
4842,33386
4842,33387
4842,33388
4842,33389
4842,33390
4842,33391
4842,33392
4842,33393
4842,33394
4842,33395
4842,33396
4842,33397
4842,33398
4842,33399
4842,33400
4842,33401
4842,33402
4842,33403
4842,33404
4842,33405
4842,33406
4842,33407
4842,33408
4842,33409
4842,33410
4842,33411
4842,33412
4842,33413
4842,33414
4842,33415
4842,33416
4842,33417
4842,33418
4842,33419
4842,33420
4842,33421
4842,33422
4842,33423
4842,33424
4842,33425
4842,33426
4842,33427
4842,33428
4842,33429
4842,33430
4842,33431
4842,33432
4842,33433
4842,33434
4842,33435
4842,33436
4842,33437
4842,33438
4842,33439
4842,33440
4842,33441
4842,33442
4842,33443
4842,33444
4842,33445
4842,33446
4842,33447
4842,33448
4842,33449
4842,33450
4842,33451
4842,33452
4842,33453
4842,33454
4842,33455
4842,33456
4842,33457
4842,33458
4842,33459
4842,33460
4842,33461
4842,33462
4842,33463
4842,33464
4842,33465
4842,33466
4842,33467
4842,33468
4842,33469
4842,33470
4842,33471
4842,33472
4842,33473
4842,33474
4842,33475
4842,33476
4842,33477
4842,33478
4842,33479
4842,33480
4842,33481
4842,33482
4842,33483
4842,33484
4842,33485
4842,33486
4842,33487
4842,33488
4842,33489
4842,33490
4842,33491
4842,33492
4842,33493
4842,33494
4842,33495
4842,33496
4843,33341
4843,33342
4843,33343
4843,33344
4843,33345
4843,33346
4843,33347
4843,33348
4843,33349
4843,33350
4843,33351
4843,33352
4843,33353
4843,33354
4843,33355
4843,33356
4843,33357
4843,33358
4843,33359
4843,33360
4843,33361
4843,33362
4843,33363
4843,33364
4843,33365
4843,33366
4843,33367
4843,33368
4843,33369
4843,33370
4843,33371
4843,33372
4843,33373
4843,33374
4843,33375
4843,33376
4843,33377
4843,33378
4843,33379
4843,33380
4843,33381
4843,33382
4843,33383
4843,33384
4843,33385
4843,33386
4843,33387
4843,33388
4843,33389
4843,33390
4843,33391
4843,33392
4843,33393
4843,33394
4843,33395
4843,33396
4843,33397
4843,33398
4843,33399
4843,33400
4843,33401
4843,33402
4843,33403
4843,33404
4843,33405
4843,33406
4843,33407
4843,33408
4843,33409
4843,33410
4843,33411
4843,33412
4843,33413
4843,33414
4843,33415
4843,33416
4843,33417
4843,33418
4843,33419
4843,33420
4843,33421
4843,33422
4843,33423
4843,33424
4843,33425
4843,33426
4843,33427
4843,33428
4843,33429
4843,33430
4843,33431
4843,33432
4843,33433
4843,33434
4843,33435
4843,33436
4843,33437
4843,33438
4843,33439
4843,33440
4843,33441
4843,33442
4843,33443
4843,33444
4843,33445
4843,33446
4843,33447
4843,33448
4843,33449
4843,33450
4843,33451
4843,33452
4843,33453
4843,33454
4843,33455
4843,33456
4843,33457
4843,33458
4843,33459
4843,33460
4843,33461
4843,33462
4843,33463
4843,33464
4843,33465
4843,33466
4843,33467
4843,33468
4843,33469
4843,33470
4843,33471
4843,33472
4843,33473
4843,33474
4843,33475
4843,33476
4843,33477
4843,33478
4843,33479
4843,33480
4843,33481
4843,33482
4843,33483
4843,33484
4843,33485
4843,33486
4843,33487
4843,33488
4843,33489
4843,33490
4843,33491
4843,33492
4843,33493
4843,33494
4843,33495
4844,33342
4844,33343
4844,33344
4844,33345
4844,33346
4844,33347
4844,33348
4844,33349
4844,33350
4844,33351
4844,33352
4844,33353
4844,33354
4844,33355
4844,33356
4844,33357
4844,33358
4844,33359
4844,33360
4844,33361
4844,33362
4844,33363
4844,33364
4844,33365
4844,33366
4844,33367
4844,33368
4844,33369
4844,33370
4844,33371
4844,33372
4844,33373
4844,33374
4844,33375
4844,33376
4844,33377
4844,33378
4844,33379
4844,33380
4844,33381
4844,33382
4844,33383
4844,33384
4844,33385
4844,33386
4844,33387
4844,33388
4844,33389
4844,33390
4844,33391
4844,33392
4844,33393
4844,33394
4844,33395
4844,33396
4844,33397
4844,33398
4844,33399
4844,33400
4844,33401
4844,33402
4844,33403
4844,33404
4844,33405
4844,33406
4844,33407
4844,33408
4844,33409
4844,33410
4844,33411
4844,33412
4844,33413
4844,33414
4844,33415
4844,33416
4844,33417
4844,33418
4844,33419
4844,33420
4844,33421
4844,33422
4844,33423
4844,33424
4844,33425
4844,33426
4844,33427
4844,33428
4844,33429
4844,33430
4844,33431
4844,33432
4844,33433
4844,33434
4844,33435
4844,33436
4844,33437
4844,33438
4844,33439
4844,33440
4844,33441
4844,33442
4844,33443
4844,33444
4844,33445
4844,33446
4844,33447
4844,33448
4844,33449
4844,33450
4844,33451
4844,33452
4844,33453
4844,33454
4844,33455
4844,33456
4844,33457
4844,33458
4844,33459
4844,33460
4844,33461
4844,33462
4844,33463
4844,33464
4844,33465
4844,33466
4844,33467
4844,33468
4844,33469
4844,33470
4844,33471
4844,33472
4844,33473
4844,33474
4844,33475
4844,33476
4844,33477
4844,33478
4844,33479
4844,33480
4844,33481
4844,33482
4844,33483
4844,33484
4844,33485
4844,33486
4844,33487
4844,33488
4844,33489
4844,33490
4844,33491
4844,33492
4844,33493
4844,33494
4844,33495
4845,33343
4845,33344
4845,33345
4845,33346
4845,33347
4845,33348
4845,33349
4845,33350
4845,33351
4845,33352
4845,33353
4845,33354
4845,33355
4845,33356
4845,33357
4845,33358
4845,33359
4845,33360
4845,33361
4845,33362
4845,33363
4845,33364
4845,33365
4845,33366
4845,33367
4845,33368
4845,33369
4845,33370
4845,33371
4845,33372
4845,33373
4845,33374
4845,33375
4845,33376
4845,33377
4845,33378
4845,33379
4845,33380
4845,33381
4845,33382
4845,33383
4845,33384
4845,33385
4845,33386
4845,33387
4845,33388
4845,33389
4845,33390
4845,33391
4845,33392
4845,33393
4845,33394
4845,33395
4845,33396
4845,33397
4845,33398
4845,33399
4845,33400
4845,33401
4845,33402
4845,33403
4845,33404
4845,33405
4845,33406
4845,33407
4845,33408
4845,33409
4845,33410
4845,33411
4845,33412
4845,33413
4845,33414
4845,33415
4845,33416
4845,33417
4845,33418
4845,33419
4845,33420
4845,33421
4845,33422
4845,33423
4845,33424
4845,33425
4845,33426
4845,33427
4845,33428
4845,33429
4845,33430
4845,33431
4845,33432
4845,33433
4845,33434
4845,33435
4845,33436
4845,33437
4845,33438
4845,33439
4845,33440
4845,33441
4845,33442
4845,33443
4845,33444
4845,33445
4845,33446
4845,33447
4845,33448
4845,33449
4845,33450
4845,33451
4845,33452
4845,33453
4845,33454
4845,33455
4845,33456
4845,33457
4845,33458
4845,33459
4845,33460
4845,33461
4845,33462
4845,33463
4845,33464
4845,33465
4845,33466
4845,33467
4845,33468
4845,33469
4845,33470
4845,33471
4845,33472
4845,33473
4845,33474
4845,33475
4845,33476
4845,33477
4845,33478
4845,33479
4845,33480
4845,33481
4845,33482
4845,33483
4845,33484
4845,33485
4845,33486
4845,33487
4845,33488
4845,33489
4845,33490
4845,33491
4845,33492
4845,33493
4845,33494
4846,33344
4846,33345
4846,33346
4846,33347
4846,33348
4846,33349
4846,33350
4846,33351
4846,33352
4846,33353
4846,33354
4846,33355
4846,33356
4846,33357
4846,33358
4846,33359
4846,33360
4846,33361
4846,33362
4846,33363
4846,33364
4846,33365
4846,33366
4846,33367
4846,33368
4846,33369
4846,33370
4846,33371
4846,33372
4846,33373
4846,33374
4846,33375
4846,33376
4846,33377
4846,33378
4846,33379
4846,33380
4846,33381
4846,33382
4846,33383
4846,33384
4846,33385
4846,33386
4846,33387
4846,33388
4846,33389
4846,33390
4846,33391
4846,33392
4846,33393
4846,33394
4846,33395
4846,33396
4846,33397
4846,33398
4846,33399
4846,33400
4846,33401
4846,33402
4846,33403
4846,33404
4846,33405
4846,33406
4846,33407
4846,33408
4846,33409
4846,33410
4846,33411
4846,33412
4846,33413
4846,33414
4846,33415
4846,33416
4846,33417
4846,33418
4846,33419
4846,33420
4846,33421
4846,33422
4846,33423
4846,33424
4846,33425
4846,33426
4846,33427
4846,33428
4846,33429
4846,33430
4846,33431
4846,33432
4846,33433
4846,33434
4846,33435
4846,33436
4846,33437
4846,33438
4846,33439
4846,33440
4846,33441
4846,33442
4846,33443
4846,33444
4846,33445
4846,33446
4846,33447
4846,33448
4846,33449
4846,33450
4846,33451
4846,33452
4846,33453
4846,33454
4846,33455
4846,33456
4846,33457
4846,33458
4846,33459
4846,33460
4846,33461
4846,33462
4846,33463
4846,33464
4846,33465
4846,33466
4846,33467
4846,33468
4846,33469
4846,33470
4846,33471
4846,33472
4846,33473
4846,33474
4846,33475
4846,33476
4846,33477
4846,33478
4846,33479
4846,33480
4846,33481
4846,33482
4846,33483
4846,33484
4846,33485
4846,33486
4846,33487
4846,33488
4846,33489
4846,33490
4846,33491
4846,33492
4846,33493
4847,33345
4847,33346
4847,33347
4847,33348
4847,33349
4847,33350
4847,33351
4847,33352
4847,33353
4847,33354
4847,33355
4847,33356
4847,33357
4847,33358
4847,33359
4847,33360
4847,33361
4847,33362
4847,33363
4847,33364
4847,33365
4847,33366
4847,33367
4847,33368
4847,33369
4847,33370
4847,33371
4847,33372
4847,33373
4847,33374
4847,33375
4847,33376
4847,33377
4847,33378
4847,33379
4847,33380
4847,33381
4847,33382
4847,33383
4847,33384
4847,33385
4847,33386
4847,33387
4847,33388
4847,33389
4847,33390
4847,33391
4847,33392
4847,33393
4847,33394
4847,33395
4847,33396
4847,33397
4847,33398
4847,33399
4847,33400
4847,33401
4847,33402
4847,33403
4847,33404
4847,33405
4847,33406
4847,33407
4847,33408
4847,33409
4847,33410
4847,33411
4847,33412
4847,33413
4847,33414
4847,33415
4847,33416
4847,33417
4847,33418
4847,33419
4847,33420
4847,33421
4847,33422
4847,33423
4847,33424
4847,33425
4847,33426
4847,33427
4847,33428
4847,33429
4847,33430
4847,33431
4847,33432
4847,33433
4847,33434
4847,33435
4847,33436
4847,33437
4847,33438
4847,33439
4847,33440
4847,33441
4847,33442
4847,33443
4847,33444
4847,33445
4847,33446
4847,33447
4847,33448
4847,33449
4847,33450
4847,33451
4847,33452
4847,33453
4847,33454
4847,33455
4847,33456
4847,33457
4847,33458
4847,33459
4847,33460
4847,33461
4847,33462
4847,33463
4847,33464
4847,33465
4847,33466
4847,33467
4847,33468
4847,33469
4847,33470
4847,33471
4847,33472
4847,33473
4847,33474
4847,33475
4847,33476
4847,33477
4847,33478
4847,33479
4847,33480
4847,33481
4847,33482
4847,33483
4847,33484
4847,33485
4847,33486
4847,33487
4847,33488
4847,33489
4847,33490
4847,33491
4847,33492
4848,33348
4848,33349
4848,33350
4848,33351
4848,33352
4848,33353
4848,33354
4848,33355
4848,33356
4848,33357
4848,33358
4848,33359
4848,33360
4848,33361
4848,33362
4848,33363
4848,33364
4848,33365
4848,33366
4848,33367
4848,33368
4848,33369
4848,33370
4848,33371
4848,33372
4848,33373
4848,33374
4848,33375
4848,33376
4848,33377
4848,33378
4848,33379
4848,33380
4848,33381
4848,33382
4848,33383
4848,33384
4848,33385
4848,33386
4848,33387
4848,33388
4848,33389
4848,33390
4848,33391
4848,33392
4848,33393
4848,33394
4848,33395
4848,33396
4848,33397
4848,33398
4848,33399
4848,33400
4848,33401
4848,33402
4848,33403
4848,33404
4848,33405
4848,33406
4848,33407
4848,33408
4848,33409
4848,33410
4848,33411
4848,33412
4848,33413
4848,33414
4848,33415
4848,33416
4848,33417
4848,33418
4848,33419
4848,33420
4848,33421
4848,33422
4848,33423
4848,33424
4848,33425
4848,33426
4848,33427
4848,33428
4848,33429
4848,33430
4848,33431
4848,33432
4848,33433
4848,33434
4848,33435
4848,33436
4848,33437
4848,33438
4848,33439
4848,33440
4848,33441
4848,33442
4848,33443
4848,33444
4848,33445
4848,33446
4848,33447
4848,33448
4848,33449
4848,33450
4848,33451
4848,33452
4848,33453
4848,33454
4848,33455
4848,33456
4848,33457
4848,33458
4848,33459
4848,33460
4848,33461
4848,33462
4848,33463
4848,33464
4848,33465
4848,33466
4848,33467
4848,33468
4848,33469
4848,33470
4848,33471
4848,33472
4848,33473
4848,33474
4848,33475
4848,33476
4848,33477
4848,33478
4848,33479
4848,33480
4848,33481
4848,33482
4848,33483
4848,33484
4848,33485
4848,33486
4848,33487
4848,33488
4848,33489
4848,33490
4848,33491
4849,33351
4849,33352
4849,33353
4849,33354
4849,33355
4849,33356
4849,33357
4849,33358
4849,33359
4849,33360
4849,33361
4849,33362
4849,33363
4849,33364
4849,33365
4849,33366
4849,33367
4849,33368
4849,33369
4849,33370
4849,33371
4849,33372
4849,33373
4849,33374
4849,33375
4849,33376
4849,33377
4849,33378
4849,33379
4849,33380
4849,33381
4849,33382
4849,33383
4849,33384
4849,33385
4849,33386
4849,33387
4849,33388
4849,33389
4849,33390
4849,33391
4849,33392
4849,33393
4849,33394
4849,33395
4849,33396
4849,33397
4849,33398
4849,33399
4849,33400
4849,33401
4849,33402
4849,33403
4849,33404
4849,33405
4849,33406
4849,33407
4849,33408
4849,33409
4849,33410
4849,33411
4849,33412
4849,33413
4849,33414
4849,33415
4849,33416
4849,33417
4849,33418
4849,33419
4849,33420
4849,33421
4849,33422
4849,33423
4849,33424
4849,33425
4849,33426
4849,33427
4849,33428
4849,33429
4849,33430
4849,33431
4849,33432
4849,33433
4849,33434
4849,33435
4849,33436
4849,33437
4849,33438
4849,33439
4849,33440
4849,33441
4849,33442
4849,33443
4849,33444
4849,33445
4849,33446
4849,33447
4849,33448
4849,33449
4849,33450
4849,33451
4849,33452
4849,33453
4849,33454
4849,33455
4849,33456
4849,33457
4849,33458
4849,33459
4849,33460
4849,33461
4849,33462
4849,33463
4849,33464
4849,33465
4849,33466
4849,33467
4849,33468
4849,33469
4849,33470
4849,33471
4849,33472
4849,33473
4849,33474
4849,33475
4849,33476
4849,33477
4849,33478
4849,33479
4849,33480
4849,33481
4849,33482
4849,33483
4849,33484
4849,33485
4849,33486
4849,33487
4849,33488
4849,33489
4849,33490
4850,33352
4850,33353
4850,33354
4850,33355
4850,33356
4850,33357
4850,33358
4850,33359
4850,33360
4850,33361
4850,33362
4850,33363
4850,33364
4850,33365
4850,33366
4850,33367
4850,33368
4850,33369
4850,33370
4850,33371
4850,33372
4850,33373
4850,33374
4850,33375
4850,33376
4850,33377
4850,33378
4850,33379
4850,33380
4850,33381
4850,33382
4850,33383
4850,33384
4850,33385
4850,33386
4850,33387
4850,33388
4850,33389
4850,33390
4850,33391
4850,33392
4850,33393
4850,33394
4850,33395
4850,33396
4850,33397
4850,33398
4850,33399
4850,33400
4850,33401
4850,33402
4850,33403
4850,33404
4850,33405
4850,33406
4850,33407
4850,33408
4850,33409
4850,33410
4850,33411
4850,33412
4850,33413
4850,33414
4850,33415
4850,33416
4850,33417
4850,33418
4850,33419
4850,33420
4850,33421
4850,33422
4850,33423
4850,33424
4850,33425
4850,33426
4850,33427
4850,33428
4850,33429
4850,33430
4850,33431
4850,33432
4850,33433
4850,33434
4850,33435
4850,33436
4850,33437
4850,33438
4850,33439
4850,33440
4850,33441
4850,33442
4850,33443
4850,33444
4850,33445
4850,33446
4850,33447
4850,33448
4850,33449
4850,33450
4850,33451
4850,33452
4850,33453
4850,33454
4850,33455
4850,33456
4850,33457
4850,33458
4850,33459
4850,33460
4850,33461
4850,33462
4850,33463
4850,33464
4850,33465
4850,33466
4850,33467
4850,33468
4850,33469
4850,33470
4850,33471
4850,33472
4850,33473
4850,33474
4850,33475
4850,33476
4850,33477
4850,33478
4850,33479
4850,33480
4850,33481
4850,33482
4850,33483
4850,33484
4850,33485
4850,33486
4850,33487
4850,33488
4851,33353
4851,33354
4851,33355
4851,33356
4851,33357
4851,33358
4851,33359
4851,33360
4851,33361
4851,33362
4851,33363
4851,33364
4851,33365
4851,33366
4851,33367
4851,33368
4851,33369
4851,33370
4851,33371
4851,33372
4851,33373
4851,33374
4851,33375
4851,33376
4851,33377
4851,33378
4851,33379
4851,33380
4851,33381
4851,33382
4851,33383
4851,33384
4851,33385
4851,33386
4851,33387
4851,33388
4851,33389
4851,33390
4851,33391
4851,33392
4851,33393
4851,33394
4851,33395
4851,33396
4851,33397
4851,33398
4851,33399
4851,33400
4851,33401
4851,33402
4851,33403
4851,33404
4851,33405
4851,33406
4851,33407
4851,33408
4851,33409
4851,33410
4851,33411
4851,33412
4851,33413
4851,33414
4851,33415
4851,33416
4851,33417
4851,33418
4851,33419
4851,33420
4851,33421
4851,33422
4851,33423
4851,33424
4851,33425
4851,33426
4851,33427
4851,33428
4851,33429
4851,33430
4851,33431
4851,33432
4851,33433
4851,33434
4851,33435
4851,33436
4851,33437
4851,33438
4851,33439
4851,33440
4851,33441
4851,33442
4851,33443
4851,33444
4851,33445
4851,33446
4851,33447
4851,33448
4851,33449
4851,33450
4851,33451
4851,33452
4851,33453
4851,33454
4851,33455
4851,33456
4851,33457
4851,33458
4851,33459
4851,33460
4851,33461
4851,33462
4851,33463
4851,33464
4851,33465
4851,33466
4851,33467
4851,33468
4851,33469
4851,33470
4851,33471
4851,33472
4851,33473
4851,33474
4851,33475
4851,33476
4851,33477
4851,33478
4851,33479
4851,33480
4851,33481
4851,33482
4851,33483
4851,33484
4851,33485
4851,33486
4851,33487
4852,33354
4852,33355
4852,33356
4852,33357
4852,33358
4852,33359
4852,33360
4852,33361
4852,33362
4852,33363
4852,33364
4852,33365
4852,33366
4852,33367
4852,33368
4852,33369
4852,33370
4852,33371
4852,33372
4852,33373
4852,33374
4852,33375
4852,33376
4852,33377
4852,33378
4852,33379
4852,33380
4852,33381
4852,33382
4852,33383
4852,33384
4852,33385
4852,33386
4852,33387
4852,33388
4852,33389
4852,33390
4852,33391
4852,33392
4852,33393
4852,33394
4852,33395
4852,33396
4852,33397
4852,33398
4852,33399
4852,33400
4852,33401
4852,33402
4852,33403
4852,33404
4852,33405
4852,33406
4852,33407
4852,33408
4852,33409
4852,33410
4852,33411
4852,33412
4852,33413
4852,33414
4852,33415
4852,33416
4852,33417
4852,33418
4852,33419
4852,33420
4852,33421
4852,33422
4852,33423
4852,33424
4852,33425
4852,33426
4852,33427
4852,33428
4852,33429
4852,33430
4852,33431
4852,33432
4852,33433
4852,33434
4852,33435
4852,33436
4852,33437
4852,33438
4852,33439
4852,33440
4852,33441
4852,33442
4852,33443
4852,33444
4852,33445
4852,33446
4852,33447
4852,33448
4852,33449
4852,33450
4852,33451
4852,33452
4852,33453
4852,33454
4852,33455
4852,33456
4852,33457
4852,33458
4852,33459
4852,33460
4852,33461
4852,33462
4852,33463
4852,33464
4852,33465
4852,33466
4852,33467
4852,33468
4852,33469
4852,33470
4852,33471
4852,33472
4852,33473
4852,33474
4852,33475
4852,33476
4852,33477
4852,33478
4852,33479
4852,33480
4852,33481
4852,33482
4852,33484
4853,33356
4853,33357
4853,33358
4853,33359
4853,33360
4853,33361
4853,33362
4853,33363
4853,33364
4853,33365
4853,33366
4853,33367
4853,33368
4853,33369
4853,33370
4853,33371
4853,33372
4853,33373
4853,33374
4853,33375
4853,33376
4853,33377
4853,33378
4853,33379
4853,33380
4853,33381
4853,33382
4853,33383
4853,33384
4853,33385
4853,33386
4853,33387
4853,33388
4853,33389
4853,33390
4853,33391
4853,33392
4853,33393
4853,33394
4853,33395
4853,33396
4853,33397
4853,33398
4853,33399
4853,33400
4853,33401
4853,33402
4853,33403
4853,33404
4853,33405
4853,33406
4853,33407
4853,33408
4853,33409
4853,33410
4853,33411
4853,33412
4853,33413
4853,33414
4853,33415
4853,33416
4853,33417
4853,33418
4853,33419
4853,33420
4853,33421
4853,33422
4853,33423
4853,33424
4853,33425
4853,33426
4853,33427
4853,33428
4853,33429
4853,33430
4853,33431
4853,33432
4853,33433
4853,33434
4853,33435
4853,33436
4853,33437
4853,33438
4853,33439
4853,33440
4853,33441
4853,33442
4853,33443
4853,33444
4853,33445
4853,33446
4853,33447
4853,33448
4853,33449
4853,33450
4853,33451
4853,33452
4853,33453
4853,33454
4853,33455
4853,33456
4853,33457
4853,33458
4853,33459
4853,33460
4853,33461
4853,33462
4853,33463
4853,33464
4853,33465
4853,33466
4853,33468
4853,33469
4853,33470
4853,33471
4853,33472
4853,33473
4853,33474
4853,33475
4853,33476
4853,33477
4854,33358
4854,33359
4854,33360
4854,33361
4854,33362
4854,33363
4854,33364
4854,33365
4854,33366
4854,33367
4854,33368
4854,33369
4854,33370
4854,33371
4854,33372
4854,33373
4854,33374
4854,33375
4854,33376
4854,33377
4854,33378
4854,33379
4854,33380
4854,33381
4854,33382
4854,33383
4854,33384
4854,33385
4854,33386
4854,33387
4854,33388
4854,33389
4854,33390
4854,33391
4854,33392
4854,33393
4854,33394
4854,33395
4854,33396
4854,33397
4854,33398
4854,33399
4854,33400
4854,33401
4854,33402
4854,33403
4854,33404
4854,33405
4854,33406
4854,33407
4854,33408
4854,33409
4854,33410
4854,33411
4854,33412
4854,33413
4854,33414
4854,33415
4854,33416
4854,33417
4854,33418
4854,33419
4854,33420
4854,33421
4854,33422
4854,33423
4854,33424
4854,33425
4854,33426
4854,33427
4854,33428
4854,33429
4854,33430
4854,33431
4854,33432
4854,33433
4854,33434
4854,33435
4854,33436
4854,33437
4854,33438
4854,33439
4854,33441
4854,33443
4854,33444
4854,33447
4854,33449
4854,33450
4854,33451
4854,33452
4854,33453
4854,33454
4854,33455
4854,33456
4854,33457
4854,33458
4854,33459
4854,33460
4854,33461
4854,33462
4854,33463
4854,33464
4854,33465
4854,33471
4854,33472
4854,33473
4854,33474
4855,33361
4855,33362
4855,33363
4855,33364
4855,33365
4855,33366
4855,33367
4855,33368
4855,33369
4855,33370
4855,33371
4855,33372
4855,33373
4855,33374
4855,33375
4855,33376
4855,33377
4855,33378
4855,33379
4855,33380
4855,33381
4855,33382
4855,33383
4855,33384
4855,33385
4855,33386
4855,33387
4855,33388
4855,33389
4855,33390
4855,33391
4855,33392
4855,33393
4855,33394
4855,33395
4855,33396
4855,33397
4855,33398
4855,33399
4855,33400
4855,33401
4855,33402
4855,33403
4855,33404
4855,33405
4855,33406
4855,33407
4855,33408
4855,33409
4855,33410
4855,33411
4855,33412
4855,33413
4855,33414
4855,33415
4855,33416
4855,33417
4855,33418
4855,33419
4855,33420
4855,33421
4855,33422
4855,33423
4855,33424
4855,33425
4855,33426
4855,33427
4855,33428
4855,33429
4855,33430
4855,33431
4855,33432
4855,33433
4855,33434
4855,33435
4855,33436
4855,33437
4855,33438
4855,33454
4855,33455
4855,33460
4855,33462
4856,33364
4856,33365
4856,33366
4856,33367
4856,33368
4856,33369
4856,33370
4856,33372
4856,33373
4856,33374
4856,33375
4856,33376
4856,33377
4856,33378
4856,33379
4856,33380
4856,33381
4856,33382
4856,33383
4856,33384
4856,33385
4856,33386
4856,33387
4856,33388
4856,33389
4856,33390
4856,33391
4856,33392
4856,33393
4856,33394
4856,33395
4856,33396
4856,33397
4856,33398
4856,33399
4856,33400
4856,33401
4856,33402
4856,33403
4856,33404
4856,33405
4856,33406
4856,33407
4856,33408
4856,33409
4856,33410
4856,33411
4856,33412
4856,33413
4856,33414
4856,33415
4856,33416
4856,33417
4856,33418
4856,33419
4856,33420
4856,33421
4856,33422
4856,33423
4856,33424
4856,33425
4856,33426
4856,33427
4856,33428
4856,33429
4856,33430
4856,33431
4856,33432
4856,33433
4856,33434
4856,33435
4856,33436
4856,33437
4857,33374
4857,33375
4857,33376
4857,33377
4857,33378
4857,33379
4857,33380
4857,33381
4857,33382
4857,33383
4857,33384
4857,33385
4857,33386
4857,33387
4857,33388
4857,33389
4857,33390
4857,33391
4857,33392
4857,33393
4857,33394
4857,33395
4857,33396
4857,33397
4857,33398
4857,33399
4857,33400
4857,33401
4857,33402
4857,33403
4857,33404
4857,33405
4857,33406
4857,33407
4857,33408
4857,33409
4857,33410
4857,33411
4857,33412
4857,33413
4857,33414
4857,33415
4857,33416
4857,33417
4857,33418
4857,33419
4857,33420
4857,33421
4857,33422
4857,33423
4857,33424
4857,33425
4857,33426
4857,33427
4857,33428
4857,33429
4857,33430
4857,33431
4857,33432
4857,33433
4857,33434
4857,33435
4857,33436
4858,33377
4858,33378
4858,33379
4858,33380
4858,33381
4858,33382
4858,33383
4858,33384
4858,33385
4858,33386
4858,33387
4858,33388
4858,33389
4858,33390
4858,33391
4858,33392
4858,33393
4858,33394
4858,33395
4858,33396
4858,33397
4858,33398
4858,33399
4858,33400
4858,33401
4858,33402
4858,33403
4858,33404
4858,33405
4858,33406
4858,33407
4858,33408
4858,33409
4858,33410
4858,33411
4858,33412
4858,33413
4858,33414
4858,33415
4858,33416
4858,33417
4858,33418
4858,33419
4858,33420
4858,33421
4858,33422
4858,33423
4858,33424
4858,33425
4858,33426
4858,33427
4858,33428
4858,33429
4858,33430
4858,33431
4858,33432
4858,33433
4859,33380
4859,33381
4859,33382
4859,33383
4859,33384
4859,33385
4859,33386
4859,33387
4859,33388
4859,33389
4859,33390
4859,33391
4859,33392
4859,33393
4859,33394
4859,33395
4859,33396
4859,33397
4859,33398
4859,33399
4859,33400
4859,33401
4859,33402
4859,33403
4859,33404
4859,33405
4859,33406
4859,33407
4859,33408
4859,33409
4859,33410
4859,33411
4859,33412
4859,33413
4859,33414
4859,33415
4859,33416
4859,33417
4859,33418
4859,33419
4859,33420
4859,33421
4859,33422
4859,33423
4859,33424
4859,33425
4859,33426
4859,33427
4859,33428
4859,33429
4859,33430
4859,33431
4859,33432
4860,33381
4860,33382
4860,33383
4860,33384
4860,33385
4860,33386
4860,33387
4860,33388
4860,33389
4860,33390
4860,33391
4860,33392
4860,33393
4860,33394
4860,33395
4860,33396
4860,33397
4860,33398
4860,33399
4860,33400
4860,33401
4860,33402
4860,33403
4860,33404
4860,33405
4860,33406
4860,33407
4860,33408
4860,33409
4860,33410
4860,33411
4860,33412
4860,33413
4860,33414
4860,33415
4860,33416
4860,33417
4860,33418
4860,33419
4860,33420
4860,33421
4860,33422
4860,33423
4860,33424
4860,33425
4860,33426
4860,33427
4860,33428
4860,33429
4860,33430
4860,33431
4861,33382
4861,33383
4861,33384
4861,33385
4861,33386
4861,33387
4861,33388
4861,33389
4861,33390
4861,33391
4861,33392
4861,33393
4861,33394
4861,33395
4861,33396
4861,33397
4861,33398
4861,33399
4861,33400
4861,33401
4861,33402
4861,33403
4861,33404
4861,33405
4861,33406
4861,33407
4861,33408
4861,33409
4861,33410
4861,33411
4861,33412
4861,33413
4861,33414
4861,33415
4861,33416
4861,33417
4861,33418
4861,33419
4861,33420
4861,33421
4861,33422
4861,33423
4861,33424
4861,33425
4861,33428
4862,33383
4862,33384
4862,33385
4862,33386
4862,33387
4862,33388
4862,33389
4862,33390
4862,33391
4862,33392
4862,33394
4862,33395
4862,33396
4862,33397
4862,33398
4862,33399
4862,33400
4862,33401
4862,33402
4862,33403
4862,33404
4862,33405
4862,33406
4862,33407
4862,33408
4862,33409
4862,33410
4862,33411
4862,33412
4862,33413
4862,33414
4862,33415
4862,33416
4862,33417
4862,33418
4862,33419
4862,33420
4862,33421
4862,33422
4862,33423
4863,33386
4863,33387
4863,33388
4863,33389
4863,33398
4863,33399
4863,33400
4863,33401
4863,33402
4863,33403
4863,33404
4863,33405
4863,33406
4863,33407
4863,33408
4863,33409
4863,33410
4863,33411
4863,33412
4863,33413
4863,33414
4863,33415
4863,33416
4863,33417
4863,33418
4863,33419
4863,33420
4864,33399
4864,33400
4864,33401
4864,33402
4864,33403
4864,33404
4864,33405
4864,33416
4865,33402
