"X","Y"
10318,40220
10261,39983
10295,40127
10257,40235
10270,40200
10268,40200
10237,40214
10196,40074
10231,40207
10267,40212
10215,39983
10233,40159
10248,40268
10313,40073
10208,40204
10204,40085
10199,40143
10302,40254
10279,40093
10211,40036
10298,40018
10332,40210
10254,40202
10272,40026
10286,39998
10304,40078
10195,40068
10282,40210
10295,40291
10310,40045
10291,40151
10342,40177
10217,40121
10245,40195
10207,39997
10226,40002
10241,40183
10381,40206
10248,40072
10229,40042
10233,40219
10238,40077
10288,40076
10378,40194
10323,40041
10279,40225
10297,40037
10260,40287
10275,40053
10309,40185
10307,40201
10304,40266
10263,40001
10371,40199
10209,40235
10252,40015
10328,40221
10216,39980
10356,40226
10266,40150
10259,40078
10294,40201
10312,40029
10308,40246
10271,40130
10203,40005
10201,40053
10250,40214
10244,40253
10278,39977
10349,40215
10206,40047
10343,40172
10285,40208
10213,40078
10262,40137
10300,40052
10274,40056
10234,40242
10284,40180
10277,40048
10209,40151
10258,40184
10221,40059
10356,40166
10319,40210
10333,40249
10280,40123
10370,40229
10383,40208
10270,39995
10271,40198
10200,40264
10269,40242
10303,40018
10231,40028
10246,40139
10212,40068
10352,40221
10205,40000
10292,40042
10255,40038
10183,40016
10287,40146
10242,40090
10208,40027
10345,40212
10302,40041
10249,40035
10234,40182
10283,40163
10211,40277
10311,40240
10254,40021
10239,40162
10272,40233
10220,40042
10273,40128
10218,40054
10358,40192
10223,40066
10314,40039
10237,40107
10196,40221
10230,40105
10245,39988
10246,40215
10317,40061
10264,40055
10192,39993
10226,40245
10329,40246
10287,40214
10267,40033
10233,40036
10276,40078
10236,40276
10199,40000
10320,40217
10297,40246
10298,40153
10272,40149
10232,40091
10263,40214
10372,40219
10223,40262
10310,40152
10198,40075
10289,40048
10217,39974
10354,40247
10294,40024
10241,40012
10226,40185
10203,40210
10201,40198
10301,40097
10244,40044
10210,40057
10290,39979
10238,40248
10251,40077
10323,40178
10300,40267
10297,40178
10240,39987
10274,40267
10222,39992
10202,40265
10309,40046
10307,40050
10232,40279
10263,40154
10281,40050
10371,40176
10252,40130
10198,40247
10266,40029
10259,40219
10293,40099
10368,40198
10365,40172
10271,39991
10200,40087
10269,40003
10201,40130
10250,40093
10243,40027
10315,40144
10206,40154
10224,40074
10187,39966
10255,40247
10375,40199
10213,40243
10299,40272
10262,40004
10227,40226
10202,40077
10346,40214
10306,40059
10344,40250
10249,40236
10197,39987
10284,40047
10277,40165
10311,40033
10258,40047
10296,40262
10220,40217
10273,40209
10218,40249
10261,40069
10314,40278
10268,40018
10246,40006
10231,40145
10264,40198
10205,40149
10224,40278
10255,40171
10287,40039
10215,40081
10227,40094
10204,40255
10302,40084
10283,40028
10321,40225
10211,40158
10298,40232
10239,40215
10286,40084
10218,40189
10362,40198
10339,40261
10261,40249
10314,40170
10289,40225
10230,40228
10354,40166
10264,40130
10241,40221
10326,40245
10215,40277
10248,40034
10229,40192
10210,40264
10276,40241
10290,40218
10236,40175
10260,39985
10225,40177
10240,40258
10332,40184
10275,40239
10286,40272
10232,39974
10281,40227
10256,40064
10310,40279
10184,39986
10289,40173
10179,40026
10207,40235
10294,40151
10203,40175
10235,40275
10338,40266
10301,40246
10244,40151
10315,40193
10278,40087
10210,40076
10350,40174
10253,40234
10251,40198
10285,40118
10265,40285
10300,40158
10240,40078
10225,40253
10274,40158
10222,40263
10346,40153
10306,40202
10307,40191
10281,40191
10209,39997
10258,40222
10296,40085
10221,40225
10219,40241
10247,40079
10216,40194
10228,40190
10293,40232
10269,40152
10340,40248
10235,40095
10243,40132
10278,40275
10206,40257
10292,40204
10364,40203
10325,40161
10265,40089
10299,40173
10242,40224
10190,39969
10327,40218
10306,40142
10234,40012
10197,40120
10249,40153
10283,40205
10321,40146
10311,40154
10239,40004
10186,40016
10254,40179
10220,40076
10318,40193
10257,40270
10270,40237
10268,40229
10196,40055
10303,40264
10231,40234
10317,40227
10324,40188
10267,40203
10233,40130
10248,40273
10336,40227
10313,40172
10204,40114
10302,40195
10279,40184
10211,40011
10332,40207
10254,40239
10272,39999
10304,40099
10195,40171
10282,40255
10295,40222
10257,40074
10291,40186
10217,40156
10245,40238
10207,40152
10226,40031
10241,40170
10214,40115
10248,40173
10229,40085
10313,40232
10380,40211
10238,40086
10288,40161
10236,40034
10357,40208
10279,40252
10297,40008
10260,40260
10225,40046
10275,40024
10309,40196
10307,40236
10263,39996
10371,40234
10209,40206
10316,40179
10328,40194
10216,39985
10217,40216
10266,40179
10259,40053
10294,40226
10271,40169
10203,40056
10244,40282
10349,40242
10206,40048
10288,40237
10285,40235
10213,40041
10300,40017
10334,40181
10274,40021
10202,39971
10234,40223
10284,40209
10277,40027
10209,40138
10353,40237
10258,40085
10221,40086
10374,40178
10319,40249
10193,39978
10280,40128
10228,40001
10270,40156
10271,40237
10269,40237
10231,40059
10246,40172
10212,40161
10352,40178
10205,40059
10292,40087
10325,40054
10359,40182
10299,40038
10227,39992
10242,40119
10208,40112
10345,40255
10302,40050
10249,40006
10234,40147
10283,40070
10211,40248
10311,40271
10254,40062
10239,40137
10272,40206
10273,39995
10358,40229
10392,40206
10280,40220
10237,40070
10196,40186
10230,40002
10245,40159
10246,40232
10192,40030
10226,40206
10182,40030
10267,40068
10233,40015
10276,40043
10185,40027
10236,40241
10199,40127
10376,40204
10320,40254
10279,40045
10297,40217
10298,40130
10272,40138
10232,40064
10195,40052
10263,40205
10372,40224
10223,40237
10256,39978
10310,40189
10291,40007
10289,40011
10217,40009
10354,40208
10207,40013
10331,40267
10294,40061
10241,40039
10226,40146
10368,40191
10203,40201
10201,40233
10214,40238
10301,40092
10210,40018
10347,40201
10238,40221
10251,40032
10322,40144
10323,40153
10297,40149
10240,39976
10274,40228
10222,39965
10309,40073
10232,40252
10263,40113
10335,40174
10316,40038
10252,40159
10198,40232
10247,39985
10266,40006
10194,39988
10259,40190
10228,40208
10293,40014
10308,40262
10271,40018
10200,40124
10269,40062
10201,40165
10235,40057
10250,40166
10243,40062
10206,40191
10325,40263
10322,40212
10265,39991
10213,40222
10299,40247
10262,40121
10227,40265
10327,40188
10202,40118
10346,40243
10344,40159
10249,40247
10284,40068
10277,40128
10311,40060
10220,40246
10219,39975
10318,40031
10393,40196
10280,40011
10314,40243
10270,40011
10268,40015
10340,40150
10246,40027
10231,40140
10264,40235
10205,40176
10329,40170
10255,40086
10224,40235
10324,40278
10287,40002
10227,40069
10204,40276
10302,40185
10320,40045
10283,40051
10211,40101
10298,40213
10273,40112
10218,40070
10339,40232
10261,40228
10223,40178
10314,40183
10257,39984
10291,40212
10289,40196
10245,40004
10230,40153
10264,40167
10241,40240
10326,40238
10215,40240
10248,40007
10229,40235
10276,40222
10236,40132
10199,39984
10323,40230
10225,40148
10275,40242
10286,40245
10339,40164
10316,40277
10256,40101
10328,40156
10198,40187
10289,40128
10266,40201
10207,40246
10294,40136
10365,40216
10312,40092
10203,40066
10301,40209
10191,39990
10244,40188
10210,40169
10290,40123
10253,40197
10251,40221
10285,40017
10265,40256
10357,40170
10300,40251
10240,40099
10225,40208
10274,40123
10222,40104
10346,40162
10306,40231
10281,40066
10258,40251
10296,40186
10386,40196
10252,40274
10221,40252
10219,40276
10247,40106
10216,40231
10319,40147
10194,40107
10228,40091
10293,40147
10312,40280
10308,40137
10269,40179
10340,40197
10303,40083
10250,40045
10235,40178
10377,40213
10243,40171
10278,40244
10292,40233
10224,39962
10325,40140
10265,40124
10299,40128
10262,39988
10242,40285
10345,40149
10306,40171
10234,39977
10249,40124
10283,40224
10321,40181
10311,40177
10296,40246
10186,39997
10220,40105
10218,40265
10219,40080
10318,40234
10261,40181
10257,40289
10270,40246
10268,40130
10196,40028
10303,40279
10231,40257
10317,40254
10205,40261
10363,40183
10324,40153
10267,40238
10215,40161
10336,40216
10389,40194
10313,40183
10208,40262
10204,40111
10302,40292
10320,40152
10279,40151
10211,39982
10332,40228
10254,40272
10195,40142
10282,40280
10295,40245
10256,40276
10257,40109
10291,40161
10342,40239
10217,40167
10230,40276
10207,40167
10226,39992
10241,40077
10366,40194
10363,40243
10361,40231
10214,40084
10338,40182
10248,40178
10229,40112
10176,39972
10210,40248
10313,40243
10238,40059
10253,40182
10236,40031
10199,40261
10288,40134
10357,40251
10279,40219
10260,40097
10225,40001
10188,40019
10275,40127
10309,40239
10307,40243
10304,40196
10282,40092
10328,40231
10198,40054
10216,40150
10247,40283
10217,40227
10266,40092
10259,40024
10294,40263
10271,40180
10203,39967
10250,40284
10338,40250
10278,40167
10288,40194
10285,40134
10213,40052
10300,40014
10334,40222
10274,40014
10222,40247
10202,40012
10307,40079
10341,40191
10284,40238
10209,40109
10353,40192
10258,40110
10221,40113
10319,40228
10280,40165
10228,40046
10293,40280
10270,40161
10271,40264
10269,40264
10243,40276
10212,40142
10292,40124
10255,39976
10359,40173
10299,40029
10262,40259
10227,40031
10190,40017
10242,40144
10208,40085
10345,40258
10302,40023
10249,39977
10197,40232
10283,40093
10321,40034
10211,40223
10234,40124
10254,40035
10239,40148
10330,40205
10220,39964
10218,39996
10305,40130
10261,40058
10295,40138
10280,40225
10268,40277
10237,40161
10196,40167
10230,40039
10245,40186
10246,40269
10326,40052
10324,40044
10287,40280
10267,40123
10233,40114
10248,40225
10313,40060
10276,40048
10347,40160
10204,39970
10236,40238
10199,40090
10376,40209
10320,40275
10279,40008
10355,40222
10272,40111
10304,40147
10305,40206
10195,40027
10223,40200
10310,40086
10291,40042
10289,39982
10217,40044
10207,40040
10226,40111
10203,40236
10214,40195
10301,40055
10210,40015
10347,40236
10290,40033
10253,40043
10288,40049
10251,40007
10238,40166
10322,40173
10297,40120
10260,40244
10240,40013
10274,40193
10275,39976
10309,40084
10263,40108
10232,40225
10281,39992
10335,40181
10252,39988
10198,40205
10216,40001
10319,40053
10266,40035
10194,40017
10259,40165
10228,40253
10293,40041
10308,40291
10271,40057
10200,40097
10201,40072
10235,40028
10250,40131
10187,40008
10322,40241
10265,40026
10213,40185
10299,40234
10262,40082
10327,40155
10202,40147
10344,40164
10249,40218
10197,40057
10284,40097
10277,39979
10221,39974
10219,39994
10193,40122
10333,40260
10280,40016
10314,40220
10270,40044
10268,40036
10200,40221
10246,40060
10231,40171
10212,40049
10205,40171
10224,40192
10255,40125
10324,40243
10287,40105
10336,40162
10189,40011
10227,40104
10208,39968
10302,40130
10211,40072
10239,40281
10273,40107
10218,40099
10305,40031
10339,40207
10261,40207
10295,40031
10223,40153
10314,40144
10257,40011
10291,40251
10289,40223
10237,40054
10245,40047
10230,40178
10264,40076
10241,40235
10329,40265
10326,40195
10361,40189
10214,40050
10267,39988
10215,40207
10233,39999
10229,40278
10276,40187
10290,40272
10185,39979
10236,40097
10199,39983
10323,40205
10387,40203
10260,40059
10298,40114
10275,40217
10286,40222
10232,40176
10282,39986
10316,40242
10256,40122
10310,40205
10198,40156
10289,40155
10266,40242
10351,40216
10294,40173
10203,40121
10301,40204
10191,40029
10210,40130
10350,40244
10290,40084
10251,40176
10322,40032
10285,40044
10300,40208
10240,40152
10274,40084
10222,40077
10281,40101
10353,40174
10296,40159
10252,40111
10221,40279
10247,40001
10360,40241
10319,40190
10194,40132
10228,40064
10293,40190
10312,40253
10308,40150
10200,39980
10269,40174
10250,40054
10235,40169
10243,40078
10315,40071
10278,40201
10206,40079
10292,40278
10224,40191
10255,40258
10325,40247
10265,40103
10299,40103
10345,40184
10306,40068
10249,40071
10197,40078
10321,40072
10277,40272
10296,40219
10220,40262
10218,40274
10219,40119
10318,40143
10261,40144
10337,40266
10333,40153
10268,40191
10237,40263
10196,39993
10303,40242
10317,40217
10264,40283
10363,40170
10287,39986
10267,40261
10215,40188
10313,40154
10204,40132
10302,40265
10320,40189
10321,40276
10211,39989
10388,40199
10332,40257
10286,40169
10282,40293
10223,40034
10257,40128
10291,40068
10342,40192
10379,40214
10230,40265
10207,40066
10241,40096
10363,40214
10361,40202
10214,40169
10338,40147
10233,40260
10229,40155
10248,40151
10210,40213
10313,40214
10238,40028
10253,40145
10236,39988
10288,40155
10357,40230
10260,40078
10225,40100
10188,39976
10240,40215
10275,40066
10309,40266
10307,40278
10304,40249
10232,40059
10281,40278
10282,40121
10328,40268
10198,40043
10216,40187
10217,40262
10266,40121
10259,39999
10207,40262
10312,40172
10203,39986
10201,39974
10235,40230
10338,40215
10391,40195
10244,40076
10278,40184
10285,40161
10213,40031
10300,40107
10334,40227
10274,39979
10222,40216
10202,40041
10306,40279
10307,40082
10341,40154
10284,40267
10209,40064
10353,40219
10258,40267
10296,40042
10330,40178
10252,40226
10221,40140
10319,40259
10293,40259
10270,40074
10308,40025
10271,40279
10269,40291
10303,40163
10212,40235
10205,39985
10292,40153
10224,40042
10359,40200
10227,40002
10242,40141
10208,40074
10234,40089
10197,40211
10283,40112
10311,40065
10239,39987
10254,40068
10330,40246
10220,39993
10273,40049
10305,40165
10318,40282
10261,40037
10295,40161
10280,40262
10270,40262
10237,40156
10196,40140
10245,40069
10246,40294
10317,40078
10287,40263
10267,40158
10215,40049
10233,40085
10248,40198
10276,40029
10208,40246
10204,40031
10236,40203
10199,40177
10373,40178
10279,40103
10355,40197
10272,40068
10286,40052
10304,40136
10305,40225
10195,40126
10217,40055
10245,40281
10207,40055
10331,40197
10226,40072
10241,39997
10301,40018
10229,39968
10176,40020
10290,40058
10253,40006
10288,40022
10251,40026
10199,40245
10238,40139
10380,40184
10297,40099
10260,40209
10240,40034
10222,40043
10263,40075
10232,40198
10209,40273
10216,40038
10194,40042
10259,40136
10308,40200
10271,40068
10200,40134
10201,40115
10250,40236
10315,40033
10278,40055
10206,39973
10343,40246
10322,40266
10285,40278
10265,40061
10213,40132
10299,40193
10262,40183
10202,40188
10197,40036
10284,40126
10277,39990
10258,39998
10273,40258
10221,40001
10219,40017
10318,40037
10193,40029
10280,40053
10270,40049
10200,40194
10246,40081
10212,40030
10352,40231
10205,40070
10255,40024
10324,40216
10287,40084
10262,40243
10242,40000
10227,40143
10348,40203
10283,39981
10298,40283
10239,40100
10272,40275
10273,40078
10218,40012
10305,40050
10339,40210
10295,40058
10223,40132
10257,40046
10237,40017
10230,40087
10264,40113
10326,40164
10214,40023
10267,39979
10276,40128
10236,40094
10260,40032
10298,40095
10286,40195
10232,40149
10263,40280
10282,40031
10316,40207
10256,40031
10310,40230
10328,40166
10198,40113
10289,40126
10351,40199
10301,40167
10315,40286
10210,39999
10350,40217
10290,40177
10251,40151
10322,40061
10300,40205
10225,40270
10240,40189
10222,40182
10202,40207
10341,40240
10281,40008
10335,40197
10296,40132
10252,40068
10247,40028
10360,40214
10319,40165
10194,40161
10259,40277
10228,40109
10293,40089
10312,40194
10308,40179
10200,40017
10250,40019
10235,40140
10243,40085
10315,40090
10206,40080
10224,40148
10325,40210
10265,40138
10213,40265
10299,40090
10227,40220
10327,40267
10306,40097
10197,40169
10284,39985
10277,40123
10296,40192
10219,40138
10374,40210
10318,40176
10261,40123
10337,40237
10333,40180
10367,40208
10268,40084
10196,39974
10303,40217
10231,40091
10264,40256
10205,40219
10215,40155
10204,40161
10302,40274
10239,40233
10286,40146
10195,40216
10223,40009
10256,40206
10257,40155
10291,40107
10207,40105
10241,40283
10363,40205
10214,40130
10248,39996
10229,40134
10210,40206
10276,40267
10290,40224
10253,40108
10279,40269
10260,40171
10225,40127
10240,40204
10275,40169
10309,40277
10232,40032
10282,40130
10316,40066
10256,40138
10184,40012
10198,40012
10216,40064
10247,40205
10266,40098
10194,40208
10294,40093
10312,40177
10203,39977
10235,40221
10244,40105
10278,40157
10210,40114
10251,40256
10285,40188
10265,40219
10213,39994
10300,40064
10334,40260
10284,40288
10209,40059
10258,40292
10296,40015
10252,40255
10221,40167
10247,40145
10337,40190
10228,39984
10270,40111
10308,40038
10269,40094
10303,40142
10243,40222
10212,40240
10205,39980
10206,40223
10292,40134
10224,40015
10359,40231
10227,40041
10190,39967
10242,40166
10208,40175
10234,40066
10283,40279
10355,40172
10277,40224
10311,40092
10254,40105
10330,40275
10220,40150
10273,40020
10261,40000
10295,40092
10369,40218
10370,40181
10257,40212
10237,40247
10196,40105
10230,39997
10245,40096
10317,40169
10192,40109
10182,39977
10364,40177
10267,40181
10215,40012
10233,40184
10276,39994
10208,40235
10204,40052
10199,40172
10320,40077
10279,40066
10355,40232
10298,40053
10272,40057
10286,40025
10304,40173
10305,40260
10295,40256
10217,40090
10245,40292
10331,40248
10226,40037
10241,40144
10301,40013
10248,40103
10229,40011
10233,40244
10290,40023
10238,40108
10288,40107
10251,39985
10199,40208
10297,40070
10225,39988
10222,40012
10309,40154
10263,40038
10209,40244
10252,40046
10356,40193
10259,40111
10293,39999
10331,40164
10312,40060
10308,40213
10271,40099
10200,40171
10201,40022
10250,40201
10244,40220
10278,40008
10206,40014
10343,40205
10265,40032
10213,40111
10262,40168
10234,40277
10197,40015
10284,40155
10209,40176
10258,40155
10221,40028
10219,40052
10333,40218
10280,40090
10370,40196
10268,39998
10200,40231
10269,40211
10303,40051
10231,39997
10246,40106
10212,40123
10205,40097
10292,40009
10255,40007
10183,39985
10324,40197
10287,40179
10262,40212
10242,40061
10227,40178
10208,40058
10348,40224
10283,40128
10298,40260
10311,40209
10239,40067
10254,39988
10272,40264
10220,40009
10273,40161
10218,40041
10305,40085
10223,40099
10314,40070
10237,40012
10196,40252
10230,40072
10264,40022
10226,40276
10329,40215
10382,40203
10326,40153
10287,40247
10267,40014
10276,40109
10348,40164
10199,40033
10323,40279
10373,40194
10279,39991
10297,40279
10260,40013
10298,40184
10275,40259
10272,40180
10304,40056
10232,40122
10195,39982
10263,40247
10282,40056
10372,40186
10256,40052
10310,40251
10198,40106
10289,40081
10351,40162
10301,40130
10191,40039
10244,40003
10350,40194
10290,40138
10238,40283
10251,40106
10222,40155
10202,40232
10309,40015
10307,40019
10341,40219
10263,40187
10281,40019
10335,40224
10252,40161
10247,40059
10360,40187
10194,40186
10259,40248
10228,40266
10293,40068
10308,40088
10200,40054
10250,40124
10243,40120
10315,40177
10206,40117
10224,40105
10187,39999
10255,40212
10265,40173
10213,40276
10262,40039
10227,40195
10190,40117
10346,40201
10306,40026
10344,40217
10249,40269
10197,40148
10284,40014
10277,40070
10258,40014
10296,40293
10273,40242
10218,40216
10219,40161
10261,40102
10337,40192
10333,40175
10314,40265
10268,40113
10340,40168
10231,40118
10317,40271
10264,40293
10212,39982
10205,40246
10255,40136
10324,40072
10215,40118
10189,39990
10204,40222
10321,40194
10211,40191
10385,40204
10239,40244
10286,40119
10218,40156
10362,40217
10358,40190
10261,40282
10223,39988
10256,40227
10257,40190
10291,40270
10289,40258
10230,40199
10207,40116
10326,40276
10214,39975
10229,40161
10313,40284
10276,40272
10290,40253
10253,40071
10260,40144
10225,40082
10240,40225
10332,40159
10275,40140
10232,40005
10281,40220
10282,40175
10256,40175
10184,40017
10198,39969
10216,40101
10247,40232
10266,40271
10207,40200
10294,40118
10312,40150
10203,40140
10301,40279
10244,40118
10315,40238
10278,40118
10210,40111
10253,40267
10288,40273
10251,40231
10285,40087
10265,40254
10300,40189
10274,40161
10307,40156
10281,40152
10209,40030
10258,40193
10296,40116
10252,40212
10221,40194
10219,40222
10247,40172
10228,40157
10293,40201
10270,40112
10269,40121
10303,40149
10235,40124
10243,40229
10212,40221
10349,40162
10206,40224
10292,40163
10224,39972
10364,40234
10325,40066
10242,40195
10208,40132
10327,40251
10306,40145
10234,40047
10249,40186
10277,40203
10239,40037
10254,40146
10220,40179
10273,40015
10362,40168
10261,39979
10295,40123
10370,40174
10257,40239
10270,40204
10268,40196
10237,40210
10196,40086
10231,40203
10192,40130
10364,40174
10267,40168
10215,39979
10233,40163
10313,40077
10208,40192
10204,40081
10199,40139
10302,40226
10279,40089
10211,40040
10298,40030
10254,40206
10272,40030
10286,40002
10304,40066
10394,40204
10195,40072
10282,40222
10369,40185
10310,40033
10291,40155
10342,40181
10217,40125
10245,40207
10207,39993
10226,40062
10241,40139
10381,40202
10214,40274
10248,40076
10229,40054
10233,40223
10253,39996
10288,40064
10238,40113
10199,40207
10378,40206
10323,40045
10297,40041
10260,40283
10275,40057
10309,40165
10307,40205
10304,40270
10263,40029
10371,40203
10209,40239
10252,40011
10356,40238
10266,40146
10259,40082
10294,40205
10308,40242
10271,40142
10203,40025
10201,40057
10250,40210
10244,40249
10315,40027
10278,39981
10349,40211
10206,40019
10343,40168
10285,40204
10213,40074
10262,40141
10300,40048
10334,40148
10274,40052
10234,40254
10284,40176
10277,40060
10209,40171
10258,40180
10296,39999
10221,40055
10356,40162
10319,40222
10333,40245
10280,40127
10370,40225
10270,39999
10271,40194
10200,40268
10269,40206
10303,40030
10231,40024
10246,40143
10212,40064
10352,40209
10205,40028
10292,40054
10255,40034
10183,40012
10287,40158
10262,40201
10242,40086
10208,40031
10348,40253
10345,40216
10302,40045
10249,40039
10234,40178
10283,40167
10311,40236
10254,40025
10239,40174
10272,40237
10220,40038
10273,40132
10218,40050
10358,40196
10305,40072
10223,40078
10314,40035
10237,40103
10196,40217
10245,39984
10230,40109
10246,40203
10317,40057
10264,40059
10192,39997
10226,40241
10329,40250
10180,40025
10287,40210
10267,40037
10233,40040
10276,40074
10236,40272
10199,40028
10320,40221
10297,40250
10298,40165
10272,40169
10232,40095
10263,40210
10372,40199
10223,40258
10310,40156
10198,40079
10289,40052
10379,40182
10217,39978
10354,40243
10294,40028
10241,40000
10226,40181
10203,40214
10201,40202
10301,40125
10244,40040
10210,40053
10238,40252
10288,39995
10251,40065
10285,39997
10323,40182
10300,40263
10297,40182
10240,39991
10274,40263
10222,39996
10309,40042
10307,40054
10263,40150
10281,40054
10371,40180
10252,40190
10266,40025
10259,40223
10293,40111
10368,40218
10365,40168
10308,40101
10271,39987
10200,40091
10269,40031
10201,40134
10250,40089
10243,40031
10315,40148
10206,40158
10224,40078
10255,40243
10375,40195
10213,40255
10299,40276
10262,40024
10227,40230
10202,40073
10346,40210
10306,40055
10344,40254
10249,40272
10197,39999
10284,40043
10277,40161
10311,40029
10258,40043
10296,40266
10220,40213
10273,40213
10218,40229
10261,40065
10280,39978
10314,40274
10268,40110
10340,40181
10246,39994
10231,40109
10264,40202
10205,40145
10224,40266
10255,40183
10287,40035
10215,40077
10204,40251
10302,40088
10283,40016
10321,40229
10211,40130
10298,40244
10239,40211
10286,40088
10218,40185
10362,40194
10339,40265
10261,40261
10256,40248
10289,40229
10237,39996
10230,40248
10354,40162
10264,40134
10241,40209
10326,40265
10214,39992
10215,40273
10248,40038
10229,40204
10210,40260
10276,40253
10290,40214
10236,40171
10260,39997
10225,40181
10240,40262
10332,40180
10275,40147
10286,40276
10232,39978
10281,40231
10256,40068
10310,40267
10289,40161
10207,40215
10294,40107
10203,40163
10235,40279
10338,40262
10301,40242
10244,40147
10315,40197
10278,40075
10210,40072
10350,40178
10253,40230
10251,40250
10285,40114
10265,40225
10300,40154
10240,40066
10225,40241
10274,40154
10222,40267
10306,40198
10307,40163
10281,40163
10209,39985
10258,40218
10296,40089
10221,40221
10219,40245
10247,40075
10216,40198
10194,40074
10228,40186
10293,40244
10269,40148
10340,40228
10303,40112
10235,40083
10243,40136
10278,40279
10349,40189
10206,40261
10292,40200
10224,39993
10364,40199
10325,40173
10265,40093
10299,40161
10242,40252
10190,39973
10327,40214
10306,40138
10234,40008
10249,40157
10283,40193
10321,40150
10277,40214
10311,40150
10239,40000
10186,40028
10254,40183
10220,40072
10181,39972
10318,40197
10257,40258
10270,40209
10268,40225
10237,40205
10196,40051
10231,40230
10317,40159
10324,40184
10267,40207
10233,40134
10248,40277
10336,40231
10313,40080
10204,40078
10302,40199
10279,40180
10211,40015
10332,40203
10254,40243
10272,39987
10304,40103
10195,40175
10282,40251
10295,40218
10310,40058
10257,40078
10291,40190
10217,40128
10245,40234
10207,40132
10226,40027
10241,40174
10214,40119
10248,40081
10229,40081
10233,40194
10313,40236
10380,40207
10238,40090
10288,40165
10236,40062
10357,40220
10279,40248
10297,40012
10260,40256
10225,40034
10275,40028
10309,40192
10307,40208
10304,40291
10263,39992
10209,40194
10316,40175
10328,40198
10216,39989
10217,40220
10266,40191
10259,40057
10294,40230
10271,40149
10203,40060
10244,40262
10349,40238
10206,40052
10288,40225
10285,40231
10213,40085
10300,40045
10334,40185
10274,40017
10202,39983
10234,40219
10284,40205
10277,40007
10209,40142
10353,40225
10258,40081
10221,40082
10374,40182
10319,40197
10193,39982
10280,40132
10228,40013
10270,40128
10271,40233
10269,40233
10231,40055
10246,40160
10212,40173
10352,40182
10205,40055
10292,40083
10287,40133
10325,40050
10359,40178
10299,40058
10262,40290
10227,39996
10242,40115
10208,40116
10345,40227
10302,40054
10249,40010
10234,40159
10283,40186
10376,40180
10211,40252
10311,40267
10254,40002
10239,40181
10272,40194
10273,39999
10218,39967
10358,40249
10305,40099
10280,40192
10237,40066
10196,40198
10230,40006
10245,40155
10246,40236
10264,40032
10192,40018
10226,40202
10182,40018
10267,40088
10233,40019
10276,40087
10185,40031
10236,40269
10199,40123
10320,40242
10279,40041
10297,40221
10298,40142
10272,40142
10232,40068
10195,40056
10263,40201
10223,40233
10256,39982
10310,40177
10291,40011
10289,40015
10217,40013
10354,40204
10207,40009
10331,40271
10294,40049
10241,40059
10226,40142
10368,40179
10203,40205
10201,40237
10214,40226
10301,40088
10244,40053
10210,40046
10347,40205
10238,40193
10251,40036
10322,40140
10323,40157
10297,40153
10240,39980
10274,40224
10222,39969
10309,40053
10232,40256
10263,40141
10335,40170
10316,40034
10252,40155
10198,40236
10247,39981
10266,40002
10194,39984
10259,40194
10228,40220
10293,40010
10308,40258
10271,40030
10200,40064
10269,40058
10201,40169
10235,40061
10250,40162
10243,40034
10206,40163
10325,40259
10322,40208
10265,39995
10213,40218
10299,40267
10262,40125
10227,40269
10327,40184
10202,40114
10346,40255
10249,40251
10284,40064
10277,40140
10311,40056
10220,40242
10273,40200
10219,39963
10393,40200
10280,40015
10314,40255
10270,40015
10268,40011
10246,40031
10231,40136
10264,40239
10205,40140
10329,40174
10255,40082
10224,40239
10324,40274
10287,40014
10227,40073
10204,40272
10302,40189
10320,40033
10283,40055
10321,40248
10211,40105
10298,40209
10273,40116
10218,40066
10339,40236
10261,40224
10223,40190
10314,40179
10257,39988
10291,40216
10289,40248
10245,40000
10230,40157
10354,40191
10264,40171
10241,40244
10326,40226
10214,39965
10215,40236
10248,40011
10229,40247
10276,40218
10236,40128
10323,40234
10225,40136
10275,40246
10286,40249
10339,40168
10316,40273
10256,40089
10198,40191
10289,40132
10266,40213
10207,40242
10351,40249
10294,40140
10365,40212
10312,40064
10203,40070
10235,40266
10301,40237
10191,39986
10244,40184
10315,40216
10210,40165
10290,40119
10253,40193
10251,40209
10285,40013
10265,40260
10357,40182
10300,40247
10240,40103
10225,40212
10274,40119
10222,40108
10346,40174
10306,40227
10281,40070
10258,40247
10296,40190
10386,40192
10252,40270
10221,40248
10219,40264
10247,40102
10216,40235
10319,40159
10228,40167
10293,40159
10312,40284
10269,40143
10340,40193
10303,40095
10250,40041
10235,40182
10243,40175
10212,40263
10278,40232
10292,40245
10224,39966
10265,40064
10299,40132
10242,40281
10327,40205
10345,40153
10306,40167
10234,39989
10249,40096
10197,40111
10283,40228
10321,40169
10311,40173
10296,40250
10186,39993
10220,40101
10181,40015
10219,40084
10318,40238
10261,40177
10367,40234
10270,40250
10268,40158
10196,40024
10303,40275
10317,40250
10205,40257
10324,40165
10267,40226
10215,39965
10336,40220
10389,40206
10313,40187
10204,40107
10320,40156
10279,40147
10211,40018
10332,40224
10254,40276
10272,39976
10195,40146
10282,40260
10295,40241
10256,40264
10257,40097
10291,40165
10342,40227
10217,40171
10245,40245
10207,40163
10226,39988
10241,40065
10366,40198
10363,40247
10361,40235
10214,40072
10338,40178
10248,40182
10229,40124
10210,40244
10313,40247
10238,40063
10253,40178
10236,40027
10199,40257
10288,40186
10357,40199
10279,40215
10260,40109
10225,40005
10188,40015
10275,40099
10309,40235
10307,40247
10304,40216
10282,40088
10328,40235
10216,40154
10247,40279
10217,40231
10266,40088
10259,40028
10294,40283
10271,40176
10250,40280
10338,40246
10244,40291
10288,40198
10285,40130
10213,40048
10300,40010
10334,40194
10274,40010
10222,40251
10202,40008
10234,40196
10341,40187
10284,40234
10209,40097
10353,40196
10258,40106
10330,40149
10221,40109
10319,40224
10280,40169
10228,40042
10270,40165
10271,40244
10269,40260
10243,40280
10212,40138
10292,40120
10255,39988
10359,40169
10299,40017
10262,40263
10227,39971
10190,40021
10242,40108
10208,40105
10302,40027
10249,39981
10197,40244
10283,40081
10321,40038
10211,40195
10234,40120
10254,40039
10239,40144
10330,40201
10218,39992
10305,40134
10295,40134
10280,40229
10268,40273
10237,40189
10196,40163
10230,40059
10245,40166
10246,40257
10287,40292
10267,40127
10233,40118
10248,40229
10313,40032
10276,40060
10347,40164
10204,39998
10236,40234
10199,40086
10376,40213
10320,40279
10279,40004
10297,40192
10272,40099
10304,40151
10305,40194
10195,40031
10223,40212
10310,40074
10291,40046
10217,40016
10207,40020
10294,40042
10226,40107
10203,40224
10214,40199
10301,40051
10210,40011
10347,40224
10253,40039
10288,40053
10251,40059
10238,40170
10322,40169
10297,40124
10260,40240
10240,40001
10274,40221
10275,39980
10309,40080
10263,40104
10232,40229
10281,39996
10335,40177
10316,40063
10252,39984
10198,40193
10216,40005
10319,40049
10266,40047
10194,40013
10259,40169
10228,40249
10293,40053
10271,40037
10200,40101
10201,40076
10235,40016
10250,40143
10187,40012
10322,40237
10265,40030
10213,40165
10299,40238
10262,40086
10327,40151
10202,40159
10344,40168
10249,40222
10284,40093
10277,40151
10273,40291
10221,39970
10219,39998
10193,40126
10333,40256
10280,40020
10314,40216
10270,40016
10268,40032
10246,40048
10231,40167
10212,40061
10205,40167
10224,40196
10255,40121
10324,40255
10287,40117
10336,40166
10189,40007
10227,40108
10208,39972
10204,40269
10302,40134
10211,40076
10239,40261
10273,40111
10218,40111
10305,40019
10339,40243
10261,40203
10295,40027
10223,40165
10314,40156
10257,40015
10291,40255
10289,40211
10237,40050
10245,40043
10230,40182
10264,40080
10241,40239
10329,40269
10326,40199
10214,40054
10215,40203
10248,40016
10229,40274
10276,40167
10290,40268
10185,39983
10236,40125
10199,39979
10323,40209
10387,40207
10298,40126
10275,40221
10286,40226
10232,40180
10282,39998
10316,40238
10256,40126
10310,40193
10198,40144
10289,40159
10266,40254
10351,40228
10294,40161
10365,40207
10203,40125
10301,40200
10191,40025
10210,40158
10350,40248
10290,40080
10253,40220
10251,40180
10285,40040
10300,40236
10240,40156
10274,40080
10222,40081
10281,40105
10353,40162
10296,40163
10252,40107
10221,40275
10216,40240
10247,40125
10360,40245
10319,40186
10194,40128
10228,40076
10293,40186
10312,40225
10308,40146
10200,39984
10269,40170
10250,40050
10235,40173
10243,40178
10278,40205
10292,40274
10224,40179
10255,40270
10325,40243
10265,40107
10299,40123
10262,39981
10345,40188
10306,40064
10249,40075
10197,40074
10283,40251
10321,40076
10277,40284
10296,40223
10220,40258
10219,40107
10318,40147
10261,40156
10333,40149
10268,40187
10237,40259
10196,40005
10303,40254
10317,40213
10264,40287
10363,40174
10287,39998
10267,40281
10215,40184
10313,40158
10204,40128
10302,40269
10320,40177
10321,40264
10211,39993
10388,40195
10286,40173
10282,40289
10295,40236
10223,40046
10257,40132
10291,40072
10342,40196
10379,40202
10230,40269
10207,40078
10241,40100
10363,40234
10361,40206
10214,40173
10338,40175
10233,40264
10229,40103
10248,40155
10210,40209
10313,40218
10238,40000
10253,40141
10236,39984
10288,40159
10357,40226
10260,40074
10225,40024
10188,39972
10275,40070
10309,40246
10307,40282
10304,40253
10232,40063
10281,40282
10282,40101
10328,40272
10198,40047
10216,40191
10217,40266
10266,40069
10259,40003
10207,40258
10203,39990
10201,39978
10235,40250
10338,40211
10244,40072
10278,40188
10288,40219
10251,40289
10285,40157
10213,40027
10300,40103
10334,40231
10274,39975
10222,40220
10202,40053
10306,40275
10307,40086
10284,40263
10209,40068
10353,40223
10258,40263
10296,40046
10330,40190
10221,40136
10319,40271
10293,40271
10270,40078
10271,40275
10303,40175
10212,40151
10292,40101
10224,40046
10359,40196
10227,40006
10242,40137
10208,40078
10234,40101
10249,39984
10197,40223
10321,40057
10283,40116
10239,39999
10254,40072
10330,40242
10220,39989
10273,40053
10305,40185
10261,40033
10295,40189
10280,40266
10270,40266
10268,40270
10237,40152
10196,40136
10245,40065
10246,40282
10317,40074
10180,39976
10287,40259
10267,40146
10215,40045
10233,40089
10248,40202
10276,40025
10347,40187
10204,40027
10236,40199
10199,40077
10373,40190
10279,40099
10355,40201
10272,40088
10286,40056
10304,40140
10305,40229
10195,40002
10217,40059
10245,40261
10207,40051
10331,40217
10226,40068
10241,39985
10214,40216
10301,40046
10229,39980
10290,40054
10253,40002
10288,40010
10251,40030
10199,40241
10238,40143
10297,40103
10260,40221
10240,40038
10222,40047
10275,39987
10263,40071
10232,40202
10209,40277
10216,40042
10194,40038
10259,40140
10228,40230
10271,40064
10200,40138
10201,40119
10250,40232
10243,39980
10315,40037
10278,40043
10206,39977
10343,40242
10322,40262
10285,40274
10265,40001
10213,40128
10299,40197
10262,40075
10202,40184
10197,40032
10284,40122
10277,39986
10258,39994
10273,40262
10221,39997
10219,40021
10318,40041
10193,40017
10280,40057
10270,40053
10200,40198
10246,40085
10212,40026
10205,40066
10255,40100
10224,40217
10324,40228
10287,40080
10336,40155
10262,40247
10242,40028
10227,40147
10348,40199
10211,40083
10298,40295
10239,40096
10272,40279
10273,40066
10218,40008
10305,40054
10339,40214
10295,40054
10223,40128
10257,40034
10291,40226
10237,40045
10245,40054
10230,40171
10264,40117
10326,40184
10361,40164
10214,40011
10267,39983
10233,39974
10276,40140
10185,39986
10236,40090
10260,40044
10298,40091
10275,40288
10286,40199
10232,40153
10263,40276
10282,40027
10316,40203
10256,40019
10310,40218
10328,40170
10198,40117
10289,40114
10351,40195
10203,40272
10201,40256
10301,40163
10191,40004
10315,40274
10210,39995
10350,40221
10290,40173
10251,40139
10322,40057
10300,40201
10225,40258
10240,40177
10274,40077
10222,40186
10202,40203
10341,40252
10281,40012
10335,40193
10296,40136
10252,40064
10247,40024
10360,40218
10319,40161
10194,40157
10259,40281
10228,40105
10293,40165
10312,40198
10308,40191
10200,40021
10250,40031
10235,40128
10243,40089
10206,40084
10224,40136
10325,40222
10265,40142
10299,40094
10327,40263
10197,40181
10284,39981
10277,40103
10296,40196
10219,40142
10374,40214
10318,40180
10261,40135
10337,40225
10333,40176
10367,40220
10268,40080
10196,39970
10303,40197
10231,40087
10264,40260
10205,40215
10215,40151
10204,40189
10302,40278
10211,39964
10254,40290
10286,40150
10362,40248
10195,40220
10223,40021
10256,40194
10257,40159
10291,40111
10342,40217
10289,40291
10207,40085
10241,40287
10363,40193
10214,40134
10229,40130
10210,40202
10253,40104
10236,39981
10279,40265
10260,40183
10225,40115
10240,40192
10275,40173
10309,40273
10307,40289
10232,40036
10282,40142
10256,40142
10198,40000
10216,40068
10247,40201
10266,40110
10194,40204
10294,40081
10312,40181
10203,39981
10235,40209
10338,40204
10244,40085
10278,40145
10378,40190
10251,40260
10285,40184
10265,40223
10213,39974
10300,40092
10334,40264
10222,40193
10306,40268
10284,40284
10209,40063
10258,40288
10296,40019
10252,40251
10221,40163
10216,40256
10247,40141
10337,40178
10228,39996
10270,40083
10308,40034
10269,40090
10303,40138
10243,40194
10212,40252
10205,39976
10206,40195
10292,40130
10224,40003
10359,40227
10227,40045
10190,40035
10242,40162
10208,40163
10234,40078
10283,40267
10355,40176
10277,40236
10311,40088
10254,40109
10220,40146
10273,40040
10318,40259
10261,40012
10295,40088
10369,40222
10370,40177
10257,40200
10237,40243
10196,40117
10230,39985
10245,40108
10317,40165
10182,39981
10267,40137
10215,40008
10233,40188
10276,39974
10208,40239
10204,40048
10199,40168
10320,40065
10279,40126
10355,40236
10298,40049
10272,40061
10286,40029
10304,40161
10305,40280
10195,40105
10295,40284
10217,40094
10245,40288
10207,39966
10331,40252
10226,40033
10241,40148
10301,40009
10248,40107
10229,40023
10233,40248
10290,40019
10253,40029
10238,40144
10251,39989
10199,40236
10288,40111
10297,40074
10225,39976
10222,40016
10309,40134
10263,40034
10209,40264
10252,40042
10356,40205
10266,39989
10259,40115
10331,40184
10312,40032
10308,40209
10271,40111
10200,40175
10201,40026
10250,40245
10243,39987
10244,40216
10315,40056
10278,40012
10206,39986
10343,40201
10265,40036
10213,40107
10262,40172
10202,40165
10234,40273
10197,40011
10284,40151
10209,40180
10258,40151
10221,40024
10219,40040
10333,40214
10280,40094
10370,40192
10268,39994
10200,40235
10303,40063
10231,39993
10246,40110
10212,40103
10352,40240
10205,40125
10292,40021
10255,40003
10183,39981
10324,40193
10287,40191
10262,40232
10242,40057
10227,40182
10208,40062
10348,40220
10283,40132
10298,40256
10311,40205
10239,40079
10254,39992
10272,40268
10220,40005
10273,40165
10218,40021
10305,40041
10295,40045
10223,40111
10314,40066
10237,40008
10196,40248
10230,40076
10264,40026
10192,39964
10226,40272
10329,40219
10382,40207
10326,40157
10287,40243
10267,40002
10276,40105
10348,40160
10199,40061
10373,40206
10279,39987
10297,40283
10260,40009
10298,40068
10275,40263
10304,40060
10232,40126
10195,39986
10263,40243
10282,40036
10256,40040
10310,40255
10198,40110
10289,40085
10351,40174
10294,39999
10301,40158
10191,40035
10244,40015
10350,40198
10290,40134
10251,40110
10274,40294
10222,40159
10202,40244
10307,40023
10341,40199
10263,40183
10281,40023
10335,40236
10252,40093
10247,40055
10360,40191
10194,40182
10259,40252
10228,40278
10293,40064
10308,40068
10200,40058
10235,39975
10250,40120
10243,40124
10315,40181
10206,40121
10292,40292
10224,40109
10187,39987
10255,40208
10265,40177
10213,40272
10262,40059
10227,40199
10306,40022
10344,40221
10197,40144
10284,40010
10277,40066
10258,40010
10273,40246
10218,40196
10219,40165
10261,40098
10337,40196
10333,40171
10268,40077
10231,40114
10317,40267
10212,39978
10205,40242
10255,40148
10215,40114
10336,40267
10189,39986
10204,40218
10321,40198
10211,40163
10385,40192
10239,40240
10286,40123
10218,40152
10362,40229
10358,40178
10195,40195
10223,39984
10256,40231
10257,40178
10291,40274
10289,40262
10230,40219
10207,40112
10214,40155
10229,40173
10313,40256
10276,40284
10290,40249
10253,40067
10260,40156
10225,40086
10188,39966
10240,40229
10332,40155
10275,40176
10232,40009
10281,40192
10282,40171
10256,40163
10184,40021
10198,39973
10216,40105
10247,40228
10266,40267
10294,40074
10312,40154
10203,40128
10301,40275
10244,40114
10315,40226
10278,40106
10210,40107
10253,40263
10288,40277
10251,40283
10285,40083
10265,40194
10300,40185
10274,40189
10281,40156
10209,40018
10296,40120
10252,40208
10221,40190
10219,40210
10247,40168
10319,40081
10337,40149
10228,40153
10293,40213
10270,40116
10269,40117
10303,40145
10250,39983
10235,40112
10243,40233
10212,40217
10349,40158
10206,40228
10292,40175
10224,40024
10364,40230
10242,40223
10208,40152
10327,40247
10234,40043
10249,40190
10277,40247
10239,40033
10254,40150
10220,40175
10273,40003
10362,40180
10261,39991
10295,40119
10367,40172
10257,40227
10268,40192
10237,40238
10196,40082
10230,39978
10245,40119
10231,40199
10364,40170
10267,40172
10215,39975
10233,40167
10208,40196
10204,40045
10199,40135
10302,40230
10279,40085
10211,40044
10298,40026
10254,40210
10272,40018
10286,40006
10304,40070
10394,40200
10195,40076
10282,40218
10369,40189
10310,40037
10291,40159
10342,40169
10217,40097
10245,40203
10207,39973
10226,40058
10241,40143
10381,40198
10214,40278
10233,40227
10229,40050
10248,40112
10253,39992
10288,40068
10238,40117
10199,40203
10378,40202
10323,40049
10297,40045
10275,40061
10309,40161
10304,40258
10263,40025
10371,40207
10209,40227
10252,40007
10356,40234
10266,40158
10259,40086
10294,40193
10308,40254
10271,40138
10203,40029
10201,40061
10250,40222
10244,40229
10315,40031
10349,40207
10206,40023
10343,40164
10285,40200
10213,40118
10262,40129
10334,40152
10274,40048
10234,40250
10284,40172
10277,40056
10209,40175
10258,40176
10221,40051
10356,40174
10319,40218
10333,40241
10280,40099
10271,40206
10269,40202
10303,40026
10231,40020
10246,40131
10212,40076
10352,40213
10205,40024
10292,40050
10255,40046
10183,40008
10287,40154
10262,40205
10227,39965
10242,40082
10208,40019
10348,40249
10345,40220
10249,40043
10234,40190
10283,40155
10174,40019
10311,40232
10254,40029
10239,40170
10272,40225
10220,40034
10273,40152
10218,40062
10358,40216
10305,40076
10223,40074
10314,40047
10237,40099
10196,40229
10230,40097
10245,39996
10246,40207
10317,40053
10264,40063
10192,39985
10226,40237
10329,40254
10287,40222
10267,40057
10233,40044
10276,40118
10348,40189
10199,40024
10320,40209
10297,40254
10298,40161
10272,40173
10232,40099
10263,40238
10372,40195
10223,40270
10310,40144
10198,40067
10289,40040
10217,39982
10354,40239
10294,40016
10241,40004
10226,40177
10201,40206
10301,40121
10244,40020
10210,40049
10238,40224
10288,39999
10251,40069
10285,39993
10323,40186
10300,40259
10297,40186
10274,40259
10222,40128
10309,40022
10307,40058
10263,40146
10281,40058
10371,40184
10252,40186
10360,40164
10259,40227
10293,40107
10368,40222
10308,40097
10271,39999
10200,40095
10269,40027
10201,40138
10250,40069
10243,40003
10315,40136
10206,40130
10224,40066
10255,40255
10213,40251
10262,40028
10227,40234
10202,40085
10346,40222
10306,40051
10344,40226
10249,40276
10197,39995
10284,40039
10277,40173
10311,40025
10258,40039
10296,40270
10220,40209
10273,40233
10218,40225
10219,40184
10318,40066
10261,40077
10280,39982
10314,40286
10268,40106
10340,40177
10231,40105
10246,39998
10264,40206
10212,39991
10205,40237
10329,40143
10224,40270
10255,40179
10287,40047
10215,40073
10204,40247
10302,40092
10283,40020
10321,40217
10211,40134
10298,40240
10239,40223
10286,40092
10218,40165
10362,40206
10261,40257
10223,39967
10256,40252
10289,40281
10237,39992
10230,40252
10264,40138
10241,40213
10326,40269
10214,39996
10215,40269
10248,40042
10229,40200
10210,40256
10276,40249
10290,40210
10253,40094
10236,40167
10260,39993
10225,40169
10240,40282
10332,40176
10275,40151
10286,40280
10232,39982
10281,40235
10282,40180
10256,40184
10310,40271
10289,40165
10207,40211
10294,40111
10365,40245
10203,40167
10338,40258
10301,40270
10244,40159
10315,40249
10278,40079
10210,40068
10350,40182
10253,40226
10251,40254
10285,40110
10265,40229
10300,40150
10240,40070
10225,40245
10274,40150
10222,40271
10306,40194
10307,40167
10390,40191
10281,40167
10209,39989
10258,40214
10296,40093
10221,40217
10219,40233
10247,40071
10216,40202
10228,40134
10293,40240
10269,40144
10340,40224
10235,40087
10243,40140
10278,40267
10349,40185
10206,40265
10292,40212
10224,39997
10364,40195
10325,40169
10299,40165
10242,40248
10190,39977
10327,40210
10306,40134
10234,40020
10197,40256
10249,40129
10283,40197
10321,40138
10277,40210
10311,40146
10239,40012
10186,40024
10254,40187
10220,40068
10181,39968
10318,40201
10257,40262
10270,40213
10268,40253
10237,40201
10196,40063
10377,40182
10231,40226
10317,40155
10267,40195
10233,40138
10248,40281
10336,40251
10313,40084
10204,40074
10302,40203
10279,40176
10211,40051
10298,40007
10332,40199
10254,40247
10272,39991
10286,39979
10195,40179
10282,40231
10295,40214
10310,40062
10257,40066
10291,40130
10217,40132
10245,40214
10207,40128
10226,40023
10241,40162
10366,40225
10214,40107
10248,40085
10229,40093
10233,40198
10380,40203
10238,40094
10288,40089
10236,40058
10357,40216
10279,40244
10297,40016
10260,40268
10225,40038
10275,40000
10309,40204
10307,40212
10263,39988
10371,40210
10209,40198
10316,40171
10252,40028
10328,40202
10216,39993
10217,40192
10266,40187
10259,40061
10294,40250
10271,40145
10203,40048
10201,40032
10244,40258
10278,39994
10349,40234
10206,40056
10288,40229
10285,40227
10213,40081
10300,40041
10334,40189
10274,40045
10202,39979
10234,40231
10390,40202
10284,40201
10277,40003
10209,40130
10353,40229
10258,40077
10221,40078
10319,40193
10193,39970
10333,40236
10280,40136
10228,40009
10383,40199
10270,40132
10271,40213
10269,40229
10231,40051
10246,40164
10212,40169
10352,40170
10205,40051
10292,40095
10287,40129
10325,40062
10299,40062
10262,40294
10242,40079
10208,40008
10345,40231
10302,40058
10249,40014
10234,40155
10283,40190
10376,40184
10211,40224
10311,40263
10254,40006
10239,40177
10272,40198
10220,40063
10273,39987
10218,39963
10305,40103
10280,40196
10237,40094
10196,40194
10230,40026
10245,40135
10246,40224
10264,40036
10192,40022
10226,40198
10329,40225
10182,40022
10287,40197
10267,40092
10233,40023
10276,40083
10204,39965
10185,40003
10236,40265
10199,40119
10320,40246
10279,40037
10297,40225
10298,40138
10272,40130
10232,40072
10195,40060
10263,40197
10223,40245
10310,40181
10291,40015
10289,40003
10217,39985
10354,40200
10331,40259
10294,40053
10241,40063
10226,40138
10368,40183
10203,40193
10201,40241
10214,40230
10301,40084
10191,40117
10244,40049
10210,40042
10347,40193
10290,39996
10238,40197
10251,40088
10323,40161
10297,40157
10274,40252
10222,39973
10309,40049
10232,40260
10263,40137
10335,40150
10252,40151
10198,40224
10247,39977
10266,40014
10194,39980
10259,40198
10228,40216
10293,40022
10308,40270
10271,40026
10200,40068
10269,40054
10201,40173
10235,40049
10250,40174
10243,40038
10206,40167
10325,40271
10322,40204
10375,40218
10265,39999
10213,40198
10299,40271
10262,40113
10227,40273
10327,40180
10202,40126
10346,40251
10306,40044
10249,40255
10197,39974
10284,40060
10277,40136
10311,40052
10220,40238
10273,40204
10219,39967
10393,40204
10280,39987
10314,40251
10268,40007
10340,40158
10246,40019
10231,40132
10264,40243
10212,39964
10205,40136
10329,40178
10255,40094
10224,40227
10287,40010
10227,40077
10204,40236
10302,40161
10320,40037
10283,40043
10321,40252
10211,40109
10298,40221
10286,40065
10218,40078
10261,40236
10223,40186
10314,40191
10257,39976
10291,40220
10289,40252
10245,40012
10230,40145
10354,40187
10264,40175
10241,40200
10326,40230
10215,40232
10248,40015
10229,40243
10276,40198
10236,40156
10323,40238
10225,40140
10332,40173
10275,40250
10286,40253
10339,40172
10316,40269
10256,40093
10310,40288
10184,39967
10198,40179
10289,40184
10266,40209
10207,40254
10294,40128
10365,40208
10312,40068
10203,40090
10235,40270
10301,40233
10191,39998
10244,40164
10315,40220
10210,40161
10350,40155
10290,40115
10253,40253
10251,40213
10285,40009
10265,40264
10357,40178
10300,40243
10225,40200
10240,40123
10274,40115
10222,40112
10346,40170
10306,40255
10281,40074
10209,39976
10258,40243
10296,40066
10252,40266
10221,40244
10219,40268
10247,40098
10216,40239
10319,40155
10228,40163
10293,40155
10312,40256
10269,40139
10340,40205
10303,40091
10235,40074
10243,40147
10212,40259
10278,40236
10206,40274
10292,40241
10325,40148
10265,40068
10299,40152
10242,40277
10327,40201
10345,40157
10306,40163
10234,39985
10197,40107
10249,40100
10283,40216
10321,40173
10311,40169
10296,40254
10186,39973
10220,40097
10181,40011
10219,40072
10318,40242
10261,40189
10257,40281
10270,40254
10268,40154
10196,40036
10303,40287
10231,40281
10317,40246
10324,40161
10267,40230
10336,40208
10389,40202
10313,40191
10204,40103
10320,40144
10279,40143
10211,40022
10332,40252
10254,40280
10272,39980
10195,40150
10282,40256
10295,40205
10256,40268
10257,40101
10291,40169
10342,40231
10217,40175
10245,40241
10207,40175
10226,39984
10241,40069
10366,40202
10381,40188
10361,40239
10214,40076
10248,40186
10229,40120
10210,40240
10313,40251
10238,40035
10253,40174
10236,40023
10288,40190
10357,40195
10279,40211
10260,40105
10225,40057
10188,40011
10275,40103
10309,40215
10307,40251
10304,40220
10282,40068
10328,40239
10216,40158
10247,40275
10217,40235
10266,40164
10259,40032
10294,40287
10271,40188
10250,40260
10338,40242
10343,40158
10288,40250
10285,40254
10213,40060
10300,40006
10334,40198
10274,40006
10222,40255
10202,40020
10234,40192
10341,40167
10284,40230
10209,40101
10353,40248
10258,40102
10330,40145
10221,40105
10319,40236
10280,40173
10228,40054
10270,40169
10271,40240
10269,40256
10231,40046
10246,40185
10243,40284
10212,40182
10205,40046
10292,40068
10255,39984
10359,40165
10299,40021
10262,40283
10227,39975
10190,40025
10242,40104
10208,40109
10302,40031
10249,40017
10234,40132
10283,40085
10211,40199
10254,40043
10239,40156
10330,40213
10218,39972
10305,40154
10295,40130
10280,40233
10237,40185
10196,40175
10230,40063
10245,40162
10246,40261
10192,40043
10324,40052
10287,40288
10267,40115
10233,40122
10248,40233
10313,40036
10276,40056
10347,40152
10204,39994
10236,40230
10199,40082
10376,40217
10320,40267
10279,40000
10297,40196
10272,40103
10305,40198
10195,40035
10223,40208
10310,40078
10291,40050
10217,40020
10207,40016
10294,40046
10226,40103
10368,40172
10203,40228
10214,40251
10301,40079
10210,40007
10347,40228
10253,40035
10288,40041
10251,40063
10238,40174
10322,40165
10297,40128
10260,40252
10240,40005
10274,40217
10309,40092
10263,40100
10232,40233
10335,40189
10316,40059
10252,39980
10198,40197
10216,40009
10319,40061
10266,40043
10194,40009
10259,40173
10228,40197
10293,40049
10368,40232
10271,40033
10200,40105
10201,40080
10235,40020
10250,40139
10187,40000
10322,40233
10213,40161
10299,40226
10262,40106
10327,40147
10202,40155
10344,40172
10249,40194
10284,40089
10277,40147
10273,40295
10221,39966
10219,39986
10193,40114
10280,40024
10314,40196
10270,40020
10268,40060
10246,40052
10231,40163
10212,40057
10205,40163
10255,40069
10224,40248
10324,40251
10287,40113
10336,40186
10189,40003
10242,39999
10227,40112
10208,39992
10204,40265
10302,40138
10320,40058
10211,40112
10298,40198
10239,40257
10273,40099
10218,40107
10305,40023
10339,40247
10261,40215
10295,40023
10223,40161
10314,40152
10257,40003
10291,40195
10289,40215
10245,40023
10230,40138
10264,40084
10241,40227
10329,40273
10326,40219
10214,40042
10215,40199
10248,40020
10276,40163
10290,40264
10236,40121
10199,39975
10323,40213
10298,40122
10275,40193
10286,40230
10232,40184
10339,40179
10282,39994
10316,40234
10256,40114
10310,40197
10198,40148
10289,40147
10266,40250
10351,40224
10294,40165
10365,40203
10203,40113
10301,40196
10191,39973
10210,40154
10350,40252
10290,40076
10253,40216
10251,40168
10285,40036
10300,40232
10240,40144
10274,40108
10222,40085
10346,40183
10281,40109
10353,40166
10296,40167
10252,40103
10221,40271
10216,40244
10247,40121
10360,40249
10194,40124
10228,40072
10293,40134
10312,40229
10308,40158
10200,39988
10269,40166
10250,40062
10235,40161
10243,40182
10278,40193
10292,40286
10224,40183
10255,40266
10325,40255
10265,40111
10299,40127
10242,40270
10345,40160
10306,40092
10249,40079
10197,40086
10283,40255
10321,40064
10277,40280
10296,40227
10220,40126
10218,40282
10181,40022
10219,40111
10318,40151
10261,40152
10337,40258
10268,40183
10196,40001
10303,40250
10317,40209
10324,40142
10287,39994
10267,40285
10215,40180
10204,40156
10320,40181
10321,40268
10211,39997
10388,40207
10286,40177
10295,40232
10223,40042
10256,40289
10257,40120
10291,40076
10342,40248
10379,40206
10217,40178
10230,40257
10207,40074
10241,40120
10363,40238
10361,40210
10214,40161
10338,40171
10233,40268
10229,40099
10248,40159
10210,40237
10313,40222
10238,40004
10253,40137
10236,40012
10288,40147
10357,40238
10260,40086
10225,40028
10188,39968
10275,40074
10309,40242
10307,40286
10304,40241
10281,40286
10282,40097
10316,40157
10328,40276
10198,40035
10216,40163
10217,40270
10266,40065
10259,40007
10207,40270
10362,40172
10201,39982
10235,40254
10338,40239
10278,40176
10288,40223
10251,40293
10285,40153
10213,40007
10300,40099
10334,40235
10222,40224
10202,40049
10307,40090
10284,40259
10209,40088
10353,40211
10258,40259
10296,40050
10330,40186
10221,40132
10319,40267
10280,40178
10293,40267
10270,40178
10271,40287
10303,40171
10243,40291
10212,40147
10292,40097
10224,40034
10359,40192
10299,40008
10227,40010
10190,40002
10242,40133
10208,40066
10234,40097
10249,39988
10283,40104
10321,40061
10197,40219
10239,39995
10254,40076
10330,40254
10220,39985
10305,40189
10261,40045
10295,40185
10280,40270
10270,40270
10268,40266
10237,40148
10196,40148
10245,40077
10246,40286
10317,40070
10264,39982
10287,40271
10267,40150
10215,40041
10233,40093
10248,40206
10276,40005
10347,40191
10204,40023
10236,40195
10199,40073
10373,40186
10279,40031
10355,40205
10272,40092
10286,40060
10305,40249
10195,40006
10310,40099
10217,40063
10245,40257
10207,40063
10331,40221
10226,40064
10241,39989
10214,40220
10301,40042
10229,39976
10347,40251
10290,40050
10253,40062
10288,40014
10251,40018
10238,40179
10322,40190
10297,40107
10260,40217
10240,40058
10222,40051
10275,39991
10309,40103
10263,40067
10232,40206
10216,40046
10194,40034
10259,40144
10228,40226
10331,40153
10271,40076
10200,40142
10201,40123
10235,40011
10250,40148
10278,40047
10206,39981
10343,40238
10322,40258
10285,40270
10265,40005
10213,40140
10299,40217
10262,40079
10327,40142
10202,40132
10344,40177
10197,40044
10284,40118
10277,39998
10258,39990
10273,40282
10221,39993
10219,40009
10318,40045
10193,40021
10280,40061
10270,40057
10200,40202
10246,40073
10212,40006
10205,40094
10255,40096
10224,40221
10324,40224
10287,40092
10336,40159
10189,40030
10242,40024
10227,40151
10208,39965
10348,40195
10211,40087
10298,40291
10239,40108
10273,40070
10218,40116
10305,40010
10339,40218
10295,40050
10223,40140
10257,40038
10291,40230
10237,40041
10245,40050
10230,40175
10264,40121
10326,40188
10361,40168
10214,40015
10233,39978
10276,40136
10236,40086
10260,40040
10298,40103
10275,40292
10286,40203
10304,40027
10232,40157
10263,40272
10339,40150
10282,40007
10316,40199
10256,40023
10310,40222
10328,40174
10198,40137
10289,40118
10266,40231
10351,40207
10201,40260
10301,40191
10191,40000
10244,39982
10315,40278
10210,39991
10350,40225
10290,40169
10251,40143
10322,40053
10285,40063
10375,40189
10300,40197
10225,40262
10240,40181
10274,40073
10222,40190
10202,40215
10341,40248
10281,40112
10335,40205
10353,40185
10296,40140
10252,40124
10247,40020
10360,40222
10319,40173
10194,40153
10259,40285
10228,40117
10293,40161
10312,40202
10308,40187
10200,40025
10250,40027
10235,40132
10243,40093
10315,40082
10278,40218
10206,40088
10224,40140
10325,40218
10265,40146
10299,40082
10327,40259
10249,40082
10197,40177
10284,39977
10277,40099
10296,40200
10220,40283
10219,40130
10374,40202
10318,40184
10261,40131
10193,40130
10337,40229
10367,40216
10268,40172
10196,39982
10303,40193
10177,39970
10231,40083
10264,40264
10205,40211
10215,40147
10204,40185
10302,40282
10286,40154
10195,40224
10223,40017
10256,40198
10257,40147
10291,40115
10342,40221
10289,40295
10207,40081
10241,40275
10363,40197
10214,40186
10229,40142
10210,40198
10313,40289
10238,39977
10253,40100
10236,39977
10279,40261
10260,40179
10225,40119
10188,39997
10240,40196
10275,40081
10309,40285
10232,40040
10281,40289
10282,40138
10256,40130
10198,40004
10216,40072
10247,40197
10217,40273
10266,40106
10194,40200
10259,39978
10207,40277
10294,40085
10312,40185
10203,39969
10235,40213
10338,40200
10244,40081
10278,40149
10378,40186
10285,40180
10213,39970
10300,40088
10334,40268
10222,40197
10306,40264
10307,40097
10284,40280
10209,40051
10258,40284
10296,40023
10330,40167
10252,40247
10221,40159
10216,40260
10247,40137
10337,40182
10228,39992
10270,40087
10308,40046
10269,40086
10303,40182
10243,40198
10212,40248
10205,39972
10206,40199
10292,40142
10224,40007
10227,40049
10190,40039
10242,40190
10208,40167
10234,40074
10197,40198
10283,40271
10355,40180
10277,40232
10311,40084
10254,40113
10220,40142
10273,40044
10318,40263
10261,40008
10295,40084
10369,40210
10280,40275
10257,40204
10270,40275
10268,40295
10237,40143
10196,40113
10230,39989
10245,40104
10317,40161
10182,39969
10267,40141
10215,40004
10233,40064
10248,40211
10208,40227
10204,40012
10199,40164
10320,40069
10279,40122
10355,40240
10298,40061
10388,40191
10272,40049
10286,40033
10304,40165
10305,40284
10195,40109
10295,40280
10291,39996
10217,40066
10331,40240
10226,40093
10301,40005
10233,40252
10229,40019
10248,40111
10290,40015
10253,40025
10288,40099
10251,39977
10199,40232
10238,40148
10297,40078
10260,40198
10225,39980
10222,40020
10263,40062
10209,40268
10252,40038
10216,40051
10356,40201
10266,39985
10194,40063
10259,40119
10331,40188
10312,40036
10308,40221
10271,40107
10200,40179
10201,40030
10250,40241
10243,39991
10244,40196
10315,40060
10278,40000
10206,39990
10343,40197
10265,40040
10213,40151
10262,40160
10202,40161
10197,40023
10284,40147
10258,40147
10221,40020
10219,40044
10193,40040
10333,40210
10280,40066
10370,40220
10268,39990
10200,40239
10303,40059
10231,39989
10246,40098
10212,40099
10352,40244
10205,40121
10292,40017
10255,40015
10183,39977
10324,40205
10287,40187
10262,40236
10242,40053
10227,40186
10208,40050
10348,40216
10283,39992
10298,40268
10311,40201
10239,40075
10254,39996
10272,40256
10220,40001
10273,40185
10218,40017
10305,40045
10295,40041
10223,40107
10314,40078
10257,40057
10237,40004
10230,40064
10264,40030
10226,40268
10329,40223
10326,40145
10287,40255
10267,40006
10276,40149
10348,40156
10199,40057
10373,40202
10279,39983
10297,40287
10260,40021
10298,40064
10275,40267
10304,40048
10232,40130
10195,39990
10263,40271
10282,40032
10316,40220
10256,40044
10310,40243
10198,40098
10289,40073
10351,40170
10366,40170
10203,40267
10301,40154
10244,40011
10350,40202
10290,40130
10238,40259
10251,40098
10300,40290
10225,40281
10240,40170
10274,40290
10222,40163
10202,40240
10307,40027
10341,40195
10263,40179
10281,40027
10335,40232
10252,40089
10247,40051
10360,40195
10194,40178
10259,40256
10228,40274
10293,40076
10308,40064
10200,40062
10269,39996
10235,39995
10250,40100
10243,40096
10315,40169
10206,40125
10292,40288
10224,40097
10187,39991
10255,40220
10325,40197
10265,40181
10299,40073
10262,40063
10227,40203
10306,40018
10344,40193
10197,40156
10284,40006
10277,40078
10258,40006
10218,40192
10219,40153
10261,40110
10337,40216
10333,40167
10268,40073
10231,40078
10317,40263
10205,40206
10255,40144
10215,40110
10189,39982
10204,40214
10211,40167
10385,40196
10239,40252
10286,40127
10218,40132
10362,40225
10358,40182
10195,40199
10261,40290
10223,39996
10256,40219
10257,40182
10291,40278
10230,40223
10207,40124
10214,40159
10229,40169
10313,40260
10276,40280
10290,40245
10238,39986
10253,40127
10260,40152
10225,40074
10240,40249
10332,40151
10275,40180
10232,40013
10281,40196
10282,40151
10316,40087
10256,40167
10184,40025
10198,39993
10216,40109
10179,39971
10247,40224
10266,40279
10194,40229
10294,40078
10312,40158
10203,40132
10235,40200
10244,40126
10315,40230
10278,40110
10210,40103
10253,40259
10288,40265
10251,40287
10285,40079
10265,40198
10300,40181
10274,40185
10281,40128
10209,40022
10296,40124
10252,40204
10221,40186
10219,40214
10247,40164
10175,40022
10337,40169
10228,39973
10293,40209
10270,40120
10269,40113
10303,40157
10250,39979
10235,40116
10243,40237
10212,40197
10349,40154
10206,40232
10292,40171
10224,40028
10364,40226
10242,40219
10208,40156
10327,40243
10234,40055
10249,40162
10283,40290
10277,40243
10239,40045
10254,40154
10330,40260
10220,40171
10273,40007
10362,40176
10261,39987
10295,40115
10257,40231
10268,40220
10237,40234
10196,40094
10230,39982
10245,40115
10231,40195
10317,40188
10192,40122
10364,40166
10267,40160
10215,39971
10233,40171
10208,40216
10204,40041
10199,40131
10302,40234
10279,40081
10298,40038
10254,40214
10272,40022
10286,40010
10304,40090
10195,40080
10282,40198
10369,40177
10310,40025
10342,40173
10217,40101
10207,39969
10226,40054
10241,40131
10381,40194
10214,40266
10233,40231
10229,40062
10248,40116
10253,39988
10238,40121
10288,40120
10199,40199
10323,40053
10297,40049
10260,40291
10275,40033
10309,40173
10304,40262
10263,40021
10209,40231
10252,40003
10356,40246
10266,40154
10259,40090
10294,40197
10308,40250
10271,40118
10203,40017
10201,40001
10250,40218
10244,40225
10349,40203
10206,40027
10343,40160
10285,40196
10213,40114
10262,40133
10334,40156
10234,40262
10284,40168
10277,40036
10209,40163
10258,40172
10221,40047
10356,40170
10333,40205
10280,40103
10270,39975
10271,40202
10269,40198
10303,40006
10231,40016
10246,40135
10212,40072
10352,40201
10205,40020
10292,40062
10255,40042
10287,40166
10262,40193
10242,40046
10227,40161
10208,40023
10348,40245
10345,40192
10249,40047
10234,40186
10283,40159
10211,40257
10174,40023
10311,40228
10239,40086
10272,40229
10220,40030
10273,40156
10218,40058
10358,40220
10305,40064
10223,40086
10314,40043
10237,40127
10196,40225
10230,40101
10245,39992
10246,40195
10317,40049
10264,40003
10192,39989
10226,40233
10329,40194
10287,40218
10267,40061
10233,40048
10276,40114
10348,40185
10199,40020
10323,40258
10320,40213
10373,40213
10297,40258
10298,40173
10272,40161
10232,40103
10263,40234
10372,40207
10223,40266
10310,40148
10198,40071
10289,40044
10354,40235
10294,40020
10241,40024
10226,40173
10201,40210
10301,40117
10244,40016
10290,40159
10238,40228
10251,40121
10323,40190
10300,40287
10297,40190
10274,40287
10222,40132
10309,40018
10307,40062
10263,40174
10281,40062
10335,40247
10371,40188
10252,40182
10198,40259
10360,40168
10259,40231
10293,40119
10368,40210
10271,39995
10200,40035
10269,40023
10201,40142
10250,40065
10243,40007
10315,40140
10206,40134
10224,40070
10255,40251
10213,40231
10262,40016
10227,40238
10202,40081
10346,40218
10306,40015
10344,40230
10249,40280
10197,40135
10284,40035
10277,40169
10311,40021
10258,40035
10296,40274
10220,40205
10273,40237
10218,40237
10219,40188
10318,40070
10261,40073
10314,40282
10268,40102
10340,40189
10231,40101
10246,39986
10264,40210
10212,39987
10205,40233
10329,40147
10224,40258
10255,40191
10287,40043
10215,40069
10204,40243
10302,40064
10283,40008
10321,40221
10211,40138
10298,40252
10239,40219
10286,40096
10218,40161
10362,40202
10358,40171
10261,40269
10223,39963
10256,40240
10289,40285
10237,39988
10230,40240
10264,40142
10326,40257
10214,39984
10215,40265
10248,40046
10229,40212
10276,40229
10290,40206
10253,40090
10236,40163
10260,40133
10225,40173
10275,40155
10286,40284
10232,39986
10281,40239
10282,40176
10256,40188
10310,40259
10184,39998
10216,40114
10247,40255
10207,40223
10294,40099
10365,40241
10203,40187
10301,40266
10191,39967
10244,40155
10315,40253
10278,40067
10210,40064
10350,40186
10253,40286
10251,40242
10285,40106
10265,40233
10300,40146
10240,40090
10225,40233
10274,40146
10222,40275
10306,40222
10307,40171
10281,40171
10209,40009
10258,40210
10296,40097
10221,40213
10219,40237
10247,40067
10216,40206
10228,40130
10293,40252
10269,40108
10340,40236
10235,40107
10250,39988
10243,40240
10278,40271
10349,40181
10206,40269
10292,40208
10224,39985
10364,40223
10325,40181
10299,40185
10242,40244
10190,39981
10327,40238
10234,40016
10249,40133
10321,40142
10277,40222
10311,40142
10239,40008
10186,40004
10254,40191
10220,40064
10318,40205
10295,40110
10369,40232
10367,40183
10257,40250
10270,40217
10268,40249
10237,40197
10196,40059
10377,40186
10231,40254
10317,40151
10267,40199
10215,39998
10233,40142
10248,40285
10336,40255
10313,40088
10204,40070
10302,40207
10279,40172
10211,40055
10298,40003
10332,40195
10254,40251
10272,40011
10286,39983
10195,40183
10282,40227
10295,40210
10310,40050
10257,40070
10291,40134
10217,40136
10245,40210
10207,40140
10226,40019
10241,40166
10366,40229
10214,40111
10248,40089
10229,40089
10233,40202
10380,40199
10238,40066
10288,40093
10236,40054
10378,40211
10279,40240
10297,40020
10260,40264
10225,39962
10275,40004
10309,40200
10307,40216
10263,39984
10371,40214
10209,40218
10316,40167
10252,40024
10328,40206
10216,39997
10217,40196
10266,40135
10259,40065
10294,40254
10271,40157
10203,40052
10201,40036
10244,40270
10278,39998
10349,40230
10206,40060
10343,40191
10285,40223
10213,40093
10300,40037
10334,40161
10274,40041
10202,39991
10234,40227
10390,40206
10284,40197
10277,40015
10209,40134
10258,40073
10221,40074
10319,40205
10193,39974
10333,40232
10280,40140
10228,40021
10383,40195
10270,40136
10271,40209
10269,40225
10231,40015
10246,40152
10212,40085
10352,40174
10205,40015
10292,40091
10287,40141
10325,40058
10299,40050
10242,40075
10208,40012
10345,40235
10302,40062
10249,40050
10234,40167
10283,40178
10376,40188
10211,40228
10311,40259
10254,40010
10239,40189
10272,40218
10220,40059
10273,39991
10358,40241
10280,40200
10314,40052
10237,40090
10196,40206
10230,40030
10245,40131
10246,40228
10264,40040
10192,40010
10226,40194
10329,40229
10182,40010
10287,40193
10267,40080
10233,40027
10276,40095
10185,40007
10236,40261
10199,40115
10320,40234
10279,40033
10297,40229
10298,40150
10272,40134
10232,40076
10263,40193
10372,40212
10223,40241
10256,39974
10310,40169
10291,40019
10289,40007
10217,39989
10354,40196
10331,40263
10294,40009
10241,40051
10226,40134
10203,40197
10201,40245
10301,40080
10191,40113
10244,40061
10210,40038
10347,40197
10238,40201
10251,40092
10323,40165
10297,40161
10274,40248
10222,39977
10202,40262
10309,40061
10232,40264
10263,40133
10335,40146
10252,40147
10198,40228
10266,40010
10194,39976
10259,40202
10293,40018
10308,40266
10271,40006
10200,40072
10269,40050
10201,40177
10235,40053
10250,40170
10243,40042
10206,40171
10224,40091
10187,40033
10255,40230
10325,40267
10322,40200
10375,40214
10213,40194
10299,40259
10262,40117
10227,40277
10327,40176
10202,40122
10346,40231
10306,40040
10249,40227
10197,39970
10284,40056
10277,40180
10311,40048
10258,40060
10220,40234
10273,40192
10218,40246
10280,39991
10314,40231
10268,40003
10340,40154
10246,40023
10231,40128
10264,40247
10205,40132
10329,40182
10255,40090
10224,40231
10287,40022
10189,40036
10227,40081
10204,40232
10302,40165
10283,40047
10321,40240
10211,40145
10298,40217
10286,40069
10218,40074
10261,40232
10314,40187
10257,39980
10291,40288
10289,40240
10237,39983
10245,40008
10230,40149
10354,40183
10264,40179
10241,40204
10326,40250
10215,40228
10248,40051
10229,40255
10276,40194
10236,40152
10323,40242
10225,40128
10332,40169
10275,40254
10286,40257
10281,40242
10316,40265
10256,40081
10198,40183
10289,40188
10266,40221
10207,40250
10294,40132
10365,40236
10312,40072
10203,40094
10235,40258
10301,40229
10191,39994
10244,40160
10315,40208
10210,40189
10350,40159
10290,40111
10253,40249
10251,40201
10285,40005
10265,40268
10357,40190
10300,40143
10225,40204
10240,40127
10274,40143
10222,40116
10346,40150
10306,40251
10281,40078
10335,40263
10209,39980
10258,40239
10296,40070
10252,40262
10221,40240
10219,40256
10247,40094
10216,40211
10228,40175
10293,40231
10312,40260
10269,40135
10340,40201
10303,40071
10235,40078
10377,40193
10243,40151
10212,40271
10278,40224
10206,40278
10292,40253
10325,40144
10265,40072
10299,40156
10242,40273
10327,40197
10306,40191
10234,39997
10197,40119
10249,40104
10283,40220
10321,40161
10311,40165
10239,40023
10186,39969
10254,40160
10220,40093
10219,40076
10318,40246
10261,40185
10257,40285
10270,40226
10268,40150
10196,40032
10303,40283
10231,40277
10317,40242
10382,40183
10324,40173
10267,40250
10336,40212
10313,40163
10208,40274
10204,40099
10302,40208
10320,40148
10279,40139
10211,40026
10332,40248
10254,40284
10195,40154
10282,40268
10295,40201
10256,40256
10257,40089
10291,40173
10342,40155
10217,40147
10245,40253
10207,40171
10226,39980
10241,40089
10366,40206
10381,40184
10361,40243
10214,40064
10248,40190
10229,40068
10313,40255
10238,40039
10253,40170
10236,40019
10288,40178
10357,40207
10279,40207
10297,39999
10260,40117
10225,40061
10188,40007
10275,40107
10309,40211
10307,40255
10304,40208
10263,39983
10282,40064
10316,40188
10328,40243
10216,40130
10247,40271
10217,40239
10266,40160
10259,40036
10294,40275
10271,40184
10203,40043
10250,40256
10343,40154
10288,40254
10285,40250
10213,40056
10300,40002
10334,40202
10274,40002
10202,40016
10234,40204
10341,40163
10284,40226
10209,40121
10353,40252
10258,40098
10330,40157
10221,40101
10319,40232
10193,39993
10280,40145
10228,40050
10270,40173
10271,40252
10269,40284
10231,40042
10246,40189
10243,40256
10212,40178
10205,40042
10292,40064
10255,39996
10299,40041
10262,40287
10227,39979
10190,40029
10242,40100
10208,40097
10302,40003
10249,40021
10197,40252
10283,40073
10321,40030
10211,40203
10234,40128
10311,40286
10254,40047
10239,40152
10330,40209
10273,39978
10218,39968
10358,40234
10305,40158
10295,40158
10280,40237
10237,40181
10196,40171
10230,40051
10245,40174
10246,40249
10226,40223
10324,40048
10267,40119
10233,40126
10248,40237
10313,40040
10276,40036
10347,40156
10204,39990
10236,40226
10199,40110
10320,40271
10279,40060
10297,40200
10272,40123
10305,40218
10195,40039
10223,40220
10256,39995
10310,40066
10291,40054
10289,40026
10217,40024
10207,40028
10294,40034
10226,40099
10203,40248
10214,40255
10301,40075
10210,40003
10347,40216
10238,40210
10288,40045
10251,40051
10322,40161
10297,40132
10260,40248
10240,40025
10274,40213
10309,40088
10263,40096
10232,40237
10335,40185
10316,40055
10252,39976
10198,40217
10216,40013
10319,40057
10266,40055
10194,40005
10259,40177
10228,40193
10293,40061
10383,40191
10368,40236
10308,40279
10271,40045
10200,40109
10269,40045
10201,40084
10235,40040
10250,40183
10243,40049
10187,40004
10322,40229
10213,40173
10299,40230
10262,40110
10327,40175
10202,40103
10249,40198
10284,40085
10277,40159
10221,39962
10219,39990
10193,40118
10280,40028
10314,40192
10270,40024
10268,40056
10246,40040
10231,40191
10212,40037
10205,40191
10255,40065
10224,40252
10324,40263
10287,40125
10336,40190
10242,39995
10227,40116
10208,39996
10204,40261
10302,40142
10320,40062
10211,40116
10298,40194
10239,40269
10273,40103
10218,40087
10339,40251
10261,40211
10295,40019
10223,40173
10257,40007
10291,40199
10289,40203
10245,40019
10230,40142
10264,40088
10241,40231
10326,40223
10214,40046
10215,40195
10248,40024
10276,40175
10290,40260
10236,40117
10199,39971
10323,40217
10225,40155
10275,40197
10286,40234
10232,40188
10339,40183
10316,40230
10256,40118
10198,40168
10289,40151
10266,40198
10351,40236
10294,40185
10365,40199
10203,40117
10301,40192
10191,39969
10210,40150
10290,40072
10253,40212
10251,40172
10285,40032
10300,40228
10240,40148
10274,40104
10222,40089
10346,40179
10281,40081
10296,40171
10252,40099
10221,40267
10216,40248
10247,40117
10194,40120
10228,40084
10293,40130
10312,40233
10308,40154
10200,39992
10269,40162
10340,40214
10250,40058
10235,40165
10243,40186
10212,40276
10278,40197
10292,40282
10224,40171
10255,40278
10325,40251
10265,40115
10299,40115
10242,40266
10345,40164
10306,40088
10234,39974
10197,40082
10249,40115
10321,40068
10283,40243
10277,40260
10296,40231
10220,40122
10218,40262
10181,40018
10219,40099
10318,40155
10261,40164
10337,40262
10268,40179
10237,40283
10196,40013
10303,40230
10317,40205
10363,40166
10267,40273
10215,40176
10336,40201
10204,40152
10320,40169
10321,40256
10211,39969
10388,40203
10254,40257
10286,40181
10195,40129
10295,40228
10223,40054
10257,40124
10291,40080
10342,40252
10379,40194
10217,40182
10230,40261
10207,40182
10241,40124
10366,40211
10363,40226
10361,40214
10214,40165
10338,40167
10233,40272
10229,40111
10248,40131
10210,40233
10313,40194
10238,40008
10253,40133
10236,40008
10288,40151
10357,40234
10260,40082
10225,40016
10188,40028
10275,40078
10309,40254
10307,40258
10304,40245
10281,40258
10282,40109
10316,40153
10198,40039
10216,40167
10217,40242
10266,40077
10259,40011
10207,40266
10201,39986
10235,40242
10338,40235
10278,40180
10288,40211
10285,40149
10213,40003
10300,40127
10334,40239
10274,39999
10222,40228
10202,40061
10307,40094
10284,40255
10209,40092
10353,40215
10258,40127
10296,40054
10221,40128
10319,40279
10280,40182
10228,39967
10293,40279
10270,40182
10308,40013
10271,40283
10212,40159
10292,40109
10224,40038
10359,40220
10299,40012
10227,40014
10190,40006
10242,40129
10208,40070
10249,39992
10197,40231
10283,40108
10321,40049
10234,40109
10254,40080
10330,40250
10220,39981
10305,40177
10261,40041
10295,40181
10280,40242
10268,40262
10237,40144
10196,40144
10245,40073
10246,40274
10317,40066
10264,39986
10287,40267
10267,40106
10215,40037
10233,40097
10248,40242
10313,40051
10276,40001
10347,40179
10204,40019
10236,40223
10199,40069
10279,40027
10355,40209
10272,40080
10304,40132
10305,40253
10195,40010
10310,40103
10289,39997
10217,40035
10245,40269
10207,40059
10331,40209
10226,40124
10214,40208
10301,40038
10229,39988
10290,40046
10253,40058
10288,40002
10251,40022
10238,40183
10322,40186
10297,40111
10260,40229
10240,40062
10274,40206
10222,40055
10275,39995
10309,40099
10263,40095
10232,40210
10216,40018
10319,40036
10194,40030
10259,40148
10228,40238
10331,40157
10271,40072
10200,40146
10201,40127
10235,40015
10250,40144
10278,40035
10187,40027
10343,40234
10322,40254
10285,40266
10265,40009
10213,40136
10299,40221
10262,40067
10202,40128
10344,40181
10197,40040
10284,40114
10277,39994
10258,39986
10273,40286
10221,39989
10219,40013
10318,40049
10193,40009
10280,40033
10270,40061
10200,40206
10246,40077
10212,40002
10205,40090
10255,40108
10224,40209
10324,40236
10287,40088
10336,40147
10189,40026
10242,40020
10227,40155
10302,40147
10211,40091
10239,40104
10273,40090
10218,40112
10305,40014
10339,40222
10295,40014
10223,40136
10257,40026
10291,40234
10237,40037
10245,40062
10230,40163
10264,40125
10326,40176
10361,40172
10214,40003
10215,40222
10233,39982
10229,40261
10276,40180
10185,39994
10236,40082
10260,40052
10298,40099
10286,40207
10304,40031
10232,40161
10339,40154
10282,40003
10316,40195
10256,40011
10310,40210
10328,40178
10198,40141
10289,40106
10266,40227
10351,40203
10203,40104
10201,40264
10301,40187
10191,40012
10244,39978
10315,40266
10210,39987
10350,40229
10290,40165
10251,40131
10322,40049
10285,40059
10375,40185
10300,40193
10240,40137
10274,40069
10222,40066
10202,40211
10341,40228
10281,40116
10335,40201
10353,40189
10296,40144
10252,40120
10247,40016
10360,40226
10319,40169
10194,40149
10259,40289
10228,40113
10293,40173
10312,40206
10308,40167
10200,40029
10250,40007
10235,40152
10243,40065
10315,40086
10278,40222
10206,40092
10292,40263
10224,40128
10325,40230
10265,40150
10299,40086
10249,40086
10197,40189
10277,40111
10296,40204
10220,40279
10219,40134
10374,40206
10318,40188
10261,40143
10337,40249
10367,40196
10268,40168
10196,39978
10303,40205
10177,39974
10264,40268
10287,39981
10215,40143
10204,40181
10302,40286
10286,40158
10195,40228
10223,40029
10257,40151
10291,40119
10342,40209
10207,40093
10241,40279
10363,40217
10214,40190
10248,39976
10229,40138
10210,40194
10238,39981
10253,40096
10279,40257
10260,40191
10225,40107
10188,39993
10240,40216
10275,40085
10309,40281
10304,40234
10232,40044
10281,40293
10282,40118
10256,40134
10384,40203
10198,40024
10216,40076
10247,40193
10217,40277
10266,40118
10194,40196
10259,39982
10207,40273
10312,40189
10203,39973
10235,40233
10338,40196
10244,40093
10278,40137
10253,40292
10285,40176
10213,39982
10300,40084
10334,40240
10222,40201
10202,40038
10306,40260
10307,40101
10284,40276
10209,40055
10258,40280
10296,40027
10330,40163
10252,40243
10221,40155
10216,40264
10247,40133
10270,40091
10308,40042
10271,40294
10269,40082
10303,40178
10178,39976
10243,40202
10212,40228
10205,39968
10206,40203
10292,40138
10224,40059
10359,40251
10227,40053
10242,40186
10208,40187
10234,40086
10197,40194
10283,40259
10355,40184
10311,40080
10254,40117
10330,40231
10220,40138
10273,40032
10318,40267
10261,40020
10295,40080
10369,40214
10280,40279
10257,40192
10270,40279
10268,40291
10237,40139
10196,40125
10245,40084
10182,39973
10267,40129
10215,40000
10233,40068
10248,40215
10276,39982
10208,40231
10204,40008
10199,40160
10279,40118
10355,40244
10298,40057
10272,40053
10286,40037
10304,40185
10305,40272
10195,40113
10295,40276
10217,40070
10331,40244
10226,40089
10241,39980
10229,40031
10290,40011
10253,40021
10288,40103
10251,39981
10199,40228
10238,40152
10297,40082
10260,40194
10225,39968
10222,40024
10309,40142
10263,40058
10209,40256
10252,40034
10216,40055
10356,40213
10266,39997
10194,40059
10259,40123
10331,40176
10312,40040
10308,40217
10271,40087
10200,40183
10201,40098
10250,40253
10243,39995
10244,40192
10315,40048
10278,40004
10206,39994
10343,40193
10285,40293
10265,40044
10213,40147
10262,40164
10202,40173
10234,40281
10197,40019
10284,40143
10258,40143
10221,40016
10219,40032
10193,40044
10280,40070
10370,40216
10268,39986
10200,40243
10303,40039
10231,39985
10246,40102
10212,40111
10352,40232
10205,40117
10292,40029
10255,40011
10183,39973
10324,40201
10287,40071
10262,40224
10242,40049
10227,40190
10208,40054
10348,40212
10283,39996
10298,40264
10311,40197
10239,40119
10272,40260
10273,40189
10218,40029
10305,40033
10295,40037
10223,40119
10314,40074
10257,40061
10237,40000
10230,40068
10264,40098
10226,40264
10326,40149
10287,40251
10267,40026
10276,40145
10348,40152
10185,39965
10236,40079
10199,40053
10279,39979
10297,40291
10260,40017
10298,40076
10275,40271
10304,40052
10232,40134
10195,39994
10263,40267
10282,40044
10372,40174
10316,40216
10256,40032
10310,40247
10198,40102
10289,40077
10351,40182
10366,40174
10203,40271
10301,40150
10191,40043
10244,39991
10210,39980
10350,40206
10290,40190
10238,40263
10251,40102
10322,40074
10240,40174
10222,40167
10202,40252
10307,40031
10341,40207
10281,40031
10335,40212
10252,40085
10247,40047
10360,40199
10194,40174
10259,40260
10293,40072
10312,40211
10308,40076
10200,40002
10269,39992
10235,39999
10250,40096
10243,40100
10315,40173
10206,40097
10224,40101
10187,39979
10255,40216
10325,40193
10265,40185
10299,40077
10262,40051
10227,40207
10344,40197
10197,40152
10284,40002
10277,40074
10258,40002
10218,40204
10219,40157
10318,40161
10261,40106
10337,40220
10333,40163
10268,40069
10177,40025
10231,40074
10317,40259
10205,40202
10255,40156
10215,40106
10336,40259
10189,39978
10204,40210
10302,40099
10211,40171
10239,40248
10286,40131
10218,40128
10362,40237
10195,40203
10223,39992
10256,40223
10257,40170
10291,40282
10230,40211
10207,40120
10241,40266
10214,40147
10229,40181
10313,40264
10276,40260
10290,40241
10238,39990
10253,40123
10279,40284
10260,40164
10225,40078
10240,40253
10332,40147
10275,40184
10232,40017
10281,40200
10282,40147
10316,40083
10256,40155
10184,40029
10198,39997
10216,40081
10179,39975
10247,40220
10266,40275
10194,40225
10294,40066
10203,40152
10235,40204
10244,40122
10278,40098
10210,40099
10288,40269
10251,40275
10285,40075
10265,40202
10300,40177
10274,40181
10306,40289
10307,40136
10281,40132
10209,40042
10296,40000
10252,40200
10221,40182
10219,40202
10247,40160
10175,40018
10337,40173
10228,39969
10293,40221
10270,40124
10308,40055
10269,40077
10303,40153
10243,40209
10212,40193
10349,40150
10206,40236
10292,40183
10224,40016
10242,40215
10208,40144
10234,40051
10249,40166
10283,40294
10277,40255
10239,40041
10254,40158
10330,40256
10220,40167
10273,40027
10362,40188
10261,39999
10295,40079
10369,40201
10257,40219
10268,40216
10237,40230
10196,40090
10230,39970
10245,40127
10231,40223
10317,40184
10192,40126
10267,40164
10215,40031
10233,40175
10208,40220
10204,40037
10199,40159
10302,40238
10279,40077
10298,40034
10254,40218
10272,40042
10286,40014
10304,40094
10305,40267
10195,40084
10282,40194
10369,40181
10310,40029
10342,40161
10217,40105
10207,39981
10331,40235
10226,40050
10241,40135
10214,40270
10233,40235
10229,40058
10248,40120
10253,39984
10238,40125
10288,40124
10199,40195
10323,40057
10297,40053
10225,39995
10275,40037
10309,40169
10304,40282
10263,40017
10209,40251
10252,40063
10216,39964
10356,40242
10259,40094
10294,40217
10308,40230
10271,40114
10203,40021
10201,40005
10250,40198
10244,40237
10278,40025
10349,40199
10206,40031
10343,40220
10285,40192
10213,40126
10262,40153
10234,40258
10284,40164
10277,40032
10209,40167
10258,40168
10221,40043
10356,40182
10333,40201
10280,40107
10270,39979
10268,39983
10269,40194
10231,39980
10178,40024
10246,40123
10212,40116
10352,40205
10205,40016
10292,40058
10255,40054
10183,40000
10287,40162
10262,40197
10242,40042
10227,40165
10208,40043
10348,40241
10345,40196
10283,40147
10211,40261
10311,40224
10239,40082
10254,39973
10272,40249
10220,40026
10273,40144
10218,40038
10358,40208
10305,40068
10223,40082
10314,40087
10237,40123
10230,40121
10246,40199
10317,40045
10264,40007
10192,39977
10226,40229
10329,40198
10326,40142
10180,40013
10287,40230
10267,40049
10233,40052
10276,40126
10348,40181
10185,40032
10199,40016
10323,40262
10320,40201
10373,40209
10297,40262
10298,40169
10275,40274
10272,40165
10304,40041
10232,40107
10195,39969
10263,40230
10372,40203
10223,40278
10310,40136
10198,40091
10289,40032
10354,40231
10351,40157
10241,40028
10226,40169
10366,40179
10201,40214
10301,40113
10244,40028
10290,40155
10238,40232
10251,40125
10285,39985
10323,40066
10300,40283
10274,40283
10222,40136
10309,40030
10307,40034
10263,40170
10281,40034
10335,40243
10252,40178
10198,40263
10360,40172
10259,40235
10293,40115
10368,40214
10365,40188
10308,40105
10271,39975
10200,40039
10269,40019
10201,40146
10250,40077
10243,40011
10206,40138
10224,40122
10255,40199
10213,40227
10299,40288
10262,40020
10227,40242
10202,40093
10346,40198
10306,40011
10344,40234
10249,40284
10197,40131
10284,40031
10277,40085
10311,40017
10258,40031
10296,40278
10220,40201
10273,40225
10218,40233
10219,40176
10318,40074
10261,40085
10314,40262
10268,40098
10340,40185
10231,40097
10246,39990
10264,40214
10212,39999
10317,40286
10205,40229
10329,40151
10224,40262
10255,40187
10287,40055
10215,40065
10204,40207
10302,40068
10283,40012
10321,40209
10211,40142
10298,40248
10239,40199
10286,40100
10218,40173
10362,40214
10358,40175
10261,40265
10223,39975
10256,40244
10291,40257
10289,40273
10237,39984
10230,40244
10264,40146
10326,40261
10214,39988
10215,40261
10229,40208
10210,40280
10313,40275
10276,40225
10290,40202
10253,40086
10236,40191
10260,40129
10225,40161
10240,40274
10275,40159
10286,40288
10232,39990
10281,40211
10282,40188
10256,40176
10310,40263
10184,39970
10216,40118
10247,40251
10207,40219
10294,40103
10203,40191
10301,40262
10244,40135
10315,40241
10278,40071
10210,40092
10350,40190
10253,40282
10251,40246
10285,40102
10265,40237
10300,40174
10240,40094
10225,40237
10274,40174
10222,40279
10306,40218
10307,40175
10281,40175
10209,40013
10258,40206
10296,40101
10252,40293
10221,40209
10219,40225
10247,40191
10319,40068
10228,40142
10293,40248
10269,40104
10340,40232
10303,40100
10250,39984
10235,40111
10243,40244
10278,40259
10349,40177
10206,40241
10292,40220
10224,39989
10364,40219
10325,40177
10299,40189
10242,40240
10190,39985
10327,40234
10306,40158
10234,40028
10249,40137
10277,40218
10311,40138
10239,40052
10186,40000
10254,40131
10220,40188
10181,39976
10318,40209
10295,40106
10369,40236
10367,40179
10257,40254
10270,40221
10268,40245
10237,40193
10196,40071
10377,40190
10231,40250
10317,40147
10267,40219
10215,39994
10233,40146
10248,40257
10336,40243
10313,40092
10204,40066
10302,40243
10279,40168
10211,40059
10298,40015
10332,40223
10254,40255
10272,40015
10195,40187
10282,40239
10310,40054
10291,40138
10342,40186
10217,40140
10245,40222
10207,40136
10226,40015
10241,40186
10366,40233
10214,40099
10248,40093
10229,40037
10233,40206
10380,40195
10238,40070
10288,40081
10236,40050
10279,40236
10297,40024
10260,40276
10225,39966
10188,40038
10275,40008
10309,40180
10307,40220
10263,40012
10371,40218
10209,40222
10316,40163
10252,40020
10328,40210
10216,39969
10217,40200
10266,40131
10259,40069
10294,40242
10312,40018
10271,40153
10203,40008
10201,40040
10250,40291
10244,40266
10278,39986
10349,40226
10206,40032
10343,40187
10285,40219
10213,40089
10300,40033
10334,40165
10274,40037
10202,39987
10234,40239
10390,40194
10284,40193
10277,40011
10209,40154
10258,40069
10221,40070
10319,40201
10333,40228
10280,40112
10228,40017
10383,40207
10270,40140
10271,40221
10269,40253
10231,40011
10246,40156
10212,40081
10352,40162
10205,40011
10292,40039
10183,40031
10287,40137
10299,40054
10242,40071
10208,40000
10345,40239
10302,40034
10249,40054
10234,40163
10283,40182
10211,40232
10311,40255
10254,40014
10239,40185
10272,40222
10220,40055
10273,40139
10358,40245
10295,39999
10280,40204
10314,40048
10237,40086
10196,40202
10230,40018
10245,40143
10246,40216
10264,40044
10192,40014
10226,40254
10329,40233
10182,40014
10287,40205
10267,40084
10233,40031
10276,40091
10185,40011
10236,40257
10199,40015
10320,40238
10297,40233
10298,40146
10272,40154
10232,40080
10263,40221
10372,40208
10223,40253
10310,40173
10291,40023
10289,40059
10379,40185
10217,39993
10354,40192
10294,40013
10241,40055
10226,40130
10203,40217
10201,40249
10301,40108
10244,40057
10210,40034
10238,40205
10251,40080
10323,40169
10297,40165
10240,39992
10274,40244
10222,39981
10202,40258
10309,40057
10232,40268
10263,40129
10335,40158
10252,40143
10198,40248
10319,40030
10266,40022
10194,39972
10259,40206
10293,40030
10368,40203
10271,40002
10200,40076
10269,40014
10201,40181
10250,40086
10243,40046
10206,40175
10224,40095
10187,40037
10255,40226
10322,40196
10375,40210
10213,40206
10299,40263
10262,40009
10227,40281
10202,40070
10346,40227
10306,40036
10249,40231
10197,39982
10284,40052
10277,40176
10311,40044
10258,40056
10220,40230
10273,40196
10218,40242
10280,39995
10314,40227
10268,40031
10246,40011
10231,40156
10264,40251
10205,40128
10329,40186
10255,40166
10287,40018
10215,40092
10189,40032
10227,40085
10204,40228
10302,40169
10320,40029
10283,40035
10321,40244
10211,40149
10298,40229
10286,40073
10218,40182
10261,40244
10314,40167
10291,40292
10289,40244
10237,39979
10230,40233
10354,40179
10264,40183
10241,40192
10326,40254
10215,40224
10248,40055
10229,40251
10276,40206
10236,40148
10323,40246
10260,39982
10225,40132
10332,40165
10275,40226
10286,40261
10281,40246
10316,40261
10256,40085
10310,40280
10289,40176
10179,40017
10266,40217
10207,40230
10294,40152
10365,40232
10312,40076
10203,40082
10235,40262
10301,40225
10244,40172
10315,40212
10278,40088
10210,40185
10350,40163
10290,40107
10253,40245
10251,40205
10285,40001
10265,40272
10357,40186
10300,40139
10225,40192
10240,40115
10274,40139
10222,40120
10306,40247
10307,40178
10281,40178
10335,40259
10209,39968
10258,40235
10296,40074
10252,40258
10221,40236
10219,40260
10247,40090
10216,40215
10228,40171
10293,40227
10312,40264
10269,40131
10340,40245
10303,40067
10235,40066
10377,40197
10243,40155
10212,40267
10278,40228
10292,40249
10325,40156
10265,40076
10299,40144
10242,40237
10327,40193
10306,40187
10234,39993
10197,40115
10249,40108
10283,40208
10321,40165
10277,40293
10311,40161
10239,40019
10186,39981
10254,40164
10220,40089
10219,40064
10318,40250
10257,40273
10270,40230
10268,40146
10196,40044
10303,40263
10231,40273
10317,40238
10205,40277
10382,40187
10324,40169
10267,40254
10336,40232
10313,40167
10208,40278
10204,40127
10302,40212
10279,40135
10211,40030
10332,40244
10254,40224
10304,40104
10195,40158
10282,40264
10295,40197
10256,40260
10257,40093
10291,40177
10342,40159
10217,40151
10245,40249
10207,40151
10226,39976
10241,40093
10366,40242
10361,40247
10214,40068
10248,40162
10229,40064
10313,40227
10238,40043
10253,40166
10236,40047
10288,40182
10357,40203
10279,40203
10297,40003
10260,40113
10225,40049
10188,40003
10275,40111
10309,40223
10307,40227
10304,40212
10371,40225
10282,40076
10316,40184
10328,40247
10216,40134
10247,40267
10217,40211
10266,40172
10259,40040
10294,40279
10271,40164
10203,40047
10250,40268
10244,40279
10349,40253
10343,40150
10288,40242
10285,40246
10213,40036
10300,40030
10334,40206
10274,40030
10202,40028
10234,40200
10341,40175
10284,40222
10277,40022
10209,40125
10353,40240
10258,40094
10330,40153
10221,40097
10319,40244
10193,39997
10280,40149
10228,40062
10270,40145
10271,40248
10269,40280
10231,40038
10246,40177
10243,40260
10212,40190
10205,40038
10292,40076
10255,39992
10359,40189
10299,40045
10262,40275
10227,39983
10242,40096
10208,40101
10345,40242
10302,40007
10249,40025
10197,40248
10283,40077
10234,40140
10211,40207
10311,40282
10254,40051
10239,40132
10330,40221
10273,39982
10218,39980
10358,40238
10305,40146
10392,40195
10295,40154
10280,40209
10314,40029
10237,40177
10196,40183
10230,40055
10245,40170
10246,40253
10192,40035
10226,40219
10324,40060
10267,40075
10233,40002
10313,40044
10276,40032
10204,39986
10236,40254
10199,40106
10376,40193
10320,40259
10279,40056
10297,40204
10298,39999
10272,40127
10305,40222
10195,40043
10223,40216
10256,39999
10310,40070
10291,40058
10289,40030
10217,40028
10354,40221
10207,40024
10294,40038
10241,40042
10226,40159
10203,40252
10214,40243
10301,40071
10210,40031
10347,40220
10238,40214
10288,40033
10251,40055
10322,40157
10323,40140
10297,40136
10240,40029
10274,40209
10309,40068
10232,40241
10263,40124
10335,40165
10316,40051
10198,40221
10247,39996
10266,40051
10194,40001
10259,40181
10228,40205
10293,40057
10368,40224
10308,40275
10271,40041
10200,40113
10269,40041
10201,40088
10235,40044
10250,40179
10243,40053
10206,40176
10322,40225
10213,40169
10299,40250
10262,40098
10327,40171
10202,40099
10344,40148
10249,40202
10284,40081
10277,40155
10219,39978
10280,40000
10314,40204
10270,40028
10268,40052
10246,40044
10231,40187
10264,40224
10212,40033
10205,40187
10255,40077
10224,40240
10324,40259
10287,40121
10336,40178
10242,39991
10227,40120
10208,39984
10204,40257
10302,40178
10320,40050
10211,40120
10298,40206
10239,40265
10273,40123
10218,40083
10339,40255
10261,40223
10223,40169
10257,39995
10291,40203
10289,40207
10245,40031
10230,40130
10264,40092
10241,40251
10326,40211
10214,40034
10215,40255
10248,40028
10229,40230
10276,40171
10290,40256
10236,40113
10199,39999
10323,40221
10225,40159
10275,40201
10286,40238
10339,40187
10316,40226
10256,40106
10328,40145
10198,40172
10289,40139
10266,40194
10351,40232
10294,40189
10365,40195
10312,40081
10203,40073
10301,40220
10191,39981
10210,40146
10290,40068
10253,40208
10251,40160
10285,40028
10357,40165
10300,40224
10240,40104
10225,40219
10274,40100
10222,40093
10346,40191
10341,40261
10281,40085
10209,39963
10296,40175
10386,40209
10252,40287
10221,40263
10219,40283
10216,40252
10247,40113
10319,40142
10194,40116
10228,40080
10293,40142
10312,40237
10308,40134
10200,39996
10269,40190
10340,40210
10250,40038
10235,40185
10243,40190
10212,40272
10278,40249
10292,40230
10224,40175
10255,40274
10265,40119
10299,40119
10262,39993
10242,40262
10345,40168
10306,40084
10249,40119
10197,40094
10283,40247
10321,40184
10277,40256
10311,40188
10296,40235
10186,39990
10220,40118
10218,40258
10219,40103
10318,40159
10261,40160
10367,40229
10268,40143
10237,40279
10196,40009
10303,40226
10231,40268
10317,40201
10363,40186
10324,40150
10267,40277
10215,40172
10336,40205
10313,40138
10208,40267
10204,40148
10320,40173
10321,40260
10211,39973
10332,40273
10254,40261
10286,40185
10195,40133
10282,40277
10295,40224
10223,40050
10256,40281
10257,40112
10291,40084
10342,40240
10379,40198
10217,40186
10230,40281
10207,40178
10241,40112
10366,40215
10363,40230
10361,40218
10214,40089
10338,40163
10233,40276
10229,40107
10248,40135
10210,40229
10313,40198
10238,40012
10253,40129
10236,40004
10288,40139
10357,40246
10279,40294
10260,40094
10225,40020
10188,40024
10275,40114
10309,40250
10307,40262
10304,40201
10281,40262
10282,40105
10316,40149
10198,40059
10216,40171
10247,40294
10217,40246
10266,40073
10259,40015
10294,40264
10201,39990
10235,40246
10338,40231
10278,40168
10288,40215
10285,40145
10213,40015
10300,40123
10334,40211
10274,39995
10222,40232
10202,40057
10307,40066
10284,40251
10209,40080
10353,40203
10258,40123
10296,40058
10221,40124
10319,40275
10280,40186
10228,39963
10293,40275
10270,40186
10271,40263
10212,40155
10292,40105
10255,39975
10359,40216
10299,40000
10227,40018
10190,40010
10242,40157
10208,40090
10234,40105
10249,39996
10283,40096
10321,40053
10197,40227
10211,40210
10254,40084
10330,40198
10220,39977
10305,40181
10261,40053
10295,40177
10280,40246
10268,40258
10237,40172
10196,40156
10230,40040
10245,40181
10246,40278
10264,39990
10287,40279
10267,40110
10215,40033
10233,40101
10248,40246
10313,40055
10276,40013
10347,40183
10204,39983
10236,40219
10199,40065
10320,40280
10279,40023
10355,40213
10272,40084
10304,40152
10305,40241
10195,40014
10223,40199
10310,40091
10291,40033
10289,39985
10217,40039
10245,40265
10207,40039
10331,40213
10226,40120
10214,40212
10301,40034
10229,39984
10347,40243
10290,40042
10253,40054
10288,40006
10251,40010
10238,40187
10322,40182
10297,40115
10260,40225
10240,40050
10274,40202
10222,40059
10275,39999
10263,40091
10232,40214
10281,39987
10216,40022
10319,40032
10194,40026
10259,40152
10228,40234
10293,40036
10331,40145
10271,40052
10200,40150
10201,40067
10235,40003
10250,40156
10278,40039
10187,40031
10343,40230
10322,40250
10285,40262
10265,40013
10213,40180
10299,40209
10262,40071
10202,40140
10344,40185
10197,40052
10284,40110
10277,39974
10258,39982
10273,40274
10221,39985
10219,40001
10318,40053
10193,40013
10333,40271
10280,40037
10270,40033
10200,40210
10246,40065
10212,40014
10205,40086
10255,40104
10224,40213
10324,40232
10287,40100
10336,40151
10189,40022
10242,40016
10227,40159
10302,40151
10211,40095
10239,40276
10272,40291
10273,40094
10218,40124
10339,40194
10295,40010
10223,40148
10257,40030
10291,40238
10237,40033
10245,40058
10230,40167
10264,40065
10326,40180
10361,40176
10214,40007
10267,39995
10215,40218
10233,39986
10229,40257
10276,40176
10290,40285
10185,39998
10236,40110
10323,40192
10260,40048
10298,40111
10286,40211
10304,40019
10232,40165
10339,40158
10282,40015
10316,40255
10256,40015
10310,40214
10328,40182
10198,40129
10289,40110
10266,40239
10351,40215
10203,40108
10201,40268
10301,40183
10191,40008
10315,40270
10210,40143
10350,40233
10290,40161
10251,40135
10322,40045
10285,40055
10375,40181
10300,40221
10240,40141
10274,40065
10222,40070
10202,40223
10341,40224
10281,40120
10353,40177
10296,40148
10252,40116
10247,40012
10360,40230
10319,40181
10194,40145
10228,40125
10293,40169
10312,40242
10308,40163
10200,39969
10250,40003
10235,40156
10243,40069
10315,40074
10278,40210
10206,40064
10292,40259
10224,40132
10325,40226
10265,40154
10299,40106
10242,40291
10345,40179
10249,40090
10197,40185
10277,40107
10296,40208
10220,40275
10219,40122
10374,40194
10261,40139
10337,40253
10367,40192
10268,40164
10196,39990
10303,40201
10264,40272
10287,39977
10267,40264
10215,40139
10204,40177
10302,40258
10332,40270
10286,40162
10195,40232
10223,40025
10257,40139
10291,40123
10342,40213
10207,40089
10226,39966
10241,40107
10363,40221
10214,40178
10338,40156
10248,39980
10229,40150
10210,40222
10238,40017
10253,40156
10260,40187
10225,40111
10188,39989
10240,40220
10275,40089
10309,40261
10304,40238
10232,40048
10282,40114
10384,40207
10328,40257
10198,40028
10216,40176
10217,40281
10266,40114
10194,40192
10259,39986
10312,40161
10203,39993
10235,40237
10338,40192
10391,40206
10244,40089
10278,40141
10253,40288
10285,40172
10213,39978
10300,40080
10334,40244
10222,40205
10202,40034
10306,40256
10307,40105
10341,40149
10284,40272
10209,40075
10258,40276
10296,40031
10330,40175
10252,40239
10221,40151
10216,40268
10247,40129
10270,40095
10308,40022
10271,40290
10303,40190
10178,39972
10243,40206
10212,40224
10205,39996
10206,40207
10292,40150
10224,40063
10359,40247
10227,40057
10242,40182
10208,40191
10234,40082
10197,40206
10283,40263
10355,40188
10311,40076
10254,40121
10330,40227
10220,40134
10273,40036
10305,40168
10318,40271
10261,40016
10295,40172
10280,40283
10257,40196
10270,40283
10237,40135
10196,40121
10245,40080
10267,40133
10215,40060
10233,40072
10248,40219
10313,40026
10276,39978
10208,40251
10204,40004
10199,40188
10279,40114
10355,40248
10272,40073
10286,40041
10304,40189
10305,40276
10195,40117
10295,40272
10217,40074
10245,40276
10331,40200
10226,40085
10301,40029
10229,40027
10176,40025
10290,40007
10253,40017
10288,40027
10238,40156
10199,40224
10297,40086
10260,40206
10225,39972
10222,40028
10309,40138
10263,40054
10209,40260
10216,40059
10356,40209
10266,39993
10194,40055
10259,40127
10331,40180
10312,40044
10308,40197
10271,40083
10200,40187
10201,40102
10250,40249
10243,39999
10244,40204
10315,40052
10278,40056
10206,39998
10343,40253
10322,40279
10285,40289
10265,40048
10213,40159
10262,40184
10202,40169
10197,40031
10284,40139
10258,40139
10221,40012
10219,40036
10193,40032
10280,40074
10370,40212
10200,40247
10303,40035
10246,40090
10212,40107
10352,40236
10205,40113
10292,40025
10255,40023
10183,39969
10324,40213
10287,40067
10262,40228
10242,40013
10227,40130
10348,40208
10283,39984
10298,40276
10311,40193
10239,40115
10272,40280
10273,40177
10218,40025
10305,40037
10295,40033
10223,40115
10257,40049
10237,40028
10230,40088
10264,40102
10226,40260
10326,40169
10214,40024
10267,40030
10276,40157
10236,40075
10199,40049
10279,39975
10297,40295
10260,40029
10298,40072
10232,40138
10195,39998
10263,40263
10282,40040
10316,40212
10256,40036
10310,40235
10198,40122
10289,40065
10351,40178
10203,40259
10301,40146
10244,39987
10210,39976
10350,40210
10290,40186
10238,40267
10251,40154
10322,40070
10225,40273
10240,40162
10222,40171
10202,40248
10341,40203
10281,40003
10335,40208
10252,40081
10247,40043
10360,40203
10194,40170
10259,40264
10293,40084
10312,40215
10308,40072
10200,40006
10269,39988
10340,40260
10235,39987
10250,40108
10243,40104
10315,40161
10206,40101
10224,40153
10187,39983
10325,40205
10265,40189
10213,40260
10299,40065
10262,40055
10227,40211
10306,40106
10344,40201
10197,40164
10284,39998
10277,40118
10218,40200
10219,40145
10318,40165
10261,40118
10337,40208
10333,40191
10268,40065
10303,40212
10231,40070
10205,40198
10255,40152
10215,40102
10336,40263
10189,39974
10204,40174
10302,40103
10211,40175
10239,40228
10286,40135
10218,40140
10362,40233
10195,40207
10223,40004
10256,40211
10257,40174
10291,40286
10230,40215
10207,40100
10241,40270
10214,40151
10248,39985
10229,40177
10313,40268
10276,40256
10290,40237
10238,39994
10253,40119
10279,40280
10260,40160
10225,40066
10240,40241
10275,40188
10309,40288
10232,40021
10281,40204
10282,40159
10316,40079
10256,40159
10184,40001
10198,39985
10216,40085
10247,40216
10266,40287
10194,40221
10294,40070
10203,40156
10235,40192
10244,40102
10278,40102
10210,40127
10288,40257
10251,40279
10285,40071
10265,40206
10213,39989
10300,40077
10274,40177
10307,40140
10281,40136
10209,40046
10296,40004
10252,40196
10221,40178
10219,40206
10216,40273
10247,40156
10337,40161
10228,39981
10293,40217
10270,40096
10308,40051
10269,40073
10303,40133
10243,40213
10212,40205
10278,40290
10206,40208
10292,40179
10224,40020
10242,40211
10208,40148
10234,40063
10249,40170
10283,40282
10355,40163
10277,40251
10254,40098
10186,40035
10330,40268
10220,40163
10273,40031
10362,40184
10261,39995
10295,40075
10369,40205
10280,40288
10370,40190
10257,40223
10268,40212
10237,40226
10196,40102
10230,39974
10245,40123
10231,40219
10317,40180
10192,40114
10364,40190
10267,40184
10215,40027
10233,40179
10248,40288
10276,39991
10208,40208
10204,40033
10199,40155
10279,40073
10298,40046
10254,40222
10272,40046
10286,40018
10304,40082
10305,40271
10195,40088
10282,40206
10295,40271
10310,40017
10291,39979
10342,40165
10217,40109
10207,39977
10331,40239
10226,40046
10241,40155
10214,40258
10233,40239
10229,40006
10248,40124
10238,40097
10253,39980
10288,40112
10199,40223
10323,40061
10297,40057
10225,39999
10222,40001
10275,40041
10309,40149
10304,40286
10263,40045
10209,40255
10252,40059
10259,40098
10331,40171
10294,40221
10312,40049
10308,40226
10271,40126
10200,40160
10201,40009
10250,40194
10244,40233
10278,40029
10349,40195
10206,40003
10343,40216
10213,40122
10262,40157
10234,40270
10284,40160
10277,40044
10209,40187
10258,40164
10221,40039
10219,40059
10356,40178
10333,40197
10280,40111
10270,39983
10268,39979
10269,40222
10303,40014
10231,39976
10178,40020
10246,40127
10212,40112
10352,40193
10205,40108
10292,40006
10255,40050
10287,40174
10262,40217
10242,40038
10227,40169
10208,40047
10348,40237
10345,40200
10283,40151
10211,40265
10311,40220
10239,40094
10254,39977
10272,40253
10220,40022
10273,40148
10218,40034
10358,40212
10305,40088
10223,40094
10314,40083
10237,40119
10196,40233
10230,40125
10317,40041
10264,40011
10192,39981
10226,40225
10329,40202
10287,40226
10267,40053
10233,40056
10276,40122
10348,40177
10199,40044
10323,40266
10320,40205
10373,40221
10297,40266
10298,40181
10275,40278
10272,40185
10304,40045
10232,40111
10195,39973
10263,40226
10282,40053
10372,40183
10223,40274
10256,40057
10310,40140
10198,40095
10289,40036
10217,39962
10354,40227
10241,40016
10226,40165
10366,40183
10201,40218
10301,40141
10244,40024
10290,40151
10238,40236
10288,39979
10251,40113
10285,39981
10323,40070
10300,40279
10274,40279
10222,40140
10202,40229
10309,40026
10307,40038
10341,40214
10263,40166
10281,40038
10335,40255
10252,40174
10360,40176
10259,40239
10228,40263
10293,40127
10365,40184
10308,40085
10200,40043
10269,39983
10201,40150
10250,40073
10243,40015
10206,40142
10224,40126
10255,40195
10265,40160
10213,40239
10299,40292
10262,40040
10227,40246
10202,40089
10346,40194
10344,40238
10249,40256
10197,40143
10284,40027
10277,40081
10258,40027
10296,40282
10220,40197
10273,40229
10218,40213
10219,40180
10318,40078
10261,40081
10337,40203
10314,40258
10268,40126
10340,40165
10246,39978
10231,40125
10264,40218
10212,39995
10317,40282
10205,40225
10329,40155
10255,40135
10324,40069
10287,40051
10215,40125
10204,40203
10302,40072
10283,40000
10321,40213
10211,40178
10239,40195
10286,40104
10218,40169
10362,40210
10358,40163
10261,40277
10223,39971
10256,40232
10291,40261
10342,40259
10289,40277
10230,40200
10264,40150
10241,40289
10214,39976
10215,40257
10229,40220
10210,40276
10313,40279
10276,40237
10290,40198
10253,40082
10236,40187
10260,40141
10225,40165
10240,40278
10275,40131
10286,40292
10232,39994
10281,40215
10282,40184
10256,40180
10184,39974
10198,39978
10216,40122
10179,40014
10247,40247
10207,40199
10294,40123
10203,40179
10301,40258
10244,40131
10315,40245
10278,40123
10210,40088
10253,40278
10251,40234
10285,40098
10265,40241
10300,40170
10240,40082
10225,40225
10274,40170
10306,40214
10307,40147
10281,40147
10209,40001
10258,40202
10296,40105
10252,40289
10221,40205
10219,40229
10247,40187
10319,40064
10228,40138
10293,40196
10269,40100
10303,40096
10235,40099
10250,39996
10243,40248
10278,40263
10349,40173
10206,40245
10292,40216
10224,39977
10364,40215
10325,40189
10299,40177
10242,40204
10190,39989
10208,40137
10327,40230
10306,40154
10234,40024
10249,40141
10277,40198
10239,40048
10186,40012
10254,40135
10220,40184
10362,40165
10318,40213
10295,40102
10369,40224
10367,40191
10257,40242
10270,40193
10268,40241
10237,40221
10196,40067
10231,40246
10317,40143
10267,40223
10215,39990
10233,40150
10248,40261
10336,40247
10313,40064
10204,40094
10302,40247
10279,40164
10211,40063
10298,40011
10332,40219
10254,40195
10272,40003
10305,40290
10195,40191
10282,40235
10369,40172
10310,40042
10291,40142
10342,40190
10217,40112
10245,40218
10207,39988
10226,40011
10241,40190
10366,40237
10214,40103
10248,40065
10229,40033
10233,40210
10238,40074
10288,40085
10279,40232
10297,40028
10260,40272
10188,40034
10275,40012
10309,40176
10307,40192
10263,40008
10371,40222
10209,40210
10252,40016
10328,40214
10216,39973
10217,40204
10266,40143
10259,40073
10294,40246
10312,40022
10271,40133
10203,40012
10201,40044
10244,40246
10278,39990
10349,40222
10206,40036
10343,40183
10285,40215
10213,40069
10300,40061
10334,40169
10274,40033
10202,39999
10234,40235
10390,40198
10284,40189
10277,40055
10209,40158
10258,40065
10221,40066
10319,40213
10193,39966
10333,40224
10280,40116
10228,40029
10370,40234
10383,40203
10270,39984
10271,40217
10200,40257
10269,40249
10303,40021
10231,40007
10246,40144
10212,40093
10352,40166
10205,40007
10292,40035
10183,40027
10287,40149
10242,40067
10208,40004
10345,40211
10302,40038
10249,40058
10234,40175
10283,40170
10211,40236
10311,40251
10254,40018
10239,40165
10272,40210
10220,40051
10273,40143
10358,40201
10223,40069
10314,40060
10237,40082
10196,40214
10230,40022
10245,40139
10246,40220
10264,40048
10192,40002
10226,40250
10329,40237
10180,40022
10287,40201
10267,40040
10233,40035
10276,40071
10185,40015
10199,40011
10320,40226
10297,40237
10298,40158
10272,40158
10232,40084
10263,40217
10372,40220
10223,40249
10310,40161
10291,40027
10289,40063
10379,40189
10217,39997
10354,40252
10294,40001
10241,40011
10226,40190
10203,40221
10201,40253
10301,40104
10191,40121
10244,40037
10210,40062
10290,39984
10238,40241
10251,40084
10323,40173
10300,40268
10297,40169
10240,39996
10274,40240
10222,39985
10202,40270
10309,40037
10232,40272
10263,40157
10335,40154
10252,40139
10198,40252
10266,40018
10194,39968
10259,40210
10293,40026
10368,40207
10271,40014
10200,40080
10269,40010
10201,40185
10250,40082
10243,40018
10315,40155
10206,40147
10224,40083
10255,40238
10325,40275
10322,40192
10375,40206
10213,40202
10299,40283
10262,40013
10202,40066
10346,40239
10306,40032
10344,40243
10249,40235
10197,39978
10284,40048
10277,40188
10311,40040
10258,40052
10220,40226
10273,40216
10218,40254
10280,39999
10314,40239
10268,40027
10246,40015
10231,40152
10264,40255
10205,40156
10329,40190
10255,40162
10287,40030
10215,40088
10189,39964
10227,40089
10204,40224
10302,40173
10283,40039
10321,40232
10211,40153
10298,40225
10286,40077
10218,40178
10261,40240
10314,40163
10289,40232
10230,40237
10354,40175
10264,40187
10241,40196
10326,40242
10248,40059
10229,40199
10276,40202
10290,40291
10236,40144
10323,40250
10260,39978
10225,40184
10240,40267
10332,40161
10275,40230
10286,40265
10281,40250
10316,40257
10256,40073
10310,40284
10289,40180
10179,40021
10266,40293
10207,40226
10294,40156
10365,40228
10203,40086
10235,40282
10301,40253
10244,40168
10315,40200
10278,40092
10210,40181
10350,40167
10290,40103
10253,40241
10251,40193
10285,40125
10265,40276
10300,40135
10225,40196
10240,40119
10274,40135
10222,40124
10346,40158
10306,40243
10307,40182
10281,40182
10209,39972
10258,40231
10296,40078
10221,40232
10219,40248
10247,40086
10216,40219
10228,40183
10293,40239
10312,40268
10269,40159
10340,40241
10303,40079
10235,40070
10377,40201
10243,40159
10278,40280
10292,40197
10364,40204
10325,40152
10265,40080
10299,40148
10242,40233
10327,40221
10306,40183
10234,40005
10197,40127
10249,40144
10283,40212
10321,40153
10277,40289
10311,40157
10239,40031
10186,39977
10254,40168
10220,40085
10219,40068
10318,40254
10257,40277
10270,40234
10268,40238
10196,40040
10303,40259
10231,40237
10317,40234
10205,40273
10382,40191
10324,40181
10267,40242
10336,40236
10313,40171
10204,40123
10302,40216
10320,40140
10279,40131
10211,40002
10332,40240
10254,40228
10272,39992
10304,40108
10195,40162
10282,40244
10295,40193
10257,40081
10291,40181
10342,40147
10217,40155
10245,40229
10207,40147
10226,39972
10241,40081
10361,40251
10214,40120
10248,40166
10229,40076
10313,40231
10380,40212
10238,40047
10253,40162
10236,40043
10288,40170
10357,40215
10279,40199
10297,40007
10260,40125
10225,40053
10275,40019
10309,40219
10307,40231
10371,40229
10282,40072
10316,40180
10328,40251
10216,40138
10247,40263
10217,40215
10266,40168
10259,40044
10294,40235
10271,40160
10203,40035
10250,40264
10244,40275
10349,40249
10343,40146
10288,40246
10285,40242
10213,40032
10300,40026
10334,40178
10274,40026
10202,40024
10234,40212
10341,40171
10284,40218
10277,40018
10209,40113
10353,40244
10258,40090
10221,40093
10374,40187
10319,40240
10193,39985
10280,40153
10228,40058
10270,40149
10271,40228
10269,40276
10231,40034
10246,40181
10243,40264
10212,40186
10352,40187
10205,40034
10292,40072
10359,40185
10299,40033
10262,40279
10227,39987
10242,40124
10208,40121
10345,40246
10302,40011
10249,40029
10234,40136
10283,40065
10211,40243
10311,40278
10254,40055
10239,40128
10330,40217
10218,39976
10358,40226
10305,40150
10392,40199
10295,40150
10280,40213
10314,40025
10237,40077
10196,40179
10230,40011
10245,40150
10246,40241
10317,40031
10192,40039
10226,40215
10324,40056
10267,40079
10233,40006
10276,40044
10347,40148
10185,40018
10236,40250
10199,40102
10376,40197
10320,40263
10279,40052
10297,40208
10272,40115
10305,40210
10195,40047
10223,40228
10256,39987
10310,40186
10291,40062
10289,40018
10217,40000
10354,40217
10207,40004
10294,40058
10241,40046
10226,40155
10368,40184
10203,40240
10201,40224
10214,40247
10301,40067
10210,40027
10347,40208
10238,40218
10288,40037
10251,40043
10322,40153
10323,40144
10297,40140
10240,40017
10274,40237
10222,39962
10309,40064
10232,40245
10263,40120
10281,39980
10335,40161
10316,40047
10198,40209
10247,39992
10266,40063
10194,39997
10259,40185
10228,40201
10293,40005
10368,40228
10308,40287
10271,40021
10200,40117
10269,40037
10201,40092
10235,40032
10250,40191
10243,40057
10206,40180
10322,40221
10265,39982
10213,40213
10299,40254
10262,40102
10227,40256
10327,40167
10202,40111
10344,40152
10249,40206
10284,40077
10277,40135
10220,40255
10219,39982
10393,40195
10193,40110
10333,40272
10280,40004
10314,40200
10270,40000
10268,40048
10246,40032
10231,40183
10264,40228
10212,40045
10205,40183
10329,40161
10255,40073
10224,40244
10324,40271
10287,40005
10336,40182
10242,39987
10227,40124
10208,39988
10302,40182
10320,40054
10283,40058
10211,40124
10298,40202
10273,40127
10218,40095
10339,40227
10261,40219
10223,40181
10314,40140
10257,39999
10291,40207
10289,40195
10245,40027
10230,40134
10264,40160
10241,40255
10326,40215
10214,40038
10215,40251
10248,40000
10229,40226
10276,40215
10236,40141
10199,39995
10323,40225
10225,40147
10275,40205
10286,40242
10339,40191
10282,39982
10316,40286
10256,40110
10328,40149
10198,40160
10289,40143
10266,40206
10351,40244
10294,40177
10365,40223
10312,40085
10203,40077
10301,40216
10191,39977
10244,40181
10210,40174
10290,40064
10253,40204
10251,40164
10285,40024
10300,40252
10225,40223
10240,40108
10274,40096
10222,40097
10346,40187
10306,40236
10341,40257
10281,40089
10209,39967
10296,40179
10386,40205
10252,40283
10221,40259
10216,40224
10247,40109
10319,40138
10194,40112
10228,40092
10293,40138
10312,40273
10269,40186
10340,40222
10250,40034
10235,40189
10243,40162
10278,40253
10292,40226
10224,40163
10255,40286
10265,40123
10299,40139
10262,39997
10242,40258
10345,40172
10306,40080
10344,40259
10234,39982
10197,40090
10249,40123
10283,40235
10321,40188
10277,40268
10311,40184
10296,40239
10186,39986
10220,40114
10218,40270
10181,40026
10219,40091
10318,40227
10261,40172
10367,40225
10268,40139
10237,40275
10196,40021
10303,40238
10231,40264
10317,40197
10205,40268
10363,40190
10324,40146
10267,40233
10215,40168
10336,40193
10313,40142
10208,40271
10204,40144
10320,40161
10279,40158
10211,39977
10332,40237
10254,40265
10286,40189
10195,40137
10282,40273
10295,40252
10223,40062
10256,40285
10257,40116
10291,40088
10342,40244
10217,40190
10207,40190
10241,40116
10366,40219
10363,40250
10361,40222
10214,40093
10338,40191
10233,40280
10229,40119
10248,40139
10210,40225
10313,40202
10238,40048
10253,40189
10236,40000
10288,40143
10357,40242
10279,40290
10260,40090
10225,40008
10188,40020
10275,40118
10309,40230
10307,40266
10304,40205
10281,40266
10282,40085
10316,40145
10328,40224
10198,40063
10216,40175
10247,40290
10217,40250
10266,40085
10259,40019
10294,40268
10201,39994
10250,40277
10338,40227
10278,40172
10288,40203
10285,40141
10213,40011
10300,40119
10334,40215
10274,39991
10222,40236
10202,40005
10307,40070
10341,40182
10284,40247
10209,40084
10353,40207
10258,40119
10296,40062
10221,40120
10280,40190
10228,40039
10293,40287
10270,40190
10271,40259
10269,40271
10212,40135
10205,39965
10292,40117
10359,40212
10299,40004
10262,40264
10227,40022
10190,40014
10242,40153
10208,40094
10234,40117
10283,40100
10321,40041
10211,40214
10239,39983
10254,40088
10330,40194
10220,39973
10218,39989
10305,40137
10261,40049
10295,40141
10280,40250
10268,40286
10237,40168
10196,40152
10230,40044
10245,40177
10246,40266
10264,39994
10326,40061
10287,40275
10267,40098
10233,40105
10248,40250
10313,40059
10276,40009
10347,40171
10204,39979
10236,40215
10199,40093
10279,40019
10355,40217
10272,40104
10304,40156
10305,40245
10195,40018
10223,40195
10310,40095
10291,40037
10217,40043
10207,40035
10226,40116
10214,40200
10301,40062
10229,39996
10347,40247
10290,40038
10253,40050
10288,40058
10251,40014
10238,40191
10322,40178
10297,40119
10260,40237
10240,40054
10274,40198
10222,40063
10263,40087
10232,40218
10281,39991
10252,39997
10198,40202
10216,40026
10319,40044
10194,40022
10259,40156
10228,40246
10293,40032
10331,40149
10271,40048
10200,40154
10201,40071
10235,40007
10250,40152
10187,40019
10343,40226
10322,40246
10285,40258
10265,40017
10213,40176
10299,40213
10262,40091
10202,40136
10344,40189
10249,40209
10197,40048
10284,40106
10258,39978
10273,40278
10221,39981
10219,40005
10318,40057
10193,40001
10333,40267
10280,40041
10314,40213
10270,40037
10268,40045
10200,40214
10246,40069
10212,40010
10205,40082
10224,40201
10255,40116
10324,40244
10287,40096
10336,40171
10189,40018
10227,40099
10242,39980
10208,39977
10302,40155
10211,40067
10239,40272
10272,40295
10273,40082
10218,40120
10339,40198
10261,40198
10295,40006
10223,40144
10257,40018
10291,40242
10237,40061
10245,40038
10230,40187
10264,40069
10329,40256
10326,40200
10361,40180
10214,40059
10267,39999
10215,40214
10233,39990
10229,40269
10276,40188
10290,40281
10185,39970
10236,40106
10323,40196
10387,40194
10260,40060
10298,40107
10275,40208
10286,40215
10304,40023
10232,40169
10263,40292
10282,40011
10316,40251
10256,40003
10310,40202
10328,40186
10198,40133
10289,40098
10266,40235
10351,40211
10294,40170
10203,40096
10301,40179
10191,40020
10315,40258
10210,40139
10350,40237
10290,40093
10251,40187
10322,40041
10285,40051
10265,40290
10300,40217
10240,40129
10274,40093
10222,40074
10202,40219
10341,40236
10281,40124
10353,40181
10296,40152
10252,40112
10247,40008
10360,40234
10319,40177
10228,40121
10293,40181
10312,40246
10308,40175
10200,39973
10250,40015
10235,40144
10243,40073
10315,40078
10278,40214
10206,40068
10292,40271
10224,40184
10255,40261
10325,40238
10265,40158
10299,40110
10345,40183
10306,40077
10249,40094
10197,40069
10277,40279
10296,40212
10186,39967
10220,40271
10219,40126
10374,40198
10261,40151
10337,40241
10367,40204
10268,40160
10237,40270
10196,39986
10303,40245
10264,40276
10267,40268
10215,40135
10313,40145
10204,40141
10302,40262
10321,40275
10332,40266
10286,40166
10223,40037
10257,40143
10291,40127
10342,40201
10379,40209
10207,40069
10226,39962
10241,40111
10363,40209
10361,40193
10214,40182
10338,40152
10233,40259
10229,40146
10248,40144
10210,40218
10276,40295
10238,40021
10253,40152
10236,39997
10260,40071
10225,40099
10188,39985
10240,40208
10275,40093
10309,40257
10307,40273
10304,40226
10232,40052
10282,40126
10384,40195
10184,40032
10328,40261
10198,40016
10216,40180
10266,40126
10259,39990
10294,40289
10312,40165
10203,39997
10235,40225
10338,40220
10391,40202
10244,40069
10278,40129
10288,40288
10285,40168
10213,40022
10300,40108
10334,40248
10222,40209
10202,40046
10306,40284
10284,40268
10209,40079
10258,40272
10296,40035
10330,40171
10252,40235
10221,40147
10270,40067
10308,40018
10303,40186
10178,39968
10212,40236
10205,39992
10292,40146
10224,40051
10359,40243
10227,40061
10242,40178
10208,40179
10234,40094
10197,40202
10283,40123
10311,40072
10254,40125
10330,40239
10220,40130
10273,40056
10305,40172
10318,40275
10261,40028
10295,40168
10280,40287
10270,40287
10237,40131
10196,40133
10245,40092
10317,40085
10182,39965
10180,39973
10267,40153
10215,40056
10233,40076
10248,40223
10313,40030
10276,40022
10208,40255
10204,40000
10236,40204
10199,40184
10279,40110
10355,40252
10272,40077
10286,40045
10304,40177
10305,40232
10195,40121
10217,40078
10245,40272
10331,40204
10226,40081
10301,40025
10229,39975
10290,40003
10253,40013
10288,40031
10251,39973
10199,40252
10238,40128
10297,40090
10260,40202
10240,40043
10222,40032
10263,40050
10216,40063
10356,40221
10259,40131
10308,40193
10271,40095
10200,40191
10201,40106
10250,40229
10244,40200
10315,40040
10278,40060
10206,39970
10343,40249
10322,40275
10285,40285
10265,40052
10213,40155
10299,40200
10262,40188
10202,40181
10197,40027
10284,40135
10258,40135
10273,40265
10221,40008
10219,40024
10318,40034
10193,40036
10280,40078
10370,40208
10200,40251
10303,40047
10246,40094
10212,40023
10352,40224
10205,40077
10255,40019
10183,39965
10324,40209
10287,40079
10262,40248
10242,40009
10227,40134
10348,40204
10283,39988
10298,40272
10239,40127
10272,40284
10273,40181
10218,40005
10305,40057
10295,40061
10223,40127
10257,40053
10237,40024
10230,40092
10264,40106
10226,40256
10326,40173
10214,40028
10267,40018
10276,40153
10236,40071
10260,40025
10298,40084
10304,40012
10232,40142
10263,40259
10282,40020
10316,40208
10256,40024
10310,40239
10198,40126
10289,40069
10351,40190
10203,40263
10301,40174
10244,39999
10315,40281
10210,39972
10350,40214
10290,40182
10238,40271
10251,40158
10322,40066
10225,40277
10240,40166
10222,40175
10202,40196
10341,40247
10281,40007
10335,40220
10252,40077
10247,40039
10360,40207
10194,40166
10259,40268
10228,40102
10293,40080
10312,40219
10308,40180
10200,40010
10269,39984
10340,40256
10235,39991
10250,40104
10243,40108
10315,40165
10206,40105
10224,40157
10187,39971
10255,40288
10325,40201
10265,40129
10213,40256
10299,40069
10227,40215
10306,40102
10344,40205
10249,40289
10197,40160
10284,39994
10277,40114
10219,40149
10374,40219
10318,40169
10261,40114
10337,40212
10333,40187
10268,40093
10303,40208
10177,40017
10231,40066
10205,40194
10267,40291
10215,40098
10189,39970
10204,40170
10302,40107
10239,40224
10286,40139
10218,40136
10362,40245
10195,40211
10223,40000
10256,40215
10257,40162
10291,40098
10207,40096
10241,40258
10214,40139
10248,39989
10229,40189
10276,40268
10290,40233
10238,39998
10253,40115
10279,40276
10260,40172
10225,40070
10240,40245
10275,40160
10232,40025
10282,40155
10316,40075
10256,40147
10184,40005
10198,39989
10216,40089
10247,40212
10266,40283
10194,40217
10294,40090
10312,40138
10203,40144
10235,40196
10301,40291
10244,40098
10278,40154
10210,40123
10288,40261
10251,40267
10285,40067
10265,40210
10213,39985
10300,40073
10281,40140
10209,40034
10296,40008
10252,40192
10221,40174
10219,40194
10216,40277
10247,40152
10337,40165
10228,39977
10293,40293
10270,40100
10308,40063
10269,40069
10303,40129
10243,40217
10212,40201
10278,40294
10206,40212
10292,40191
10224,40008
10364,40246
10359,40238
10227,40032
10242,40175
10208,40168
10234,40059
10249,40174
10283,40286
10355,40167
10277,40231
10254,40102
10330,40264
10220,40159
10273,40019
10261,40007
10295,40071
10369,40193
10280,40292
10370,40186
10257,40211
10270,40288
10268,40208
10237,40254
10230,39994
10245,40103
10231,40215
10317,40176
10192,40118
10364,40186
10267,40188
10215,40023
10233,40183
10248,40292
10313,40097
10276,39987
10208,40212
10204,40061
10199,40151
10279,40069
10355,40227
10298,40042
10272,40034
10286,40022
10304,40086
10305,40259
10195,40092
10282,40202
10295,40267
10310,40021
10291,39983
10217,40081
10331,40227
10226,40042
10241,40159
10214,40262
10248,40096
10229,40002
10233,40243
10290,40028
10238,40101
10253,39976
10251,39992
10199,40219
10288,40116
10297,40061
10387,40191
10225,39987
10222,40005
10275,40045
10309,40145
10304,40274
10263,40041
10209,40243
10252,40055
10356,40250
10266,39982
10259,40102
10331,40175
10294,40209
10312,40053
10308,40238
10271,40122
10200,40164
10201,40013
10250,40206
10244,40213
10278,40017
10206,40007
10343,40212
10213,40102
10262,40145
10202,39966
10234,40266
10197,40006
10284,40156
10277,40040
10209,40191
10258,40160
10221,40035
10219,40063
10356,40190
10333,40193
10280,40083
10370,40205
10200,40224
10269,40218
10303,40010
10231,39972
10178,40016
10246,40115
10212,40124
10352,40197
10205,40104
10292,40002
10255,40062
10287,40170
10262,40221
10242,40034
10227,40173
10208,40035
10348,40233
10345,40204
10283,40139
10211,40269
10311,40216
10239,40090
10254,39981
10272,40241
10220,40018
10273,40168
10218,40046
10305,40092
10223,40090
10314,40095
10237,40115
10245,39980
10230,40113
10317,40037
10264,40015
10192,39969
10329,40206
10382,40192
10287,40238
10267,40009
10233,40060
10276,40102
10348,40173
10199,40040
10323,40270
10320,40193
10373,40217
10279,39998
10297,40270
10260,40006
10298,40177
10275,40282
10272,40189
10304,40033
10232,40115
10195,39977
10263,40254
10282,40049
10372,40179
10256,40061
10198,40083
10289,40088
10217,39966
10351,40165
10241,40020
10226,40161
10366,40187
10201,40222
10301,40137
10244,40004
10290,40147
10238,40272
10288,39983
10251,40117
10285,39977
10323,40074
10300,40275
10274,40275
10222,40144
10202,40225
10307,40042
10341,40210
10263,40162
10281,40042
10335,40251
10252,40170
10360,40180
10259,40243
10228,40259
10293,40123
10365,40180
10308,40081
10271,39983
10200,40047
10269,39979
10201,40154
10235,39978
10250,40117
10243,40115
10315,40184
10206,40114
10224,40114
10255,40207
10265,40164
10213,40235
10262,40044
10227,40250
10346,40206
10344,40210
10249,40260
10197,40139
10284,40023
10277,40093
10258,40023
10296,40286
10220,40193
10273,40249
10218,40209
10219,40168
10318,40082
10261,40093
10337,40207
10314,40270
10268,40122
10340,40161
10246,39982
10231,40121
10264,40222
10212,39975
10317,40278
10205,40253
10329,40159
10255,40131
10324,40065
10287,40063
10215,40121
10189,39997
10204,40199
10302,40076
10283,40004
10321,40201
10211,40182
10385,40203
10239,40207
10286,40108
10218,40149
10362,40222
10358,40167
10261,40273
10223,39983
10256,40236
10291,40265
10289,40265
10230,40204
10264,40154
10214,39980
10229,40216
10210,40272
10313,40283
10276,40233
10290,40194
10253,40078
10236,40183
10260,40137
10225,40089
10240,40234
10275,40135
10232,39998
10281,40219
10282,40164
10256,40168
10184,39978
10198,39982
10216,40126
10247,40243
10266,40260
10207,40195
10294,40127
10203,40183
10301,40286
10244,40143
10315,40233
10278,40127
10210,40084
10253,40274
10288,40282
10251,40238
10285,40094
10265,40245
10213,39964
10300,40166
10240,40086
10225,40229
10274,40166
10306,40210
10307,40151
10281,40151
10209,40005
10258,40198
10296,40109
10252,40221
10221,40201
10219,40217
10247,40183
10319,40076
10337,40152
10228,40150
10293,40192
10269,40096
10303,40108
10235,40103
10250,39992
10243,40252
10212,40214
10349,40169
10206,40249
10292,40164
10224,39981
10364,40211
10325,40185
10299,40181
10242,40200
10190,39993
10208,40141
10327,40226
10306,40150
10234,40036
10249,40177
10277,40194
10239,40060
10186,40008
10254,40139
10220,40180
10318,40217
10295,40098
10369,40228
10367,40187
10257,40246
10270,40197
10268,40205
10237,40217
10196,40079
10303,40288
10231,40242
10317,40139
10267,40211
10215,39986
10233,40154
10248,40265
10313,40068
10208,40201
10204,40090
10302,40251
10279,40160
10211,40035
10298,40023
10332,40215
10254,40199
10272,40007
10286,39995
10304,40075
10394,40197
10195,40067
10282,40215
10295,40294
10310,40046
10291,40146
10342,40178
10217,40116
10245,40198
10207,39984
10226,40007
10241,40178
10381,40209
10248,40069
10229,40045
10233,40214
10238,40078
10288,40073
10378,40199
10279,40228
10297,40032
10260,40284
10275,40048
10309,40188
10307,40196
10263,40004
10371,40194
10209,40214
10252,40012
10328,40218
10216,39977
10356,40231
10266,40139
10259,40077
10294,40202
10312,40026
10271,40129
10203,40000
10201,40048
10244,40242
10278,39978
10349,40218
10206,40040
10343,40179
10285,40211
10213,40065
10262,40138
10300,40057
10334,40173
10274,40061
10202,39995
10234,40247
10284,40185
10277,40051
10209,40146
10258,40189
10221,40062
10319,40209
10333,40252
10280,40120
10228,40025
10370,40230
10270,39988
10271,40197
10200,40261
10269,40245
10303,40017
10231,40003
10178,40013
10246,40148
10212,40089
10352,40218
10205,40003
10292,40047
10255,40037
10183,40023
10287,40145
10242,40095
10208,40024
10345,40215
10302,40042
10249,40062
10234,40171
10283,40174
10211,40272
10311,40247
10254,40022
10239,40161
10272,40214
10220,40047
10273,40131
10358,40205
10223,40065
10314,40056
10237,40110
10196,40210
10230,40106
10245,39991
10246,40208
10264,40052
10192,40006
10226,40246
10329,40241
10180,40018
10287,40213
10267,40044
10233,40039
10276,40067
10236,40281
10199,40007
10320,40230
10297,40241
10298,40154
10272,40146
10232,40088
10263,40213
10372,40216
10223,40261
10310,40165
10291,40031
10289,40051
10217,39969
10354,40248
10294,40005
10241,40015
10226,40186
10203,40209
10201,40193
10301,40100
10244,40033
10210,40058
10290,39980
10238,40245
10251,40072
10323,40177
10300,40264
10297,40173
10240,39984
10274,40268
10222,39989
10202,40266
10309,40033
10307,40049
10232,40276
10263,40153
10252,40135
10198,40240
10266,40030
10259,40214
10293,40102
10368,40195
10365,40175
10271,40010
10200,40084
10269,40006
10201,40189
10250,40094
10243,40022
10315,40159
10206,40151
10224,40087
10187,39965
10255,40234
10375,40202
10213,40246
10299,40287
10262,40001
10227,40225
10202,40078
10346,40235
10306,40060
10344,40247
10249,40239
10197,39990
10284,40044
10277,40184
10311,40036
10258,40048
10296,40259
10220,40222
10273,40220
10218,40250
10314,40235
10268,40023
10246,40003
10231,40148
10264,40195
10205,40152
10224,40275
10255,40174
10287,40026
10215,40084
10227,40093
10204,40252
10302,40081
10283,40027
10321,40236
10211,40157
10298,40237
10286,40081
10218,40190
10339,40256
10261,40252
10314,40175
10289,40236
10230,40225
10354,40171
10264,40191
10241,40216
10326,40246
10215,40280
10248,40063
10229,40195
10210,40269
10276,40246
10290,40223
10236,40172
10323,40254
10260,39990
10225,40188
10240,40271
10332,40189
10275,40234
10286,40269
10232,39971
10281,40254
10256,40077
10310,40272
10289,40168
10179,40025
10266,40289
10207,40238
10294,40144
10365,40224
10203,40170
10301,40249
10244,40148
10315,40204
10278,40080
10210,40177
10350,40171
10290,40099
10253,40237
10251,40197
10285,40121
10265,40280
10300,40131
10240,40075
10225,40248
10274,40131
10222,40256
10346,40154
10306,40207
10307,40186
10281,40186
10335,40267
10209,39992
10258,40227
10296,40082
10221,40228
10219,40252
10247,40082
10216,40223
10228,40179
10293,40235
10200,39967
10269,40155
10340,40253
10303,40075
10235,40090
10377,40205
10243,40131
10278,40284
10206,40258
10292,40193
10364,40200
10325,40164
10265,40084
10299,40168
10242,40229
10190,39970
10327,40217
10306,40179
10234,40001
10197,40123
10249,40148
10283,40200
10321,40157
10311,40153
10239,40027
10186,40021
10254,40172
10220,40081
10318,40194
10257,40265
10270,40238
10268,40234
10196,40052
10303,40271
10231,40233
10317,40230
10324,40177
10267,40246
10336,40224
10313,40175
10204,40119
10302,40220
10279,40191
10211,40006
10332,40204
10254,40232
10272,39996
10304,40096
10195,40166
10282,40240
10295,40221
10257,40085
10291,40185
10342,40151
10217,40159
10245,40225
10207,40159
10226,39968
10241,40085
10214,40124
10248,40170
10229,40072
10313,40235
10380,40208
10238,40083
10288,40174
10236,40039
10357,40211
10279,40195
10297,40011
10260,40121
10225,40041
10275,40023
10309,40199
10307,40235
10371,40233
10209,40201
10316,40176
10328,40255
10216,40142
10247,40259
10217,40219
10266,40180
10259,40048
10294,40239
10271,40172
10203,40039
10244,40287
10349,40245
10288,40234
10285,40238
10213,40044
10300,40022
10334,40182
10274,40022
10202,39972
10234,40208
10284,40214
10277,40030
10209,40117
10353,40232
10258,40086
10221,40089
10374,40191
10319,40252
10193,39989
10280,40157
10228,40006
10270,40153
10271,40224
10269,40272
10231,40062
10246,40169
10243,40268
10212,40166
10352,40191
10205,40062
10292,40084
10359,40181
10299,40037
10227,39991
10242,40120
10208,40125
10345,40250
10302,40015
10249,40001
10234,40148
10283,40069
10211,40247
10311,40274
10254,40059
10239,40140
10272,40203
10273,39974
10358,40230
10305,40106
10392,40203
10295,40146
10280,40217
10237,40073
10196,40191
10230,40015
10245,40146
10246,40245
10317,40027
10192,40027
10226,40211
10182,40027
10267,40067
10233,40010
10276,40040
10185,40022
10236,40246
10199,40098
10376,40201
10320,40251
10279,40048
10297,40212
10298,40135
10272,40119
10305,40214
10195,40051
10223,40224
10256,39991
10310,40190
10291,40002
10289,40022
10217,40004
10354,40213
10207,40000
10294,40062
10241,40034
10226,40151
10368,40188
10203,40244
10201,40228
10214,40235
10301,40095
10229,39965
10210,40023
10347,40212
10238,40222
10251,40047
10322,40149
10323,40148
10297,40144
10240,40021
10274,40233
10222,39966
10309,40076
10232,40249
10263,40116
10335,40173
10316,40043
10252,40156
10198,40213
10247,39988
10266,40059
10194,39993
10259,40189
10228,40213
10293,40001
10308,40283
10271,40017
10200,40121
10269,40033
10201,40160
10235,40036
10250,40187
10243,40061
10206,40184
10343,40259
10322,40217
10265,39986
10213,40209
10299,40242
10262,40122
10227,40260
10327,40163
10202,40107
10346,40244
10344,40156
10249,40242
10284,40073
10277,40131
10220,40251
10219,39970
10393,40199
10280,40008
10314,40244
10270,40004
10268,40012
10246,40036
10231,40179
10264,40232
10212,40041
10205,40179
10329,40165
10255,40085
10224,40232
10324,40267
10287,40001
10227,40064
10302,40186
10320,40042
10283,40062
10211,40096
10298,40214
10273,40115
10218,40091
10339,40231
10261,40231
10223,40177
10314,40136
10257,39987
10291,40211
10289,40199
10245,40007
10230,40154
10264,40164
10241,40243
10326,40235
10214,39962
10215,40247
10248,40004
10229,40238
10276,40211
10236,40137
10199,39991
10323,40229
10225,40151
10275,40241
10286,40246
10339,40163
10282,39978
10316,40282
10256,40098
10328,40153
10198,40164
10289,40131
10266,40202
10207,40245
10351,40240
10294,40181
10365,40219
10312,40089
10203,40065
10301,40212
10191,39989
10244,40177
10210,40170
10290,40124
10253,40200
10251,40216
10285,40020
10265,40259
10357,40173
10300,40248
10240,40096
10225,40211
10274,40124
10222,40101
10346,40167
10306,40232
10281,40093
10258,40252
10296,40183
10386,40201
10252,40279
10221,40255
10219,40275
10247,40105
10216,40228
10319,40150
10194,40108
10228,40088
10293,40150
10312,40277
10308,40142
10269,40182
10340,40218
10303,40086
10250,40046
10235,40177
10377,40208
10243,40166
10212,40280
10278,40241
10292,40238
10224,40167
10255,40282
10325,40143
10265,40127
10299,40143
10262,39985
10242,40286
10306,40172
10234,39978
10197,40102
10249,40127
10283,40239
10321,40176
10277,40264
10311,40180
10296,40243
10186,39998
10220,40110
10218,40266
10219,40095
10318,40231
10261,40168
10367,40237
10270,40243
10268,40135
10196,40017
10303,40234
10231,40260
10317,40193
10205,40264
10363,40178
10324,40158
10267,40237
10215,40164
10336,40197
10389,40197
10313,40178
10208,40259
10204,40108
10302,40289
10320,40165
10279,40154
10211,39981
10332,40233
10254,40269
10195,40141
10282,40285
10295,40248
10223,40058
10256,40273
10257,40104
10291,40092
10342,40232
10217,40162
10230,40273
10207,40186
10226,39997
10241,40072
10366,40223
10361,40226
10214,40081
10338,40187
10248,40143
10229,40115
10210,40253
10313,40206
10238,40052
10253,40185
10236,40028
10199,40264
10288,40131
10279,40222
10260,40102
10225,40012
10188,40016
10275,40122
10309,40226
10307,40270
10304,40193
10281,40270
10282,40081
10316,40141
10328,40228
10198,40051
10216,40147
10247,40286
10217,40254
10266,40081
10259,40023
10294,40256
10201,39998
10250,40273
10338,40255
10244,40292
10278,40160
10288,40207
10285,40137
10213,40055
10300,40115
10334,40219
10274,39987
10222,40240
10202,40001
10307,40074
10341,40178
10284,40243
10209,40104
10353,40195
10258,40115
10221,40116
10319,40283
10280,40162
10228,40035
10293,40283
10270,40162
10271,40271
10269,40267
10243,40275
10212,40131
10292,40113
10255,39983
10359,40208
10299,40024
10262,40268
10227,40026
10190,40018
10242,40149
10208,40082
10302,40016
10234,40113
10197,40235
10283,40088
10321,40045
10211,40218
10239,39979
10254,40092
10330,40206
10220,39969
10218,39985
10305,40141
10261,40061
10295,40137
10280,40254
10268,40282
10237,40164
10196,40164
10230,40032
10245,40189
10246,40270
10264,39998
10287,40287
10267,40102
10233,40109
10248,40254
10313,40063
10276,40053
10347,40175
10204,39975
10236,40211
10199,40089
10320,40272
10279,40015
10355,40221
10272,40108
10304,40144
10305,40201
10195,40022
10223,40207
10310,40083
10291,40041
10289,39977
10217,40047
10207,40047
10226,40112
10203,40235
10214,40204
10301,40058
10229,39992
10347,40235
10290,40034
10253,40046
10288,40062
10251,40002
10238,40163
10322,40174
10297,40123
10260,40233
10240,40010
10274,40194
10275,39975
10309,40087
10263,40083
10232,40222
10281,39995
10252,39993
10198,40206
10216,40030
10319,40040
10266,40036
10194,40018
10259,40160
10228,40242
10293,40044
10308,40288
10271,40060
10200,40158
10201,40075
10235,40027
10250,40132
10206,39965
10187,40023
10322,40242
10265,40021
10213,40188
10299,40233
10262,40095
10327,40158
10202,40148
10344,40161
10249,40213
10197,40060
10284,40102
10277,39982
10221,39977
10219,39993
10318,40061
10193,40005
10333,40263
10280,40045
10314,40209
10270,40041
10268,40041
10200,40218
10246,40057
10231,40174
10212,40054
10205,40174
10224,40205
10255,40112
10324,40240
10287,40108
10336,40175
10189,40014
10227,40103
10208,39981
10302,40159
10211,40071
10239,40284
10273,40086
10218,40100
10305,40026
10339,40202
10261,40194
10295,40002
10223,40156
10314,40149
10257,40022
10291,40246
10289,40218
10237,40057
10245,40034
10230,40191
10264,40073
10329,40260
10326,40204
10361,40184
10214,40063
10267,39987
10215,40210
10233,39994
10229,40265
10276,40184
10290,40277
10185,39974
10236,40102
10323,40200
10387,40198
10260,40056
10298,40119
10275,40212
10286,40219
10232,40173
10263,40288
10282,39991
10316,40247
10256,40007
10310,40206
10328,40190
10198,40153
10289,40102
10266,40247
10351,40223
10294,40174
10203,40100
10301,40207
10191,40016
10315,40262
10210,40135
10350,40241
10290,40089
10251,40191
10285,40047
10265,40294
10300,40213
10240,40133
10274,40089
10222,40078
10341,40232
10281,40096
10353,40169
10296,40156
10252,40108
10221,40282
10247,40004
10360,40238
10319,40189
10194,40137
10228,40069
10293,40177
10312,40250
10308,40171
10200,39977
10250,40011
10235,40148
10243,40077
10315,40066
10278,40202
10206,40072
10292,40267
10224,40188
10255,40257
10325,40234
10265,40098
10299,40098
10327,40275
10345,40187
10306,40073
10249,40066
10197,40065
10321,40075
10277,40275
10296,40216
10220,40267
10218,40279
10219,40114
10261,40147
10337,40245
10333,40156
10367,40200
10268,40188
10237,40266
10196,39998
10303,40241
10317,40220
10264,40280
10363,40169
10287,39985
10267,40256
10215,40131
10313,40149
10204,40137
10302,40266
10320,40186
10321,40279
10211,39984
10388,40196
10332,40262
10286,40170
10282,40294
10223,40033
10257,40131
10291,40067
10342,40205
10379,40213
10230,40266
10207,40065
10241,40099
10363,40213
10361,40197
10214,40170
10338,40148
10233,40263
10229,40158
10248,40148
10210,40214
10313,40209
10276,40291
10238,40025
10253,40148
10236,39993
10288,40152
10260,40067
10225,40103
10188,39981
10240,40212
10275,40065
10309,40269
10307,40277
10304,40230
10232,40056
10281,40273
10282,40122
10384,40199
10328,40265
10198,40020
10216,40184
10217,40257
10266,40122
10259,39994
10207,40261
10294,40293
10312,40169
10203,39985
10201,39969
10235,40229
10338,40216
10391,40198
10244,40065
10278,40133
10288,40292
10285,40164
10213,40018
10300,40104
10334,40252
10274,39980
10222,40213
10202,40042
10306,40280
10307,40081
10341,40157
10284,40264
10209,40067
10258,40268
10296,40039
10330,40183
10252,40231
10221,40143
10319,40262
10293,40262
10270,40071
10308,40030
10269,40294
10303,40166
10212,40232
10205,39988
10292,40158
10224,40055
10359,40207
10227,40001
10242,40142
10208,40183
10234,40090
10197,40214
10283,40127
10311,40068
10239,39990
10254,40065
10330,40235
10220,39998
10273,40060
10305,40160
10318,40279
10261,40024
10295,40164
10280,40259
10270,40259
10237,40159
10196,40129
10245,40088
10246,40291
10317,40081
10180,39969
10267,40157
10215,40052
10233,40080
10248,40195
10276,40018
10208,40243
10204,40028
10236,40200
10199,40180
10373,40181
10279,40106
10355,40192
10272,40065
10286,40049
10304,40181
10305,40236
10195,40125
10217,40050
10245,40284
10331,40192
10226,40077
10241,39992
10301,40021
10229,39971
10176,40017
10290,40063
10253,40009
10288,40019
10251,40025
10199,40248
10238,40132
10380,40189
10297,40094
10260,40214
10240,40047
10222,40036
10263,40078
10232,40195
10316,40029
10216,40035
10356,40217
10194,40047
10259,40135
10308,40205
10271,40091
10200,40131
10201,40110
10250,40225
10315,40044
10278,40048
10206,39974
10343,40245
10322,40271
10285,40281
10265,40056
10213,40135
10299,40204
10262,40176
10202,40177
10197,40039
10284,40131
10258,40131
10273,40269
10221,40004
10219,40028
10318,40038
10193,40024
10280,40050
10270,40050
10200,40255
10303,40043
10246,40082
10212,40019
10352,40228
10205,40073
10255,40031
10324,40221
10287,40075
10262,40252
10242,40005
10227,40138
10348,40200
10298,40284
10239,40123
10272,40272
10273,40073
10218,40001
10305,40061
10339,40209
10295,40057
10223,40123
10257,40041
10237,40020
10230,40080
10264,40110
10326,40161
10214,40016
10267,40022
10276,40133
10236,40067
10260,40037
10298,40080
10232,40146
10263,40287
10282,40016
10316,40204
10256,40028
10310,40227
10328,40163
10198,40114
10289,40121
10351,40186
10301,40170
10244,39995
10315,40285
10210,39968
10350,40218
10290,40178
10251,40146
10322,40062
10225,40265
10240,40186
10222,40179
10202,40192
10341,40243
10281,40011
10335,40216
10296,40129
10252,40073
10247,40035
10360,40211
10194,40162
10259,40272
10228,40098
10293,40092
10312,40223
10308,40176
10200,40014
10250,40020
10235,40139
10243,40080
10315,40089
10206,40109
10224,40145
10187,39975
10325,40213
10265,40133
10213,40268
10299,40089
10227,40219
10327,40270
10306,40098
10249,40293
10197,40172
10284,39990
10277,40126
10219,40137
10318,40173
10261,40126
10337,40232
10333,40183
10367,40215
10268,40089
10303,40220
10177,40021
10231,40094
10205,40222
10267,40295
10215,40158
10204,40166
10302,40111
10239,40236
10286,40143
10362,40241
10195,40215
10223,40012
10256,40203
10257,40166
10291,40102
10207,40108
10241,40262
10363,40200
10214,40143
10248,39993
10229,40185
10276,40264
10290,40229
10253,40111
10279,40272
10260,40168
10225,40122
10240,40201
10275,40164
10232,40029
10282,40135
10316,40071
10256,40151
10184,40009
10198,40009
10216,40093
10247,40208
10266,40103
10194,40213
10294,40094
10312,40142
10203,40148
10235,40216
10244,40110
10278,40158
10210,40119
10378,40183
10251,40271
10285,40191
10265,40214
10213,39997
10300,40069
10334,40257
10284,40293
10209,40038
10296,40012
10252,40252
10221,40170
10219,40198
10216,40281
10247,40148
10337,40185
10228,39989
10293,40289
10270,40104
10308,40059
10269,40065
10303,40141
10243,40221
10212,40245
10205,39983
10206,40216
10292,40187
10224,40012
10364,40242
10359,40234
10227,40036
10242,40171
10208,40172
10234,40071
10283,40274
10355,40171
10277,40227
10311,40099
10254,40106
10220,40155
10273,40023
10261,40003
10295,40067
10369,40197
10370,40182
10257,40215
10270,40292
10237,40250
10196,40110
10230,39998
10245,40099
10231,40211
10317,40172
10182,39978
10364,40182
10267,40176
10215,40019
10233,40187
10276,39999
10208,40232
10204,40057
10199,40147
10320,40074
10279,40065
10355,40231
10298,40054
10272,40038
10286,40026
10304,40170
10305,40263
10295,40263
10217,40085
10331,40231
10226,40038
10241,40147
10248,40100
10229,40014
10233,40247
10290,40024
10238,40105
10253,39972
10251,39996
10288,40104
10199,40215
10297,40065
10225,39991
10222,40009
10309,40157
10304,40278
10263,40037
10209,40247
10252,40051
10356,40198
10266,39978
10259,40106
10331,40163
10294,40213
10312,40057
10308,40234
10271,40102
10200,40168
10201,40017
10250,40202
10244,40209
10278,40021
10206,40011
10343,40208
10265,40035
10213,40098
10262,40149
10234,40278
10197,40002
10284,40152
10209,40179
10258,40156
10221,40031
10219,40051
10356,40186
10333,40221
10280,40087
10370,40201
10200,40228
10269,40214
10303,40054
10246,40119
10212,40120
10352,40249
10205,40100
10292,40014
10255,40058
10287,40182
10262,40209
10242,40062
10227,40177
10208,40039
10348,40229
10283,40143
10311,40212
10239,40070
10254,39985
10272,40245
10220,40014
10273,40172
10218,40042
10305,40080
10223,40102
10314,40091
10237,40015
10245,39976
10230,40117
10317,40033
10264,40019
10192,39973
10226,40281
10329,40210
10382,40196
10326,40154
10287,40234
10267,40013
10276,40098
10348,40169
10199,40036
10323,40274
10320,40197
10373,40197
10279,39994
10297,40274
10260,40002
10298,40189
10275,40286
10272,40177
10304,40037
10232,40119
10195,39981
10263,40250
10282,40061
10372,40191
10256,40049
10198,40087
10289,40092
10351,40161
10366,40191
10301,40133
10244,40000
10210,39965
10290,40143
10238,40276
10251,40105
10222,40148
10202,40237
10307,40046
10341,40222
10263,40190
10281,40046
10335,40231
10252,40166
10247,40062
10360,40184
10194,40191
10259,40247
10228,40271
10293,40071
10365,40176
10308,40093
10271,39979
10200,40051
10269,39975
10201,40158
10235,39982
10250,40113
10243,40119
10315,40188
10206,40118
10224,40118
10187,39994
10255,40203
10265,40168
10213,40279
10262,40032
10227,40254
10346,40202
10306,40031
10344,40214
10249,40264
10197,40151
10284,40019
10277,40089
10258,40019
10296,40290
10273,40253
10218,40221
10219,40172
10318,40086
10261,40089
10337,40195
10314,40266
10268,40118
10340,40173
10231,40117
10317,40274
10264,40290
10212,39971
10205,40249
10255,40143
10287,40059
10215,40117
10189,39993
10204,40195
10302,40112
10321,40205
10211,40186
10385,40207
10239,40203
10286,40112
10218,40145
10362,40218
10358,40187
10261,40285
10223,39979
10256,40224
10257,40185
10291,40269
10289,40269
10230,40192
10264,40158
10326,40273
10214,39968
10229,40164
10313,40287
10276,40277
10290,40254
10253,40074
10236,40179
10260,40149
10225,40093
10240,40238
10332,40156
10275,40139
10232,40002
10281,40223
10282,40160
10256,40172
10184,39982
10198,39970
10216,40098
10247,40239
10266,40256
10207,40207
10294,40115
10312,40147
10203,40139
10301,40282
10244,40139
10315,40237
10278,40115
10210,40080
10253,40270
10288,40286
10251,40226
10285,40090
10265,40249
10300,40162
10274,40162
10307,40155
10281,40155
10209,40025
10258,40194
10296,40113
10252,40217
10221,40197
10219,40221
10247,40179
10319,40072
10337,40156
10228,40146
10293,40204
10269,40124
10303,40104
10235,40123
10243,40224
10212,40210
10349,40165
10206,40253
10292,40160
10224,39969
10364,40239
10325,40069
10242,40196
10190,39997
10208,40129
10327,40254
10306,40146
10234,40032
10249,40181
10277,40206
10239,40056
10254,40143
10220,40176
10273,40010
10362,40173
10318,40221
10261,39982
10295,40126
10257,40234
10270,40201
10268,40201
10237,40213
10196,40075
10231,40206
10267,40215
10215,39982
10233,40158
10248,40269
10313,40072
10208,40205
10204,40086
10199,40142
10302,40255
10279,40092
10211,40039
10298,40019
10332,40211
10254,40203
10272,40027
10286,39999
10304,40079
10195,40071
10282,40211
10295,40290
10310,40034
10291,40150
10342,40182
10217,40120
10245,40194
10207,39996
10226,40003
10241,40182
10381,40205
10248,40073
10229,40041
10233,40218
10253,39999
10288,40077
10238,40114
10378,40195
10279,40224
10297,40036
10260,40280
10275,40052
10309,40184
10307,40200
10304,40267
10263,40000
10371,40198
10209,40234
10252,40008
10328,40222
10216,39981
10356,40227
10266,40151
10259,40081
10294,40206
10312,40030
10308,40247
10271,40141
10203,40004
10201,40052
10250,40215
10244,40254
10278,39982
10349,40214
10206,40044
10343,40175
10285,40207
10213,40077
10262,40142
10300,40053
10274,40057
10234,40243
10284,40181
10277,40063
10209,40150
10258,40185
10221,40058
10356,40167
10319,40221
10333,40248
10280,40124
10370,40226
10270,39992
10271,40193
10200,40265
10269,40241
10303,40029
10231,40031
10246,40136
10212,40069
10352,40222
10205,40031
10292,40043
10255,40033
10183,40019
10287,40157
10262,40202
10242,40091
10208,40028
10345,40219
10302,40046
10249,40034
10234,40183
10283,40162
10211,40276
10311,40243
10254,40026
10239,40173
10272,40234
10220,40043
10273,40135
10218,40055
10358,40193
10305,40075
10395,40201
10223,40077
10314,40036
10237,40106
10196,40222
10245,39987
10230,40110
10246,40212
10317,40060
10264,40056
10192,39994
10226,40242
10329,40245
10287,40209
10267,40032
10233,40043
10276,40079
10236,40277
10199,40003
10320,40218
10297,40245
10298,40166
10272,40150
10232,40092
10263,40209
10372,40196
10223,40257
10310,40153
10198,40072
10289,40055
10379,40181
10217,39973
10354,40244
10294,40025
10241,40003
10226,40182
10203,40213
10201,40197
10301,40096
10244,40045
10210,40054
10238,40249
10251,40076
10323,40181
10300,40260
10297,40177
10240,39988
10274,40264
10222,39993
10309,40045
10307,40053
10232,40280
10263,40149
10281,40049
10371,40179
10252,40131
10198,40244
10266,40026
10259,40218
10293,40098
10368,40199
10365,40171
10271,39990
10200,40088
10269,40002
10201,40129
10250,40090
10243,40026
10315,40147
10206,40155
10224,40075
10255,40246
10375,40198
10213,40242
10299,40275
10262,40005
10227,40229
10202,40074
10346,40215
10306,40056
10344,40251
10249,40275
10197,39986
10284,40040
10277,40164
10311,40032
10258,40044
10296,40263
10220,40218
10273,40208
10218,40230
10261,40068
10314,40279
10268,40019
10246,40007
10231,40144
10264,40199
10205,40148
10224,40279
10255,40170
10287,40038
10215,40080
10204,40248
10302,40085
10283,40031
10321,40224
10211,40129
10298,40233
10239,40214
10286,40085
10218,40186
10362,40199
10339,40260
10261,40248
10314,40171
10289,40224
10237,39999
10230,40229
10354,40167
10264,40131
10241,40220
10326,40266
10215,40276
10248,40035
10229,40207
10210,40265
10276,40242
10290,40219
10236,40168
10260,39986
10225,40176
10240,40259
10332,40185
10275,40238
10286,40273
10232,39975
10281,40226
10256,40065
10310,40276
10184,39987
10289,40172
10207,40234
10294,40148
10203,40174
10235,40274
10338,40267
10301,40245
10244,40144
10315,40192
10278,40084
10210,40077
10350,40175
10253,40233
10251,40249
10285,40117
10265,40284
10300,40159
10240,40079
10225,40252
10274,40159
10222,40260
10306,40203
10307,40190
10281,40190
10209,39996
10258,40223
10296,40086
10221,40224
10219,40240
10247,40078
10216,40195
10194,40079
10228,40191
10293,40247
10269,40151
10340,40249
10235,40094
10243,40135
10278,40272
10206,40262
10292,40205
10364,40196
10325,40160
10265,40088
10299,40172
10242,40225
10190,39974
10327,40213
10306,40143
10234,40013
10249,40152
10283,40204
10321,40145
10311,40149
10239,40007
10186,40017
10254,40176
10220,40077
10181,39975
10318,40198
10257,40269
10270,40210
10268,40230
10196,40048
10303,40267
10231,40229
10317,40226
10324,40189
10267,40202
10233,40129
10248,40274
10336,40228
10313,40083
10204,40115
10302,40192
10279,40187
10211,40010
10332,40200
10254,40236
10272,39984
10304,40100
10195,40170
10282,40252
10295,40217
10257,40073
10291,40189
10217,40131
10245,40237
10207,40155
10226,40028
10241,40169
10214,40112
10248,40174
10229,40084
10313,40239
10380,40204
10238,40087
10288,40162
10236,40035
10357,40223
10279,40255
10297,40015
10260,40261
10225,40045
10275,40027
10309,40195
10307,40239
10304,40288
10263,39999
10209,40205
10316,40172
10328,40195
10216,39986
10217,40223
10266,40176
10259,40052
10294,40227
10271,40168
10203,40059
10201,39967
10244,40283
10349,40241
10206,40049
10288,40238
10285,40234
10213,40040
10300,40018
10334,40186
10274,40018
10202,39968
10234,40220
10284,40210
10277,40026
10209,40137
10353,40236
10258,40082
10221,40085
10374,40179
10319,40248
10193,39977
10280,40129
10228,40002
10270,40157
10271,40236
10269,40236
10231,40058
10246,40173
10212,40162
10352,40179
10205,40058
10292,40080
10325,40053
10359,40177
10299,40057
10227,39995
10242,40116
10208,40113
10345,40254
10302,40051
10249,40005
10234,40144
10283,40185
10211,40251
10311,40270
10254,40063
10239,40136
10272,40207
10273,39994
10358,40250
10305,40110
10280,40221
10237,40069
10196,40187
10230,40003
10245,40158
10246,40233
10192,40031
10226,40207
10182,40031
10267,40071
10233,40014
10276,40084
10185,40026
10236,40242
10199,40126
10376,40205
10320,40255
10279,40044
10297,40216
10298,40131
10272,40139
10232,40065
10195,40055
10263,40204
10223,40236
10256,39979
10310,40178
10291,40006
10289,40010
10217,40008
10354,40209
10207,40012
10331,40266
10294,40050
10241,40038
10226,40147
10368,40176
10203,40200
10201,40232
10214,40239
10301,40091
10210,40019
10347,40200
10238,40194
10251,40035
10322,40145
10323,40152
10297,40148
10240,39977
10274,40229
10222,39970
10309,40072
10232,40253
10263,40112
10335,40169
10316,40039
10252,40152
10198,40233
10247,39984
10266,40007
10194,39989
10259,40193
10228,40209
10293,40013
10308,40263
10271,40029
10200,40125
10269,40061
10201,40164
10235,40056
10250,40167
10243,40033
10206,40188
10325,40262
10322,40213
10265,39990
10213,40221
10299,40246
10262,40126
10227,40264
10327,40191
10202,40119
10346,40240
10249,40246
10284,40069
10277,40143
10311,40063
10220,40247
10273,40203
10219,39974
10318,40028
10393,40203
10280,40012
10314,40240
10270,40008
10268,40008
10340,40151
10246,40024
10231,40143
10264,40236
10205,40143
10329,40169
10255,40081
10224,40236
10324,40279
10287,40013
10227,40068
10302,40190
10320,40046
10283,40050
10321,40251
10211,40100
10298,40210
10273,40119
10218,40071
10339,40235
10261,40227
10223,40189
10314,40180
10257,39991
10291,40215
10289,40251
10245,40003
10230,40158
10264,40168
10241,40247
10326,40239
10214,39966
10215,40243
10248,40008
10229,40234
10276,40223
10236,40133
10199,39987
10323,40233
10225,40139
10275,40245
10286,40250
10339,40167
10316,40278
10256,40102
10328,40157
10198,40184
10289,40135
10266,40214
10207,40241
10351,40252
10294,40137
10365,40215
10312,40093
10203,40069
10235,40265
10301,40208
10191,39985
10244,40189
10210,40166
10290,40120
10253,40196
10251,40220
10285,40016
10265,40263
10357,40169
10300,40244
10240,40100
10225,40215
10274,40120
10222,40105
10346,40163
10306,40228
10281,40065
10258,40248
10296,40187
10386,40197
10252,40275
10221,40251
10219,40279
10247,40101
10216,40232
10319,40146
10228,40164
10293,40146
10312,40281
10308,40138
10269,40178
10340,40198
10303,40082
10250,40042
10235,40181
10377,40212
10243,40170
10212,40260
10278,40245
10292,40234
10224,39963
10325,40139
10265,40067
10299,40131
10262,39989
10242,40282
10345,40148
10306,40168
10234,39990
10197,40098
10249,40099
10283,40227
10321,40180
10311,40176
10296,40247
10186,39994
10220,40106
10219,40083
10318,40235
10261,40180
10367,40233
10257,40288
10270,40247
10268,40131
10196,40029
10303,40278
10231,40256
10317,40253
10205,40260
10363,40182
10324,40154
10267,40225
10215,40160
10336,40217
10389,40193
10313,40182
10208,40263
10204,40104
10320,40153
10279,40150
10211,40017
10332,40229
10254,40273
10195,40145
10282,40281
10295,40244
10256,40277
10257,40108
10291,40160
10342,40236
10217,40166
10230,40277
10207,40166
10226,39993
10241,40076
10366,40195
10363,40242
10361,40230
10214,40085
10338,40183
10248,40179
10229,40127
10210,40249
10313,40242
10238,40056
10253,40181
10236,40024
10199,40260
10288,40135
10357,40250
10279,40218
10260,40098
10225,40000
10188,40012
10275,40126
10309,40238
10307,40242
10304,40197
10282,40093
10316,40137
10328,40232
10198,40055
10216,40151
10247,40282
10217,40226
10266,40093
10259,40027
10294,40260
10271,40183
10203,39966
10250,40285
10338,40251
10244,40288
10278,40164
10288,40195
10285,40133
10213,40051
10300,40015
10334,40223
10274,40015
10222,40244
10202,40013
10307,40078
10341,40190
10284,40239
10209,40108
10353,40199
10258,40111
10330,40150
10221,40112
10319,40231
10280,40166
10228,40047
10270,40166
10271,40267
10269,40263
10178,39967
10243,40279
10212,40143
10292,40125
10255,39979
10359,40172
10299,40028
10262,40256
10227,40030
10190,40022
10242,40145
10208,40086
10345,40257
10302,40020
10249,39976
10197,40247
10283,40092
10321,40033
10211,40222
10234,40125
10254,40032
10239,40151
10330,40202
10220,39965
10218,39997
10261,40057
10295,40133
10280,40226
10268,40278
10237,40160
10196,40160
10230,40036
10245,40185
10246,40258
10326,40053
10324,40045
10287,40283
10267,40122
10233,40113
10248,40226
10313,40035
10276,40049
10347,40163
10204,39971
10236,40239
10199,40085
10376,40210
10320,40276
10279,40011
10297,40195
10272,40096
10304,40148
10305,40205
10195,40026
10223,40203
10310,40087
10291,40045
10289,39981
10217,40019
10207,40043
10226,40108
10203,40239
10214,40192
10301,40054
10210,40012
10347,40239
10253,40042
10288,40050
10251,40006
10238,40167
10322,40170
10297,40127
10260,40245
10240,40014
10274,40222
10275,39979
10309,40083
10232,40226
10263,40111
10281,39999
10335,40180
10316,40060
10252,39989
10198,40194
10216,40002
10319,40052
10266,40032
10194,40014
10259,40164
10228,40254
10293,40040
10271,40056
10200,40098
10201,40079
10235,40031
10250,40128
10187,40011
10322,40238
10265,40025
10213,40184
10299,40237
10262,40083
10327,40154
10202,40144
10344,40165
10249,40217
10197,40056
10284,40098
10277,39978
10221,39973
10219,39997
10193,40121
10333,40259
10280,40017
10314,40221
10270,40045
10268,40037
10200,40222
10246,40061
10231,40170
10212,40050
10205,40170
10224,40193
10255,40124
10324,40252
10287,40104
10336,40163
10189,40010
10227,40107
10208,39969
10302,40131
10211,40075
10239,40280
10273,40106
10218,40096
10305,40030
10339,40206
10261,40206
10295,40030
10223,40152
10314,40145
10257,40010
10291,40250
10289,40222
10237,40053
10245,40046
10230,40179
10264,40077
10241,40234
10329,40264
10326,40192
10361,40188
10214,40051
10267,39991
10215,40206
10233,39998
10229,40277
10276,40164
10290,40273
10185,39978
10236,40098
10199,39982
10323,40204
10387,40202
10298,40115
10275,40216
10286,40223
10232,40177
10282,39987
10316,40243
10256,40123
10310,40194
10198,40157
10289,40154
10266,40243
10351,40219
10294,40162
10203,40120
10301,40203
10191,40028
10210,40131
10350,40245
10290,40085
10253,40223
10251,40179
10285,40043
10300,40209
10240,40153
10274,40085
10222,40082
10281,40100
10353,40173
10296,40160
10252,40104
10221,40278
10247,40000
10360,40242
10319,40185
10194,40133
10228,40065
10293,40189
10312,40254
10308,40151
10200,39981
10269,40173
10250,40055
10235,40168
10243,40177
10315,40070
10278,40206
10206,40076
10292,40279
10224,40176
10255,40269
10325,40246
10265,40102
10299,40102
10262,39982
10345,40191
10346,40256
10306,40069
10249,40070
10197,40077
10321,40079
10277,40287
10296,40220
10220,40263
10218,40275
10219,40118
10318,40140
10261,40159
10337,40265
10333,40152
10268,40184
10237,40262
10196,39994
10303,40253
10317,40216
10264,40284
10363,40173
10287,39997
10267,40260
10215,40191
10313,40153
10204,40133
10302,40270
10320,40190
10321,40267
10211,39988
10388,40192
10332,40258
10286,40174
10282,40290
10223,40045
10257,40135
10291,40071
10342,40193
10379,40201
10230,40270
10207,40077
10241,40103
10363,40233
10361,40201
10214,40174
10233,40267
10229,40154
10248,40152
10210,40210
10313,40213
10238,40029
10253,40144
10236,39989
10288,40156
10357,40229
10260,40079
10225,40027
10188,39977
10275,40069
10309,40265
10307,40281
10304,40250
10232,40060
10281,40277
10282,40102
10328,40269
10198,40040
10216,40188
10217,40261
10266,40070
10259,39998
10207,40257
10312,40173
10203,39989
10201,39973
10235,40249
10338,40212
10391,40194
10244,40077
10278,40185
10288,40216
10285,40160
10213,40030
10300,40100
10334,40224
10274,39976
10222,40217
10202,40054
10306,40276
10307,40085
10341,40153
10284,40260
10209,40071
10353,40218
10258,40264
10296,40043
10330,40179
10252,40227
10221,40139
10319,40258
10293,40258
10270,40075
10308,40026
10271,40278
10269,40290
10303,40162
10212,40148
10205,39984
10292,40154
10224,40043
10359,40203
10227,40005
10242,40138
10208,40075
10234,40102
10249,39987
10197,40210
10283,40115
10311,40064
10239,39986
10254,40069
10330,40247
10220,39994
10273,40048
10305,40164
10318,40283
10261,40036
10295,40160
10280,40263
10270,40263
10237,40155
10196,40141
10245,40068
10317,40077
10287,40262
10267,40145
10215,40048
10233,40084
10248,40199
10276,40030
10208,40247
10204,40024
10236,40196
10199,40176
10373,40177
10279,40102
10355,40196
10272,40069
10286,40053
10304,40137
10305,40224
10195,40001
10310,40104
10217,40054
10245,40280
10207,40054
10331,40196
10226,40073
10241,39996
10301,40017
10229,39983
10176,40021
10290,40059
10253,40005
10288,40023
10251,40029
10199,40244
10238,40136
10380,40185
10297,40098
10260,40210
10240,40035
10222,40040
10263,40074
10232,40199
10209,40272
10216,40039
10194,40043
10259,40139
10308,40201
10271,40071
10200,40135
10201,40114
10250,40237
10243,39979
10315,40032
10278,40052
10206,39978
10343,40241
10322,40267
10285,40277
10265,40060
10213,40131
10299,40192
10262,40180
10202,40189
10197,40035
10284,40127
10277,39989
10258,39999
10273,40257
10221,40000
10219,40016
10318,40042
10193,40028
10280,40054
10270,40054
10200,40195
10246,40086
10212,40031
10205,40069
10292,39981
10255,40027
10324,40217
10287,40087
10336,40152
10262,40240
10242,40001
10227,40142
10348,40196
10283,39980
10298,40280
10239,40103
10272,40276
10273,40077
10218,40013
10305,40049
10339,40213
10295,40053
10223,40135
10257,40045
10291,40225
10237,40016
10230,40084
10264,40114
10326,40165
10361,40167
10214,40020
10267,39978
10276,40129
10236,40095
10260,40033
10298,40092
10286,40192
10232,40150
10263,40283
10282,40028
10316,40200
10256,40016
10310,40231
10328,40167
10198,40118
10289,40125
10351,40198
10201,40259
10301,40166
10315,40273
10210,39996
10350,40222
10290,40174
10251,40150
10322,40058
10300,40206
10225,40269
10240,40190
10274,40078
10222,40183
10202,40204
10307,40015
10341,40255
10281,40015
10335,40196
10296,40133
10252,40069
10247,40031
10360,40215
10319,40164
10194,40158
10259,40276
10228,40110
10293,40088
10312,40195
10308,40188
10200,40018
10340,40264
10250,40016
10235,40143
10243,40084
10206,40081
10224,40149
10325,40209
10265,40137
10213,40264
10299,40093
10227,40223
10327,40266
10197,40168
10277,40122
10296,40193
10386,40191
10219,40141
10374,40211
10318,40177
10261,40122
10193,40137
10337,40236
10333,40179
10367,40211
10268,40085
10196,39975
10303,40216
10231,40090
10264,40257
10205,40218
10215,40154
10204,40162
10302,40275
10239,40232
10286,40147
10195,40219
10223,40008
10256,40207
10257,40154
10291,40106
10342,40218
10207,40104
10241,40282
10363,40204
10214,40131
10248,39997
10229,40133
10210,40207
10290,40225
10253,40107
10279,40268
10260,40180
10225,40126
10240,40205
10275,40168
10309,40276
10232,40033
10282,40131
10316,40067
10256,40139
10384,40208
10184,40013
10198,40013
10216,40065
10247,40204
10266,40099
10194,40209
10294,40082
10312,40178
10203,39976
10235,40220
10244,40106
10278,40146
10210,40115
10378,40179
10251,40259
10285,40187
10265,40218
10213,39993
10300,40065
10334,40261
10222,40194
10284,40289
10209,40058
10296,40016
10252,40248
10221,40166
10247,40144
10337,40189
10228,39985
10270,40108
10308,40039
10269,40093
10303,40137
10243,40193
10212,40241
10205,39979
10206,40220
10292,40135
10224,40000
10359,40230
10227,40040
10190,39964
10242,40167
10208,40160
10234,40067
10283,40278
10355,40175
10277,40239
10311,40095
10254,40110
10330,40272
10220,40151
10273,40043
10261,40015
10295,40095
10369,40217
10370,40178
10257,40203
10237,40246
10196,40106
10230,39986
10245,40111
10317,40168
10192,40110
10182,39982
10364,40178
10267,40180
10215,40015
10233,40191
10276,39995
10208,40236
10204,40053
10199,40175
10320,40078
10279,40125
10355,40235
10298,40050
10272,40058
10286,40030
10304,40174
10305,40283
10295,40259
10217,40089
10245,40291
10207,39965
10331,40251
10226,40034
10241,40151
10301,40012
10248,40104
10229,40010
10233,40251
10290,40020
10238,40109
10288,40108
10251,39984
10199,40211
10297,40069
10225,39979
10222,40013
10309,40153
10263,40033
10209,40267
10252,40047
10356,40194
10266,39990
10259,40110
10293,39998
10331,40167
10312,40061
10308,40214
10271,40098
10200,40172
10201,40021
10250,40246
10244,40221
10278,40009
10206,40015
10343,40204
10265,40039
10213,40110
10262,40169
10202,40166
10234,40274
10197,40014
10284,40148
10209,40183
10258,40152
10221,40027
10219,40055
10333,40217
10280,40091
10370,40197
10268,39999
10200,40232
10269,40210
10303,40050
10231,39996
10246,40107
10212,40100
10205,40096
10292,40010
10255,40006
10183,39984
10324,40198
10287,40178
10262,40213
10242,40058
10227,40181
10208,40059
10348,40225
10283,40131
10298,40261
10311,40208
10239,40066
10254,39989
10272,40265
10220,40010
10273,40160
10218,40022
10305,40084
10223,40098
10314,40071
10237,40011
10196,40253
10230,40073
10264,40023
10226,40277
10329,40214
10382,40200
10326,40158
10287,40246
10267,40001
10276,40110
10348,40165
10199,40032
10323,40278
10373,40193
10279,39990
10297,40278
10260,40014
10298,40185
10275,40258
10272,40181
10304,40057
10232,40123
10195,39985
10263,40246
10282,40057
10372,40187
10256,40053
10310,40248
10198,40107
10289,40080
10351,40173
10301,40129
10191,40038
10244,40012
10350,40195
10290,40139
10238,40280
10251,40109
10222,40152
10202,40233
10309,40014
10307,40018
10341,40218
10263,40186
10281,40018
10335,40227
10252,40162
10247,40058
10360,40188
10194,40187
10259,40251
10228,40267
10293,40067
10308,40089
10200,40055
10250,40125
10243,40123
10315,40176
10206,40122
10224,40106
10187,39998
10255,40215
10265,40172
10213,40275
10262,40036
10227,40194
10306,40027
10344,40218
10249,40268
10197,40147
10284,40015
10277,40069
10258,40015
10296,40294
10273,40241
10218,40217
10219,40160
10261,40101
10337,40199
10333,40174
10268,40114
10340,40169
10231,40113
10317,40270
10264,40294
10212,39983
10205,40245
10255,40139
10324,40073
10215,40113
10336,40264
10189,39989
10204,40223
10321,40193
10211,40190
10385,40195
10239,40247
10286,40116
10218,40157
10362,40230
10358,40191
10261,40281
10223,39991
10256,40228
10257,40189
10291,40273
10289,40257
10230,40196
10207,40119
10326,40277
10214,39972
10229,40160
10313,40259
10276,40273
10290,40250
10253,40070
10260,40145
10225,40081
10240,40226
10332,40152
10275,40143
10232,40006
10281,40195
10282,40172
10316,40088
10256,40160
10184,40018
10198,39974
10216,40102
10247,40235
10266,40268
10207,40203
10294,40119
10312,40151
10203,40143
10301,40278
10244,40119
10315,40225
10278,40119
10210,40108
10253,40266
10288,40274
10251,40230
10285,40086
10265,40253
10300,40190
10274,40190
10307,40159
10281,40159
10209,40029
10296,40117
10252,40213
10221,40193
10219,40209
10247,40175
10228,40158
10293,40200
10270,40113
10269,40120
10303,40148
10235,40127
10243,40228
10212,40222
10349,40161
10206,40225
10292,40172
10224,39973
10364,40235
10325,40065
10242,40192
10208,40133
10327,40250
10234,40044
10249,40185
10277,40202
10239,40036
10254,40147
10220,40172
10273,40014
10362,40169
10261,39978
10295,40122
10370,40175
10257,40238
10270,40205
10268,40197
10237,40209
10196,40087
10231,40202
10192,40131
10364,40175
10267,40171
10215,39978
10233,40162
10313,40076
10208,40193
10204,40082
10199,40138
10302,40227
10279,40088
10211,40043
10298,40031
10254,40207
10272,40031
10286,40003
10304,40067
10195,40075
10282,40223
10369,40184
10310,40038
10291,40154
10342,40170
10217,40124
10245,40206
10207,39992
10226,40063
10241,40138
10381,40201
10214,40275
10248,40077
10229,40053
10233,40222
10253,39995
10288,40065
10238,40118
10199,40206
10378,40207
10323,40044
10297,40040
10260,40292
10275,40056
10309,40164
10307,40204
10304,40271
10263,40028
10371,40202
10209,40238
10252,40004
10356,40239
10266,40147
10259,40085
10294,40194
10308,40243
10271,40137
10203,40024
10201,40056
10250,40211
10244,40250
10315,40026
10349,40210
10206,40016
10343,40171
10285,40203
10213,40073
10262,40130
10300,40049
10334,40149
10274,40053
10234,40255
10284,40177
10277,40059
10209,40170
10258,40181
10221,40054
10356,40163
10319,40217
10333,40244
10280,40096
10270,39996
10271,40205
10269,40205
10303,40025
10231,40027
10246,40140
10212,40065
10352,40210
10205,40027
10292,40055
10255,40045
10183,40015
10287,40153
10262,40206
10242,40087
10208,40016
10348,40254
10345,40223
10249,40038
10234,40179
10283,40166
10211,40280
10311,40239
10254,40030
10239,40169
10272,40238
10220,40039
10273,40155
10218,40051
10358,40197
10305,40079
10223,40073
10314,40032
10237,40102
10196,40218
10230,40098
10245,39999
10246,40200
10317,40056
10264,40060
10192,39998
10226,40238
10329,40249
10180,40026
10287,40221
10267,40036
10233,40047
10276,40075
10236,40273
10199,40031
10320,40222
10297,40249
10298,40162
10272,40170
10232,40096
10263,40237
10372,40192
10223,40269
10310,40157
10198,40076
10289,40043
10217,39977
10354,40240
10294,40029
10241,40007
10226,40178
10201,40201
10301,40124
10244,40041
10210,40050
10238,40253
10288,39996
10251,40064
10285,39996
10323,40185
10300,40256
10297,40181
10274,40260
10222,39997
10309,40041
10307,40057
10263,40145
10281,40053
10371,40183
10252,40191
10259,40222
10293,40110
10368,40219
10365,40167
10308,40102
10271,39986
10200,40092
10269,40030
10201,40133
10250,40070
10243,40030
10315,40151
10206,40159
10224,40079
10255,40242
10375,40194
10213,40254
10299,40279
10262,40025
10227,40233
10202,40086
10346,40211
10306,40052
10344,40255
10249,40279
10197,39998
10284,40036
10277,40160
10311,40028
10258,40040
10296,40267
10220,40214
10273,40212
10218,40226
10261,40064
10280,39979
10314,40275
10268,40111
10340,40182
10246,39995
10231,40108
10264,40203
10212,39988
10205,40144
10224,40267
10255,40182
10287,40034
10215,40076
10204,40244
10302,40089
10283,40019
10321,40228
10211,40133
10298,40245
10239,40210
10286,40089
10218,40166
10362,40195
10339,40264
10261,40260
10256,40249
10289,40228
10237,39995
10230,40249
10354,40163
10264,40135
10241,40208
10326,40270
10214,39993
10215,40272
10248,40039
10229,40203
10210,40261
10276,40254
10290,40215
10236,40164
10260,39998
10225,40180
10240,40263
10332,40181
10275,40146
10286,40277
10232,39979
10281,40230
10256,40069
10310,40264
10289,40160
10207,40214
10294,40104
10203,40162
10235,40278
10338,40263
10301,40241
10244,40156
10315,40196
10278,40072
10210,40073
10350,40179
10253,40229
10251,40253
10285,40113
10265,40224
10300,40155
10240,40067
10225,40240
10274,40155
10222,40264
10306,40199
10307,40162
10281,40162
10209,39984
10258,40219
10296,40090
10221,40220
10219,40244
10247,40074
10216,40199
10228,40187
10293,40243
10269,40147
10340,40229
10235,40082
10243,40139
10278,40276
10349,40188
10206,40266
10292,40201
10224,39994
10364,40192
10325,40172
10265,40092
10299,40160
10242,40253
10190,39978
10327,40209
10306,40139
10234,40009
10249,40156
10283,40192
10321,40149
10277,40213
10311,40145
10239,40003
10186,40029
10254,40180
10220,40073
10181,39971
10318,40202
10257,40257
10270,40214
10268,40226
10237,40204
10196,40060
10231,40225
10317,40158
10324,40185
10267,40206
10233,40133
10248,40278
10336,40248
10313,40087
10204,40079
10302,40196
10279,40183
10211,40014
10332,40196
10254,40240
10272,39988
10195,40174
10282,40248
10295,40213
10310,40059
10257,40077
10291,40129
10217,40135
10245,40233
10207,40135
10226,40024
10241,40173
10366,40226
10214,40116
10248,40082
10229,40080
10233,40193
10380,40200
10238,40091
10288,40166
10236,40063
10357,40219
10279,40251
10297,40019
10260,40257
10225,40033
10275,40031
10309,40207
10307,40211
10304,40292
10263,39995
10371,40209
10209,40193
10316,40168
10328,40199
10216,39990
10217,40195
10266,40188
10259,40056
10294,40231
10271,40148
10203,40063
10201,40035
10244,40263
10349,40237
10206,40053
10288,40226
10285,40230
10213,40084
10300,40046
10334,40190
10274,40046
10202,39980
10234,40216
10284,40206
10277,40006
10209,40141
10353,40224
10258,40078
10221,40081
10374,40183
10319,40196
10193,39981
10333,40239
10280,40133
10228,40014
10270,40129
10271,40232
10269,40232
10231,40054
10246,40161
10212,40174
10352,40183
10205,40054
10292,40092
10287,40132
10325,40049
10299,40061
10262,40291
10227,39999
10242,40112
10208,40117
10345,40226
10302,40055
10249,40009
10234,40156
10283,40189
10376,40181
10211,40255
10311,40266
10254,40003
10239,40180
10272,40195
10220,40060
10273,39998
10218,39964
10305,40098
10280,40193
10237,40065
10196,40199
10230,40007
10245,40154
10246,40237
10264,40033
10192,40019
10226,40203
10182,40019
10267,40091
10233,40018
10276,40080
10185,40030
10236,40270
10199,40122
10320,40243
10279,40040
10297,40220
10298,40143
10272,40143
10232,40069
10195,40059
10263,40200
10223,40232
10256,39983
10310,40182
10291,40010
10289,40014
10217,40012
10354,40205
10207,40008
10331,40270
10294,40054
10241,40058
10226,40143
10368,40180
10203,40204
10201,40236
10214,40227
10301,40087
10244,40054
10210,40047
10347,40204
10238,40198
10251,40039
10322,40141
10323,40156
10297,40152
10240,39981
10274,40225
10222,39974
10309,40052
10232,40257
10263,40140
10335,40149
10316,40035
10252,40148
10198,40237
10247,39980
10266,40003
10194,39985
10259,40197
10228,40221
10293,40009
10308,40259
10271,40025
10200,40065
10269,40057
10201,40168
10235,40060
10250,40163
10243,40037
10206,40160
10325,40258
10322,40209
10375,40217
10265,39994
10213,40217
10299,40266
10262,40114
10227,40268
10327,40187
10202,40115
10346,40252
10249,40250
10284,40065
10277,40139
10311,40059
10220,40243
10273,40207
10219,39962
10280,39984
10314,40252
10270,40012
10268,40004
10340,40147
10246,40028
10231,40139
10264,40240
10205,40139
10329,40173
10255,40093
10224,40224
10324,40275
10287,40009
10227,40072
10204,40273
10302,40162
10320,40034
10283,40054
10321,40255
10211,40104
10298,40222
10286,40066
10218,40067
10339,40239
10261,40239
10223,40185
10314,40176
10257,39979
10291,40219
10289,40255
10245,40015
10230,40146
10354,40188
10264,40172
10241,40203
10326,40227
10215,40239
10248,40012
10229,40246
10276,40219
10236,40129
10323,40237
10225,40143
10275,40249
10286,40254
10339,40171
10316,40274
10256,40090
10184,39964
10198,40188
10289,40187
10266,40210
10207,40253
10351,40248
10294,40141
10365,40211
10312,40065
10203,40089
10235,40269
10301,40236
10191,39997
10244,40185
10315,40219
10210,40162
10290,40116
10253,40192
10251,40208
10285,40012
10265,40267
10357,40181
10300,40240
10225,40203
10240,40120
10274,40116
10222,40109
10346,40175
10306,40224
10281,40069
10209,39979
10258,40244
10296,40191
10386,40193
10252,40271
10221,40247
10219,40267
10247,40097
10216,40236
10319,40158
10228,40160
10293,40158
10312,40285
10269,40142
10340,40194
10303,40094
10235,40073
10243,40174
10212,40256
10278,40233
10292,40246
10224,39967
10325,40151
10265,40071
10299,40135
10242,40278
10327,40204
10345,40152
10306,40164
10234,39986
10249,40103
10197,40110
10283,40231
10321,40168
10311,40172
10296,40251
10186,39974
10220,40102
10181,40014
10219,40087
10318,40239
10261,40176
10270,40251
10268,40159
10196,40025
10303,40274
10317,40249
10205,40256
10324,40166
10267,40229
10215,39964
10336,40221
10389,40205
10313,40186
10204,40100
10320,40157
10279,40146
10211,40021
10332,40225
10254,40277
10272,39977
10195,40149
10282,40261
10295,40240
10256,40265
10257,40096
10291,40164
10342,40224
10217,40170
10245,40244
10207,40162
10226,39989
10241,40064
10366,40199
10381,40191
10363,40246
10361,40234
10214,40073
10338,40179
10248,40183
10229,40123
10210,40245
10313,40246
10238,40060
10253,40177
10236,40020
10199,40256
10288,40187
10357,40198
10279,40214
10260,40110
10225,40004
10188,40008
10275,40098
10309,40234
10307,40246
10304,40217
10282,40089
10328,40236
10216,40155
10247,40278
10217,40230
10266,40089
10259,40031
10294,40280
10271,40179
10250,40281
10338,40247
10343,40157
10288,40199
10285,40129
10213,40063
10300,40011
10334,40195
10274,40011
10222,40248
10202,40009
10234,40197
10341,40186
10284,40235
10209,40096
10353,40251
10258,40107
10330,40146
10221,40108
10319,40227
10280,40170
10228,40043
10270,40170
10271,40247
10269,40259
10231,40045
10246,40186
10243,40283
10212,40139
10292,40121
10255,39991
10359,40168
10299,40016
10262,40260
10227,39970
10190,40026
10242,40109
10208,40106
10302,40024
10249,39980
10234,40121
10283,40080
10321,40037
10211,40194
10311,40289
10254,40036
10239,40147
10330,40214
10218,39993
10305,40133
10295,40129
10280,40230
10268,40274
10237,40188
10196,40172
10230,40056
10245,40165
10246,40262
10192,40040
10287,40295
10267,40126
10233,40117
10248,40230
10313,40039
10276,40061
10347,40167
10204,39999
10236,40235
10199,40081
10376,40214
10320,40264
10279,40007
10297,40199
10272,40100
10305,40193
10195,40030
10223,40215
10310,40075
10291,40049
10217,40023
10207,40023
10294,40043
10226,40104
10203,40227
10214,40196
10301,40050
10210,40008
10347,40227
10253,40038
10288,40054
10251,40058
10238,40171
10322,40166
10297,40131
10260,40241
10240,40002
10274,40218
10275,39983
10309,40095
10263,40107
10232,40230
10335,40176
10316,40056
10252,39985
10198,40198
10216,40006
10319,40048
10266,40044
10194,40010
10259,40168
10228,40250
10293,40052
10271,40036
10200,40102
10201,40083
10235,40019
10250,40140
10187,40015
10322,40234
10265,40029
10213,40164
10299,40225
10262,40087
10327,40150
10202,40156
10344,40169
10249,40221
10284,40094
10277,40150
10273,40290
10221,39969
10219,39985
10193,40125
10280,40021
10314,40217
10270,40017
10268,40033
10246,40049
10231,40166
10212,40062
10205,40166
10224,40197
10255,40120
10324,40248
10287,40116
10336,40167
10189,40006
10227,40111
10208,39973
10204,40270
10302,40135
10211,40079
10239,40260
10273,40110
10218,40108
10305,40018
10339,40242
10261,40202
10295,40026
10223,40164
10314,40157
10257,40014
10291,40254
10289,40210
10237,40049
10245,40042
10230,40183
10264,40081
10241,40238
10329,40268
10326,40196
10214,40055
10215,40202
10248,40017
10229,40273
10276,40160
10290,40269
10185,39982
10236,40126
10199,39978
10323,40208
10387,40206
10298,40127
10275,40220
10286,40227
10232,40181
10282,39999
10316,40239
10256,40127
10310,40198
10198,40145
10289,40158
10266,40255
10351,40231
10294,40166
10365,40206
10203,40124
10301,40199
10191,40024
10210,40159
10350,40249
10290,40081
10253,40219
10251,40183
10285,40039
10300,40237
10240,40157
10274,40081
10222,40086
10281,40104
10353,40161
10296,40164
10252,40100
10221,40274
10216,40241
10247,40124
10360,40246
10194,40129
10228,40077
10293,40185
10312,40226
10308,40147
10200,39985
10269,40169
10250,40051
10235,40172
10243,40181
10278,40194
10292,40275
10224,40180
10255,40265
10325,40242
10265,40106
10299,40122
10345,40163
10306,40065
10249,40074
10197,40073
10283,40250
10321,40067
10277,40283
10296,40224
10220,40259
10219,40106
10318,40144
10261,40155
10333,40148
10367,40240
10268,40180
10237,40258
10196,40006
10303,40249
10317,40212
10287,39993
10267,40280
10215,40187
10313,40157
10204,40129
10320,40178
10321,40271
10211,39992
10388,40204
10286,40178
10295,40239
10223,40041
10257,40123
10291,40075
10342,40197
10379,40205
10230,40258
10207,40073
10241,40123
10363,40237
10361,40205
10214,40162
10338,40172
10233,40271
10229,40102
10248,40156
10210,40238
10313,40217
10238,40001
10253,40140
10236,39985
10288,40144
10357,40225
10260,40075
10225,40031
10188,39973
10275,40073
10309,40245
10307,40285
10304,40254
10281,40281
10282,40098
10328,40273
10198,40044
10216,40160
10217,40265
10266,40066
10259,40002
10207,40269
10201,39977
10235,40253
10338,40208
10244,40073
10278,40189
10288,40220
10251,40288
10285,40156
10213,40026
10300,40096
10334,40228
10222,40221
10202,40050
10306,40272
10307,40089
10284,40256
10209,40091
10353,40222
10258,40260
10296,40047
10330,40191
10221,40135
10319,40270
10293,40270
10270,40079
10271,40274
10303,40174
10212,40144
10292,40102
10224,40047
10359,40199
10227,40009
10242,40134
10208,40079
10234,40098
10249,39991
10197,40222
10321,40056
10283,40119
10239,39998
10254,40073
10330,40243
10220,39990
10273,40052
10305,40184
10261,40032
10295,40188
10280,40267
10270,40267
10268,40271
10237,40151
10196,40137
10245,40064
10246,40283
10317,40073
10180,39977
10287,40258
10267,40149
10215,40044
10233,40088
10248,40203
10276,40026
10347,40186
10204,40020
10236,40192
10199,40076
10373,40189
10279,40098
10355,40200
10272,40089
10286,40057
10304,40141
10305,40228
10195,40005
10217,40058
10245,40260
10207,40050
10331,40216
10226,40069
10241,39984
10214,40217
10301,40045
10229,39979
10290,40055
10253,40001
10288,40011
10251,40017
10199,40240
10238,40140
10380,40181
10297,40102
10260,40222
10240,40039
10222,40044
10275,39986
10263,40070
10232,40203
10209,40276
10216,40043
10194,40039
10259,40143
10228,40231
10271,40067
10200,40139
10201,40118
10250,40233
10243,39983
10315,40036
10278,40040
10206,39982
10343,40237
10322,40263
10285,40273
10265,40000
10213,40143
10299,40196
10262,40072
10327,40141
10202,40185
10197,40047
10284,40123
10277,39985
10258,39995
10273,40261
10221,39996
10219,40020
10318,40046
10193,40016
10280,40058
10270,40058
10200,40199
10246,40074
10212,40027
10205,40065
10255,40103
10224,40218
10324,40229
10287,40083
10336,40156
10262,40244
10242,40029
10227,40146
10348,40192
10211,40082
10298,40292
10239,40099
10273,40065
10218,40009
10305,40053
10339,40217
10295,40049
10223,40131
10257,40033
10291,40229
10237,40044
10245,40053
10230,40168
10264,40118
10326,40185
10361,40171
10214,40008
10267,39982
10233,39973
10276,40141
10185,39985
10236,40091
10260,40045
10298,40088
10275,40291
10286,40196
10304,40024
10232,40154
10263,40279
10339,40149
10282,40024
10316,40196
10256,40020
10310,40219
10328,40171
10198,40138
10289,40113
10351,40194
10201,40263
10301,40162
10191,40007
10315,40277
10210,39992
10350,40226
10290,40170
10251,40138
10322,40054
10300,40202
10225,40257
10240,40178
10274,40074
10222,40187
10202,40200
10341,40251
10281,40115
10335,40192
10296,40137
10252,40065
10247,40027
10360,40219
10319,40160
10194,40154
10259,40280
10228,40106
10293,40164
10312,40199
10308,40184
10200,40022
10250,40028
10235,40131
10243,40088
10315,40081
10206,40085
10224,40137
10325,40221
10265,40141
10299,40081
10327,40262
10197,40180
10284,39982
10277,40102
10296,40197
10220,40280
10219,40129
10374,40215
10318,40181
10261,40134
10337,40224
10367,40223
10268,40081
10196,39971
10303,40196
10231,40086
10264,40261
10205,40214
10215,40150
10204,40190
10302,40279
10211,39967
10254,40291
10286,40151
10362,40249
10195,40223
10223,40020
10256,40195
10257,40158
10291,40110
10342,40222
10289,40290
10207,40084
10241,40286
10363,40192
10214,40135
10229,40129
10210,40203
10238,39978
10253,40103
10236,39982
10279,40264
10260,40176
10225,40114
10240,40193
10275,40172
10309,40272
10307,40288
10232,40037
10282,40143
10256,40143
10198,40001
10216,40069
10247,40200
10266,40111
10194,40205
10259,39977
10294,40086
10312,40182
10203,39980
10235,40208
10338,40205
10244,40086
10278,40150
10378,40191
10251,40263
10285,40183
10265,40222
10213,39973
10300,40093
10334,40265
10222,40198
10306,40269
10284,40285
10209,40062
10258,40289
10296,40020
10252,40244
10221,40162
10216,40257
10247,40140
10337,40177
10228,39997
10270,40080
10308,40035
10269,40089
10303,40181
10243,40197
10212,40253
10205,39975
10206,40192
10292,40131
10224,40004
10359,40226
10227,40044
10190,40032
10242,40163
10208,40164
10234,40079
10283,40266
10355,40179
10277,40235
10311,40091
10254,40114
10220,40147
10273,40047
10318,40256
10261,40011
10295,40091
10369,40221
10280,40272
10257,40207
10268,40292
10237,40242
10196,40118
10230,39990
10245,40107
10317,40164
10182,39970
10267,40136
10215,40011
10233,40067
10248,40208
10276,39975
10208,40224
10204,40049
10199,40171
10320,40066
10279,40121
10355,40239
10298,40062
10272,40062
10286,40034
10304,40162
10305,40287
10195,40104
10295,40287
10217,40093
10331,40255
10226,40094
10241,39979
10301,40008
10233,40255
10229,40022
10248,40108
10290,40016
10253,40028
10288,40096
10251,39988
10199,40239
10238,40145
10297,40073
10225,39983
10222,40017
10263,40061
10209,40271
10252,40043
10216,40048
10356,40206
10266,39986
10259,40114
10331,40187
10312,40033
10308,40210
10271,40110
10200,40176
10201,40025
10250,40242
10243,39986
10244,40217
10315,40059
10278,40013
10206,39987
10343,40200
10265,40043
10213,40106
10262,40173
10202,40162
10197,40010
10284,40144
10258,40148
10221,40023
10219,40043
10193,40043
10333,40213
10280,40095
10370,40193
10268,39995
10200,40236
10303,40062
10231,39992
10246,40111
10212,40096
10352,40241
10205,40124
10292,40022
10255,40002
10183,39980
10324,40194
10287,40190
10262,40233
10242,40054
10227,40185
10208,40063
10348,40221
10283,40135
10298,40257
10311,40204
10239,40078
10254,39993
10272,40269
10220,40006
10273,40164
10218,40018
10305,40040
10295,40044
10223,40110
10314,40067
10237,40007
10196,40249
10230,40077
10264,40027
10192,39965
10226,40273
10329,40218
10382,40204
10326,40146
10287,40242
10267,40005
10276,40106
10348,40161
10199,40060
10373,40205
10279,39986
10297,40282
10260,40010
10298,40069
10275,40262
10304,40061
10232,40127
10195,39989
10263,40242
10282,40037
10256,40041
10310,40252
10198,40111
10289,40084
10351,40169
10366,40167
10301,40157
10191,40034
10244,40008
10350,40199
10290,40135
10251,40097
10274,40295
10222,40156
10202,40245
10307,40022
10341,40198
10263,40182
10281,40022
10335,40239
10353,40159
10252,40094
10247,40054
10360,40192
10194,40183
10259,40255
10228,40279
10293,40079
10308,40069
10200,40059
10269,39999
10250,40121
10243,40127
10315,40180
10206,40126
10292,40293
10224,40110
10187,39986
10255,40211
10265,40176
10262,40056
10227,40198
10306,40023
10344,40222
10197,40159
10284,40011
10277,40065
10258,40011
10273,40245
10218,40197
10219,40164
10261,40097
10337,40219
10333,40170
10268,40078
10231,40077
10317,40266
10212,39979
10205,40241
10255,40151
10215,40109
10336,40268
10189,39985
10204,40219
10321,40197
10211,40162
10385,40199
10239,40243
10286,40120
10218,40153
10362,40226
10358,40179
10195,40194
10261,40293
10223,39987
10256,40216
10257,40177
10291,40277
10289,40261
10230,40216
10207,40115
10214,40152
10229,40172
10313,40263
10276,40285
10290,40246
10253,40066
10260,40157
10225,40085
10188,39967
10240,40230
10332,40148
10275,40179
10232,40010
10281,40199
10282,40168
10316,40084
10256,40164
10184,40022
10198,39994
10216,40106
10247,40231
10266,40264
10194,40230
10294,40075
10312,40155
10203,40131
10301,40274
10244,40115
10315,40229
10278,40107
10210,40104
10253,40262
10288,40278
10251,40282
10285,40082
10265,40193
10300,40186
10274,40186
10281,40131
10209,40017
10296,40121
10252,40209
10221,40189
10219,40213
10247,40171
10175,40021
10319,40080
10337,40148
10228,40154
10293,40212
10270,40117
10269,40116
10303,40144
10250,39980
10235,40115
10243,40232
10212,40218
10349,40157
10206,40229
10292,40168
10224,40025
10364,40231
10242,40220
10208,40153
10327,40246
10234,40040
10249,40189
10283,40289
10277,40246
10239,40032
10254,40151
10220,40168
10273,40002
10362,40181
10261,39990
10295,40118
10367,40175
10257,40226
10268,40193
10237,40237
10196,40083
10230,39979
10245,40118
10231,40198
10317,40191
10364,40171
10267,40175
10215,39974
10233,40166
10208,40197
10204,40046
10199,40134
10302,40231
10279,40084
10211,40047
10298,40027
10254,40211
10272,40019
10286,40007
10304,40071
10394,40201
10195,40079
10282,40219
10369,40188
10310,40026
10291,40158
10342,40174
10217,40096
10245,40202
10207,39972
10226,40059
10241,40142
10381,40197
10214,40279
10233,40226
10229,40049
10248,40113
10253,39991
10288,40069
10238,40122
10199,40202
10378,40203
10323,40048
10297,40044
10260,40288
10275,40060
10309,40160
10304,40259
10263,40024
10371,40206
10209,40226
10252,40000
10356,40235
10266,40159
10259,40089
10294,40198
10308,40255
10271,40117
10203,40028
10201,40060
10250,40223
10244,40230
10315,40030
10349,40206
10206,40020
10343,40167
10285,40199
10213,40117
10262,40134
10334,40153
10274,40049
10234,40251
10284,40173
10277,40039
10209,40174
10258,40177
10221,40050
10356,40175
10333,40240
10280,40100
10271,40201
10269,40201
10231,40023
10246,40128
10212,40077
10352,40214
10205,40023
10292,40051
10255,40041
10183,40011
10287,40165
10262,40194
10227,39964
10242,40083
10208,40020
10348,40250
10345,40195
10249,40042
10234,40191
10283,40154
10311,40235
10239,40085
10272,40226
10220,40035
10273,40159
10218,40063
10358,40217
10305,40067
10223,40085
10314,40044
10237,40098
10196,40230
10230,40102
10245,39995
10246,40204
10317,40052
10264,40000
10192,39986
10226,40234
10329,40253
10287,40217
10267,40056
10233,40051
10276,40119
10348,40190
10199,40027
10323,40257
10320,40210
10297,40253
10298,40174
10272,40174
10232,40100
10263,40233
10372,40204
10223,40265
10310,40145
10198,40064
10289,40047
10217,39981
10354,40236
10294,40017
10241,40027
10226,40174
10201,40205
10301,40120
10244,40021
10238,40225
10288,39984
10251,40068
10285,39992
10323,40189
10300,40284
10297,40185
10274,40256
10222,40129
10309,40021
10307,40061
10263,40173
10281,40057
10371,40187
10252,40187
10360,40165
10259,40226
10293,40106
10368,40223
10308,40098
10271,39998
10200,40032
10269,40026
10201,40137
10250,40066
10243,40002
10315,40139
10206,40131
10224,40067
10255,40254
10213,40250
10262,40029
10227,40237
10202,40082
10346,40223
10306,40048
10344,40227
10249,40283
10197,39994
10284,40032
10277,40172
10311,40024
10258,40036
10296,40271
10220,40210
10273,40232
10218,40238
10219,40187
10318,40067
10261,40076
10280,39983
10314,40287
10268,40107
10340,40178
10231,40104
10246,39999
10264,40207
10212,39984
10205,40236
10224,40271
10255,40178
10287,40046
10215,40072
10204,40240
10302,40093
10283,40023
10321,40216
10211,40137
10298,40241
10239,40222
10286,40093
10218,40162
10362,40207
10261,40256
10223,39966
10256,40253
10289,40280
10237,39991
10230,40253
10264,40139
10241,40212
10326,40258
10214,39997
10215,40268
10248,40043
10229,40215
10210,40257
10276,40250
10290,40211
10253,40093
10236,40160
10260,39994
10225,40168
10240,40283
10332,40177
10275,40150
10286,40281
10232,39983
10281,40234
10282,40181
10256,40185
10310,40268
10198,39967
10289,40164
10207,40210
10294,40108
10365,40244
10312,40096
10203,40166
10338,40259
10301,40269
10244,40152
10315,40248
10278,40076
10210,40069
10350,40183
10253,40225
10251,40241
10285,40109
10265,40228
10300,40151
10240,40071
10225,40244
10274,40151
10222,40268
10306,40195
10307,40166
10281,40166
10209,39988
10258,40215
10296,40094
10221,40216
10219,40232
10247,40070
10216,40203
10194,40071
10228,40135
10293,40255
10269,40111
10340,40225
10235,40086
10243,40143
10278,40264
10349,40184
10206,40270
10292,40213
10224,39998
10364,40220
10325,40168
10299,40164
10242,40249
10190,39982
10327,40237
10306,40135
10234,40021
10249,40128
10283,40196
10277,40209
10311,40141
10239,40015
10186,40025
10254,40184
10220,40069
10318,40206
10295,40109
10369,40235
10257,40261
10270,40218
10268,40254
10237,40200
10196,40056
10377,40181
10231,40253
10317,40154
10267,40194
10215,39997
10233,40137
10248,40282
10336,40252
10313,40091
10204,40075
10302,40200
10279,40179
10211,40050
10298,40004
10332,40192
10254,40244
10272,40008
10286,39976
10195,40178
10282,40228
10295,40209
10310,40063
10257,40065
10291,40133
10217,40139
10245,40213
10207,40131
10226,40020
10241,40161
10366,40230
10214,40104
10248,40086
10229,40092
10233,40197
10380,40196
10238,40095
10288,40090
10236,40059
10378,40212
10279,40247
10297,40023
10260,40269
10225,40037
10275,40003
10309,40203
10307,40215
10263,39991
10371,40213
10209,40197
10316,40164
10252,40029
10328,40203
10216,39994
10217,40199
10266,40184
10259,40060
10294,40251
10271,40144
10203,40051
10201,40039
10244,40259
10278,39995
10349,40233
10206,40057
10288,40230
10285,40226
10213,40080
10300,40042
10334,40162
10274,40042
10202,39976
10234,40228
10390,40203
10284,40202
10277,40002
10209,40129
10353,40228
10258,40074
10221,40077
10319,40192
10193,39969
10333,40235
10280,40137
10228,40010
10383,40198
10270,40133
10271,40212
10269,40228
10231,40050
10246,40165
10212,40170
10352,40171
10205,40050
10292,40088
10287,40128
10325,40061
10299,40049
10242,40076
10208,40009
10345,40230
10302,40059
10249,40013
10234,40152
10283,40177
10376,40185
10211,40227
10311,40262
10254,40007
10239,40176
10272,40199
10220,40056
10273,39986
10358,40242
10305,40102
10280,40197
10237,40093
10196,40195
10230,40027
10245,40134
10246,40225
10264,40037
10192,40023
10226,40199
10329,40224
10182,40023
10287,40196
10267,40095
10233,40022
10276,40092
10204,39966
10185,40002
10236,40266
10199,40118
10320,40247
10279,40036
10297,40224
10298,40139
10272,40131
10232,40073
10195,40063
10263,40196
10223,40244
10310,40170
10291,40014
10289,40002
10217,39984
10354,40201
10331,40258
10294,40010
10241,40062
10226,40139
10203,40192
10201,40240
10214,40231
10301,40083
10191,40116
10244,40050
10210,40043
10347,40192
10290,39997
10238,40202
10251,40091
10323,40160
10297,40156
10274,40253
10222,39978
10309,40048
10232,40261
10263,40136
10252,40144
10198,40225
10247,39976
10266,40015
10194,39981
10259,40201
10228,40217
10293,40021
10308,40271
10271,40005
10200,40069
10269,40053
10201,40172
10235,40048
10250,40175
10243,40041
10206,40164
10224,40088
10255,40229
10325,40270
10322,40205
10375,40213
10265,39998
10213,40197
10299,40270
10262,40118
10227,40272
10327,40183
10202,40127
10346,40248
10306,40045
10249,40254
10197,39973
10284,40061
10277,40183
10311,40055
10220,40239
10273,40195
10219,39966
10280,39988
10314,40248
10268,40000
10340,40159
10246,40016
10231,40135
10264,40244
10212,39965
10205,40135
10329,40177
10255,40089
10224,40228
10287,40021
10227,40076
10204,40237
10302,40166
10320,40038
10283,40042
10321,40243
10211,40108
10298,40218
10286,40070
10218,40079
10261,40235
10314,40188
10257,39983
10291,40223
10289,40243
10245,40011
10230,40150
10354,40184
10264,40176
10241,40207
10326,40231
10215,40235
10248,40048
10229,40242
10276,40199
10236,40157
10323,40241
10225,40131
10332,40174
10275,40253
10286,40258
10339,40175
10316,40270
10256,40094
10310,40289
10198,40176
10289,40191
10266,40222
10207,40249
10294,40129
10365,40239
10312,40069
10203,40093
10235,40257
10301,40232
10191,39993
10244,40165
10315,40223
10210,40190
10350,40152
10290,40112
10253,40252
10251,40212
10285,40008
10265,40271
10357,40177
10300,40140
10225,40207
10240,40124
10274,40112
10222,40113
10346,40171
10306,40252
10281,40073
10209,39983
10258,40240
10296,40067
10252,40267
10221,40243
10219,40271
10247,40093
10216,40208
10319,40154
10228,40172
10293,40154
10312,40257
10269,40138
10340,40206
10303,40090
10235,40077
10243,40146
10212,40268
10278,40237
10206,40275
10292,40242
10325,40147
10265,40075
10299,40155
10242,40274
10327,40200
10345,40156
10306,40160
10234,39998
10197,40106
10249,40107
10283,40219
10321,40172
10311,40168
10296,40255
10186,39970
10220,40098
10181,40010
10219,40075
10318,40243
10261,40188
10257,40280
10270,40255
10268,40155
10196,40037
10303,40286
10231,40280
10317,40245
10324,40162
10267,40249
10336,40209
10389,40201
10313,40190
10204,40096
10320,40145
10279,40142
10211,40025
10332,40253
10254,40281
10272,39981
10195,40153
10282,40257
10295,40204
10256,40269
10257,40100
10291,40168
10342,40228
10217,40174
10245,40240
10207,40174
10226,39985
10241,40068
10366,40203
10381,40187
10361,40238
10214,40077
10248,40187
10229,40071
10210,40241
10313,40250
10238,40032
10253,40173
10236,40016
10288,40191
10357,40194
10279,40210
10260,40106
10225,40056
10188,40004
10275,40102
10309,40214
10307,40250
10304,40221
10282,40069
10328,40240
10216,40159
10247,40274
10217,40234
10266,40165
10259,40035
10294,40284
10271,40191
10250,40261
10338,40243
10343,40153
10288,40251
10285,40253
10213,40059
10300,40007
10334,40199
10274,40007
10222,40252
10202,40021
10234,40193
10341,40166
10284,40231
10209,40100
10258,40103
10330,40158
10221,40104
10319,40239
10280,40174
10228,40055
10270,40174
10271,40243
10269,40287
10231,40041
10246,40190
10243,40287
10212,40183
10205,40045
10292,40069
10255,39987
10359,40164
10299,40020
10262,40280
10227,39974
10190,40030
10242,40105
10208,40110
10302,40028
10249,40016
10197,40255
10283,40084
10234,40133
10211,40198
10311,40285
10254,40040
10239,40159
10330,40210
10218,39973
10305,40153
10295,40157
10280,40234
10237,40184
10196,40168
10230,40060
10245,40161
10246,40250
10192,40044
10324,40053
10287,40291
10267,40114
10233,40121
10248,40234
10313,40043
10276,40057
10347,40155
10204,39995
10236,40231
10199,40109
10320,40268
10279,40003
10297,40203
10272,40120
10305,40197
10195,40034
10223,40211
10256,39992
10310,40079
10291,40053
10217,40027
10207,40019
10294,40047
10226,40100
10368,40173
10203,40231
10214,40248
10301,40078
10210,40004
10347,40231
10253,40034
10288,40042
10251,40062
10238,40175
10322,40162
10297,40135
10260,40253
10240,40006
10274,40214
10309,40091
10263,40103
10232,40234
10335,40188
10316,40052
10252,39981
10198,40218
10216,40010
10319,40060
10266,40040
10194,40006
10259,40172
10228,40198
10293,40048
10368,40233
10308,40276
10271,40032
10200,40106
10201,40087
10235,40023
10250,40136
10187,40003
10322,40230
10213,40160
10299,40229
10262,40107
10327,40146
10202,40152
10344,40173
10249,40193
10284,40090
10277,40146
10273,40294
10221,39965
10219,39989
10193,40113
10280,40025
10314,40197
10270,40021
10268,40061
10246,40053
10231,40162
10212,40058
10205,40162
10255,40068
10224,40249
10324,40260
10287,40112
10336,40187
10189,40002
10242,39996
10227,40115
10208,39993
10204,40266
10302,40139
10320,40059
10211,40115
10298,40199
10239,40256
10273,40098
10218,40104
10305,40022
10339,40246
10261,40214
10295,40022
10223,40160
10314,40153
10257,40002
10291,40194
10289,40214
10245,40022
10230,40139
10264,40085
10241,40226
10329,40272
10326,40216
10214,40043
10215,40198
10248,40021
10276,40172
10290,40265
10236,40122
10199,39974
10323,40212
10298,40123
10275,40192
10286,40231
10232,40185
10339,40178
10282,39995
10316,40235
10256,40115
10198,40149
10289,40146
10266,40251
10351,40227
10294,40186
10365,40202
10203,40112
10301,40195
10191,39972
10210,40155
10290,40077
10253,40215
10251,40171
10285,40035
10300,40233
10240,40145
10274,40109
10222,40090
10346,40180
10281,40108
10353,40165
10296,40168
10252,40096
10221,40270
10216,40245
10247,40120
10360,40250
10194,40125
10228,40073
10293,40133
10312,40230
10308,40159
10200,39989
10269,40165
10250,40063
10235,40160
10243,40185
10278,40198
10292,40287
10224,40168
10255,40277
10325,40254
10265,40110
10299,40126
10242,40271
10345,40167
10306,40093
10249,40078
10197,40085
10283,40254
10321,40071
10277,40263
10296,40228
10220,40127
10218,40283
10181,40021
10219,40110
10318,40148
10261,40167
10337,40257
10268,40176
10196,40002
10303,40229
10317,40208
10363,40165
10324,40143
10267,40284
10215,40183
10204,40157
10320,40182
10321,40259
10211,39996
10388,40200
10254,40258
10286,40182
10195,40252
10295,40235
10223,40053
10256,40290
10257,40127
10291,40079
10342,40249
10379,40193
10217,40177
10230,40262
10207,40181
10241,40127
10363,40225
10361,40209
10214,40166
10338,40168
10233,40275
10229,40098
10248,40128
10210,40234
10313,40221
10238,40005
10253,40136
10236,40013
10288,40148
10357,40237
10260,40087
10225,40019
10188,39969
10275,40077
10309,40241
10307,40257
10304,40242
10281,40285
10282,40110
10316,40158
10198,40032
10216,40164
10217,40269
10266,40078
10259,40006
10207,40265
10201,39981
10235,40241
10338,40236
10278,40177
10288,40208
10251,40292
10285,40152
10213,40006
10300,40124
10334,40232
10222,40225
10202,40062
10307,40093
10284,40252
10209,40095
10353,40210
10258,40256
10296,40051
10330,40187
10221,40131
10319,40266
10280,40179
10228,39964
10293,40266
10270,40179
10271,40286
10303,40170
10243,40290
10212,40156
10292,40098
10224,40035
10359,40195
10299,40011
10227,40013
10190,40003
10242,40130
10208,40067
10249,39995
10197,40218
10283,40107
10321,40060
10234,40110
10239,39994
10254,40077
10330,40255
10220,39986
10305,40188
10261,40044
10295,40184
10280,40271
10270,40271
10268,40267
10237,40147
10196,40149
10245,40076
10246,40287
10317,40069
10264,39983
10287,40270
10267,40105
10215,40040
10233,40092
10248,40207
10276,40006
10347,40190
10204,40016
10236,40220
10199,40072
10373,40185
10279,40030
10355,40204
10272,40093
10286,40061
10304,40129
10305,40248
10195,40009
10310,40096
10217,40062
10245,40256
10207,40062
10331,40220
10226,40065
10241,39988
10214,40221
10301,40041
10229,39991
10347,40250
10290,40051
10253,40061
10288,40015
10251,40021
10238,40176
10322,40191
10297,40106
10260,40218
10240,40059
10222,40048
10275,39990
10309,40102
10263,40066
10232,40207
10216,40047
10194,40035
10259,40147
10228,40227
10331,40152
10271,40079
10200,40143
10201,40122
10235,40010
10250,40149
10278,40044
10343,40233
10322,40259
10285,40269
10265,40004
10213,40139
10299,40216
10262,40076
10202,40133
10344,40178
10197,40043
10284,40119
10277,39997
10258,39991
10273,40281
10221,39992
10219,40008
10318,40050
10193,40020
10280,40062
10270,40062
10200,40203
10246,40078
10212,40007
10205,40093
10255,40099
10224,40222
10324,40225
10287,40095
10189,40029
10242,40025
10227,40150
10208,39966
10211,40086
10298,40288
10239,40111
10273,40069
10218,40117
10339,40221
10295,40013
10223,40143
10257,40037
10291,40233
10237,40040
10245,40049
10230,40172
10264,40122
10326,40189
10361,40175
10214,40012
10215,40221
10233,39977
10276,40137
10185,39989
10236,40087
10260,40041
10298,40100
10286,40200
10304,40028
10232,40158
10263,40275
10339,40153
10282,40004
10316,40192
10256,40008
10310,40223
10328,40175
10198,40142
10289,40117
10266,40228
10351,40206
10201,40267
10301,40190
10191,40003
10244,39983
10315,40265
10210,39988
10350,40230
10290,40166
10251,40142
10322,40050
10285,40062
10375,40188
10300,40198
10225,40261
10240,40182
10274,40070
10222,40191
10202,40212
10341,40231
10281,40119
10335,40204
10353,40184
10296,40141
10252,40125
10247,40023
10360,40223
10319,40172
10194,40150
10259,40284
10228,40118
10293,40160
10312,40203
10308,40164
10200,40026
10250,40024
10235,40135
10243,40092
10315,40085
10278,40219
10206,40089
10292,40260
10224,40141
10325,40217
10265,40145
10299,40085
10327,40258
10249,40081
10197,40176
10284,39978
10277,40098
10296,40201
10220,40276
10219,40133
10374,40203
10318,40185
10261,40130
10193,40129
10337,40228
10367,40219
10268,40173
10196,39983
10303,40192
10177,39969
10231,40082
10264,40265
10205,40210
10215,40146
10204,40186
10302,40283
10286,40155
10195,40227
10223,40016
10256,40199
10257,40146
10291,40114
10342,40210
10289,40294
10207,40080
10241,40274
10363,40196
10214,40187
10229,40141
10210,40199
10313,40288
10238,39982
10253,40099
10236,39978
10279,40260
10260,40188
10225,40118
10188,39998
10240,40197
10275,40080
10309,40284
10232,40041
10281,40288
10282,40139
10256,40131
10384,40200
10198,40005
10216,40073
10179,39967
10217,40272
10247,40196
10266,40107
10194,40201
10259,39981
10207,40276
10312,40186
10203,39968
10235,40212
10338,40201
10244,40082
10278,40138
10378,40187
10285,40179
10213,39969
10300,40089
10334,40269
10222,40202
10306,40265
10307,40096
10284,40281
10209,40050
10258,40285
10296,40024
10330,40164
10252,40240
10221,40158
10216,40261
10247,40136
10337,40181
10228,39993
10270,40084
10308,40047
10271,40293
10269,40085
10303,40177
10243,40201
10212,40249
10205,39971
10206,40196
10292,40143
10224,40056
10227,40048
10190,40036
10242,40191
10208,40184
10234,40075
10197,40197
10283,40270
10355,40183
10311,40087
10254,40118
10220,40143
10273,40035
10318,40260
10261,40023
10295,40087
10369,40209
10280,40276
10257,40195
10270,40272
10268,40288
10237,40142
10196,40114
10245,40087
10317,40160
10182,39974
10267,40140
10215,40007
10233,40071
10248,40212
10208,40228
10204,40013
10199,40167
10320,40070
10279,40117
10355,40243
10298,40058
10272,40050
10286,40038
10304,40166
10305,40275
10195,40108
10295,40283
10291,39999
10217,40065
10331,40243
10226,40090
10241,39983
10301,40004
10229,40018
10290,40012
10253,40024
10288,40100
10251,39976
10199,40235
10238,40149
10297,40077
10260,40199
10225,39971
10222,40021
10263,40057
10209,40259
10252,40039
10216,40052
10356,40202
10266,39998
10194,40060
10259,40118
10331,40191
10312,40037
10308,40222
10271,40106
10200,40180
10201,40029
10250,40254
10243,39990
10244,40197
10315,40063
10278,40001
10206,39991
10343,40196
10265,40047
10213,40150
10262,40161
10202,40174
10234,40282
10197,40022
10284,40140
10258,40144
10221,40019
10219,40047
10333,40209
10280,40067
10370,40221
10268,39991
10200,40240
10303,40058
10231,39988
10246,40099
10212,40108
10352,40245
10205,40120
10292,40018
10255,40014
10183,39976
10324,40206
10287,40186
10262,40237
10242,40050
10227,40189
10208,40051
10348,40217
10283,39995
10298,40269
10311,40200
10239,40074
10254,39997
10272,40257
10220,40002
10273,40184
10218,40030
10305,40044
10295,40040
10223,40106
10314,40079
10257,40056
10237,40003
10230,40065
10264,40031
10226,40269
10329,40222
10382,40208
10326,40150
10287,40254
10267,40025
10276,40150
10348,40157
10236,40076
10199,40056
10373,40201
10279,39982
10297,40286
10260,40022
10298,40065
10275,40266
10304,40049
10232,40131
10195,39993
10263,40270
10282,40033
10316,40221
10256,40045
10310,40240
10198,40099
10289,40072
10351,40181
10366,40171
10203,40266
10301,40153
10244,39988
10350,40203
10290,40131
10238,40256
10251,40101
10300,40291
10225,40280
10240,40171
10274,40291
10222,40160
10202,40241
10307,40026
10341,40194
10263,40178
10281,40026
10335,40235
10252,40090
10247,40050
10360,40196
10194,40179
10259,40259
10228,40275
10293,40075
10312,40208
10308,40065
10200,40063
10269,39995
10235,39994
10250,40101
10243,40099
10315,40168
10206,40098
10292,40289
10224,40098
10187,39990
10255,40223
10325,40196
10265,40180
10299,40072
10262,40060
10227,40202
10306,40019
10344,40194
10197,40155
10284,40007
10277,40077
10258,40007
10218,40193
10219,40152
10318,40162
10261,40109
10337,40223
10333,40166
10268,40074
10231,40073
10317,40262
10205,40205
10255,40147
10215,40105
10336,40256
10189,39981
10204,40215
10211,40166
10239,40255
10286,40124
10218,40133
10362,40238
10358,40183
10195,40198
10261,40289
10223,39999
10256,40220
10257,40181
10291,40281
10230,40220
10207,40127
10214,40156
10229,40168
10313,40267
10276,40281
10290,40242
10238,39987
10253,40126
10260,40153
10225,40073
10188,39963
10240,40250
10275,40183
10232,40014
10281,40203
10282,40148
10316,40080
10256,40152
10184,40026
10198,39998
10216,40110
10179,39970
10247,40227
10266,40276
10194,40226
10294,40079
10312,40159
10203,40135
10235,40203
10244,40127
10278,40111
10210,40100
10253,40258
10288,40266
10251,40286
10285,40078
10265,40197
10300,40182
10274,40182
10306,40290
10307,40135
10281,40135
10209,40021
10296,40125
10252,40205
10221,40185
10219,40201
10247,40167
10175,40017
10337,40168
10228,39974
10293,40208
10270,40121
10308,40052
10269,40112
10303,40156
10250,39976
10235,40119
10243,40236
10212,40198
10349,40153
10206,40233
10292,40180
10224,40029
10364,40227
10242,40216
10208,40157
10327,40242
10234,40052
10249,40161
10283,40293
10277,40242
10239,40044
10254,40155
10330,40261
10220,40164
10273,40006
10362,40177
10261,39986
10295,40114
10367,40171
10257,40230
10268,40221
10237,40233
10196,40095
10230,39983
10245,40114
10231,40194
10317,40187
10192,40123
10364,40167
10267,40163
10215,39970
10233,40170
10208,40217
10204,40042
10199,40130
10302,40235
10279,40080
10298,40039
10254,40215
10272,40023
10286,40011
10304,40091
10195,40083
10282,40199
10369,40176
10310,40030
10342,40162
10217,40100
10207,39968
10226,40055
10241,40130
10381,40193
10214,40267
10233,40230
10229,40061
10248,40117
10253,39987
10238,40126
10288,40121
10199,40198
10323,40052
10297,40048
10275,40032
10309,40172
10304,40263
10263,40020
10209,40230
10252,40060
10216,39961
10356,40247
10266,40155
10259,40093
10294,40218
10308,40251
10271,40113
10203,40016
10201,40000
10250,40219
10244,40226
10278,40026
10349,40202
10206,40024
10343,40163
10285,40195
10213,40113
10262,40154
10334,40157
10234,40263
10284,40169
10277,40035
10209,40162
10258,40173
10221,40046
10356,40171
10333,40204
10280,40104
10268,39980
10269,40197
10231,40019
10246,40132
10212,40073
10352,40202
10205,40019
10292,40063
10255,40053
10183,40007
10287,40161
10262,40198
10242,40047
10227,40160
10208,40040
10348,40246
10345,40199
10249,40046
10234,40187
10283,40158
10211,40256
10174,40020
10311,40231
10239,40081
10254,39974
10272,40230
10220,40031
10273,40147
10218,40059
10358,40221
10305,40071
10223,40081
10314,40040
10237,40126
10196,40226
10230,40122
10246,40192
10317,40048
10264,40004
10192,39990
10226,40230
10329,40193
10287,40229
10267,40060
10233,40055
10276,40115
10348,40186
10185,40035
10199,40023
10323,40261
10320,40214
10373,40212
10297,40257
10298,40170
10275,40273
10272,40162
10232,40104
10263,40229
10372,40200
10223,40277
10310,40149
10198,40068
10289,40035
10354,40232
10294,40021
10241,40031
10226,40170
10201,40209
10301,40116
10244,40017
10290,40156
10238,40229
10251,40120
10323,40065
10300,40280
10297,40189
10274,40284
10222,40133
10309,40017
10307,40033
10263,40169
10281,40061
10335,40246
10371,40191
10252,40183
10198,40256
10360,40169
10259,40230
10293,40118
10368,40211
10365,40191
10271,39994
10200,40036
10269,40022
10201,40141
10250,40078
10243,40006
10315,40143
10206,40135
10224,40071
10255,40250
10213,40230
10262,40017
10227,40241
10202,40094
10346,40219
10306,40012
10344,40231
10249,40287
10197,40134
10284,40028
10277,40168
10311,40020
10258,40032
10296,40275
10220,40206
10273,40236
10218,40234
10219,40191
10318,40071
10261,40072
10314,40283
10268,40103
10340,40190
10231,40100
10246,39987
10264,40211
10212,39996
10205,40232
10329,40146
10224,40259
10255,40190
10287,40042
10215,40068
10204,40204
10302,40065
10283,40011
10321,40220
10211,40141
10298,40253
10239,40218
10286,40097
10218,40174
10362,40203
10358,40168
10261,40268
10223,39962
10256,40241
10289,40284
10237,39987
10230,40241
10264,40143
10326,40262
10214,39985
10215,40264
10248,40047
10229,40211
10276,40230
10290,40207
10253,40089
10236,40188
10260,40134
10225,40172
10275,40154
10286,40285
10232,39987
10281,40238
10282,40177
10256,40189
10310,40256
10184,39999
10216,40115
10247,40254
10207,40222
10294,40096
10365,40240
10203,40186
10301,40265
10191,39966
10244,40132
10315,40252
10278,40064
10210,40065
10350,40187
10253,40285
10251,40245
10285,40105
10265,40232
10300,40147
10240,40091
10225,40232
10274,40147
10222,40272
10306,40223
10307,40170
10281,40170
10209,40008
10258,40211
10296,40098
10221,40212
10219,40236
10247,40066
10216,40207
10228,40131
10293,40251
10312,40288
10269,40107
10340,40237
10235,40106
10250,39989
10243,40243
10278,40268
10349,40180
10206,40242
10292,40209
10224,39986
10364,40216
10325,40180
10299,40184
10242,40245
10190,39986
10327,40233
10234,40017
10249,40132
10321,40141
10277,40221
10311,40137
10239,40011
10186,40005
10254,40188
10220,40065
10318,40210
10295,40105
10367,40182
10257,40249
10270,40222
10268,40250
10237,40196
10196,40068
10377,40185
10231,40249
10317,40150
10267,40198
10215,39993
10233,40141
10248,40286
10336,40240
10313,40095
10204,40071
10302,40204
10279,40175
10211,40054
10298,40000
10332,40220
10254,40248
10272,40012
10286,39980
10195,40182
10282,40224
10369,40171
10310,40051
10257,40069
10291,40137
10217,40143
10245,40209
10207,40143
10226,40016
10241,40165
10366,40234
10214,40108
10248,40090
10229,40088
10233,40201
10380,40192
10238,40067
10288,40094
10236,40055
10378,40208
10279,40243
10297,40027
10260,40265
10225,39961
10275,40007
10309,40183
10307,40219
10263,39987
10371,40217
10209,40217
10316,40160
10252,40025
10328,40207
10216,39998
10217,40203
10266,40132
10259,40064
10294,40255
10271,40156
10203,40055
10201,40043
10250,40292
10244,40271
10278,39999
10349,40229
10206,40061
10343,40190
10285,40222
10213,40092
10300,40038
10334,40166
10274,40038
10202,39988
10234,40224
10390,40207
10284,40198
10277,40014
10209,40133
10258,40070
10221,40073
10319,40204
10193,39973
10333,40231
10280,40141
10228,40022
10383,40194
10270,40137
10271,40208
10269,40224
10231,40014
10246,40153
10212,40086
10352,40175
10205,40014
10292,40036
10287,40140
10325,40057
10299,40053
10242,40072
10208,40013
10345,40234
10302,40063
10249,40049
10234,40164
10283,40181
10376,40189
10211,40231
10311,40258
10254,40011
10239,40188
10272,40219
10220,40052
10273,39990
10358,40246
10280,40201
10314,40053
10237,40089
10196,40207
10230,40031
10245,40130
10246,40229
10264,40041
10192,40011
10226,40195
10329,40228
10182,40011
10287,40192
10267,40083
10233,40026
10276,40088
10185,40006
10236,40262
10199,40114
10320,40235
10279,40032
10297,40228
10298,40151
10272,40135
10232,40077
10263,40192
10372,40213
10223,40240
10256,39975
10310,40174
10291,40018
10289,40006
10217,39988
10354,40197
10331,40262
10294,40014
10241,40050
10226,40135
10203,40196
10201,40244
10301,40111
10191,40112
10244,40062
10210,40039
10347,40196
10238,40206
10251,40095
10323,40164
10297,40160
10274,40249
10222,39982
10202,40263
10309,40060
10232,40265
10263,40132
10335,40157
10252,40140
10198,40229
10319,40029
10266,40011
10194,39977
10259,40205
10293,40017
10368,40200
10308,40267
10271,40001
10200,40073
10269,40049
10201,40176
10235,40052
10250,40171
10243,40045
10206,40168
10224,40092
10187,40032
10255,40225
10325,40266
10322,40201
10375,40209
10213,40193
10299,40258
10262,40010
10227,40276
10327,40179
10202,40123
10346,40228
10306,40041
10249,40226
10197,39969
10284,40057
10277,40179
10311,40051
10258,40061
10220,40235
10273,40199
10218,40247
10280,39992
10314,40228
10268,40028
10340,40155
10246,40020
10231,40131
10264,40248
10205,40131
10329,40181
10224,40280
10255,40165
10287,40017
10189,40035
10227,40080
10204,40233
10302,40170
10283,40046
10321,40247
10211,40144
10298,40230
10286,40074
10218,40075
10261,40247
10314,40184
10291,40291
10289,40247
10237,39982
10230,40234
10354,40180
10264,40180
10241,40195
10326,40251
10215,40231
10248,40052
10229,40254
10276,40195
10236,40153
10323,40245
10225,40135
10332,40170
10275,40225
10286,40262
10281,40241
10316,40266
10256,40082
10198,40180
10289,40179
10266,40218
10207,40229
10294,40133
10365,40235
10312,40073
10203,40081
10235,40261
10301,40228
10244,40161
10315,40211
10210,40186
10350,40156
10290,40108
10253,40248
10251,40200
10285,40004
10265,40275
10357,40189
10300,40136
10225,40195
10240,40112
10274,40140
10222,40117
10346,40151
10306,40248
10307,40177
10281,40077
10335,40262
10209,39971
10258,40236
10296,40071
10252,40263
10221,40239
10219,40259
10247,40089
10216,40212
10228,40168
10293,40230
10312,40261
10269,40134
10340,40202
10303,40070
10235,40065
10377,40192
10243,40150
10212,40264
10278,40225
10292,40254
10325,40159
10265,40079
10299,40159
10242,40238
10327,40196
10306,40188
10234,39994
10197,40118
10249,40111
10283,40223
10321,40160
10311,40164
10239,40022
10186,39982
10254,40161
10220,40094
10219,40079
10318,40247
10261,40184
10257,40284
10270,40227
10268,40151
10196,40033
10303,40282
10231,40276
10317,40241
10324,40174
10267,40253
10336,40213
10313,40162
10208,40275
10204,40124
10302,40209
10320,40149
10279,40138
10211,40029
10332,40249
10254,40285
10195,40157
10282,40269
10295,40200
10256,40257
10257,40088
10291,40172
10342,40152
10217,40146
10245,40252
10207,40170
10226,39981
10241,40088
10366,40207
10381,40183
10361,40242
10214,40065
10248,40191
10229,40067
10313,40254
10238,40036
10253,40169
10236,40044
10288,40179
10357,40206
10279,40206
10297,39998
10260,40118
10225,40060
10188,40000
10275,40106
10309,40210
10307,40254
10304,40209
10263,39982
10282,40065
10316,40189
10328,40244
10216,40131
10247,40270
10217,40238
10266,40161
10259,40039
10294,40272
10271,40187
10203,40042
10250,40257
10244,40276
10343,40149
10288,40255
10285,40249
10213,40039
10300,40003
10334,40203
10274,40003
10202,40017
10234,40205
10341,40162
10284,40227
10209,40120
10353,40243
10258,40099
10330,40154
10221,40100
10319,40235
10193,39992
10280,40146
10228,40051
10270,40146
10271,40255
10269,40283
10231,40037
10246,40178
10243,40259
10212,40179
10205,40041
10292,40065
10255,39999
10299,40040
10262,40284
10227,39978
10242,40101
10208,40098
10249,40020
10197,40251
10283,40072
10234,40129
10211,40202
10311,40281
10254,40044
10239,40155
10330,40222
10273,39977
10218,39969
10358,40235
10305,40157
10295,40153
10280,40238
10314,40030
10237,40180
10196,40180
10230,40048
10245,40173
10246,40254
10192,40032
10226,40220
10324,40049
10267,40118
10233,40125
10248,40238
10313,40047
10276,40037
10347,40159
10204,39991
10236,40227
10199,40105
10320,40256
10279,40063
10297,40207
10272,40124
10305,40217
10195,40038
10223,40223
10256,39996
10310,40067
10291,40057
10289,40025
10217,40031
10354,40222
10207,40031
10294,40035
10226,40096
10203,40251
10214,40252
10301,40074
10210,40000
10347,40219
10238,40211
10288,40046
10251,40050
10322,40158
10323,40139
10297,40139
10260,40249
10240,40026
10274,40210
10309,40071
10263,40099
10232,40238
10281,39979
10335,40184
10316,40048
10252,39977
10198,40222
10216,40014
10319,40056
10266,40052
10194,40002
10259,40176
10228,40194
10293,40060
10368,40237
10308,40272
10271,40044
10200,40110
10269,40044
10201,40091
10235,40043
10250,40180
10243,40048
10187,40007
10322,40226
10213,40172
10299,40249
10262,40111
10327,40174
10202,40100
10249,40197
10284,40086
10277,40158
10221,39961
10219,39977
10193,40117
10280,40029
10314,40193
10270,40025
10268,40057
10246,40041
10231,40190
10212,40038
10205,40190
10255,40064
10224,40253
10324,40256
10287,40124
10336,40191
10242,39992
10227,40119
10208,39997
10204,40262
10302,40143
10320,40063
10211,40119
10298,40195
10239,40268
10273,40102
10218,40084
10339,40250
10261,40210
10295,40018
10223,40172
10257,40006
10291,40198
10289,40202
10245,40018
10230,40143
10264,40089
10241,40230
10329,40276
10326,40220
10214,40047
10215,40194
10248,40025
10229,40281
10276,40168
10290,40261
10236,40118
10199,39970
10323,40216
10225,40154
10275,40196
10286,40235
10232,40189
10339,40182
10316,40231
10256,40119
10328,40142
10198,40169
10289,40150
10266,40199
10351,40239
10294,40190
10365,40198
10203,40116
10301,40223
10191,39968
10210,40151
10290,40073
10253,40211
10251,40175
10285,40031
10300,40229
10240,40149
10274,40105
10222,40094
10346,40176
10281,40080
10296,40172
10252,40284
10221,40266
10216,40249
10247,40116
10319,40141
10194,40121
10228,40085
10293,40129
10312,40234
10308,40155
10200,39993
10269,40161
10340,40215
10250,40059
10235,40164
10243,40189
10212,40277
10278,40250
10292,40283
10224,40172
10255,40273
10325,40250
10265,40114
10299,40114
10262,39994
10242,40267
10345,40171
10306,40089
10234,39975
10197,40081
10249,40114
10283,40242
10321,40187
10277,40259
10296,40232
10220,40123
10218,40263
10181,40017
10219,40098
10318,40152
10261,40163
10337,40261
10268,40140
10237,40282
10196,40014
10303,40225
10317,40204
10363,40185
10324,40139
10267,40272
10215,40179
10336,40202
10208,40264
10204,40153
10320,40170
10321,40263
10211,39968
10254,40262
10286,40186
10195,40128
10282,40278
10295,40231
10223,40049
10257,40115
10291,40083
10342,40253
10379,40197
10217,40181
10230,40282
10173,40021
10207,40177
10241,40115
10366,40208
10363,40229
10361,40213
10214,40090
10338,40164
10233,40279
10229,40110
10248,40132
10210,40230
10313,40193
10238,40009
10253,40132
10236,40009
10288,40136
10357,40233
10279,40293
10260,40083
10225,40023
10188,40029
10275,40113
10309,40253
10307,40261
10304,40246
10281,40257
10282,40106
10316,40154
10198,40036
10216,40168
10247,40293
10217,40241
10266,40074
10259,40010
10201,39985
10235,40245
10338,40232
10278,40181
10288,40212
10285,40148
10213,40002
10300,40120
10334,40236
10274,39996
10222,40229
10202,40058
10307,40065
10284,40248
10209,40083
10353,40214
10258,40124
10296,40055
10221,40127
10319,40278
10280,40183
10293,40278
10270,40183
10308,40014
10271,40282
10212,40152
10292,40110
10224,40039
10359,40223
10299,40015
10227,40017
10190,40007
10242,40158
10208,40071
10234,40106
10249,39999
10197,40230
10321,40048
10211,40209
10283,40111
10254,40081
10330,40251
10220,39982
10305,40176
10261,40040
10295,40180
10280,40243
10268,40263
10237,40175
10196,40145
10245,40072
10246,40275
10317,40065
10264,39987
10326,40058
10287,40266
10267,40109
10215,40036
10233,40096
10248,40243
10313,40050
10276,40002
10347,40178
10204,39980
10236,40216
10199,40068
10279,40026
10355,40208
10272,40081
10304,40133
10305,40252
10195,40013
10310,40100
10289,39996
10217,40034
10245,40268
10207,40058
10331,40208
10226,40125
10214,40209
10301,40037
10229,39987
10347,40254
10290,40047
10253,40057
10288,40003
10251,40009
10238,40180
10322,40187
10297,40110
10260,40230
10240,40063
10274,40207
10222,40052
10275,39994
10309,40098
10263,40094
10232,40211
10216,40019
10319,40039
10194,40031
10259,40151
10228,40239
10293,40039
10331,40156
10271,40075
10200,40147
10201,40126
10235,40014
10250,40145
10278,40032
10187,40026
10343,40229
10322,40255
10285,40265
10265,40008
10213,40183
10299,40220
10262,40064
10202,40129
10344,40182
10197,40055
10284,40115
10277,39993
10258,39987
10273,40285
10221,39988
10219,40012
10318,40054
10193,40008
10280,40034
10270,40034
10200,40207
10246,40066
10212,40003
10205,40089
10224,40210
10255,40111
10324,40237
10287,40091
10336,40148
10189,40025
10242,40021
10227,40154
10302,40144
10211,40090
10239,40107
10272,40288
10273,40089
10218,40113
10305,40013
10339,40193
10295,40009
10223,40139
10257,40025
10291,40237
10237,40036
10245,40061
10230,40160
10264,40126
10326,40177
10361,40179
10214,40000
10215,40217
10233,39981
10229,40260
10276,40181
10290,40286
10185,39993
10236,40083
10260,40053
10298,40096
10286,40204
10304,40016
10232,40162
10339,40157
10282,40000
10316,40252
10256,40012
10310,40211
10328,40179
10198,40130
10289,40105
10266,40224
10351,40202
10203,40107
10301,40186
10191,40015
10244,39979
10315,40269
10210,39984
10350,40234
10290,40162
10251,40130
10322,40046
10285,40058
10375,40184
10300,40194
10240,40138
10274,40066
10222,40067
10202,40208
10341,40227
10281,40123
10335,40200
10353,40188
10296,40145
10252,40121
10247,40019
10360,40227
10319,40168
10194,40146
10259,40288
10228,40114
10293,40172
10312,40207
10308,40160
10200,40030
10250,40004
10235,40155
10243,40064
10315,40073
10278,40223
10206,40093
10292,40256
10224,40129
10325,40229
10265,40149
10299,40105
10242,40292
10249,40085
10197,40188
10277,40110
10296,40205
10220,40272
10219,40121
10374,40207
10318,40189
10261,40142
10193,40133
10337,40248
10367,40199
10268,40169
10196,39979
10303,40204
10177,39973
10264,40269
10287,39980
10215,40142
10204,40182
10302,40287
10321,40282
10286,40159
10195,40231
10223,40028
10257,40150
10291,40118
10342,40214
10207,40092
10241,40278
10363,40216
10214,40191
10248,39977
10229,40137
10210,40195
10238,40018
10253,40159
10279,40256
10260,40184
10225,40106
10188,39994
10240,40217
10275,40084
10309,40280
10304,40235
10232,40045
10281,40292
10282,40119
10256,40135
10384,40204
10198,40025
10216,40077
10247,40192
10217,40276
10266,40119
10194,40197
10259,39985
10207,40272
10312,40190
10203,39972
10235,40232
10338,40197
10391,40205
10244,40094
10278,40142
10253,40291
10285,40175
10213,39981
10300,40085
10334,40241
10222,40206
10202,40039
10306,40261
10307,40100
10284,40277
10209,40054
10258,40281
10296,40028
10330,40160
10252,40236
10221,40154
10216,40265
10247,40132
10270,40088
10308,40043
10271,40289
10269,40081
10303,40189
10243,40205
10212,40229
10205,39999
10206,40200
10292,40139
10224,40060
10359,40250
10227,40052
10190,40040
10242,40187
10208,40188
10234,40087
10197,40193
10283,40258
10355,40187
10311,40083
10254,40122
10330,40228
10220,40139
10273,40039
10305,40171
10318,40264
10261,40019
10295,40083
10369,40213
10280,40280
10257,40199
10270,40276
10237,40138
10196,40126
10245,40083
10267,40128
10215,40003
10233,40075
10248,40216
10313,40021
10276,39983
10208,40248
10204,40009
10199,40163
10279,40113
10355,40247
10272,40054
10286,40042
10304,40186
10305,40279
10195,40112
10295,40279
10217,40069
10245,40279
10331,40247
10226,40086
10229,40030
10290,40008
10253,40020
10288,40024
10251,39980
10199,40231
10238,40153
10297,40081
10260,40195
10225,39975
10222,40025
10309,40141
10263,40053
10209,40263
10252,40035
10216,40056
10356,40214
10266,39994
10194,40056
10259,40122
10331,40179
10312,40041
10308,40218
10271,40086
10200,40184
10201,40097
10250,40250
10243,39994
10244,40193
10315,40051
10278,40005
10206,39995
10343,40192
10322,40280
10285,40292
10265,40051
10213,40146
10262,40165
10202,40170
10197,40018
10284,40136
10258,40140
10221,40015
10219,40035
10193,40035
10280,40071
10370,40217
10268,39987
10200,40244
10303,40038
10231,39984
10246,40103
10212,40104
10352,40233
10205,40116
10292,40030
10255,40010
10183,39972
10324,40202
10287,40070
10262,40225
10242,40014
10227,40129
10208,40055
10348,40213
10283,39999
10298,40265
10311,40196
10239,40118
10272,40261
10273,40188
10218,40026
10305,40032
10295,40036
10223,40118
10314,40075
10257,40060
10237,40031
10230,40069
10264,40099
10226,40265
10326,40170
10287,40250
10267,40029
10276,40146
10348,40153
10185,39964
10236,40072
10199,40052
10279,39978
10297,40290
10260,40018
10298,40077
10275,40270
10304,40053
10232,40135
10195,39997
10263,40266
10282,40045
10372,40175
10316,40217
10256,40033
10310,40244
10198,40103
10289,40076
10351,40177
10366,40175
10203,40270
10301,40149
10191,40042
10244,39984
10210,39981
10350,40207
10290,40191
10238,40260
10251,40153
10322,40075
10240,40175
10222,40164
10202,40253
10307,40030
10341,40206
10281,40030
10335,40215
10252,40086
10247,40046
10360,40200
10194,40175
10259,40263
10293,40087
10312,40212
10308,40077
10200,40003
10269,39991
10235,39998
10250,40097
10243,40103
10315,40172
10206,40102
10224,40102
10187,39978
10255,40219
10325,40192
10265,40184
10213,40263
10299,40076
10262,40048
10227,40206
10344,40198
10197,40167
10284,40003
10277,40073
10258,40003
10218,40205
10219,40156
10318,40166
10261,40105
10337,40211
10333,40162
10268,40070
10177,40024
10231,40069
10317,40258
10205,40201
10255,40159
10215,40101
10336,40260
10189,39977
10204,40211
10302,40096
10211,40170
10239,40251
10286,40128
10218,40129
10362,40234
10195,40202
10223,39995
10256,40208
10257,40169
10291,40285
10230,40208
10207,40123
10241,40265
10214,40144
10229,40180
10313,40271
10276,40261
10290,40238
10238,39991
10253,40122
10279,40287
10260,40165
10225,40077
10240,40254
10275,40187
10232,40018
10281,40207
10282,40144
10316,40076
10256,40156
10184,40030
10198,39986
10216,40082
10179,39974
10247,40223
10266,40272
10194,40222
10294,40067
10203,40155
10235,40207
10244,40123
10278,40099
10210,40096
10288,40270
10251,40274
10285,40074
10265,40201
10300,40178
10274,40178
10307,40139
10281,40139
10209,40041
10296,40001
10252,40201
10221,40181
10219,40205
10247,40163
10337,40172
10228,39970
10293,40220
10270,40125
10308,40048
10269,40076
10303,40152
10243,40208
10212,40194
10206,40237
10292,40176
10224,40017
10242,40212
10208,40145
10234,40048
10249,40165
10283,40281
10277,40254
10239,40040
10186,40036
10254,40159
10220,40160
10273,40026
10330,40257
10362,40189
10261,39998
10295,40078
10369,40200
10257,40218
10268,40217
10237,40229
10196,40091
10230,39971
10245,40126
10231,40222
10317,40183
10192,40127
10267,40167
10215,40030
10233,40174
10276,39988
10208,40221
10204,40038
10199,40158
10302,40239
10279,40076
10298,40035
10254,40219
10272,40043
10286,40015
10304,40095
10305,40266
10195,40087
10282,40195
10369,40180
10310,40018
10342,40166
10217,40104
10207,39980
10331,40234
10226,40051
10241,40134
10214,40271
10233,40234
10229,40057
10248,40121
10238,40098
10253,39983
10288,40125
10199,40194
10323,40056
10297,40052
10225,39994
10222,40002
10275,40036
10309,40168
10304,40283
10263,40016
10209,40250
10252,40056
10216,39965
10356,40243
10259,40097
10294,40222
10308,40231
10271,40125
10203,40020
10201,40004
10250,40199
10244,40238
10278,40030
10349,40198
10206,40028
10343,40223
10213,40125
10262,40158
10234,40259
10284,40165
10277,40047
10209,40166
10258,40169
10221,40042
10356,40183
10333,40200
10280,40108
10270,39976
10268,39976
10269,40193
10303,40013
10231,39983
10178,40025
10246,40120
10212,40117
10352,40206
10205,40111
10292,40059
10255,40049
10287,40173
10262,40218
10242,40043
10227,40164
10208,40044
10348,40242
10345,40203
10283,40146
10211,40260
10311,40227
10239,40093
10254,39978
10272,40250
10220,40027
10273,40151
10218,40039
10358,40209
10305,40091
10223,40093
10314,40084
10237,40122
10230,40126
10246,40196
10317,40044
10264,40008
10192,39978
10226,40226
10329,40197
10326,40143
10180,40014
10287,40225
10267,40048
10233,40059
10276,40127
10348,40182
10199,40019
10323,40265
10320,40202
10373,40208
10297,40261
10298,40182
10275,40277
10272,40166
10304,40042
10232,40108
10195,39968
10263,40225
10282,40054
10372,40180
10223,40273
10310,40137
10198,40088
10289,40039
10354,40228
10351,40156
10241,40019
10226,40166
10366,40176
10201,40213
10301,40112
10244,40029
10290,40152
10238,40233
10251,40124
10285,39984
10323,40069
10300,40276
10274,40280
10222,40137
10202,40230
10309,40029
10307,40037
10263,40165
10281,40033
10335,40242
10252,40179
10198,40260
10360,40173
10259,40234
10228,40260
10293,40114
10368,40215
10365,40187
10308,40106
10200,40040
10269,40018
10201,40145
10250,40074
10243,40010
10206,40139
10224,40123
10255,40198
10265,40163
10213,40226
10299,40291
10262,40021
10227,40245
10202,40090
10346,40199
10344,40235
10249,40259
10197,40130
10284,40024
10277,40084
10258,40028
10296,40279
10220,40202
10273,40224
10218,40214
10219,40179
10318,40075
10261,40084
10314,40263
10268,40099
10340,40186
10231,40096
10246,39991
10264,40215
10212,39992
10317,40285
10205,40228
10329,40150
10224,40263
10255,40186
10287,40054
10215,40064
10204,40200
10302,40069
10283,40015
10321,40208
10211,40177
10298,40249
10385,40210
10239,40198
10286,40101
10218,40170
10362,40215
10358,40172
10261,40264
10223,39974
10256,40245
10291,40256
10289,40272
10230,40245
10264,40147
10214,39989
10215,40260
10229,40223
10313,40274
10276,40226
10290,40203
10253,40085
10236,40184
10260,40130
10225,40160
10240,40275
10275,40158
10286,40289
10232,39991
10281,40210
10282,40189
10256,40177
10310,40260
10184,39971
10216,40119
10179,40013
10247,40250
10207,40218
10294,40100
10203,40190
10301,40261
10244,40128
10315,40240
10278,40068
10210,40093
10350,40191
10253,40281
10251,40233
10285,40101
10265,40236
10300,40175
10240,40095
10225,40236
10274,40175
10222,40276
10306,40219
10307,40174
10281,40174
10209,40012
10258,40207
10296,40102
10221,40208
10219,40224
10247,40190
10319,40071
10228,40143
10293,40199
10269,40103
10340,40233
10303,40103
10250,39985
10235,40110
10243,40247
10278,40256
10349,40176
10206,40246
10292,40221
10224,39990
10364,40212
10325,40176
10299,40188
10242,40241
10190,39990
10327,40229
10306,40159
10234,40029
10249,40136
10277,40217
10239,40055
10186,40001
10254,40128
10220,40189
10362,40166
10318,40214
10295,40101
10369,40227
10367,40178
10257,40253
10270,40194
10268,40246
10237,40192
10196,40064
10377,40189
10231,40245
10317,40146
10267,40218
10215,39989
10233,40145
10248,40258
10336,40244
10313,40067
10204,40067
10302,40240
10279,40171
10211,40058
10298,40012
10332,40216
10254,40252
10272,40000
10286,39984
10195,40186
10282,40236
10369,40175
10310,40055
10291,40141
10342,40187
10217,40115
10245,40221
10207,40139
10226,40012
10241,40185
10366,40238
10214,40096
10248,40094
10229,40036
10233,40205
10238,40071
10288,40082
10236,40051
10279,40239
10297,40031
10260,40277
10225,39965
10275,40011
10309,40179
10307,40223
10263,40015
10371,40221
10209,40221
10252,40021
10328,40211
10216,39970
10217,40207
10266,40128
10259,40068
10294,40243
10312,40019
10271,40152
10203,40011
10201,40047
10250,40288
10244,40267
10278,39987
10349,40225
10206,40033
10343,40186
10285,40218
10213,40088
10300,40034
10334,40170
10274,40034
10202,39984
10234,40236
10390,40195
10284,40194
10277,40010
10209,40153
10258,40066
10221,40069
10319,40200
10333,40227
10280,40113
10228,40018
10383,40206
10270,40141
10271,40220
10269,40252
10231,40010
10246,40157
10212,40082
10352,40163
10205,40010
10292,40032
10183,40030
10287,40136
10242,40068
10208,40001
10345,40238
10302,40035
10249,40053
10234,40160
10283,40169
10211,40235
10311,40254
10254,40015
10239,40184
10272,40223
10220,40048
10273,40138
10358,40202
10295,39998
10280,40205
10314,40049
10237,40085
10196,40203
10230,40019
10245,40142
10246,40217
10264,40045
10192,40015
10226,40255
10329,40232
10182,40015
10287,40204
10267,40087
10233,40030
10276,40068
10185,40010
10236,40258
10199,40014
10320,40239
10297,40232
10298,40147
10272,40155
10232,40081
10263,40220
10372,40209
10223,40252
10310,40162
10291,40022
10289,40058
10379,40184
10217,39992
10354,40193
10294,40002
10241,40054
10226,40131
10203,40216
10201,40248
10301,40107
10191,40124
10244,40058
10210,40035
10238,40242
10251,40083
10323,40168
10297,40164
10240,39993
10274,40245
10222,39986
10202,40259
10309,40056
10232,40269
10263,40128
10335,40153
10252,40136
10198,40249
10266,40023
10194,39973
10259,40209
10293,40029
10368,40204
10271,40013
10200,40077
10269,40013
10201,40180
10250,40087
10243,40017
10206,40172
10224,40080
10187,40036
10255,40237
10325,40278
10322,40197
10375,40205
10213,40205
10299,40262
10262,40014
10227,40280
10202,40071
10346,40224
10306,40037
10344,40240
10249,40230
10197,39981
10284,40053
10277,40191
10311,40047
10258,40057
10220,40231
10273,40219
10218,40243
10280,39996
10314,40224
10268,40024
10246,40008
10231,40159
10264,40252
10205,40159
10329,40185
10255,40161
10287,40029
10215,40095
10189,39967
10227,40084
10204,40229
10302,40174
10320,40030
10283,40034
10321,40235
10211,40148
10298,40226
10286,40078
10218,40183
10261,40243
10314,40164
10257,39975
10291,40295
10289,40235
10237,39978
10230,40238
10354,40176
10264,40184
10241,40199
10326,40255
10215,40227
10248,40056
10229,40250
10276,40207
10290,40292
10236,40149
10323,40249
10260,39983
10225,40187
10240,40264
10332,40166
10275,40229
10286,40266
10281,40245
10316,40262
10256,40086
10310,40281
10289,40183
10179,40016
10266,40294
10207,40225
10294,40153
10365,40231
10312,40077
10203,40085
10235,40281
10301,40224
10244,40173
10315,40215
10278,40089
10210,40182
10350,40160
10290,40104
10253,40244
10251,40204
10285,40000
10265,40279
10357,40185
10300,40132
10225,40199
10240,40116
10274,40136
10222,40121
10346,40147
10306,40244
10307,40181
10281,40177
10335,40258
10209,39975
10258,40232
10296,40075
10252,40259
10221,40235
10219,40263
10247,40085
10216,40216
10228,40180
10293,40226
10312,40265
10269,40130
10340,40246
10303,40066
10235,40069
10377,40196
10243,40154
10278,40229
10292,40250
10325,40155
10265,40083
10299,40147
10242,40234
10327,40192
10306,40184
10234,40006
10197,40114
10249,40147
10283,40211
10321,40164
10277,40292
10311,40160
10239,40018
10186,39978
10254,40165
10220,40090
10219,40067
10318,40251
10257,40272
10270,40231
10268,40147
10196,40045
10303,40262
10231,40272
10317,40237
10205,40276
10382,40184
10324,40170
10267,40241
10336,40233
10313,40166
10208,40279
10204,40120
10302,40213
10279,40134
10211,40001
10332,40245
10254,40225
10304,40105
10195,40161
10282,40265
10295,40196
10256,40261
10257,40092
10291,40176
10342,40156
10217,40150
10245,40248
10207,40150
10226,39977
10241,40092
10366,40243
10361,40246
10214,40069
10248,40163
10229,40079
10313,40226
10238,40040
10253,40165
10236,40040
10288,40183
10357,40202
10279,40202
10297,40002
10260,40114
10225,40048
10275,40110
10309,40222
10307,40226
10304,40213
10371,40224
10282,40077
10316,40185
10328,40248
10216,40135
10247,40266
10217,40210
10266,40173
10259,40043
10294,40276
10271,40167
10203,40046
10250,40269
10244,40272
10349,40252
10288,40243
10285,40245
10213,40035
10300,40031
10334,40207
10274,40031
10202,40029
10234,40201
10341,40174
10284,40223
10277,40021
10209,40124
10353,40247
10258,40095
10221,40096
10319,40247
10193,39996
10280,40150
10228,40063
10270,40150
10271,40251
10269,40279
10231,40033
10246,40182
10243,40263
10212,40191
10352,40184
10205,40037
10292,40077
10255,39995
10359,40188
10299,40044
10262,40272
10227,39982
10242,40097
10208,40102
10345,40241
10302,40004
10249,40024
10234,40141
10283,40076
10211,40206
10311,40277
10254,40048
10239,40135
10330,40218
10273,39981
10218,39981
10358,40239
10305,40145
10392,40196
10295,40149
10280,40210
10314,40026
10237,40176
10196,40176
10230,40052
10245,40169
10246,40242
10192,40036
10226,40216
10182,40032
10324,40061
10267,40074
10233,40001
10276,40033
10204,39987
10236,40255
10199,40101
10376,40194
10320,40260
10279,40059
10297,40211
10272,40112
10305,40221
10195,40042
10223,40219
10256,39984
10310,40071
10291,40061
10289,40029
10217,40003
10354,40218
10207,40027
10294,40039
10241,40041
10226,40156
10203,40255
10201,40227
10214,40240
10301,40070
10210,40028
10347,40223
10238,40215
10288,40034
10251,40054
10322,40154
10323,40143
10297,40143
10240,40030
10274,40238
10309,40067
10232,40242
10263,40127
10281,39983
10335,40164
10316,40044
10252,39973
10198,40210
10247,39999
10266,40048
10194,39998
10259,40180
10228,40206
10293,40056
10383,40186
10368,40225
10308,40284
10271,40040
10200,40114
10269,40040
10201,40095
10235,40047
10250,40176
10243,40052
10206,40177
10322,40222
10213,40168
10299,40253
10262,40099
10327,40170
10202,40096
10344,40149
10249,40201
10284,40082
10277,40154
10220,40252
10219,39981
10280,40001
10314,40205
10270,40029
10268,40053
10246,40045
10231,40186
10264,40225
10212,40034
10205,40186
10255,40076
10224,40241
10324,40268
10287,40120
10336,40179
10242,39988
10227,40123
10208,39985
10204,40258
10302,40179
10320,40051
10283,40057
10211,40123
10298,40207
10239,40264
10273,40122
10218,40080
10339,40254
10261,40222
10223,40168
10257,39994
10291,40202
10289,40206
10245,40030
10230,40131
10264,40093
10241,40250
10326,40208
10214,40035
10215,40254
10248,40029
10229,40229
10276,40212
10290,40257
10236,40114
10199,39998
10323,40220
10225,40158
10275,40200
10286,40239
10339,40186
10316,40227
10256,40107
10328,40146
10198,40173
10289,40138
10266,40195
10351,40235
10294,40178
10365,40194
10312,40082
10203,40072
10301,40219
10191,39980
10210,40147
10290,40069
10253,40207
10251,40163
10285,40027
10357,40164
10300,40225
10240,40105
10225,40218
10274,40101
10222,40098
10346,40188
10341,40260
10281,40084
10296,40176
10386,40206
10252,40280
10221,40262
10219,40282
10216,40253
10247,40112
10319,40137
10194,40117
10228,40081
10293,40141
10312,40238
10308,40135
10200,39997
10269,40189
10340,40211
10250,40039
10235,40184
10243,40161
10212,40273
10278,40254
10292,40231
10224,40160
10255,40285
10265,40118
10299,40118
10262,39998
10242,40263
10345,40175
10306,40085
10344,40256
10249,40118
10197,40093
10283,40246
10321,40191
10277,40271
10311,40191
10296,40236
10186,39991
10220,40119
10218,40259
10181,40029
10219,40102
10318,40156
10261,40175
10367,40228
10268,40136
10237,40278
10196,40010
10303,40237
10231,40271
10317,40200
10205,40271
10363,40189
10324,40151
10267,40276
10215,40175
10336,40206
10313,40137
10208,40268
10204,40149
10320,40174
10279,40157
10211,39972
10388,40208
10254,40266
10286,40190
10195,40132
10282,40274
10295,40227
10223,40061
10256,40282
10257,40119
10291,40087
10342,40241
10217,40185
10207,40189
10241,40119
10366,40212
10363,40249
10361,40217
10214,40094
10338,40160
10248,40136
10229,40106
10210,40226
10313,40197
10238,40013
10253,40128
10236,40005
10288,40140
10357,40245
10279,40289
10260,40095
10225,40011
10188,40025
10275,40117
10309,40249
10307,40265
10304,40202
10281,40261
10282,40086
10316,40150
10198,40056
10216,40172
10247,40289
10217,40245
10266,40086
10259,40014
10294,40265
10201,39989
10250,40278
10338,40228
10278,40169
10288,40200
10285,40144
10213,40014
10300,40116
10334,40208
10274,39992
10222,40233
10202,40006
10307,40069
10284,40244
10209,40087
10353,40202
10258,40120
10296,40059
10221,40123
10319,40274
10280,40187
10228,40036
10293,40274
10270,40187
10271,40262
10212,40132
10352,40157
10292,40106
10255,39974
10359,40219
10299,40003
10227,40021
10190,40011
10242,40154
10208,40091
10234,40118
10197,40226
10283,40099
10321,40052
10211,40213
10254,40085
10330,40199
10220,39978
10218,39990
10305,40180
10261,40052
10295,40176
10280,40247
10268,40259
10237,40171
10196,40157
10230,40041
10245,40180
10246,40279
10264,39991
10326,40062
10180,39965
10287,40278
10267,40097
10215,40032
10233,40100
10248,40247
10313,40054
10276,40014
10347,40182
10204,39976
10236,40212
10199,40064
10320,40281
10279,40022
10355,40212
10272,40085
10304,40153
10305,40240
10195,40017
10223,40198
10310,40088
10291,40032
10289,39984
10217,40038
10245,40264
10207,40038
10331,40212
10226,40121
10214,40213
10301,40033
10229,39999
10347,40242
10290,40043
10253,40053
10288,40007
10251,40013
10238,40184
10322,40183
10297,40114
10260,40226
10240,40051
10274,40203
10222,40056
10275,39998
10263,40090
10232,40215
10281,39986
10216,40023
10319,40035
10194,40027
10259,40155
10228,40235
10293,40035
10331,40144
10271,40055
10200,40151
10201,40066
10235,40002
10250,40157
10278,40036
10187,40030
10343,40225
10322,40251
10285,40261
10265,40012
10213,40179
10299,40208
10262,40068
10202,40141
10344,40186
10197,40051
10284,40111
10258,39983
10273,40273
10221,39984
10219,40000
10318,40058
10193,40012
10333,40270
10280,40038
10314,40214
10270,40038
10200,40211
10246,40070
10212,40015
10205,40085
10292,39997
10255,40107
10224,40214
10324,40233
10287,40103
10336,40168
10189,40021
10242,40017
10227,40158
10302,40148
10211,40094
10239,40279
10272,40292
10273,40093
10218,40125
10339,40197
10295,40005
10223,40151
10257,40029
10291,40241
10237,40032
10245,40057
10230,40164
10264,40066
10329,40259
10326,40181
10361,40183
10214,40004
10267,39994
10215,40213
10233,39985
10229,40256
10276,40177
10290,40282
10185,39997
10236,40111
10323,40195
10387,40193
10260,40049
10298,40108
10286,40208
10304,40020
10232,40166
10282,40012
10316,40248
10256,40000
10310,40215
10328,40183
10198,40134
10289,40109
10266,40236
10351,40214
10203,40111
10301,40182
10191,40011
10315,40257
10210,40140
10350,40238
10290,40094
10251,40134
10322,40042
10285,40054
10375,40180
10300,40222
10240,40142
10274,40094
10222,40071
10202,40220
10341,40239
10281,40127
10353,40176
10296,40149
10252,40117
10247,40015
10360,40231
10319,40180
10194,40142
10259,40292
10228,40126
10293,40168
10312,40243
10308,40172
10200,39970
10250,40000
10235,40159
10243,40068
10315,40077
10278,40211
10206,40065
10292,40268
10224,40133
10325,40225
10265,40153
10299,40109
10242,40288
10345,40178
10306,40078
10249,40089
10197,40184
10277,40106
10296,40209
10220,40268
10219,40125
10374,40195
10261,40138
10337,40252
10367,40195
10268,40165
10196,39991
10303,40200
10264,40273
10287,39976
10267,40267
10215,40138
10204,40178
10302,40259
10332,40271
10286,40163
10223,40024
10257,40138
10291,40122
10342,40202
10207,40088
10226,39967
10241,40106
10363,40220
10214,40179
10338,40157
10248,39981
10229,40149
10210,40223
10276,40292
10238,40022
10253,40155
10260,40068
10225,40110
10188,39990
10240,40221
10275,40088
10309,40260
10304,40239
10232,40049
10282,40115
10384,40192
10328,40258
10198,40029
10216,40177
10217,40280
10266,40115
10194,40193
10259,39989
10294,40290
10312,40162
10203,39992
10235,40236
10338,40193
10391,40201
10244,40090
10278,40130
10285,40171
10213,39977
10300,40081
10334,40245
10222,40210
10202,40035
10306,40257
10307,40104
10341,40148
10284,40273
10209,40074
10258,40277
10296,40032
10330,40172
10252,40232
10221,40150
10216,40269
10247,40128
10270,40092
10308,40023
10303,40185
10178,39973
10212,40225
10205,39995
10206,40204
10292,40151
10224,40048
10359,40246
10227,40056
10242,40183
10208,40176
10234,40083
10197,40205
10283,40262
10355,40191
10311,40079
10254,40126
10330,40224
10220,40135
10273,40059
10305,40175
10318,40268
10261,40031
10295,40175
10280,40284
10270,40280
10237,40134
10196,40122
10245,40095
10317,40088
10182,39966
10267,40132
10215,40063
10233,40079
10248,40220
10276,39979
10208,40252
10204,40005
10199,40191
10279,40109
10355,40251
10272,40074
10286,40046
10304,40190
10305,40235
10195,40116
10295,40275
10217,40073
10245,40275
10331,40203
10226,40082
10301,40028
10229,40026
10290,40004
10253,40016
10288,40028
10238,40157
10199,40227
10297,40085
10260,40207
10240,40040
10222,40029
10309,40137
10263,40049
10216,40060
10356,40210
10259,40126
10331,40183
10312,40045
10308,40198
10271,40082
10200,40188
10201,40101
10250,40230
10243,39998
10244,40205
10315,40055
10278,40057
10206,39999
10343,40252
10322,40276
10285,40288
10265,40055
10213,40158
10262,40185
10202,40182
10197,40030
10284,40132
10258,40136
10221,40011
10219,40039
10193,40039
10280,40075
10370,40213
10200,40248
10303,40034
10246,40091
10212,40020
10352,40237
10205,40112
10292,40026
10255,40022
10183,39968
10324,40214
10287,40066
10262,40229
10242,40010
10227,40133
10348,40209
10283,39987
10298,40277
10311,40192
10239,40114
10272,40281
10273,40176
10218,40006
10305,40036
10295,40032
10223,40114
10257,40048
10237,40027
10230,40089
10264,40103
10226,40261
10326,40174
10214,40025
10267,40017
10276,40158
10348,40149
10236,40068
10199,40048
10297,40294
10260,40030
10298,40073
10304,40009
10232,40139
10263,40262
10282,40041
10316,40213
10256,40037
10310,40232
10198,40123
10289,40064
10351,40189
10203,40258
10301,40145
10244,39996
10210,39977
10350,40211
10290,40187
10238,40264
10251,40157
10322,40071
10225,40272
10240,40163
10222,40168
10202,40249
10341,40202
10281,40002
10335,40211
10252,40082
10247,40042
10360,40204
10194,40171
10259,40267
10293,40083
10312,40216
10308,40073
10200,40007
10269,39987
10340,40261
10235,39986
10250,40109
10243,40107
10315,40160
10206,40106
10224,40154
10187,39982
10325,40204
10265,40188
10213,40259
10299,40064
10262,40052
10227,40210
10306,40107
10344,40202
10197,40163
10284,39999
10277,40117
10218,40201
10219,40144
10318,40170
10261,40117
10337,40215
10333,40190
10268,40066
10303,40215
10231,40065
10205,40197
10255,40155
10215,40097
10189,39973
10204,40175
10302,40100
10211,40174
10239,40231
10286,40132
10218,40141
10362,40246
10195,40206
10223,40007
10256,40212
10257,40173
10291,40097
10230,40212
10207,40103
10241,40269
10214,40148
10248,39986
10229,40176
10276,40257
10290,40234
10238,39995
10253,40118
10279,40283
10260,40161
10225,40065
10240,40242
10275,40191
10232,40022
10282,40156
10316,40072
10256,40144
10184,40002
10198,39990
10216,40086
10247,40219
10266,40284
10194,40218
10294,40071
10312,40135
10203,40159
10235,40195
10244,40103
10278,40103
10210,40124
10288,40258
10251,40278
10285,40070
10265,40205
10213,39988
10300,40078
10307,40143
10281,40143
10209,40045
10296,40005
10252,40197
10221,40177
10219,40193
10216,40274
10247,40159
10337,40160
10228,39982
10293,40216
10270,40097
10308,40060
10269,40072
10303,40132
10243,40212
10212,40206
10278,40291
10206,40209
10292,40188
10224,40021
10359,40237
10242,40208
10208,40149
10234,40060
10249,40169
10283,40285
10355,40162
10277,40250
10254,40099
10186,40032
10330,40269
10220,40156
10273,40030
10362,40185
10261,39994
10295,40074
10369,40204
10280,40289
10370,40191
10257,40222
10268,40213
10237,40225
10196,40103
10230,39975
10245,40122
10231,40218
10317,40179
10192,40115
10364,40191
10267,40187
10215,40026
10233,40178
10248,40289
10276,39984
10208,40209
10204,40034
10199,40154
10279,40072
10298,40047
10254,40223
10272,40047
10286,40019
10304,40083
10305,40270
10195,40091
10282,40207
10295,40270
10310,40022
10217,40108
10207,39976
10331,40238
10226,40047
10241,40154
10214,40259
10233,40238
10229,40005
10248,40125
10238,40102
10253,39979
10288,40113
10199,40222
10323,40060
10297,40056
10225,39998
10222,40006
10275,40040
10309,40148
10304,40287
10263,40044
10209,40254
10252,40052
10259,40101
10331,40170
10294,40210
10312,40050
10308,40227
10271,40121
10200,40161
10201,40008
10250,40195
10244,40234
10278,40018
10349,40194
10206,40000
10343,40219
10213,40121
10262,40146
10234,40271
10284,40161
10277,40043
10209,40186
10258,40165
10221,40038
10219,40058
10356,40179
10193,40058
10333,40196
10280,40080
10370,40206
10270,39980
10269,40221
10303,40009
10231,39979
10178,40021
10246,40124
10212,40113
10352,40194
10205,40107
10292,40007
10255,40061
10287,40169
10262,40222
10242,40039
10227,40168
10208,40032
10348,40238
10345,40207
10283,40150
10211,40264
10311,40223
10239,40089
10254,39982
10272,40254
10220,40023
10273,40171
10218,40035
10358,40213
10305,40095
10223,40089
10314,40080
10237,40118
10196,40234
10245,39983
10230,40114
10317,40040
10264,40012
10192,39982
10329,40201
10287,40237
10267,40052
10233,40063
10276,40123
10348,40178
10199,40047
10323,40269
10320,40206
10373,40220
10279,39997
10297,40265
10298,40178
10275,40281
10272,40186
10304,40046
10232,40112
10195,39972
10263,40253
10282,40050
10372,40176
10256,40058
10310,40141
10198,40092
10289,40091
10217,39961
10354,40224
10241,40023
10226,40162
10366,40180
10201,40217
10301,40140
10244,40025
10290,40148
10238,40237
10288,39980
10251,40112
10285,39980
10323,40073
10300,40272
10274,40276
10222,40141
10202,40226
10309,40025
10307,40041
10341,40213
10263,40161
10281,40037
10335,40254
10252,40175
10360,40177
10259,40238
10228,40256
10293,40126
10365,40183
10308,40086
10200,40044
10269,39982
10201,40149
10235,39977
10250,40118
10243,40014
10206,40143
10224,40127
10255,40194
10265,40167
10213,40238
10262,40041
10227,40249
10346,40195
10344,40239
10249,40263
10197,40142
10284,40020
10277,40080
10258,40024
10296,40283
10220,40198
10273,40228
10218,40210
10219,40183
10318,40079
10261,40080
10337,40202
10314,40259
10268,40127
10340,40166
10246,39979
10231,40124
10264,40219
10212,39972
10317,40281
10205,40224
10329,40154
10255,40134
10324,40070
10287,40050
10215,40124
10204,40196
10302,40073
10283,40003
10321,40212
10211,40181
10239,40194
10286,40105
10218,40150
10362,40211
10261,40276
10223,39970
10256,40233
10291,40260
10342,40256
10289,40276
10230,40201
10264,40151
10241,40288
10214,39977
10215,40256
10229,40219
10210,40277
10313,40278
10276,40238
10290,40199
10253,40081
10236,40180
10260,40142
10225,40164
10240,40279
10275,40130
10286,40293
10232,39995
10281,40214
10282,40185
10256,40181
10184,39975
10198,39979
10216,40123
10247,40246
10207,40198
10294,40120
10203,40178
10301,40257
10244,40140
10315,40244
10278,40120
10210,40089
10253,40277
10251,40237
10285,40097
10265,40240
10213,39967
10300,40171
10240,40083
10225,40224
10274,40171
10222,40280
10306,40215
10307,40146
10281,40146
10209,40000
10258,40203
10296,40106
10252,40290
10221,40204
10219,40228
10247,40186
10319,40067
10337,40155
10228,40139
10293,40195
10269,40099
10303,40099
10235,40098
10250,39997
10243,40251
10278,40260
10349,40172
10206,40250
10292,40217
10224,39978
10364,40208
10325,40188
10299,40176
10242,40205
10190,39994
10208,40138
10327,40225
10306,40155
10234,40025
10249,40140
10277,40197
10239,40051
10186,40013
10254,40132
10220,40185
10318,40218
10295,40097
10369,40231
10367,40190
10257,40241
10270,40198
10268,40242
10237,40220
10196,40076
10231,40241
10317,40142
10267,40222
10215,39985
10233,40149
10248,40262
10313,40071
10204,40095
10302,40244
10279,40167
10211,40062
10298,40008
10332,40212
10254,40192
10272,40004
10304,40072
10394,40198
10305,40289
10195,40190
10282,40232
10295,40293
10310,40043
10291,40145
10342,40191
10217,40119
10245,40217
10207,39991
10226,40008
10241,40189
10381,40212
10214,40100
10248,40066
10229,40032
10233,40209
10238,40075
10288,40086
10279,40235
10297,40035
10260,40273
10188,40035
10275,40015
10309,40191
10307,40195
10263,40011
10371,40193
10209,40209
10252,40017
10328,40215
10216,39974
10356,40228
10266,40140
10259,40072
10294,40247
10312,40023
10271,40132
10203,40015
10201,40051
10244,40247
10278,39991
10349,40221
10206,40037
10343,40182
10285,40214
10213,40068
10300,40062
10334,40174
10274,40062
10202,39996
10234,40232
10390,40199
10284,40190
10277,40054
10209,40157
10258,40190
10221,40065
10319,40212
10193,39965
10333,40255
10280,40117
10228,40030
10370,40235
10383,40202
10270,39985
10271,40216
10200,40258
10269,40248
10303,40020
10231,40006
10178,40014
10246,40145
10212,40094
10352,40167
10205,40006
10292,40044
10183,40026
10287,40148
10242,40064
10208,40005
10345,40210
10302,40039
10249,40057
10234,40172
10283,40173
10211,40239
10311,40250
10254,40019
10239,40164
10272,40211
10220,40044
10273,40142
10358,40206
10223,40068
10314,40061
10237,40081
10196,40215
10230,40023
10245,40138
10246,40221
10264,40049
10192,40003
10226,40251
10329,40236
10180,40023
10287,40200
10267,40043
10233,40034
10276,40064
10185,40014
10199,40010
10320,40227
10297,40236
10298,40159
10272,40159
10232,40085
10263,40216
10372,40221
10223,40248
10310,40166
10291,40026
10289,40062
10379,40188
10217,39996
10294,40006
10241,40010
10226,40191
10203,40220
10201,40252
10301,40103
10191,40120
10244,40038
10210,40063
10238,40246
10251,40087
10323,40172
10300,40269
10297,40168
10240,39997
10274,40241
10222,39990
10309,40036
10232,40273
10263,40156
10252,40132
10198,40253
10266,40019
10194,39969
10259,40213
10293,40025
10368,40192
10271,40009
10200,40081
10269,40009
10201,40184
10250,40083
10243,40021
10315,40154
10206,40144
10224,40084
10255,40233
10325,40274
10322,40193
10375,40201
10213,40201
10299,40282
10262,40002
10202,40067
10346,40236
10306,40033
10344,40244
10249,40234
10197,39977
10284,40049
10277,40187
10311,40043
10258,40053
10296,40256
10220,40227
10273,40223
10218,40255
10314,40236
10268,40020
10246,40012
10231,40155
10264,40192
10205,40155
10329,40189
10224,40272
10255,40173
10287,40025
10215,40091
10189,39963
10227,40088
10204,40225
10302,40082
10283,40038
10321,40239
10211,40152
10298,40238
10286,40082
10218,40179
10261,40255
10314,40160
10289,40239
10230,40226
10354,40172
10264,40188
10241,40219
10326,40243
10248,40060
10229,40198
10210,40270
10276,40203
10290,40288
10236,40145
10323,40253
10260,39979
10225,40191
10240,40268
10332,40162
10275,40233
10286,40270
10281,40249
10316,40258
10256,40074
10310,40285
10289,40171
10179,40020
10266,40290
10207,40237
10294,40157
10365,40227
10203,40169
10301,40252
10244,40169
10315,40203
10278,40093
10210,40178
10350,40164
10290,40100
10253,40240
10251,40192
10285,40124
10265,40283
10300,40128
10240,40072
10225,40251
10274,40132
10222,40125
10346,40159
10306,40240
10307,40185
10281,40181
10209,39995
10258,40228
10296,40079
10221,40231
10219,40251
10247,40081
10216,40220
10228,40176
10293,40238
10312,40269
10269,40158
10340,40242
10303,40078
10235,40089
10377,40200
10243,40158
10278,40281
10292,40198
10364,40205
10325,40167
10265,40087
10299,40151
10242,40230
10327,40220
10306,40180
10234,40002
10197,40126
10249,40151
10283,40215
10321,40152
10277,40288
10311,40156
10239,40030
10186,40022
10254,40169
10220,40086
10219,40071
10318,40255
10257,40276
10270,40235
10268,40239
10196,40041
10303,40258
10231,40236
10317,40233
10205,40272
10382,40188
10324,40182
10267,40245
10336,40237
10313,40170
10204,40116
10302,40217
10320,40141
10279,40130
10211,40005
10332,40241
10254,40229
10272,39993
10304,40109
10195,40165
10282,40245
10295,40192
10257,40080
10291,40180
10217,40154
10245,40228
10207,40146
10226,39973
10241,40080
10361,40250
10214,40121
10248,40167
10229,40075
10313,40230
10380,40213
10238,40044
10253,40161
10236,40036
10288,40171
10357,40214
10279,40198
10297,40006
10260,40126
10225,40052
10275,40018
10309,40218
10307,40230
10371,40228
10282,40073
10316,40181
10328,40252
10216,40139
10247,40262
10217,40214
10266,40169
10259,40047
10294,40232
10271,40163
10203,40034
10250,40265
10244,40284
10349,40248
10288,40247
10285,40241
10213,40047
10300,40027
10334,40179
10274,40027
10202,40025
10234,40213
10341,40170
10284,40219
10277,40017
10209,40112
10353,40235
10258,40091
10221,40092
10374,40184
10319,40243
10193,39984
10280,40154
10228,40059
10270,40154
10271,40231
10269,40275
10231,40061
10246,40170
10243,40267
10212,40187
10352,40188
10205,40033
10292,40073
10359,40184
10299,40032
10262,40276
10227,39986
10242,40125
10208,40122
10345,40245
10302,40008
10249,40028
10234,40137
10283,40064
10211,40242
10311,40273
10254,40052
10239,40131
10272,40200
10218,39977
10358,40227
10305,40149
10392,40200
10295,40145
10280,40214
10237,40076
10196,40188
10230,40008
10245,40149
10246,40246
10317,40030
10192,40024
10226,40212
10324,40057
10267,40078
10233,40005
10276,40045
10347,40151
10185,40017
10236,40251
10199,40097
10376,40198
10320,40248
10279,40055
10297,40215
10272,40116
10305,40209
10195,40046
10223,40231
10256,39988
10310,40187
10291,40001
10289,40017
10217,40007
10354,40214
10207,40007
10294,40059
10241,40045
10226,40152
10368,40185
10203,40243
10201,40231
10214,40244
10301,40066
10210,40024
10347,40211
10238,40219
10288,40038
10251,40042
10322,40150
10323,40147
10297,40147
10240,40018
10274,40234
10222,39963
10309,40079
10232,40246
10263,40123
10335,40160
10316,40040
10198,40214
10247,39995
10266,40060
10194,39994
10259,40184
10228,40202
10293,40004
10368,40229
10308,40280
10271,40020
10200,40118
10269,40036
10201,40163
10235,40035
10250,40188
10243,40056
10206,40181
10322,40218
10265,39981
10213,40212
10299,40241
10262,40103
10227,40259
10327,40166
10202,40108
10344,40153
10249,40205
10284,40078
10277,40134
10220,40248
10219,39969
10393,40194
10193,40109
10280,40005
10314,40201
10270,40001
10268,40049
10246,40033
10231,40182
10264,40229
10212,40046
10205,40182
10329,40160
10255,40072
10224,40245
10324,40264
10287,40004
10336,40183
10242,39984
10227,40127
10208,39989
10302,40183
10320,40055
10283,40061
10211,40127
10298,40203
10273,40126
10218,40092
10339,40226
10261,40218
10223,40180
10314,40141
10257,39998
10291,40206
10289,40194
10245,40026
10230,40135
10264,40161
10241,40254
10326,40212
10214,40039
10215,40250
10248,40001
10229,40225
10276,40208
10236,40142
10199,39994
10323,40224
10225,40146
10240,40289
10275,40204
10286,40243
10339,40190
10282,39983
10316,40287
10256,40111
10328,40150
10198,40161
10289,40142
10266,40207
10351,40247
10294,40182
10365,40222
10312,40086
10203,40076
10301,40215
10191,39976
10244,40182
10210,40175
10290,40065
10253,40203
10251,40167
10285,40023
10300,40253
10225,40222
10240,40109
10274,40097
10222,40102
10346,40184
10306,40237
10341,40256
10281,40088
10209,39966
10296,40180
10386,40202
10252,40276
10221,40258
10216,40225
10247,40108
10319,40149
10194,40113
10228,40093
10293,40137
10312,40274
10269,40185
10340,40223
10303,40085
10250,40035
10235,40188
10377,40211
10243,40165
10278,40242
10292,40227
10224,40164
10255,40281
10265,40122
10299,40138
10262,39986
10242,40259
10345,40147
10306,40081
10344,40260
10234,39983
10197,40089
10249,40122
10283,40234
10321,40179
10277,40267
10311,40187
10296,40240
10186,39987
10220,40115
10218,40271
10181,40025
10219,40090
10318,40224
10261,40171
10367,40224
10268,40132
10237,40274
10196,40022
10303,40233
10231,40267
10317,40196
10205,40267
10363,40177
10324,40147
10267,40232
10215,40171
10336,40194
10313,40141
10208,40256
10204,40145
10302,40290
10320,40162
10279,40153
10211,39976
10332,40238
10254,40270
10195,40136
10282,40286
10295,40255
10223,40057
10256,40286
10257,40107
10291,40091
10342,40245
10217,40189
10230,40274
10207,40185
10226,39998
10241,40075
10366,40216
10361,40221
10214,40082
10338,40188
10248,40140
10229,40118
10210,40254
10313,40201
10238,40049
10253,40188
10236,40001
10288,40128
10357,40241
10279,40221
10260,40091
10225,40015
10188,40021
10275,40121
10309,40229
10307,40269
10304,40206
10281,40265
10282,40082
10316,40146
10328,40225
10198,40060
10216,40144
10247,40285
10217,40249
10266,40082
10259,40018
10294,40269
10201,39993
10250,40274
10338,40224
10278,40173
10288,40204
10285,40140
10213,40010
10300,40112
10334,40212
10274,39988
10222,40237
10202,40002
10307,40073
10341,40181
10284,40240
10209,40107
10353,40206
10258,40116
10296,40063
10221,40119
10280,40191
10228,40032
10293,40286
10270,40191
10271,40258
10269,40270
10212,40128
10292,40118
10359,40215
10299,40007
10262,40265
10227,40025
10190,40015
10242,40150
10208,40095
10249,39975
10197,40238
10283,40103
10321,40040
10211,40217
10234,40114
10239,39982
10254,40089
10330,40195
10220,39974
10218,39986
10305,40136
10261,40048
10295,40140
10280,40251
10268,40287
10237,40167
10196,40153
10230,40045
10245,40176
10246,40267
10264,39995
10287,40274
10267,40101
10233,40104
10248,40251
10313,40058
10276,40010
10347,40170
10204,39972
10236,40208
10199,40092
10279,40018
10355,40216
10272,40105
10304,40157
10305,40244
10195,40021
10223,40194
10310,40092
10291,40036
10217,40042
10207,40034
10226,40117
10214,40201
10301,40061
10229,39995
10347,40246
10290,40039
10253,40049
10288,40059
10251,40001
10238,40188
10322,40179
10297,40118
10260,40238
10240,40055
10274,40199
10222,40060
10263,40086
10232,40219
10281,39990
10252,39998
10198,40203
10216,40027
10319,40047
10194,40023
10259,40159
10228,40247
10293,40047
10331,40148
10271,40051
10200,40155
10201,40070
10235,40006
10250,40153
10206,39966
10187,40018
10322,40247
10285,40257
10265,40016
10213,40191
10299,40212
10262,40088
10327,40157
10202,40137
10344,40190
10249,40208
10197,40063
10284,40107
10258,39979
10273,40277
10221,39980
10219,40004
10318,40062
10193,40000
10333,40266
10280,40042
10314,40210
10270,40042
10268,40046
10200,40215
10246,40058
10231,40173
10212,40011
10205,40081
10224,40202
10255,40119
10324,40245
10287,40099
10336,40172
10189,40017
10227,40098
10242,39981
10208,39978
10302,40152
10211,40066
10239,40275
10273,40081
10218,40121
10339,40201
10261,40197
10295,40001
10223,40147
10314,40150
10257,40017
10291,40245
10237,40060
10245,40037
10230,40184
10264,40070
10329,40263
10326,40201
10361,40187
10214,40056
10267,39998
10215,40209
10233,39989
10229,40268
10276,40189
10290,40278
10185,39969
10236,40107
10323,40199
10387,40197
10260,40061
10298,40104
10275,40211
10286,40212
10232,40170
10282,40008
10316,40244
10256,40004
10310,40203
10328,40187
10198,40154
10289,40097
10266,40232
10351,40210
10294,40171
10203,40099
10301,40178
10191,40023
10315,40261
10210,40136
10350,40242
10290,40090
10251,40186
10322,40038
10285,40050
10265,40289
10300,40218
10240,40130
10274,40090
10222,40075
10202,40216
10341,40235
10281,40099
10353,40180
10296,40153
10252,40113
10247,40011
10360,40235
10319,40176
10194,40138
10228,40122
10293,40180
10312,40247
10308,40168
10200,39974
10250,40012
10235,40147
10243,40072
10315,40065
10278,40215
10206,40069
10292,40264
10224,40185
10255,40260
10325,40237
10265,40157
10299,40097
10345,40182
10306,40074
10249,40093
10197,40068
10277,40278
10296,40213
10186,39964
10220,40264
10219,40113
10374,40199
10261,40150
10337,40240
10333,40159
10367,40207
10268,40161
10237,40269
10196,39987
10303,40244
10317,40223
10264,40277
10267,40271
10215,40134
10313,40144
10204,40142
10302,40263
10321,40274
10332,40267
10286,40167
10223,40036
10257,40142
10291,40126
10342,40206
10379,40208
10207,40068
10226,39963
10241,40110
10363,40208
10361,40192
10214,40183
10338,40153
10233,40258
10229,40145
10248,40145
10210,40219
10276,40288
10238,40026
10253,40151
10236,39998
10260,40064
10225,40098
10188,39986
10240,40209
10275,40092
10309,40256
10307,40272
10304,40227
10232,40053
10282,40127
10384,40196
10184,40033
10328,40262
10198,40017
10216,40181
10266,40127
10259,39993
10294,40294
10312,40166
10203,39996
10235,40224
10338,40221
10391,40197
10244,40070
10278,40134
10288,40289
10285,40167
10213,40021
10300,40109
10334,40249
10222,40214
10202,40047
10306,40285
10307,40108
10284,40269
10209,40078
10258,40273
10296,40036
10330,40168
10252,40228
10221,40146
10319,40261
10270,40064
10308,40019
10303,40165
10178,39969
10212,40237
10205,39991
10292,40147
10224,40052
10359,40242
10227,40060
10242,40179
10208,40180
10234,40095
10197,40201
10283,40122
10311,40075
10239,39989
10254,40066
10330,40236
10220,40131
10273,40063
10305,40163
10318,40272
10261,40027
10295,40171
10280,40256
10270,40284
10237,40130
10196,40134
10245,40091
10317,40084
10180,39974
10267,40152
10215,40059
10233,40083
10248,40192
10313,40029
10276,40023
10208,40240
10204,40001
10236,40205
10199,40187
10279,40105
10272,40078
10286,40050
10304,40178
10305,40239
10195,40120
10217,40077
10245,40287
10331,40207
10226,40078
10241,39995
10301,40024
10229,39974
10290,40000
10253,40012
10288,40016
10238,40129
10199,40255
10297,40089
10260,40203
10240,40044
10222,40033
10263,40077
10232,40192
10216,40032
10356,40222
10194,40048
10259,40130
10308,40194
10271,40094
10200,40128
10201,40105
10250,40226
10244,40201
10315,40043
10278,40061
10206,39971
10343,40248
10322,40272
10285,40284
10265,40059
10213,40154
10299,40203
10262,40189
10202,40178
10197,40026
10284,40128
10258,40132
10273,40264
10221,40007
10219,40027
10318,40035
10193,40027
10280,40079
10370,40209
10200,40252
10303,40046
10246,40095
10212,40016
10352,40225
10205,40076
10255,40018
10183,39964
10324,40210
10287,40078
10262,40249
10242,40006
10227,40137
10348,40205
10283,39991
10298,40273
10239,40126
10272,40285
10273,40180
10218,40002
10305,40056
10295,40060
10223,40126
10257,40052
10237,40023
10230,40093
10264,40107
10226,40257
10326,40162
10214,40029
10267,40021
10276,40154
10236,40064
10260,40026
10298,40085
10304,40013
10232,40143
10263,40258
10282,40021
10316,40209
10256,40025
10310,40236
10328,40160
10198,40127
10289,40068
10351,40185
10203,40262
10301,40173
10244,39992
10315,40280
10210,39973
10350,40215
10290,40183
10238,40268
10251,40145
10322,40067
10225,40276
10240,40167
10222,40172
10202,40197
10341,40246
10281,40006
10335,40223
10252,40078
10247,40038
10360,40208
10194,40167
10259,40271
10228,40103
10293,40095
10312,40220
10308,40181
10200,40011
10340,40257
10235,39990
10250,40105
10243,40111
10315,40164
10206,40110
10224,40158
10187,39970
10325,40200
10265,40128
10213,40271
10299,40068
10227,40214
10327,40269
10306,40103
10344,40206
10249,40288
10197,40175
10284,39995
10277,40113
10219,40148
10374,40216
10318,40174
10261,40113
10337,40235
10333,40186
10268,40094
10303,40211
10177,40016
10231,40093
10205,40193
10267,40290
10215,40157
10189,39969
10204,40171
10302,40104
10239,40227
10286,40136
10218,40137
10362,40242
10195,40210
10223,40003
10256,40200
10257,40161
10291,40101
10207,40099
10241,40257
10214,40136
10248,39990
10229,40188
10276,40269
10290,40230
10238,39999
10253,40114
10279,40279
10260,40173
10225,40069
10240,40246
10275,40163
10232,40026
10282,40152
10316,40068
10256,40148
10184,40006
10198,40010
10216,40090
10247,40215
10266,40280
10194,40214
10294,40091
10312,40139
10203,40147
10235,40199
10301,40290
10244,40099
10278,40155
10210,40120
10288,40262
10251,40266
10285,40066
10265,40209
10213,39984
10300,40074
10334,40258
10209,40033
10296,40009
10252,40193
10221,40173
10219,40197
10216,40278
10247,40155
10337,40164
10228,39978
10293,40292
10270,40101
10308,40056
10269,40068
10303,40128
10243,40216
10212,40202
10206,40213
10292,40184
10224,40009
10364,40247
10359,40233
10227,40035
10242,40172
10208,40169
10234,40056
10249,40173
10283,40273
10355,40166
10277,40230
10311,40102
10254,40103
10330,40265
10220,40152
10273,40018
10261,40006
10295,40070
10369,40192
10280,40293
10370,40187
10257,40210
10270,40289
10268,40209
10237,40253
10230,39995
10245,40102
10231,40214
10317,40175
10192,40119
10364,40187
10267,40191
10215,40022
10233,40182
10248,40293
10313,40096
10276,39996
10208,40213
10204,40062
10199,40150
10279,40068
10355,40226
10298,40043
10272,40035
10286,40023
10304,40087
10305,40258
10282,40203
10295,40266
10291,39982
10217,40080
10331,40226
10226,40043
10241,40158
10214,40263
10248,40097
10229,40001
10233,40242
10290,40029
10238,40106
10253,39975
10251,39995
10199,40218
10288,40117
10297,40060
10225,39986
10222,40010
10275,40044
10309,40144
10304,40275
10263,40040
10209,40242
10252,40048
10356,40251
10266,39983
10259,40105
10331,40174
10294,40214
10312,40054
10308,40239
10271,40101
10200,40165
10201,40012
10250,40207
10244,40214
10278,40022
10206,40004
10343,40215
10213,40101
10262,40150
10202,39967
10234,40267
10197,40005
10284,40157
10209,40190
10258,40161
10221,40034
10219,40062
10356,40191
10333,40192
10280,40084
10370,40202
10200,40225
10269,40217
10303,40053
10231,39975
10178,40017
10246,40112
10212,40125
10352,40198
10205,40103
10292,40003
10255,40057
10287,40181
10262,40210
10242,40035
10227,40172
10208,40036
10348,40234
10283,40138
10211,40268
10311,40219
10239,40069
10254,39986
10272,40242
10220,40019
10273,40175
10218,40047
10305,40083
10223,40101
10314,40092
10237,40114
10245,39979
10230,40118
10317,40036
10264,40016
10192,39970
10329,40205
10382,40193
10287,40233
10267,40008
10276,40103
10348,40174
10199,40043
10323,40273
10320,40194
10373,40216
10279,39993
10297,40269
10260,40007
10298,40190
10275,40285
10272,40190
10304,40034
10232,40116
10195,39976
10263,40249
10282,40062
10372,40188
10223,40281
10256,40062
10198,40080
10289,40095
10217,39965
10351,40164
10366,40184
10201,40221
10301,40136
10244,40005
10210,39966
10290,40144
10238,40273
10251,40116
10274,40272
10222,40145
10202,40238
10307,40045
10341,40209
10263,40189
10281,40041
10335,40250
10252,40171
10247,40061
10360,40181
10259,40242
10228,40268
10293,40122
10365,40179
10308,40082
10271,39982
10200,40048
10269,39978
10201,40153
10235,39981
10250,40114
10243,40114
10315,40187
10206,40115
10224,40115
10187,39993
10255,40206
10265,40171
10213,40234
10262,40045
10227,40253
10190,40115
10346,40207
10344,40211
10249,40267
10197,40138
10284,40016
10277,40092
10258,40020
10296,40287
10220,40194
10273,40248
10218,40222
10219,40171
10261,40092
10337,40206
10314,40271
10268,40123
10340,40162
10246,39983
10231,40120
10264,40223
10212,39968
10317,40277
10205,40252
10329,40158
10255,40130
10324,40066
10287,40062
10215,40120
10189,39996
10204,40192
10302,40077
10283,40007
10321,40200
10211,40185
10385,40202
10239,40206
10286,40109
10218,40146
10362,40223
10358,40164
10261,40272
10223,39982
10256,40237
10291,40264
10342,40260
10289,40264
10230,40205
10264,40155
10326,40274
10214,39981
10229,40167
10210,40273
10313,40282
10276,40234
10290,40195
10253,40077
10236,40176
10260,40138
10225,40088
10240,40235
10275,40134
10232,39999
10281,40218
10282,40165
10256,40169
10184,39979
10198,39983
10216,40127
10247,40242
10266,40261
10207,40194
10294,40124
10312,40144
10203,40182
10301,40285
10244,40136
10315,40232
10278,40124
10210,40085
10253,40273
10288,40283
10251,40225
10285,40093
10265,40244
10213,39963
10300,40167
10240,40087
10225,40228
10274,40167
10306,40211
10307,40150
10281,40150
10209,40004
10258,40199
10296,40110
10252,40222
10221,40200
10219,40216
10247,40182
10319,40079
10337,40159
10228,40151
10293,40207
10269,40127
10303,40111
10235,40102
10250,39993
10243,40255
10212,40215
10349,40168
10206,40254
10292,40165
10224,39982
10364,40236
10325,40184
10299,40180
10242,40201
10190,39998
10208,40142
10327,40253
10306,40151
10234,40037
10249,40176
10277,40193
10239,40063
10186,40009
10254,40136
10220,40181
10181,39967
10362,40174
10318,40222
10295,40125
10367,40186
10257,40245
10270,40202
10268,40206
10237,40216
10196,40072
10303,40291
10231,40205
10317,40138
10267,40210
10215,39981
10233,40153
10248,40266
10313,40075
10208,40202
10204,40091
10199,40141
10302,40248
10279,40163
10211,40034
10298,40020
10332,40208
10254,40196
10272,40024
10286,39992
10304,40076
10195,40066
10282,40212
10295,40289
10310,40047
10291,40149
10342,40179
10217,40123
10245,40197
10207,39987
10226,40004
10241,40177
10381,40208
10214,40280
10248,40070
10229,40044
10233,40213
10238,40079
10288,40074
10378,40196
10279,40231
10297,40039
10260,40285
10275,40051
10309,40187
10307,40199
10304,40264
10263,40007
10371,40197
10209,40213
10252,40013
10328,40219
10216,39978
10356,40224
10266,40136
10259,40076
10294,40203
10312,40027
10308,40244
10271,40128
10203,40003
10201,40055
10244,40243
10278,39979
10349,40217
10206,40041
10343,40178
10285,40210
10213,40064
10262,40139
10300,40058
10334,40146
10274,40058
10202,39992
10234,40244
10284,40186
10277,40050
10209,40145
10258,40186
10221,40061
10356,40164
10319,40208
10333,40251
10280,40121
10228,40026
10370,40231
10270,39989
10271,40196
10200,40262
10269,40244
10303,40016
10231,40002
10246,40149
10212,40090
10352,40219
10205,40002
10292,40040
10255,40036
10183,40022
10287,40144
10242,40092
10208,40025
10345,40214
10302,40043
10249,40061
10234,40168
10283,40161
10211,40275
10311,40246
10254,40023
10239,40160
10272,40215
10220,40040
10273,40130
10358,40194
10223,40064
10314,40057
10237,40109
10196,40211
10230,40107
10245,39990
10246,40209
10317,40063
10264,40053
10192,40007
10226,40247
10329,40240
10180,40019
10287,40212
10267,40047
10233,40038
10276,40076
10236,40282
10199,40006
10320,40231
10297,40240
10298,40155
10272,40147
10232,40089
10263,40212
10372,40217
10223,40260
10310,40154
10291,40030
10289,40050
10217,39968
10354,40249
10331,40274
10294,40026
10241,40014
10226,40187
10203,40208
10201,40192
10301,40099
10244,40034
10210,40059
10290,39981
10238,40250
10251,40075
10323,40176
10300,40265
10297,40172
10240,39985
10274,40269
10222,39994
10202,40267
10309,40032
10307,40048
10232,40277
10263,40152
10252,40128
10198,40241
10266,40031
10259,40217
10293,40101
10368,40196
10365,40174
10271,39989
10200,40085
10269,40005
10201,40188
10250,40095
10243,40025
10315,40158
10206,40148
10224,40072
10187,39964
10255,40245
10375,40197
10213,40245
10299,40286
10262,40006
10227,40224
10202,40079
10346,40232
10306,40061
10344,40248
10249,40238
10197,39989
10284,40045
10277,40167
10311,40039
10258,40049
10296,40260
10220,40223
10273,40211
10218,40251
10261,40071
10314,40232
10268,40016
10246,40000
10231,40151
10264,40196
10205,40151
10224,40276
10255,40169
10287,40037
10215,40087
10227,40092
10204,40253
10302,40086
10283,40026
10321,40227
10211,40156
10298,40234
10239,40213
10286,40086
10218,40191
10339,40259
10261,40251
10314,40172
10289,40227
10230,40230
10354,40168
10264,40128
10241,40223
10326,40247
10248,40032
10229,40194
10210,40266
10276,40247
10290,40220
10236,40173
10260,39991
10225,40179
10240,40256
10332,40190
10275,40237
10286,40274
10232,39972
10281,40253
10256,40078
10310,40273
10184,39984
10289,40175
10179,40024
10207,40233
10294,40145
10203,40173
10235,40273
10301,40248
10244,40149
10315,40207
10278,40081
10210,40078
10350,40168
10290,40096
10253,40236
10251,40196
10285,40120
10265,40287
10300,40156
10240,40076
10225,40255
10274,40128
10222,40257
10346,40155
10306,40204
10307,40189
10281,40185
10335,40266
10209,39999
10258,40224
10296,40083
10221,40227
10219,40255
10247,40077
10216,40192
10228,40188
10293,40234
10269,40154
10340,40254
10303,40074
10235,40093
10377,40204
10243,40130
10278,40285
10206,40259
10292,40194
10364,40201
10325,40163
10265,40091
10299,40171
10242,40226
10190,39971
10327,40216
10306,40176
10234,40014
10197,40122
10249,40155
10283,40203
10321,40156
10311,40152
10239,40026
10186,40018
10254,40173
10220,40082
10318,40195
10257,40264
10270,40239
10268,40235
10196,40053
10303,40270
10231,40232
10317,40229
10324,40178
10267,40201
10336,40225
10313,40174
10204,40112
10302,40221
10279,40190
10211,40009
10332,40205
10254,40233
10272,39997
10304,40097
10195,40169
10282,40241
10295,40220
10257,40084
10291,40184
10342,40148
10217,40158
10245,40224
10207,40158
10226,39969
10241,40084
10214,40125
10248,40171
10229,40087
10313,40234
10380,40209
10238,40080
10288,40175
10236,40032
10357,40210
10279,40194
10297,40010
10260,40122
10225,40040
10275,40022
10309,40198
10307,40234
10371,40232
10209,40200
10316,40177
10328,40192
10216,40143
10247,40258
10217,40218
10266,40181
10259,40051
10294,40236
10271,40175
10203,40038
10244,40280
10349,40244
10206,40050
10288,40235
10285,40237
10213,40043
10300,40023
10334,40183
10274,40023
10202,39973
10234,40209
10284,40215
10277,40029
10209,40116
10353,40239
10258,40087
10221,40088
10374,40188
10319,40255
10193,39988
10280,40158
10228,40007
10270,40158
10271,40227
10269,40239
10231,40057
10246,40174
10243,40271
10212,40167
10352,40176
10205,40061
10292,40085
10359,40180
10299,40036
10227,39990
10242,40121
10208,40126
10345,40249
10302,40012
10249,40000
10234,40149
10283,40068
10211,40246
10311,40269
10254,40056
10239,40143
10272,40204
10358,40231
10305,40105
10392,40204
10280,40218
10237,40072
10196,40184
10230,40012
10245,40145
10246,40234
10317,40026
10192,40028
10226,40208
10182,40024
10267,40066
10233,40009
10276,40041
10185,40021
10236,40247
10199,40125
10376,40202
10320,40252
10279,40051
10297,40219
10298,40132
10272,40136
10305,40213
10195,40050
10372,40230
10223,40227
10256,39976
10310,40191
10291,40005
10289,40021
10217,40011
10354,40210
10207,40003
10331,40265
10294,40063
10241,40033
10226,40148
10368,40189
10203,40247
10201,40235
10214,40232
10301,40094
10210,40020
10347,40215
10238,40223
10251,40046
10322,40146
10323,40151
10297,40151
10240,40022
10274,40230
10222,39967
10309,40075
10232,40250
10263,40119
10335,40172
10316,40036
10252,40157
10198,40234
10247,39991
10266,40056
10194,39990
10259,40188
10228,40214
10293,40000
10308,40260
10271,40016
10200,40122
10269,40032
10201,40167
10235,40039
10250,40184
10243,40060
10206,40185
10343,40258
10322,40214
10265,39985
10213,40208
10299,40245
10262,40123
10227,40263
10327,40162
10202,40104
10346,40245
10344,40157
10249,40241
10284,40074
10277,40130
10220,40244
10219,39973
10393,40198
10280,40009
10314,40245
10270,40005
10268,40013
10340,40148
10246,40037
10231,40178
10264,40233
10212,40042
10205,40178
10329,40164
10255,40084
10224,40233
10324,40276
10287,40000
10227,40067
10302,40187
10320,40043
10283,40049
10211,40099
10298,40215
10273,40114
10218,40088
10339,40230
10261,40230
10223,40176
10314,40137
10257,39986
10291,40210
10289,40198
10245,40006
10230,40155
10264,40165
10241,40242
10326,40232
10214,39963
10215,40246
10248,40005
10229,40237
10276,40220
10236,40138
10199,39990
10323,40228
10225,40150
10275,40240
10286,40247
10339,40162
10282,39979
10316,40283
10256,40099
10328,40154
10198,40165
10289,40130
10266,40203
10207,40244
10351,40243
10294,40138
10365,40218
10312,40090
10203,40064
10301,40211
10191,39988
10244,40178
10210,40171
10290,40125
10253,40199
10251,40219
10285,40019
10265,40258
10357,40172
10300,40249
10240,40097
10225,40210
10274,40125
10222,40106
10346,40164
10306,40233
10281,40092
10258,40253
10296,40184
10386,40198
10252,40272
10221,40254
10219,40274
10247,40104
10216,40229
10319,40145
10194,40109
10228,40089
10293,40149
10312,40278
10308,40143
10269,40181
10340,40219
10303,40081
10250,40047
10235,40176
10377,40215
10243,40169
10278,40246
10292,40239
10224,39960
10325,40142
10265,40126
10299,40142
10262,39990
10242,40287
10345,40151
10306,40173
10234,39979
10197,40101
10249,40126
10283,40238
10321,40183
10311,40183
10296,40244
10186,39999
10220,40111
10218,40267
10219,40094
10318,40228
10261,40183
10367,40236
10257,40291
10270,40240
10268,40128
10196,40018
10303,40277
10231,40263
10317,40192
10205,40263
10363,40181
10324,40159
10267,40236
10215,40167
10336,40198
10389,40196
10313,40177
10208,40260
10204,40109
10320,40166
10279,40149
10211,39980
10332,40234
10254,40274
10195,40140
10282,40282
10295,40251
10256,40274
10257,40111
10291,40095
10342,40233
10217,40161
10230,40278
10207,40165
10226,39994
10241,40079
10366,40220
10363,40241
10361,40225
10214,40086
10338,40184
10248,40176
10229,40114
10210,40250
10313,40205
10238,40053
10253,40184
10236,40029
10288,40132
10279,40217
10260,40103
10225,40003
10188,40017
10275,40125
10309,40225
10307,40241
10304,40194
10281,40269
10282,40094
10316,40142
10328,40229
10198,40048
10216,40148
10247,40281
10217,40253
10266,40094
10259,40022
10294,40257
10203,39965
10201,39997
10250,40286
10338,40252
10244,40293
10278,40161
10288,40192
10285,40136
10213,40054
10300,40012
10334,40216
10274,39984
10222,40241
10202,40014
10307,40077
10341,40177
10284,40236
10209,40111
10353,40194
10258,40112
10221,40115
10319,40282
10280,40163
10228,40044
10293,40282
10270,40163
10271,40270
10269,40266
10243,40274
10212,40140
10292,40114
10255,39982
10359,40211
10299,40027
10262,40269
10227,40029
10190,40019
10242,40146
10208,40083
10302,40017
10249,39979
10197,40234
10283,40091
10321,40044
10211,40221
10234,40126
10239,39978
10254,40093
10330,40207
10220,39970
10218,39998
10305,40140
10261,40060
10295,40136
10280,40255
10268,40283
10237,40163
10196,40165
10230,40033
10245,40188
10246,40271
10264,39999
10287,40286
10267,40121
10233,40108
10248,40255
10313,40062
10276,40054
10347,40174
10204,39968
10236,40236
10199,40088
10320,40273
10279,40014
10355,40220
10272,40109
10304,40145
10305,40200
10195,40025
10223,40206
10310,40080
10291,40040
10217,40046
10207,40046
10226,40113
10203,40234
10214,40205
10301,40057
10347,40234
10290,40035
10253,40045
10288,40063
10251,40005
10238,40160
10322,40175
10297,40122
10260,40234
10240,40011
10274,40195
10275,39974
10309,40086
10263,40082
10232,40223
10281,39994
10252,39994
10198,40207
10216,40031
10319,40043
10266,40037
10194,40019
10259,40163
10228,40243
10293,40043
10308,40289
10271,40063
10200,40159
10201,40074
10235,40026
10250,40133
10187,40022
10322,40243
10265,40020
10213,40187
10299,40232
10262,40092
10327,40153
10202,40149
10344,40162
10249,40212
10197,40059
10284,40103
10277,39981
10221,39976
10219,39992
10193,40004
10333,40262
10280,40046
10314,40222
10270,40046
10268,40042
10200,40219
10246,40062
10231,40169
10212,40055
10205,40173
10224,40206
10255,40115
10324,40241
10287,40111
10336,40160
10189,40013
10227,40102
10242,39977
10208,39982
10302,40156
10211,40070
10273,40085
10218,40101
10305,40025
10339,40205
10261,40193
10295,40029
10223,40159
10314,40146
10257,40021
10291,40249
10289,40217
10237,40056
10245,40033
10230,40188
10264,40074
10329,40267
10326,40205
10361,40191
10214,40060
10267,39986
10215,40205
10233,39993
10229,40264
10276,40185
10290,40274
10185,39973
10236,40103
10199,39981
10323,40203
10387,40201
10260,40057
10298,40116
10275,40215
10286,40216
10232,40174
10263,40291
10282,39988
10316,40240
10256,40120
10310,40207
10328,40191
10198,40158
10289,40101
10266,40244
10351,40222
10294,40175
10203,40103
10301,40206
10191,40019
10210,40132
10350,40246
10290,40086
10251,40190
10285,40046
10265,40293
10300,40214
10240,40134
10274,40086
10222,40079
10281,40103
10353,40168
10296,40157
10252,40109
10221,40281
10247,40007
10360,40239
10319,40188
10194,40134
10228,40070
10293,40176
10312,40251
10308,40148
10200,39978
10250,40008
10235,40151
10243,40076
10315,40069
10278,40203
10206,40073
10292,40276
10224,40189
10255,40256
10325,40233
10265,40097
10299,40101
10262,39979
10327,40274
10345,40186
10306,40070
10249,40065
10197,40064
10321,40074
10277,40274
10296,40217
10220,40260
10218,40276
10219,40117
10318,40137
10261,40146
10337,40244
10333,40155
10367,40203
10268,40189
10237,40265
10196,39999
10303,40240
10317,40219
10264,40281
10363,40168
10287,39984
10267,40259
10215,40130
10313,40148
10204,40138
10302,40267
10320,40187
10321,40278
10211,39987
10388,40197
10332,40263
10286,40171
10223,40032
10257,40130
10291,40066
10342,40194
10379,40212
10230,40267
10207,40064
10241,40098
10363,40212
10361,40196
10214,40171
10338,40149
10233,40262
10229,40157
10248,40149
10210,40215
10313,40208
10238,40030
10253,40147
10236,39994
10288,40153
10260,40076
10225,40102
10188,39982
10240,40213
10275,40064
10309,40268
10307,40276
10304,40231
10232,40057
10281,40272
10282,40123
10328,40266
10198,40021
10216,40185
10217,40256
10266,40123
10259,39997
10207,40260
10312,40170
10203,39984
10201,39968
10235,40228
10338,40217
10391,40193
10244,40066
10278,40186
10288,40293
10285,40163
10213,40017
10300,40105
10334,40253
10274,39981
10222,40218
10202,40043
10306,40281
10307,40080
10341,40156
10284,40265
10209,40066
10258,40269
10296,40040
10330,40180
10252,40224
10221,40142
10319,40257
10293,40261
10270,40068
10308,40031
10271,40277
10269,40293
10303,40161
10212,40233
10205,39987
10292,40159
10224,40040
10359,40206
10227,40000
10242,40143
10208,40072
10234,40091
10197,40213
10283,40126
10311,40071
10239,39985
10254,40070
10330,40232
10220,39999
10273,40051
10305,40167
10318,40276
10261,40039
10295,40167
10280,40260
10270,40256
10237,40158
10196,40130
10245,40071
10246,40288
10317,40080
10180,39970
10287,40261
10267,40156
10215,40055
10233,40087
10248,40196
10276,40019
10208,40244
10204,40029
10236,40201
10199,40183
10373,40180
10279,40101
10355,40195
10272,40066
10286,40054
10304,40182
10305,40227
10195,40124
10217,40049
10245,40283
10207,40053
10331,40195
10226,40074
10241,39999
10301,40020
10229,39970
10176,40018
10290,40060
10253,40008
10288,40020
10251,40024
10199,40251
10238,40133
10380,40190
10297,40093
10260,40215
10240,40032
10222,40037
10263,40073
10232,40196
10209,40275
10316,40030
10216,40036
10356,40218
10194,40044
10259,40134
10308,40206
10271,40090
10200,40132
10201,40109
10250,40238
10315,40047
10278,40049
10206,39975
10343,40244
10322,40268
10285,40280
10265,40063
10213,40134
10299,40207
10262,40177
10202,40190
10197,40038
10284,40124
10258,40128
10273,40268
10221,40003
10219,40031
10318,40039
10193,40031
10280,40051
10270,40051
10200,40192
10303,40042
10246,40083
10212,40028
10352,40229
10205,40072
10255,40030
10324,40222
10287,40074
10262,40253
10242,40002
10227,40141
10348,40201
10283,39979
10298,40285
10239,40122
10272,40273
10273,40072
10218,40014
10305,40060
10339,40208
10295,40056
10223,40122
10257,40040
10237,40019
10230,40081
10264,40111
10326,40166
10214,40017
10267,39977
10276,40134
10236,40092
10260,40038
10298,40081
10232,40147
10263,40286
10282,40017
10316,40205
10256,40029
10310,40224
10328,40164
10198,40115
10289,40120
10351,40197
10301,40169
10315,40284
10210,39969
10350,40219
10290,40179
10251,40149
10322,40063
10225,40264
10240,40187
10222,40176
10202,40193
10341,40242
10281,40010
10335,40219
10296,40130
10252,40074
10247,40034
10360,40212
10194,40163
10259,40275
10228,40099
10293,40091
10312,40192
10308,40177
10200,40015
10250,40021
10235,40138
10243,40083
10315,40088
10206,40082
10224,40146
10187,39974
10325,40212
10265,40132
10213,40267
10299,40088
10227,40218
10327,40265
10306,40099
10249,40292
10197,40171
10284,39991
10277,40125
10219,40136
10374,40220
10318,40178
10261,40125
10337,40239
10333,40182
10367,40214
10268,40090
10196,39972
10303,40223
10177,40020
10231,40089
10205,40221
10267,40294
10215,40153
10204,40167
10302,40108
10239,40239
10286,40140
10195,40214
10223,40015
10256,40204
10257,40165
10291,40105
10207,40111
10241,40261
10363,40203
10214,40140
10248,39994
10229,40184
10276,40265
10290,40226
10253,40110
10279,40275
10260,40169
10225,40121
10240,40202
10275,40167
10309,40279
10232,40030
10282,40132
10316,40064
10256,40136
10184,40010
10198,40014
10216,40094
10247,40211
10266,40100
10194,40210
10294,40095
10312,40143
10203,40151
10235,40219
10244,40111
10278,40159
10210,40116
10378,40180
10251,40270
10285,40190
10265,40213
10213,39996
10300,40070
10334,40262
10284,40294
10209,40037
10296,40013
10252,40253
10221,40169
10216,40282
10247,40151
10337,40184
10228,39990
10293,40288
10270,40105
10308,40036
10269,40064
10303,40140
10243,40220
10212,40246
10205,39982
10206,40217
10292,40132
10224,40013
10364,40243
10359,40229
10227,40039
10242,40168
10208,40173
10234,40068
10283,40277
10355,40170
10277,40226
10311,40098
10254,40107
10220,40148
10273,40022
10261,40002
10295,40066
10369,40196
10370,40183
10257,40214
10270,40293
10237,40249
10196,40111
10230,39999
10245,40098
10231,40210
10317,40171
10364,40183
10267,40179
10215,40018
10233,40186
10276,39992
10208,40233
10204,40058
10199,40146
10320,40075
10279,40064
10355,40230
10298,40055
10272,40039
10286,40027
10304,40171
10305,40262
10295,40262
10217,40084
10245,40294
10331,40230
10226,40039
10241,40146
10301,40015
10248,40101
10229,40013
10233,40246
10290,40025
10238,40110
10288,40105
10251,39999
10199,40214
10297,40064
10225,39990
10222,40014
10309,40156
10304,40279
10263,40036
10209,40246
10252,40044
10356,40199
10266,39979
10259,40109
10331,40162
10312,40058
10308,40235
10271,40097
10200,40169
10201,40016
10250,40203
10244,40210
10278,40010
10206,40008
10343,40211
10265,40034
10213,40097
10262,40170
10234,40279
10197,40001
10284,40153
10209,40178
10258,40157
10221,40030
10219,40050
10356,40187
10333,40220
10280,40088
10370,40198
10268,39996
10200,40229
10269,40213
10303,40049
10231,39971
10246,40116
10212,40121
10352,40250
10205,40099
10292,40015
10255,40005
10287,40177
10262,40214
10242,40063
10227,40176
10208,40056
10348,40230
10283,40142
10298,40262
10311,40215
10239,40065
10254,39990
10272,40246
10220,40015
10273,40163
10218,40043
10305,40087
10223,40097
10314,40088
10237,40014
10230,40074
10317,40032
10264,40020
10192,39974
10226,40278
10329,40209
10382,40197
10326,40155
10287,40245
10267,40012
10276,40099
10348,40170
10199,40039
10323,40277
10320,40198
10373,40196
10279,39989
10297,40273
10260,40003
10298,40186
10275,40257
10272,40178
10304,40038
10232,40120
10195,39980
10263,40245
10282,40058
10372,40184
10256,40050
10198,40084
10289,40083
10351,40160
10366,40188
10301,40132
10191,40037
10244,40001
10290,40140
10238,40277
10251,40104
10222,40149
10202,40234
10307,40017
10341,40221
10263,40185
10281,40045
10335,40230
10371,40175
10252,40167
10247,40057
10360,40185
10194,40188
10259,40246
10228,40264
10293,40070
10308,40094
10271,39978
10200,40052
10201,40157
10250,40126
10243,40118
10315,40191
10206,40119
10224,40119
10187,39997
10255,40202
10265,40175
10213,40278
10262,40033
10227,40193
10190,40119
10346,40203
10306,40028
10344,40215
10249,40271
10197,40150
10284,40012
10277,40088
10258,40016
10296,40291
10273,40252
10218,40218
10219,40175
10261,40088
10337,40194
10314,40267
10268,40119
10340,40174
10177,40015
10231,40116
10317,40273
10264,40291
10212,39980
10205,40248
10255,40142
10287,40058
10215,40116
10189,39992
10204,40220
10302,40113
10321,40204
10211,40189
10385,40206
10239,40202
10286,40113
10218,40158
10362,40219
10358,40184
10261,40284
10223,39978
10256,40225
10257,40184
10291,40268
10289,40268
10230,40193
10264,40159
10214,39969
10229,40163
10313,40286
10276,40278
10290,40255
10253,40073
10260,40150
10225,40092
10240,40239
10332,40157
10275,40138
10232,40003
10281,40222
10282,40161
10256,40173
10184,39983
10198,39971
10216,40099
10247,40238
10266,40257
10207,40206
10294,40112
10312,40148
10203,40138
10301,40281
10244,40116
10315,40236
10278,40112
10210,40081
10253,40269
10288,40287
10251,40229
10285,40089
10265,40248
10300,40163
10274,40163
10307,40154
10281,40154
10209,40024
10258,40195
10296,40114
10252,40218
10221,40196
10219,40220
10247,40178
10319,40075
10337,40147
10228,40147
10293,40203
10270,40114
10269,40123
10303,40107
10250,39973
10235,40122
10243,40227
10212,40211
10349,40164
10206,40226
10292,40161
10224,39970
10364,40232
10325,40068
10242,40197
10208,40130
10327,40249
10306,40147
10234,40033
10249,40180
10277,40205
10239,40059
10254,40140
10220,40177
10273,40009
10362,40170
10261,39981
10295,40121
10257,40233
10270,40206
10268,40202
10237,40212
10196,40084
10231,40201
10192,40128
10364,40172
10267,40214
10215,39977
10233,40157
10248,40270
10313,40079
10208,40206
10204,40087
10199,40137
10302,40252
10279,40095
10211,40038
10298,40016
10254,40200
10272,40028
10286,39996
10304,40064
10195,40070
10282,40208
10369,40187
10310,40035
10291,40153
10342,40183
10217,40127
10245,40193
10207,39999
10226,40000
10241,40181
10381,40204
10248,40074
10229,40040
10233,40217
10253,39998
10288,40078
10238,40115
10199,40205
10378,40192
10323,40043
10279,40227
10297,40043
10260,40281
10275,40055
10309,40167
10307,40203
10304,40268
10263,40003
10371,40201
10209,40233
10252,40009
10328,40223
10216,39982
10356,40236
10266,40148
10259,40080
10294,40207
10312,40031
10308,40240
10271,40140
10203,40007
10201,40059
10250,40212
10244,40255
10278,39983
10349,40213
10206,40045
10343,40174
10285,40206
10213,40076
10262,40143
10300,40054
10334,40150
10274,40054
10234,40240
10284,40182
10277,40062
10209,40149
10258,40182
10221,40057
10319,40220
10333,40247
10280,40125
10370,40227
10270,39993
10271,40192
10200,40266
10269,40240
10303,40028
10231,40030
10246,40137
10212,40070
10352,40223
10205,40030
10292,40052
10255,40032
10183,40018
10287,40156
10262,40203
10242,40088
10208,40029
10345,40218
10302,40047
10249,40033
10234,40180
10283,40165
10211,40279
10311,40242
10254,40027
10239,40172
10272,40235
10220,40036
10273,40134
10218,40052
10358,40198
10305,40074
10223,40076
10314,40037
10237,40105
10196,40223
10245,39986
10230,40111
10246,40213
10317,40059
10264,40057
10192,39995
10226,40243
10329,40244
10287,40208
10267,40035
10233,40042
10276,40072
10236,40278
10199,40002
10320,40219
10297,40244
10298,40167
10272,40151
10232,40093
10263,40208
10372,40197
10223,40256
10310,40158
10198,40073
10289,40054
10379,40180
10217,39972
10354,40245
10294,40030
10241,40002
10226,40183
10203,40212
10201,40196
10301,40127
10244,40046
10210,40055
10238,40254
10288,39993
10251,40079
10285,39999
10323,40180
10300,40261
10297,40176
10240,39989
10274,40265
10222,39998
10309,40044
10307,40052
10232,40281
10263,40148
10281,40048
10371,40178
10252,40188
10198,40245
10266,40027
10259,40221
10293,40097
10368,40216
10365,40170
10271,39985
10200,40089
10269,40001
10201,40128
10250,40091
10243,40029
10315,40146
10206,40152
10224,40076
10255,40241
10375,40193
10213,40241
10299,40274
10262,40026
10227,40228
10202,40075
10346,40212
10306,40057
10344,40252
10249,40274
10197,39985
10284,40041
10277,40163
10311,40035
10258,40045
10296,40264
10220,40219
10273,40215
10218,40231
10261,40067
10280,39976
10314,40276
10268,40108
10246,40004
10231,40147
10264,40200
10205,40147
10224,40264
10255,40181
10287,40033
10215,40083
10204,40249
10302,40090
10283,40030
10321,40231
10211,40128
10298,40246
10239,40209
10286,40090
10218,40187
10362,40196
10339,40263
10261,40263
10314,40168
10289,40231
10237,39998
10230,40250
10354,40164
10264,40132
10241,40211
10326,40267
10214,39994
10215,40279
10248,40036
10229,40206
10210,40262
10276,40243
10290,40216
10236,40169
10260,39987
10225,40183
10240,40260
10332,40186
10275,40145
10286,40278
10232,39976
10281,40225
10256,40066
10310,40277
10184,39988
10289,40163
10207,40213
10294,40149
10203,40161
10235,40277
10338,40264
10301,40244
10244,40145
10315,40195
10278,40085
10210,40074
10350,40172
10253,40232
10251,40248
10285,40116
10265,40227
10300,40152
10240,40064
10225,40243
10274,40156
10222,40261
10306,40200
10307,40161
10281,40189
10209,39987
10258,40220
10296,40087
10221,40223
10219,40243
10247,40073
10216,40196
10228,40184
10293,40246
10269,40150
10340,40250
10235,40081
10243,40134
10278,40273
10349,40191
10206,40263
10292,40206
10364,40197
10325,40175
10265,40095
10299,40175
10242,40254
10190,39975
10327,40212
10306,40140
10234,40010
10249,40159
10283,40207
10321,40144
10311,40148
10239,40006
10186,40030
10254,40177
10220,40078
10181,39974
10318,40199
10257,40268
10270,40211
10268,40231
10237,40207
10196,40049
10303,40266
10231,40228
10317,40225
10324,40190
10267,40205
10233,40128
10248,40275
10336,40229
10313,40082
10204,40076
10302,40193
10279,40186
10211,40013
10332,40201
10254,40237
10272,39985
10304,40101
10195,40173
10282,40253
10295,40216
10257,40072
10291,40188
10217,40130
10245,40236
10207,40154
10226,40029
10241,40168
10214,40113
10248,40175
10229,40083
10313,40238
10380,40205
10238,40084
10288,40163
10236,40060
10357,40222
10279,40254
10297,40014
10260,40262
10225,40044
10275,40026
10309,40194
10307,40238
10304,40289
10263,39998
10209,40204
10316,40173
10328,40196
10216,39987
10217,40222
10266,40177
10259,40055
10294,40224
10271,40171
10203,40058
10201,39966
10244,40260
10349,40240
10206,40054
10288,40239
10285,40233
10213,40087
10300,40019
10334,40187
10274,40019
10202,39969
10234,40221
10284,40211
10277,40025
10209,40136
10353,40227
10258,40083
10221,40084
10319,40251
10193,39976
10280,40130
10228,40003
10270,40130
10271,40239
10269,40235
10231,40053
10246,40162
10212,40163
10352,40180
10205,40057
10292,40081
10325,40052
10359,40176
10299,40056
10227,39994
10242,40117
10208,40114
10345,40253
10302,40048
10249,40004
10234,40145
10283,40184
10211,40250
10311,40265
10254,40060
10239,40139
10272,40192
10273,39993
10358,40251
10305,40109
10280,40222
10237,40068
10196,40196
10230,40000
10245,40157
10246,40238
10192,40016
10226,40204
10182,40028
10267,40070
10233,40013
10276,40085
10185,40025
10236,40243
10199,40121
10376,40206
10320,40240
10279,40047
10297,40223
10298,40128
10272,40140
10232,40066
10195,40054
10263,40207
10223,40239
10256,39980
10310,40179
10291,40009
10289,40009
10217,40015
10354,40206
10207,40015
10331,40269
10294,40051
10241,40037
10226,40144
10368,40177
10203,40203
10201,40239
10214,40236
10301,40090
10210,40016
10347,40203
10238,40195
10251,40034
10322,40142
10323,40155
10297,40155
10240,39978
10274,40226
10222,39971
10309,40055
10232,40254
10263,40115
10335,40168
10316,40032
10252,40153
10198,40238
10247,39987
10266,40004
10194,39986
10259,40192
10228,40210
10293,40012
10308,40256
10271,40028
10200,40126
10269,40060
10201,40171
10235,40059
10250,40164
10243,40032
10206,40189
10325,40261
10322,40210
10375,40220
10265,39989
10213,40220
10299,40265
10262,40127
10227,40267
10327,40190
10202,40116
10346,40241
10249,40245
10284,40070
10277,40142
10311,40062
10220,40240
10273,40202
10318,40029
10393,40202
10280,40013
10314,40241
10270,40009
10268,40009
10246,40025
10231,40142
10264,40237
10205,40142
10329,40168
10255,40080
10224,40237
10324,40272
10287,40012
10227,40071
10302,40191
10320,40047
10283,40053
10321,40250
10211,40103
10298,40211
10273,40118
10218,40068
10339,40234
10261,40226
10223,40188
10314,40181
10257,39990
10291,40214
10289,40250
10245,40002
10230,40159
10264,40169
10241,40246
10326,40236
10214,39967
10215,40242
10248,40009
10229,40233
10276,40216
10236,40134
10199,39986
10323,40232
10225,40138
10275,40244
10286,40251
10339,40166
10316,40279
10256,40103
10328,40158
10198,40185
10289,40134
10266,40215
10207,40240
10294,40142
10365,40214
10312,40094
10203,40068
10235,40264
10301,40239
10191,39984
10244,40190
10210,40167
10290,40121
10253,40195
10251,40223
10285,40015
10265,40262
10357,40168
10300,40245
10240,40101
10225,40214
10274,40121
10222,40110
10346,40160
10306,40229
10281,40064
10258,40249
10296,40188
10386,40194
10252,40268
10221,40250
10219,40278
10247,40100
10216,40233
10319,40157
10194,40105
10228,40165
10293,40145
10312,40282
10308,40139
10269,40177
10340,40199
10303,40093
10250,40043
10235,40180
10243,40173
10212,40261
10278,40234
10292,40235
10224,39964
10265,40066
10299,40130
10242,40283
10345,40155
10306,40169
10234,39991
10197,40097
10249,40098
10283,40226
10321,40171
10311,40179
10296,40248
10186,39995
10220,40107
10219,40082
10318,40232
10261,40179
10367,40232
10270,40244
10268,40156
10196,40030
10303,40273
10231,40259
10317,40252
10205,40259
10324,40155
10267,40224
10215,40163
10336,40218
10389,40192
10313,40181
10204,40105
10320,40154
10279,40145
10211,40016
10332,40230
10254,40278
10195,40144
10282,40262
10295,40247
10256,40278
10257,40099
10291,40163
10342,40237
10217,40165
10245,40247
10207,40161
10226,39990
10241,40067
10366,40192
10363,40245
10361,40229
10214,40074
10338,40180
10248,40180
10229,40126
10210,40246
10313,40241
10238,40057
10253,40180
10236,40025
10199,40263
10288,40184
10357,40249
10279,40213
10260,40099
10225,40007
10188,40013
10275,40097
10309,40237
10307,40245
10304,40198
10282,40090
10316,40138
10328,40233
10198,40052
10216,40152
10247,40277
10217,40225
10266,40090
10259,40026
10294,40261
10271,40182
10250,40282
10338,40248
10244,40289
10278,40165
10288,40196
10285,40132
10213,40050
10300,40008
10334,40220
10274,40012
10222,40245
10202,40010
10234,40198
10341,40189
10284,40232
10209,40099
10353,40198
10258,40108
10330,40151
10221,40111
10319,40230
10280,40167
10228,40040
10270,40167
10271,40266
10269,40262
10243,40278
10212,40136
10292,40126
10255,39978
10359,40175
10299,40031
10262,40257
10227,39969
10190,40023
10242,40110
10208,40087
10345,40256
10302,40021
10249,39983
10197,40246
10283,40095
10321,40032
10211,40193
10234,40122
10254,40033
10239,40150
10330,40203
10220,39966
10218,39994
10261,40056
10295,40132
10280,40227
10268,40279
10237,40191
10196,40161
10230,40037
10245,40184
10246,40259
10324,40046
10287,40282
10267,40125
10233,40112
10248,40227
10313,40034
10276,40050
10347,40162
10204,39996
10236,40232
10199,40084
10376,40211
10320,40277
10279,40010
10297,40194
10272,40097
10304,40149
10305,40204
10195,40029
10223,40202
10310,40084
10291,40044
10289,39980
10217,40018
10207,40042
10226,40109
10203,40238
10214,40193
10301,40053
10210,40013
10347,40238
10253,40041
10288,40051
10251,40057
10238,40164
10322,40171
10297,40126
10260,40246
10240,40015
10274,40223
10275,39978
10309,40082
10232,40227
10263,40110
10281,39998
10335,40183
10316,40061
10252,39990
10198,40195
10216,40003
10319,40055
10266,40033
10194,40015
10259,40167
10228,40255
10293,40055
10271,40059
10200,40099
10201,40078
10235,40030
10250,40129
10187,40010
10322,40239
10265,40024
10213,40167
10299,40236
10262,40080
10327,40149
10202,40145
10344,40166
10249,40216
10284,40099
10277,39977
10221,39972
10219,39996
10193,40120
10333,40258
10280,40018
10314,40218
10270,40018
10268,40038
10200,40223
10246,40050
10231,40165
10212,40051
10205,40169
10224,40194
10255,40127
10324,40253
10287,40107
10336,40164
10189,40009
10227,40106
10208,39970
10302,40128
10211,40074
10239,40283
10273,40105
10218,40097
10305,40029
10339,40241
10261,40205
10295,40025
10223,40155
10314,40158
10257,40009
10291,40253
10289,40221
10237,40052
10245,40045
10230,40176
10264,40078
10241,40233
10329,40271
10326,40193
10214,40048
10267,39990
10215,40201
10233,39997
10229,40276
10276,40165
10290,40270
10185,39977
10236,40099
10199,39977
10323,40207
10387,40205
10298,40112
10275,40219
10286,40220
10232,40178
10282,39984
10316,40236
10256,40124
10310,40195
10198,40146
10289,40153
10266,40240
10351,40218
10294,40163
10203,40123
10301,40202
10191,40031
10210,40128
10350,40250
10290,40082
10253,40222
10251,40178
10285,40042
10300,40210
10240,40154
10274,40082
10222,40083
10281,40107
10353,40172
10296,40161
10252,40105
10221,40277
10247,40003
10360,40243
10319,40184
10194,40130
10228,40066
10293,40188
10312,40255
10308,40144
10200,39982
10269,40172
10250,40052
10235,40171
10243,40176
10278,40207
10206,40077
10292,40272
10224,40177
10255,40268
10325,40245
10265,40101
10299,40121
10262,39983
10345,40190
10306,40066
10249,40069
10197,40076
10283,40249
10321,40078
10277,40286
10296,40221
10220,40256
10218,40272
10219,40105
10318,40141
10261,40158
10337,40264
10333,40151
10268,40185
10237,40261
10196,39995
10303,40252
10317,40215
10264,40285
10363,40172
10287,39996
10267,40263
10215,40190
10313,40152
10204,40134
10302,40271
10320,40191
10321,40266
10211,39991
10388,40193
10332,40259
10286,40175
10282,40291
10223,40044
10257,40134
10291,40070
10342,40198
10379,40200
10230,40271
10207,40076
10241,40102
10363,40232
10361,40200
10214,40175
10233,40266
10229,40153
10248,40153
10210,40211
10313,40212
10238,40002
10253,40143
10236,39990
10288,40157
10357,40228
10260,40072
10225,40026
10188,39978
10275,40068
10309,40264
10307,40280
10304,40251
10232,40061
10281,40276
10282,40103
10328,40270
10198,40041
10216,40189
10217,40260
10266,40071
10259,40001
10207,40256
10312,40174
10203,39988
10201,39972
10235,40248
10338,40213
10244,40078
10278,40190
10288,40217
10285,40159
10213,40029
10300,40101
10334,40225
10274,39977
10222,40222
10202,40055
10306,40277
10307,40084
10341,40152
10284,40261
10209,40070
10353,40217
10258,40265
10296,40044
10330,40176
10221,40138
10319,40269
10293,40257
10270,40072
10308,40027
10271,40273
10269,40289
10303,40173
10212,40149
10292,40155
10224,40044
10359,40202
10227,40004
10242,40139
10208,40076
10234,40103
10249,39986
10197,40209
10321,40059
10283,40114
10311,40067
10239,39997
10254,40074
10330,40244
10220,39995
10273,40055
10305,40187
10318,40280
10261,40035
10295,40163
10280,40264
10270,40260
10268,40268
10237,40154
10196,40142
10245,40067
10246,40292
10317,40076
10287,40257
10267,40144
10215,40051
10233,40091
10248,40200
10276,40031
10347,40185
10204,40025
10236,40197
10199,40179
10373,40176
10279,40097
10355,40199
10272,40070
10286,40058
10304,40138
10305,40231
10195,40000
10217,40053
10245,40263
10207,40049
10331,40199
10226,40070
10241,39987
10214,40218
10301,40016
10229,39982
10176,40022
10290,40056
10253,40004
10288,40008
10251,40028
10199,40247
10238,40137
10380,40186
10297,40097
10260,40211
10240,40036
10222,40041
10275,39985
10263,40069
10232,40200
10209,40279
10316,40026
10216,40040
10194,40040
10259,40138
10228,40228
10308,40202
10271,40070
10200,40136
10201,40113
10250,40234
10243,39978
10315,40035
10278,40053
10206,39979
10343,40240
10322,40264
10285,40276
10265,40003
10213,40130
10299,40195
10262,40181
10202,40186
10197,40034
10284,40120
10277,39988
10258,39996
10273,40256
10221,39999
10219,40019
10318,40043
10193,40019
10280,40055
10270,40055
10200,40196
10246,40087
10212,40024
10205,40068
10255,40026
10324,40218
10287,40086
10336,40153
10262,40241
10242,40030
10227,40145
10348,40197
10283,39983
10211,40081
10298,40281
10239,40102
10272,40277
10273,40076
10218,40010
10305,40048
10339,40212
10295,40052
10223,40134
10257,40044
10291,40224
10237,40047
10230,40085
10264,40115
10326,40186
10361,40166
10214,40021
10267,39981
10276,40130
10236,40088
10260,40034
10298,40093
10286,40193
10232,40151
10263,40282
10282,40029
10316,40201
10256,40017
10310,40228
10328,40168
10198,40119
10289,40124
10351,40193
10201,40258
10301,40165
10315,40272
10210,39997
10350,40223
10290,40175
10251,40137
10322,40059
10300,40207
10225,40268
10240,40191
10274,40079
10222,40180
10202,40205
10307,40014
10341,40254
10281,40014
10335,40199
10296,40134
10252,40070
10247,40030
10360,40216
10319,40167
10194,40159
10259,40279
10228,40111
10293,40167
10312,40196
10308,40189
10200,40019
10250,40017
10235,40142
10243,40087
10315,40092
10206,40086
10224,40150
10325,40208
10265,40136
10299,40092
10227,40222
10327,40261
10197,40183
10277,40121
10296,40194
10219,40140
10374,40208
10318,40182
10261,40121
10337,40227
10333,40178
10367,40210
10268,40086
10196,39968
10303,40219
10231,40085
10264,40258
10205,40217
10215,40149
10204,40163
10302,40272
10239,40235
10286,40144
10362,40250
10195,40218
10223,40011
10256,40192
10257,40153
10291,40109
10342,40219
10207,40107
10241,40281
10363,40207
10214,40128
10248,39998
10229,40132
10210,40204
10253,40106
10279,40271
10260,40181
10225,40125
10240,40206
10275,40171
10309,40275
10232,40034
10282,40128
10256,40140
10384,40209
10184,40014
10198,40002
10216,40066
10247,40207
10266,40096
10194,40206
10294,40083
10312,40179
10203,39979
10235,40223
10338,40206
10244,40107
10278,40147
10210,40112
10251,40258
10285,40186
10265,40217
10213,39992
10300,40066
10334,40266
10222,40195
10306,40270
10284,40290
10209,40057
10258,40290
10296,40017
10252,40249
10221,40165
10247,40147
10337,40188
10228,39986
10270,40109
10308,40032
10269,40092
10303,40136
10243,40192
10212,40242
10205,39978
10206,40221
10292,40128
10224,40001
10359,40225
10227,40043
10190,39965
10242,40164
10208,40161
10234,40064
10283,40265
10355,40174
10277,40238
10311,40094
10254,40111
10330,40273
10220,40144
10273,40042
10261,40014
10295,40094
10369,40216
10370,40179
10257,40202
10237,40245
10196,40107
10230,39987
10245,40110
10317,40167
10192,40111
10364,40179
10267,40183
10215,40014
10233,40190
10208,40237
10204,40054
10199,40174
10320,40079
10279,40124
10355,40234
10298,40051
10272,40059
10286,40031
10304,40175
10305,40282
10195,40103
10295,40258
10217,40088
10245,40290
10207,39964
10331,40250
10226,40035
10241,40150
10301,40011
10248,40105
10229,40009
10233,40250
10290,40021
10253,40031
10238,40146
10251,39987
10199,40210
10288,40109
10297,40068
10225,39978
10222,40018
10309,40152
10263,40032
10209,40266
10252,40040
10356,40195
10266,39991
10259,40113
10293,39997
10331,40166
10312,40062
10308,40215
10271,40109
10200,40173
10201,40020
10250,40247
10243,39985
10244,40222
10278,40014
10206,40012
10343,40207
10265,40038
10213,40109
10262,40174
10202,40167
10234,40275
10197,40013
10284,40149
10209,40182
10258,40153
10221,40026
10219,40054
10333,40216
10280,40092
10370,40194
10268,39992
10200,40233
10269,40209
10303,40061
10231,39999
10246,40104
10212,40101
10205,40127
10292,40011
10255,40001
10183,39987
10324,40199
10287,40189
10262,40234
10242,40059
10227,40180
10208,40060
10348,40226
10283,40130
10298,40258
10311,40211
10239,40077
10254,39994
10272,40266
10220,40011
10273,40167
10218,40023
10305,40043
10223,40109
10314,40068
10237,40010
10196,40254
10230,40078
10264,40024
10226,40274
10329,40213
10382,40201
10326,40159
10287,40241
10267,40000
10276,40111
10348,40166
10199,40035
10373,40192
10279,39985
10297,40277
10260,40015
10298,40070
10275,40261
10272,40182
10304,40058
10232,40124
10195,39984
10263,40241
10282,40038
10256,40054
10310,40249
10198,40104
10289,40087
10351,40172
10301,40128
10191,40033
10244,40013
10350,40192
10290,40136
10238,40281
10251,40108
10300,40292
10222,40153
10202,40246
10307,40021
10341,40217
10263,40181
10281,40017
10335,40226
10252,40163
10247,40053
10360,40189
10194,40184
10259,40250
10228,40276
10293,40066
10308,40090
10200,40056
10250,40122
10243,40122
10315,40179
10206,40123
10224,40107
10187,39985
10255,40214
10265,40179
10213,40274
10262,40037
10227,40197
10306,40024
10344,40219
10197,40146
10284,40008
10277,40068
10258,40012
10296,40295
10273,40240
10218,40198
10219,40163
10261,40100
10337,40198
10333,40173
10268,40115
10340,40170
10246,39975
10231,40112
10317,40269
10212,39976
10205,40244
10255,40138
10215,40112
10336,40265
10189,39988
10204,40216
10321,40192
10211,40161
10385,40194
10239,40246
10286,40117
10218,40154
10362,40231
10358,40188
10195,40193
10261,40280
10223,39990
10256,40229
10257,40188
10291,40272
10289,40256
10230,40197
10207,40118
10214,39973
10229,40175
10313,40258
10276,40274
10290,40251
10253,40069
10260,40146
10225,40080
10188,39964
10240,40227
10332,40153
10275,40142
10232,40007
10281,40194
10282,40173
10316,40089
10256,40161
10184,40019
10198,39975
10216,40103
10247,40234
10266,40269
10207,40202
10294,40116
10312,40152
10203,40142
10301,40277
10244,40112
10315,40224
10278,40116
10210,40109
10253,40265
10288,40275
10251,40281
10285,40085
10265,40252
10300,40191
10274,40191
10307,40158
10281,40158
10209,40028
10296,40118
10252,40214
10221,40192
10219,40208
10247,40174
10337,40151
10228,40159
10293,40215
10270,40118
10269,40119
10303,40151
10235,40126
10243,40231
10212,40223
10349,40160
10206,40230
10292,40173
10224,39974
10364,40228
10325,40064
10242,40193
10208,40134
10327,40245
10234,40045
10249,40184
10277,40201
10239,40039
10254,40144
10220,40173
10273,40013
10362,40182
10295,40117
10370,40172
10257,40237
10268,40198
10237,40208
10196,40080
10231,40197
10192,40132
10364,40168
10267,40170
10215,39973
10233,40161
10208,40194
10204,40083
10199,40133
10302,40224
10279,40091
10211,40042
10298,40028
10254,40204
10272,40016
10286,40000
10304,40068
10394,40202
10195,40074
10282,40220
10369,40191
10310,40039
10291,40157
10342,40171
10217,40099
10245,40205
10207,39995
10226,40060
10241,40137
10381,40200
10214,40272
10248,40078
10229,40052
10233,40221
10253,39994
10288,40066
10238,40119
10199,40201
10378,40204
10323,40047
10297,40047
10275,40059
10309,40163
10307,40207
10304,40256
10263,40031
10371,40205
10209,40237
10252,40005
10356,40232
10266,40144
10259,40084
10294,40195
10308,40252
10271,40136
10203,40027
10201,40063
10250,40208
10244,40251
10315,40029
10349,40209
10206,40017
10343,40170
10285,40202
10213,40072
10262,40131
10300,40050
10334,40154
10274,40050
10234,40252
10284,40178
10277,40058
10209,40169
10258,40178
10221,40053
10356,40172
10319,40216
10333,40243
10280,40097
10270,39997
10271,40204
10269,40204
10303,40024
10231,40026
10246,40141
10212,40066
10352,40211
10205,40026
10292,40048
10255,40044
10183,40014
10287,40152
10262,40207
10227,39963
10242,40084
10208,40017
10345,40222
10249,40037
10234,40176
10283,40153
10311,40238
10254,40031
10239,40168
10272,40239
10220,40032
10273,40154
10218,40048
10358,40218
10305,40078
10223,40072
10314,40033
10237,40101
10196,40219
10230,40099
10245,39998
10246,40201
10317,40055
10264,40061
10192,39999
10226,40239
10329,40248
10180,40027
10287,40220
10267,40039
10233,40046
10276,40116
10236,40274
10199,40030
10320,40223
10297,40248
10298,40163
10272,40171
10232,40097
10263,40236
10372,40193
10223,40268
10310,40146
10198,40077
10289,40042
10217,39976
10354,40241
10294,40018
10241,40006
10226,40179
10201,40200
10301,40123
10244,40042
10210,40051
10238,40226
10288,39997
10251,40067
10285,39995
10323,40184
10300,40257
10297,40180
10274,40261
10222,40130
10309,40040
10307,40056
10263,40144
10281,40052
10371,40182
10252,40184
10259,40225
10293,40109
10368,40220
10365,40166
10308,40103
10271,39997
10200,40093
10269,40029
10201,40132
10250,40071
10243,40001
10315,40150
10206,40156
10224,40064
10255,40253
10213,40253
10299,40278
10262,40030
10227,40232
10202,40087
10346,40208
10306,40053
10344,40224
10249,40278
10197,39997
10284,40037
10277,40175
10311,40031
10258,40041
10296,40268
10220,40215
10273,40235
10218,40227
10261,40079
10280,39980
10314,40272
10268,40104
10340,40183
10246,39992
10231,40111
10264,40204
10212,39989
10205,40239
10224,40268
10255,40177
10287,40045
10215,40079
10204,40245
10302,40094
10283,40018
10321,40219
10211,40132
10298,40242
10239,40221
10286,40094
10218,40167
10362,40192
10261,40259
10223,39965
10256,40250
10289,40283
10237,39994
10230,40254
10354,40160
10264,40136
10241,40215
10326,40271
10214,39998
10215,40275
10248,40040
10229,40202
10210,40258
10276,40255
10290,40212
10236,40165
10260,39999
10225,40171
10240,40280
10332,40182
10275,40149
10286,40282
10232,39980
10281,40229
10282,40182
10256,40070
10310,40265
10289,40167
10207,40209
10294,40105
10203,40165
10338,40260
10301,40240
10244,40157
10315,40199
10278,40073
10210,40070
10350,40176
10253,40228
10251,40252
10285,40112
10265,40231
10300,40148
10240,40068
10225,40247
10274,40152
10222,40265
10306,40196
10307,40165
10281,40161
10209,39991
10258,40216
10296,40091
10221,40219
10219,40247
10247,40069
10216,40200
10228,40132
10293,40242
10269,40146
10340,40230
10235,40085
10243,40138
10278,40277
10349,40187
10206,40267
10292,40202
10224,39995
10364,40193
10325,40171
10299,40163
10242,40250
10190,39979
10327,40208
10306,40136
10234,40022
10249,40131
10283,40195
10321,40148
10277,40212
10311,40144
10239,40002
10186,40026
10254,40181
10220,40074
10181,39970
10318,40203
10257,40256
10270,40215
10268,40227
10237,40203
10196,40061
10231,40224
10317,40157
10324,40186
10267,40193
10233,40132
10248,40279
10336,40249
10313,40086
10204,40072
10302,40197
10279,40182
10211,40049
10332,40197
10254,40241
10272,39989
10195,40177
10282,40249
10295,40212
10310,40056
10257,40076
10291,40128
10217,40134
10245,40232
10207,40134
10226,40025
10241,40172
10366,40227
10214,40117
10248,40083
10229,40095
10233,40192
10380,40201
10238,40088
10288,40167
10236,40056
10357,40218
10279,40250
10297,40018
10260,40258
10225,40032
10275,40030
10309,40206
10307,40210
10263,39994
10371,40208
10209,40192
10316,40169
10328,40200
10216,39991
10217,40194
10266,40189
10259,40059
10294,40228
10254,40142
10271,40151
10203,40062
10201,40034
10244,40256
10349,40236
10206,40058
10288,40227
10285,40229
10213,40083
10300,40047
10334,40191
10274,40047
10202,39981
10234,40217
10284,40207
10277,40005
10209,40140
10353,40231
10258,40079
10221,40080
10374,40180
10319,40199
10193,39980
10333,40238
10280,40134
10228,40015
10383,40197
10270,40134
10271,40235
10269,40231
10231,40049
10246,40166
10212,40175
10352,40168
10205,40053
10292,40093
10287,40135
10325,40048
10299,40060
10262,40288
10227,39998
10242,40113
10208,40118
10345,40225
10302,40052
10249,40008
10234,40157
10283,40188
10376,40182
10211,40254
10311,40261
10254,40000
10239,40183
10272,40196
10220,40061
10273,39997
10218,39965
10305,40097
10280,40194
10237,40064
10196,40192
10230,40004
10245,40153
10246,40226
10264,40034
10192,40020
10226,40200
10329,40227
10182,40016
10267,40090
10233,40017
10276,40081
10185,40029
10236,40271
10199,40117
10320,40244
10279,40043
10297,40227
10298,40140
10272,40128
10232,40070
10195,40058
10263,40203
10223,40235
10310,40183
10291,40013
10289,40013
10217,39987
10354,40202
10207,40011
10331,40257
10294,40055
10241,40057
10226,40140
10368,40181
10203,40207
10201,40243
10214,40224
10301,40086
10244,40055
10210,40044
10347,40207
10290,39998
10238,40199
10251,40038
10322,40138
10323,40159
10297,40159
10240,39982
10274,40254
10222,39975
10309,40051
10232,40258
10263,40143
10335,40148
10252,40149
10198,40226
10247,39983
10266,40000
10194,39982
10259,40196
10228,40222
10293,40008
10308,40268
10271,40024
10200,40066
10269,40056
10201,40175
10235,40063
10250,40160
10243,40036
10206,40161
10325,40257
10322,40206
10375,40216
10265,39993
10213,40216
10299,40269
10262,40115
10227,40271
10327,40186
10202,40112
10346,40253
10306,40046
10249,40249
10284,40066
10277,40138
10311,40058
10220,40236
10273,40206
10219,39965
10280,39985
10314,40253
10270,40013
10268,40005
10340,40156
10246,40029
10231,40138
10264,40241
10205,40138
10329,40172
10255,40092
10224,40225
10287,40008
10227,40075
10204,40274
10302,40163
10320,40035
10283,40041
10321,40254
10211,40107
10298,40223
10286,40067
10218,40064
10339,40238
10261,40238
10223,40184
10314,40177
10257,39978
10291,40218
10289,40254
10245,40014
10230,40147
10354,40189
10264,40173
10241,40202
10326,40224
10215,40238
10248,40013
10229,40245
10276,40196
10236,40130
10323,40236
10225,40142
10275,40248
10286,40255
10339,40170
10316,40275
10256,40091
10310,40290
10184,39965
10198,40189
10289,40186
10266,40211
10207,40252
10351,40251
10294,40130
10365,40210
10312,40066
10203,40088
10235,40268
10301,40235
10191,39996
10244,40186
10315,40218
10210,40163
10290,40117
10253,40255
10251,40211
10285,40011
10265,40266
10357,40180
10300,40241
10225,40202
10240,40121
10274,40117
10222,40114
10346,40172
10306,40225
10281,40068
10209,39978
10258,40245
10296,40064
10252,40264
10221,40246
10219,40266
10247,40096
10216,40237
10319,40153
10228,40161
10293,40157
10312,40286
10269,40141
10340,40195
10303,40089
10235,40072
10243,40145
10212,40257
10278,40238
10292,40247
10325,40150
10265,40070
10299,40134
10242,40279
10327,40207
10345,40159
10306,40165
10234,39987
10249,40102
10197,40109
10283,40230
10321,40175
10311,40175
10296,40252
10186,39975
10220,40103
10181,40013
10219,40086
10318,40236
10261,40191
10257,40283
10270,40248
10268,40152
10196,40026
10303,40285
10317,40248
10324,40167
10267,40228
10215,39967
10336,40222
10389,40204
10313,40185
10204,40101
10320,40158
10279,40141
10211,40020
10332,40226
10254,40282
10272,39978
10195,40148
10282,40258
10295,40243
10256,40266
10257,40103
10291,40167
10342,40225
10217,40169
10245,40243
10207,40173
10226,39986
10241,40071
10366,40196
10381,40190
10361,40233
10214,40078
10338,40176
10248,40184
10229,40122
10210,40242
10313,40245
10238,40061
10253,40176
10236,40021
10199,40259
10288,40188
10357,40197
10279,40209
10260,40111
10225,40059
10188,40009
10275,40101
10309,40233
10307,40249
10304,40218
10282,40070
10328,40237
10216,40156
10247,40273
10217,40229
10266,40166
10259,40030
10294,40281
10271,40178
10250,40262
10338,40244
10343,40156
10288,40248
10285,40128
10213,40062
10300,40004
10334,40192
10274,40008
10222,40249
10202,40022
10234,40194
10341,40185
10284,40228
10209,40103
10353,40250
10258,40104
10330,40147
10221,40107
10319,40226
10280,40171
10228,40052
10270,40171
10271,40246
10269,40258
10231,40044
10246,40187
10243,40282
10212,40180
10292,40122
10255,39990
10359,40171
10299,40019
10262,40261
10227,39973
10190,40027
10242,40106
10208,40107
10302,40025
10249,40019
10234,40134
10283,40083
10321,40036
10211,40197
10311,40288
10254,40037
10239,40146
10330,40215
10220,39962
10218,39974
10305,40132
10295,40128
10280,40231
10268,40275
10237,40187
10196,40173
10230,40057
10245,40164
10246,40263
10192,40041
10287,40294
10267,40113
10233,40116
10248,40231
10313,40038
10276,40062
10347,40166
10204,39992
10236,40228
10199,40080
10376,40215
10320,40265
10279,40006
10297,40198
10272,40101
10305,40192
10195,40033
10223,40214
10310,40072
10291,40048
10217,40022
10207,40022
10294,40040
10226,40105
10368,40170
10203,40226
10214,40197
10301,40049
10210,40009
10347,40226
10253,40037
10288,40055
10251,40061
10238,40168
10322,40167
10297,40130
10260,40242
10240,40003
10274,40219
10275,39982
10309,40094
10263,40106
10232,40231
10335,40179
10316,40057
10252,39986
10198,40199
10216,40007
10319,40051
10266,40045
10194,40011
10259,40171
10228,40251
10293,40051
10271,40039
10200,40103
10201,40082
10235,40018
10250,40141
10187,40014
10322,40235
10265,40028
10213,40163
10299,40224
10262,40084
10327,40145
10202,40157
10344,40170
10249,40220
10284,40095
10277,40149
10273,40289
10221,39968
10219,39984
10193,40124
10280,40022
10314,40198
10270,40022
10268,40034
10246,40054
10231,40161
10212,40063
10205,40165
10224,40198
10255,40123
10324,40249
10287,40119
10336,40184
10189,40005
10227,40110
10208,39974
10204,40271
10302,40132
10320,40056
10211,40078
10239,40263
10273,40109
10218,40109
10305,40017
10339,40245
10261,40201
10295,40021
10223,40167
10314,40154
10257,40013
10291,40193
10289,40209
10237,40048
10245,40041
10230,40180
10264,40082
10241,40237
10329,40275
10326,40197
10214,40052
10215,40197
10248,40018
10229,40272
10276,40161
10290,40266
10185,39981
10236,40127
10199,39973
10323,40211
10387,40209
10298,40124
10275,40223
10286,40224
10232,40182
10339,40177
10282,39996
10316,40232
10256,40112
10310,40199
10198,40150
10289,40157
10266,40252
10351,40230
10294,40167
10365,40205
10203,40127
10301,40198
10191,40027
10210,40156
10290,40078
10253,40218
10251,40182
10285,40038
10300,40238
10240,40158
10274,40110
10222,40087
10281,40111
10353,40160
10296,40165
10252,40101
10221,40273
10216,40242
10247,40127
10360,40247
10194,40126
10228,40078
10293,40184
10312,40227
10308,40156
10200,39986
10269,40168
10250,40048
10235,40175
10243,40180
10278,40195
10292,40284
10224,40181
10255,40264
10325,40241
10265,40105
10299,40125
10345,40162
10306,40094
10249,40073
10197,40072
10283,40253
10321,40066
10277,40282
10296,40225
10220,40124
10218,40284
10219,40109
10318,40145
10261,40154
10337,40268
10333,40147
10268,40181
10237,40257
10196,40007
10303,40248
10317,40211
10324,40140
10287,39992
10267,40283
10215,40186
10313,40156
10204,40130
10320,40179
10321,40270
10211,39995
10388,40205
10286,40179
10295,40238
10223,40040
10257,40122
10291,40074
10342,40250
10379,40204
10230,40259
10207,40072
10241,40122
10363,40236
10361,40204
10214,40163
10338,40173
10233,40270
10229,40101
10248,40157
10210,40239
10313,40216
10238,40006
10253,40139
10236,39986
10288,40145
10357,40224
10260,40084
10225,40030
10188,39974
10275,40072
10309,40244
10307,40284
10304,40255
10281,40280
10282,40099
10328,40274
10198,40045
10216,40161
10217,40264
10266,40067
10259,40005
10207,40268
10201,39976
10235,40252
10338,40209
10244,40074
10278,40178
10288,40221
10251,40291
10285,40155
10213,40025
10300,40097
10334,40229
10222,40226
10202,40051
10306,40273
10307,40088
10284,40257
10209,40090
10353,40221
10258,40261
10296,40048
10330,40188
10221,40134
10319,40265
10280,40176
10293,40269
10270,40076
10271,40285
10303,40169
10243,40289
10212,40145
10292,40103
10224,40032
10359,40198
10227,40008
10242,40135
10208,40064
10234,40099
10249,39990
10197,40221
10321,40063
10283,40118
10239,39993
10254,40078
10330,40240
10220,39991
10305,40191
10318,40284
10261,40047
10295,40191
10280,40268
10270,40264
10268,40264
10237,40150
10196,40138
10245,40079
10246,40280
10317,40072
10264,39980
10287,40269
10267,40148
10215,40047
10233,40095
10248,40204
10276,40027
10347,40189
10204,40021
10236,40193
10199,40079
10373,40188
10279,40029
10355,40203
10272,40090
10286,40062
10304,40142
10305,40251
10195,40004
10289,39995
10217,40057
10245,40259
10207,40061
10331,40219
10226,40066
10241,39991
10214,40222
10301,40044
10229,39978
10347,40249
10290,40052
10253,40000
10288,40012
10251,40016
10199,40243
10238,40141
10380,40182
10297,40101
10260,40223
10240,40056
10222,40045
10275,39989
10263,40065
10232,40204
10216,40044
10194,40036
10259,40142
10228,40224
10271,40066
10200,40140
10201,40117
10235,40009
10250,40150
10243,39982
10315,40039
10278,40041
10206,39983
10343,40236
10322,40260
10285,40272
10265,40007
10213,40142
10299,40199
10262,40073
10202,40134
10197,40046
10284,40116
10277,39984
10258,39992
10273,40260
10221,39995
10219,40023
10318,40047
10193,40023
10280,40059
10270,40059
10200,40200
10246,40075
10212,40004
10205,40064
10255,40102
10224,40219
10324,40230
10287,40082
10336,40157
10262,40245
10242,40026
10227,40149
10348,40193
10211,40085
10298,40293
10239,40098
10273,40064
10218,40118
10305,40052
10339,40216
10295,40048
10223,40130
10257,40032
10291,40228
10237,40043
10245,40052
10230,40169
10264,40119
10326,40190
10361,40170
10214,40009
10233,39972
10276,40142
10185,39984
10236,40084
10260,40046
10298,40089
10275,40290
10286,40197
10304,40025
10232,40155
10263,40278
10339,40148
10282,40025
10316,40197
10256,40021
10310,40216
10328,40172
10198,40139
10289,40112
10351,40205
10201,40262
10301,40161
10191,40006
10244,39980
10315,40276
10210,39993
10350,40227
10290,40171
10251,40141
10322,40055
10300,40203
10225,40256
10240,40179
10274,40075
10222,40184
10202,40201
10341,40250
10281,40114
10335,40195
10353,40187
10296,40138
10252,40066
10247,40026
10360,40220
10319,40163
10194,40155
10259,40283
10228,40107
10293,40163
10312,40200
10308,40185
10200,40023
10250,40029
10235,40130
10243,40091
10315,40080
10206,40090
10224,40138
10325,40220
10265,40140
10299,40080
10327,40257
10197,40179
10284,39983
10277,40101
10296,40198
10220,40281
10219,40128
10374,40212
10318,40186
10261,40133
10337,40231
10367,40222
10268,40082
10196,39980
10303,40199
10231,40081
10264,40262
10205,40213
10215,40145
10204,40191
10302,40276
10211,39966
10254,40288
10286,40148
10195,40222
10223,40023
10256,40196
10257,40157
10291,40113
10342,40223
10289,40289
10207,40087
10241,40285
10363,40195
10214,40132
10229,40128
10210,40200
10238,39979
10253,40102
10236,39983
10279,40267
10260,40177
10225,40113
10240,40194
10275,40175
10309,40287
10307,40291
10232,40038
10281,40291
10282,40140
10256,40128
10198,40006
10216,40070
10247,40203
10217,40275
10266,40108
10194,40202
10294,40087
10312,40183
10203,39983
10235,40211
10338,40202
10244,40087
10278,40151
10378,40188
10251,40262
10285,40182
10265,40221
10213,39972
10300,40094
10334,40270
10222,40199
10306,40266
10284,40286
10209,40061
10258,40286
10296,40021
10252,40245
10221,40161
10216,40258
10247,40143
10337,40176
10228,39998
10270,40081
10308,40044
10269,40088
10303,40180
10243,40196
10212,40254
10205,39974
10206,40193
10292,40140
10224,40005
10227,40047
10190,40033
10242,40160
10208,40165
10234,40076
10283,40269
10355,40178
10277,40234
10311,40090
10254,40115
10220,40140
10273,40046
10318,40257
10261,40010
10295,40090
10369,40220
10280,40273
10257,40206
10268,40293
10237,40241
10196,40119
10230,39991
10245,40106
10317,40163
10182,39971
10267,40139
10215,40010
10233,40066
10248,40209
10208,40225
10204,40050
10199,40170
10320,40067
10279,40120
10355,40238
10298,40063
10272,40063
10286,40035
10304,40163
10305,40286
10195,40107
10295,40286
10217,40092
10331,40254
10226,40095
10241,39978
10301,40007
10233,40254
10229,40021
10176,40015
10248,40109
10290,40017
10253,40027
10288,40097
10251,39991
10199,40238
10238,40150
10297,40072
10260,40196
10225,39982
10222,40022
10263,40060
10209,40270
10252,40036
10216,40049
10356,40207
10266,39987
10259,40117
10331,40186
10312,40034
10308,40211
10271,40105
10200,40177
10201,40024
10250,40243
10243,39989
10244,40218
10315,40058
10278,40002
10206,39984
10343,40203
10265,40042
10213,40105
10262,40162
10202,40163
10197,40009
10284,40145
10258,40149
10221,40022
10219,40042
10193,40042
10333,40212
10280,40064
10370,40222
10268,39988
10200,40237
10303,40057
10231,39995
10246,40108
10212,40097
10352,40242
10205,40123
10292,40023
10255,40013
10183,39983
10324,40195
10287,40185
10262,40238
10242,40055
10227,40184
10208,40048
10348,40222
10283,40134
10298,40270
10311,40207
10239,40073
10254,39998
10272,40270
10220,40007
10273,40187
10218,40019
10305,40047
10295,40047
10223,40105
10314,40064
10257,40059
10237,40006
10196,40250
10230,40066
10264,40028
10192,39966
10226,40270
10329,40217
10382,40205
10326,40147
10287,40253
10267,40004
10276,40107
10348,40162
10199,40063
10373,40204
10279,39981
10297,40281
10260,40011
10298,40066
10275,40265
10304,40062
10232,40128
10195,39988
10263,40269
10282,40034
10256,40042
10310,40253
10198,40108
10289,40075
10351,40168
10294,39997
10203,40265
10301,40156
10244,40009
10350,40196
10290,40132
10251,40096
10300,40288
10240,40168
10274,40292
10222,40157
10202,40242
10307,40025
10341,40197
10263,40177
10281,40021
10335,40238
10252,40095
10247,40049
10360,40193
10194,40180
10259,40254
10228,40272
10293,40078
10308,40070
10200,40060
10269,39998
10235,39993
10250,40102
10243,40126
10315,40183
10206,40127
10292,40294
10224,40111
10187,39989
10255,40210
10325,40199
10265,40183
10262,40057
10227,40201
10306,40020
10344,40223
10197,40158
10284,40004
10277,40064
10258,40008
10273,40244
10218,40194
10219,40167
10261,40096
10337,40218
10333,40169
10268,40079
10231,40076
10317,40265
10205,40240
10255,40150
10215,40108
10189,39984
10204,40212
10321,40196
10211,40165
10385,40198
10239,40242
10286,40121
10218,40134
10362,40227
10358,40176
10195,40197
10261,40292
10223,39986
10256,40217
10257,40176
10291,40276
10289,40260
10230,40217
10207,40114
10214,40153
10229,40171
10313,40262
10276,40286
10290,40247
10253,40065
10260,40158
10225,40084
10240,40231
10332,40149
10275,40178
10232,40011
10281,40198
10282,40169
10316,40085
10256,40165
10184,40023
10198,39995
10216,40107
10179,39969
10247,40230
10266,40265
10194,40231
10294,40072
10312,40156
10203,40130
10301,40273
10244,40124
10315,40228
10278,40104
10210,40105
10253,40261
10288,40279
10251,40285
10285,40081
10265,40192
10300,40187
10274,40187
10281,40130
10209,40016
10296,40122
10252,40210
10221,40188
10219,40212
10247,40170
10175,40020
10337,40171
10228,40155
10293,40211
10270,40122
10269,40115
10303,40147
10250,39981
10235,40114
10243,40235
10212,40219
10349,40156
10206,40234
10292,40169
10224,40026
10364,40224
10242,40221
10208,40154
10327,40241
10234,40041
10249,40188
10283,40288
10277,40245
10239,40035
10254,40148
10330,40262
10220,40169
10273,40001
10362,40178
10261,39989
10295,40113
10367,40174
10257,40225
10268,40194
10237,40236
10196,40092
10230,39976
10245,40117
10231,40193
10317,40190
10192,40120
10267,40174
10215,39969
10233,40165
10208,40198
10204,40047
10199,40129
10302,40228
10279,40087
10211,40046
10298,40024
10254,40208
10272,40020
10286,40004
10304,40088
10195,40078
10282,40216
10369,40179
10310,40027
10342,40175
10217,40103
10245,40201
10207,39975
10226,40056
10241,40141
10381,40196
10214,40276
10233,40225
10229,40048
10248,40114
10253,39990
10288,40070
10238,40123
10199,40197
10378,40200
10323,40051
10297,40051
10260,40289
10275,40063
10309,40175
10304,40260
10263,40027
10209,40225
10252,40001
10356,40244
10266,40156
10259,40088
10294,40199
10308,40248
10271,40116
10203,40031
10201,40003
10250,40220
10244,40231
10278,39975
10349,40205
10206,40021
10343,40166
10285,40198
10213,40116
10262,40135
10334,40158
10234,40248
10284,40174
10277,40038
10209,40173
10258,40174
10221,40049
10356,40168
10333,40207
10280,40101
10271,40200
10269,40200
10231,40022
10246,40129
10212,40078
10352,40215
10205,40022
10292,40060
10255,40040
10183,40010
10287,40164
10262,40195
10227,39967
10242,40080
10208,40021
10348,40251
10345,40194
10249,40041
10234,40188
10283,40157
10174,40017
10311,40234
10239,40084
10272,40227
10220,40028
10273,40158
10218,40060
10358,40222
10305,40066
10223,40084
10314,40045
10237,40097
10196,40231
10230,40103
10245,39994
10246,40205
10317,40051
10264,40001
10192,39987
10226,40235
10329,40252
10287,40216
10267,40059
10233,40050
10276,40112
10348,40191
10199,40026
10323,40256
10320,40211
10373,40215
10297,40252
10298,40175
10272,40175
10232,40101
10263,40232
10372,40205
10223,40264
10310,40150
10198,40065
10289,40046
10217,39980
10354,40237
10294,40022
10241,40026
10226,40175
10201,40204
10301,40119
10244,40022
10238,40230
10288,39985
10251,40071
10285,39991
10323,40188
10300,40285
10297,40184
10274,40257
10222,40134
10309,40020
10307,40060
10263,40172
10281,40056
10335,40245
10371,40186
10252,40180
10360,40166
10259,40229
10293,40105
10368,40208
10308,40099
10271,39993
10200,40033
10269,40025
10201,40136
10250,40067
10243,40005
10315,40138
10206,40128
10224,40068
10255,40249
10213,40249
10262,40018
10227,40236
10202,40083
10346,40220
10306,40049
10344,40228
10249,40282
10197,39993
10284,40033
10277,40171
10311,40027
10258,40037
10296,40272
10220,40211
10273,40239
10218,40239
10219,40186
10318,40064
10261,40075
10314,40284
10268,40100
10340,40179
10231,40107
10246,39996
10264,40208
10212,39985
10205,40235
10224,40256
10255,40189
10287,40041
10215,40075
10204,40241
10302,40066
10283,40022
10321,40223
10211,40136
10298,40254
10239,40217
10286,40098
10218,40163
10362,40204
10261,40271
10223,39961
10256,40254
10289,40287
10237,39990
10230,40242
10264,40140
10326,40259
10214,39986
10215,40271
10248,40044
10229,40214
10276,40251
10290,40208
10253,40092
10236,40161
10260,39995
10225,40175
10240,40284
10332,40178
10275,40153
10286,40286
10232,39984
10281,40233
10282,40178
10256,40186
10310,40269
10184,39996
10216,40112
10247,40253
10207,40221
10294,40109
10365,40243
10312,40097
10203,40185
10338,40256
10301,40268
10191,39965
10244,40153
10315,40251
10278,40077
10210,40066
10350,40180
10253,40224
10251,40240
10285,40108
10265,40235
10300,40144
10240,40088
10225,40235
10274,40148
10222,40269
10306,40192
10307,40169
10281,40165
10209,40011
10258,40212
10296,40095
10221,40215
10219,40235
10247,40065
10216,40204
10228,40128
10293,40254
10269,40110
10340,40226
10235,40105
10250,39990
10243,40142
10278,40265
10349,40183
10206,40271
10292,40214
10224,39999
10364,40221
10325,40183
10299,40167
10242,40246
10190,39983
10327,40236
10234,40018
10249,40135
10283,40199
10277,40208
10311,40140
10239,40014
10186,40006
10254,40185
10220,40070
10318,40207
10295,40108
10369,40234
10367,40181
10257,40260
10270,40219
10268,40255
10237,40199
10196,40057
10377,40180
10231,40252
10317,40153
10267,40197
10215,39996
10233,40136
10248,40283
10336,40253
10313,40090
10204,40068
10302,40201
10279,40178
10211,40053
10298,40005
10332,40193
10254,40245
10272,40009
10286,39977
10195,40181
10282,40229
10295,40208
10310,40060
10257,40064
10384,40190
10291,40132
10217,40138
10245,40212
10207,40130
10226,40021
10241,40160
10366,40231
10214,40105
10248,40087
10229,40091
10233,40196
10380,40197
10238,40092
10288,40091
10236,40052
10378,40213
10279,40246
10297,40022
10260,40270
10225,40036
10275,40002
10309,40202
10307,40214
10263,39990
10371,40212
10209,40196
10316,40165
10252,40030
10328,40204
10216,39995
10217,40198
10266,40185
10259,40063
10294,40248
10271,40147
10203,40050
10201,40038
10244,40268
10278,39992
10349,40232
10206,40062
10343,40189
10288,40231
10285,40225
10213,40095
10300,40043
10334,40163
10274,40043
10202,39977
10234,40229
10390,40200
10284,40203
10277,40001
10209,40128
10258,40075
10221,40076
10319,40195
10193,39968
10333,40234
10280,40138
10228,40011
10383,40193
10270,40138
10271,40215
10269,40227
10231,40013
10246,40154
10212,40171
10352,40172
10205,40049
10292,40089
10183,40033
10287,40131
10325,40060
10299,40048
10262,40292
10242,40077
10208,40010
10345,40229
10302,40056
10249,40012
10234,40153
10283,40176
10376,40186
10211,40226
10311,40257
10254,40004
10239,40179
10272,40216
10220,40057
10273,39985
10358,40243
10305,40101
10280,40198
10314,40054
10237,40092
10196,40204
10230,40024
10245,40133
10246,40230
10264,40038
10192,40008
10226,40196
10329,40231
10182,40020
10287,40199
10267,40094
10233,40021
10276,40093
10204,39967
10185,40001
10236,40267
10199,40113
10320,40232
10279,40039
10297,40231
10298,40136
10272,40132
10232,40074
10195,40062
10263,40199
10223,40247
10310,40171
10291,40017
10289,40001
10217,39991
10354,40198
10331,40261
10294,40011
10241,40061
10226,40136
10203,40195
10201,40247
10214,40228
10301,40082
10191,40119
10244,40051
10210,40040
10347,40195
10238,40203
10251,40090
10323,40163
10297,40163
10274,40250
10222,39979
10309,40063
10232,40262
10263,40139
10252,40145
10198,40230
10247,39979
10266,40012
10194,39978
10259,40200
10228,40218
10293,40020
10308,40264
10271,40004
10200,40070
10269,40052
10201,40179
10235,40051
10250,40172
10243,40040
10206,40165
10224,40089
10255,40228
10325,40269
10322,40202
10375,40212
10265,39997
10213,40196
10299,40257
10262,40119
10227,40275
10327,40182
10202,40124
10346,40249
10306,40042
10249,40253
10197,39972
10284,40062
10277,40182
10311,40054
10258,40062
10220,40232
10273,40194
10280,39989
10314,40249
10268,40001
10340,40152
10246,40017
10231,40134
10264,40245
10212,39966
10205,40134
10329,40176
10255,40088
10224,40229
10287,40020
10189,40038
10227,40079
10204,40238
10302,40167
10320,40039
10283,40045
10321,40242
10211,40111
10298,40219
10286,40071
10218,40076
10261,40234
10314,40189
10257,39982
10291,40222
10289,40242
10245,40010
10230,40151
10354,40185
10264,40177
10241,40206
10326,40228
10215,40234
10248,40049
10229,40241
10276,40192
10236,40158
10323,40240
10225,40130
10332,40175
10275,40252
10286,40259
10339,40174
10316,40271
10256,40095
10198,40177
10289,40190
10266,40223
10207,40248
10294,40134
10365,40238
10312,40070
10203,40092
10235,40256
10301,40231
10191,39992
10244,40166
10315,40222
10210,40191
10350,40153
10290,40113
10253,40251
10251,40215
10285,40007
10265,40270
10357,40176
10300,40141
10225,40206
10240,40125
10274,40113
10222,40118
10346,40168
10306,40253
10281,40072
10335,40261
10209,39982
10258,40241
10296,40068
10252,40260
10221,40242
10219,40270
10247,40092
10216,40209
10228,40173
10293,40153
10312,40258
10269,40137
10340,40207
10303,40069
10235,40076
10377,40195
10243,40149
10212,40269
10278,40226
10206,40272
10292,40243
10325,40146
10265,40074
10299,40154
10242,40275
10327,40203
10306,40161
10234,39999
10197,40105
10249,40106
10283,40218
10321,40163
10311,40171
10239,40021
10186,39971
10254,40162
10220,40099
10181,40009
10219,40074
10318,40240
10261,40187
10257,40287
10270,40252
10268,40148
10196,40038
10303,40281
10317,40244
10324,40163
10267,40248
10215,39963
10336,40210
10389,40200
10313,40189
10208,40272
10204,40097
10302,40210
10320,40146
10279,40137
10211,40024
10332,40254
10254,40286
10272,39982
10195,40152
10282,40270
10295,40207
10256,40270
10257,40091
10291,40171
10342,40229
10217,40173
10245,40255
10207,40169
10226,39982
10241,40091
10366,40200
10381,40186
10361,40237
10214,40066
10248,40188
10229,40070
10313,40249
10238,40033
10253,40172
10236,40017
10288,40176
10357,40193
10279,40205
10260,40107
10225,40063
10188,40005
10275,40105
10309,40213
10307,40253
10304,40222
10263,39981
10282,40066
10328,40241
10216,40128
10247,40269
10217,40233
10266,40162
10259,40034
10294,40285
10271,40190
10203,40041
10250,40258
10338,40240
10343,40152
10288,40252
10285,40252
10213,40058
10334,40196
10274,40004
10222,40253
10202,40018
10234,40206
10341,40165
10284,40224
10209,40123
10258,40100
10330,40159
10221,40103
10319,40238
10193,39995
10280,40175
10228,40048
10270,40175
10271,40242
10269,40286
10231,40040
10246,40191
10243,40286
10212,40176
10205,40044
10292,40070
10255,39986
10359,40167
10299,40023
10262,40281
10227,39977
10190,40031
10242,40102
10208,40111
10302,40029
10249,40023
10197,40254
10283,40087
10234,40130
10211,40201
10311,40284
10254,40041
10239,40158
10330,40211
10218,39970
10305,40152
10295,40156
10280,40235
10237,40183
10196,40169
10230,40061
10245,40160
10246,40251
10326,40066
10324,40054
10287,40290
10267,40117
10233,40120
10248,40235
10313,40042
10276,40058
10347,40154
10204,39988
10236,40224
10199,40108
10320,40269
10279,40002
10297,40202
10272,40121
10305,40196
10195,40037
10223,40210
10256,39993
10310,40076
10291,40052
10217,40026
10207,40018
10294,40044
10226,40101
10368,40174
10203,40230
10214,40249
10301,40077
10210,40005
10347,40230
10253,40033
10288,40043
10251,40049
10238,40172
10322,40163
10297,40134
10260,40254
10240,40007
10274,40215
10309,40090
10263,40102
10232,40235
10335,40191
10316,40053
10252,39982
10198,40219
10216,40011
10319,40063
10266,40041
10194,40007
10259,40175
10228,40199
10293,40063
10368,40234
10308,40277
10271,40035
10200,40107
10269,40047
10201,40086
10235,40022
10250,40137
10187,40002
10322,40231
10213,40175
10299,40228
10262,40104
10327,40173
10202,40153
10344,40174
10249,40192
10284,40091
10277,40145
10273,40293
10221,39964
10219,39988
10193,40112
10280,40026
10314,40194
10270,40026
10268,40062
10246,40042
10231,40189
10212,40059
10205,40161
10255,40071
10224,40250
10324,40261
10287,40115
10336,40188
10189,40001
10242,39997
10227,40114
10208,39994
10204,40267
10302,40136
10320,40060
10211,40114
10298,40196
10239,40259
10273,40097
10218,40105
10305,40021
10339,40249
10261,40213
10295,40017
10223,40163
10257,40001
10291,40197
10289,40213
10245,40021
10230,40136
10264,40086
10241,40225
10326,40217
10214,40040
10215,40193
10248,40022
10276,40173
10290,40262
10236,40123
10199,39969
10323,40215
10298,40120
10275,40195
10286,40228
10232,40186
10339,40181
10282,39992
10316,40228
10256,40116
10198,40170
10289,40145
10266,40248
10351,40226
10294,40187
10365,40201
10203,40115
10301,40194
10191,39975
10210,40152
10290,40074
10253,40214
10251,40170
10285,40034
10300,40234
10240,40146
10274,40106
10222,40091
10346,40181
10281,40083
10353,40164
10296,40169
10252,40097
10221,40269
10216,40246
10247,40123
10360,40251
10194,40122
10228,40074
10293,40132
10312,40231
10308,40152
10200,39990
10269,40164
10340,40212
10250,40060
10235,40163
10243,40184
10278,40199
10292,40280
10224,40169
10255,40276
10325,40253
10265,40109
10299,40113
10242,40268
10345,40166
10306,40090
10249,40077
10197,40084
10283,40241
10321,40070
10277,40262
10296,40229
10220,40120
10218,40280
10181,40020
10219,40097
10318,40149
10261,40166
10337,40256
10268,40177
10196,40003
10303,40228
10317,40207
10267,40287
10215,40182
10204,40158
10320,40183
10321,40258
10211,39999
10388,40201
10254,40259
10286,40183
10295,40234
10223,40052
10257,40126
10291,40078
10342,40254
10379,40192
10217,40176
10230,40263
10207,40180
10241,40126
10363,40224
10361,40208
10214,40167
10338,40169
10233,40274
10229,40097
10248,40129
10210,40235
10313,40220
10238,40010
10253,40135
10236,40014
10288,40149
10357,40236
10260,40080
10225,40018
10188,39970
10275,40076
10309,40240
10307,40256
10304,40243
10281,40284
10282,40111
10316,40159
10198,40033
10216,40165
10217,40268
10266,40079
10259,40009
10207,40264
10201,39980
10235,40240
10338,40237
10278,40182
10288,40209
10285,40151
10213,40005
10300,40125
10334,40233
10222,40230
10202,40063
10307,40092
10284,40253
10209,40094
10353,40209
10258,40257
10296,40052
10330,40184
10221,40130
10319,40277
10280,40180
10228,39965
10293,40265
10270,40176
10271,40281
10243,40293
10212,40157
10292,40099
10224,40036
10359,40194
10299,40010
10227,40012
10190,40000
10242,40131
10208,40068
10249,39994
10197,40217
10283,40106
10321,40051
10234,40111
10254,40082
10330,40252
10220,39987
10305,40179
10261,40043
10295,40187
10280,40240
10270,40268
10268,40260
10237,40146
10196,40150
10245,40075
10246,40284
10317,40068
10264,39984
10287,40265
10267,40104
10215,40043
10233,40099
10248,40240
10276,40007
10347,40177
10204,40017
10236,40221
10199,40075
10373,40184
10279,40025
10355,40207
10272,40094
10304,40130
10305,40255
10195,40008
10310,40097
10289,39999
10217,40061
10245,40271
10207,40057
10331,40223
10226,40126
10214,40210
10301,40040
10229,39990
10347,40253
10290,40048
10253,40060
10288,40000
10251,40020
10238,40177
10322,40188
10297,40105
10260,40219
10240,40060
10222,40049
10275,39993
10309,40101
10263,40093
10232,40208
10216,40016
10194,40032
10259,40146
10228,40236
10331,40155
10271,40078
10200,40144
10201,40121
10235,40013
10250,40146
10278,40045
10187,40025
10343,40232
10322,40256
10285,40268
10265,40011
10213,40138
10299,40219
10262,40077
10202,40130
10344,40179
10197,40042
10284,40112
10277,39996
10258,39988
10273,40280
10221,39991
10219,40011
10318,40051
10193,40011
10280,40063
10270,40063
10200,40204
10246,40079
10212,40000
10205,40092
10255,40098
10224,40223
10324,40226
10287,40094
10189,40028
10242,40022
10227,40153
10208,39967
10211,40089
10298,40289
10239,40110
10273,40068
10218,40114
10339,40220
10295,40012
10223,40142
10257,40036
10291,40232
10237,40039
10245,40048
10230,40173
10264,40123
10326,40178
10361,40174
10214,40013
10215,40220
10233,39976
10229,40263
10276,40138
10185,39988
10236,40080
10260,40042
10298,40101
10275,40294
10286,40201
10304,40029
10232,40159
10263,40274
10339,40152
10282,40005
10316,40193
10256,40009
10310,40220
10328,40176
10198,40143
10289,40116
10266,40229
10351,40201
10201,40266
10301,40189
10191,40002
10315,40264
10210,39989
10350,40231
10290,40167
10251,40129
10322,40051
10285,40061
10375,40191
10300,40199
10225,40260
10240,40183
10274,40071
10222,40188
10202,40213
10341,40230
10281,40118
10335,40207
10353,40191
10296,40142
10252,40126
10247,40022
10360,40224
10319,40175
10194,40151
10259,40287
10228,40119
10293,40175
10312,40204
10308,40165
10200,40027
10250,40025
10235,40134
10243,40095
10315,40084
10278,40216
10206,40094
10292,40261
10224,40142
10325,40216
10265,40144
10299,40084
10249,40080
10197,40191
10284,39979
10277,40097
10296,40202
10220,40277
10219,40132
10374,40200
10318,40190
10261,40129
10193,40128
10337,40251
10367,40218
10268,40174
10196,39976
10303,40195
10177,39968
10264,40266
10205,40209
10215,40141
10204,40187
10302,40280
10286,40152
10195,40226
10223,40019
10257,40145
10291,40117
10342,40211
10289,40293
10207,40083
10241,40273
10363,40199
10214,40184
10248,39974
10229,40140
10210,40196
10238,39983
10253,40098
10236,39979
10279,40263
10260,40189
10225,40117
10188,39999
10240,40198
10275,40083
10309,40283
10304,40232
10232,40042
10282,40136
10256,40132
10384,40201
10198,40026
10216,40074
10179,39966
10217,40279
10247,40199
10266,40104
10194,40198
10259,39980
10207,40279
10312,40187
10203,39971
10235,40215
10338,40198
10244,40083
10278,40139
10378,40184
10285,40178
10213,39968
10300,40090
10334,40242
10222,40203
10306,40262
10307,40099
10284,40282
10209,40049
10258,40282
10296,40025
10330,40165
10252,40241
10221,40157
10216,40262
10247,40139
10337,40180
10228,39994
10270,40085
10308,40040
10271,40292
10269,40084
10303,40176
10243,40200
10212,40250
10205,39970
10206,40197
10292,40136
10224,40057
10359,40249
10227,40051
10190,40037
10242,40188
10208,40185
10234,40072
10197,40196
10283,40257
10355,40182
10311,40086
10254,40119
10220,40136
10273,40034
10318,40261
10261,40022
10295,40086
10369,40208
10280,40277
10257,40194
10270,40273
10268,40289
10237,40141
10196,40115
10245,40086
10182,39975
10267,40143
10215,40006
10233,40070
10248,40213
10276,39980
10208,40229
10204,40014
10199,40166
10320,40071
10279,40116
10355,40242
10298,40059
10272,40051
10286,40039
10304,40167
10305,40274
10195,40111
10295,40282
10291,39998
10217,40064
10331,40242
10226,40091
10241,39982
10301,40003
10229,40017
10290,40013
10253,40023
10288,40101
10251,39979
10199,40234
10238,40154
10297,40076
10260,40192
10225,39970
10222,40026
10263,40056
10209,40258
10252,40032
10216,40053
10356,40203
10266,39999
10194,40061
10259,40121
10331,40190
10312,40038
10308,40223
10271,40085
10200,40181
10201,40028
10250,40255
10243,39993
10244,40198
10315,40062
10278,40006
10206,39988
10343,40199
10265,40046
10213,40149
10262,40166
10202,40175
10197,40021
10284,40141
10258,40145
10221,40018
10219,40046
10193,40046
10333,40208
10280,40068
10370,40218
10268,39984
10200,40241
10303,40037
10231,39991
10246,40096
10212,40109
10352,40246
10205,40119
10292,40019
10255,40009
10183,39979
10324,40207
10287,40069
10262,40226
10242,40051
10227,40188
10208,40052
10348,40218
10283,39994
10298,40266
10311,40203
10239,40117
10272,40258
10220,40003
10273,40191
10218,40031
10305,40035
10295,40043
10223,40117
10314,40076
10257,40063
10237,40002
10230,40070
10264,40096
10226,40266
10329,40221
10382,40209
10326,40151
10287,40249
10267,40024
10276,40151
10348,40158
10185,39967
10236,40077
10199,40059
10373,40200
10279,39977
10297,40285
10260,40023
10298,40078
10275,40269
10304,40050
10232,40132
10195,39992
10263,40265
10282,40046
10316,40222
10256,40046
10310,40241
10198,40096
10289,40079
10351,40180
10366,40168
10203,40269
10301,40152
10191,40041
10244,39989
10210,39982
10350,40200
10290,40128
10238,40257
10251,40100
10322,40076
10240,40172
10274,40288
10222,40161
10202,40254
10307,40029
10341,40193
10281,40025
10335,40234
10252,40091
10247,40045
10360,40197
10194,40176
10259,40258
10293,40074
10312,40209
10308,40066
10200,40000
10269,39994
10235,39997
10250,40098
10243,40098
10315,40171
10206,40099
10292,40290
10224,40099
10187,39977
10255,40222
10325,40195
10265,40187
10299,40075
10262,40061
10227,40205
10306,40016
10344,40195
10197,40154
10284,40000
10277,40076
10258,40004
10218,40206
10219,40155
10318,40163
10261,40108
10337,40222
10333,40165
10268,40075
10231,40072
10317,40261
10205,40204
10255,40146
10215,40104
10336,40257
10189,39980
10204,40208
10211,40169
10239,40254
10286,40125
10218,40130
10362,40239
10358,40180
10195,40201
10261,40288
10223,39998
10256,40221
10257,40180
10291,40280
10230,40221
10207,40126
10214,40157
10229,40183
10313,40266
10276,40282
10290,40243
10238,39984
10253,40125
10260,40154
10225,40072
10240,40251
10332,40145
10275,40182
10232,40015
10281,40202
10282,40149
10316,40081
10256,40153
10184,40027
10198,39999
10216,40111
10179,39973
10247,40226
10266,40277
10194,40227
10294,40076
10203,40134
10235,40202
10244,40120
10278,40108
10210,40101
10253,40257
10288,40267
10251,40273
10285,40077
10265,40196
10300,40183
10274,40183
10306,40291
10307,40134
10281,40134
10209,40020
10296,40126
10252,40206
10221,40184
10219,40200
10247,40166
10175,40016
10337,40175
10228,39975
10293,40223
10270,40126
10308,40053
10269,40079
10303,40159
10250,39977
10235,40118
10243,40239
10212,40199
10349,40152
10206,40238
10292,40181
10224,40030
10242,40217
10208,40158
10234,40053
10249,40160
10283,40292
10277,40241
10239,40047
10254,40152
10330,40258
10220,40165
10273,40005
10362,40190
10261,39985
10295,40077
10369,40203
10367,40170
10257,40229
10268,40222
10237,40232
10196,40088
10230,39980
10245,40113
10231,40221
10317,40186
10192,40124
10267,40162
10215,40029
10233,40169
10208,40218
10204,40043
10199,40157
10302,40232
10279,40083
10298,40036
10254,40212
10272,40040
10286,40008
10304,40092
10195,40082
10282,40196
10369,40183
10310,40031
10342,40163
10217,40107
10207,39971
10331,40233
10226,40052
10241,40129
10381,40192
10214,40264
10233,40229
10229,40060
10248,40118
10253,39986
10238,40127
10288,40122
10199,40193
10323,40055
10297,40055
10275,40035
10309,40171
10304,40280
10263,40023
10209,40229
10252,40061
10216,39962
10356,40240
10266,40152
10259,40092
10294,40219
10308,40228
10271,40112
10203,40019
10201,40007
10250,40216
10244,40227
10278,40027
10349,40201
10206,40025
10343,40162
10285,40194
10213,40112
10262,40155
10234,40260
10284,40170
10277,40034
10209,40161
10258,40170
10221,40045
10356,40180
10333,40203
10280,40105
10268,39981
10269,40196
10231,40018
10178,40026
10246,40133
10212,40074
10352,40203
10205,40018
10292,40056
10255,40052
10183,40006
10287,40160
10262,40199
10242,40044
10227,40163
10208,40041
10348,40247
10345,40198
10249,40045
10234,40184
10283,40145
10211,40259
10174,40021
10311,40230
10239,40080
10254,39975
10272,40231
10220,40024
10273,40146
10218,40056
10358,40210
10305,40070
10223,40080
10314,40041
10237,40125
10196,40227
10230,40123
10246,40193
10317,40047
10264,40005
10192,39991
10226,40231
10329,40192
10287,40228
10267,40063
10233,40054
10276,40124
10348,40187
10185,40034
10199,40022
10323,40260
10320,40215
10373,40211
10297,40256
10298,40171
10275,40272
10272,40163
10232,40105
10263,40228
10372,40201
10223,40276
10310,40138
10198,40069
10289,40034
10354,40233
10241,40030
10226,40171
10201,40208
10301,40115
10244,40018
10290,40157
10238,40234
10251,40123
10323,40064
10300,40281
10297,40188
10274,40285
10222,40138
10309,40016
10307,40032
10263,40168
10281,40060
10335,40241
10371,40190
10252,40176
10198,40257
10360,40170
10259,40233
10293,40117
10368,40212
10365,40190
10200,40037
10269,40021
10201,40140
10250,40079
10243,40009
10315,40142
10206,40132
10224,40120
10255,40197
10213,40229
10262,40022
10227,40240
10202,40095
10346,40216
10306,40013
10344,40232
10249,40286
10197,40133
10284,40029
10277,40087
10311,40023
10258,40033
10296,40276
10220,40207
10273,40227
10218,40235
10219,40190
10318,40068
10261,40087
10314,40280
10268,40096
10340,40191
10231,40103
10246,39984
10264,40212
10212,39997
10205,40231
10329,40145
10224,40260
10255,40185
10287,40053
10215,40071
10204,40205
10302,40070
10283,40010
10321,40211
10211,40140
10298,40250
10239,40197
10286,40102
10218,40175
10362,40200
10358,40169
10261,40267
10223,39973
10256,40242
10289,40275
10237,39986
10230,40246
10264,40144
10326,40263
10214,39990
10215,40267
10229,40210
10276,40231
10290,40204
10253,40088
10236,40189
10260,40135
10225,40163
10240,40272
10275,40157
10286,40290
10232,39988
10281,40237
10282,40190
10256,40190
10310,40257
10184,39968
10216,40116
10247,40249
10207,40217
10294,40097
10203,40189
10301,40264
10244,40133
10315,40255
10278,40065
10210,40094
10350,40184
10253,40284
10251,40244
10285,40104
10265,40239
10300,40172
10240,40092
10225,40239
10274,40144
10222,40273
10306,40220
10307,40173
10281,40169
10209,40015
10258,40208
10296,40099
10221,40211
10219,40239
10247,40189
10228,40140
10293,40250
10312,40289
10269,40106
10340,40238
10250,39986
10235,40109
10243,40242
10278,40269
10349,40179
10206,40243
10292,40210
10224,39987
10364,40217
10325,40179
10299,40187
10242,40242
10190,39987
10327,40232
10234,40030
10249,40139
10321,40140
10277,40220
10311,40136
10239,40010
10186,40002
10254,40189
10220,40066
10318,40211
10295,40104
10367,40177
10257,40248
10270,40223
10268,40251
10237,40195
10196,40069
10377,40184
10231,40248
10317,40149
10267,40217
10215,39992
10233,40140
10248,40287
10336,40241
10313,40094
10204,40064
10302,40205
10279,40174
10211,40057
10298,40001
10332,40221
10254,40249
10272,40013
10286,39981
10195,40185
10282,40225
10310,40048
10257,40068
10291,40136
10217,40142
10245,40208
10207,40142
10226,40017
10241,40164
10366,40235
10214,40109
10248,40091
10229,40039
10233,40200
10380,40193
10238,40064
10288,40095
10236,40048
10378,40209
10279,40242
10297,40026
10260,40266
10188,40036
10275,40006
10309,40182
10307,40218
10263,39986
10371,40216
10209,40216
10316,40161
10252,40026
10328,40208
10216,39999
10217,40202
10266,40133
10259,40067
10294,40252
10271,40159
10203,40054
10201,40042
10250,40293
10244,40264
10278,39996
10349,40228
10206,40034
10343,40185
10285,40221
10213,40091
10300,40039
10334,40167
10274,40039
10202,39989
10234,40225
10390,40204
10284,40199
10277,40013
10209,40132
10258,40071
10221,40072
10319,40207
10193,39972
10333,40230
10280,40142
10228,40023
10383,40205
10270,40142
10271,40211
10269,40255
10231,40009
10246,40158
10212,40087
10352,40160
10205,40013
10292,40037
10183,40029
10287,40143
10325,40056
10299,40052
10242,40073
10208,40014
10345,40233
10302,40060
10249,40048
10234,40165
10283,40180
10376,40190
10211,40230
10311,40253
10254,40008
10239,40191
10272,40220
10220,40053
10273,39989
10358,40247
10295,39997
10280,40202
10314,40050
10237,40088
10196,40200
10230,40028
10245,40129
10246,40218
10264,40042
10192,40012
10226,40192
10329,40235
10182,40008
10287,40195
10267,40082
10233,40025
10276,40089
10185,40005
10236,40263
10199,40013
10320,40236
10279,40035
10297,40235
10298,40148
10272,40152
10232,40078
10263,40195
10372,40214
10223,40243
10310,40175
10291,40021
10289,40005
10217,39995
10354,40194
10294,40015
10241,40049
10226,40132
10203,40199
10201,40251
10301,40110
10191,40115
10244,40063
10210,40036
10347,40199
10238,40207
10251,40094
10323,40167
10297,40167
10274,40246
10222,39983
10202,40260
10309,40059
10232,40266
10263,40135
10335,40156
10252,40141
10198,40250
10247,39975
10319,40028
10266,40008
10194,39974
10259,40204
10293,40016
10368,40201
10271,40000
10200,40074
10269,40048
10201,40183
10235,40055
10250,40168
10243,40044
10206,40169
10224,40093
10187,40035
10255,40224
10325,40265
10322,40198
10375,40208
10213,40192
10299,40261
10262,40011
10227,40279
10327,40178
10202,40120
10346,40229
10306,40038
10249,40225
10197,39968
10284,40058
10277,40178
10311,40050
10258,40058
10220,40228
10273,40198
10218,40244
10280,39993
10314,40229
10268,40029
10246,40021
10231,40130
10264,40249
10205,40130
10329,40180
10224,40281
10255,40164
10287,40016
10189,40034
10227,40083
10204,40234
10302,40171
10283,40033
10321,40246
10211,40147
10298,40231
10286,40075
10218,40072
10261,40246
10314,40185
10291,40290
10289,40246
10237,39981
10230,40235
10354,40181
10264,40181
10241,40194
10326,40248
10215,40230
10248,40053
10229,40253
10276,40204
10236,40154
10323,40244
10260,39980
10225,40134
10332,40171
10275,40224
10286,40263
10281,40240
10316,40267
10256,40083
10310,40282
10198,40181
10289,40178
10266,40219
10207,40228
10294,40154
10365,40234
10312,40074
10203,40080
10235,40260
10301,40227
10244,40162
10315,40210
10278,40090
10210,40187
10350,40157
10290,40109
10253,40247
10251,40203
10285,40003
10265,40274
10357,40188
10300,40137
10225,40194
10240,40113
10274,40141
10222,40122
10346,40148
10306,40249
10307,40176
10281,40076
10335,40257
10209,39970
10258,40237
10296,40072
10252,40256
10221,40238
10219,40258
10247,40088
10216,40213
10228,40169
10293,40229
10312,40262
10269,40133
10340,40203
10303,40065
10235,40064
10377,40199
10243,40153
10212,40265
10278,40230
10206,40276
10292,40255
10325,40158
10265,40078
10299,40158
10242,40239
10327,40199
10306,40189
10234,39995
10197,40117
10249,40110
10283,40222
10321,40167
10277,40295
10311,40167
10239,40017
10186,39983
10254,40166
10220,40095
10219,40078
10318,40244
10257,40275
10270,40224
10268,40144
10196,40034
10303,40261
10231,40279
10317,40240
10324,40175
10267,40252
10336,40214
10313,40161
10208,40276
10204,40125
10302,40214
10320,40150
10279,40133
10211,40028
10332,40250
10254,40226
10195,40156
10282,40266
10295,40203
10256,40258
10257,40095
10291,40175
10342,40153
10217,40145
10245,40251
10207,40149
10226,39978
10241,40095
10366,40204
10381,40182
10361,40241
10214,40070
10248,40160
10229,40066
10313,40253
10238,40037
10253,40168
10236,40045
10288,40180
10357,40205
10279,40201
10260,40119
10225,40051
10188,40001
10275,40109
10309,40209
10307,40225
10304,40210
10282,40078
10316,40190
10328,40245
10216,40132
10247,40265
10217,40237
10266,40174
10259,40038
10294,40273
10271,40186
10203,40045
10250,40270
10244,40277
10343,40148
10288,40240
10285,40248
10213,40038
10300,40028
10334,40200
10274,40000
10202,40030
10234,40202
10341,40161
10284,40220
10209,40127
10353,40242
10258,40096
10330,40155
10221,40099
10319,40234
10193,39999
10280,40147
10228,40060
10270,40147
10271,40254
10269,40282
10231,40036
10246,40179
10243,40258
10212,40188
10205,40040
10292,40066
10255,39998
10359,40163
10299,40043
10262,40285
10227,39981
10242,40098
10208,40099
10249,40027
10197,40250
10283,40075
10234,40142
10211,40205
10311,40280
10254,40045
10239,40154
10330,40223
10273,39976
10218,39982
10358,40232
10305,40156
10392,40193
10295,40152
10280,40239
10314,40031
10237,40179
10196,40181
10230,40049
10245,40172
10246,40255
10192,40033
10226,40221
10324,40050
10267,40073
10233,40124
10248,40239
10313,40046
10276,40038
10347,40158
10204,39984
10236,40252
10199,40104
10320,40257
10279,40062
10297,40206
10272,40125
10305,40216
10195,40041
10223,40222
10256,39997
10310,40064
10291,40056
10289,40024
10217,40030
10354,40223
10207,40030
10294,40032
10226,40097
10203,40250
10214,40253
10301,40073
10210,40001
10347,40218
10238,40208
10288,40047
10251,40053
10322,40159
10297,40138
10260,40250
10240,40027
10274,40211
10309,40070
10263,40098
10232,40239
10281,39978
10335,40187
10316,40049
10252,39978
10198,40223
10216,40015
10319,40059
10266,40053
10194,40003
10259,40179
10228,40195
10293,40059
10308,40273
10271,40047
10200,40111
10269,40043
10201,40090
10235,40042
10250,40181
10243,40051
10206,40178
10187,40006
10322,40227
10213,40171
10299,40248
10262,40108
10327,40169
10202,40101
10249,40196
10284,40087
10277,40157
10219,39976
10193,40116
10280,40030
10314,40206
10270,40030
10268,40058
10246,40046
10231,40185
10212,40039
10205,40189
10255,40067
10224,40254
10324,40257
10287,40127
10336,40176
10242,39993
10227,40118
10208,39998
10204,40263
10302,40140
10320,40048
10211,40118
10298,40192
10239,40271
10273,40101
10218,40085
10339,40253
10261,40209
10223,40175
10257,40005
10291,40201
10289,40201
10245,40017
10230,40140
10264,40090
10241,40229
10326,40221
10214,40044
10215,40253
10248,40026
10229,40280
10276,40169
10290,40258
10236,40119
10199,39997
10323,40219
10225,40153
10275,40199
10286,40232
10232,40190
10339,40185
10316,40224
10256,40104
10328,40143
10198,40174
10289,40149
10266,40196
10351,40238
10294,40191
10365,40197
10203,40119
10301,40222
10191,39971
10210,40148
10290,40070
10253,40210
10251,40174
10285,40030
10357,40167
10300,40230
10240,40150
10274,40102
10222,40095
10346,40177
10341,40263
10281,40087
10296,40173
10252,40285
10221,40265
10219,40281
10216,40250
10247,40119
10319,40140
10194,40118
10228,40086
10293,40128
10312,40235
10200,39994
10269,40160
10340,40208
10250,40056
10235,40167
10243,40188
10212,40278
10278,40251
10292,40228
10224,40173
10255,40272
10325,40249
10265,40113
10299,40117
10262,39995
10242,40264
10345,40170
10306,40086
10249,40113
10197,40080
10283,40245
10321,40186
10277,40258
10296,40233
10220,40116
10218,40260
10181,40016
10219,40101
10318,40153
10261,40162
10337,40260
10268,40141
10237,40281
10196,40015
10303,40224
10317,40203
10363,40184
10324,40148
10267,40275
10215,40178
10336,40203
10389,40191
10208,40265
10204,40154
10320,40171
10321,40262
10211,39971
10254,40263
10286,40187
10195,40131
10282,40279
10295,40230
10223,40048
10257,40114
10291,40082
10342,40242
10379,40196
10217,40180
10173,40020
10207,40176
10241,40114
10366,40209
10363,40228
10361,40212
10214,40091
10338,40165
10233,40278
10229,40109
10248,40133
10210,40231
10313,40192
10238,40014
10253,40131
10236,40010
10288,40137
10357,40232
10279,40292
10260,40092
10225,40022
10188,40030
10275,40112
10309,40252
10307,40260
10304,40247
10281,40256
10282,40107
10316,40155
10198,40037
10216,40169
10247,40292
10217,40240
10266,40075
10259,40013
10294,40266
10201,39984
10235,40244
10338,40233
10278,40170
10288,40213
10285,40147
10213,40001
10300,40121
10334,40237
10274,39997
10222,40234
10202,40059
10307,40064
10284,40249
10209,40082
10353,40213
10258,40125
10296,40056
10221,40126
10319,40273
10280,40184
10293,40277
10270,40180
10308,40015
10271,40261
10212,40153
10292,40111
10255,39973
10359,40222
10299,40014
10227,40016
10190,40004
10242,40159
10208,40088
10234,40107
10249,39998
10197,40229
10321,40055
10211,40208
10283,40110
10254,40086
10330,40248
10220,39983
10305,40183
10261,40055
10295,40183
10280,40244
10268,40256
10237,40174
10196,40146
10230,40042
10245,40183
10246,40272
10317,40064
10264,39988
10287,40277
10267,40108
10215,40039
10233,40103
10248,40244
10313,40049
10276,40003
10347,40181
10204,39981
10236,40217
10199,40071
10279,40021
10355,40211
10272,40082
10304,40134
10305,40243
10195,40012
10223,40197
10310,40101
10217,40033
10245,40267
10207,40037
10331,40211
10226,40122
10214,40214
10301,40036
10229,39986
10347,40241
10290,40044
10253,40056
10288,40004
10251,40008
10238,40181
10322,40184
10297,40109
10260,40231
10240,40048
10274,40204
10222,40053
10275,39997
10309,40097
10263,40089
10232,40212
10216,40020
10319,40038
10194,40028
10259,40150
10228,40232
10293,40038
10331,40159
10271,40074
10200,40148
10201,40125
10235,40001
10250,40158
10278,40033
10187,40029
10343,40228
10322,40252
10285,40264
10265,40015
10213,40182
10299,40223
10262,40065
10202,40142
10344,40183
10197,40054
10284,40108
10277,39992
10258,39984
10273,40284
10221,39987
10219,40015
10318,40055
10193,40015
10280,40035
10270,40035
10200,40208
10246,40067
10212,40012
10205,40088
10224,40211
10255,40110
10324,40238
10287,40090
10336,40149
10189,40024
10242,40018
10227,40157
10302,40145
10211,40093
10239,40106
10272,40289
10273,40088
10218,40126
10305,40012
10339,40192
10295,40008
10223,40138
10257,40024
10291,40236
10237,40035
10245,40060
10230,40161
10264,40127
10326,40182
10361,40178
10214,40001
10267,39993
10215,40216
10233,39980
10229,40259
10276,40182
10290,40287
10236,40108
10260,40054
10298,40097
10286,40205
10304,40017
10232,40163
10339,40156
10282,40001
10316,40253
10256,40013
10310,40208
10328,40180
10198,40131
10289,40104
10266,40225
10351,40213
10203,40106
10301,40185
10191,40014
10315,40268
10210,39985
10350,40235
10290,40163
10251,40133
10322,40047
10285,40057
10375,40187
10300,40195
10240,40139
10274,40067
10222,40064
10202,40209
10341,40226
10281,40122
10335,40203
10353,40179
10296,40146
10252,40122
10247,40018
10360,40228
10319,40171
10194,40147
10259,40291
10228,40115
10293,40171
10312,40240
10308,40161
10200,40031
10250,40005
10235,40154
10243,40067
10315,40072
10278,40220
10206,40066
10292,40257
10224,40130
10325,40228
10265,40148
10299,40104
10249,40084
10197,40187
10277,40109
10296,40206
10220,40273
10219,40120
10374,40204
10261,40141
10193,40132
10337,40255
10367,40198
10268,40170
10196,39988
10303,40207
10177,39972
10264,40270
10287,39983
10215,40137
10204,40183
10302,40284
10321,40281
10332,40268
10286,40156
10195,40230
10223,40031
10257,40149
10291,40121
10342,40215
10207,40095
10241,40277
10363,40219
10214,40188
10338,40158
10248,39978
10229,40136
10210,40192
10238,40019
10253,40158
10279,40259
10260,40185
10225,40105
10188,39995
10240,40218
10275,40087
10309,40263
10304,40236
10232,40046
10282,40116
10384,40205
10198,40030
10216,40078
10247,40195
10217,40283
10266,40116
10194,40194
10259,39984
10207,40275
10312,40191
10203,39975
10235,40235
10338,40194
10391,40204
10244,40095
10278,40143
10253,40290
10285,40174
10213,39980
10300,40086
10334,40246
10222,40207
10202,40036
10306,40258
10307,40103
10341,40151
10284,40278
10209,40053
10258,40278
10296,40029
10330,40161
10252,40237
10221,40153
10216,40266
10247,40135
10270,40089
10308,40020
10271,40288
10269,40080
10303,40188
10178,39974
10243,40204
10212,40230
10205,39998
10206,40201
10292,40148
10224,40061
10359,40245
10227,40055
10242,40184
10208,40189
10234,40084
10197,40192
10283,40261
10355,40186
10311,40082
10254,40123
10330,40229
10220,40132
10273,40038
10305,40170
10318,40265
10261,40018
10295,40082
10369,40212
10280,40281
10257,40198
10270,40277
10237,40137
10196,40127
10245,40082
10267,40131
10215,40002
10233,40074
10248,40217
10276,39976
10208,40249
10204,40010
10199,40162
10279,40112
10355,40246
10272,40055
10286,40043
10304,40187
10305,40278
10195,40115
10295,40278
10217,40068
10245,40278
10331,40246
10226,40087
10301,40031
10229,40029
10290,40009
10253,40019
10288,40025
10251,39983
10199,40230
10238,40158
10297,40080
10260,40204
10225,39974
10222,40030
10309,40140
10263,40052
10209,40262
10216,40057
10356,40215
10266,39995
10194,40057
10259,40125
10331,40178
10312,40042
10308,40219
10271,40081
10200,40185
10201,40096
10250,40251
10243,39997
10244,40194
10315,40050
10278,40058
10206,39992
10343,40195
10322,40281
10285,40291
10265,40050
10213,40145
10262,40186
10202,40171
10197,40017
10284,40137
10258,40141
10221,40014
10219,40034
10193,40034
10280,40072
10370,40214
10200,40245
10303,40033
10231,39987
10246,40100
10212,40105
10352,40234
10205,40115
10292,40031
10255,40021
10183,39975
10324,40203
10287,40065
10262,40230
10242,40015
10227,40128
10348,40214
10283,39998
10298,40278
10311,40199
10239,40113
10272,40262
10273,40179
10218,40027
10305,40039
10295,40039
10223,40113
10314,40072
10257,40051
10237,40030
10230,40090
10264,40100
10226,40262
10326,40171
10214,40026
10267,40028
10276,40147
10348,40154
10236,40073
10199,40055
10297,40289
10260,40019
10298,40074
10304,40054
10232,40136
10195,39996
10263,40261
10282,40042
10316,40218
10256,40034
10310,40245
10198,40100
10289,40067
10351,40176
10366,40172
10203,40257
10301,40148
10244,39985
10210,39978
10350,40204
10290,40188
10238,40261
10251,40152
10322,40072
10225,40275
10240,40160
10222,40165
10202,40250
10341,40205
10281,40029
10335,40214
10252,40087
10247,40041
10360,40201
10194,40172
10259,40262
10228,40280
10293,40086
10312,40213
10308,40078
10200,40004
10269,39990
10235,39985
10250,40110
10243,40102
10315,40175
10206,40103
10224,40103
10187,39981
10255,40218
10325,40207
10265,40191
10213,40262
10299,40079
10262,40049
10227,40209
10306,40108
10344,40199
10197,40166
10284,39996
10277,40072
10258,40000
10218,40202
10219,40159
10318,40167
10261,40104
10337,40210
10333,40161
10268,40071
10231,40068
10317,40257
10205,40200
10255,40158
10215,40100
10336,40261
10189,39976
10204,40172
10302,40097
10211,40173
10239,40250
10286,40129
10218,40142
10362,40235
10195,40205
10223,39994
10256,40209
10257,40168
10291,40284
10230,40209
10207,40122
10241,40264
10214,40145
10229,40179
10313,40270
10276,40262
10290,40239
10238,39988
10253,40121
10279,40286
10260,40166
10225,40076
10240,40255
10275,40186
10309,40290
10232,40019
10281,40206
10282,40145
10316,40077
10256,40157
10184,40031
10198,39987
10216,40083
10179,39977
10247,40222
10266,40273
10194,40223
10294,40064
10203,40154
10235,40206
10244,40100
10278,40096
10210,40097
10288,40271
10251,40277
10285,40073
10265,40200
10213,39991
10300,40179
10274,40179
10307,40138
10281,40138
10209,40040
10296,40002
10252,40202
10221,40180
10219,40204
10247,40162
10337,40163
10228,39971
10293,40219
10270,40098
10308,40049
10269,40075
10303,40155
10243,40211
10212,40195
10206,40210
10292,40177
10224,40018
10364,40248
10242,40213
10208,40146
10234,40049
10249,40164
10283,40280
10355,40161
10277,40253
10239,40043
10254,40156
10330,40270
10220,40161
10273,40025
10362,40186
10261,39997
10295,40073
10369,40207
10257,40217
10268,40218
10237,40228
10245,40125
10231,40217
10317,40182
10192,40112
10364,40188
10267,40166
10215,40025
10233,40173
10276,39989
10208,40222
10204,40039
10199,40153
10302,40236
10320,40080
10279,40079
10298,40032
10254,40216
10272,40044
10286,40012
10304,40080
10305,40265
10195,40086
10282,40192
10295,40269
10310,40019
10342,40167
10217,40111
10207,39983
10331,40237
10226,40048
10241,40133
10214,40268
10233,40233
10229,40056
10248,40122
10238,40099
10253,39982
10288,40126
10199,40221
10323,40059
10297,40059
10225,39993
10222,40003
10275,40039
10309,40151
10304,40284
10263,40019
10209,40249
10252,40057
10216,39966
10356,40252
10259,40096
10331,40169
10294,40223
10308,40224
10271,40124
10203,40023
10201,40011
10250,40196
10244,40239
10278,40031
10349,40197
10206,40029
10343,40222
10213,40124
10262,40159
10234,40256
10284,40166
10277,40046
10209,40165
10258,40166
10221,40041
10219,40057
10356,40176
10333,40199
10280,40109
10270,39977
10268,39977
10269,40192
10303,40012
10231,39982
10178,40022
10246,40121
10212,40118
10352,40207
10205,40110
10292,40004
10255,40048
10287,40172
10262,40219
10242,40040
10227,40167
10208,40045
10348,40243
10345,40202
10283,40149
10211,40263
10311,40226
10239,40092
10254,39979
10272,40251
10220,40020
10273,40150
10218,40036
10358,40214
10305,40090
10223,40092
10314,40085
10237,40121
10230,40127
10246,40197
10317,40043
10264,40009
10192,39979
10226,40227
10329,40196
10326,40140
10180,40015
10287,40224
10267,40051
10233,40058
10276,40120
10348,40183
10199,40018
10323,40264
10320,40203
10373,40223
10297,40260
10298,40183
10275,40276
10272,40167
10304,40043
10232,40109
10195,39971
10263,40224
10282,40055
10372,40181
10223,40272
10310,40142
10198,40089
10289,40038
10354,40229
10351,40159
10241,40018
10226,40167
10366,40177
10201,40212
10301,40143
10244,40030
10290,40153
10238,40238
10288,39977
10251,40127
10285,39983
10323,40068
10300,40277
10274,40281
10222,40142
10202,40231
10309,40028
10307,40036
10263,40164
10281,40032
10335,40253
10252,40172
10360,40174
10259,40237
10228,40261
10293,40113
10365,40186
10200,40041
10269,40017
10201,40144
10250,40075
10243,40013
10206,40136
10224,40124
10255,40193
10265,40162
10213,40225
10299,40290
10262,40042
10227,40244
10202,40091
10346,40196
10344,40236
10249,40258
10197,40129
10284,40025
10277,40083
10311,40019
10258,40029
10296,40280
10220,40203
10273,40231
10218,40215
10219,40178
10318,40072
10261,40083
10314,40260
10268,40124
10340,40187
10231,40099
10246,39988
10264,40216
10212,39993
10317,40284
10205,40227
10329,40149
10255,40133
10287,40049
10215,40067
10204,40201
10302,40074
10283,40014
10321,40215
10211,40176
10385,40209
10239,40193
10286,40106
10218,40171
10362,40212
10358,40173
10261,40279
10223,39969
10256,40246
10291,40259
10289,40279
10230,40202
10264,40148
10241,40291
10214,39978
10215,40263
10229,40222
10210,40278
10313,40273
10276,40227
10290,40200
10253,40084
10236,40185
10260,40131
10225,40167
10240,40276
10275,40129
10286,40294
10232,39992
10281,40209
10282,40186
10256,40178
10310,40261
10184,39972
10216,40120
10179,40012
10247,40245
10207,40197
10294,40101
10203,40177
10301,40260
10244,40129
10315,40243
10278,40069
10210,40090
10350,40188
10253,40280
10251,40232
10285,40100
10265,40243
10300,40168
10240,40080
10225,40227
10274,40172
10222,40277
10306,40216
10307,40145
10281,40173
10209,40003
10258,40204
10296,40103
10221,40207
10219,40227
10247,40185
10319,40070
10228,40136
10293,40198
10269,40102
10340,40234
10303,40102
10235,40097
10250,39998
10243,40246
10278,40257
10349,40175
10206,40247
10292,40222
10224,39991
10364,40213
10325,40191
10299,40191
10242,40206
10190,39991
10327,40228
10306,40156
10234,40026
10249,40143
10277,40216
10239,40054
10186,40014
10254,40129
10220,40190
10362,40167
10318,40215
10295,40100
10369,40226
10367,40189
10257,40252
10270,40195
10268,40247
10237,40223
10196,40065
10377,40188
10231,40244
10317,40145
10267,40221
10215,39988
10233,40144
10248,40259
10336,40245
10313,40066
10204,40092
10302,40241
10279,40170
10211,40061
10298,40013
10332,40217
10254,40253
10272,40001
10286,39985
10195,40189
10282,40237
10295,40296
10369,40174
10310,40052
10291,40140
10342,40184
10217,40114
10245,40220
10207,40138
10226,40013
10241,40184
10366,40239
10214,40097
10248,40095
10229,40035
10233,40204
10238,40068
10288,40083
10279,40238
10297,40030
10260,40278
10225,39964
10188,40032
10275,40010
10309,40178
10307,40222
10263,40014
10371,40220
10209,40220
10252,40022
10328,40212
10216,39971
10217,40206
10266,40129
10259,40071
10294,40240
10312,40020
10271,40155
10203,40010
10201,40046
10250,40289
10244,40244
10278,39984
10349,40224
10206,40038
10343,40181
10285,40217
10213,40071
10300,40035
10334,40171
10274,40035
10202,39985
10234,40237
10390,40192
10284,40195
10277,40009
10209,40152
10258,40067
10221,40068
10319,40203
10333,40226
10280,40114
10228,40019
10383,40201
10270,39986
10271,40223
10269,40251
10231,40005
10246,40146
10212,40083
10352,40164
10205,40009
10292,40033
10183,40025
10287,40139
10242,40069
10208,40002
10345,40237
10302,40032
10249,40052
10234,40161
10283,40168
10211,40234
10311,40249
10254,40012
10239,40187
10272,40208
10220,40049
10273,40137
10358,40203
10280,40206
10314,40062
10237,40084
10196,40212
10230,40016
10245,40141
10246,40222
10264,40046
10192,40000
10226,40252
10329,40239
10182,40012
10180,40020
10287,40207
10267,40086
10233,40029
10276,40069
10185,40009
10236,40259
10199,40009
10320,40224
10297,40239
10298,40144
10272,40156
10232,40082
10263,40223
10372,40210
10223,40255
10310,40163
10291,40025
10289,40057
10379,40187
10217,39999
10294,40003
10241,40053
10226,40128
10203,40219
10201,40255
10301,40106
10191,40127
10244,40059
10210,40032
10238,40243
10251,40082
10323,40171
10297,40171
10240,39994
10274,40242
10222,39987
10202,40256
10309,40039
10232,40270
10263,40131
10335,40152
10252,40137
10198,40254
10266,40020
10194,39970
10259,40208
10293,40028
10368,40205
10271,40012
10200,40078
10269,40012
10201,40187
10250,40084
10243,40016
10315,40153
10206,40173
10224,40081
10255,40236
10325,40277
10322,40194
10375,40204
10213,40204
10299,40281
10262,40015
10202,40068
10346,40225
10306,40034
10344,40241
10249,40229
10197,39980
10284,40054
10277,40190
10311,40046
10258,40054
10220,40224
10273,40218
10218,40240
10280,39997
10314,40225
10268,40025
10246,40009
10231,40158
10264,40253
10205,40158
10329,40184
10255,40160
10287,40028
10215,40094
10189,39966
10227,40087
10204,40230
10302,40175
10320,40031
10283,40037
10321,40234
10211,40151
10298,40227
10286,40079
10218,40180
10261,40242
10314,40165
10291,40294
10289,40234
10237,39977
10230,40239
10354,40177
10264,40185
10241,40198
10326,40252
10215,40226
10248,40057
10229,40249
10276,40200
10290,40293
10236,40150
10323,40248
10225,40186
10240,40265
10332,40167
10275,40228
10286,40267
10281,40244
10316,40263
10256,40087
10310,40286
10289,40182
10179,40019
10207,40224
10294,40158
10365,40230
10312,40078
10203,40084
10235,40280
10301,40255
10244,40174
10315,40214
10278,40094
10210,40183
10350,40161
10290,40105
10253,40243
10251,40207
10285,40127
10265,40278
10357,40184
10300,40133
10225,40198
10240,40117
10274,40137
10222,40126
10306,40245
10307,40180
10281,40176
10335,40269
10209,39974
10258,40233
10296,40076
10221,40234
10219,40262
10247,40084
10216,40217
10228,40181
10293,40225
10312,40266
10269,40129
10340,40247
10303,40077
10235,40068
10377,40203
10243,40157
10278,40282
10292,40251
10325,40154
10265,40082
10299,40146
10242,40235
10327,40195
10306,40185
10234,40007
10197,40113
10249,40146
10283,40210
10321,40155
10277,40291
10311,40163
10239,40029
10186,39979
10254,40170
10220,40091
10219,40066
10318,40248
10257,40279
10270,40228
10268,40236
10196,40046
10303,40257
10231,40275
10317,40236
10205,40275
10382,40185
10324,40171
10267,40240
10336,40234
10389,40208
10313,40165
10204,40121
10302,40218
10320,40138
10279,40129
10211,40000
10332,40246
10254,40230
10272,39974
10304,40106
10195,40160
10282,40246
10295,40199
10256,40262
10257,40083
10291,40179
10342,40157
10217,40149
10245,40231
10207,40145
10226,39974
10241,40083
10366,40240
10361,40245
10214,40122
10248,40164
10229,40078
10313,40225
10238,40041
10253,40164
10236,40041
10288,40168
10357,40201
10279,40197
10297,40001
10260,40115
10225,40055
10275,40017
10309,40221
10307,40229
10304,40214
10371,40227
10282,40074
10316,40186
10328,40249
10216,40136
10247,40261
10217,40209
10266,40170
10259,40042
10294,40277
10271,40166
10203,40033
10250,40266
10244,40273
10349,40251
10288,40244
10285,40244
10213,40034
10300,40024
10334,40204
10274,40028
10202,40026
10234,40214
10341,40173
10284,40216
10277,40020
10209,40115
10353,40246
10258,40092
10221,40095
10319,40246
10193,39987
10280,40151
10228,40056
10270,40151
10271,40250
10269,40278
10231,40032
10246,40183
10243,40262
10212,40184
10352,40185
10205,40036
10292,40078
10255,39994
10359,40191
10299,40047
10262,40273
10227,39985
10242,40126
10208,40103
10345,40240
10302,40005
10249,40031
10234,40138
10283,40079
10211,40241
10311,40276
10254,40049
10239,40134
10330,40219
10273,39980
10218,39978
10358,40236
10305,40144
10392,40197
10295,40148
10280,40211
10314,40027
10237,40079
10196,40177
10230,40053
10245,40168
10246,40243
10192,40037
10226,40217
10324,40062
10267,40077
10233,40000
10276,40034
10236,40248
10199,40100
10376,40195
10320,40261
10279,40058
10297,40210
10272,40113
10305,40220
10195,40045
10223,40218
10256,39985
10310,40068
10291,40060
10289,40028
10217,40002
10354,40219
10207,40026
10294,40036
10241,40040
10226,40157
10203,40254
10201,40226
10214,40241
10301,40069
10210,40029
10347,40222
10238,40212
10288,40035
10251,40041
10322,40155
10323,40142
10297,40142
10240,40031
10274,40239
10309,40066
10232,40243
10263,40126
10281,39982
10335,40167
10316,40045
10252,39974
10198,40211
10247,39998
10266,40049
10194,39999
10259,40183
10228,40207
10293,40007
10368,40226
10308,40285
10271,40043
10200,40115
10269,40039
10201,40094
10235,40046
10250,40177
10243,40055
10206,40182
10343,40261
10322,40223
10213,40215
10299,40252
10262,40096
10327,40165
10202,40097
10344,40150
10249,40200
10284,40083
10277,40153
10220,40253
10219,39980
10280,40002
10314,40202
10270,40002
10268,40054
10246,40034
10231,40181
10264,40226
10212,40035
10205,40185
10329,40163
10255,40079
10224,40242
10324,40269
10287,40123
10336,40180
10242,39989
10227,40122
10208,39986
10204,40259
10302,40176
10320,40052
10283,40056
10211,40122
10298,40204
10239,40267
10273,40121
10218,40081
10339,40225
10261,40221
10223,40171
10314,40142
10257,39993
10291,40205
10289,40205
10245,40029
10230,40128
10264,40094
10241,40249
10326,40209
10214,40032
10215,40249
10248,40030
10229,40228
10276,40213
10236,40115
10199,39993
10323,40223
10225,40157
10275,40203
10286,40236
10339,40189
10316,40284
10256,40108
10328,40147
10198,40162
10289,40137
10266,40192
10351,40234
10294,40179
10365,40193
10312,40083
10203,40075
10301,40218
10191,39983
10210,40144
10290,40066
10253,40206
10251,40162
10285,40026
10357,40163
10300,40226
10240,40106
10225,40217
10274,40098
10222,40099
10346,40189
10306,40238
10341,40259
10281,40091
10296,40177
10386,40207
10252,40281
10221,40261
10216,40254
10247,40115
10194,40114
10228,40082
10293,40140
10312,40239
10200,39998
10269,40188
10340,40220
10250,40036
10235,40187
10243,40160
10212,40274
10278,40255
10292,40224
10224,40161
10255,40284
10265,40117
10299,40137
10262,39999
10242,40260
10345,40174
10306,40082
10344,40257
10249,40117
10197,40092
10283,40233
10321,40190
10277,40270
10311,40190
10296,40237
10186,39988
10220,40112
10218,40256
10181,40028
10219,40089
10318,40157
10261,40174
10367,40231
10268,40137
10237,40277
10196,40011
10303,40236
10231,40270
10317,40199
10205,40270
10363,40188
10324,40144
10267,40279
10215,40174
10336,40207
10313,40136
10208,40269
10204,40150
10320,40175
10279,40156
10211,39975
10388,40209
10254,40267
10286,40191
10195,40135
10282,40275
10295,40226
10223,40060
10256,40283
10257,40118
10291,40086
10342,40246
10217,40184
10207,40188
10241,40118
10366,40213
10363,40248
10361,40216
10214,40095
10338,40161
10233,40282
10229,40105
10248,40137
10210,40227
10313,40196
10238,40050
10253,40191
10236,40006
10288,40141
10357,40244
10279,40288
10260,40088
10225,40010
10188,40026
10275,40116
10309,40248
10307,40264
10304,40203
10281,40260
10282,40087
10316,40151
10198,40057
10216,40173
10247,40288
10217,40244
10266,40087
10259,40017
10294,40270
10201,39988
10250,40279
10338,40229
10278,40174
10288,40201
10285,40143
10213,40013
10300,40117
10334,40209
10274,39993
10222,40238
10202,40007
10307,40068
10284,40245
10209,40086
10353,40201
10258,40121
10296,40060
10221,40122
10280,40188
10228,40037
10293,40273
10270,40184
10271,40257
10212,40133
10352,40158
10205,39967
10292,40107
10359,40218
10299,40002
10262,40266
10227,40020
10190,40008
10242,40155
10208,40092
10234,40119
10197,40225
10283,40098
10321,40043
10211,40212
10239,39981
10254,40090
10330,40196
10220,39979
10218,39991
10305,40139
10261,40051
10295,40179
10280,40248
10268,40284
10237,40170
10196,40158
10230,40046
10245,40179
10246,40276
10264,39992
10180,39966
10287,40273
10267,40096
10215,40035
10233,40107
10248,40248
10313,40053
10276,40015
10347,40169
10204,39977
10236,40213
10199,40067
10320,40282
10279,40017
10355,40215
10272,40086
10304,40154
10305,40247
10195,40016
10223,40193
10310,40089
10291,40035
10217,40037
10207,40033
10331,40215
10226,40118
10214,40202
10301,40032
10191,40129
10229,39998
10347,40245
10290,40040
10253,40052
10288,40056
10251,40012
10238,40185
10322,40180
10297,40113
10260,40227
10240,40052
10274,40200
10222,40057
10263,40085
10232,40216
10281,39985
10216,40024
10319,40034
10194,40024
10259,40154
10228,40244
10293,40034
10331,40147
10271,40054
10200,40152
10201,40065
10235,40005
10250,40154
10278,40037
10187,40017
10343,40224
10322,40248
10285,40260
10265,40019
10213,40178
10299,40211
10262,40069
10202,40138
10344,40187
10249,40211
10197,40050
10284,40104
10258,39980
10273,40272
10221,39983
10219,40003
10318,40059
10193,40003
10333,40269
10280,40039
10314,40215
10270,40039
10200,40212
10246,40071
10212,40008
10205,40084
10292,39998
10255,40106
10224,40215
10324,40234
10287,40102
10336,40169
10189,40020
10227,40097
10242,39982
10302,40149
10211,40065
10239,40278
10272,40293
10273,40092
10218,40122
10339,40196
10295,40004
10223,40150
10257,40028
10291,40240
10237,40063
10245,40056
10230,40165
10264,40067
10329,40258
10326,40202
10361,40182
10214,40005
10267,39997
10215,40212
10233,39984
10229,40271
10276,40178
10290,40283
10185,39996
10236,40104
10323,40194
10387,40192
10260,40050
10298,40109
10286,40209
10304,40021
10232,40167
10282,40013
10316,40249
10256,40001
10310,40212
10328,40184
10198,40135
10289,40108
10266,40237
10351,40209
10203,40110
10301,40181
10191,40010
10315,40256
10210,40141
10350,40239
10290,40095
10251,40185
10322,40043
10285,40053
10375,40183
10300,40223
10240,40143
10274,40095
10222,40068
10202,40221
10341,40238
10281,40126
10353,40183
10296,40150
10252,40118
10247,40014
10360,40232
10319,40183
10194,40143
10228,40127
10293,40183
10312,40244
10308,40173
10200,39971
10250,40001
10235,40158
10243,40071
10315,40076
10278,40208
10206,40070
10292,40269
10224,40134
10325,40224
10265,40152
10299,40108
10242,40289
10345,40177
10306,40079
10249,40088
10197,40071
10277,40105
10296,40210
10220,40269
10219,40124
10374,40192
10261,40137
10337,40243
10367,40194
10268,40166
10196,39984
10303,40203
10264,40274
10287,39979
10267,40266
10215,40133
10313,40147
10204,40179
10302,40256
10332,40264
10286,40160
10223,40027
10257,40137
10291,40125
10342,40203
10207,40091
10226,39964
10241,40105
10363,40223
10361,40195
10214,40176
10338,40154
10248,39982
10229,40148
10210,40220
10276,40293
10238,40023
10253,40154
10260,40069
10225,40109
10188,39991
10240,40222
10275,40091
10309,40259
10304,40224
10232,40050
10282,40112
10384,40193
10328,40259
10198,40018
10216,40178
10266,40112
10259,39988
10294,40291
10312,40163
10203,39995
10235,40239
10338,40222
10391,40200
10244,40091
10278,40131
10285,40170
10213,39976
10300,40082
10334,40250
10222,40211
10202,40032
10306,40286
10307,40107
10341,40147
10284,40274
10209,40073
10258,40274
10296,40033
10330,40173
10252,40233
10221,40149
10216,40270
10247,40131
10270,40093
10308,40016
10303,40184
10178,39970
10212,40226
10205,39994
10206,40205
10292,40144
10224,40049
10359,40241
10227,40059
10242,40180
10208,40177
10234,40080
10197,40204
10283,40121
10355,40190
10311,40078
10254,40127
10330,40225
10220,40128
10273,40058
10305,40174
10318,40269
10261,40030
10295,40174
10280,40285
10270,40281
10237,40133
10196,40123
10245,40094
10317,40087
10182,39967
10267,40135
10215,40062
10233,40078
10248,40221
10276,40020
10208,40253
10204,40006
10199,40190
10279,40108
10355,40250
10272,40075
10286,40047
10304,40191
10305,40234
10195,40119
10295,40274
10217,40072
10245,40274
10331,40202
10226,40083
10301,40027
10229,40025
10290,40005
10253,40015
10288,40029
10238,40130
10199,40226
10297,40084
10260,40200
10240,40041
10222,40034
10309,40136
10263,40048
10216,40061
10356,40211
10259,40129
10331,40182
10312,40046
10308,40199
10271,40093
10200,40189
10201,40100
10250,40231
10244,40206
10315,40054
10278,40062
10206,39996
10343,40255
10322,40277
10285,40287
10265,40054
10213,40157
10262,40190
10202,40183
10197,40029
10284,40133
10258,40137
10273,40267
10221,40010
10219,40038
10193,40038
10280,40076
10370,40210
10200,40249
10303,40045
10246,40088
10212,40021
10352,40238
10205,40079
10292,40027
10255,40017
10183,39971
10324,40215
10287,40077
10262,40250
10242,40011
10227,40132
10348,40210
10283,39986
10298,40274
10311,40195
10239,40125
10272,40282
10273,40183
10218,40007
10305,40059
10295,40035
10223,40125
10257,40055
10237,40026
10230,40094
10264,40104
10226,40258
10326,40175
10214,40030
10267,40016
10276,40159
10348,40150
10236,40069
10199,40051
10297,40293
10260,40031
10298,40086
10304,40010
10232,40140
10263,40257
10282,40022
10316,40214
10256,40038
10310,40233
10198,40120
10289,40071
10351,40188
10203,40261
10301,40144
10244,39997
10210,39974
10350,40208
10290,40184
10238,40265
10251,40156
10322,40068
10225,40279
10240,40164
10222,40169
10202,40198
10341,40201
10281,40001
10335,40210
10252,40083
10247,40037
10360,40205
10194,40168
10259,40266
10228,40100
10293,40082
10312,40217
10308,40074
10200,40008
10269,39986
10340,40262
10235,39989
10250,40106
10243,40106
10315,40163
10206,40107
10224,40155
10187,39969
10325,40203
10265,40131
10213,40258
10299,40067
10262,40053
10227,40213
10306,40104
10344,40203
10249,40291
10197,40162
10284,39992
10277,40116
10219,40147
10318,40171
10261,40116
10337,40214
10333,40189
10268,40067
10303,40214
10177,40019
10231,40064
10205,40196
10255,40154
10267,40289
10215,40096
10189,39972
10204,40168
10302,40101
10239,40230
10286,40133
10218,40138
10362,40247
10195,40209
10223,40006
10256,40213
10257,40172
10291,40096
10230,40213
10207,40102
10241,40268
10214,40149
10248,39987
10229,40191
10276,40258
10290,40235
10238,39992
10253,40117
10279,40282
10260,40162
10225,40064
10240,40243
10275,40190
10232,40023
10282,40157
10316,40073
10256,40145
10184,40003
10198,39991
10216,40087
10247,40218
10266,40285
10194,40219
10294,40068
10312,40136
10203,40158
10235,40194
10244,40096
10278,40100
10210,40125
10288,40259
10251,40265
10285,40069
10265,40204
10213,39987
10300,40079
10307,40142
10281,40142
10209,40044
10296,40006
10252,40198
10221,40176
10219,40192
10216,40275
10247,40158
10175,40024
10337,40167
10228,39983
10293,40295
10270,40102
10308,40061
10269,40071
10303,40135
10243,40215
10212,40207
10278,40288
10206,40214
10292,40189
10224,40022
10364,40244
10359,40236
10242,40209
10208,40150
10234,40061
10249,40168
10283,40284
10355,40165
10277,40249
10254,40096
10186,40033
10330,40266
10220,40157
10273,40029
10261,39993
10295,40069
10369,40195
10280,40290
10370,40188
10257,40221
10270,40290
10268,40214
10237,40224
10230,39972
10245,40121
10231,40213
10317,40178
10192,40116
10182,39984
10364,40184
10267,40186
10215,40021
10233,40177
10248,40290
10276,39985
10208,40210
10204,40035
10199,40149
10279,40075
10355,40225
10298,40044
10254,40220
10272,40032
10286,40016
10304,40084
10305,40269
10195,40090
10282,40204
10295,40265
10310,40023
10291,39981
10217,40083
10207,39979
10331,40225
10226,40044
10241,40153
10214,40256
10233,40237
10229,40004
10248,40126
10290,40030
10238,40103
10253,39978
10288,40114
10199,40217
10323,40063
10297,40063
10225,39997
10222,40007
10275,40043
10309,40147
10304,40272
10263,40047
10209,40253
10252,40053
10356,40248
10259,40100
10331,40173
10294,40211
10312,40051
10308,40236
10271,40120
10200,40162
10201,40015
10250,40192
10244,40235
10278,40019
10349,40193
10206,40001
10343,40218
10213,40120
10262,40147
10234,40268
10284,40162
10277,40042
10209,40185
10258,40162
10221,40037
10219,40061
10356,40188
10333,40195
10280,40081
10370,40207
10270,39981
10269,40220
10231,39978
10178,40018
10246,40125
10212,40114
10352,40195
10205,40106
10292,40000
10255,40060
10287,40168
10262,40223
10242,40036
10227,40171
10208,40033
10348,40239
10345,40206
10283,40137
10211,40267
10311,40222
10239,40088
10254,39983
10272,40255
10220,40016
10273,40170
10218,40032
10305,40094
10223,40088
10314,40081
10237,40117
10245,39982
10230,40115
10317,40039
10264,40013
10192,39983
10329,40200
10382,40194
10180,40011
10287,40236
10267,40055
10233,40062
10276,40100
10348,40179
10199,40046
10323,40268
10320,40207
10373,40219
10279,39996
10297,40264
10260,40004
10298,40179
10275,40280
10272,40187
10304,40047
10232,40113
10195,39975
10263,40252
10282,40051
10372,40177
10256,40059
10198,40093
10289,40090
10354,40225
10351,40155
10241,40022
10226,40163
10366,40181
10201,40216
10301,40139
10244,40026
10290,40149
10238,40274
10288,39981
10251,40115
10285,39979
10323,40072
10300,40273
10274,40277
10222,40146
10202,40227
10309,40024
10307,40040
10341,40212
10263,40160
10281,40036
10335,40249
10252,40168
10360,40178
10259,40241
10228,40257
10293,40125
10365,40182
10308,40087
10271,39981
10200,40045
10269,39981
10201,40148
10235,39976
10250,40119
10243,40113
10206,40140
10224,40112
10255,40205
10265,40166
10213,40237
10299,40294
10262,40046
10227,40248
10346,40192
10344,40208
10249,40262
10197,40141
10284,40021
10277,40095
10258,40025
10296,40284
10220,40199
10273,40251
10218,40211
10219,40182
10318,40076
10261,40095
10337,40201
10314,40256
10268,40120
10340,40167
10246,39976
10231,40127
10264,40220
10212,39973
10317,40280
10205,40255
10329,40153
10255,40129
10324,40071
10287,40061
10215,40127
10189,39999
10204,40197
10302,40078
10283,40002
10321,40203
10211,40180
10239,40205
10286,40110
10218,40151
10362,40208
10261,40275
10223,39981
10256,40234
10291,40263
10342,40257
10289,40267
10230,40206
10264,40152
10214,39982
10215,40259
10229,40218
10210,40274
10313,40277
10276,40239
10290,40196
10253,40080
10236,40181
10260,40143
10225,40091
10240,40232
10275,40133
10232,39996
10281,40213
10282,40166
10256,40182
10184,39976
10198,39976
10216,40124
10247,40241
10266,40262
10207,40193
10294,40121
10203,40181
10301,40256
10244,40141
10315,40247
10278,40121
10210,40086
10253,40276
10288,40280
10251,40236
10285,40096
10265,40247
10213,39966
10300,40164
10240,40084
10225,40231
10274,40168
10222,40281
10306,40212
10307,40149
10281,40145
10209,40007
10258,40200
10296,40107
10252,40291
10221,40203
10219,40231
10247,40181
10319,40066
10337,40154
10228,40148
10293,40194
10269,40098
10303,40098
10235,40101
10250,39994
10243,40250
10212,40212
10278,40261
10349,40171
10206,40251
10292,40218
10224,39979
10364,40209
10325,40187
10299,40179
10242,40202
10190,39995
10208,40139
10327,40224
10306,40152
10234,40038
10249,40179
10277,40196
10239,40050
10186,40010
10254,40133
10220,40186
10318,40219
10295,40096
10369,40230
10367,40185
10257,40240
10270,40199
10268,40243
10237,40219
10196,40077
10231,40240
10317,40141
10267,40209
10215,39984
10233,40148
10248,40263
10313,40070
10204,40088
10302,40245
10279,40166
10211,40033
10298,40009
10332,40213
10254,40193
10272,40005
10304,40073
10394,40199
10305,40288
10195,40065
10282,40233
10295,40292
10310,40040
10291,40144
10342,40188
10217,40118
10245,40216
10207,39990
10226,40009
10241,40188
10381,40211
10214,40101
10248,40067
10229,40047
10233,40208
10238,40072
10288,40087
10279,40234
10297,40034
10260,40274
10275,40014
10309,40190
10307,40194
10263,40010
10371,40192
10209,40208
10252,40018
10328,40216
10216,39975
10356,40229
10266,40141
10259,40075
10294,40244
10312,40024
10271,40135
10203,40014
10201,40050
10244,40240
10278,39988
10349,40220
10206,40042
10343,40177
10285,40213
10213,40067
10300,40063
10334,40175
10274,40063
10202,39997
10234,40233
10390,40196
10284,40191
10277,40053
10209,40156
10258,40191
10221,40064
10319,40215
10333,40254
10280,40118
10228,40031
10370,40232
10270,39990
10271,40219
10200,40259
10269,40247
10303,40023
10231,40001
10178,40015
10246,40150
10212,40095
10352,40216
10205,40005
10292,40045
10183,40021
10287,40151
10242,40065
10208,40006
10345,40209
10302,40036
10249,40056
10234,40173
10283,40172
10211,40238
10311,40245
10254,40016
10239,40167
10272,40212
10220,40045
10273,40141
10358,40207
10223,40071
10314,40058
10237,40080
10196,40208
10230,40020
10245,40137
10246,40210
10264,40050
10192,40004
10226,40248
10329,40243
10180,40016
10287,40203
10267,40042
10233,40033
10276,40065
10185,40013
10199,40005
10320,40228
10297,40243
10298,40156
10272,40144
10232,40086
10263,40219
10372,40222
10223,40251
10310,40167
10291,40029
10289,40061
10379,40191
10217,39971
10354,40250
10331,40273
10294,40007
10241,40009
10226,40188
10203,40223
10201,40195
10301,40102
10191,40123
10244,40039
10210,40060
10290,39982
10238,40247
10251,40086
10323,40175
10300,40270
10297,40175
10240,39998
10274,40270
10222,39991
10202,40268
10309,40035
10232,40274
10263,40159
10252,40133
10266,40016
10194,39966
10259,40212
10293,40024
10368,40193
10271,40008
10200,40082
10269,40008
10201,40191
10250,40080
10243,40020
10315,40157
10206,40145
10224,40085
10255,40232
10325,40273
10375,40200
10213,40200
10299,40285
10262,40003
10202,40064
10346,40237
10306,40062
10344,40245
10249,40233
10197,39976
10284,40050
10277,40186
10311,40042
10258,40050
10296,40257
10220,40220
10273,40222
10218,40252
10314,40237
10268,40021
10246,40013
10231,40154
10264,40193
10205,40154
10329,40188
10224,40273
10255,40172
10287,40024
10215,40090
10227,40091
10204,40226
10302,40083
10283,40025
10321,40238
10211,40155
10298,40239
10286,40083
10218,40176
10261,40254
10314,40161
10289,40238
10230,40227
10354,40173
10264,40189
10241,40218
10326,40240
10248,40061
10229,40197
10210,40271
10276,40244
10290,40289
10236,40146
10323,40252
10260,39988
10225,40190
10240,40269
10332,40163
10275,40232
10286,40271
10281,40248
10316,40259
10256,40075
10310,40274
10289,40170
10179,40023
10266,40291
10207,40236
10294,40146
10365,40226
10203,40168
10301,40251
10244,40170
10315,40202
10278,40082
10210,40179
10350,40165
10290,40101
10253,40239
10251,40195
10285,40123
10265,40282
10300,40129
10240,40073
10225,40250
10274,40133
10222,40258
10346,40156
10306,40241
10307,40184
10281,40180
10335,40265
10209,39994
10258,40229
10296,40080
10221,40230
10219,40250
10247,40080
10216,40221
10228,40177
10293,40237
10312,40270
10269,40157
10340,40243
10303,40073
10235,40088
10377,40207
10243,40129
10278,40286
10292,40199
10364,40206
10325,40166
10265,40086
10299,40150
10242,40231
10327,40223
10306,40181
10234,40003
10197,40125
10249,40150
10283,40214
10321,40159
10311,40159
10239,40025
10186,40023
10254,40174
10220,40087
10219,40070
10318,40252
10257,40267
10270,40232
10268,40232
10196,40042
10303,40269
10231,40239
10317,40232
10382,40189
10324,40183
10267,40244
10336,40238
10313,40169
10204,40117
10302,40222
10320,40142
10279,40189
10211,40004
10332,40242
10254,40234
10272,39994
10304,40110
10195,40164
10282,40242
10295,40195
10257,40087
10291,40183
10217,40153
10245,40227
10207,40157
10226,39970
10241,40087
10361,40249
10214,40126
10248,40168
10229,40074
10313,40229
10238,40045
10253,40160
10236,40037
10288,40172
10357,40213
10279,40193
10297,40005
10260,40127
10225,40043
10275,40021
10309,40217
10307,40233
10371,40231
10209,40203
10316,40182
10328,40253
10216,40140
10247,40257
10217,40213
10266,40182
10259,40046
10294,40233
10271,40162
10203,40037
10244,40285
10349,40247
10288,40232
10285,40240
10213,40046
10300,40020
10334,40176
10274,40024
10202,39974
10234,40210
10341,40169
10284,40212
10277,40016
10209,40119
10353,40234
10258,40088
10221,40091
10374,40185
10319,40242
10193,39991
10280,40155
10228,40004
10270,40155
10271,40230
10269,40274
10231,40060
10246,40171
10243,40266
10212,40164
10352,40189
10205,40032
10292,40074
10359,40187
10299,40035
10262,40277
10227,39989
10242,40122
10208,40123
10345,40244
10302,40009
10249,40003
10234,40150
10283,40067
10211,40245
10311,40272
10254,40053
10239,40130
10272,40201
10358,40224
10305,40148
10392,40201
10295,40144
10280,40215
10237,40075
10196,40189
10230,40009
10245,40148
10246,40247
10317,40029
10192,40025
10226,40213
10324,40058
10267,40065
10233,40004
10276,40046
10347,40150
10185,40016
10236,40244
10199,40096
10376,40199
10320,40249
10279,40054
10297,40214
10272,40117
10305,40208
10195,40049
10223,40230
10256,39989
10310,40184
10291,40000
10289,40016
10217,40006
10354,40215
10207,40006
10294,40056
10241,40044
10226,40153
10368,40186
10203,40242
10201,40230
10214,40245
10301,40065
10210,40025
10347,40210
10238,40216
10288,40039
10251,40045
10322,40151
10323,40146
10297,40146
10240,40019
10274,40235
10309,40078
10232,40247
10263,40122
10335,40163
10316,40041
10198,40215
10247,39994
10266,40061
10194,39995
10259,40187
10228,40203
10293,40003
10368,40230
10308,40281
10271,40023
10200,40119
10269,40035
10201,40162
10235,40034
10250,40189
10243,40059
10206,40186
10343,40257
10322,40219
10265,39980
10213,40211
10299,40240
10262,40100
10227,40258
10327,40161
10202,40109
10346,40246
10344,40154
10249,40204
10284,40079
10277,40133
10220,40249
10219,39968
10193,40108
10280,40006
10314,40246
10270,40006
10268,40050
10246,40038
10231,40177
10264,40230
10212,40047
10205,40181
10329,40167
10255,40075
10224,40246
10324,40265
10287,40007
10242,39985
10227,40126
10208,39990
10302,40180
10320,40040
10283,40060
10211,40126
10298,40200
10273,40125
10218,40093
10339,40229
10261,40217
10223,40183
10314,40138
10257,39997
10291,40209
10289,40193
10245,40025
10230,40132
10264,40162
10241,40253
10326,40213
10214,40036
10215,40245
10248,40002
10229,40224
10276,40209
10236,40143
10199,39989
10323,40227
10225,40145
10275,40207
10286,40240
10339,40161
10282,39980
10316,40280
10256,40096
10328,40151
10198,40166
10289,40141
10266,40204
10351,40246
10294,40183
10365,40221
10312,40087
10203,40079
10301,40214
10191,39979
10244,40183
10210,40172
10290,40126
10253,40202
10251,40166
10285,40022
10357,40175
10300,40254
10225,40221
10240,40110
10274,40126
10222,40103
10346,40185
10306,40234
10281,40095
10209,39965
10258,40254
10296,40181
10386,40203
10252,40277
10221,40257
10219,40273
10216,40226
10247,40111
10319,40148
10194,40110
10228,40094
10293,40136
10312,40275
10308,40140
10269,40184
10340,40216
10303,40084
10250,40032
10235,40191
10377,40210
10243,40164
10278,40243
10292,40236
10224,40165
10255,40280
10265,40121
10299,40141
10262,39987
10242,40256
10306,40174
10234,39980
10197,40088
10249,40121
10283,40237
10321,40178
10277,40266
10311,40186
10296,40241
10186,39984
10220,40108
10218,40268
10181,40024
10219,40093
10318,40225
10261,40170
10367,40227
10268,40133
10237,40273
10196,40023
10303,40232
10231,40266
10317,40195
10205,40266
10363,40176
10324,40156
10267,40235
10215,40170
10336,40195
10389,40199
10313,40140
10208,40257
10204,40146
10302,40291
10320,40163
10279,40152
10211,39979
10332,40239
10254,40271
10195,40139
10282,40287
10295,40254
10223,40056
10256,40287
10257,40106
10291,40090
10342,40234
10217,40188
10230,40275
10207,40184
10226,39999
10241,40074
10366,40217
10361,40220
10214,40083
10338,40189
10248,40141
10229,40117
10210,40255
10313,40200
10238,40054
10253,40187
10236,40002
10288,40129
10357,40240
10279,40220
10260,40100
10225,40014
10188,40022
10275,40120
10309,40228
10307,40268
10304,40207
10281,40264
10282,40083
10316,40147
10328,40226
10198,40061
10216,40145
10247,40284
10217,40248
10266,40083
10259,40021
10294,40258
10201,39992
10250,40275
10338,40225
10278,40162
10288,40205
10285,40139
10213,40009
10300,40113
10334,40213
10274,39989
10222,40242
10202,40003
10307,40072
10341,40180
10284,40241
10209,40106
10353,40205
10258,40117
10221,40118
10319,40281
10280,40160
10228,40033
10293,40285
10270,40188
10271,40269
10269,40269
10243,40273
10212,40129
10292,40119
10255,39981
10359,40214
10299,40006
10262,40270
10227,40024
10190,40012
10242,40151
10208,40080
10302,40018
10249,39974
10197,40237
10283,40102
10321,40047
10211,40216
10234,40115
10239,39977
10254,40094
10330,40192
10220,39975
10218,39987
10305,40143
10261,40063
10295,40143
10280,40252
10268,40280
10237,40166
10196,40154
10230,40034
10245,40191
10246,40264
10264,39996
10287,40285
10267,40100
10233,40111
10248,40252
10313,40057
10276,40011
10347,40173
10204,39973
10236,40209
10199,40095
10279,40013
10355,40219
10272,40106
10304,40158
10305,40203
10195,40020
10223,40205
10310,40093
10291,40039
10289,39979
10217,40041
10207,40045
10226,40114
10203,40233
10214,40206
10301,40060
10229,39994
10347,40233
10290,40036
10253,40048
10288,40060
10251,40000
10238,40189
10322,40176
10297,40117
10260,40239
10240,40008
10274,40196
10222,40061
10309,40105
10263,40081
10232,40220
10281,39989
10252,39999
10198,40200
10216,40028
10319,40046
10266,40038
10194,40020
10259,40158
10228,40240
10293,40046
10331,40151
10271,40050
10200,40156
10201,40069
10235,40025
10250,40134
10206,39967
10187,40021
10322,40244
10285,40256
10265,40023
10213,40190
10299,40215
10262,40089
10327,40156
10202,40150
10344,40191
10249,40215
10197,40062
10284,40100
10273,40276
10221,39979
10219,40007
10318,40063
10193,40007
10333,40265
10280,40043
10314,40211
10270,40043
10268,40047
10200,40216
10246,40059
10231,40172
10212,40052
10205,40080
10224,40203
10255,40118
10324,40246
10287,40098
10336,40173
10189,40016
10227,40101
10242,39978
10208,39979
10302,40153
10211,40069
10239,40274
10273,40080
10218,40102
10339,40200
10261,40196
10295,40000
10223,40146
10314,40151
10257,40016
10291,40244
10237,40059
10245,40036
10230,40185
10264,40071
10329,40262
10326,40206
10361,40186
10214,40057
10267,39985
10215,40208
10233,39988
10229,40267
10276,40190
10290,40279
10185,39968
10236,40100
10323,40198
10387,40196
10260,40062
10298,40105
10275,40210
10286,40213
10232,40171
10263,40294
10282,40009
10316,40245
10256,40005
10310,40200
10328,40188
10198,40155
10289,40096
10266,40233
10351,40221
10294,40168
10203,40098
10301,40177
10191,40022
10315,40260
10210,40137
10350,40243
10290,40091
10251,40189
10322,40039
10285,40049
10265,40288
10375,40179
10300,40219
10240,40131
10274,40091
10222,40072
10202,40217
10341,40234
10281,40098
10353,40171
10296,40154
10252,40114
10247,40010
10360,40236
10319,40179
10194,40139
10228,40123
10293,40179
10312,40248
10308,40169
10200,39975
10250,40013
10235,40146
10243,40075
10315,40064
10278,40212
10206,40074
10292,40265
10224,40186
10255,40263
10325,40236
10265,40156
10299,40096
10327,40273
10345,40181
10306,40075
10249,40092
10197,40067
10277,40277
10296,40214
10186,39965
10220,40265
10219,40112
10374,40196
10318,40138
10261,40149
10337,40247
10333,40158
10367,40206
10268,40162
10237,40268
10196,39996
10303,40247
10317,40222
10264,40278
10267,40270
10215,40129
10313,40151
10204,40143
10302,40260
10320,40184
10321,40273
10332,40260
10286,40164
10223,40039
10257,40141
10291,40065
10342,40207
10379,40211
10207,40071
10241,40109
10363,40211
10361,40199
10214,40180
10338,40150
10233,40257
10229,40144
10248,40146
10210,40216
10313,40211
10276,40289
10238,40027
10253,40150
10236,39999
10260,40065
10225,40097
10188,39987
10240,40210
10275,40095
10309,40271
10307,40275
10304,40228
10232,40054
10281,40275
10282,40124
10384,40197
10184,40034
10328,40263
10198,40022
10216,40182
10217,40259
10266,40124
10259,39992
10294,40295
10312,40167
10203,39999
10201,39971
10235,40227
10338,40218
10391,40196
10244,40071
10278,40135
10288,40290
10285,40166
10213,40020
10300,40110
10334,40254
10274,39982
10222,40215
10202,40044
10306,40282
10341,40159
10284,40270
10209,40077
10258,40270
10296,40037
10330,40169
10252,40229
10221,40145
10319,40260
10270,40065
10308,40028
10303,40164
10212,40238
10205,39990
10292,40156
10224,40053
10359,40205
10227,40063
10242,40176
10208,40181
10234,40092
10197,40200
10283,40125
10311,40074
10239,39988
10254,40067
10330,40237
10220,39996
10273,40062
10305,40162
10318,40273
10261,40026
10295,40170
10280,40257
10270,40285
10237,40129
10196,40135
10245,40090
10317,40083
10180,39975
10267,40155
10215,40058
10233,40082
10248,40193
10313,40028
10276,40016
10208,40241
10204,40002
10236,40206
10199,40186
10373,40183
10279,40104
10272,40079
10286,40051
10304,40179
10305,40238
10195,40123
10217,40076
10245,40286
10331,40206
10226,40079
10241,39994
10301,40023
10229,39973
10290,40001
10253,40011
10288,40017
10251,39975
10199,40254
10238,40134
10297,40088
10260,40212
10240,40045
10222,40038
10263,40076
10232,40193
10216,40033
10356,40223
10194,40049
10259,40133
10308,40195
10271,40089
10200,40129
10201,40104
10250,40227
10244,40202
10315,40042
10278,40050
10206,39968
10343,40251
10322,40273
10285,40283
10265,40058
10213,40153
10299,40202
10262,40178
10202,40179
10197,40025
10284,40129
10258,40133
10273,40271
10221,40006
10219,40026
10318,40032
10193,40026
10280,40048
10200,40253
10303,40041
10246,40092
10212,40017
10352,40226
10205,40075
10255,40029
10183,39967
10324,40211
10287,40073
10262,40254
10242,40007
10227,40136
10348,40206
10283,39990
10298,40286
10239,40121
10272,40286
10273,40075
10218,40003
10305,40063
10295,40063
10223,40121
10257,40043
10237,40022
10230,40082
10264,40108
10326,40163
10214,40018
10267,40020
10276,40155
10236,40065
10260,40027
10298,40082
10304,40014
10232,40144
10263,40285
10282,40018
10316,40210
10256,40026
10310,40237
10328,40161
10198,40124
10289,40123
10351,40184
10301,40172
10244,39993
10315,40283
10210,39970
10350,40212
10290,40180
10238,40269
10251,40144
10322,40064
10225,40267
10240,40184
10222,40173
10202,40194
10341,40245
10281,40005
10335,40222
10252,40079
10247,40033
10360,40209
10194,40164
10259,40270
10228,40096
10293,40094
10312,40221
10308,40182
10200,40012
10340,40258
10250,40022
10235,40137
10243,40110
10315,40167
10206,40111
10224,40159
10187,39973
10325,40215
10265,40135
10213,40270
10299,40071
10227,40217
10327,40268
10306,40100
10344,40207
10249,40295
10197,40174
10284,39988
10277,40112
10219,40151
10374,40217
10318,40175
10261,40112
10337,40234
10333,40185
10367,40213
10268,40095
10303,40210
10177,40023
10231,40092
10205,40192
10267,40293
10215,40156
10189,39968
10204,40164
10302,40105
10239,40226
10286,40137
10362,40243
10195,40213
10223,40002
10256,40201
10257,40160
10291,40100
10207,40098
10241,40256
10214,40137
10248,39991
10229,40187
10276,40270
10290,40231
10238,39996
10253,40113
10279,40278
10260,40174
10225,40068
10240,40247
10275,40162
10232,40027
10282,40153
10316,40069
10256,40149
10184,40007
10198,40011
10216,40091
10247,40214
10266,40281
10194,40215
10294,40088
10312,40140
10203,40146
10235,40198
10301,40289
10244,40108
10278,40152
10210,40121
10288,40263
10251,40269
10285,40065
10265,40208
10213,39999
10300,40075
10334,40259
10209,40032
10296,40010
10252,40194
10221,40172
10219,40196
10216,40279
10247,40154
10337,40187
10228,39979
10293,40291
10270,40106
10308,40057
10269,40067
10303,40131
10243,40219
10212,40203
10278,40292
10206,40218
10292,40185
10224,40010
10364,40240
10359,40232
10227,40034
10242,40173
10208,40170
10234,40057
10249,40172
10283,40272
10355,40169
10277,40229
10311,40097
10254,40100
10220,40153
10273,40017
10261,40005
10295,40065
10369,40199
10280,40294
10370,40184
10257,40209
10270,40294
10268,40210
10237,40252
10196,40108
10230,39992
10245,40101
10231,40209
10317,40174
10364,40180
10267,40190
10215,40017
10233,40181
10248,40294
10276,39997
10208,40214
10204,40063
10199,40145
10320,40072
10279,40071
10355,40229
10298,40040
10272,40036
10286,40020
10304,40168
10305,40257
10282,40200
10295,40261
10217,40087
10331,40229
10226,40040
10241,40157
10214,40260
10248,40098
10229,40000
10233,40241
10290,40026
10238,40107
10253,39974
10251,39994
10199,40213
10288,40118
10297,40067
10225,39985
10222,40011
10275,40047
10309,40159
10304,40276
10263,40043
10209,40241
10252,40049
10356,40196
10266,39980
10259,40104
10331,40161
10294,40215
10312,40055
10308,40232
10271,40100
10200,40166
10201,40019
10250,40204
10244,40215
10278,40023
10206,40005
10343,40214
10213,40100
10262,40151
10234,40264
10197,40004
10284,40158
10209,40189
10258,40158
10221,40033
10219,40049
10356,40184
10333,40223
10280,40085
10370,40203
10200,40226
10269,40216
10303,40052
10231,39974
10246,40113
10212,40126
10352,40199
10205,40102
10292,40012
10255,40056
10287,40180
10262,40211
10242,40032
10227,40175
10208,40037
10348,40235
10283,40141
10211,40271
10311,40218
10239,40068
10254,39987
10272,40243
10220,40012
10273,40174
10218,40044
10305,40082
10223,40100
10314,40093
10237,40113
10196,40247
10245,39978
10230,40119
10317,40035
10264,40017
10192,39971
10329,40204
10382,40198
10287,40232
10267,40011
10276,40096
10348,40175
10199,40042
10323,40272
10320,40195
10373,40199
10279,39992
10297,40268
10260,40000
10298,40191
10275,40284
10272,40191
10304,40035
10232,40117
10195,39979
10263,40248
10282,40063
10372,40189
10223,40280
10256,40063
10198,40081
10289,40094
10217,39964
10351,40167
10366,40185
10201,40220
10301,40135
10244,40006
10210,39967
10290,40145
10238,40278
10251,40119
10323,40076
10274,40273
10222,40150
10202,40239
10307,40044
10341,40208
10263,40188
10281,40040
10335,40229
10252,40164
10247,40060
10360,40182
10259,40245
10228,40269
10293,40121
10365,40178
10308,40083
10271,39977
10200,40049
10269,39977
10201,40152
10235,39980
10250,40115
10243,40117
10315,40186
10206,40112
10224,40116
10187,39992
10255,40201
10265,40170
10213,40233
10262,40034
10227,40252
10346,40204
10344,40212
10249,40266
10197,40137
10284,40017
10277,40091
10258,40021
10296,40288
10220,40195
10273,40255
10218,40223
10219,40170
10318,40080
10261,40091
10337,40205
10314,40268
10268,40116
10340,40163
10246,39980
10231,40123
10264,40288
10212,39969
10317,40276
10205,40251
10329,40157
10255,40141
10324,40067
10287,40057
10215,40123
10189,39995
10204,40193
10302,40114
10283,40006
10321,40207
10211,40184
10385,40201
10239,40201
10286,40114
10218,40147
10362,40220
10358,40165
10261,40287
10223,39977
10256,40238
10257,40187
10291,40267
10342,40261
10289,40271
10230,40194
10264,40156
10326,40275
10214,39970
10229,40166
10313,40281
10276,40235
10290,40192
10253,40076
10236,40177
10260,40139
10225,40095
10240,40236
10275,40137
10232,40000
10281,40217
10282,40162
10256,40170
10184,39980
10198,39980
10216,40096
10247,40237
10266,40258
10207,40205
10294,40125
10312,40145
10203,40137
10301,40284
10244,40137
10315,40235
10278,40125
10210,40082
10253,40272
10288,40284
10251,40224
10285,40092
10265,40251
10213,39962
10300,40160
10274,40164
10306,40208
10307,40153
10281,40149
10209,40027
10258,40196
10296,40111
10252,40223
10221,40199
10219,40219
10247,40177
10319,40078
10337,40158
10228,40144
10293,40206
10269,40126
10303,40110
10250,39974
10235,40121
10243,40254
10212,40208
10349,40167
10206,40255
10292,40166
10224,39983
10364,40237
10299,40183
10242,40198
10190,39999
10208,40143
10327,40252
10306,40148
10234,40034
10249,40183
10277,40192
10239,40062
10254,40137
10220,40182
10181,39966
10362,40175
10318,40223
10295,40124
10257,40244
10270,40203
10268,40207
10237,40215
10196,40073
10303,40290
10231,40204
10317,40137
10267,40213
10215,39980
10233,40152
10248,40267
10313,40074
10208,40203
10204,40084
10199,40140
10302,40249
10279,40162
10211,40037
10298,40021
10332,40209
10254,40197
10272,40025
10286,39993
10304,40077
10305,40292
10195,40069
10282,40213
10295,40288
10310,40044
10291,40148
10342,40176
10217,40122
10245,40196
10207,39986
10226,40005
10241,40176
10381,40207
10214,40281
10248,40071
10229,40043
10233,40212
10238,40076
10288,40075
10378,40197
10279,40230
10297,40038
10260,40286
10275,40050
10309,40186
10307,40198
10304,40265
10263,40006
10371,40196
10209,40212
10252,40014
10328,40220
10216,39979
10356,40225
10266,40137
10259,40079
10294,40200
10312,40028
10308,40245
10271,40131
10203,40002
10201,40054
10244,40252
10278,39976
10349,40216
10206,40046
10343,40173
10285,40209
10213,40079
10262,40136
10300,40059
10334,40147
10274,40059
10202,39993
10234,40245
10284,40187
10277,40049
10209,40144
10258,40187
10221,40060
10356,40165
10319,40211
10333,40250
10280,40122
10228,40027
10370,40228
10383,40209
10270,39994
10271,40199
10200,40263
10269,40243
10303,40019
10231,40029
10246,40138
10212,40091
10352,40220
10205,40001
10292,40041
10255,40039
10183,40017
10287,40147
10242,40093
10208,40026
10345,40213
10302,40040
10249,40060
10234,40169
10283,40160
10211,40274
10311,40241
10254,40020
10239,40163
10272,40232
10220,40041
10273,40129
10358,40195
10223,40067
10314,40038
10237,40108
10196,40220
10230,40104
10245,39989
10246,40214
10317,40062
10264,40054
10192,39992
10226,40244
10329,40247
10180,40028
10287,40215
10267,40046
10233,40037
10276,40077
10236,40283
10199,40001
10320,40216
10297,40247
10298,40152
10272,40148
10232,40090
10263,40215
10372,40218
10223,40263
10310,40155
10198,40074
10289,40049
10217,39975
10354,40246
10294,40027
10241,40013
10226,40184
10203,40211
10201,40199
10301,40098
10244,40035
10210,40056
10290,39978
10238,40251
10251,40074
10323,40179
10300,40266
10297,40179
10240,39986
10274,40266
10222,39995
10202,40264
10309,40047
10307,40051
10232,40278
10263,40155
10281,40051
10371,40177
10252,40129
10198,40246
10266,40028
10259,40216
10293,40100
10368,40197
10365,40173
10271,39988
10200,40086
10269,40004
10201,40131
10250,40092
10243,40024
10315,40145
10206,40149
10224,40073
10187,39967
10255,40244
10375,40196
10213,40244
10299,40273
10262,40007
10227,40227
10202,40076
10346,40233
10306,40058
10344,40249
10249,40237
10197,39988
10284,40046
10277,40166
10311,40038
10258,40046
10296,40261
10220,40216
10273,40210
10218,40248
10261,40070
10314,40233
10268,40017
10246,40001
10231,40150
10264,40197
10205,40150
10224,40277
10255,40168
10287,40036
10215,40086
10227,40095
10204,40254
10302,40087
10283,40029
10321,40226
10211,40159
10298,40235
10239,40212
10286,40087
10218,40188
10339,40258
10261,40250
10314,40173
10289,40226
10230,40231
10354,40169
10264,40129
10241,40222
10326,40244
10215,40282
10248,40033
10229,40193
10210,40267
10276,40240
10290,40221
10236,40174
10260,39984
10225,40178
10240,40257
10332,40191
10275,40236
10286,40275
10232,39973
10281,40252
10256,40079
10310,40278
10184,39985
10289,40174
10179,40027
10207,40232
10294,40150
10203,40172
10235,40272
10301,40247
10244,40150
10315,40206
10278,40086
10210,40079
10350,40169
10290,40097
10253,40235
10251,40199
10285,40119
10265,40286
10300,40157
10240,40077
10225,40254
10274,40129
10222,40262
10346,40152
10306,40205
10307,40188
10281,40184
10209,39998
10258,40225
10296,40084
10221,40226
10219,40254
10247,40076
10216,40193
10228,40189
10293,40233
10269,40153
10340,40255
10235,40092
10243,40133
10278,40274
10206,40256
10292,40195
10364,40202
10325,40162
10265,40090
10299,40170
10242,40227
10190,39968
10327,40219
10306,40177
10234,40015
10197,40121
10249,40154
10283,40202
10321,40147
10311,40155
10239,40005
10186,40019
10254,40178
10220,40083
10318,40192
10257,40271
10270,40236
10268,40228
10196,40054
10303,40265
10231,40235
10317,40228
10324,40179
10267,40200
10233,40131
10248,40272
10336,40226
10313,40173
10204,40113
10302,40194
10279,40185
10211,40008
10332,40206
10254,40238
10272,39998
10304,40098
10195,40168
10282,40254
10295,40223
10257,40075
10291,40187
10342,40149
10217,40157
10245,40239
10207,40153
10226,40030
10241,40171
10214,40114
10248,40172
10229,40086
10313,40233
10380,40210
10238,40081
10288,40160
10236,40033
10357,40209
10279,40253
10297,40009
10260,40123
10225,40047
10275,40025
10309,40197
10307,40237
10263,39997
10209,40207
10316,40178
10328,40193
10216,39984
10217,40217
10266,40178
10259,40050
10294,40237
10271,40174
10203,40057
10244,40281
10349,40243
10206,40051
10288,40236
10285,40236
10213,40042
10300,40016
10334,40180
10274,40020
10202,39970
10234,40222
10284,40208
10277,40028
10209,40139
10353,40238
10258,40084
10221,40087
10374,40189
10319,40254
10193,39979
10280,40159
10228,40000
10270,40159
10271,40226
10269,40238
10231,40056
10246,40175
10243,40270
10212,40160
10352,40177
10205,40060
10292,40086
10325,40055
10359,40183
10299,40039
10227,39993
10242,40118
10208,40127
10345,40248
10302,40013
10249,40007
10234,40146
10283,40071
10211,40249
10311,40268
10254,40057
10239,40142
10272,40205
10358,40228
10305,40104
10392,40205
10280,40219
10237,40071
10196,40185
10230,40013
10245,40144
10246,40235
10192,40029
10226,40209
10182,40025
10267,40069
10233,40008
10276,40042
10185,40020
10236,40240
10199,40124
10376,40203
10320,40253
10279,40050
10297,40218
10298,40133
10272,40137
10305,40212
10195,40053
10372,40231
10223,40226
10256,39977
10310,40188
10291,40004
10289,40020
10217,40010
10354,40211
10207,40002
10331,40264
10294,40060
10241,40032
10226,40149
10368,40190
10203,40246
10201,40234
10214,40233
10301,40093
10210,40021
10347,40214
10238,40220
10251,40033
10322,40147
10323,40150
10297,40150
10240,40023
10274,40231
10222,39964
10309,40074
10232,40251
10263,40118
10335,40175
10316,40037
10252,40158
10198,40235
10247,39990
10266,40057
10194,39991
10259,40191
10228,40215
10293,40015
10308,40261
10271,40019
10200,40123
10269,40063
10201,40166
10235,40038
10250,40185
10243,40063
10206,40190
10322,40215
10265,39984
10213,40223
10299,40244
10262,40120
10227,40262
10327,40189
10202,40105
10346,40242
10344,40158
10249,40240
10197,39967
10284,40075
10277,40129
10311,40061
10220,40245
10219,39972
10318,40030
10393,40197
10280,40010
10314,40242
10270,40010
10268,40014
10340,40149
10246,40026
10231,40141
10264,40234
10212,40043
10205,40177
10329,40171
10255,40087
10224,40234
10324,40277
10287,40003
10227,40066
10302,40184
10320,40044
10283,40048
10211,40098
10298,40212
10273,40113
10218,40089
10339,40233
10261,40229
10223,40179
10314,40182
10257,39985
10291,40213
10289,40197
10245,40005
10230,40152
10264,40166
10241,40241
10326,40233
10215,40241
10248,40006
10229,40236
10276,40221
10236,40139
10199,39985
10323,40231
10225,40149
10275,40243
10286,40244
10339,40165
10316,40276
10256,40100
10328,40155
10198,40186
10289,40129
10266,40200
10207,40247
10351,40242
10294,40139
10365,40217
10312,40091
10203,40067
10301,40210
10191,39991
10244,40179
10210,40168
10290,40122
10253,40198
10251,40218
10285,40018
10265,40257
10357,40171
10300,40250
10240,40098
10225,40209
10274,40122
10222,40107
10346,40165
10306,40230
10281,40067
10258,40250
10296,40185
10386,40199
10252,40273
10221,40253
10219,40277
10247,40107
10216,40230
10319,40144
10194,40106
10228,40090
10293,40148
10312,40279
10308,40136
10269,40180
10340,40196
10303,40080
10250,40044
10235,40179
10377,40214
10243,40168
10278,40247
10292,40232
10224,39961
10325,40141
10265,40125
10299,40129
10262,39991
10242,40284
10345,40150
10306,40170
10234,39976
10197,40100
10249,40125
10283,40225
10321,40182
10311,40182
10296,40245
10186,39996
10220,40104
10218,40264
10219,40081
10318,40229
10261,40182
10257,40290
10270,40241
10268,40129
10196,40019
10303,40276
10231,40262
10317,40255
10205,40262
10363,40180
10324,40152
10267,40239
10215,40166
10336,40199
10389,40195
10313,40176
10208,40261
10204,40110
10320,40167
10279,40148
10211,39983
10332,40235
10254,40275
10195,40143
10282,40283
10295,40250
10256,40275
10257,40110
10291,40094
10342,40238
10217,40160
10230,40279
10207,40164
10226,39995
10241,40078
10366,40221
10363,40240
10361,40224
10214,40087
10338,40185
10248,40177
10229,40113
10176,39971
10210,40251
10313,40204
10238,40058
10253,40183
10236,40030
10199,40266
10288,40133
10357,40252
10279,40216
10260,40096
10225,40002
10188,40018
10275,40124
10309,40224
10307,40240
10304,40195
10281,40268
10282,40095
10316,40143
10328,40230
10198,40049
10216,40149
10247,40280
10217,40252
10266,40095
10259,40025
10294,40262
10271,40181
10201,39996
10250,40287
10338,40253
10278,40166
10288,40193
10285,40135
10213,40053
10300,40013
10334,40217
10274,39985
10222,40246
10202,40015
10307,40076
10341,40176
10284,40237
10209,40110
10353,40193
10258,40113
10221,40114
10319,40229
10280,40164
10228,40045
10293,40281
10270,40160
10271,40265
10269,40265
10243,40277
10212,40141
10292,40115
10255,39977
10359,40210
10299,40026
10262,40258
10227,40028
10190,40016
10242,40147
10208,40084
10345,40259
10302,40022
10249,39978
10197,40233
10283,40090
10321,40035
10211,40220
10234,40127
10254,40034
10239,40149
10330,40204
10220,39971
10218,39999
10305,40131
10261,40059
10295,40139
10280,40224
10268,40276
10237,40162
10196,40166
10230,40038
10245,40187
10246,40268
10326,40055
10287,40281
10267,40120
10233,40115
10248,40224
10313,40061
10276,40055
10347,40161
10204,39969
10236,40237
10199,40091
10376,40208
10320,40274
10279,40009
10355,40223
10272,40110
10304,40146
10305,40207
10195,40024
10223,40201
10310,40081
10291,40043
10289,39983
10217,40045
10207,40041
10226,40110
10203,40237
10214,40194
10301,40056
10210,40014
10347,40237
10290,40032
10253,40044
10288,40048
10251,40004
10238,40161
10322,40172
10297,40121
10260,40235
10240,40012
10274,40192
10275,39977
10309,40085
10232,40224
10263,40109
10281,39993
10252,39995
10198,40204
10216,40000
10319,40042
10266,40034
10194,40016
10259,40162
10228,40252
10293,40042
10308,40290
10271,40062
10200,40096
10201,40073
10235,40029
10250,40130
10187,40009
10322,40240
10265,40027
10213,40186
10299,40235
10262,40093
10327,40152
10202,40146
10344,40163
10249,40219
10197,40058
10284,40096
10277,39980
10221,39975
10219,39995
10193,40123
10333,40261
10280,40047
10314,40223
10270,40047
10268,40043
10200,40220
10246,40063
10231,40168
10212,40048
10205,40172
10224,40207
10255,40114
10324,40242
10287,40110
10336,40161
10189,40012
10227,40105
10208,39983
10302,40157
10211,40073
10273,40084
10218,40098
10305,40024
10339,40204
10261,40192
10295,40028
10223,40158
10314,40147
10257,40020
10291,40248
10289,40216
10237,40055
10245,40032
10230,40189
10264,40075
10329,40266
10326,40194
10361,40190
10214,40061
10267,39989
10215,40204
10233,39992
10229,40279
10276,40186
10290,40275
10185,39972
10236,40096
10199,39980
10323,40202
10387,40200
10260,40058
10298,40117
10275,40214
10286,40217
10232,40175
10263,40290
10282,39989
10316,40241
10256,40121
10310,40204
10198,40159
10289,40100
10266,40245
10351,40217
10294,40172
10203,40102
10301,40205
10191,40018
10210,40133
10350,40247
10290,40087
10251,40177
10285,40045
10265,40292
10300,40215
10240,40135
10274,40087
10222,40076
10281,40102
10353,40175
10296,40158
10252,40110
10221,40280
10247,40006
10360,40240
10319,40191
10194,40135
10228,40071
10293,40191
10312,40252
10308,40149
10200,39979
10269,40175
10250,40009
10235,40150
10243,40079
10315,40068
10278,40200
10206,40078
10292,40277
10224,40190
10255,40259
10325,40232
10265,40096
10299,40100
10345,40185
10306,40071
10249,40064
10197,40079
10321,40073
10277,40273
10296,40218
10220,40261
10218,40277
10219,40116
10318,40142
10261,40145
10337,40267
10333,40154
10367,40202
10268,40190
10237,40264
10196,39992
10303,40243
10317,40218
10264,40282
10363,40171
10267,40258
10215,40189
10313,40155
10204,40139
10302,40264
10320,40188
10321,40277
10211,39986
10388,40198
10332,40256
10286,40168
10282,40292
10223,40035
10257,40129
10291,40069
10342,40195
10230,40264
10207,40067
10241,40097
10363,40215
10361,40203
10214,40168
10338,40146
10233,40261
10229,40156
10248,40150
10210,40212
10313,40215
10238,40031
10253,40146
10236,39995
10288,40154
10357,40231
10260,40077
10225,40101
10188,39983
10240,40214
10275,40067
10309,40267
10307,40279
10304,40248
10232,40058
10281,40279
10282,40120
10328,40267
10198,40042
10216,40186
10217,40263
10266,40120
10259,39996
10207,40263
10312,40171
10203,39987
10201,39975
10235,40231
10338,40214
10391,40192
10244,40067
10278,40187
10288,40294
10285,40162
10213,40016
10300,40106
10334,40226
10274,39978
10222,40219
10202,40040
10306,40278
10307,40083
10341,40155
10284,40266
10209,40065
10258,40266
10296,40041
10330,40181
10252,40225
10221,40141
10319,40256
10293,40260
10270,40069
10308,40024
10271,40276
10269,40292
10303,40160
10212,40234
10205,39986
10292,40152
10224,40041
10359,40201
10227,40003
10242,40140
10208,40073
10234,40088
10197,40212
10283,40113
10311,40070
10239,39984
10254,40071
10330,40233
10220,39992
10273,40050
10305,40166
10318,40277
10261,40038
10295,40166
10280,40261
10270,40257
10237,40157
10196,40131
10245,40070
10246,40289
10317,40079
10180,39971
10287,40260
10267,40159
10215,40054
10233,40086
10248,40197
10276,40028
10208,40245
10204,40030
10236,40202
10199,40182
10373,40179
10279,40100
10355,40194
10272,40067
10286,40055
10304,40183
10305,40226
10195,40127
10217,40048
10245,40282
10207,40052
10331,40194
10226,40075
10241,39998
10301,40019
10229,39969
10176,40019
10290,40061
10253,40007
10288,40021
10251,40027
10199,40250
10238,40138
10380,40191
10297,40092
10260,40208
10240,40033
10222,40042
10263,40072
10232,40197
10209,40274
10316,40031
10216,40037
10356,40219
10194,40045
10259,40137
10308,40207
10271,40069
10200,40133
10201,40108
10250,40239
10243,39977
10315,40046
10278,40054
10206,39972
10343,40247
10322,40269
10285,40279
10265,40062
10213,40133
10299,40206
10262,40182
10202,40191
10197,40037
10284,40125
10277,39991
10258,40129
10273,40259
10221,40002
10219,40030
10318,40036
10193,40030
10280,40052
10270,40048
10200,40193
10246,40080
10212,40029
10352,40230
10205,40071
10255,40025
10324,40223
10287,40085
10262,40242
10242,40003
10227,40140
10348,40202
10283,39978
10298,40282
10239,40101
10272,40274
10273,40079
10218,40015
10305,40051
10339,40211
10295,40059
10223,40133
10257,40047
10237,40018
10230,40086
10264,40112
10326,40167
10214,40022
10276,40135
10236,40093
10260,40039
10298,40094
10286,40194
10232,40148
10263,40281
10282,40030
10316,40206
10256,40030
10310,40225
10328,40165
10198,40112
10289,40127
10351,40196
10301,40168
10315,40287
10210,39998
10350,40216
10290,40176
10251,40148
10322,40060
10300,40204
10225,40271
10240,40188
10222,40177
10202,40206
10307,40013
10341,40241
10281,40009
10335,40218
10296,40131
10252,40075
10247,40029
10360,40213
10194,40160
10259,40274
10228,40108
10293,40090
10312,40193
10308,40178
10200,40016
10250,40018
10235,40141
10243,40082
10206,40083
10224,40147
10325,40211
10265,40139
10213,40266
10299,40091
10227,40221
10327,40264
10306,40096
10197,40170
10284,39984
10277,40124
10219,40139
10374,40221
10318,40179
10261,40124
10337,40238
10333,40181
10367,40209
10268,40091
10196,39973
10303,40222
10231,40088
10205,40220
10215,40152
10204,40160
10302,40109
10239,40238
10286,40141
10195,40217
10223,40014
10256,40205
10257,40164
10291,40104
10207,40110
10241,40260
10363,40202
10214,40141
10248,39995
10229,40135
10276,40266
10290,40227
10253,40109
10279,40274
10260,40170
10225,40120
10240,40203
10275,40166
10309,40278
10232,40031
10282,40133
10316,40065
10256,40137
10184,40011
10198,40015
10216,40095
10247,40210
10266,40101
10194,40211
10294,40092
10312,40176
10203,40150
10235,40218
10244,40104
10278,40156
10210,40117
10378,40181
10251,40257
10285,40189
10265,40212
10213,39995
10300,40071
10334,40263
10209,40036
10296,40014
10252,40254
10221,40168
10216,40283
10247,40150
10337,40191
10228,39991
10270,40110
10308,40037
10269,40095
10303,40143
10243,40223
10212,40247
10205,39981
10206,40222
10292,40133
10224,40014
10359,40228
10227,40038
10190,39966
10242,40169
10208,40174
10234,40069
10283,40276
10355,40173
10277,40225
10311,40093
10254,40104
10330,40274
10220,40149
10273,40021
10261,40001
10295,40093
10369,40219
10370,40180
10257,40213
10237,40248
10196,40104
10230,39996
10245,40097
10317,40170
10182,39976
10364,40176
10267,40178
10215,40013
10233,40185
10276,39993
10208,40234
10204,40059
10199,40173
10320,40076
10279,40067
10355,40233
10298,40052
10272,40056
10286,40024
10304,40172
10305,40261
10295,40257
10310,40015
10217,40091
10245,40293
10331,40249
10226,40036
10241,40145
10301,40014
10248,40102
10229,40012
10233,40245
10290,40022
10238,40111
10288,40106
10251,39998
10199,40209
10297,40071
10225,39989
10222,40015
10309,40155
10263,40039
10209,40245
10252,40045
10356,40192
10259,40108
10331,40165
10312,40059
10308,40212
10271,40096
10200,40170
10201,40023
10250,40200
10244,40211
10278,40011
10206,40009
10343,40210
10265,40033
10213,40096
10262,40171
10234,40276
10197,40000
10284,40154
10209,40177
10258,40154
10221,40029
10219,40053
10333,40219
10280,40089
10370,40199
10268,39997
10200,40230
10269,40212
10303,40048
10231,39970
10246,40117
10212,40122
10352,40251
10205,40098
10292,40008
10255,40004
10324,40196
10287,40176
10262,40215
10242,40060
10227,40179
10208,40057
10348,40231
10283,40129
10298,40263
10311,40214
10239,40064
10254,39991
10272,40247
10220,40008
10273,40162
10218,40040
10305,40086
10223,40096
10314,40089
10237,40013
10230,40075
10264,40021
10192,39975
10226,40279
10329,40208
10382,40202
10326,40152
10287,40244
10267,40015
10276,40108
10348,40171
10199,40038
10323,40276
10320,40199
10373,40195
10279,39988
10297,40272
10260,40012
10298,40187
10275,40256
10272,40179
10304,40039
10232,40121
10195,39983
10263,40244
10282,40059
10372,40185
10256,40051
10310,40250
10198,40085
10289,40082
10351,40163
10366,40189
10301,40131
10191,40036
10244,40002
10210,39963
10290,40141
10238,40282
10251,40107
10222,40154
10202,40235
10307,40016
10341,40220
10263,40184
10281,40044
10335,40225
10371,40174
10252,40160
10247,40056
10360,40186
10194,40189
10259,40249
10228,40265
10293,40069
10308,40095
10200,40053
10201,40156
10250,40127
10243,40121
10315,40190
10206,40116
10224,40104
10187,39996
10255,40213
10265,40174
10213,40277
10262,40038
10227,40192
10190,40116
10346,40200
10306,40029
10344,40216
10249,40270
10197,40149
10284,40013
10277,40071
10258,40017
10296,40292
10273,40243
10218,40219
10219,40174
10261,40103
10337,40193
10314,40264
10268,40112
10340,40175
10177,40014
10231,40119
10317,40272
10264,40292
10212,39981
10205,40247
10255,40137
10215,40119
10189,39991
10204,40221
10302,40118
10321,40195
10211,40188
10385,40205
10239,40245
10286,40118
10218,40159
10362,40216
10358,40185
10261,40283
10223,39989
10256,40226
10257,40191
10291,40271
10289,40259
10230,40198
10207,40117
10214,39974
10229,40162
10313,40285
10276,40279
10290,40252
10253,40072
10260,40151
10225,40083
10240,40224
10332,40158
10275,40141
10232,40004
10281,40221
10282,40174
10256,40174
10184,40016
10198,39968
10216,40100
10247,40233
10266,40270
10207,40201
10294,40113
10312,40149
10203,40141
10301,40280
10244,40117
10315,40239
10278,40113
10210,40110
10253,40268
10288,40272
10251,40228
10285,40088
10265,40255
10300,40188
10274,40160
10307,40157
10281,40153
10209,40031
10258,40192
10296,40115
10252,40219
10221,40195
10219,40223
10247,40173
10319,40074
10337,40146
10228,40156
10293,40202
10270,40115
10269,40122
10303,40106
10235,40125
10243,40226
10212,40220
10349,40163
10206,40227
10292,40162
10224,39971
10364,40233
10325,40067
10242,40194
10208,40131
10327,40248
10306,40144
10234,40046
10249,40187
10277,40204
10239,40058
10254,40141
10220,40178
10273,40008
10362,40171
10261,39980
10295,40120
10257,40232
10270,40207
10268,40203
10237,40211
10196,40085
10231,40200
10192,40129
10364,40173
10267,40169
10215,39976
10233,40156
10248,40271
10313,40078
10208,40207
10204,40080
10199,40136
10302,40253
10279,40094
10211,40041
10298,40017
10254,40201
10272,40029
10286,39997
10304,40065
10195,40073
10282,40209
10369,40186
10310,40032
10291,40152
10342,40180
10217,40126
10245,40192
10207,39998
10226,40001
10241,40180
10381,40203
10248,40075
10229,40055
10233,40216
10253,39997
10288,40079
10238,40112
10199,40204
10378,40193
10323,40042
10279,40226
10297,40042
10260,40282
10275,40054
10309,40166
10307,40202
10304,40269
10263,40002
10371,40200
10209,40232
10252,40010
10216,39983
10356,40237
10266,40149
10259,40083
10294,40204
10308,40241
10271,40143
10203,40006
10201,40058
10250,40213
10244,40248
10278,39980
10349,40212
10206,40018
10343,40169
10285,40205
10213,40075
10262,40140
10300,40055
10334,40151
10274,40055
10234,40241
10284,40183
10277,40061
10209,40148
10258,40183
10296,39998
10221,40056
10319,40223
10333,40246
10280,40126
10370,40224
10270,39998
10271,40195
10200,40267
10269,40207
10303,40031
10231,40025
10246,40142
10212,40071
10352,40208
10205,40029
10292,40053
10255,40035
10183,40013
10287,40159
10262,40200
10242,40089
10208,40030
10348,40252
10345,40217
10302,40044
10249,40032
10234,40181
10283,40164
10211,40278
10311,40237
10254,40024
10239,40175
10272,40236
10220,40037
10273,40133
10218,40053
10358,40199
10305,40073
10223,40079
10314,40034
10237,40104
10196,40216
10245,39985
10230,40108
10246,40202
10317,40058
10264,40058
10192,39996
10226,40240
10329,40251
10180,40024
10287,40211
10267,40034
10233,40041
10276,40073
10236,40279
10199,40029
10320,40220
10297,40251
10298,40164
10272,40168
10232,40094
10263,40211
10372,40198
10223,40259
10310,40159
10198,40078
10289,40053
10379,40183
10217,39979
10354,40242
10294,40031
10241,40001
10226,40180
10203,40215
10201,40203
10244,40047
10210,40052
10238,40255
10288,39994
10251,40078
10285,39998
10323,40183
10300,40262
10297,40183
10240,39990
10274,40262
10222,39999
10309,40043
10307,40055
10263,40151
10281,40055
10371,40181
10252,40189
10266,40024
10259,40220
10293,40096
10368,40217
10365,40169
10308,40100
10271,39984
10200,40090
10269,40000
10201,40135
10250,40088
10243,40028
10315,40149
10206,40153
10224,40077
10255,40240
10375,40192
10213,40240
10299,40277
10262,40027
10227,40231
10202,40072
10346,40213
10306,40054
10344,40253
10249,40273
10197,39984
10284,40042
10277,40162
10311,40034
10258,40042
10296,40265
10220,40212
10273,40214
10218,40228
10261,40066
10280,39977
10314,40277
10268,40109
10340,40180
10246,40005
10231,40146
10264,40201
10205,40146
10224,40265
10255,40180
10287,40032
10215,40082
10204,40250
10302,40091
10283,40017
10321,40230
10211,40131
10298,40247
10239,40208
10286,40091
10218,40184
10362,40197
10339,40262
10261,40262
10314,40169
10289,40230
10237,39997
10230,40251
10354,40165
10264,40133
10241,40210
10326,40264
10214,39995
10215,40278
10248,40037
10229,40205
10210,40263
10276,40252
10290,40217
10236,40170
10260,39996
10225,40182
10240,40261
10332,40187
10275,40144
10286,40279
10232,39977
10281,40224
10256,40067
10310,40266
10289,40162
10207,40212
10294,40106
10203,40160
10235,40276
10338,40265
10301,40243
10244,40146
10315,40194
10278,40074
10210,40075
10350,40173
10253,40231
10251,40251
10285,40115
10265,40226
10300,40153
10240,40065
10225,40242
10274,40157
10222,40266
10306,40201
10307,40160
10281,40188
10209,39986
10258,40221
10296,40088
10221,40222
10219,40242
10247,40072
10216,40197
10228,40185
10293,40245
10269,40149
10340,40251
10303,40113
10235,40080
10243,40137
10278,40278
10349,40190
10206,40260
10292,40207
10224,39992
10364,40198
10325,40174
10265,40094
10299,40174
10242,40255
10190,39972
10327,40215
10306,40141
10234,40011
10249,40158
10283,40206
10321,40151
10277,40215
10311,40151
10239,40001
10186,40031
10254,40182
10220,40079
10181,39973
10318,40196
10257,40259
10270,40208
10268,40224
10237,40206
10196,40050
10377,40179
10231,40231
10317,40224
10324,40191
10267,40204
10233,40135
10248,40276
10336,40230
10313,40081
10204,40077
10302,40198
10279,40181
10211,40012
10332,40202
10254,40242
10272,39986
10304,40102
10195,40172
10282,40250
10295,40219
10257,40079
10291,40191
10217,40129
10245,40235
10207,40133
10226,40026
10241,40175
10214,40118
10248,40080
10229,40082
10233,40195
10313,40237
10380,40206
10238,40085
10288,40164
10236,40061
10357,40221
10279,40249
10297,40013
10260,40263
10225,40035
10275,40029
10309,40193
10307,40209
10304,40290
10263,39993
10209,40195
10316,40174
10328,40197
10216,39988
10217,40221
10266,40190
10259,40054
10294,40225
10271,40170
10203,40061
10244,40261
10349,40239
10206,40055
10288,40224
10285,40232
10213,40086
10300,40044
10334,40184
10274,40016
10202,39982
10234,40218
10284,40204
10277,40024
10209,40143
10353,40226
10258,40080
10221,40083
10319,40250
10193,39983
10280,40131
10228,40012
10270,40131
10271,40238
10269,40234
10231,40052
10246,40163
10212,40172
10352,40181
10205,40056
10292,40082
10325,40051
10359,40179
10299,40059
10227,39997
10242,40114
10208,40115
10345,40252
10302,40049
10249,40011
10234,40158
10283,40187
10376,40179
10211,40253
10311,40264
10254,40061
10239,40138
10272,40193
10273,39992
10218,39966
10358,40248
10305,40108
10280,40223
10237,40067
10196,40197
10230,40001
10245,40156
10246,40239
10192,40017
10226,40205
10182,40029
10267,40089
10233,40012
10276,40086
10185,40024
10236,40268
10199,40120
10376,40207
10320,40241
10279,40046
10297,40222
10298,40129
10272,40141
10232,40067
10195,40057
10263,40206
10372,40227
10223,40238
10256,39981
10310,40176
10291,40008
10289,40008
10217,40014
10354,40207
10207,40014
10331,40268
10294,40048
10241,40036
10226,40145
10368,40178
10203,40202
10201,40238
10214,40237
10301,40089
10244,40052
10210,40017
10347,40202
10238,40192
10251,40037
10322,40143
10323,40154
10297,40154
10240,39979
10274,40227
10222,39968
10309,40054
10232,40255
10263,40114
10335,40171
10316,40033
10252,40154
10198,40239
10247,39986
10266,40005
10194,39987
10259,40195
10228,40211
10293,40011
10308,40257
10271,40031
10200,40127
10269,40059
10201,40170
10235,40058
10250,40165
10243,40035
10206,40162
10325,40260
10322,40211
10265,39988
10213,40219
10299,40264
10262,40124
10227,40266
10327,40185
10202,40117
10346,40254
10249,40244
10284,40071
10277,40141
10311,40057
10385,40191
10220,40241
10273,40201
10393,40201
10280,40014
10314,40254
10270,40014
10268,40010
10246,40030
10231,40137
10264,40238
10205,40141
10329,40175
10255,40083
10224,40238
10324,40273
10287,40015
10227,40070
10302,40188
10320,40032
10283,40052
10321,40249
10211,40102
10298,40208
10273,40117
10218,40069
10339,40237
10261,40225
10223,40191
10314,40178
10257,39989
10291,40217
10289,40249
10245,40001
10230,40156
10354,40190
10264,40170
10241,40245
10326,40237
10214,39964
10215,40237
10248,40010
10229,40232
10276,40217
10236,40135
10323,40235
10225,40137
10275,40247
10286,40248
10339,40169
10316,40272
10256,40088
10328,40159
10198,40190
10289,40133
10266,40212
10207,40243
10294,40143
10365,40213
10312,40095
10203,40071
10235,40267
10301,40238
10191,39987
10244,40191
10315,40217
10210,40164
10290,40118
10253,40194
10251,40222
10285,40014
10265,40261
10357,40183
10300,40246
10240,40102
10225,40213
10274,40118
10222,40111
10346,40161
10306,40226
10281,40071
10258,40246
10296,40189
10386,40195
10252,40269
10221,40249
10219,40265
10247,40103
10216,40234
10319,40156
10228,40166
10293,40144
10312,40283
10269,40176
10340,40192
10303,40092
10250,40040
10235,40183
10243,40172
10212,40262
10278,40235
10292,40244
10224,39965
10265,40065
10299,40133
10242,40280
10345,40154
10306,40166
10234,39988
10197,40096
10249,40097
10283,40229
10321,40170
10311,40178
10296,40249
10186,39992
10220,40100
10219,40085
10318,40233
10261,40178
10367,40235
10270,40245
10268,40157
10196,40031
10303,40272
10231,40258
10317,40251
10205,40258
10324,40164
10267,40227
10215,40162
10336,40219
10389,40207
10313,40180
10204,40106
10320,40155
10279,40144
10211,40019
10332,40231
10254,40279
10195,40147
10282,40263
10295,40246
10256,40279
10257,40098
10291,40162
10342,40226
10217,40164
10245,40246
10207,40160
10226,39991
10241,40066
10366,40193
10363,40244
10361,40228
10214,40075
10338,40181
10248,40181
10229,40125
10210,40247
10313,40240
10238,40062
10253,40179
10236,40026
10199,40262
10288,40185
10357,40248
10279,40212
10260,40108
10225,40006
10188,40014
10275,40096
10309,40236
10307,40244
10304,40199
10282,40091
10316,40139
10328,40234
10198,40053
10216,40153
10247,40276
10217,40224
10266,40091
10259,40029
10294,40282
10271,40177
10250,40283
10338,40249
10244,40290
10288,40197
10285,40131
10213,40049
10300,40009
10334,40221
10274,40013
10222,40250
10202,40011
10234,40199
10341,40188
10284,40233
10209,40098
10353,40197
10258,40109
10330,40148
10221,40110
10319,40225
10280,40168
10228,40041
10270,40164
10271,40245
10269,40261
10243,40281
10212,40137
10292,40127
10255,39989
10359,40174
10299,40030
10262,40262
10227,39968
10190,40020
10242,40111
10208,40104
10302,40026
10249,39982
10197,40245
10283,40094
10321,40039
10211,40192
10234,40123
10254,40038
10239,40145
10330,40200
10220,39967
10218,39995
10305,40135
10295,40135
10280,40228
10268,40272
10237,40190
10196,40162
10230,40058
10245,40167
10246,40256
10324,40047
10287,40293
10267,40124
10233,40119
10248,40228
10313,40033
10276,40051
10347,40165
10204,39997
10236,40233
10199,40087
10376,40212
10320,40278
10279,40005
10297,40193
10272,40098
10304,40150
10305,40195
10195,40028
10223,40213
10310,40085
10291,40047
10217,40017
10207,40021
10226,40106
10203,40225
10214,40198
10301,40052
10210,40010
10347,40225
10253,40040
10288,40052
10251,40056
10238,40165
10322,40168
10297,40125
10260,40247
10240,40000
10274,40220
10275,39981
10309,40081
10263,40105
10232,40228
10281,39997
10335,40182
10316,40062
10252,39991
10198,40192
10216,40004
10319,40054
10266,40046
10194,40012
10259,40166
10228,40248
10293,40054
10271,40058
10200,40100
10201,40077
10235,40017
10250,40142
10187,40013
10322,40236
10265,40031
10213,40166
10299,40239
10262,40081
10327,40148
10202,40158
10344,40167
10249,40223
10284,40092
10277,39976
10221,39971
10219,39999
10193,40127
10333,40257
10280,40019
10314,40219
10270,40019
10268,40039
10246,40051
10231,40164
10212,40060
10205,40168
10224,40195
10255,40126
10324,40254
10287,40106
10336,40165
10189,40008
10227,40109
10208,39971
10204,40268
10302,40129
10211,40077
10239,40282
10273,40104
10218,40110
10305,40028
10339,40240
10261,40204
10295,40024
10223,40154
10314,40159
10257,40008
10291,40252
10289,40220
10237,40051
10245,40044
10230,40177
10264,40079
10241,40232
10329,40270
10326,40198
10214,40049
10215,40200
10233,39996
10229,40275
10276,40166
10290,40271
10185,39976
10236,40124
10199,39976
10323,40206
10387,40204
10298,40113
10275,40218
10286,40221
10232,40179
10282,39985
10316,40237
10256,40125
10310,40192
10198,40147
10289,40152
10266,40241
10351,40229
10294,40160
10203,40122
10301,40201
10191,40030
10210,40129
10350,40251
10290,40083
10253,40221
10251,40181
10285,40041
10300,40211
10240,40155
10274,40083
10222,40080
10281,40106
10353,40163
10296,40162
10252,40106
10221,40276
10247,40002
10360,40244
10319,40187
10194,40131
10228,40067
10293,40187
10312,40224
10308,40145
10200,39983
10269,40171
10250,40053
10235,40170
10243,40179
10278,40204
10292,40273
10224,40178
10255,40271
10325,40244
10265,40100
10299,40120
10262,39980
10345,40189
10306,40067
10249,40068
10197,40075
10283,40248
10321,40077
10277,40285
10296,40222
10220,40257
10218,40273
10219,40104
10318,40146
10261,40157
10333,40150
10268,40186
10237,40260
10196,40004
10303,40255
10317,40214
10264,40286
10363,40175
10287,39999
10267,40262
10215,40185
10313,40159
10204,40135
10302,40268
10320,40176
10321,40265
10211,39990
10388,40194
10286,40172
10282,40288
10295,40237
10223,40047
10257,40133
10291,40073
10342,40199
10379,40203
10230,40268
10207,40079
10241,40101
10363,40235
10361,40207
10214,40172
10338,40174
10233,40265
10229,40152
10248,40154
10210,40208
10313,40219
10238,40003
10253,40142
10236,39991
10288,40158
10357,40227
10260,40073
10225,40025
10188,39979
10275,40071
10309,40247
10307,40283
10304,40252
10232,40062
10281,40283
10282,40100
10328,40271
10198,40046
10216,40190
10217,40267
10266,40068
10259,40000
10207,40259
10312,40175
10203,39991
10201,39979
10235,40251
10338,40210
10244,40079
10278,40191
10288,40218
10285,40158
10213,40028
10300,40102
10334,40230
10222,40223
10202,40052
10306,40274
10307,40087
10284,40262
10209,40069
10353,40216
10258,40262
10296,40045
10330,40177
10221,40137
10319,40268
10293,40256
10270,40073
10271,40272
10269,40288
10303,40172
10212,40150
10292,40100
10224,40045
10359,40197
10227,40007
10242,40136
10208,40077
10234,40100
10249,39985
10197,40208
10321,40058
10283,40117
10311,40066
10239,39996
10254,40075
10330,40245
10220,39988
10273,40054
10305,40186
10318,40281
10261,40034
10295,40162
10280,40265
10270,40261
10268,40269
10237,40153
10196,40143
10245,40066
10246,40293
10317,40075
10287,40256
10267,40147
10215,40050
10233,40090
10248,40201
10276,40024
10347,40184
10204,40026
10236,40198
10199,40178
10373,40191
10279,40096
10355,40198
10272,40071
10286,40059
10304,40139
10305,40230
10195,40003
10217,40052
10245,40262
10207,40048
10331,40198
10226,40071
10241,39986
10214,40219
10301,40047
10229,39981
10176,40023
10290,40057
10253,40003
10288,40009
10251,40031
10199,40246
10238,40142
10380,40187
10297,40096
10260,40220
10240,40037
10222,40046
10275,39984
10263,40068
10232,40201
10209,40278
10316,40027
10216,40041
10194,40041
10259,40141
10228,40229
10308,40203
10271,40065
10200,40137
10201,40112
10250,40235
10243,39981
10315,40034
10278,40042
10206,39976
10343,40243
10322,40265
10285,40275
10265,40002
10213,40129
10299,40194
10262,40074
10202,40187
10197,40033
10284,40121
10277,39987
10258,39997
10273,40263
10221,39998
10219,40018
10318,40040
10193,40018
10280,40056
10270,40052
10200,40197
10246,40084
10212,40025
10205,40067
10255,40101
10224,40216
10324,40219
10287,40081
10336,40154
10262,40246
10242,40031
10227,40144
10348,40198
10283,39982
10211,40080
10298,40294
10239,40097
10272,40278
10273,40067
10218,40011
10305,40055
10339,40215
10295,40055
10223,40129
10257,40035
10291,40227
10237,40046
10245,40055
10230,40170
10264,40116
10326,40187
10361,40165
10214,40010
10267,39980
10233,39975
10276,40131
10185,39987
10236,40089
10260,40035
10298,40090
10275,40289
10286,40198
10232,40152
10263,40277
10339,40147
10282,40026
10316,40202
10256,40018
10310,40229
10328,40169
10198,40116
10289,40115
10351,40192
10203,40273
10201,40257
10301,40164
10191,40005
10315,40275
10210,39994
10350,40220
10290,40172
10251,40136
10322,40056
10300,40200
10225,40259
10240,40176
10274,40076
10222,40181
10202,40202
10341,40253
10281,40013
10335,40198
10296,40135
10252,40071
10247,40025
10360,40217
10319,40166
10194,40156
10259,40278
10228,40104
10293,40166
10312,40197
10308,40190
10200,40020
10250,40030
10235,40129
10243,40086
10206,40087
10224,40151
10325,40223
10265,40143
10299,40095
10327,40260
10197,40182
10284,39980
10277,40120
10296,40195
10219,40143
10374,40209
10318,40183
10261,40120
10337,40226
10333,40177
10367,40221
10268,40087
10196,39969
10303,40218
10231,40084
10264,40259
10205,40216
10215,40148
10204,40188
10302,40273
10211,39965
10239,40234
10286,40145
10362,40251
10195,40221
10223,40010
10256,40193
10257,40152
10291,40108
10342,40216
10207,40106
10241,40280
10363,40206
10214,40129
10248,39999
10229,40131
10210,40205
10253,40105
10236,39980
10279,40270
10260,40182
10225,40124
10240,40207
10275,40170
10309,40274
10232,40035
10282,40129
10256,40141
10184,40015
10198,40003
10216,40067
10247,40206
10266,40097
10194,40207
10294,40080
10312,40180
10203,39978
10235,40222
10338,40207
10244,40084
10278,40144
10210,40113
10251,40261
10285,40185
10265,40216
10213,39975
10300,40067
10334,40267
10222,40192
10306,40271
10284,40291
10209,40056
10258,40291
10296,40018
10252,40250
10221,40164
10247,40146
10337,40179
10228,39987
10270,40082
10308,40033
10269,40091
10303,40139
10243,40195
10212,40243
10205,39977
10206,40194
10292,40129
10224,40002
10359,40224
10227,40042
10190,40034
10242,40165
10208,40162
10234,40065
10283,40264
10355,40177
10277,40237
10311,40089
10254,40108
10220,40145
10273,40041
10318,40258
10261,40013
10295,40089
10369,40223
10370,40176
10257,40201
10237,40244
10196,40116
10230,39984
10245,40109
10317,40166
10267,40182
10215,40009
10233,40189
10208,40238
10204,40055
10199,40169
10320,40064
10279,40127
10355,40237
10298,40048
10272,40060
10286,40028
10304,40160
10305,40281
10195,40102
10295,40285
10217,40095
10245,40289
10207,39967
10331,40253
10226,40032
10241,40149
10301,40010
10248,40106
10229,40008
10233,40249
10290,40018
10253,40030
10238,40147
10251,39986
10199,40237
10288,40110
10297,40075
10225,39977
10222,40019
10309,40135
10263,40035
10209,40265
10252,40041
10356,40204
10266,39988
10259,40112
10331,40185
10312,40063
10308,40208
10271,40108
10200,40174
10201,40027
10250,40244
10243,39984
10244,40223
10315,40057
10278,40015
10206,40013
10343,40206
10265,40037
10213,40108
10262,40175
10202,40164
10234,40272
10197,40012
10284,40150
10209,40181
10258,40150
10221,40025
10219,40041
10333,40215
10280,40093
10370,40195
10268,39993
10200,40234
10269,40208
10303,40060
10231,39998
10246,40105
10212,40102
10205,40126
10292,40020
10255,40000
10183,39986
10324,40192
10287,40188
10262,40235
10242,40056
10227,40183
10208,40061
10348,40227
10283,40133
10298,40259
10311,40210
10239,40076
10254,39995
10272,40267
10220,40004
10273,40166
10218,40020
10305,40042
10223,40108
10314,40069
10237,40009
10196,40255
10230,40079
10264,40025
10226,40275
10329,40212
10382,40206
10326,40156
10287,40240
10267,40003
10276,40104
10348,40167
10199,40034
10323,40280
10373,40207
10279,39984
10297,40276
10260,40008
10298,40071
10275,40260
10272,40183
10304,40059
10232,40125
10195,39987
10263,40240
10282,40039
10256,40055
10310,40254
10198,40105
10289,40086
10351,40175
10294,39998
10301,40159
10191,40032
10244,40014
10350,40193
10290,40137
10251,40111
10300,40293
10222,40158
10202,40247
10307,40020
10341,40216
10263,40180
10281,40016
10335,40237
10252,40092
10247,40052
10360,40190
10194,40185
10259,40253
10228,40277
10293,40065
10308,40091
10200,40057
10250,40123
10243,40125
10315,40178
10206,40120
10224,40108
10187,39984
10255,40209
10265,40178
10213,40273
10262,40058
10227,40196
10190,40120
10306,40025
10344,40220
10197,40145
10284,40009
10277,40067
10258,40013
10296,40296
10273,40247
10218,40199
10219,40162
10261,40099
10337,40197
10333,40172
10268,40076
10340,40171
10231,40115
10317,40268
10212,39977
10205,40243
10255,40149
10215,40115
10336,40266
10189,39987
10204,40217
10302,40122
10321,40199
10211,40160
10385,40193
10239,40241
10286,40122
10218,40155
10362,40228
10358,40189
10195,40192
10223,39985
10256,40230
10257,40179
10291,40275
10289,40263
10230,40218
10207,40113
10214,40154
10229,40174
10313,40257
10276,40275
10290,40248
10253,40068
10260,40147
10225,40087
10188,39965
10240,40228
10332,40154
10275,40177
10232,40008
10281,40193
10282,40170
10256,40162
10184,40020
10198,39972
10216,40104
10247,40229
10266,40266
10294,40117
10312,40153
10203,40129
10301,40276
10244,40113
10315,40227
10278,40117
10210,40106
10253,40264
10288,40276
10251,40280
10285,40084
10265,40195
10300,40184
10274,40188
10281,40157
10209,40019
10296,40119
10252,40215
10221,40191
10219,40211
10247,40169
10337,40150
10228,40152
10293,40214
10270,40119
10269,40118
10303,40150
10250,39982
10235,40113
10243,40230
10212,40216
10349,40159
10206,40231
10292,40174
10224,39975
10364,40229
10242,40222
10208,40135
10327,40244
10234,40042
10249,40191
10277,40200
10239,40038
10254,40145
10220,40174
10273,40012
10362,40183
10295,40116
10370,40173
10367,40173
10257,40236
10268,40199
10237,40239
10196,40081
10231,40196
10364,40169
10267,40173
10215,39972
10233,40160
10208,40195
10204,40044
10199,40132
10302,40225
10279,40090
10211,40045
10298,40029
10254,40205
10272,40017
10286,40001
10304,40069
10394,40203
10195,40077
10282,40221
10369,40190
10310,40036
10291,40156
10342,40168
10217,40098
10245,40204
10207,39994
10226,40061
10241,40136
10381,40199
10214,40273
10248,40079
10229,40051
10233,40220
10253,39993
10288,40067
10238,40116
10199,40200
10378,40205
10323,40046
10297,40046
10275,40058
10309,40162
10307,40206
10304,40257
10263,40030
10371,40204
10209,40236
10252,40006
10356,40233
10266,40145
10259,40087
10294,40192
10308,40253
10271,40139
10203,40026
10201,40062
10250,40209
10244,40228
10315,40028
10349,40208
10206,40022
10343,40165
10285,40201
10213,40119
10262,40128
10300,40051
10334,40155
10274,40051
10234,40253
10284,40179
10277,40057
10209,40168
10258,40179
10221,40052
10356,40173
10319,40219
10333,40242
10280,40098
10271,40207
10269,40203
10303,40027
10231,40021
10246,40130
10212,40067
10352,40212
10205,40025
10292,40049
10255,40047
10183,40009
10287,40155
10262,40204
10227,39962
10242,40085
10208,40018
10348,40248
10345,40221
10249,40036
10234,40177
10283,40152
10174,40018
10311,40233
10254,40028
10239,40171
10272,40224
10220,40033
10273,40153
10218,40049
10358,40219
10305,40077
10223,40075
10314,40046
10237,40100
10196,40228
10230,40096
10245,39997
10246,40206
10317,40054
10264,40062
10192,39984
10226,40236
10329,40255
10287,40223
10267,40038
10233,40045
10276,40117
10348,40188
10236,40275
10199,40025
10320,40208
10297,40255
10298,40160
10272,40172
10232,40098
10263,40239
10372,40194
10223,40271
10310,40147
10198,40066
10289,40041
10217,39983
10354,40238
10294,40019
10241,40005
10226,40176
10201,40207
10301,40122
10244,40043
10210,40048
10238,40227
10288,39998
10251,40066
10285,39994
10323,40187
10300,40258
10297,40187
10274,40258
10222,40131
10309,40023
10307,40059
10263,40147
10281,40059
10371,40185
10252,40185
10259,40224
10293,40108
10368,40221
10308,40096
10271,39996
10200,40094
10269,40028
10201,40139
10250,40068
10243,40000
10315,40137
10206,40157
10224,40065
10255,40252
10213,40252
10262,40031
10227,40235
10202,40084
10346,40209
10306,40050
10344,40225
10249,40277
10197,39996
10284,40038
10277,40174
10311,40030
10258,40038
10296,40269
10220,40208
10273,40234
10218,40224
10219,40185
10261,40078
10280,39981
10314,40273
10268,40105
10340,40176
10246,39993
10231,40110
10264,40205
10212,39990
10205,40238
10224,40269
10255,40176
10287,40044
10215,40078
10204,40246
10302,40095
10283,40021
10321,40218
10211,40135
10298,40243
10239,40220
10286,40095
10218,40164
10362,40193
10339,40266
10261,40258
10223,39964
10256,40251
10289,40282
10237,39993
10230,40255
10354,40161
10264,40137
10241,40214
10326,40268
10214,39999
10215,40274
10248,40041
10229,40201
10210,40259
10276,40248
10290,40213
10253,40095
10236,40166
10260,39992
10225,40170
10240,40281
10332,40183
10275,40148
10286,40283
10232,39981
10281,40228
10282,40183
10256,40071
10310,40270
10289,40166
10207,40208
10294,40110
10365,40246
10203,40164
10338,40261
10301,40271
10244,40158
10315,40198
10278,40078
10210,40071
10350,40177
10253,40227
10251,40255
10285,40111
10265,40230
10300,40149
10240,40069
10225,40246
10274,40153
10222,40270
10306,40197
10307,40164
10281,40160
10209,39990
10258,40217
10296,40092
10221,40218
10219,40246
10247,40068
10216,40201
10228,40133
10293,40241
10269,40145
10340,40231
10235,40084
10243,40141
10278,40266
10349,40186
10206,40264
10292,40203
10224,39996
10364,40194
10325,40170
10299,40162
10242,40251
10190,39976
10327,40211
10306,40137
10234,40023
10197,40257
10249,40130
10283,40194
10321,40139
10277,40211
10311,40147
10239,40013
10186,40027
10254,40186
10220,40075
10181,39969
10318,40200
10257,40263
10270,40212
10268,40252
10237,40202
10196,40062
10377,40183
10231,40227
10317,40156
10324,40187
10267,40192
10233,40139
10248,40280
10336,40250
10313,40085
10204,40073
10302,40202
10279,40177
10211,40048
10298,40006
10332,40198
10254,40246
10272,39990
10286,39978
10195,40176
10282,40230
10295,40215
10310,40057
10257,40067
10291,40131
10217,40133
10245,40215
10207,40129
10226,40022
10241,40163
10366,40224
10214,40106
10248,40084
10229,40094
10233,40199
10380,40202
10238,40089
10288,40088
10236,40057
10378,40214
10357,40217
10279,40245
10297,40017
10260,40259
10225,40039
10275,40001
10309,40205
10307,40213
10263,39989
10371,40211
10209,40199
10316,40170
10328,40201
10216,39992
10217,40193
10266,40186
10259,40058
10294,40229
10271,40150
10203,40049
10201,40033
10244,40257
10349,40235
10206,40059
10288,40228
10285,40228
10213,40082
10300,40040
10334,40188
10274,40044
10202,39978
10234,40230
10284,40200
10277,40004
10209,40131
10353,40230
10258,40076
10221,40079
10374,40181
10319,40198
10193,39971
10333,40237
10280,40135
10228,40008
10383,40196
10270,40135
10271,40234
10269,40230
10231,40048
10246,40167
10212,40168
10352,40169
10205,40052
10292,40094
10287,40134
10325,40063
10299,40063
10262,40289
10242,40078
10208,40119
10345,40224
10302,40053
10249,40015
10234,40154
10283,40191
10376,40183
10211,40225
10311,40260
10254,40001
10239,40182
10272,40197
10220,40062
10273,39996
10218,39962
10358,40252
10305,40096
10280,40195
10237,40095
10196,40193
10230,40005
10245,40152
10246,40227
10264,40035
10192,40021
10226,40201
10329,40226
10182,40017
10267,40093
10233,40016
10276,40082
10185,40028
10236,40264
10199,40116
10320,40245
10279,40042
10297,40226
10298,40141
10272,40129
10232,40071
10195,40061
10263,40202
10223,40234
10310,40180
10291,40012
10289,40012
10217,39986
10354,40203
10207,40010
10331,40256
10294,40052
10241,40056
10226,40141
10368,40182
10203,40206
10201,40242
10214,40225
10301,40085
10244,40048
10210,40045
10347,40206
10290,39999
10238,40196
10251,40089
10322,40139
10323,40158
10297,40158
10240,39983
10274,40255
10222,39972
10309,40050
10232,40259
10263,40142
10335,40151
10252,40150
10198,40227
10247,39982
10266,40001
10194,39983
10259,40199
10228,40223
10293,40023
10308,40269
10271,40027
10200,40067
10269,40055
10201,40174
10235,40062
10250,40161
10243,40039
10206,40166
10325,40256
10322,40207
10375,40219
10265,39992
10213,40199
10299,40268
10262,40112
10227,40270
10327,40181
10202,40113
10346,40250
10306,40047
10249,40248
10197,39975
10284,40067
10277,40137
10311,40053
10220,40237
10273,40205
10219,39964
10393,40205
10280,39986
10314,40250
10268,40006
10340,40157
10246,40018
10231,40133
10264,40242
10205,40137
10329,40179
10255,40095
10224,40226
10287,40011
10227,40074
10204,40275
10302,40160
10320,40036
10283,40040
10321,40253
10211,40106
10298,40220
10286,40064
10218,40065
10261,40237
10223,40187
10314,40190
10257,39977
10291,40221
10289,40253
10245,40013
10230,40144
10354,40186
10264,40174
10241,40201
10326,40225
10215,40233
10248,40014
10229,40244
10276,40197
10236,40131
10323,40239
10225,40141
10332,40172
10275,40251
10286,40252
10339,40173
10316,40268
10256,40092
10184,39966
10198,40178
10289,40185
10266,40208
10207,40255
10351,40250
10294,40131
10365,40209
10312,40067
10203,40091
10235,40271
10301,40234
10191,39999
10244,40187
10315,40221
10210,40160
10350,40154
10290,40114
10253,40254
10251,40210
10285,40010
10265,40265
10357,40179
10300,40242
10225,40201
10240,40122
10274,40114
10222,40115
10346,40173
10306,40254
10281,40075
10209,39977
10258,40242
10296,40065
10252,40265
10221,40245
10219,40269
10247,40099
10216,40238
10319,40152
10228,40162
10293,40156
10312,40287
10269,40140
10340,40204
10303,40088
10235,40075
10243,40144
10212,40258
10278,40239
10292,40240
10325,40149
10265,40069
10299,40153
10242,40276
10327,40206
10345,40158
10306,40162
10234,39984
10249,40101
10197,40108
10283,40217
10321,40174
10311,40174
10296,40253
10186,39972
10220,40096
10181,40012
10219,40073
10318,40237
10261,40190
10257,40282
10270,40249
10268,40153
10196,40027
10303,40284
10317,40247
10324,40160
10267,40231
10215,39966
10336,40223
10389,40203
10313,40184
10204,40102
10320,40159
10279,40140
10211,40023
10332,40227
10254,40283
10272,39979
10195,40151
10282,40259
10295,40242
10256,40267
10257,40102
10291,40166
10342,40230
10217,40168
10245,40242
10207,40172
10226,39987
10241,40070
10366,40197
10381,40189
10361,40232
10214,40079
10338,40177
10248,40185
10229,40121
10210,40243
10313,40244
10238,40034
10253,40175
10236,40022
10199,40258
10288,40189
10357,40196
10279,40208
10260,40104
10225,40058
10188,40010
10275,40100
10309,40232
10307,40248
10304,40219
10282,40071
10328,40238
10216,40157
10247,40272
10217,40228
10266,40167
10259,40033
10294,40286
10271,40189
10250,40263
10338,40245
10343,40159
10288,40249
10285,40255
10213,40061
10300,40005
10334,40193
10274,40009
10222,40254
10202,40023
10234,40195
10341,40184
10284,40229
10209,40102
10353,40249
10258,40105
10330,40144
10221,40106
10319,40237
10280,40172
10228,40053
10270,40168
10271,40241
10269,40257
10231,40047
10246,40184
10243,40285
10212,40181
10205,40047
10292,40123
10255,39985
10359,40170
10299,40018
10262,40282
10227,39972
10190,40024
10242,40107
10208,40108
10302,40030
10249,40018
10234,40135
10283,40082
10211,40196
10254,40042
10239,40157
10330,40212
10220,39963
10218,39975
10305,40155
10295,40131
10280,40232
10237,40186
10196,40174
10230,40062
10245,40163
10246,40260
10192,40042
10287,40289
10267,40112
10233,40123
10248,40232
10313,40037
10276,40063
10347,40153
10204,39993
10236,40229
10199,40083
10376,40216
10320,40266
10279,40001
10297,40197
10272,40102
10305,40199
10195,40032
10223,40209
10310,40073
10291,40051
10217,40021
10207,40017
10294,40041
10226,40102
10368,40171
10203,40229
10214,40250
10301,40048
10210,40006
10347,40229
10253,40036
10288,40040
10251,40060
10238,40169
10322,40164
10297,40129
10260,40243
10240,40004
10274,40216
10309,40093
10263,40101
10232,40232
10335,40178
10316,40058
10252,39987
10198,40196
10216,40008
10319,40050
10266,40042
10194,40008
10259,40170
10228,40196
10293,40050
10271,40038
10200,40104
10201,40081
10235,40021
10250,40138
10187,40001
10322,40232
10213,40162
10299,40227
10262,40085
10327,40144
10202,40154
10344,40171
10249,40195
10284,40088
10277,40148
10273,40288
10221,39967
10219,39987
10193,40115
10280,40023
10314,40199
10270,40023
10268,40035
10246,40055
10231,40160
10212,40056
10205,40164
10224,40199
10255,40122
10324,40250
10287,40118
10336,40185
10189,40004
10242,39998
10227,40113
10208,39975
10204,40264
10302,40133
10320,40057
10211,40113
10239,40262
10273,40108
10218,40106
10305,40016
10339,40244
10261,40200
10295,40020
10223,40166
10314,40155
10257,40012
10291,40192
10289,40208
10245,40040
10230,40181
10264,40083
10241,40236
10329,40274
10326,40218
10214,40053
10215,40196
10248,40019
10276,40162
10290,40267
10185,39980
10236,40120
10199,39972
10323,40210
10387,40208
10298,40125
10275,40222
10286,40225
10232,40183
10339,40176
10282,39997
10316,40233
10256,40113
10310,40196
10198,40151
10289,40156
10266,40253
10351,40225
10294,40164
10365,40204
10203,40126
10301,40197
10191,40026
10210,40157
10290,40079
10253,40217
10251,40169
10285,40037
10300,40239
10240,40159
10274,40111
10222,40084
10346,40182
10281,40110
10353,40167
10296,40166
10252,40102
10221,40272
10216,40243
10247,40126
10360,40248
10194,40127
10228,40079
10293,40135
10312,40228
10308,40157
10200,39987
10269,40167
10250,40049
10235,40174
10243,40183
10278,40192
10292,40285
10224,40182
10255,40267
10325,40240
10265,40104
10299,40124
10345,40161
10306,40095
10249,40072
10197,40087
10283,40252
10321,40065
10277,40281
10296,40226
10220,40125
10181,40023
10219,40108
10318,40150
10261,40153
10337,40259
10333,40146
10268,40182
10237,40256
10196,40000
10303,40251
10317,40210
10324,40141
10287,39995
10267,40282
10215,40181
10204,40131
10320,40180
10321,40269
10211,39994
10388,40206
10286,40176
10295,40233
10223,40043
10256,40288
10257,40121
10291,40077
10342,40251
10379,40207
10217,40179
10230,40256
10207,40075
10241,40121
10363,40239
10361,40211
10214,40160
10338,40170
10233,40269
10229,40100
10248,40158
10210,40236
10313,40223
10238,40007
10253,40138
10236,39987
10288,40146
10357,40239
10260,40085
10225,40029
10188,39975
10275,40075
10309,40243
10307,40287
10304,40240
10281,40287
10282,40096
10316,40156
10328,40275
10198,40034
10216,40162
10217,40271
10266,40064
10259,40004
10207,40271
10201,39983
10235,40255
10338,40238
10244,40075
10278,40179
10288,40222
10251,40290
10285,40154
10213,40024
10300,40098
10334,40234
10222,40227
10202,40048
10307,40091
10284,40258
10209,40089
10353,40220
10258,40258
10296,40049
10330,40189
10221,40133
10319,40264
10280,40177
10293,40268
10270,40077
10271,40284
10303,40168
10243,40288
10212,40146
10292,40096
10224,40033
10359,40193
10299,40009
10227,40011
10242,40132
10208,40065
10234,40096
10249,39989
10283,40105
10321,40062
10197,40220
10239,39992
10254,40079
10330,40241
10220,39984
10305,40190
10318,40285
10261,40046
10295,40190
10280,40269
10270,40265
10268,40265
10237,40149
10196,40139
10245,40078
10246,40281
10317,40071
10264,39981
10287,40268
10267,40151
10215,40046
10233,40094
10248,40205
10276,40004
10347,40188
10204,40022
10236,40194
10199,40078
10373,40187
10279,40028
10355,40202
10272,40091
10286,40063
10304,40143
10305,40250
10195,40007
10310,40098
10289,39994
10217,40056
10245,40258
10207,40060
10331,40218
10226,40067
10241,39990
10214,40223
10301,40043
10229,39977
10347,40248
10290,40053
10253,40063
10288,40013
10251,40019
10199,40242
10238,40178
10380,40183
10297,40100
10260,40216
10240,40057
10222,40050
10275,39988
10263,40064
10232,40205
10216,40045
10194,40037
10259,40145
10228,40225
10271,40077
10200,40141
10201,40116
10235,40008
10250,40151
10315,40038
10278,40046
10206,39980
10343,40239
10322,40261
10285,40271
10265,40006
10213,40141
10299,40198
10262,40078
10327,40143
10202,40135
10344,40176
10197,40045
10284,40117
10277,39999
10258,39993
10273,40283
10221,39994
10219,40022
10318,40044
10193,40022
10280,40060
10270,40056
10200,40201
10246,40072
10212,40005
10205,40095
10255,40097
10224,40220
10324,40231
10287,40093
10336,40158
10189,40031
10242,40027
10227,40148
10208,39964
10348,40194
10211,40084
10298,40290
10239,40109
10273,40071
10218,40119
10305,40011
10339,40219
10295,40051
10223,40141
10257,40039
10291,40231
10237,40042
10245,40051
10230,40174
10264,40120
10326,40191
10361,40169
10214,40014
10233,39979
10276,40143
10236,40085
10260,40047
10298,40102
10275,40293
10286,40202
10304,40026
10232,40156
10263,40273
10339,40151
10282,40006
10316,40198
10256,40022
10310,40217
10328,40173
10198,40136
10289,40119
10266,40230
10351,40204
10201,40261
10301,40160
10191,40001
10244,39981
10315,40279
10210,39990
10350,40224
10290,40168
10251,40140
10322,40052
10300,40196
10225,40263
10240,40180
10274,40072
10222,40185
10202,40214
10341,40249
10281,40113
10335,40194
10353,40186
10296,40139
10252,40067
10247,40021
10360,40221
10319,40162
10194,40152
10259,40282
10228,40116
10293,40162
10312,40201
10308,40186
10200,40024
10250,40026
10235,40133
10243,40090
10315,40083
10206,40091
10224,40139
10325,40219
10265,40147
10299,40083
10327,40256
10249,40083
10197,40178
10277,40100
10296,40199
10220,40282
10219,40131
10374,40213
10318,40187
10261,40132
10193,40131
10337,40230
10367,40217
10268,40083
10196,39981
10303,40198
10177,39971
10231,40080
10264,40263
10205,40212
10215,40144
10204,40184
10302,40277
10254,40289
10286,40149
10195,40225
10223,40022
10256,40197
10257,40156
10291,40112
10342,40220
10289,40288
10207,40086
10241,40284
10363,40194
10214,40133
10229,40143
10210,40201
10253,40101
10236,39976
10279,40266
10260,40178
10225,40112
10188,39996
10240,40195
10275,40174
10309,40286
10307,40290
10232,40039
10281,40290
10282,40141
10256,40129
10198,40007
10216,40071
10247,40202
10217,40274
10266,40109
10194,40203
10259,39979
10294,40084
10312,40184
10203,39982
10235,40210
10338,40203
10244,40080
10278,40148
10378,40189
10285,40181
10265,40220
10213,39971
10300,40095
10222,40196
10306,40267
10284,40287
10209,40060
10258,40287
10296,40022
10330,40166
10252,40246
10221,40160
10216,40259
10247,40142
10337,40183
10228,39999
10270,40086
10308,40045
10269,40087
10303,40183
10243,40199
10212,40255
10205,39973
10206,40198
10292,40141
10224,40006
10359,40252
10227,40046
10190,40038
10242,40161
10208,40166
10234,40077
10197,40199
10283,40268
10355,40181
10277,40233
10311,40085
10254,40112
10220,40141
10273,40045
10318,40262
10261,40009
10295,40085
10369,40211
10280,40274
10257,40205
10270,40274
10268,40294
10237,40240
10196,40112
10230,39988
10245,40105
10317,40162
10182,39968
10267,40138
10215,40005
10233,40065
10248,40210
10208,40226
10204,40051
10199,40165
10320,40068
10279,40123
10355,40241
10298,40060
10388,40190
10272,40048
10286,40032
10304,40164
10305,40285
10195,40106
10295,40281
10291,39997
10217,40067
10331,40241
10226,40092
10241,39977
10301,40006
10233,40253
10229,40020
10248,40110
10290,40014
10253,40026
10288,40098
10251,39990
10199,40233
10238,40151
10297,40079
10260,40197
10225,39981
10222,40023
10263,40063
10209,40269
10252,40037
10216,40050
10356,40200
10266,39984
10194,40062
10259,40116
10331,40189
10312,40035
10308,40220
10271,40104
10200,40178
10201,40031
10250,40240
10243,39988
10244,40219
10315,40061
10278,40003
10206,39985
10343,40202
10265,40041
10213,40104
10262,40163
10202,40160
10197,40008
10284,40146
10258,40146
10221,40021
10219,40045
10193,40041
10333,40211
10280,40065
10370,40223
10268,39989
10200,40238
10303,40056
10231,39994
10246,40109
10212,40098
10352,40243
10205,40122
10292,40016
10255,40012
10183,39982
10324,40204
10287,40184
10262,40239
10242,40052
10227,40187
10208,40049
10348,40223
10283,39993
10298,40271
10311,40206
10239,40072
10254,39999
10272,40271
10220,40000
10273,40186
10218,40016
10305,40046
10295,40046
10223,40104
10314,40065
10257,40058
10237,40005
10196,40251
10230,40067
10264,40029
10192,39967
10226,40271
10329,40216
10382,40210
10326,40144
10287,40252
10267,40007
10276,40148
10348,40163
10199,40062
10373,40203
10279,39980
10297,40280
10260,40020
10298,40067
10275,40264
10304,40063
10232,40129
10195,39991
10263,40268
10282,40035
10256,40043
10310,40242
10198,40109
10289,40074
10351,40171
10203,40264
10301,40155
10244,40010
10350,40197
10290,40133
10238,40258
10251,40099
10300,40289
10240,40169
10274,40293
10222,40162
10202,40243
10307,40024
10341,40196
10263,40176
10281,40020
10335,40233
10252,40088
10247,40048
10360,40194
10194,40181
10259,40257
10228,40273
10293,40077
10308,40071
10200,40061
10269,39997
10235,39992
10250,40103
10243,40097
10315,40182
10206,40124
10292,40295
10224,40096
10187,39988
10255,40221
10325,40198
10265,40182
10262,40062
10227,40200
10306,40021
10344,40192
10197,40157
10284,40005
10277,40079
10258,40009
10218,40195
10219,40166
10261,40111
10337,40217
10333,40168
10268,40072
10231,40079
10317,40264
10205,40207
10255,40145
10215,40111
10189,39983
10204,40213
10211,40164
10385,40197
10239,40253
10286,40126
10218,40135
10362,40224
10358,40177
10195,40196
10261,40291
10223,39997
10256,40218
10257,40183
10291,40279
10230,40222
10207,40125
10214,40158
10229,40170
10313,40261
10276,40287
10290,40244
10253,40064
10260,40159
10225,40075
10240,40248
10332,40150
10275,40181
10232,40012
10281,40197
10282,40150
10316,40086
10256,40166
10184,40024
10198,39992
10216,40108
10179,39968
10247,40225
10266,40278
10194,40228
10294,40073
10312,40157
10203,40133
10235,40201
10301,40272
10244,40125
10315,40231
10278,40105
10210,40102
10253,40260
10288,40264
10251,40284
10285,40080
10265,40199
10300,40180
10274,40184
10281,40129
10209,40023
10296,40123
10252,40211
10221,40187
10219,40215
10247,40165
10175,40023
10337,40170
10228,39972
10293,40210
10270,40123
10269,40114
10303,40146
10250,39978
10235,40117
10243,40234
10212,40196
10349,40155
10206,40235
10292,40170
10224,40027
10364,40225
10242,40218
10208,40155
10327,40240
10234,40054
10249,40163
10283,40291
10277,40244
10239,40034
10254,40149
10330,40263
10220,40170
10273,40000
10362,40179
10261,39988
10295,40112
10367,40169
10257,40224
10268,40195
10237,40235
10196,40093
10230,39977
10245,40116
10231,40192
10317,40189
10192,40121
10364,40165
10267,40161
10215,39968
10233,40164
10208,40199
10204,40040
10199,40128
10302,40229
10279,40086
10298,40025
10254,40209
10272,40021
10286,40005
10304,40089
10195,40081
10282,40217
10369,40178
10310,40024
10342,40172
10217,40102
10245,40200
10207,39974
10226,40057
10241,40140
10381,40195
10214,40277
10233,40224
10229,40063
10248,40115
10253,39989
10288,40071
10238,40120
10199,40196
10378,40201
10323,40050
10297,40050
10260,40290
10275,40062
10309,40174
10304,40261
10263,40026
10209,40224
10252,40002
10356,40245
10266,40157
10259,40091
10294,40196
10308,40249
10271,40119
10203,40030
10201,40002
10250,40221
10244,40224
10349,40204
10206,40026
10343,40161
10285,40197
10213,40115
10262,40132
10334,40159
10234,40249
10284,40175
10277,40037
10209,40172
10258,40175
10221,40048
10356,40169
10333,40206
10280,40102
10271,40203
10269,40199
10231,40017
10246,40134
10212,40079
10352,40200
10205,40021
10292,40061
10255,40043
10287,40167
10262,40192
10227,39966
10242,40081
10208,40022
10348,40244
10345,40193
10249,40040
10234,40189
10283,40156
10174,40022
10311,40229
10239,40087
10272,40228
10220,40029
10273,40157
10218,40061
10358,40223
10305,40065
10223,40087
10314,40042
10237,40096
10196,40224
10230,40100
10245,39993
10246,40194
10317,40050
10264,40002
10192,39988
10226,40232
10329,40195
10287,40219
10267,40058
10233,40049
10276,40113
10348,40184
10199,40021
10323,40259
10320,40212
10373,40214
10297,40259
10298,40172
10272,40160
10232,40102
10263,40235
10372,40206
10223,40267
10310,40151
10198,40070
10289,40045
10354,40234
10294,40023
10241,40025
10226,40172
10201,40211
10301,40118
10244,40023
10290,40158
10238,40231
10251,40070
10285,39990
10323,40191
10300,40286
10297,40191
10274,40286
10222,40135
10309,40019
10307,40063
10263,40175
10281,40063
10335,40244
10371,40189
10252,40181
10198,40258
10360,40167
10259,40228
10293,40104
10368,40209
10271,39992
10200,40034
10269,40024
10201,40143
10250,40064
10243,40004
10315,40141
10206,40129
10224,40069
10255,40248
10213,40248
10262,40019
10227,40239
10202,40080
10346,40221
10306,40014
10344,40229
10249,40281
10197,39992
10284,40034
10277,40170
10311,40026
10258,40034
10296,40273
10220,40204
10273,40238
10218,40236
10219,40189
10318,40065
10261,40074
10314,40285
10268,40101
10340,40188
10231,40106
10246,39997
10264,40209
10212,39986
10205,40234
10224,40257
10255,40188
10287,40040
10215,40074
10204,40242
10302,40067
10283,40009
10321,40222
10211,40139
10298,40255
10239,40216
10286,40099
10218,40160
10362,40205
10358,40170
10261,40270
10256,40255
10289,40286
10237,39989
10230,40243
10264,40141
10326,40256
10214,39987
10215,40270
10248,40045
10229,40213
10276,40228
10290,40209
10253,40091
10236,40162
10260,40132
10225,40174
10332,40179
10275,40152
10286,40287
10232,39985
10281,40232
10282,40179
10256,40187
10310,40258
10184,39997
10216,40113
10247,40252
10207,40220
10294,40098
10365,40242
10312,40098
10203,40184
10338,40257
10301,40267
10191,39964
10244,40154
10315,40250
10278,40066
10210,40067
10350,40181
10253,40287
10251,40243
10285,40107
10265,40234
10300,40145
10240,40089
10225,40234
10274,40149
10222,40274
10306,40193
10307,40168
10281,40164
10209,40010
10258,40213
10296,40096
10221,40214
10219,40234
10216,40205
10247,40064
10194,40069
10228,40129
10293,40253
10269,40109
10340,40227
10235,40104
10250,39991
10243,40241
10278,40270
10349,40182
10206,40268
10292,40215
10224,39984
10364,40222
10325,40182
10299,40166
10242,40247
10190,39980
10327,40239
10306,40133
10234,40019
10249,40134
10283,40198
10321,40143
10277,40223
10311,40143
10239,40009
10186,40007
10254,40190
10220,40071
10318,40204
10295,40111
10369,40233
10367,40180
10257,40251
10270,40216
10268,40248
10237,40198
10196,40058
10377,40187
10231,40255
10317,40152
10267,40196
10215,39999
10233,40143
10248,40284
10336,40254
10313,40089
10204,40069
10302,40206
10279,40173
10211,40052
10298,40002
10332,40194
10254,40250
10272,40010
10286,39982
10195,40180
10282,40226
10295,40211
10310,40061
10257,40071
10384,40191
10291,40135
10217,40137
10245,40211
10207,40141
10226,40018
10241,40167
10366,40228
10214,40110
10248,40088
10229,40090
10233,40203
10380,40198
10238,40093
10288,40092
10236,40053
10378,40210
10279,40241
10297,40021
10260,40271
10225,39963
10275,40005
10309,40201
10307,40217
10263,39985
10371,40215
10209,40219
10316,40166
10252,40031
10328,40205
10216,39996
10217,40197
10266,40134
10259,40062
10294,40249
10271,40146
10203,40053
10201,40037
10250,40294
10244,40269
10278,39993
10349,40231
10206,40063
10343,40188
10285,40224
10213,40094
10300,40036
10334,40160
10274,40040
10202,39990
10234,40226
10390,40201
10284,40196
10277,40000
10209,40135
10258,40072
10221,40075
10319,40194
10193,39975
10333,40233
10280,40139
10228,40020
10383,40192
10270,40139
10271,40214
10269,40226
10231,40012
10246,40155
10212,40084
10352,40173
10205,40048
10292,40090
10183,40032
10287,40130
10325,40059
10299,40051
10262,40293
10242,40074
10208,40011
10345,40228
10302,40057
10249,40051
10234,40166
10283,40179
10376,40187
10211,40229
10311,40256
10254,40005
10239,40178
10272,40217
10220,40058
10273,39984
10358,40240
10305,40100
10280,40199
10314,40055
10237,40091
10196,40205
10230,40025
10245,40132
10246,40231
10264,40039
10192,40009
10226,40197
10329,40230
10182,40021
10287,40198
10267,40081
10233,40020
10276,40094
10185,40000
10236,40260
10199,40112
10320,40233
10279,40038
10297,40230
10298,40137
10272,40133
10232,40075
10263,40198
10223,40246
10310,40168
10291,40016
10289,40000
10217,39990
10354,40199
10331,40260
10294,40008
10241,40060
10226,40137
10203,40194
10201,40246
10214,40229
10301,40081
10191,40118
10244,40060
10210,40041
10347,40194
10290,39995
10238,40200
10251,40093
10323,40162
10297,40162
10274,40251
10222,39976
10309,40062
10232,40263
10263,40138
10335,40147
10252,40146
10198,40231
10247,39978
10266,40013
10194,39979
10259,40203
10228,40219
10293,40019
10308,40265
10271,40007
10200,40071
10269,40051
10201,40178
10235,40050
10250,40173
10243,40043
10206,40170
10224,40090
10255,40231
10325,40268
10322,40203
10375,40215
10265,39996
10213,40195
10299,40256
10262,40116
10227,40274
10327,40177
10202,40125
10346,40230
10306,40043
10249,40252
10197,39971
10284,40063
10277,40181
10311,40049
10258,40063
10220,40233
10273,40193
10280,39990
10314,40230
10268,40002
10340,40153
10246,40022
10231,40129
10264,40246
10212,39967
10205,40133
10329,40183
10255,40091
10224,40230
10287,40023
10189,40037
10227,40078
10204,40239
10302,40164
10283,40044
10321,40241
10211,40110
10298,40216
10286,40068
10218,40077
10261,40233
10314,40186
10257,39981
10291,40289
10289,40241
10245,40009
10230,40148
10354,40182
10264,40178
10241,40205
10326,40229
10215,40229
10248,40050
10229,40240
10276,40193
10236,40159
10323,40243
10225,40129
10332,40168
10275,40255
10286,40256
10281,40243
10316,40264
10256,40080
10198,40182
10289,40189
10266,40220
10207,40251
10294,40135
10365,40237
10312,40071
10203,40095
10235,40259
10301,40230
10191,39995
10244,40167
10315,40209
10210,40188
10350,40158
10290,40110
10253,40250
10251,40214
10285,40006
10265,40269
10357,40191
10300,40142
10225,40205
10240,40126
10274,40142
10222,40119
10346,40169
10306,40250
10281,40079
10335,40260
10209,39981
10258,40238
10296,40069
10252,40261
10221,40241
10219,40257
10247,40095
10216,40210
10228,40174
10293,40152
10312,40259
10269,40136
10340,40200
10303,40068
10235,40079
10377,40194
10243,40148
10212,40270
10278,40227
10206,40273
10292,40252
10325,40145
10265,40073
10299,40157
10242,40272
10327,40202
10306,40190
10234,39996
10197,40104
10249,40105
10283,40221
10321,40162
10311,40170
10239,40020
10186,39968
10254,40163
10220,40092
10219,40077
10318,40241
10261,40186
10257,40286
10270,40253
10268,40149
10196,40039
10303,40280
10317,40243
10324,40172
10267,40251
10215,39962
10336,40211
10313,40188
10208,40273
10204,40098
10302,40211
10320,40147
10279,40136
10211,40027
10332,40255
10254,40287
10272,39983
10195,40155
10282,40271
10295,40206
10256,40271
10257,40090
10291,40170
10342,40154
10217,40172
10245,40254
10207,40168
10226,39983
10241,40090
10366,40201
10381,40185
10361,40236
10214,40067
10248,40189
10229,40069
10313,40248
10238,40038
10253,40171
10236,40018
10288,40177
10357,40192
10279,40204
10260,40116
10225,40062
10188,40006
10275,40104
10309,40212
10307,40252
10304,40223
10263,39980
10282,40067
10328,40242
10216,40129
10247,40268
10217,40232
10266,40163
10259,40037
10294,40274
10271,40185
10203,40040
10250,40259
10338,40241
10343,40155
10288,40253
10285,40251
10213,40057
10300,40001
10334,40197
10274,40005
10202,40019
10234,40207
10341,40164
10284,40225
10209,40122
10258,40101
10330,40156
10221,40102
10319,40233
10193,39994
10280,40144
10228,40049
10270,40172
10271,40253
10269,40285
10231,40043
10246,40188
10243,40257
10212,40177
10205,40043
10292,40071
10255,39997
10359,40166
10299,40022
10262,40286
10227,39976
10190,40028
10242,40103
10208,40096
10249,40022
10197,40253
10283,40086
10321,40031
10211,40200
10234,40131
10311,40287
10254,40046
10239,40153
10330,40208
10273,39979
10218,39971
10305,40159
10295,40159
10280,40236
10237,40182
10196,40170
10230,40050
10245,40175
10246,40248
10226,40222
10324,40055
10267,40116
10233,40127
10248,40236
10313,40041
10276,40059
10347,40157
10204,39989
10236,40225
10199,40111
10320,40270
10279,40061
10297,40201
10272,40122
10305,40219
10195,40036
10223,40221
10256,39994
10310,40077
10291,40055
10289,40027
10217,40025
10207,40029
10294,40045
10226,40098
10368,40175
10203,40249
10214,40254
10301,40076
10210,40002
10347,40217
10253,40032
10288,40044
10251,40048
10238,40173
10322,40160
10297,40133
10260,40255
10240,40024
10274,40212
10309,40089
10263,40097
10232,40236
10335,40190
10316,40054
10252,39983
10198,40216
10216,40012
10319,40062
10266,40054
10194,40004
10259,40174
10228,40192
10293,40062
10368,40235
10308,40278
10271,40034
10200,40108
10269,40046
10201,40085
10235,40041
10250,40182
10187,40005
10322,40228
10213,40174
10299,40231
10262,40105
10327,40172
10202,40102
10344,40175
10249,40199
10284,40084
10277,40144
10273,40292
10221,39963
10219,39991
10193,40119
10280,40027
10314,40195
10270,40027
10268,40063
10246,40043
10231,40188
10212,40036
10205,40160
10255,40070
10224,40251
10324,40262
10287,40114
10336,40189
10189,40000
10242,39994
10227,40117
10208,39995
10204,40260
10302,40137
10320,40061
10211,40117
10298,40197
10239,40258
10273,40096
10218,40086
10305,40020
10339,40248
10261,40212
10295,40016
10223,40162
10257,40000
10291,40196
10289,40212
10245,40020
10230,40137
10264,40087
10241,40224
10326,40222
10214,40041
10215,40192
10248,40023
10276,40174
10290,40263
10236,40116
10199,39968
10323,40214
10298,40121
10275,40194
10286,40229
10232,40187
10339,40180
10282,39993
10316,40229
10256,40117
10198,40171
10289,40144
10266,40249
10351,40237
10294,40184
10365,40200
10203,40114
10301,40193
10191,39974
10210,40153
10290,40075
10253,40213
10251,40173
10285,40033
10300,40235
10240,40147
10274,40107
10222,40088
10346,40178
10281,40082
10296,40170
10252,40098
10221,40268
10216,40247
10247,40122
10194,40123
10228,40075
10293,40131
10312,40232
10308,40153
10200,39991
10269,40163
10340,40213
10250,40061
10235,40162
10243,40187
10278,40196
10292,40281
10224,40170
10255,40279
10325,40252
10265,40108
10299,40112
10242,40269
10345,40165
10306,40091
10249,40076
10197,40083
10283,40240
10321,40069
10277,40261
10296,40230
10220,40121
10218,40281
10181,40019
10219,40096
10318,40154
10261,40165
10337,40263
10268,40178
10196,40012
10303,40231
10317,40206
10363,40167
10267,40286
10215,40177
10336,40200
10204,40159
10320,40168
10321,40257
10211,39998
10388,40202
10254,40256
10286,40180
10295,40229
10223,40055
10257,40125
10291,40081
10342,40255
10379,40195
10217,40183
10230,40260
10207,40183
10241,40125
10366,40210
10363,40227
10361,40215
10214,40164
10338,40166
10233,40273
10229,40096
10248,40130
10210,40232
10313,40195
10238,40011
10253,40134
10236,40015
10288,40150
10357,40235
10260,40081
10225,40017
10188,39971
10275,40079
10309,40255
10307,40259
10304,40244
10281,40259
10282,40108
10316,40152
10198,40038
10216,40166
10217,40243
10266,40076
10259,40008
10207,40267
10201,39987
10235,40243
10338,40234
10278,40183
10288,40210
10251,40294
10285,40150
10213,40004
10300,40126
10334,40238
10274,39998
10222,40231
10202,40060
10307,40095
10284,40254
10209,40093
10353,40208
10258,40126
10296,40053
10330,40185
10221,40129
10319,40276
10280,40181
10228,39966
10293,40264
10270,40177
10271,40280
10243,40292
10212,40158
10292,40108
10224,40037
10359,40221
10299,40013
10227,40015
10190,40001
10242,40128
10208,40069
10249,39993
10197,40216
10234,40108
10321,40050
10283,40109
10254,40083
10330,40253
10220,39980
10305,40178
10261,40042
10295,40186
10280,40241
10270,40269
10268,40261
10237,40145
10196,40151
10245,40074
10246,40285
10317,40067
10264,39985
10287,40264
10267,40107
10215,40042
10233,40098
10248,40241
10276,40000
10347,40176
10204,40018
10236,40222
10199,40074
10279,40024
10355,40206
10272,40095
10304,40131
10305,40254
10195,40011
10310,40102
10289,39998
10217,40060
10245,40270
10207,40056
10331,40222
10226,40127
10214,40211
10301,40039
10229,39989
10347,40252
10290,40049
10253,40059
10288,40001
10251,40023
10238,40182
10322,40189
10297,40104
10260,40228
10240,40061
10222,40054
10275,39992
10309,40100
10263,40092
10232,40209
10216,40017
10319,40037
10194,40033
10259,40149
10228,40237
10331,40154
10271,40073
10200,40145
10201,40120
10235,40012
10250,40147
10278,40034
10187,40024
10343,40235
10322,40257
10285,40267
10265,40010
10213,40137
10299,40218
10262,40066
10202,40131
10344,40180
10197,40041
10284,40113
10277,39995
10258,39989
10273,40287
10221,39990
10219,40010
10318,40048
10193,40010
10280,40032
10270,40060
10200,40205
10246,40076
10212,40001
10205,40091
10224,40208
10255,40109
10324,40227
10287,40089
10336,40146
10189,40027
10242,40023
10227,40152
10302,40146
10211,40088
10239,40105
10273,40091
10218,40115
10305,40015
10339,40223
10295,40015
10223,40137
10257,40027
10291,40235
10237,40038
10245,40063
10230,40162
10264,40124
10326,40179
10361,40173
10214,40002
10215,40223
10233,39983
10229,40262
10276,40139
10185,39995
10236,40081
10199,39967
10260,40043
10298,40098
10286,40206
10304,40030
10232,40160
10339,40155
10282,40002
10316,40194
10256,40010
10310,40221
10328,40177
10198,40140
10289,40107
10266,40226
10351,40200
10203,40105
10201,40265
10301,40188
10191,40013
10244,39977
10315,40267
10210,39986
10350,40228
10290,40164
10251,40128
10322,40048
10285,40060
10375,40190
10300,40192
10240,40136
10274,40068
10222,40189
10202,40210
10341,40229
10281,40117
10335,40206
10353,40190
10296,40143
10252,40127
10247,40017
10360,40225
10319,40174
10194,40148
10259,40286
10228,40112
10293,40174
10312,40205
10308,40166
10200,40028
10250,40006
10235,40153
10243,40094
10315,40087
10278,40217
10206,40095
10292,40262
10224,40143
10325,40231
10265,40151
10299,40087
10249,40087
10197,40190
10277,40096
10296,40203
10220,40278
10219,40135
10374,40201
10318,40191
10261,40128
10337,40250
10367,40197
10268,40175
10196,39977
10303,40194
10177,39975
10264,40267
10205,40208
10215,40140
10204,40180
10302,40281
10286,40153
10195,40229
10223,40018
10257,40144
10291,40116
10342,40208
10289,40292
10207,40082
10241,40272
10363,40198
10214,40185
10248,39975
10229,40139
10210,40197
10238,39980
10253,40097
10279,40262
10260,40190
10225,40116
10188,39992
10240,40199
10275,40082
10309,40282
10304,40233
10232,40043
10281,40294
10282,40137
10256,40133
10384,40202
10198,40027
10216,40075
10247,40198
10217,40278
10266,40105
10194,40199
10259,39983
10207,40278
10294,40296
10312,40188
10203,39970
10235,40214
10338,40199
10244,40092
10278,40136
10378,40185
10285,40177
10213,39983
10300,40091
10334,40243
10222,40200
10306,40263
10307,40098
10284,40283
10209,40048
10258,40283
10296,40026
10330,40162
10252,40242
10221,40156
10216,40263
10247,40138
10228,39995
10270,40090
10308,40041
10271,40295
10269,40083
10303,40179
10243,40203
10212,40251
10205,39969
10206,40202
10292,40137
10224,40058
10359,40248
10227,40050
10242,40189
10208,40186
10234,40073
10197,40195
10283,40256
10355,40185
10311,40081
10254,40116
10330,40230
10220,40137
10273,40033
10318,40266
10261,40021
10295,40081
10369,40215
10280,40278
10257,40193
10270,40278
10268,40290
10237,40140
10196,40124
10245,40085
10182,39972
10267,40142
10215,40001
10233,40069
10248,40214
10276,39981
10208,40230
10204,40015
10199,40161
10279,40119
10355,40245
10298,40056
10272,40052
10286,40036
10304,40184
10305,40273
10195,40110
10295,40277
10217,40071
10331,40245
10226,40088
10241,39981
10301,40002
10229,40016
10290,40010
10253,40022
10288,40102
10251,39978
10199,40229
10238,40155
10297,40083
10260,40193
10225,39969
10222,40027
10309,40143
10263,40059
10209,40257
10252,40033
10216,40054
10356,40212
10266,39996
10194,40058
10259,40120
10331,40177
10312,40039
10308,40216
10271,40084
10200,40182
10201,40099
10250,40252
10243,39992
10244,40199
10315,40049
10278,40007
10206,39989
10343,40198
10285,40294
10265,40045
10213,40148
10262,40167
10202,40172
10234,40280
10197,40020
10284,40142
10258,40142
10221,40017
10219,40033
10193,40045
10280,40069
10370,40219
10268,39985
10200,40242
10303,40036
10231,39990
10246,40097
10212,40110
10352,40247
10205,40118
10292,40028
10255,40008
10183,39978
10324,40200
10287,40068
10262,40227
10242,40048
10227,40191
10208,40053
10348,40219
10283,39997
10298,40267
10311,40202
10239,40116
10272,40259
10273,40190
10218,40028
10305,40034
10295,40042
10223,40116
10314,40077
10257,40062
10237,40001
10230,40071
10264,40097
10226,40267
10329,40220
10326,40148
10287,40248
10267,40027
10276,40144
10348,40159
10185,39966
10236,40078
10199,40058
10279,39976
10297,40284
10260,40016
10298,40079
10275,40268
10304,40051
10232,40133
10195,39995
10263,40264
10282,40047
10316,40223
10256,40047
10310,40246
10198,40097
10289,40078
10351,40183
10366,40169
10203,40268
10301,40151
10191,40040
10244,39990
10210,39983
10350,40201
10290,40129
10238,40262
10251,40103
10322,40077
10240,40173
10274,40289
10222,40166
10202,40255
10307,40028
10341,40192
10281,40024
10335,40213
10252,40084
10247,40044
10360,40198
10194,40177
10259,40261
10293,40073
10312,40210
10308,40067
10200,40001
10269,39993
10235,39996
10250,40099
10243,40101
10315,40170
10206,40096
10292,40291
10224,40100
10187,39976
10255,40217
10325,40194
10265,40186
10299,40074
10262,40050
10227,40204
10306,40017
10344,40196
10197,40153
10284,40001
10277,40075
10258,40005
10218,40207
10219,40154
10318,40160
10261,40107
10337,40221
10333,40164
10268,40068
10177,40026
10231,40075
10317,40260
10205,40203
10255,40157
10215,40107
10336,40258
10189,39979
10204,40209
10302,40098
10211,40168
10239,40249
10286,40130
10218,40131
10362,40236
10358,40181
10195,40200
10223,39993
10256,40222
10257,40171
10291,40283
10230,40210
10207,40121
10241,40267
10214,40146
10229,40182
10313,40265
10276,40283
10290,40240
10238,39985
10253,40124
10279,40285
10260,40155
10225,40079
10240,40252
10332,40146
10275,40185
10232,40016
10281,40201
10282,40146
10316,40082
10256,40154
10184,40028
10198,39996
10216,40080
10179,39972
10247,40221
10266,40274
10194,40224
10294,40077
10203,40153
10235,40205
10244,40121
10278,40109
10210,40098
10253,40256
10288,40268
10251,40272
10285,40076
10265,40203
10300,40176
10274,40180
10306,40288
10307,40137
10281,40133
10209,40043
10296,40127
10252,40207
10221,40183
10219,40203
10247,40161
10175,40019
10337,40174
10228,39968
10293,40222
10270,40127
10308,40054
10269,40078
10303,40158
10243,40238
10212,40192
10349,40151
10206,40239
10292,40182
10224,40031
10242,40214
10208,40159
10234,40050
10249,40167
10277,40240
10239,40046
10254,40153
10330,40259
10220,40166
10273,40004
10362,40191
10261,39984
10295,40076
10369,40202
10257,40228
10268,40223
10237,40231
10196,40089
10230,39981
10245,40112
10231,40220
10317,40185
10192,40125
10267,40165
10215,40028
10233,40168
10208,40219
10204,40036
10199,40156
10302,40233
10279,40082
10298,40037
10254,40213
10272,40041
10286,40009
10304,40093
10195,40085
10282,40197
10369,40182
10310,40028
10342,40160
10217,40106
10207,39970
10331,40232
10226,40053
10241,40128
10214,40265
10233,40228
10229,40059
10248,40119
10253,39985
10238,40124
10288,40123
10199,40192
10323,40054
10297,40054
10275,40034
10309,40170
10304,40281
10263,40022
10209,40228
10252,40062
10216,39963
10356,40241
10266,40153
10259,40095
10294,40216
10308,40229
10271,40115
10203,40018
10201,40006
10250,40217
10244,40236
10278,40024
10349,40200
10206,40030
10343,40221
10285,40193
10213,40127
10262,40152
10234,40261
10284,40171
10277,40033
10209,40160
10258,40171
10221,40044
10356,40181
10333,40202
10280,40106
10270,39978
10268,39982
10269,40195
10231,39981
10246,40122
10212,40075
10352,40204
10205,40017
10292,40057
10255,40055
10287,40163
10262,40196
10242,40045
10227,40162
10208,40042
10348,40240
10345,40197
10249,40044
10234,40185
10283,40144
10211,40258
10311,40225
10239,40083
10272,40248
10220,40025
10273,40145
10218,40057
10358,40211
10305,40069
10395,40199
10223,40083
10314,40086
10237,40124
10230,40120
10246,40198
10317,40046
10264,40006
10192,39976
10226,40228
10329,40199
10180,40012
10287,40231
10267,40062
10233,40053
10276,40125
10348,40180
10185,40033
10199,40017
10323,40263
10320,40200
10373,40210
10297,40263
10298,40168
10275,40275
10272,40164
10304,40040
10232,40106
10263,40231
10372,40202
10223,40279
10310,40139
10198,40090
10289,40033
10354,40230
10241,40029
10226,40168
10366,40178
10201,40215
10301,40114
10244,40019
10290,40154
10238,40235
10251,40122
10323,40067
10300,40282
10274,40282
10222,40139
10309,40031
10307,40035
10263,40171
10281,40035
10335,40240
10252,40177
10360,40171
10259,40232
10293,40116
10368,40213
10365,40189
10308,40104
10200,40038
10269,40020
10201,40147
10250,40076
10243,40008
10206,40133
10224,40121
10255,40196
10213,40228
10299,40289
10262,40023
10227,40243
10202,40092
10346,40217
10344,40233
10249,40285
10197,40132
10284,40030
10277,40086
10311,40022
10258,40030
10296,40277
10220,40200
10273,40226
10218,40232
10219,40177
10318,40069
10261,40086
10314,40281
10268,40097
10340,40184
10231,40102
10246,39985
10264,40213
10212,39998
10205,40230
10329,40144
10224,40261
10255,40184
10287,40052
10215,40070
10204,40206
10302,40071
10283,40013
10321,40210
10211,40143
10298,40251
10239,40196
10286,40103
10218,40172
10362,40201
10358,40174
10261,40266
10223,39972
10256,40243
10289,40274
10237,39985
10230,40247
10264,40145
10326,40260
10214,39991
10215,40266
10229,40209
10276,40224
10290,40205
10253,40087
10236,40190
10260,40128
10225,40162
10240,40273
10275,40156
10286,40291
10232,39989
10281,40236
10282,40191
10256,40191
10310,40262
10184,39969
10216,40117
10247,40248
10207,40216
10294,40102
10203,40188
10301,40263
10244,40134
10315,40254
10278,40070
10210,40095
10350,40185
10253,40283
10251,40247
10285,40103
10265,40238
10300,40173
10240,40093
10225,40238
10274,40145
10222,40278
10306,40221
10307,40172
10281,40168
10209,40014
10258,40209
10296,40100
10252,40292
10221,40210
10219,40238
10247,40188
10319,40069
10228,40141
10293,40249
10269,40105
10340,40239
10303,40101
10250,39987
10235,40108
10243,40245
10278,40258
10349,40178
10206,40240
10292,40211
10224,39988
10364,40218
10325,40178
10299,40186
10242,40243
10190,39984
10327,40235
10234,40031
10249,40138
10277,40219
10311,40139
10239,40053
10186,40003
10254,40130
10220,40067
10181,39977
10318,40208
10295,40107
10367,40176
10257,40255
10270,40220
10268,40244
10237,40194
10196,40070
10377,40191
10231,40251
10317,40148
10267,40216
10215,39995
10233,40147
10248,40256
10336,40242
10313,40093
10204,40065
10302,40242
10279,40169
10211,40056
10298,40014
10332,40222
10254,40254
10272,40014
10286,39986
10195,40184
10282,40238
10310,40049
10291,40139
10217,40141
10245,40223
10207,40137
10226,40014
10241,40187
10366,40232
10214,40098
10248,40092
10229,40038
10233,40207
10380,40194
10238,40065
10288,40080
10236,40049
10279,40237
10297,40025
10260,40267
10225,39967
10188,40037
10275,40009
10309,40181
10307,40221
10263,40013
10371,40219
10209,40223
10316,40162
10252,40027
10328,40209
10216,39968
10217,40201
10266,40130
10259,40066
10294,40253
10271,40158
10203,40009
10201,40041
10250,40290
10244,40265
10278,39997
10349,40227
10206,40035
10343,40184
10285,40220
10213,40090
10300,40032
10334,40164
10274,40036
10202,39986
10234,40238
10390,40205
10284,40192
10277,40012
10209,40155
10258,40068
10221,40071
10319,40206
10333,40229
10280,40143
10228,40016
10383,40204
10270,40143
10271,40210
10269,40254
10231,40008
10246,40159
10212,40080
10352,40161
10205,40012
10292,40038
10183,40028
10287,40142
10299,40055
10242,40070
10208,40015
10345,40232
10302,40061
10249,40055
10234,40162
10283,40183
10376,40191
10211,40233
10311,40252
10254,40009
10239,40190
10272,40221
10220,40054
10273,39988
10358,40244
10280,40203
10314,40051
10237,40087
10196,40201
10230,40029
10245,40128
10246,40219
10264,40043
10192,40013
10226,40193
10329,40234
10182,40009
10287,40194
10267,40085
10233,40024
10276,40090
10185,40004
10236,40256
10199,40012
10320,40237
10279,40034
10297,40234
10298,40149
10272,40153
10232,40079
10263,40194
10372,40215
10223,40242
10310,40172
10291,40020
10289,40004
10217,39994
10354,40195
10294,40012
10241,40048
10226,40133
10203,40198
10201,40250
10301,40109
10191,40114
10244,40056
10210,40037
10347,40198
10238,40204
10251,40081
10323,40166
10297,40166
10274,40247
10222,39980
10202,40261
10309,40058
10232,40267
10263,40134
10335,40159
10252,40142
10198,40251
10247,39974
10319,40031
10266,40009
10194,39975
10259,40207
10293,40031
10368,40202
10271,40003
10200,40075
10269,40015
10201,40182
10235,40054
10250,40169
10243,40047
10206,40174
10224,40094
10187,40034
10255,40227
10325,40264
10322,40199
10375,40211
10213,40207
10299,40260
10262,40008
10227,40278
10202,40121
10346,40226
10306,40039
10249,40224
10197,39983
10284,40059
10277,40177
10311,40045
10258,40059
10220,40229
10273,40197
10218,40245
10280,39994
10314,40226
10268,40030
10246,40010
10231,40157
10264,40250
10212,39963
10205,40129
10329,40187
10255,40167
10287,40019
10215,40093
10189,40033
10227,40082
10204,40235
10302,40168
10283,40032
10321,40245
10211,40146
10298,40228
10286,40072
10218,40073
10261,40245
10314,40166
10291,40293
10289,40245
10237,39980
10230,40232
10354,40178
10264,40182
10241,40193
10326,40249
10215,40225
10248,40054
10229,40252
10276,40205
10290,40294
10236,40155
10323,40247
10260,39981
10225,40133
10332,40164
10275,40227
10286,40260
10281,40247
10316,40260
10256,40084
10310,40283
10289,40177
10266,40216
10207,40231
10294,40155
10365,40233
10312,40075
10203,40083
10235,40263
10301,40226
10244,40163
10315,40213
10278,40091
10210,40184
10350,40162
10290,40106
10253,40246
10251,40202
10285,40002
10265,40273
10357,40187
10300,40138
10225,40193
10240,40114
10274,40138
10222,40123
10346,40149
10306,40246
10307,40179
10281,40179
10335,40256
10209,39969
10258,40234
10296,40073
10252,40257
10221,40237
10219,40261
10247,40091
10216,40214
10228,40170
10293,40228
10312,40263
10269,40132
10340,40244
10303,40064
10235,40067
10377,40198
10243,40152
10212,40266
10278,40231
10206,40277
10292,40248
10325,40157
10265,40077
10299,40145
10242,40236
10327,40198
10306,40186
10234,39992
10197,40116
10249,40109
10283,40209
10321,40166
10277,40294
10311,40166
10239,40016
10186,39980
10254,40167
10220,40088
10219,40065
10318,40245
10257,40274
10270,40225
10268,40145
10196,40035
10303,40260
10231,40278
10317,40239
10382,40186
10324,40168
10267,40255
10336,40215
10313,40160
10208,40277
10204,40126
10302,40215
10320,40151
10279,40132
10211,40031
10332,40251
10254,40227
10195,40159
10282,40267
10295,40202
10256,40259
10257,40094
10291,40174
10342,40158
10217,40144
10245,40250
10207,40148
10226,39979
10241,40094
10366,40205
10361,40240
10214,40071
10248,40161
10229,40065
10313,40252
10238,40042
10253,40167
10236,40046
10288,40181
10357,40204
10279,40200
10260,40112
10225,40050
10188,40002
10275,40108
10309,40208
10307,40224
10304,40211
10282,40079
10316,40191
10328,40246
10216,40133
10247,40264
10217,40236
10266,40175
10259,40041
10294,40278
10271,40165
10203,40044
10250,40271
10244,40278
10343,40151
10288,40241
10285,40247
10213,40037
10300,40029
10334,40201
10274,40001
10202,40031
10234,40203
10341,40160
10284,40221
10277,40023
10209,40126
10353,40241
10258,40097
10330,40152
10221,40098
10319,40245
10193,39998
10280,40148
10228,40061
10270,40144
10271,40249
10269,40281
10231,40039
10246,40176
10243,40261
10212,40189
10205,40039
10292,40067
10255,39993
10299,40042
10262,40274
10227,39980
10242,40099
10208,40100
10345,40243
10302,40006
10249,40026
10197,40249
10283,40074
10234,40143
10211,40204
10311,40283
10254,40050
10239,40133
10330,40220
10273,39983
10218,39983
10358,40233
10305,40147
10392,40194
10295,40155
10280,40208
10314,40028
10237,40178
10196,40182
10230,40054
10245,40171
10246,40252
10192,40034
10226,40218
10324,40051
10267,40072
10233,40003
10313,40045
10276,40039
10204,39985
10236,40253
10199,40107
10376,40192
10320,40258
10279,40057
10297,40205
10272,40126
10305,40223
10195,40040
10223,40217
10256,39998
10310,40065
10291,40059
10289,40031
10217,40029
10354,40220
10207,40025
10294,40033
10241,40043
10226,40158
10203,40253
10214,40242
10301,40072
10210,40030
10347,40221
10238,40209
10288,40032
10251,40052
10322,40156
10323,40141
10297,40137
10260,40251
10240,40028
10274,40208
10309,40069
10232,40240
10263,40125
10281,39977
10335,40186
10316,40050
10252,39979
10198,40220
10247,39997
10319,40058
10266,40050
10194,40000
10259,40178
10228,40204
10293,40058
10308,40274
10271,40046
10200,40112
10269,40042
10201,40089
10235,40045
10250,40178
10243,40050
10206,40179
10322,40224
10213,40170
10299,40251
10262,40109
10327,40168
10202,40098
10344,40147
10249,40203
10284,40080
10277,40156
10219,39979
10193,40107
10280,40031
10314,40207
10270,40031
10268,40059
10246,40047
10231,40184
10212,40032
10205,40188
10255,40066
10224,40255
10324,40258
10287,40126
10336,40177
10242,39990
10227,40121
10208,39999
10204,40256
10302,40141
10320,40049
10211,40121
10298,40193
10239,40270
10273,40100
10218,40082
10339,40252
10261,40208
10223,40174
10257,40004
10291,40200
10289,40200
10245,40016
10230,40141
10264,40091
10241,40228
10326,40210
10214,40045
10215,40252
10248,40027
10229,40231
10276,40170
10290,40259
10236,40112
10199,39996
10323,40218
10225,40152
10275,40198
10286,40233
10232,40191
10339,40184
10316,40225
10256,40105
10328,40144
10198,40175
10289,40148
10266,40197
10351,40233
10294,40188
10365,40196
10312,40080
10203,40118
10301,40221
10191,39970
10210,40149
10290,40071
10253,40209
10251,40161
10285,40029
10357,40166
10300,40231
10240,40151
10274,40103
10222,40092
10346,40190
10341,40262
10281,40086
10296,40174
10386,40208
10252,40286
10221,40264
10219,40280
10216,40251
10247,40118
10319,40143
10194,40119
10228,40087
10293,40143
10312,40236
10200,39995
10269,40191
10340,40209
10250,40057
10235,40166
10243,40191
10212,40279
10278,40248
10292,40229
10224,40174
10255,40275
10325,40248
10265,40112
10299,40116
10262,39992
10242,40265
10345,40169
10306,40087
10234,39973
10197,40095
10249,40112
10283,40244
10321,40185
10277,40257
10311,40189
10296,40234
10220,40117
10218,40261
10219,40100
10318,40158
10261,40161
10268,40142
10237,40280
10196,40008
10303,40227
10231,40269
10317,40202
10363,40187
10324,40149
10267,40274
10215,40173
10336,40204
10313,40139
10208,40266
10204,40155
10320,40172
10321,40261
10211,39970
10332,40272
10254,40260
10286,40184
10195,40130
10282,40276
10295,40225
10223,40051
10256,40280
10257,40113
10291,40085
10342,40243
10379,40199
10217,40187
10230,40280
10207,40179
10241,40113
10366,40214
10363,40231
10361,40219
10214,40088
10338,40162
10233,40277
10229,40108
10248,40134
10210,40228
10313,40199
10238,40015
10253,40130
10236,40011
10288,40138
10357,40247
10260,40093
10225,40021
10188,40031
10275,40115
10309,40251
10307,40263
10304,40200
10281,40263
10282,40104
10316,40148
10198,40058
10216,40170
10217,40247
10266,40072
10259,40012
10294,40267
10201,39991
10235,40247
10338,40230
10278,40171
10288,40214
10285,40146
10213,40000
10300,40122
10334,40210
10274,39994
10222,40235
10202,40056
10307,40067
10284,40250
10209,40081
10353,40212
10258,40122
10296,40057
10221,40125
10319,40272
10280,40185
10293,40276
10270,40181
10271,40260
10212,40154
10292,40104
10359,40217
10299,40001
10227,40019
10190,40005
10242,40156
10208,40089
10234,40104
10249,39997
10283,40097
10321,40054
10197,40228
10211,40211
10254,40087
10330,40249
10220,39976
10305,40182
10261,40054
10295,40182
10280,40245
10268,40257
10237,40173
10196,40147
10230,40043
10245,40182
10246,40273
10264,39989
10287,40276
10267,40111
10215,40038
10233,40102
10248,40245
10313,40048
10276,40012
10347,40180
10204,39982
10236,40218
10199,40070
10279,40020
10355,40210
10272,40083
10304,40135
10305,40242
10195,40015
10223,40196
10310,40090
10217,40032
10245,40266
10207,40036
10331,40210
10226,40123
10214,40215
10301,40035
10229,39985
10347,40240
10290,40045
10253,40055
10288,40005
10251,40011
10238,40186
10322,40185
10297,40108
10260,40224
10240,40049
10274,40205
10222,40058
10275,39996
10309,40096
10263,40088
10232,40213
10216,40021
10319,40033
10194,40029
10259,40153
10228,40233
10293,40037
10331,40158
10271,40053
10200,40149
10201,40124
10235,40000
10250,40159
10278,40038
10187,40028
10343,40231
10322,40253
10285,40263
10265,40014
10213,40181
10299,40222
10262,40070
10202,40143
10344,40184
10197,40053
10284,40109
10277,39975
10258,39985
10273,40275
10221,39986
10219,40014
10318,40052
10193,40014
10280,40036
10270,40032
10200,40209
10246,40064
10212,40013
10205,40087
10255,40105
10224,40212
10324,40239
10287,40101
10336,40150
10189,40023
10242,40019
10227,40156
10302,40150
10211,40092
10239,40277
10272,40290
10273,40095
10218,40127
10339,40195
10295,40011
10223,40149
10257,40031
10291,40239
10237,40034
10245,40059
10230,40166
10264,40064
10326,40183
10361,40177
10214,40006
10267,39992
10215,40219
10233,39987
10229,40258
10276,40183
10290,40284
10185,39999
10236,40109
10323,40193
10260,40055
10298,40110
10286,40210
10304,40018
10232,40164
10339,40159
10282,40014
10316,40254
10256,40014
10310,40209
10328,40181
10198,40128
10289,40111
10266,40238
10351,40212
10203,40109
10201,40269
10301,40184
10191,40009
10315,40271
10210,40142
10350,40232
10290,40160
10251,40132
10322,40044
10285,40056
10375,40186
10300,40220
10240,40140
10274,40064
10222,40065
10202,40222
10341,40225
10281,40121
10335,40202
10353,40178
10296,40147
10252,40123
10247,40013
10360,40229
10319,40170
10194,40144
10259,40290
10228,40124
10293,40170
10312,40241
10308,40162
10200,39968
10250,40002
10235,40157
10243,40066
10315,40075
10278,40221
10206,40067
10292,40258
10224,40131
10325,40227
10265,40155
10299,40107
10242,40290
10249,40091
10197,40186
10277,40108
10296,40207
10220,40274
10219,40123
10374,40205
10261,40140
10337,40254
10367,40193
10268,40171
10196,39989
10303,40206
10264,40271
10287,39982
10267,40265
10215,40136
10204,40176
10302,40285
10321,40280
10332,40269
10286,40157
10195,40233
10223,40030
10257,40148
10291,40120
10342,40212
10207,40094
10241,40276
10363,40218
10214,40189
10338,40159
10248,39979
10229,40151
10210,40193
10238,40016
10253,40157
10279,40258
10260,40186
10225,40104
10188,39988
10240,40219
10275,40086
10309,40262
10304,40237
10232,40047
10282,40117
10384,40206
10328,40256
10198,40031
10216,40079
10247,40194
10217,40282
10266,40117
10194,40195
10259,39987
10207,40274
10312,40160
10203,39974
10235,40234
10338,40195
10391,40207
10244,40088
10278,40140
10253,40289
10285,40173
10213,39979
10300,40087
10334,40247
10222,40204
10202,40037
10306,40259
10307,40102
10341,40150
10284,40279
10209,40052
10258,40279
10296,40030
10330,40174
10252,40238
10221,40152
10216,40267
10247,40134
10270,40094
10308,40021
10271,40291
10303,40191
10178,39975
10243,40207
10212,40231
10205,39997
10206,40206
10292,40149
10224,40062
10359,40244
10227,40054
10242,40185
10208,40190
10234,40085
10197,40207
10283,40260
10355,40189
10311,40077
10254,40120
10330,40226
10220,40133
10273,40037
10305,40169
10318,40270
10261,40017
10295,40173
10280,40282
10257,40197
10270,40282
10237,40136
10196,40120
10245,40081
10267,40130
10215,40061
10233,40073
10248,40218
10313,40027
10276,39977
10208,40250
10204,40011
10199,40189
10279,40115
10355,40249
10272,40072
10286,40040
10304,40188
10305,40277
10195,40114
10295,40273
10217,40075
10245,40277
10331,40201
10226,40084
10301,40030
10229,40028
10176,40024
10290,40006
10253,40018
10288,40026
10251,39982
10199,40225
10238,40159
10297,40087
10260,40205
10225,39973
10222,40031
10309,40139
10263,40055
10209,40261
10216,40058
10356,40208
10266,39992
10259,40124
10331,40181
10312,40043
10308,40196
10271,40080
10200,40186
10201,40103
10250,40248
10243,39996
10244,40195
10315,40053
10278,40059
10206,39993
10343,40194
10322,40278
10285,40290
10265,40049
10213,40144
10262,40187
10202,40168
10197,40016
10284,40138
10258,40138
10221,40013
10219,40037
10193,40033
10280,40073
10370,40215
10200,40246
10303,40032
10231,39986
10246,40101
10212,40106
10352,40235
10205,40114
10292,40024
10255,40020
10183,39974
10324,40212
10287,40064
10262,40231
10242,40012
10227,40131
10348,40215
10283,39985
10298,40279
10311,40198
10239,40112
10272,40263
10273,40178
10218,40024
10305,40038
10295,40038
10223,40112
10314,40073
10257,40050
10237,40029
10230,40091
10264,40101
10226,40263
10326,40168
10214,40027
10267,40031
10276,40156
10348,40155
10236,40074
10199,40054
10297,40288
10260,40028
10298,40075
10304,40055
10232,40137
10195,39999
10263,40260
10282,40043
10316,40219
10256,40035
10310,40234
10198,40101
10289,40066
10351,40179
10366,40173
10203,40256
10301,40147
10244,39986
10210,39979
10350,40205
10290,40189
10238,40266
10251,40155
10322,40073
10225,40274
10240,40161
10222,40170
10202,40251
10341,40204
10281,40028
10335,40209
10252,40080
10247,40040
10360,40202
10194,40173
10259,40265
10228,40281
10293,40085
10312,40214
10308,40079
10200,40005
10269,39989
10235,39984
10250,40111
10243,40105
10315,40174
10206,40100
10224,40152
10187,39980
10325,40206
10265,40190
10213,40261
10299,40078
10262,40054
10227,40208
10306,40109
10344,40200
10197,40165
10284,39997
10277,40119
10258,40001
10218,40203
10219,40158
10318,40164
10261,40119
10337,40209
10333,40160
10268,40064
10303,40213
10231,40071
10317,40256
10205,40199
10255,40153
10215,40103
10336,40262
10189,39975
10204,40173
10302,40102
10211,40172
10239,40229
10286,40134
10218,40143
10362,40232
10195,40204
10223,40005
10256,40210
10257,40175
10291,40287
10230,40214
10207,40101
10241,40271
10214,40150
10248,39984
10229,40178
10313,40269
10276,40263
10290,40236
10238,39989
10253,40120
10279,40281
10260,40167
10225,40067
10240,40240
10275,40189
10309,40289
10232,40020
10281,40205
10282,40158
10316,40078
10256,40158
10184,40000
10198,39984
10216,40084
10179,39976
10247,40217
10266,40286
10194,40220
10294,40065
10203,40157
10235,40193
10244,40101
10278,40097
10210,40126
10288,40256
10251,40276
10285,40072
10265,40207
10213,39990
10300,40076
10274,40176
10307,40141
10281,40137
10209,40047
10296,40003
10252,40203
10221,40179
10219,40207
10216,40272
10247,40157
10337,40162
10228,39980
10293,40218
10270,40099
10308,40050
10269,40074
10303,40154
10243,40210
10212,40204
10206,40211
10292,40178
10224,40019
10364,40249
10242,40210
10208,40147
10234,40062
10249,40171
10283,40283
10277,40252
10239,40042
10186,40034
10254,40157
10220,40162
10273,40024
10330,40271
10362,40187
10261,39996
10295,40072
10369,40206
10257,40216
10268,40219
10237,40227
10196,40101
10230,39969
10245,40124
10231,40216
10317,40181
10192,40113
10364,40189
10267,40185
10215,40024
10233,40172
10276,39990
10208,40223
10204,40032
10199,40152
10302,40237
10279,40078
10298,40033
10254,40217
10272,40045
10286,40013
10304,40081
10305,40264
10195,40089
10282,40193
10295,40268
10310,40016
10342,40164
10217,40110
10207,39982
10331,40236
10226,40049
10241,40132
10214,40269
10233,40232
10229,40007
10248,40123
10238,40096
10253,39981
10288,40127
10199,40220
10323,40058
10297,40058
10225,39992
10222,40000
10275,40038
10309,40150
10304,40285
10263,40018
10209,40248
10252,40058
10216,39967
10259,40099
10331,40168
10294,40220
10312,40048
10308,40225
10271,40127
10203,40022
10201,40010
10250,40197
10244,40232
10278,40028
10349,40196
10206,40002
10343,40217
10213,40123
10262,40156
10234,40257
10284,40167
10277,40045
10209,40164
10258,40167
10221,40040
10219,40056
10356,40177
10333,40198
10280,40110
10270,39982
10268,39978
10269,40223
10303,40015
10231,39977
10178,40023
10246,40126
10212,40119
10352,40192
10205,40109
10292,40005
10255,40051
10287,40175
10262,40216
10242,40041
10227,40166
10208,40046
10348,40236
10345,40201
10283,40148
10211,40262
10311,40221
10239,40095
10254,39976
10272,40252
10220,40021
10273,40149
10218,40037
10358,40215
10305,40089
10223,40095
10314,40082
10237,40120
10196,40232
10230,40124
10317,40042
10264,40010
10192,39980
10226,40224
10329,40203
10326,40141
10287,40227
10267,40050
10233,40057
10276,40121
10348,40176
10199,40045
10323,40267
10320,40204
10373,40222
10297,40267
10298,40180
10275,40279
10272,40184
10304,40044
10232,40110
10195,39970
10263,40227
10282,40052
10372,40182
10223,40275
10256,40056
10310,40143
10198,40094
10289,40037
10217,39963
10354,40226
10351,40158
10241,40017
10226,40164
10366,40182
10201,40219
10301,40142
10244,40031
10290,40150
10238,40239
10288,39978
10251,40126
10285,39982
10323,40071
10300,40278
10274,40278
10222,40143
10202,40228
10309,40027
10307,40039
10341,40215
10263,40167
10281,40039
10335,40252
10252,40173
10360,40175
10259,40236
10228,40262
10293,40112
10365,40185
10308,40084
10200,40042
10269,40016
10201,40151
10250,40072
10243,40012
10206,40137
10224,40125
10255,40192
10265,40161
10213,40224
10299,40293
10262,40043
10227,40247
10202,40088
10346,40197
10344,40237
10249,40257
10197,40128
10284,40026
10277,40082
10311,40018
10258,40026
10296,40281
10220,40196
10273,40230
10218,40212
10219,40181
10318,40073
10261,40082
10314,40261
10268,40125
10340,40164
10231,40098
10246,39989
10264,40217
10212,39994
10317,40283
10205,40226
10329,40148
10255,40132
10324,40068
10287,40048
10215,40066
10204,40202
10302,40075
10283,40001
10321,40214
10211,40179
10385,40208
10239,40192
10286,40107
10218,40168
10362,40213
10261,40278
10223,39968
10256,40247
10291,40258
10342,40258
10289,40278
10230,40203
10264,40149
10241,40290
10214,39979
10215,40262
10229,40221
10210,40279
10313,40272
10276,40236
10290,40201
10253,40083
10236,40186
10260,40140
10225,40166
10240,40277
10275,40128
10232,39993
10281,40208
10282,40187
10256,40179
10184,39973
10216,40121
10179,40015
10247,40244
10207,40196
10294,40122
10203,40176
10301,40259
10244,40130
10315,40242
10278,40122
10210,40091
10350,40189
10253,40279
10251,40235
10285,40099
10265,40242
10300,40169
10240,40081
10225,40226
10274,40173
10222,40282
10306,40217
10307,40144
10281,40172
10209,40002
10258,40205
10296,40104
10252,40288
10221,40206
10219,40226
10247,40184
10319,40065
10228,40137
10293,40197
10269,40101
10340,40235
10303,40097
10235,40096
10250,39999
10243,40249
10278,40262
10349,40174
10206,40244
10292,40223
10224,39976
10364,40214
10325,40190
10299,40190
10242,40207
10190,39988
10208,40136
10327,40231
10306,40157
10234,40027
10249,40142
10277,40199
10311,40135
10239,40049
10186,40015
10254,40134
10220,40191
10362,40164
10318,40212
10295,40103
10369,40225
10367,40188
10257,40243
10270,40192
10268,40240
10237,40222
10196,40066
10231,40247
10317,40144
10267,40220
10215,39991
10233,40151
10248,40260
10336,40246
10313,40065
10204,40093
10302,40246
10279,40165
10211,40060
10298,40010
10332,40218
10254,40194
10272,40002
10305,40291
10195,40188
10282,40234
10369,40173
10310,40053
10291,40143
10342,40185
10217,40113
10245,40219
10207,39989
10226,40010
10241,40191
10366,40236
10214,40102
10248,40064
10229,40034
10233,40211
10238,40069
10288,40084
10279,40233
10297,40029
10260,40279
10188,40033
10275,40013
10309,40177
10307,40193
10263,40009
10371,40223
10209,40211
10252,40023
10328,40213
10216,39972
10217,40205
10266,40142
10259,40070
10294,40241
10312,40021
10271,40154
10203,40013
10201,40045
10244,40245
10278,39985
10349,40223
10206,40039
10343,40180
10285,40216
10213,40070
10300,40060
10334,40168
10274,40032
10202,39998
10234,40234
10390,40193
10284,40188
10277,40008
10209,40159
10258,40064
10221,40067
10319,40202
10193,39967
10333,40225
10280,40115
10228,40028
10383,40200
10270,39987
10271,40222
10200,40256
10269,40250
10231,40004
10246,40147
10212,40092
10352,40165
10205,40008
10292,40034
10183,40024
10287,40138
10242,40066
10208,40003
10345,40236
10302,40033
10249,40059
10234,40174
10283,40171
10211,40237
10311,40248
10254,40013
10239,40186
10272,40209
10220,40050
10273,40136
10358,40200
10280,40207
10314,40063
10237,40083
10196,40213
10230,40017
10245,40140
10246,40223
10264,40047
10192,40001
10226,40253
10329,40238
10182,40013
10180,40021
10287,40206
10267,40041
10233,40028
10276,40070
10185,40008
10199,40008
10320,40225
10297,40238
10298,40145
10272,40157
10232,40083
10263,40222
10372,40211
10223,40254
10310,40160
10291,40024
10289,40056
10379,40186
10217,39998
10294,40000
10241,40052
10226,40129
10203,40218
10201,40254
10301,40105
10244,40036
10210,40033
10238,40240
10251,40085
10323,40170
10297,40170
10240,39995
10274,40243
10222,39984
10202,40257
10309,40038
10232,40271
10263,40130
10335,40155
10252,40138
10198,40255
10266,40021
10194,39971
10259,40211
10293,40027
10368,40206
10271,40015
10200,40079
10269,40011
10201,40186
10250,40085
10243,40019
10315,40152
10206,40146
10224,40082
10255,40239
10325,40276
10322,40195
10375,40207
10213,40203
10299,40280
10262,40012
10227,40282
10202,40069
10346,40238
10306,40035
10344,40242
10249,40228
10197,39979
10284,40055
10277,40189
10311,40041
10258,40055
10220,40225
10273,40217
10218,40241
10280,39998
10314,40238
10268,40026
10246,40014
10231,40153
10264,40254
10205,40157
10329,40191
10255,40163
10287,40031
10215,40089
10189,39965
10227,40086
10204,40231
10302,40172
10283,40036
10321,40233
10211,40150
10298,40224
10286,40076
10218,40181
10261,40241
10314,40162
10289,40233
10230,40236
10354,40174
10264,40186
10241,40197
10326,40253
10248,40058
10229,40248
10276,40201
10290,40290
10236,40151
10323,40251
10260,39977
10225,40185
10240,40266
10332,40160
10275,40231
10286,40264
10281,40251
10316,40256
10256,40072
10310,40287
10289,40181
10179,40018
10266,40292
10207,40227
10294,40159
10365,40229
10312,40079
10203,40087
10301,40254
10244,40175
10315,40201
10278,40095
10210,40180
10350,40166
10290,40102
10253,40242
10251,40206
10285,40126
10265,40277
10300,40134
10225,40197
10240,40118
10274,40134
10222,40127
10306,40242
10307,40183
10281,40183
10335,40268
10209,39973
10258,40230
10296,40077
10221,40233
10219,40249
10247,40087
10216,40218
10228,40182
10293,40224
10312,40267
10269,40128
10340,40240
10303,40076
10235,40071
10377,40202
10243,40156
10278,40283
10292,40196
10325,40153
10265,40081
10299,40149
10242,40232
10327,40194
10306,40182
10234,40004
10197,40112
10249,40145
10283,40213
10321,40154
10277,40290
10311,40162
10239,40028
10186,39976
10254,40171
10220,40084
10219,40069
10318,40249
10257,40278
10270,40229
10268,40237
10196,40047
10303,40256
10231,40274
10317,40235
10205,40274
10324,40180
10267,40243
10336,40235
10313,40164
10204,40122
10302,40219
10320,40139
10279,40128
10211,40003
10332,40247
10254,40231
10272,39975
10304,40107
10195,40163
10282,40247
10295,40198
10256,40263
10257,40082
10291,40178
10342,40146
10217,40148
10245,40230
10207,40144
10226,39975
10241,40082
10366,40241
10361,40244
10214,40123
10248,40165
10229,40077
10313,40224
10238,40046
10253,40163
10236,40042
10288,40169
10357,40200
10279,40196
10297,40000
10260,40124
10225,40054
10275,40016
10309,40220
10307,40228
10304,40215
10371,40226
10282,40075
10316,40187
10328,40250
10216,40137
10247,40260
10217,40208
10266,40171
10259,40045
10294,40234
10271,40161
10203,40032
10250,40267
10244,40274
10349,40250
10343,40147
10288,40245
10285,40243
10213,40033
10300,40025
10334,40205
10274,40029
10202,40027
10234,40215
10341,40172
10284,40217
10277,40019
10209,40114
10353,40245
10258,40093
10221,40094
10374,40186
10319,40241
10193,39986
10280,40152
10228,40057
10270,40148
10271,40229
10269,40277
10231,40035
10246,40180
10243,40265
10212,40185
10352,40186
10205,40035
10292,40079
10359,40190
10299,40046
10262,40278
10227,39984
10242,40127
10208,40120
10345,40247
10302,40010
10249,40030
10234,40139
10283,40078
10211,40240
10311,40279
10254,40054
10239,40129
10330,40216
10218,39979
10358,40237
10305,40151
10392,40198
10295,40151
10280,40212
10237,40078
10196,40178
10230,40010
10245,40151
10246,40240
10192,40038
10226,40214
10324,40063
10267,40076
10233,40007
10276,40035
10347,40149
10185,40019
10236,40249
10199,40103
10376,40196
10320,40262
10279,40053
10297,40209
10272,40114
10305,40211
10195,40044
10223,40229
10256,39986
10310,40069
10291,40063
10289,40019
10217,40001
10354,40216
10207,40005
10294,40037
10241,40047
10226,40154
10203,40241
10201,40225
10214,40246
10301,40068
10210,40026
10347,40209
10238,40213
10288,40036
10251,40040
10322,40152
10323,40145
10297,40141
10240,40016
10274,40236
10309,40065
10232,40244
10263,40121
10281,39981
10335,40166
10316,40046
10252,39975
10198,40208
10247,39993
10266,40062
10194,39996
10259,40182
10228,40200
10293,40006
10368,40227
10308,40286
10271,40042
10200,40116
10269,40038
10201,40093
10235,40033
10250,40190
10243,40054
10206,40183
10343,40260
10322,40220
10265,39983
10213,40214
10299,40255
10262,40097
10227,40257
10327,40164
10202,40110
10344,40151
10249,40207
10284,40076
10277,40152
10220,40254
10219,39983
10193,40111
10280,40003
10314,40203
10270,40003
10268,40055
10246,40035
10231,40180
10264,40227
10212,40044
10205,40184
10329,40162
10255,40078
10224,40243
10324,40270
10287,40122
10336,40181
10242,39986
10227,40125
10208,39987
10302,40177
10320,40053
10283,40059
10211,40125
10298,40205
10239,40266
10273,40120
10218,40094
10339,40224
10261,40220
10223,40170
10314,40143
10257,39992
10291,40204
10289,40204
10245,40028
10230,40129
10264,40095
10241,40248
10326,40214
10214,40033
10215,40248
10248,40031
10229,40227
10276,40214
10236,40140
10199,39992
10323,40222
10225,40156
10275,40202
10286,40237
10339,40188
10316,40285
10256,40109
10328,40148
10198,40163
10289,40136
10266,40193
10351,40245
10294,40176
10365,40192
10312,40084
10203,40074
10301,40217
10191,39982
10244,40180
10210,40145
10290,40067
10253,40205
10251,40165
10285,40025
10300,40227
10240,40107
10225,40216
10274,40099
10222,40096
10346,40186
10306,40239
10341,40258
10281,40090
10296,40178
10386,40204
10252,40282
10221,40260
10216,40255
10247,40114
10319,40139
10194,40115
10228,40083
10293,40139
10312,40272
10200,39999
10269,40187
10340,40221
10250,40037
10235,40186
10243,40163
10212,40275
10278,40252
10292,40225
10224,40162
10255,40287
10265,40116
10299,40136
10262,39996
10242,40261
10345,40173
10306,40083
10344,40258
10249,40116
10197,40091
10283,40232
10321,40189
10277,40269
10311,40185
10296,40238
10186,39989
10220,40113
10218,40257
10181,40027
10219,40088
10318,40226
10261,40173
10367,40230
10268,40138
10237,40276
10196,40020
10303,40239
10231,40265
10317,40198
10205,40269
10363,40191
10324,40145
10267,40278
10215,40169
10336,40192
10313,40143
10208,40270
10204,40151
10320,40160
10279,40159
10211,39974
10332,40236
10254,40264
10286,40188
10195,40134
10282,40272
10295,40253
10223,40063
10256,40284
10257,40117
10291,40089
10342,40247
10217,40191
10207,40191
10241,40117
10366,40218
10361,40223
10214,40092
10338,40190
10233,40281
10229,40104
10248,40138
10210,40224
10313,40203
10238,40051
10253,40190
10236,40007
10288,40142
10357,40243
10279,40291
10260,40089
10225,40009
10188,40027
10275,40119
10309,40231
10307,40267
10304,40204
10281,40267
10282,40084
10316,40144
10198,40062
10216,40174
10247,40291
10217,40251
10266,40084
10259,40016
10294,40271
10201,39995
10250,40276
10338,40226
10278,40175
10288,40202
10285,40142
10213,40012
10300,40118
10334,40214
10274,39990
10222,40239
10202,40004
10307,40071
10341,40183
10284,40246
10209,40085
10353,40200
10258,40118
10296,40061
10221,40121
10319,40284
10280,40189
10228,40038
10293,40272
10270,40185
10271,40256
10212,40134
10352,40159
10205,39966
10292,40116
10359,40213
10299,40005
10262,40267
10227,40023
10190,40009
10242,40152
10208,40093
10234,40116
10197,40224
10283,40101
10321,40042
10211,40215
10239,39980
10254,40091
10330,40197
10220,39972
10218,39988
10305,40138
10261,40050
10295,40178
10280,40249
10268,40285
10237,40169
10196,40159
10230,40047
10245,40178
10246,40277
10264,39993
10180,39967
10287,40272
10267,40099
10215,40034
10233,40106
10248,40249
10313,40052
10276,40008
10347,40168
10204,39978
10236,40214
10199,40066
10320,40283
10373,40175
10279,40016
10355,40214
10272,40087
10304,40155
10305,40246
10195,40019
10223,40192
10310,40094
10291,40034
10217,40036
10207,40032
10331,40214
10226,40119
10214,40203
10301,40063
10191,40128
10229,39997
10347,40244
10290,40041
10253,40051
10288,40057
10251,40015
10238,40190
10322,40181
10297,40112
10260,40236
10240,40053
10274,40201
10222,40062
10263,40084
10232,40217
10281,39984
10252,39996
10216,40025
10319,40045
10194,40025
10259,40157
10228,40245
10293,40033
10331,40146
10271,40049
10200,40153
10201,40064
10235,40004
10250,40155
10187,40016
10343,40227
10322,40249
10285,40259
10265,40018
10213,40177
10299,40210
10262,40090
10202,40139
10344,40188
10249,40210
10197,40049
10284,40105
10258,39981
10273,40279
10221,39982
10219,40002
10318,40056
10193,40002
10333,40268
10280,40040
10314,40212
10270,40036
10268,40044
10200,40213
10246,40068
10212,40009
10205,40083
10292,39999
10224,40200
10255,40117
10324,40235
10287,40097
10336,40170
10189,40019
10227,40096
10242,39983
10208,39976
10302,40154
10211,40064
10239,40273
10272,40294
10273,40083
10218,40123
10339,40199
10261,40199
10295,40007
10223,40145
10257,40019
10291,40243
10237,40062
10245,40039
10230,40186
10264,40068
10329,40257
10326,40203
10361,40181
10214,40058
10267,39996
10215,40215
10233,39991
10229,40270
10276,40179
10290,40280
10185,39971
10236,40105
10323,40197
10387,40195
10260,40051
10298,40106
10275,40209
10286,40214
10304,40022
10232,40168
10263,40293
10282,40010
10316,40250
10256,40002
10310,40213
10328,40185
10198,40132
10289,40099
10266,40234
10351,40208
10203,40097
10301,40180
10191,40021
10315,40259
10210,40138
10350,40236
10290,40092
10251,40184
10322,40040
10285,40052
10265,40291
10375,40182
10300,40216
10240,40128
10274,40092
10222,40069
10202,40218
10341,40237
10281,40125
10353,40182
10296,40151
10252,40119
10247,40009
10360,40233
10319,40182
10194,40140
10228,40120
10293,40182
10312,40245
10308,40174
10200,39972
10250,40014
10235,40145
10243,40070
10315,40079
10278,40209
10206,40071
10292,40270
10224,40135
10325,40239
10265,40159
10299,40111
10327,40276
10345,40176
10306,40076
10249,40095
10197,40070
10277,40104
10296,40211
10186,39966
10220,40270
10219,40127
10374,40193
10261,40136
10337,40242
10367,40205
10268,40167
10237,40271
10196,39985
10303,40202
10264,40275
10287,39978
10267,40269
10215,40132
10313,40146
10204,40140
10302,40257
10332,40265
10286,40161
10223,40026
10257,40136
10291,40124
10342,40200
10207,40090
10226,39965
10241,40104
10363,40222
10361,40194
10214,40177
10338,40155
10248,39983
10229,40147
10210,40221
10276,40294
10238,40020
10253,40153
10236,39996
10260,40070
10225,40108
10188,39984
10240,40223
10275,40090
10309,40258
10304,40225
10232,40051
10282,40113
10384,40194
10328,40260
10198,40019
10216,40179
10266,40113
10259,39991
10294,40288
10312,40164
10203,39994
10235,40238
10338,40223
10391,40203
10244,40068
10278,40128
10285,40169
10213,40023
10300,40083
10334,40251
10222,40208
10202,40033
10306,40287
10307,40106
10284,40275
10209,40072
10258,40275
10296,40034
10330,40170
10252,40234
10221,40148
10216,40271
10247,40130
10270,40066
10308,40017
10303,40187
10178,39971
10212,40227
10205,39993
10292,40145
10224,40050
10359,40240
10227,40058
10242,40181
10208,40178
10234,40081
10197,40203
10283,40120
10311,40073
10254,40124
10330,40238
10220,40129
10273,40057
10305,40173
10318,40274
10261,40029
10295,40169
10280,40286
10270,40286
10237,40132
10196,40132
10245,40093
10317,40086
10180,39972
10267,40134
10215,40057
10233,40077
10248,40222
10313,40031
10276,40021
10208,40254
10204,40007
10199,40185
10279,40111
10272,40076
10286,40044
10304,40176
10305,40233
10195,40118
10217,40079
10245,40273
10331,40205
10226,40080
10301,40026
10229,40024
10290,40002
10253,40014
10288,40030
10238,40131
10199,40253
10297,40091
10260,40201
10240,40042
10222,40035
10263,40051
10216,40062
10356,40220
10259,40128
10312,40047
10308,40192
10271,40092
10200,40190
10201,40107
10250,40228
10244,40207
10315,40041
10278,40063
10206,39997
10343,40254
10322,40274
10285,40286
10265,40053
10213,40156
10299,40201
10262,40191
10202,40180
10197,40028
10284,40134
10258,40134
10273,40266
10221,40009
10219,40025
10193,40037
10280,40077
10370,40211
10200,40250
10303,40044
10246,40089
10212,40022
10352,40239
10205,40078
10255,40016
10183,39970
10324,40208
10287,40076
10262,40251
10242,40008
10227,40135
10348,40211
10283,39989
10298,40275
10311,40194
10239,40124
10272,40283
10273,40182
10218,40004
10305,40058
10295,40034
10223,40124
10257,40054
10237,40025
10230,40095
10264,40105
10226,40259
10326,40172
10214,40031
10267,40019
10276,40152
10348,40151
10236,40070
10199,40050
10297,40292
10260,40024
10298,40087
10304,40011
10232,40141
10263,40256
10282,40023
10316,40215
10256,40039
10310,40238
10198,40121
10289,40070
10351,40191
10203,40260
10301,40175
10244,39998
10210,39975
10350,40209
10290,40185
10238,40270
10251,40159
10322,40069
10225,40278
10240,40165
10222,40174
10202,40199
10341,40200
10281,40000
10335,40221
10252,40076
10247,40036
10360,40206
10194,40169
10259,40269
10228,40101
10293,40081
10312,40218
10308,40075
10200,40009
10269,39985
10340,40263
10235,39988
10250,40107
10243,40109
10315,40162
10206,40104
10224,40156
10187,39968
10255,40289
10325,40202
10265,40130
10213,40257
10299,40066
10227,40212
10306,40105
10344,40204
10249,40290
10197,40161
10284,39993
10277,40115
10219,40146
10374,40218
10318,40168
10261,40115
10337,40213
10333,40188
10268,40092
10303,40209
10177,40018
10231,40067
10205,40195
10267,40288
10215,40099
10189,39971
10204,40169
10302,40106
10239,40225
10286,40138
10218,40139
10362,40244
10195,40208
10223,40001
10256,40214
10257,40163
10291,40099
10207,40097
10241,40259
10214,40138
10248,39988
10229,40190
10276,40259
10290,40232
10238,39993
10253,40116
10279,40277
10260,40163
10225,40071
10240,40244
10275,40161
10232,40024
10282,40154
10316,40074
10256,40146
10198,39988
10216,40088
10247,40213
10266,40282
10194,40216
10294,40069
10312,40137
10203,40145
10235,40197
10301,40292
10244,40097
10278,40101
10210,40122
10288,40260
10251,40264
10285,40068
10265,40211
10213,39986
10300,40072
10281,40141
10209,40035
10296,40007
10252,40199
10221,40175
10219,40195
10216,40276
10247,40153
10337,40166
10228,39976
10293,40294
10270,40103
10308,40062
10269,40070
10303,40134
10243,40214
10212,40200
10278,40289
10206,40215
10292,40190
10224,40023
10364,40245
10359,40239
10227,40033
10242,40174
10208,40151
10234,40058
10249,40175
10283,40287
10355,40164
10277,40248
10254,40097
10330,40267
10220,40158
10273,40028
10261,39992
10295,40068
10369,40194
10280,40291
10370,40189
10257,40220
10270,40291
10268,40215
10237,40255
10230,39973
10245,40120
10231,40212
10317,40177
10192,40117
10364,40185
10267,40189
10215,40020
10233,40176
10248,40291
10276,39986
10208,40211
10204,40060
10199,40148
10279,40074
10355,40224
10298,40045
10254,40221
10272,40033
10286,40017
10304,40085
10305,40268
10282,40205
10295,40264
10310,40020
10291,39980
10217,40082
10207,39978
10331,40224
10226,40045
10241,40152
10214,40257
10233,40236
10229,40003
10248,40127
10290,40031
10238,40100
10253,39977
10251,39993
10199,40216
10288,40115
10323,40062
10297,40062
10225,39996
10222,40004
10275,40042
10309,40146
10304,40273
10263,40046
10209,40252
10252,40054
10356,40249
10259,40103
10331,40172
10294,40208
10312,40052
10308,40237
10271,40123
10200,40163
10201,40014
10250,40193
10244,40212
10278,40016
10349,40192
10206,40006
10343,40213
10213,40103
10262,40144
10234,40269
10197,40007
10284,40163
10277,40041
10209,40184
10258,40163
10221,40036
10219,40060
10356,40189
10333,40194
10280,40082
10370,40204
10269,40219
10303,40011
10231,39973
10178,40019
10246,40114
10212,40115
10352,40196
10205,40105
10292,40001
10255,40063
10287,40171
10262,40220
10242,40037
10227,40170
10208,40034
10348,40232
10345,40205
10283,40136
10211,40266
10311,40217
10239,40091
10254,39980
10272,40240
10220,40017
10273,40169
10218,40033
10305,40093
10223,40091
10314,40094
10237,40116
10245,39981
10230,40112
10317,40038
10264,40014
10192,39968
10329,40207
10382,40195
10287,40239
10267,40054
10233,40061
10276,40101
10348,40172
10199,40041
10323,40271
10320,40192
10373,40218
10279,39999
10297,40271
10260,40005
10298,40176
10275,40283
10272,40188
10304,40032
10232,40114
10195,39974
10263,40255
10282,40048
10372,40178
10256,40060
10198,40082
10289,40089
10217,39967
10241,40021
10226,40160
10366,40186
10201,40223
10301,40138
10244,40027
10290,40146
10238,40275
10288,39982
10251,40114
10285,39978
10323,40075
10300,40274
10274,40274
10222,40147
10202,40224
10307,40043
10341,40211
10263,40163
10281,40043
10335,40248
10252,40169
10360,40179
10259,40240
10228,40258
10293,40124
10365,40181
10308,40080
10271,39980
10200,40046
10269,39980
10201,40155
10235,39979
10250,40116
10243,40112
10315,40185
10206,40141
10224,40113
10255,40204
10265,40165
10213,40236
10262,40047
10227,40251
10346,40193
10344,40209
10249,40261
10197,40140
10284,40022
10277,40094
10258,40022
10296,40285
10220,40192
10273,40250
10218,40208
10219,40169
10318,40077
10261,40094
10337,40200
10314,40257
10268,40121
10340,40160
10246,39977
10231,40126
10264,40221
10212,39974
10317,40279
10205,40254
10329,40152
10255,40128
10324,40064
10287,40060
10215,40126
10189,39998
10204,40198
10302,40079
10283,40005
10321,40202
10211,40183
10239,40204
10286,40111
10218,40148
10362,40209
10358,40166
10261,40274
10223,39980
10256,40235
10291,40262
10342,40262
10289,40266
10230,40207
10264,40153
10214,39983
10215,40258
10229,40217
10210,40275
10313,40276
10276,40232
10290,40197
10253,40079
10236,40182
10260,40136
10225,40090
10240,40233
10275,40132
10232,39997
10281,40212
10282,40167
10256,40183
10184,39977
10198,39977
10216,40125
10247,40240
10266,40263
10207,40192
10294,40126
10203,40180
10301,40287
10244,40142
10315,40246
10278,40126
10210,40087
10253,40275
10288,40281
10251,40239
10285,40095
10265,40246
10213,39965
10300,40165
10240,40085
10225,40230
10274,40169
10306,40213
10307,40148
10281,40144
10209,40006
10258,40201
10296,40108
10252,40220
10221,40202
10219,40230
10247,40180
10319,40077
10337,40153
10228,40149
10293,40193
10269,40097
10303,40109
10235,40100
10250,39995
10243,40253
10212,40213
10349,40170
10206,40248
10292,40219
10224,39980
10364,40210
10325,40186
10299,40178
10242,40203
10190,39992
10208,40140
10327,40227
10306,40153
10234,40039
10249,40178
10277,40195
10239,40061
10186,40011
10254,40138
10220,40187
10318,40216
10295,40099
10369,40229
10367,40184
10257,40247
10270,40196
10268,40204
10237,40218
10196,40078
10303,40289
10231,40243
10317,40140
10267,40208
10215,39987
10233,40155
10248,40264
10313,40069
10208,40200
10204,40089
10302,40250
10279,40161
10211,40032
10298,40022
10332,40214
10254,40198
10272,40006
10286,39994
10304,40074
10394,40196
10195,40064
10282,40214
10295,40295
10310,40041
10291,40147
10342,40189
10217,40117
10245,40199
10207,39985
10226,40006
10241,40179
10381,40210
10248,40068
10229,40046
10233,40215
10238,40073
10288,40072
10378,40198
10279,40229
10297,40033
10260,40275
10275,40049
10309,40189
10307,40197
10263,40005
10371,40195
10209,40215
10252,40019
10328,40217
10216,39976
10356,40230
10266,40138
10259,40074
10294,40245
10312,40025
10271,40134
10203,40001
10201,40049
10244,40241
10278,39989
10349,40219
10206,40043
10343,40176
10285,40212
10213,40066
10300,40056
10334,40172
10274,40060
10202,39994
10234,40246
10390,40197
10284,40184
10277,40052
10209,40147
10258,40188
10221,40063
10319,40214
10333,40253
10280,40119
10228,40024
10370,40233
10270,39991
10271,40218
10200,40260
10269,40246
10303,40022
10231,40000
10246,40151
10212,40088
10352,40217
10205,40004
10292,40046
10183,40020
10287,40150
10242,40094
10208,40007
10345,40208
10302,40037
10249,40063
10234,40170
10283,40175
10211,40273
10311,40244
10254,40017
10239,40166
10272,40213
10220,40046
10273,40140
10358,40204
10223,40070
10314,40059
10237,40111
10196,40209
10230,40021
10245,40136
10246,40211
10264,40051
10192,40005
10226,40249
10329,40242
10180,40017
10287,40202
10267,40045
10233,40032
10276,40066
10185,40012
10236,40280
10199,40004
10320,40229
10297,40242
10298,40157
10272,40145
10232,40087
10263,40218
10372,40223
10223,40250
10310,40164
10291,40028
10289,40060
10379,40190
10217,39970
10354,40251
10331,40272
10294,40004
10241,40008
10226,40189
10203,40222
10201,40194
10301,40101
10191,40122
10244,40032
10210,40061
10290,39983
10238,40244
10251,40073
10323,40174
10300,40271
10297,40174
10240,39999
10274,40271
10222,39988
10202,40269
10309,40034
10232,40275
10263,40158
10252,40134
10198,40243
10266,40017
10194,39967
10259,40215
10293,40103
10368,40194
10271,40011
10200,40083
10269,40007
10201,40190
10250,40081
10243,40023
10315,40156
10206,40150
10224,40086
10255,40235
10325,40272
10375,40203
10213,40247
10299,40284
10262,40000
10202,40065
10346,40234
10306,40063
10344,40246
10249,40232
10197,39991
10284,40051
10277,40185
10311,40037
10258,40051
10296,40258
10220,40221
10273,40221
10218,40253
10314,40234
10268,40022
10246,40002
10231,40149
10264,40194
10205,40153
10224,40274
10255,40175
10287,40027
10215,40085
10227,40090
10204,40227
10302,40080
10283,40024
10321,40237
10211,40154
10298,40236
10286,40080
10218,40177
10339,40257
10261,40253
10314,40174
10289,40237
10230,40224
10354,40170
10264,40190
10241,40217
10326,40241
10215,40281
10248,40062
10229,40196
10210,40268
10276,40245
10290,40222
10236,40147
10323,40255
10260,39989
10225,40189
10240,40270
10332,40188
10275,40235
10286,40268
10281,40255
10256,40076
10310,40275
10289,40169
10179,40022
10266,40288
10207,40239
10294,40147
10365,40225
10203,40171
10301,40250
10244,40171
10315,40205
10278,40083
10210,40176
10350,40170
10290,40098
10253,40238
10251,40194
10285,40122
10265,40281
10300,40130
10240,40074
10225,40249
10274,40130
10222,40259
10346,40157
10306,40206
10307,40187
10281,40187
10335,40264
10209,39993
10258,40226
10296,40081
10221,40229
10219,40253
10247,40083
10216,40222
10228,40178
10293,40236
10312,40271
10200,39966
10269,40156
10340,40252
10303,40072
10235,40091
10377,40206
10243,40128
10278,40287
10292,40192
10364,40207
10325,40165
10265,40085
10299,40169
10242,40228
10327,40222
10306,40178
10234,40000
10197,40124
10249,40149
10283,40201
10321,40158
10311,40158
10239,40024
10186,40020
10254,40175
10220,40080
10318,40253
10257,40266
10270,40233
10268,40233
10196,40043
10303,40268
10231,40238
10317,40231
10324,40176
10267,40247
10336,40239
10313,40168
10204,40118
10302,40223
10320,40143
10279,40188
10211,40007
10332,40243
10254,40235
10272,39995
10304,40111
10195,40167
10282,40243
10295,40194
10257,40086
10291,40182
10342,40150
10217,40152
10245,40226
10207,40156
10226,39971
10241,40086
10361,40248
10214,40127
10248,40169
10229,40073
10313,40228
10238,40082
10288,40173
10236,40038
10357,40212
10279,40192
10297,40004
10260,40120
10225,40042
10275,40020
10309,40216
10307,40232
10371,40230
10209,40202
10316,40183
10328,40254
10216,40141
10247,40256
10217,40212
10266,40183
10259,40049
10294,40238
10271,40173
10203,40036
10244,40286
10349,40246
10288,40233
10285,40239
10213,40045
10300,40021
10334,40177
10274,40025
10202,39975
10234,40211
10341,40168
10284,40213
10277,40031
10209,40118
10353,40233
10258,40089
10221,40090
10374,40190
10319,40253
10193,39990
10280,40156
10228,40005
10270,40152
10271,40225
10269,40273
10231,40063
10246,40168
10243,40269
10212,40165
10352,40190
10205,40063
10292,40075
10359,40186
10299,40034
10227,39988
10242,40123
10208,40124
10345,40251
10302,40014
10249,40002
10234,40151
10283,40066
10211,40244
10311,40275
10254,40058
10239,40141
10272,40202
10273,39975
10358,40225
10305,40107
10392,40202
10295,40147
10280,40216
10237,40074
10196,40190
10230,40014
10245,40147
10246,40244
10317,40028
10192,40026
10226,40210
10182,40026
10324,40059
10267,40064
10233,40011
10276,40047
10185,40023
10236,40245
10199,40099
10376,40200
10320,40250
10279,40049
10297,40213
10298,40134
10272,40118
10305,40215
10195,40048
10372,40228
10223,40225
10256,39990
10310,40185
10291,40003
10289,40023
10217,40005
10354,40212
10207,40001
10294,40057
10241,40035
10226,40150
10368,40187
10203,40245
10201,40229
10214,40234
10301,40064
10229,39966
10210,40022
10347,40213
10238,40217
10251,40044
10322,40148
10323,40149
10297,40145
10240,40020
10274,40232
10222,39961
10309,40077
10232,40248
10263,40117
10335,40162
10316,40042
10198,40212
10247,39989
10266,40058
10194,39992
10259,40186
10228,40212
10293,40002
10368,40231
10308,40282
10271,40022
10200,40120
10269,40034
10201,40161
10235,40037
10250,40186
10243,40058
10206,40187
10343,40256
10322,40216
10265,39987
10213,40210
10299,40243
10262,40101
10227,40261
10327,40160
10202,40106
10346,40247
10344,40155
10249,40243
10284,40072
10277,40132
10220,40250
10219,39971
10318,40027
10280,40007
10314,40247
10270,40007
10268,40051
10246,40039
10231,40176
10264,40231
10212,40040
10205,40180
10329,40166
10255,40074
10224,40247
10324,40266
10287,40006
10227,40065
10208,39991
10302,40181
10320,40041
10283,40063
10211,40097
10298,40201
10273,40124
10218,40090
10339,40228
10261,40216
10223,40182
10314,40139
10257,39996
10291,40208
10289,40192
10245,40024
10230,40133
10264,40163
10241,40252
10326,40234
10214,40037
10215,40244
10248,40003
10229,40239
10276,40210
10236,40136
10199,39988
10323,40226
10225,40144
10275,40206
10286,40241
10339,40160
10282,39981
10316,40281
10256,40097
10328,40152
10198,40167
10289,40140
10266,40205
10351,40241
10294,40180
10365,40220
10312,40088
10203,40078
10301,40213
10191,39978
10244,40176
10315,40288
10210,40173
10290,40127
10253,40201
10251,40217
10285,40021
10357,40174
10300,40255
10225,40220
10240,40111
10274,40127
10222,40100
10346,40166
10306,40235
10281,40094
10209,39964
10258,40255
10296,40182
10386,40200
10252,40278
10221,40256
10219,40272
10216,40227
10247,40110
10319,40151
10194,40111
10228,40095
10293,40151
10312,40276
10308,40141
10269,40183
10340,40217
10303,40087
10250,40033
10235,40190
10377,40209
10243,40167
10278,40240
10292,40237
10224,40166
10255,40283
10265,40120
10299,40140
10262,39984
10242,40257
10306,40175
10234,39981
10197,40103
10249,40120
10283,40236
10321,40177
10277,40265
10311,40181
10296,40242
10186,39985
10220,40109
10218,40269
10219,40092
10318,40230
10261,40169
10367,40226
10270,40242
10268,40134
10237,40272
10196,40016
10303,40235
10231,40261
10317,40194
10205,40265
10363,40179
10324,40157
10267,40234
10215,40165
10336,40196
10389,40198
10313,40179
10208,40258
10204,40147
10302,40288
10320,40164
10279,40155
10211,39978
10332,40232
10254,40268
10195,40138
10282,40284
10295,40249
10223,40059
10256,40272
10257,40105
10291,40093
10342,40235
10217,40163
10230,40272
10207,40187
10226,39996
10241,40073
10366,40222
10361,40227
10214,40080
10338,40186
10248,40142
10229,40116
10210,40252
10313,40207
10238,40055
10253,40186
10236,40003
10199,40265
10288,40130
10279,40223
10260,40101
10225,40013
10188,40023
10275,40123
10309,40227
10307,40271
10304,40192
10281,40271
10282,40080
10316,40140
10328,40227
10198,40050
10216,40146
10247,40287
10217,40255
10266,40080
10259,40020
10294,40259
10201,39999
10250,40272
10338,40254
10278,40163
10288,40206
10285,40138
10213,40008
10300,40114
10334,40218
10274,39986
10222,40243
10202,40000
10307,40075
10341,40179
10284,40242
10209,40105
10353,40204
10258,40114
10221,40117
10319,40280
10280,40161
10228,40034
10293,40284
10270,40189
10271,40268
10269,40268
10243,40272
10212,40130
10292,40112
10255,39980
10359,40209
10299,40025
10262,40271
10227,40027
10190,40013
10242,40148
10208,40081
10302,40019
10249,39973
10197,40236
10283,40089
10321,40046
10211,40219
10234,40112
10254,40095
10330,40193
10220,39968
10218,39984
10305,40142
10261,40062
10295,40142
10280,40253
10268,40281
10237,40165
10196,40155
10230,40035
10245,40190
10246,40265
10264,39997
10287,40284
10267,40103
10233,40110
10248,40253
10313,40056
10276,40052
10347,40172
10204,39974
10236,40210
10199,40094
10279,40012
10355,40218
10272,40107
10304,40159
10305,40202
10195,40023
10223,40204
10310,40082
10291,40038
10289,39978
10217,40040
10207,40044
10226,40115
10203,40232
10214,40207
10301,40059
10229,39993
10347,40232
10290,40037
10253,40047
10288,40061
10251,40003
10238,40162
10322,40177
10297,40116
10260,40232
10240,40009
10274,40197
10309,40104
10263,40080
10232,40221
10281,39988
10252,39992
10198,40201
10216,40029
10319,40041
10266,40039
10194,40021
10259,40161
10228,40241
10293,40045
10331,40150
10271,40061
10200,40157
10201,40068
10235,40024
10250,40135
10206,39964
10187,40020
10322,40245
10265,40022
10213,40189
10299,40214
10262,40094
10327,40159
10202,40151
10344,40160
10249,40214
10197,40061
10284,40101
10277,39983
10258,39977
10221,39978
10219,40006
10318,40060
10193,40006
10333,40264
10280,40044
10314,40208
10270,40040
10268,40040
10200,40217
10246,40056
10231,40175
10212,40053
10205,40175
10224,40204
10255,40113
10324,40247
10287,40109
10336,40174
10189,40015
10227,40100
10242,39979
10208,39980
10302,40158
10211,40068
10273,40087
10218,40103
10305,40027
10339,40203
10261,40195
10295,40003
10223,40157
10314,40148
10257,40023
10291,40247
10289,40219
10237,40058
10245,40035
10230,40190
10264,40072
10329,40261
10326,40207
10361,40185
10214,40062
10267,39984
10215,40211
10233,39995
10229,40266
10276,40191
10290,40276
10185,39975
10236,40101
10323,40201
10387,40199
10260,40063
10298,40118
10275,40213
10286,40218
10232,40172
10263,40289
10282,39990
10316,40246
10256,40006
10310,40201
10328,40189
10198,40152
10289,40103
10266,40246
10351,40220
10294,40169
10203,40101
10301,40176
10191,40017
10315,40263
10210,40134
10350,40240
10290,40088
10251,40188
10285,40048
10265,40295
10375,40178
10300,40212
10240,40132
10274,40088
10222,40073
10341,40233
10281,40097
10353,40170
10296,40155
10252,40115
10221,40283
10247,40005
10360,40237
10319,40178
10194,40136
10228,40068
10293,40178
10312,40249
10308,40170
10200,39976
10250,40010
10235,40149
10243,40074
10315,40067
10278,40213
10206,40075
10292,40266
10224,40187
10255,40262
10325,40235
10265,40099
10299,40099
10327,40272
10345,40180
10306,40072
10249,40067
10197,40066
10277,40276
10296,40215
10220,40266
10218,40278
10219,40115
10374,40197
10318,40139
10261,40148
10337,40246
10333,40157
10367,40201
10268,40163
10237,40267
10196,39997
10303,40246
10317,40221
10264,40279
10267,40257
10215,40128
10313,40150
10204,40136
10302,40261
10320,40185
10321,40272
10211,39985
10332,40261
10286,40165
10223,40038
10257,40140
10291,40064
10342,40204
10379,40210
10207,40070
10226,39961
10241,40108
10363,40210
10361,40198
10214,40181
10338,40151
10233,40256
10229,40159
10248,40147
10210,40217
10313,40210
10276,40290
10238,40024
10253,40149
10236,39992
10260,40066
10225,40096
10188,39980
10240,40211
10275,40094
10309,40270
10307,40274
10304,40229
10232,40055
10281,40274
10282,40125
10384,40198
10328,40264
10198,40023
10216,40183
10217,40258
10266,40125
10259,39995
10294,40292
10312,40168
10203,39998
10201,39970
10235,40226
10338,40219
10391,40199
10244,40064
10278,40132
10288,40291
10285,40165
10213,40019
10300,40111
10334,40255
10274,39983
10222,40212
10202,40045
10306,40283
10341,40158
10284,40271
10209,40076
10258,40271
10296,40038
10330,40182
10252,40230
10221,40144
10319,40263
10293,40263
10270,40070
10308,40029
10269,40295
10303,40167
10212,40239
10205,39989
10292,40157
10224,40054
10359,40204
10227,40062
10242,40177
10208,40182
10234,40093
10197,40215
10283,40124
10311,40069
10239,39991
10254,40064
10330,40234
10220,39997
10273,40061
10305,40161
10318,40278
10261,40025
10295,40165
10280,40258
10270,40258
10237,40128
10196,40128
10245,40089
10246,40290
10317,40082
10180,39968
10267,40154
10215,40053
10233,40081
10248,40194
10276,40017
10208,40242
10204,40003
10236,40207
10199,40181
10373,40182
10279,40107
10355,40193
10272,40064
10286,40048
10304,40180
10305,40237
10195,40122
10217,40051
10245,40285
10331,40193
10226,40076
10241,39993
10301,40022
10229,39972
10176,40016
10290,40062
10253,40010
10288,40018
10251,39974
10199,40249
10238,40135
10380,40188
10297,40095
10260,40213
10240,40046
10222,40039
10263,40079
10232,40194
10316,40028
10216,40034
10356,40216
10194,40046
10259,40132
10308,40204
10271,40088
10200,40130
10201,40111
10250,40224
10244,40203
10315,40045
10278,40051
10206,39969
10343,40250
10322,40270
10285,40282
10265,40057
10213,40152
10299,40205
10262,40179
10202,40176
10197,40024
10284,40130
10258,40130
10273,40270
10221,40005
10219,40029
10318,40033
10193,40025
10280,40049
10200,40254
10303,40040
10246,40093
10212,40018
10352,40227
10205,40074
10255,40028
10183,39966
10324,40220
10287,40072
10262,40255
10242,40004
10227,40139
10348,40207
10283,39977
10298,40287
10239,40120
10272,40287
10273,40074
10218,40000
10305,40062
10295,40062
10223,40120
10257,40042
10237,40021
10230,40083
10264,40109
10326,40160
10214,40019
10267,40023
10276,40132
10236,40066
10260,40036
10298,40083
10304,40015
10232,40145
10263,40284
10282,40019
10316,40211
10256,40027
10310,40226
10328,40162
10198,40125
10289,40122
10351,40187
10301,40171
10244,39994
10315,40282
10210,39971
10350,40213
10290,40181
10251,40147
10322,40065
10225,40266
10240,40185
10222,40178
10202,40195
10341,40244
10281,40004
10335,40217
10296,40128
10252,40072
10247,40032
10360,40210
10194,40165
10259,40273
10228,40097
10293,40093
10312,40222
10308,40183
10200,40013
10340,40259
10250,40023
10235,40136
10243,40081
10315,40166
10206,40108
10224,40144
10187,39972
10325,40214
10265,40134
10213,40269
10299,40070
10227,40216
10327,40271
10306,40101
10249,40294
10197,40173
10284,39989
10277,40127
10219,40150
10374,40222
10318,40172
10261,40127
10337,40233
10333,40184
10367,40212
10314,40288
10268,40088
10303,40221
10177,40022
10231,40095
10205,40223
10267,40292
10215,40159
10204,40165
10302,40110
10239,40237
10286,40142
10362,40240
10195,40212
10223,40013
10256,40202
10257,40167
10291,40103
10207,40109
10241,40263
10363,40201
10214,40142
10248,39992
10229,40186
10276,40271
10290,40228
10238,39997
10253,40112
10279,40273
10260,40175
10225,40123
10240,40200
10275,40165
10232,40028
10282,40134
10316,40070
10256,40150
10184,40008
10198,40008
10216,40092
10247,40209
10266,40102
10194,40212
10294,40089
10312,40141
10203,40149
10235,40217
10301,40288
10244,40109
10278,40153
10210,40118
10378,40182
10251,40268
10285,40064
10265,40215
10213,39998
10300,40068
10334,40256
10284,40292
10209,40039
10296,40011
10252,40195
10221,40171
10219,40199
10216,40280
10247,40149
10337,40186
10228,39988
10293,40290
10270,40107
10308,40058
10269,40066
10303,40130
10243,40218
10212,40244
10278,40293
10206,40219
10292,40186
10224,40011
10364,40241
10359,40235
10227,40037
10190,39963
10242,40170
10208,40171
10234,40070
10283,40275
10355,40168
10277,40228
10311,40096
10254,40101
10220,40154
10273,40016
10261,40004
10295,40064
10369,40198
10280,40295
10370,40185
10257,40208
10268,40211
10237,40251
10196,40109
10230,39993
10245,40100
10231,40208
10317,40173
10364,40181
10267,40177
10215,40016
10233,40180
10276,39998
10208,40215
10204,40056
10199,40144
10320,40073
10279,40070
10355,40228
10298,40041
10272,40037
10286,40021
10304,40169
10305,40256
10282,40201
10295,40260
10217,40086
10331,40228
10226,40041
10241,40156
10214,40261
10248,40099
10229,40015
10233,40240
10290,40027
10238,40104
10253,39973
10251,39997
10199,40212
10288,40119
10297,40066
10225,39984
10222,40008
10275,40046
10309,40158
10304,40277
10263,40042
10209,40240
10252,40050
10356,40197
10266,39981
10259,40107
10331,40160
10294,40212
10312,40056
10308,40233
10271,40103
10200,40167
10201,40018
10250,40205
10244,40208
10278,40020
10206,40010
10343,40209
10213,40099
10262,40148
10234,40265
10197,40003
10284,40159
10209,40188
10258,40159
10221,40032
10219,40048
10356,40185
10333,40222
10280,40086
10370,40200
10200,40227
10269,40215
10303,40055
10246,40118
10212,40127
10352,40248
10205,40101
10292,40013
10255,40059
10287,40183
10262,40208
10242,40033
10227,40174
10208,40038
10348,40228
10283,40140
10211,40270
10311,40213
10239,40071
10254,39984
10272,40244
10220,40013
10273,40173
10218,40045
10305,40081
10223,40103
10314,40090
10237,40112
10245,39977
10230,40116
10317,40034
10264,40018
10192,39972
10226,40280
10329,40211
10382,40199
10287,40235
10267,40010
10276,40097
10348,40168
10199,40037
10323,40275
10320,40196
10373,40198
10279,39995
10297,40275
10260,40001
10298,40188
10275,40287
10272,40176
10304,40036
10232,40118
10195,39978
10263,40251
10282,40060
10372,40190
10256,40048
10310,40135
10198,40086
10289,40093
10351,40166
10366,40190
10301,40134
10244,40007
10210,39964
10290,40142
10238,40279
10251,40118
10222,40151
10202,40236
10307,40047
10341,40223
10263,40191
10281,40047
10335,40228
10371,40173
10252,40165
10247,40063
10360,40183
10194,40190
10259,40244
10228,40270
10293,40120
10365,40177
10308,40092
10271,39976
10200,40050
10269,39976
10201,40159
10235,39983
10250,40112
10243,40116
10315,40189
10206,40113
10224,40117
10187,39995
10255,40200
10265,40169
10213,40232
10262,40035
10227,40255
10346,40205
10306,40030
10344,40213
10249,40265
10197,40136
10284,40018
10277,40090
10258,40018
10296,40289
10273,40254
10218,40220
10219,40173
10318,40081
10261,40090
10337,40204
10314,40269
10268,40117
10340,40172
10246,39981
10231,40122
10264,40289
10212,39970
10317,40275
10205,40250
10329,40156
10255,40140
10287,40056
10215,40122
10189,39994
10204,40194
10302,40115
10321,40206
10211,40187
10385,40200
10239,40200
10286,40115
10218,40144
10362,40221
10358,40186
10261,40286
10223,39976
10256,40239
10257,40186
10291,40266
10289,40270
10230,40195
10264,40157
10326,40272
10214,39971
10229,40165
10313,40280
10276,40276
10290,40193
10253,40075
10236,40178
10260,40148
10225,40094
10240,40237
10275,40136
10232,40001
10281,40216
10282,40163
10256,40171
10184,39981
10198,39981
10216,40097
10247,40236
10266,40259
10207,40204
10294,40114
10312,40146
10203,40136
10301,40283
10244,40138
10315,40234
10278,40114
10210,40083
10253,40271
10288,40285
10251,40227
10285,40091
10265,40250
10300,40161
10274,40165
10306,40209
10307,40152
10281,40148
10209,40026
10258,40197
10296,40112
10252,40216
10221,40198
10219,40218
10247,40176
10319,40073
10337,40157
10228,40145
10293,40205
10269,40125
10303,40105
10250,39975
10235,40120
10243,40225
10212,40209
10349,40166
10206,40252
10292,40167
10224,39968
10364,40238
10299,40182
10242,40199
10190,39996
10208,40128
10327,40255
10306,40149
10234,40035
10249,40182
10277,40207
10239,40057
10220,40183
10273,40011
10181,39965
