"X","Y"
10691,41818
10692,41816
10692,41817
10692,41818
10692,41819
10692,41820
10693,41815
10693,41816
10693,41817
10693,41818
10693,41819
10693,41820
10693,41821
10694,41814
10694,41815
10694,41816
10694,41817
10694,41818
10694,41819
10694,41820
10694,41821
10694,41822
10695,41814
10695,41815
10695,41816
10695,41817
10695,41818
10695,41819
10695,41820
10695,41821
10695,41822
10695,41825
10696,41813
10696,41814
10696,41815
10696,41816
10696,41817
10696,41818
10696,41819
10696,41820
10696,41821
10696,41822
10696,41823
10696,41824
10696,41825
10696,41826
10697,41814
10697,41815
10697,41816
10697,41817
10697,41818
10697,41819
10697,41820
10697,41821
10697,41822
10697,41823
10697,41824
10697,41825
10697,41826
10697,41827
10698,41814
10698,41815
10698,41816
10698,41817
10698,41818
10698,41819
10698,41820
10698,41821
10698,41822
10698,41823
10698,41824
10698,41825
10698,41826
10698,41827
10698,41828
10699,41813
10699,41814
10699,41815
10699,41816
10699,41817
10699,41818
10699,41819
10699,41820
10699,41821
10699,41822
10699,41823
10699,41824
10699,41825
10699,41826
10699,41827
10699,41828
10699,41829
10700,41811
10700,41812
10700,41813
10700,41814
10700,41815
10700,41816
10700,41817
10700,41818
10700,41819
10700,41820
10700,41821
10700,41822
10700,41823
10700,41824
10700,41825
10700,41826
10700,41827
10700,41828
10700,41829
10700,41830
10701,41810
10701,41811
10701,41812
10701,41813
10701,41814
10701,41815
10701,41816
10701,41817
10701,41818
10701,41819
10701,41820
10701,41821
10701,41822
10701,41823
10701,41824
10701,41825
10701,41826
10701,41827
10701,41828
10701,41829
10701,41830
10701,41831
10702,41809
10702,41810
10702,41811
10702,41812
10702,41813
10702,41814
10702,41815
10702,41816
10702,41817
10702,41818
10702,41819
10702,41820
10702,41821
10702,41822
10702,41823
10702,41824
10702,41825
10702,41826
10702,41827
10702,41828
10702,41829
10702,41830
10702,41831
10702,41832
10703,41808
10703,41809
10703,41810
10703,41811
10703,41812
10703,41813
10703,41814
10703,41815
10703,41816
10703,41817
10703,41818
10703,41819
10703,41820
10703,41821
10703,41822
10703,41823
10703,41824
10703,41825
10703,41826
10703,41827
10703,41828
10703,41829
10703,41830
10703,41831
10703,41832
10703,41833
10704,41805
10704,41807
10704,41808
10704,41809
10704,41810
10704,41811
10704,41812
10704,41813
10704,41814
10704,41815
10704,41816
10704,41817
10704,41818
10704,41819
10704,41820
10704,41821
10704,41822
10704,41823
10704,41824
10704,41825
10704,41826
10704,41827
10704,41828
10704,41829
10704,41830
10704,41831
10704,41832
10704,41833
10704,41834
10705,41800
10705,41802
10705,41803
10705,41804
10705,41805
10705,41806
10705,41807
10705,41808
10705,41809
10705,41810
10705,41811
10705,41812
10705,41813
10705,41814
10705,41815
10705,41816
10705,41817
10705,41818
10705,41819
10705,41820
10705,41821
10705,41822
10705,41823
10705,41824
10705,41825
10705,41826
10705,41827
10705,41828
10705,41829
10705,41830
10705,41831
10705,41832
10705,41833
10705,41834
10705,41835
10706,41798
10706,41799
10706,41800
10706,41801
10706,41802
10706,41803
10706,41804
10706,41805
10706,41806
10706,41807
10706,41808
10706,41809
10706,41810
10706,41811
10706,41812
10706,41813
10706,41814
10706,41815
10706,41816
10706,41817
10706,41818
10706,41819
10706,41820
10706,41821
10706,41822
10706,41823
10706,41824
10706,41825
10706,41826
10706,41827
10706,41828
10706,41829
10706,41830
10706,41831
10706,41832
10706,41833
10706,41834
10706,41835
10706,41836
10707,41797
10707,41798
10707,41799
10707,41800
10707,41801
10707,41802
10707,41803
10707,41804
10707,41805
10707,41806
10707,41807
10707,41808
10707,41809
10707,41810
10707,41811
10707,41812
10707,41813
10707,41814
10707,41815
10707,41816
10707,41817
10707,41818
10707,41819
10707,41820
10707,41821
10707,41822
10707,41823
10707,41824
10707,41825
10707,41826
10707,41827
10707,41828
10707,41829
10707,41830
10707,41831
10707,41832
10707,41833
10707,41834
10707,41835
10707,41836
10707,41837
10708,41796
10708,41797
10708,41798
10708,41799
10708,41800
10708,41801
10708,41802
10708,41803
10708,41804
10708,41805
10708,41806
10708,41807
10708,41808
10708,41809
10708,41810
10708,41811
10708,41812
10708,41813
10708,41814
10708,41815
10708,41816
10708,41817
10708,41818
10708,41819
10708,41820
10708,41821
10708,41822
10708,41823
10708,41824
10708,41825
10708,41826
10708,41827
10708,41828
10708,41829
10708,41830
10708,41831
10708,41832
10708,41833
10708,41834
10708,41835
10708,41836
10708,41837
10708,41838
10709,41796
10709,41797
10709,41798
10709,41799
10709,41800
10709,41801
10709,41802
10709,41803
10709,41804
10709,41805
10709,41806
10709,41807
10709,41808
10709,41809
10709,41810
10709,41811
10709,41812
10709,41813
10709,41814
10709,41815
10709,41816
10709,41817
10709,41818
10709,41819
10709,41820
10709,41821
10709,41822
10709,41823
10709,41824
10709,41825
10709,41826
10709,41827
10709,41828
10709,41829
10709,41830
10709,41831
10709,41832
10709,41833
10709,41834
10709,41835
10709,41836
10709,41837
10709,41838
10709,41839
10710,41795
10710,41796
10710,41797
10710,41798
10710,41799
10710,41800
10710,41801
10710,41802
10710,41803
10710,41804
10710,41805
10710,41806
10710,41807
10710,41808
10710,41809
10710,41810
10710,41811
10710,41812
10710,41813
10710,41814
10710,41815
10710,41816
10710,41817
10710,41818
10710,41819
10710,41820
10710,41821
10710,41822
10710,41823
10710,41824
10710,41825
10710,41826
10710,41827
10710,41828
10710,41829
10710,41830
10710,41831
10710,41832
10710,41833
10710,41834
10710,41835
10710,41836
10710,41837
10710,41838
10710,41839
10710,41840
10711,41796
10711,41797
10711,41798
10711,41799
10711,41800
10711,41801
10711,41802
10711,41803
10711,41804
10711,41805
10711,41806
10711,41807
10711,41808
10711,41809
10711,41810
10711,41811
10711,41812
10711,41813
10711,41814
10711,41815
10711,41816
10711,41817
10711,41818
10711,41819
10711,41820
10711,41821
10711,41822
10711,41823
10711,41824
10711,41825
10711,41826
10711,41827
10711,41828
10711,41829
10711,41830
10711,41831
10711,41832
10711,41833
10711,41834
10711,41835
10711,41836
10711,41837
10711,41838
10711,41839
10711,41840
10711,41841
10712,41796
10712,41797
10712,41798
10712,41799
10712,41800
10712,41801
10712,41802
10712,41803
10712,41804
10712,41805
10712,41806
10712,41807
10712,41808
10712,41809
10712,41810
10712,41811
10712,41812
10712,41813
10712,41814
10712,41815
10712,41816
10712,41817
10712,41818
10712,41819
10712,41820
10712,41821
10712,41822
10712,41823
10712,41824
10712,41825
10712,41826
10712,41827
10712,41828
10712,41829
10712,41830
10712,41831
10712,41832
10712,41833
10712,41834
10712,41835
10712,41836
10712,41837
10712,41838
10712,41839
10712,41840
10712,41841
10712,41842
10713,41796
10713,41797
10713,41798
10713,41799
10713,41800
10713,41801
10713,41802
10713,41803
10713,41804
10713,41805
10713,41806
10713,41807
10713,41808
10713,41809
10713,41810
10713,41811
10713,41812
10713,41813
10713,41814
10713,41815
10713,41816
10713,41817
10713,41818
10713,41819
10713,41820
10713,41821
10713,41822
10713,41823
10713,41824
10713,41825
10713,41826
10713,41827
10713,41828
10713,41829
10713,41830
10713,41831
10713,41832
10713,41833
10713,41834
10713,41835
10713,41836
10713,41837
10713,41838
10713,41839
10713,41840
10713,41841
10713,41842
10713,41843
10714,41797
10714,41798
10714,41799
10714,41800
10714,41801
10714,41802
10714,41803
10714,41804
10714,41805
10714,41806
10714,41807
10714,41808
10714,41809
10714,41810
10714,41811
10714,41812
10714,41813
10714,41814
10714,41815
10714,41816
10714,41817
10714,41818
10714,41819
10714,41820
10714,41821
10714,41822
10714,41823
10714,41824
10714,41825
10714,41826
10714,41827
10714,41828
10714,41829
10714,41830
10714,41831
10714,41832
10714,41833
10714,41834
10714,41835
10714,41836
10714,41837
10714,41838
10714,41839
10714,41840
10714,41841
10714,41842
10714,41843
10714,41844
10715,41795
10715,41796
10715,41797
10715,41798
10715,41799
10715,41800
10715,41801
10715,41802
10715,41803
10715,41804
10715,41805
10715,41806
10715,41807
10715,41808
10715,41809
10715,41810
10715,41811
10715,41812
10715,41813
10715,41814
10715,41815
10715,41816
10715,41817
10715,41818
10715,41819
10715,41820
10715,41821
10715,41822
10715,41823
10715,41824
10715,41825
10715,41826
10715,41827
10715,41828
10715,41829
10715,41830
10715,41831
10715,41832
10715,41833
10715,41834
10715,41835
10715,41836
10715,41837
10715,41838
10715,41839
10715,41840
10715,41841
10715,41842
10715,41843
10715,41844
10715,41845
10716,41794
10716,41795
10716,41796
10716,41797
10716,41798
10716,41799
10716,41800
10716,41801
10716,41802
10716,41803
10716,41804
10716,41805
10716,41806
10716,41807
10716,41808
10716,41809
10716,41810
10716,41811
10716,41812
10716,41813
10716,41814
10716,41815
10716,41816
10716,41817
10716,41818
10716,41819
10716,41820
10716,41821
10716,41822
10716,41823
10716,41824
10716,41825
10716,41826
10716,41827
10716,41828
10716,41829
10716,41830
10716,41831
10716,41832
10716,41833
10716,41834
10716,41835
10716,41836
10716,41837
10716,41838
10716,41839
10716,41840
10716,41841
10716,41842
10716,41843
10716,41844
10716,41845
10716,41846
10717,41793
10717,41794
10717,41795
10717,41796
10717,41797
10717,41798
10717,41799
10717,41800
10717,41801
10717,41802
10717,41803
10717,41804
10717,41805
10717,41806
10717,41807
10717,41808
10717,41809
10717,41810
10717,41811
10717,41812
10717,41813
10717,41814
10717,41815
10717,41816
10717,41817
10717,41818
10717,41819
10717,41820
10717,41821
10717,41822
10717,41823
10717,41824
10717,41825
10717,41826
10717,41827
10717,41828
10717,41829
10717,41830
10717,41831
10717,41832
10717,41833
10717,41834
10717,41835
10717,41836
10717,41837
10717,41838
10717,41839
10717,41840
10717,41841
10717,41842
10717,41843
10717,41844
10717,41845
10717,41846
10717,41847
10717,41848
10717,41849
10717,41850
10717,41851
10717,41852
10717,41853
10717,41854
10717,41855
10717,41856
10717,41857
10717,41858
10717,41859
10717,41860
10717,41861
10717,41862
10717,41863
10717,41864
10717,41865
10717,41866
10717,41867
10717,41868
10717,41869
10717,41870
10717,41871
10717,41872
10717,41873
10717,41874
10717,41875
10717,41876
10717,41877
10717,41878
10717,41879
10717,41880
10717,41881
10718,41792
10718,41793
10718,41794
10718,41795
10718,41796
10718,41797
10718,41798
10718,41799
10718,41800
10718,41801
10718,41802
10718,41803
10718,41804
10718,41805
10718,41806
10718,41807
10718,41808
10718,41809
10718,41810
10718,41811
10718,41812
10718,41813
10718,41814
10718,41815
10718,41816
10718,41817
10718,41818
10718,41819
10718,41820
10718,41821
10718,41822
10718,41823
10718,41824
10718,41825
10718,41826
10718,41827
10718,41828
10718,41829
10718,41830
10718,41831
10718,41832
10718,41833
10718,41834
10718,41835
10718,41836
10718,41837
10718,41838
10718,41839
10718,41840
10718,41841
10718,41842
10718,41843
10718,41844
10718,41845
10718,41846
10718,41847
10718,41848
10718,41849
10718,41850
10718,41851
10718,41852
10718,41853
10718,41854
10718,41855
10718,41856
10718,41857
10718,41858
10718,41859
10718,41860
10718,41861
10718,41862
10718,41863
10718,41864
10718,41865
10718,41866
10718,41867
10718,41868
10718,41869
10718,41870
10718,41871
10718,41872
10718,41873
10718,41874
10718,41875
10718,41876
10718,41877
10718,41878
10718,41879
10718,41880
10718,41881
10718,41882
10718,41883
10718,41884
10718,41885
10718,41886
10718,41887
10718,41888
10718,41889
10718,41890
10718,41891
10718,41892
10718,41893
10718,41894
10718,41895
10718,41896
10718,41897
10718,41898
10718,41899
10718,41900
10718,41901
10718,41902
10718,41903
10718,41904
10718,41905
10718,41906
10718,41907
10718,41908
10718,41909
10718,41910
10719,41789
10719,41790
10719,41791
10719,41792
10719,41793
10719,41794
10719,41795
10719,41796
10719,41797
10719,41798
10719,41799
10719,41800
10719,41801
10719,41802
10719,41803
10719,41804
10719,41805
10719,41806
10719,41807
10719,41808
10719,41809
10719,41810
10719,41811
10719,41812
10719,41813
10719,41814
10719,41815
10719,41816
10719,41817
10719,41818
10719,41819
10719,41820
10719,41821
10719,41822
10719,41823
10719,41824
10719,41825
10719,41826
10719,41827
10719,41828
10719,41829
10719,41830
10719,41831
10719,41832
10719,41833
10719,41834
10719,41835
10719,41836
10719,41837
10719,41838
10719,41839
10719,41840
10719,41841
10719,41842
10719,41843
10719,41844
10719,41845
10719,41846
10719,41847
10719,41848
10719,41849
10719,41850
10719,41851
10719,41852
10719,41853
10719,41854
10719,41855
10719,41856
10719,41857
10719,41858
10719,41859
10719,41860
10719,41861
10719,41862
10719,41863
10719,41864
10719,41865
10719,41866
10719,41867
10719,41868
10719,41869
10719,41870
10719,41871
10719,41872
10719,41873
10719,41874
10719,41875
10719,41876
10719,41877
10719,41878
10719,41879
10719,41880
10719,41881
10719,41882
10719,41883
10719,41884
10719,41885
10719,41886
10719,41887
10719,41888
10719,41889
10719,41890
10719,41891
10719,41892
10719,41893
10719,41894
10719,41895
10719,41896
10719,41897
10719,41898
10719,41899
10719,41900
10719,41901
10719,41902
10719,41903
10719,41904
10719,41905
10719,41906
10719,41907
10719,41908
10719,41909
10719,41910
10719,41911
10720,41788
10720,41789
10720,41790
10720,41791
10720,41792
10720,41793
10720,41794
10720,41795
10720,41796
10720,41797
10720,41798
10720,41799
10720,41800
10720,41801
10720,41802
10720,41803
10720,41804
10720,41805
10720,41806
10720,41807
10720,41808
10720,41809
10720,41810
10720,41811
10720,41812
10720,41813
10720,41814
10720,41815
10720,41816
10720,41817
10720,41818
10720,41819
10720,41820
10720,41821
10720,41822
10720,41823
10720,41824
10720,41825
10720,41826
10720,41827
10720,41828
10720,41829
10720,41830
10720,41831
10720,41832
10720,41833
10720,41834
10720,41835
10720,41836
10720,41837
10720,41838
10720,41839
10720,41840
10720,41841
10720,41842
10720,41843
10720,41844
10720,41845
10720,41846
10720,41847
10720,41848
10720,41849
10720,41850
10720,41851
10720,41852
10720,41853
10720,41854
10720,41855
10720,41856
10720,41857
10720,41858
10720,41859
10720,41860
10720,41861
10720,41862
10720,41863
10720,41864
10720,41865
10720,41866
10720,41867
10720,41868
10720,41869
10720,41870
10720,41871
10720,41872
10720,41873
10720,41874
10720,41875
10720,41876
10720,41877
10720,41878
10720,41879
10720,41880
10720,41881
10720,41882
10720,41883
10720,41884
10720,41885
10720,41886
10720,41887
10720,41888
10720,41889
10720,41890
10720,41891
10720,41892
10720,41893
10720,41894
10720,41895
10720,41896
10720,41897
10720,41898
10720,41899
10720,41900
10720,41901
10720,41902
10720,41903
10720,41904
10720,41905
10720,41906
10720,41907
10720,41908
10720,41909
10720,41910
10720,41911
10720,41912
10721,41787
10721,41788
10721,41789
10721,41790
10721,41791
10721,41792
10721,41793
10721,41794
10721,41795
10721,41796
10721,41797
10721,41798
10721,41799
10721,41800
10721,41801
10721,41802
10721,41803
10721,41804
10721,41805
10721,41806
10721,41807
10721,41808
10721,41809
10721,41810
10721,41811
10721,41812
10721,41813
10721,41814
10721,41815
10721,41816
10721,41817
10721,41818
10721,41819
10721,41820
10721,41821
10721,41822
10721,41823
10721,41824
10721,41825
10721,41826
10721,41827
10721,41828
10721,41829
10721,41830
10721,41831
10721,41832
10721,41833
10721,41834
10721,41835
10721,41836
10721,41837
10721,41838
10721,41839
10721,41840
10721,41841
10721,41842
10721,41843
10721,41844
10721,41845
10721,41846
10721,41847
10721,41848
10721,41849
10721,41850
10721,41851
10721,41852
10721,41853
10721,41854
10721,41855
10721,41856
10721,41857
10721,41858
10721,41859
10721,41860
10721,41861
10721,41862
10721,41863
10721,41864
10721,41865
10721,41866
10721,41867
10721,41868
10721,41869
10721,41870
10721,41871
10721,41872
10721,41873
10721,41874
10721,41875
10721,41876
10721,41877
10721,41878
10721,41879
10721,41880
10721,41881
10721,41882
10721,41883
10721,41884
10721,41885
10721,41886
10721,41887
10721,41888
10721,41889
10721,41890
10721,41891
10721,41892
10721,41893
10721,41894
10721,41895
10721,41896
10721,41897
10721,41898
10721,41899
10721,41900
10721,41901
10721,41902
10721,41903
10721,41904
10721,41905
10721,41906
10721,41907
10721,41908
10721,41909
10721,41910
10721,41911
10721,41912
10721,41913
10722,41786
10722,41787
10722,41788
10722,41789
10722,41790
10722,41791
10722,41792
10722,41793
10722,41794
10722,41795
10722,41796
10722,41797
10722,41798
10722,41799
10722,41800
10722,41801
10722,41802
10722,41803
10722,41804
10722,41805
10722,41806
10722,41807
10722,41808
10722,41809
10722,41810
10722,41811
10722,41812
10722,41813
10722,41814
10722,41815
10722,41816
10722,41817
10722,41818
10722,41819
10722,41820
10722,41821
10722,41822
10722,41823
10722,41824
10722,41825
10722,41826
10722,41827
10722,41828
10722,41829
10722,41830
10722,41831
10722,41832
10722,41833
10722,41834
10722,41835
10722,41836
10722,41837
10722,41838
10722,41839
10722,41840
10722,41841
10722,41842
10722,41843
10722,41844
10722,41845
10722,41846
10722,41847
10722,41848
10722,41849
10722,41850
10722,41851
10722,41852
10722,41853
10722,41854
10722,41855
10722,41856
10722,41857
10722,41858
10722,41859
10722,41860
10722,41861
10722,41862
10722,41863
10722,41864
10722,41865
10722,41866
10722,41867
10722,41868
10722,41869
10722,41870
10722,41871
10722,41872
10722,41873
10722,41874
10722,41875
10722,41876
10722,41877
10722,41878
10722,41879
10722,41880
10722,41881
10722,41882
10722,41883
10722,41884
10722,41885
10722,41886
10722,41887
10722,41888
10722,41889
10722,41890
10722,41891
10722,41892
10722,41893
10722,41894
10722,41895
10722,41896
10722,41897
10722,41898
10722,41899
10722,41900
10722,41901
10722,41902
10722,41903
10722,41904
10722,41905
10722,41906
10722,41907
10722,41908
10722,41909
10722,41910
10722,41911
10722,41912
10722,41913
10722,41914
10723,41786
10723,41787
10723,41788
10723,41789
10723,41790
10723,41791
10723,41792
10723,41793
10723,41794
10723,41795
10723,41796
10723,41797
10723,41798
10723,41799
10723,41800
10723,41801
10723,41802
10723,41803
10723,41804
10723,41805
10723,41806
10723,41807
10723,41808
10723,41809
10723,41810
10723,41811
10723,41812
10723,41813
10723,41814
10723,41815
10723,41816
10723,41817
10723,41818
10723,41819
10723,41820
10723,41821
10723,41822
10723,41823
10723,41824
10723,41825
10723,41826
10723,41827
10723,41828
10723,41829
10723,41830
10723,41831
10723,41832
10723,41833
10723,41834
10723,41835
10723,41836
10723,41837
10723,41838
10723,41839
10723,41840
10723,41841
10723,41842
10723,41843
10723,41844
10723,41845
10723,41846
10723,41847
10723,41848
10723,41849
10723,41850
10723,41851
10723,41852
10723,41853
10723,41854
10723,41855
10723,41856
10723,41857
10723,41858
10723,41859
10723,41860
10723,41861
10723,41862
10723,41863
10723,41864
10723,41865
10723,41866
10723,41867
10723,41868
10723,41869
10723,41870
10723,41871
10723,41872
10723,41873
10723,41874
10723,41875
10723,41876
10723,41877
10723,41878
10723,41879
10723,41880
10723,41881
10723,41882
10723,41883
10723,41884
10723,41885
10723,41886
10723,41887
10723,41888
10723,41889
10723,41890
10723,41891
10723,41892
10723,41893
10723,41894
10723,41895
10723,41896
10723,41897
10723,41898
10723,41899
10723,41900
10723,41901
10723,41902
10723,41903
10723,41904
10723,41905
10723,41906
10723,41907
10723,41908
10723,41909
10723,41910
10723,41911
10723,41912
10723,41913
10723,41914
10723,41915
10724,41785
10724,41786
10724,41787
10724,41788
10724,41789
10724,41790
10724,41791
10724,41792
10724,41793
10724,41794
10724,41795
10724,41796
10724,41797
10724,41798
10724,41799
10724,41800
10724,41801
10724,41802
10724,41803
10724,41804
10724,41805
10724,41806
10724,41807
10724,41808
10724,41809
10724,41810
10724,41811
10724,41812
10724,41813
10724,41814
10724,41815
10724,41816
10724,41817
10724,41818
10724,41819
10724,41820
10724,41821
10724,41822
10724,41823
10724,41824
10724,41825
10724,41826
10724,41827
10724,41828
10724,41829
10724,41830
10724,41831
10724,41832
10724,41833
10724,41834
10724,41835
10724,41836
10724,41837
10724,41838
10724,41839
10724,41840
10724,41841
10724,41842
10724,41843
10724,41844
10724,41845
10724,41846
10724,41847
10724,41848
10724,41849
10724,41850
10724,41851
10724,41852
10724,41853
10724,41854
10724,41855
10724,41856
10724,41857
10724,41858
10724,41859
10724,41860
10724,41861
10724,41862
10724,41863
10724,41864
10724,41865
10724,41866
10724,41867
10724,41868
10724,41869
10724,41870
10724,41871
10724,41872
10724,41873
10724,41874
10724,41875
10724,41876
10724,41877
10724,41878
10724,41879
10724,41880
10724,41881
10724,41882
10724,41883
10724,41884
10724,41885
10724,41886
10724,41887
10724,41888
10724,41889
10724,41890
10724,41891
10724,41892
10724,41893
10724,41894
10724,41895
10724,41896
10724,41897
10724,41898
10724,41899
10724,41900
10724,41901
10724,41902
10724,41903
10724,41904
10724,41905
10724,41906
10724,41907
10724,41908
10724,41909
10724,41910
10724,41911
10724,41912
10724,41913
10724,41914
10724,41915
10724,41916
10725,41786
10725,41787
10725,41788
10725,41789
10725,41790
10725,41791
10725,41792
10725,41793
10725,41794
10725,41795
10725,41796
10725,41797
10725,41798
10725,41799
10725,41800
10725,41801
10725,41802
10725,41803
10725,41804
10725,41805
10725,41806
10725,41807
10725,41808
10725,41809
10725,41810
10725,41811
10725,41812
10725,41813
10725,41814
10725,41815
10725,41816
10725,41817
10725,41818
10725,41819
10725,41820
10725,41821
10725,41822
10725,41823
10725,41824
10725,41825
10725,41826
10725,41827
10725,41828
10725,41829
10725,41830
10725,41831
10725,41832
10725,41833
10725,41834
10725,41835
10725,41836
10725,41837
10725,41838
10725,41839
10725,41840
10725,41841
10725,41842
10725,41843
10725,41844
10725,41845
10725,41846
10725,41847
10725,41848
10725,41849
10725,41850
10725,41851
10725,41852
10725,41853
10725,41854
10725,41855
10725,41856
10725,41857
10725,41858
10725,41859
10725,41860
10725,41861
10725,41862
10725,41863
10725,41864
10725,41865
10725,41866
10725,41867
10725,41868
10725,41869
10725,41870
10725,41871
10725,41872
10725,41873
10725,41874
10725,41875
10725,41876
10725,41877
10725,41878
10725,41879
10725,41880
10725,41881
10725,41882
10725,41883
10725,41884
10725,41885
10725,41886
10725,41887
10725,41888
10725,41889
10725,41890
10725,41891
10725,41892
10725,41893
10725,41894
10725,41895
10725,41896
10725,41897
10725,41898
10725,41899
10725,41900
10725,41901
10725,41902
10725,41903
10725,41904
10725,41905
10725,41906
10725,41907
10725,41908
10725,41909
10725,41910
10725,41911
10725,41912
10725,41913
10725,41914
10725,41915
10725,41916
10725,41917
10726,41786
10726,41787
10726,41788
10726,41789
10726,41790
10726,41791
10726,41792
10726,41793
10726,41794
10726,41795
10726,41796
10726,41797
10726,41798
10726,41799
10726,41800
10726,41801
10726,41802
10726,41803
10726,41804
10726,41805
10726,41806
10726,41807
10726,41808
10726,41809
10726,41810
10726,41811
10726,41812
10726,41813
10726,41814
10726,41815
10726,41816
10726,41817
10726,41818
10726,41819
10726,41820
10726,41821
10726,41822
10726,41823
10726,41824
10726,41825
10726,41826
10726,41827
10726,41828
10726,41829
10726,41830
10726,41831
10726,41832
10726,41833
10726,41834
10726,41835
10726,41836
10726,41837
10726,41838
10726,41839
10726,41840
10726,41841
10726,41842
10726,41843
10726,41844
10726,41845
10726,41846
10726,41847
10726,41848
10726,41849
10726,41850
10726,41851
10726,41852
10726,41853
10726,41854
10726,41855
10726,41856
10726,41857
10726,41858
10726,41859
10726,41860
10726,41861
10726,41862
10726,41863
10726,41864
10726,41865
10726,41866
10726,41867
10726,41868
10726,41869
10726,41870
10726,41871
10726,41872
10726,41873
10726,41874
10726,41875
10726,41876
10726,41877
10726,41878
10726,41879
10726,41880
10726,41881
10726,41882
10726,41883
10726,41884
10726,41885
10726,41886
10726,41887
10726,41888
10726,41889
10726,41890
10726,41891
10726,41892
10726,41893
10726,41894
10726,41895
10726,41896
10726,41897
10726,41898
10726,41899
10726,41900
10726,41901
10726,41902
10726,41903
10726,41904
10726,41905
10726,41906
10726,41907
10726,41908
10726,41909
10726,41910
10726,41911
10726,41912
10726,41913
10726,41914
10726,41915
10726,41916
10726,41917
10726,41918
10727,41786
10727,41787
10727,41788
10727,41789
10727,41790
10727,41791
10727,41792
10727,41793
10727,41794
10727,41795
10727,41796
10727,41797
10727,41798
10727,41799
10727,41800
10727,41801
10727,41802
10727,41803
10727,41804
10727,41805
10727,41806
10727,41807
10727,41808
10727,41809
10727,41810
10727,41811
10727,41812
10727,41813
10727,41814
10727,41815
10727,41816
10727,41817
10727,41818
10727,41819
10727,41820
10727,41821
10727,41822
10727,41823
10727,41824
10727,41825
10727,41826
10727,41827
10727,41828
10727,41829
10727,41830
10727,41831
10727,41832
10727,41833
10727,41834
10727,41835
10727,41836
10727,41837
10727,41838
10727,41839
10727,41840
10727,41841
10727,41842
10727,41843
10727,41844
10727,41845
10727,41846
10727,41847
10727,41848
10727,41849
10727,41850
10727,41851
10727,41852
10727,41853
10727,41854
10727,41855
10727,41856
10727,41857
10727,41858
10727,41859
10727,41860
10727,41861
10727,41862
10727,41863
10727,41864
10727,41865
10727,41866
10727,41867
10727,41868
10727,41869
10727,41870
10727,41871
10727,41872
10727,41873
10727,41874
10727,41875
10727,41876
10727,41877
10727,41878
10727,41879
10727,41880
10727,41881
10727,41882
10727,41883
10727,41884
10727,41885
10727,41886
10727,41887
10727,41888
10727,41889
10727,41890
10727,41891
10727,41892
10727,41893
10727,41894
10727,41895
10727,41896
10727,41897
10727,41898
10727,41899
10727,41900
10727,41901
10727,41902
10727,41903
10727,41904
10727,41905
10727,41906
10727,41907
10727,41908
10727,41909
10727,41910
10727,41911
10727,41912
10727,41913
10727,41914
10727,41915
10727,41916
10727,41917
10727,41918
10727,41919
10728,41787
10728,41788
10728,41789
10728,41790
10728,41791
10728,41792
10728,41793
10728,41794
10728,41795
10728,41796
10728,41797
10728,41798
10728,41799
10728,41800
10728,41801
10728,41802
10728,41803
10728,41804
10728,41805
10728,41806
10728,41807
10728,41808
10728,41809
10728,41810
10728,41811
10728,41812
10728,41813
10728,41814
10728,41815
10728,41816
10728,41817
10728,41818
10728,41819
10728,41820
10728,41821
10728,41822
10728,41823
10728,41824
10728,41825
10728,41826
10728,41827
10728,41828
10728,41829
10728,41830
10728,41831
10728,41832
10728,41833
10728,41834
10728,41835
10728,41836
10728,41837
10728,41838
10728,41839
10728,41840
10728,41841
10728,41842
10728,41843
10728,41844
10728,41845
10728,41846
10728,41847
10728,41848
10728,41849
10728,41850
10728,41851
10728,41852
10728,41853
10728,41854
10728,41855
10728,41856
10728,41857
10728,41858
10728,41859
10728,41860
10728,41861
10728,41862
10728,41863
10728,41864
10728,41865
10728,41866
10728,41867
10728,41868
10728,41869
10728,41870
10728,41871
10728,41872
10728,41873
10728,41874
10728,41875
10728,41876
10728,41877
10728,41878
10728,41879
10728,41880
10728,41881
10728,41882
10728,41883
10728,41884
10728,41885
10728,41886
10728,41887
10728,41888
10728,41889
10728,41890
10728,41891
10728,41892
10728,41893
10728,41894
10728,41895
10728,41896
10728,41897
10728,41898
10728,41899
10728,41900
10728,41901
10728,41902
10728,41903
10728,41904
10728,41905
10728,41906
10728,41907
10728,41908
10728,41909
10728,41910
10728,41911
10728,41912
10728,41913
10728,41914
10728,41915
10728,41916
10728,41917
10728,41918
10728,41919
10729,41786
10729,41787
10729,41788
10729,41789
10729,41790
10729,41791
10729,41792
10729,41793
10729,41794
10729,41795
10729,41796
10729,41797
10729,41798
10729,41799
10729,41800
10729,41801
10729,41802
10729,41803
10729,41804
10729,41805
10729,41806
10729,41807
10729,41808
10729,41809
10729,41810
10729,41811
10729,41812
10729,41813
10729,41814
10729,41815
10729,41816
10729,41817
10729,41818
10729,41819
10729,41820
10729,41821
10729,41822
10729,41823
10729,41824
10729,41825
10729,41826
10729,41827
10729,41828
10729,41829
10729,41830
10729,41831
10729,41832
10729,41833
10729,41834
10729,41835
10729,41836
10729,41837
10729,41838
10729,41839
10729,41840
10729,41841
10729,41842
10729,41843
10729,41844
10729,41845
10729,41846
10729,41847
10729,41848
10729,41849
10729,41850
10729,41851
10729,41852
10729,41853
10729,41854
10729,41855
10729,41856
10729,41857
10729,41858
10729,41859
10729,41860
10729,41861
10729,41862
10729,41863
10729,41864
10729,41865
10729,41866
10729,41867
10729,41868
10729,41869
10729,41870
10729,41871
10729,41872
10729,41873
10729,41874
10729,41875
10729,41876
10729,41877
10729,41878
10729,41879
10729,41880
10729,41881
10729,41882
10729,41883
10729,41884
10729,41885
10729,41886
10729,41887
10729,41888
10729,41889
10729,41890
10729,41891
10729,41892
10729,41893
10729,41894
10729,41895
10729,41896
10729,41897
10729,41898
10729,41899
10729,41900
10729,41901
10729,41902
10729,41903
10729,41904
10729,41905
10729,41906
10729,41907
10729,41908
10729,41909
10729,41910
10729,41911
10729,41912
10729,41913
10729,41914
10729,41915
10729,41916
10729,41917
10729,41918
10729,41919
10729,41920
10730,41786
10730,41787
10730,41788
10730,41789
10730,41790
10730,41791
10730,41792
10730,41793
10730,41794
10730,41795
10730,41796
10730,41797
10730,41798
10730,41799
10730,41800
10730,41801
10730,41802
10730,41803
10730,41804
10730,41805
10730,41806
10730,41807
10730,41808
10730,41809
10730,41810
10730,41811
10730,41812
10730,41813
10730,41814
10730,41815
10730,41816
10730,41817
10730,41818
10730,41819
10730,41820
10730,41821
10730,41822
10730,41823
10730,41824
10730,41825
10730,41826
10730,41827
10730,41828
10730,41829
10730,41830
10730,41831
10730,41832
10730,41833
10730,41834
10730,41835
10730,41836
10730,41837
10730,41838
10730,41839
10730,41840
10730,41841
10730,41842
10730,41843
10730,41844
10730,41845
10730,41846
10730,41847
10730,41848
10730,41849
10730,41850
10730,41851
10730,41852
10730,41853
10730,41854
10730,41855
10730,41856
10730,41857
10730,41858
10730,41859
10730,41860
10730,41861
10730,41862
10730,41863
10730,41864
10730,41865
10730,41866
10730,41867
10730,41868
10730,41869
10730,41870
10730,41871
10730,41872
10730,41873
10730,41874
10730,41875
10730,41876
10730,41877
10730,41878
10730,41879
10730,41880
10730,41881
10730,41882
10730,41883
10730,41884
10730,41885
10730,41886
10730,41887
10730,41888
10730,41889
10730,41890
10730,41891
10730,41892
10730,41893
10730,41894
10730,41895
10730,41896
10730,41897
10730,41898
10730,41899
10730,41900
10730,41901
10730,41902
10730,41903
10730,41904
10730,41905
10730,41906
10730,41907
10730,41908
10730,41909
10730,41910
10730,41911
10730,41912
10730,41913
10730,41914
10730,41915
10730,41916
10730,41917
10730,41918
10730,41919
10730,41920
10730,41921
10731,41786
10731,41787
10731,41788
10731,41789
10731,41790
10731,41791
10731,41792
10731,41793
10731,41794
10731,41795
10731,41796
10731,41797
10731,41798
10731,41799
10731,41800
10731,41801
10731,41802
10731,41803
10731,41804
10731,41805
10731,41806
10731,41807
10731,41808
10731,41809
10731,41810
10731,41811
10731,41812
10731,41813
10731,41814
10731,41815
10731,41816
10731,41817
10731,41818
10731,41819
10731,41820
10731,41821
10731,41822
10731,41823
10731,41824
10731,41825
10731,41826
10731,41827
10731,41828
10731,41829
10731,41830
10731,41831
10731,41832
10731,41833
10731,41834
10731,41835
10731,41836
10731,41837
10731,41838
10731,41839
10731,41840
10731,41841
10731,41842
10731,41843
10731,41844
10731,41845
10731,41846
10731,41847
10731,41848
10731,41849
10731,41850
10731,41851
10731,41852
10731,41853
10731,41854
10731,41855
10731,41856
10731,41857
10731,41858
10731,41859
10731,41860
10731,41861
10731,41862
10731,41863
10731,41864
10731,41865
10731,41866
10731,41867
10731,41868
10731,41869
10731,41870
10731,41871
10731,41872
10731,41873
10731,41874
10731,41875
10731,41876
10731,41877
10731,41878
10731,41879
10731,41880
10731,41881
10731,41882
10731,41883
10731,41884
10731,41885
10731,41886
10731,41887
10731,41888
10731,41889
10731,41890
10731,41891
10731,41892
10731,41893
10731,41894
10731,41895
10731,41896
10731,41897
10731,41898
10731,41899
10731,41900
10731,41901
10731,41902
10731,41903
10731,41904
10731,41905
10731,41906
10731,41907
10731,41908
10731,41909
10731,41910
10731,41911
10731,41912
10731,41913
10731,41914
10731,41915
10731,41916
10731,41917
10731,41918
10731,41919
10731,41920
10731,41921
10731,41922
10732,41785
10732,41786
10732,41787
10732,41788
10732,41789
10732,41790
10732,41791
10732,41792
10732,41793
10732,41794
10732,41795
10732,41796
10732,41797
10732,41798
10732,41799
10732,41800
10732,41801
10732,41802
10732,41803
10732,41804
10732,41805
10732,41806
10732,41807
10732,41808
10732,41809
10732,41810
10732,41811
10732,41812
10732,41813
10732,41814
10732,41815
10732,41816
10732,41817
10732,41818
10732,41819
10732,41820
10732,41821
10732,41822
10732,41823
10732,41824
10732,41825
10732,41826
10732,41827
10732,41828
10732,41829
10732,41830
10732,41831
10732,41832
10732,41833
10732,41834
10732,41835
10732,41836
10732,41837
10732,41838
10732,41839
10732,41840
10732,41841
10732,41842
10732,41843
10732,41844
10732,41845
10732,41846
10732,41847
10732,41848
10732,41849
10732,41850
10732,41851
10732,41852
10732,41853
10732,41854
10732,41855
10732,41856
10732,41857
10732,41858
10732,41859
10732,41860
10732,41861
10732,41862
10732,41863
10732,41864
10732,41865
10732,41866
10732,41867
10732,41868
10732,41869
10732,41870
10732,41871
10732,41872
10732,41873
10732,41874
10732,41875
10732,41876
10732,41877
10732,41878
10732,41879
10732,41880
10732,41881
10732,41882
10732,41883
10732,41884
10732,41885
10732,41886
10732,41887
10732,41888
10732,41889
10732,41890
10732,41891
10732,41892
10732,41893
10732,41894
10732,41895
10732,41896
10732,41897
10732,41898
10732,41899
10732,41900
10732,41901
10732,41902
10732,41903
10732,41904
10732,41905
10732,41906
10732,41907
10732,41908
10732,41909
10732,41910
10732,41911
10732,41912
10732,41913
10732,41914
10732,41915
10732,41916
10732,41917
10732,41918
10732,41919
10732,41920
10732,41921
10732,41922
10732,41923
10733,41784
10733,41785
10733,41786
10733,41787
10733,41788
10733,41789
10733,41790
10733,41791
10733,41792
10733,41793
10733,41794
10733,41795
10733,41796
10733,41797
10733,41798
10733,41799
10733,41800
10733,41801
10733,41802
10733,41803
10733,41804
10733,41805
10733,41806
10733,41807
10733,41808
10733,41809
10733,41810
10733,41811
10733,41812
10733,41813
10733,41814
10733,41815
10733,41816
10733,41817
10733,41818
10733,41819
10733,41820
10733,41821
10733,41822
10733,41823
10733,41824
10733,41825
10733,41826
10733,41827
10733,41828
10733,41829
10733,41830
10733,41831
10733,41832
10733,41833
10733,41834
10733,41835
10733,41836
10733,41837
10733,41838
10733,41839
10733,41840
10733,41841
10733,41842
10733,41843
10733,41844
10733,41845
10733,41846
10733,41847
10733,41848
10733,41849
10733,41850
10733,41851
10733,41852
10733,41853
10733,41854
10733,41855
10733,41856
10733,41857
10733,41858
10733,41859
10733,41860
10733,41861
10733,41862
10733,41863
10733,41864
10733,41865
10733,41866
10733,41867
10733,41868
10733,41869
10733,41870
10733,41871
10733,41872
10733,41873
10733,41874
10733,41875
10733,41876
10733,41877
10733,41878
10733,41879
10733,41880
10733,41881
10733,41882
10733,41883
10733,41884
10733,41885
10733,41886
10733,41887
10733,41888
10733,41889
10733,41890
10733,41891
10733,41892
10733,41893
10733,41894
10733,41895
10733,41896
10733,41897
10733,41898
10733,41899
10733,41900
10733,41901
10733,41902
10733,41903
10733,41904
10733,41905
10733,41906
10733,41907
10733,41908
10733,41909
10733,41910
10733,41911
10733,41912
10733,41913
10733,41914
10733,41915
10733,41916
10733,41917
10733,41918
10733,41919
10733,41920
10733,41921
10733,41922
10733,41923
10733,41924
10734,41784
10734,41785
10734,41786
10734,41787
10734,41788
10734,41789
10734,41790
10734,41791
10734,41792
10734,41793
10734,41794
10734,41795
10734,41796
10734,41797
10734,41798
10734,41799
10734,41800
10734,41801
10734,41802
10734,41803
10734,41804
10734,41805
10734,41806
10734,41807
10734,41808
10734,41809
10734,41810
10734,41811
10734,41812
10734,41813
10734,41814
10734,41815
10734,41816
10734,41817
10734,41818
10734,41819
10734,41820
10734,41821
10734,41822
10734,41823
10734,41824
10734,41825
10734,41826
10734,41827
10734,41828
10734,41829
10734,41830
10734,41831
10734,41832
10734,41833
10734,41834
10734,41835
10734,41836
10734,41837
10734,41838
10734,41839
10734,41840
10734,41841
10734,41842
10734,41843
10734,41844
10734,41845
10734,41846
10734,41847
10734,41848
10734,41849
10734,41850
10734,41851
10734,41852
10734,41853
10734,41854
10734,41855
10734,41856
10734,41857
10734,41858
10734,41859
10734,41860
10734,41861
10734,41862
10734,41863
10734,41864
10734,41865
10734,41866
10734,41867
10734,41868
10734,41869
10734,41870
10734,41871
10734,41872
10734,41873
10734,41874
10734,41875
10734,41876
10734,41877
10734,41878
10734,41879
10734,41880
10734,41881
10734,41882
10734,41883
10734,41884
10734,41885
10734,41886
10734,41887
10734,41888
10734,41889
10734,41890
10734,41891
10734,41892
10734,41893
10734,41894
10734,41895
10734,41896
10734,41897
10734,41898
10734,41899
10734,41900
10734,41901
10734,41902
10734,41903
10734,41904
10734,41905
10734,41906
10734,41907
10734,41908
10734,41909
10734,41910
10734,41911
10734,41912
10734,41913
10734,41914
10734,41915
10734,41916
10734,41917
10734,41918
10734,41919
10734,41920
10734,41921
10734,41922
10734,41923
10734,41924
10734,41925
10735,41783
10735,41784
10735,41785
10735,41786
10735,41787
10735,41788
10735,41789
10735,41790
10735,41791
10735,41792
10735,41793
10735,41794
10735,41795
10735,41796
10735,41797
10735,41798
10735,41799
10735,41800
10735,41801
10735,41802
10735,41803
10735,41804
10735,41805
10735,41806
10735,41807
10735,41808
10735,41809
10735,41810
10735,41811
10735,41812
10735,41813
10735,41814
10735,41815
10735,41816
10735,41817
10735,41818
10735,41819
10735,41820
10735,41821
10735,41822
10735,41823
10735,41824
10735,41825
10735,41826
10735,41827
10735,41828
10735,41829
10735,41830
10735,41831
10735,41832
10735,41833
10735,41834
10735,41835
10735,41836
10735,41837
10735,41838
10735,41839
10735,41840
10735,41841
10735,41842
10735,41843
10735,41844
10735,41845
10735,41846
10735,41847
10735,41848
10735,41849
10735,41850
10735,41851
10735,41852
10735,41853
10735,41854
10735,41855
10735,41856
10735,41857
10735,41858
10735,41859
10735,41860
10735,41861
10735,41862
10735,41863
10735,41864
10735,41865
10735,41866
10735,41867
10735,41868
10735,41869
10735,41870
10735,41871
10735,41872
10735,41873
10735,41874
10735,41875
10735,41876
10735,41877
10735,41878
10735,41879
10735,41880
10735,41881
10735,41882
10735,41883
10735,41884
10735,41885
10735,41886
10735,41887
10735,41888
10735,41889
10735,41890
10735,41891
10735,41892
10735,41893
10735,41894
10735,41895
10735,41896
10735,41897
10735,41898
10735,41899
10735,41900
10735,41901
10735,41902
10735,41903
10735,41904
10735,41905
10735,41906
10735,41907
10735,41908
10735,41909
10735,41910
10735,41911
10735,41912
10735,41913
10735,41914
10735,41915
10735,41916
10735,41917
10735,41918
10735,41919
10735,41920
10735,41921
10735,41922
10735,41923
10735,41924
10735,41925
10735,41926
10736,41782
10736,41783
10736,41784
10736,41785
10736,41786
10736,41787
10736,41788
10736,41789
10736,41790
10736,41791
10736,41792
10736,41793
10736,41794
10736,41795
10736,41796
10736,41797
10736,41798
10736,41799
10736,41800
10736,41801
10736,41802
10736,41803
10736,41804
10736,41805
10736,41806
10736,41807
10736,41808
10736,41809
10736,41810
10736,41811
10736,41812
10736,41813
10736,41814
10736,41815
10736,41816
10736,41817
10736,41818
10736,41819
10736,41820
10736,41821
10736,41822
10736,41823
10736,41824
10736,41825
10736,41826
10736,41827
10736,41828
10736,41829
10736,41830
10736,41831
10736,41832
10736,41833
10736,41834
10736,41835
10736,41836
10736,41837
10736,41838
10736,41839
10736,41840
10736,41841
10736,41842
10736,41843
10736,41844
10736,41845
10736,41846
10736,41847
10736,41848
10736,41849
10736,41850
10736,41851
10736,41852
10736,41853
10736,41854
10736,41855
10736,41856
10736,41857
10736,41858
10736,41859
10736,41860
10736,41861
10736,41862
10736,41863
10736,41864
10736,41865
10736,41866
10736,41867
10736,41868
10736,41869
10736,41870
10736,41871
10736,41872
10736,41873
10736,41874
10736,41875
10736,41876
10736,41877
10736,41878
10736,41879
10736,41880
10736,41881
10736,41882
10736,41883
10736,41884
10736,41885
10736,41886
10736,41887
10736,41888
10736,41889
10736,41890
10736,41891
10736,41892
10736,41893
10736,41894
10736,41895
10736,41896
10736,41897
10736,41898
10736,41899
10736,41900
10736,41901
10736,41902
10736,41903
10736,41904
10736,41905
10736,41906
10736,41907
10736,41908
10736,41909
10736,41910
10736,41911
10736,41912
10736,41913
10736,41914
10736,41915
10736,41916
10736,41917
10736,41918
10736,41919
10736,41920
10736,41921
10736,41922
10736,41923
10736,41924
10736,41925
10736,41926
10736,41927
10737,41780
10737,41781
10737,41782
10737,41783
10737,41784
10737,41785
10737,41786
10737,41787
10737,41788
10737,41789
10737,41790
10737,41791
10737,41792
10737,41793
10737,41794
10737,41795
10737,41796
10737,41797
10737,41798
10737,41799
10737,41800
10737,41801
10737,41802
10737,41803
10737,41804
10737,41805
10737,41806
10737,41807
10737,41808
10737,41809
10737,41810
10737,41811
10737,41812
10737,41813
10737,41814
10737,41815
10737,41816
10737,41817
10737,41818
10737,41819
10737,41820
10737,41821
10737,41822
10737,41823
10737,41824
10737,41825
10737,41826
10737,41827
10737,41828
10737,41829
10737,41830
10737,41831
10737,41832
10737,41833
10737,41834
10737,41835
10737,41836
10737,41837
10737,41838
10737,41839
10737,41840
10737,41841
10737,41842
10737,41843
10737,41844
10737,41845
10737,41846
10737,41847
10737,41848
10737,41849
10737,41850
10737,41851
10737,41852
10737,41853
10737,41854
10737,41855
10737,41856
10737,41857
10737,41858
10737,41859
10737,41860
10737,41861
10737,41862
10737,41863
10737,41864
10737,41865
10737,41866
10737,41867
10737,41868
10737,41869
10737,41870
10737,41871
10737,41872
10737,41873
10737,41874
10737,41875
10737,41876
10737,41877
10737,41878
10737,41879
10737,41880
10737,41881
10737,41882
10737,41883
10737,41884
10737,41885
10737,41886
10737,41887
10737,41888
10737,41889
10737,41890
10737,41891
10737,41892
10737,41893
10737,41894
10737,41895
10737,41896
10737,41897
10737,41898
10737,41899
10737,41900
10737,41901
10737,41902
10737,41903
10737,41904
10737,41905
10737,41906
10737,41907
10737,41908
10737,41909
10737,41910
10737,41911
10737,41912
10737,41913
10737,41914
10737,41915
10737,41916
10737,41917
10737,41918
10737,41919
10737,41920
10737,41921
10737,41922
10737,41923
10737,41924
10737,41925
10737,41926
10737,41927
10737,41928
10738,41779
10738,41780
10738,41781
10738,41782
10738,41783
10738,41784
10738,41785
10738,41786
10738,41787
10738,41788
10738,41789
10738,41790
10738,41791
10738,41792
10738,41793
10738,41794
10738,41795
10738,41796
10738,41797
10738,41798
10738,41799
10738,41800
10738,41801
10738,41802
10738,41803
10738,41804
10738,41805
10738,41806
10738,41807
10738,41808
10738,41809
10738,41810
10738,41811
10738,41812
10738,41813
10738,41814
10738,41815
10738,41816
10738,41817
10738,41818
10738,41819
10738,41820
10738,41821
10738,41822
10738,41823
10738,41824
10738,41825
10738,41826
10738,41827
10738,41828
10738,41829
10738,41830
10738,41831
10738,41832
10738,41833
10738,41834
10738,41835
10738,41836
10738,41837
10738,41838
10738,41839
10738,41840
10738,41841
10738,41842
10738,41843
10738,41844
10738,41845
10738,41846
10738,41847
10738,41848
10738,41849
10738,41850
10738,41851
10738,41852
10738,41853
10738,41854
10738,41855
10738,41856
10738,41857
10738,41858
10738,41859
10738,41860
10738,41861
10738,41862
10738,41863
10738,41864
10738,41865
10738,41866
10738,41867
10738,41868
10738,41869
10738,41870
10738,41871
10738,41872
10738,41873
10738,41874
10738,41875
10738,41876
10738,41877
10738,41878
10738,41879
10738,41880
10738,41881
10738,41882
10738,41883
10738,41884
10738,41885
10738,41886
10738,41887
10738,41888
10738,41889
10738,41890
10738,41891
10738,41892
10738,41893
10738,41894
10738,41895
10738,41896
10738,41897
10738,41898
10738,41899
10738,41900
10738,41901
10738,41902
10738,41903
10738,41904
10738,41905
10738,41906
10738,41907
10738,41908
10738,41909
10738,41910
10738,41911
10738,41912
10738,41913
10738,41914
10738,41915
10738,41916
10738,41917
10738,41918
10738,41919
10738,41920
10738,41921
10738,41922
10738,41923
10738,41924
10738,41925
10738,41926
10738,41927
10738,41928
10738,41929
10739,41778
10739,41779
10739,41780
10739,41781
10739,41782
10739,41783
10739,41784
10739,41785
10739,41786
10739,41787
10739,41788
10739,41789
10739,41790
10739,41791
10739,41792
10739,41793
10739,41794
10739,41795
10739,41796
10739,41797
10739,41798
10739,41799
10739,41800
10739,41801
10739,41802
10739,41803
10739,41804
10739,41805
10739,41806
10739,41807
10739,41808
10739,41809
10739,41810
10739,41811
10739,41812
10739,41813
10739,41814
10739,41815
10739,41816
10739,41817
10739,41818
10739,41819
10739,41820
10739,41821
10739,41822
10739,41823
10739,41824
10739,41825
10739,41826
10739,41827
10739,41828
10739,41829
10739,41830
10739,41831
10739,41832
10739,41833
10739,41834
10739,41835
10739,41836
10739,41837
10739,41838
10739,41839
10739,41840
10739,41841
10739,41842
10739,41843
10739,41844
10739,41845
10739,41846
10739,41847
10739,41848
10739,41849
10739,41850
10739,41851
10739,41852
10739,41853
10739,41854
10739,41855
10739,41856
10739,41857
10739,41858
10739,41859
10739,41860
10739,41861
10739,41862
10739,41863
10739,41864
10739,41865
10739,41866
10739,41867
10739,41868
10739,41869
10739,41870
10739,41871
10739,41872
10739,41873
10739,41874
10739,41875
10739,41876
10739,41877
10739,41878
10739,41879
10739,41880
10739,41881
10739,41882
10739,41883
10739,41884
10739,41885
10739,41886
10739,41887
10739,41888
10739,41889
10739,41890
10739,41891
10739,41892
10739,41893
10739,41894
10739,41895
10739,41896
10739,41897
10739,41898
10739,41899
10739,41900
10739,41901
10739,41902
10739,41903
10739,41904
10739,41905
10739,41906
10739,41907
10739,41908
10739,41909
10739,41910
10739,41911
10739,41912
10739,41913
10739,41914
10739,41915
10739,41916
10739,41917
10739,41918
10739,41919
10739,41920
10739,41921
10739,41922
10739,41923
10739,41924
10739,41925
10739,41926
10739,41927
10739,41928
10739,41929
10739,41930
10740,41778
10740,41779
10740,41780
10740,41781
10740,41782
10740,41783
10740,41784
10740,41785
10740,41786
10740,41787
10740,41788
10740,41789
10740,41790
10740,41791
10740,41792
10740,41793
10740,41794
10740,41795
10740,41796
10740,41797
10740,41798
10740,41799
10740,41800
10740,41801
10740,41802
10740,41803
10740,41804
10740,41805
10740,41806
10740,41807
10740,41808
10740,41809
10740,41810
10740,41811
10740,41812
10740,41813
10740,41814
10740,41815
10740,41816
10740,41817
10740,41818
10740,41819
10740,41820
10740,41821
10740,41822
10740,41823
10740,41824
10740,41825
10740,41826
10740,41827
10740,41828
10740,41829
10740,41830
10740,41831
10740,41832
10740,41833
10740,41834
10740,41835
10740,41836
10740,41837
10740,41838
10740,41839
10740,41840
10740,41841
10740,41842
10740,41843
10740,41844
10740,41845
10740,41846
10740,41847
10740,41848
10740,41849
10740,41850
10740,41851
10740,41852
10740,41853
10740,41854
10740,41855
10740,41856
10740,41857
10740,41858
10740,41859
10740,41860
10740,41861
10740,41862
10740,41863
10740,41864
10740,41865
10740,41866
10740,41867
10740,41868
10740,41869
10740,41870
10740,41871
10740,41872
10740,41873
10740,41874
10740,41875
10740,41876
10740,41877
10740,41878
10740,41879
10740,41880
10740,41881
10740,41882
10740,41883
10740,41884
10740,41885
10740,41886
10740,41887
10740,41888
10740,41889
10740,41890
10740,41891
10740,41892
10740,41893
10740,41894
10740,41895
10740,41896
10740,41897
10740,41898
10740,41899
10740,41900
10740,41901
10740,41902
10740,41903
10740,41904
10740,41905
10740,41906
10740,41907
10740,41908
10740,41909
10740,41910
10740,41911
10740,41912
10740,41913
10740,41914
10740,41915
10740,41916
10740,41917
10740,41918
10740,41919
10740,41920
10740,41921
10740,41922
10740,41923
10740,41924
10740,41925
10740,41926
10740,41927
10740,41928
10740,41929
10740,41930
10740,41931
10741,41777
10741,41778
10741,41779
10741,41780
10741,41781
10741,41782
10741,41783
10741,41784
10741,41785
10741,41786
10741,41787
10741,41788
10741,41789
10741,41790
10741,41791
10741,41792
10741,41793
10741,41794
10741,41795
10741,41796
10741,41797
10741,41798
10741,41799
10741,41800
10741,41801
10741,41802
10741,41803
10741,41804
10741,41805
10741,41806
10741,41807
10741,41808
10741,41809
10741,41810
10741,41811
10741,41812
10741,41813
10741,41814
10741,41815
10741,41816
10741,41817
10741,41818
10741,41819
10741,41820
10741,41821
10741,41822
10741,41823
10741,41824
10741,41825
10741,41826
10741,41827
10741,41828
10741,41829
10741,41830
10741,41831
10741,41832
10741,41833
10741,41834
10741,41835
10741,41836
10741,41837
10741,41838
10741,41839
10741,41840
10741,41841
10741,41842
10741,41843
10741,41844
10741,41845
10741,41846
10741,41847
10741,41848
10741,41849
10741,41850
10741,41851
10741,41852
10741,41853
10741,41854
10741,41855
10741,41856
10741,41857
10741,41858
10741,41859
10741,41860
10741,41861
10741,41862
10741,41863
10741,41864
10741,41865
10741,41866
10741,41867
10741,41868
10741,41869
10741,41870
10741,41871
10741,41872
10741,41873
10741,41874
10741,41875
10741,41876
10741,41877
10741,41878
10741,41879
10741,41880
10741,41881
10741,41882
10741,41883
10741,41884
10741,41885
10741,41886
10741,41887
10741,41888
10741,41889
10741,41890
10741,41891
10741,41892
10741,41893
10741,41894
10741,41895
10741,41896
10741,41897
10741,41898
10741,41899
10741,41900
10741,41901
10741,41902
10741,41903
10741,41904
10741,41905
10741,41906
10741,41907
10741,41908
10741,41909
10741,41910
10741,41911
10741,41912
10741,41913
10741,41914
10741,41915
10741,41916
10741,41917
10741,41918
10741,41919
10741,41920
10741,41921
10741,41922
10741,41923
10741,41924
10741,41925
10741,41926
10741,41927
10741,41928
10741,41929
10741,41930
10741,41931
10741,41932
10742,41776
10742,41777
10742,41778
10742,41779
10742,41780
10742,41781
10742,41782
10742,41783
10742,41784
10742,41785
10742,41786
10742,41787
10742,41788
10742,41789
10742,41790
10742,41791
10742,41792
10742,41793
10742,41794
10742,41795
10742,41796
10742,41797
10742,41798
10742,41799
10742,41800
10742,41801
10742,41802
10742,41803
10742,41804
10742,41805
10742,41806
10742,41807
10742,41808
10742,41809
10742,41810
10742,41811
10742,41812
10742,41813
10742,41814
10742,41815
10742,41816
10742,41817
10742,41818
10742,41819
10742,41820
10742,41821
10742,41822
10742,41823
10742,41824
10742,41825
10742,41826
10742,41827
10742,41828
10742,41829
10742,41830
10742,41831
10742,41832
10742,41833
10742,41834
10742,41835
10742,41836
10742,41837
10742,41838
10742,41839
10742,41840
10742,41841
10742,41842
10742,41843
10742,41844
10742,41845
10742,41846
10742,41847
10742,41848
10742,41849
10742,41850
10742,41851
10742,41852
10742,41853
10742,41854
10742,41855
10742,41856
10742,41857
10742,41858
10742,41859
10742,41860
10742,41861
10742,41862
10742,41863
10742,41864
10742,41865
10742,41866
10742,41867
10742,41868
10742,41869
10742,41870
10742,41871
10742,41872
10742,41873
10742,41874
10742,41875
10742,41876
10742,41877
10742,41878
10742,41879
10742,41880
10742,41881
10742,41882
10742,41883
10742,41884
10742,41885
10742,41886
10742,41887
10742,41888
10742,41889
10742,41890
10742,41891
10742,41892
10742,41893
10742,41894
10742,41895
10742,41896
10742,41897
10742,41898
10742,41899
10742,41900
10742,41901
10742,41902
10742,41903
10742,41904
10742,41905
10742,41906
10742,41907
10742,41908
10742,41909
10742,41910
10742,41911
10742,41912
10742,41913
10742,41914
10742,41915
10742,41916
10742,41917
10742,41918
10742,41919
10742,41920
10742,41921
10742,41922
10742,41923
10742,41924
10742,41925
10742,41926
10742,41927
10742,41928
10742,41929
10742,41930
10742,41931
10742,41932
10742,41933
10743,41775
10743,41776
10743,41777
10743,41778
10743,41779
10743,41780
10743,41781
10743,41782
10743,41783
10743,41784
10743,41785
10743,41786
10743,41787
10743,41788
10743,41789
10743,41790
10743,41791
10743,41792
10743,41793
10743,41794
10743,41795
10743,41796
10743,41797
10743,41798
10743,41799
10743,41800
10743,41801
10743,41802
10743,41803
10743,41804
10743,41805
10743,41806
10743,41807
10743,41808
10743,41809
10743,41810
10743,41811
10743,41812
10743,41813
10743,41814
10743,41815
10743,41816
10743,41817
10743,41818
10743,41819
10743,41820
10743,41821
10743,41822
10743,41823
10743,41824
10743,41825
10743,41826
10743,41827
10743,41828
10743,41829
10743,41830
10743,41831
10743,41832
10743,41833
10743,41834
10743,41835
10743,41836
10743,41837
10743,41838
10743,41839
10743,41840
10743,41841
10743,41842
10743,41843
10743,41844
10743,41845
10743,41846
10743,41847
10743,41848
10743,41849
10743,41850
10743,41851
10743,41852
10743,41853
10743,41854
10743,41855
10743,41856
10743,41857
10743,41858
10743,41859
10743,41860
10743,41861
10743,41862
10743,41863
10743,41864
10743,41865
10743,41866
10743,41867
10743,41868
10743,41869
10743,41870
10743,41871
10743,41872
10743,41873
10743,41874
10743,41875
10743,41876
10743,41877
10743,41878
10743,41879
10743,41880
10743,41881
10743,41882
10743,41883
10743,41884
10743,41885
10743,41886
10743,41887
10743,41888
10743,41889
10743,41890
10743,41891
10743,41892
10743,41893
10743,41894
10743,41895
10743,41896
10743,41897
10743,41898
10743,41899
10743,41900
10743,41901
10743,41902
10743,41903
10743,41904
10743,41905
10743,41906
10743,41907
10743,41908
10743,41909
10743,41910
10743,41911
10743,41912
10743,41913
10743,41914
10743,41915
10743,41916
10743,41917
10743,41918
10743,41919
10743,41920
10743,41921
10743,41922
10743,41923
10743,41924
10743,41925
10743,41926
10743,41927
10743,41928
10743,41929
10743,41930
10743,41931
10743,41932
10743,41933
10743,41934
10744,41775
10744,41776
10744,41777
10744,41778
10744,41779
10744,41780
10744,41781
10744,41782
10744,41783
10744,41784
10744,41785
10744,41786
10744,41787
10744,41788
10744,41789
10744,41790
10744,41791
10744,41792
10744,41793
10744,41794
10744,41795
10744,41796
10744,41797
10744,41798
10744,41799
10744,41800
10744,41801
10744,41802
10744,41803
10744,41804
10744,41805
10744,41806
10744,41807
10744,41808
10744,41809
10744,41810
10744,41811
10744,41812
10744,41813
10744,41814
10744,41815
10744,41816
10744,41817
10744,41818
10744,41819
10744,41820
10744,41821
10744,41822
10744,41823
10744,41824
10744,41825
10744,41826
10744,41827
10744,41828
10744,41829
10744,41830
10744,41831
10744,41832
10744,41833
10744,41834
10744,41835
10744,41836
10744,41837
10744,41838
10744,41839
10744,41840
10744,41841
10744,41842
10744,41843
10744,41844
10744,41845
10744,41846
10744,41847
10744,41848
10744,41849
10744,41850
10744,41851
10744,41852
10744,41853
10744,41854
10744,41855
10744,41856
10744,41857
10744,41858
10744,41859
10744,41860
10744,41861
10744,41862
10744,41863
10744,41864
10744,41865
10744,41866
10744,41867
10744,41868
10744,41869
10744,41870
10744,41871
10744,41872
10744,41873
10744,41874
10744,41875
10744,41876
10744,41877
10744,41878
10744,41879
10744,41880
10744,41881
10744,41882
10744,41883
10744,41884
10744,41885
10744,41886
10744,41887
10744,41888
10744,41889
10744,41890
10744,41891
10744,41892
10744,41893
10744,41894
10744,41895
10744,41896
10744,41897
10744,41898
10744,41899
10744,41900
10744,41901
10744,41902
10744,41903
10744,41904
10744,41905
10744,41906
10744,41907
10744,41908
10744,41909
10744,41910
10744,41911
10744,41912
10744,41913
10744,41914
10744,41915
10744,41916
10744,41917
10744,41918
10744,41919
10744,41920
10744,41921
10744,41922
10744,41923
10744,41924
10744,41925
10744,41926
10744,41927
10744,41928
10744,41929
10744,41930
10744,41931
10744,41932
10744,41933
10744,41934
10744,41935
10745,41775
10745,41776
10745,41777
10745,41778
10745,41779
10745,41780
10745,41781
10745,41782
10745,41783
10745,41784
10745,41785
10745,41786
10745,41787
10745,41788
10745,41789
10745,41790
10745,41791
10745,41792
10745,41793
10745,41794
10745,41795
10745,41796
10745,41797
10745,41798
10745,41799
10745,41800
10745,41801
10745,41802
10745,41803
10745,41804
10745,41805
10745,41806
10745,41807
10745,41808
10745,41809
10745,41810
10745,41811
10745,41812
10745,41813
10745,41814
10745,41815
10745,41816
10745,41817
10745,41818
10745,41819
10745,41820
10745,41821
10745,41822
10745,41823
10745,41824
10745,41825
10745,41826
10745,41827
10745,41828
10745,41829
10745,41830
10745,41831
10745,41832
10745,41833
10745,41834
10745,41835
10745,41836
10745,41837
10745,41838
10745,41839
10745,41840
10745,41841
10745,41842
10745,41843
10745,41844
10745,41845
10745,41846
10745,41847
10745,41848
10745,41849
10745,41850
10745,41851
10745,41852
10745,41853
10745,41854
10745,41855
10745,41856
10745,41857
10745,41858
10745,41859
10745,41860
10745,41861
10745,41862
10745,41863
10745,41864
10745,41865
10745,41866
10745,41867
10745,41868
10745,41869
10745,41870
10745,41871
10745,41872
10745,41873
10745,41874
10745,41875
10745,41876
10745,41877
10745,41878
10745,41879
10745,41880
10745,41881
10745,41882
10745,41883
10745,41884
10745,41885
10745,41886
10745,41887
10745,41888
10745,41889
10745,41890
10745,41891
10745,41892
10745,41893
10745,41894
10745,41895
10745,41896
10745,41897
10745,41898
10745,41899
10745,41900
10745,41901
10745,41902
10745,41903
10745,41904
10745,41905
10745,41906
10745,41907
10745,41908
10745,41909
10745,41910
10745,41911
10745,41912
10745,41913
10745,41914
10745,41915
10745,41916
10745,41917
10745,41918
10745,41919
10745,41920
10745,41921
10745,41922
10745,41923
10745,41924
10745,41925
10745,41926
10745,41927
10745,41928
10745,41929
10745,41930
10745,41931
10745,41932
10745,41933
10745,41934
10745,41935
10746,41774
10746,41775
10746,41776
10746,41777
10746,41778
10746,41779
10746,41780
10746,41781
10746,41782
10746,41783
10746,41784
10746,41785
10746,41786
10746,41787
10746,41788
10746,41789
10746,41790
10746,41791
10746,41792
10746,41793
10746,41794
10746,41795
10746,41796
10746,41797
10746,41798
10746,41799
10746,41800
10746,41801
10746,41802
10746,41803
10746,41804
10746,41805
10746,41806
10746,41807
10746,41808
10746,41809
10746,41810
10746,41811
10746,41812
10746,41813
10746,41814
10746,41815
10746,41816
10746,41817
10746,41818
10746,41819
10746,41820
10746,41821
10746,41822
10746,41823
10746,41824
10746,41825
10746,41826
10746,41827
10746,41828
10746,41829
10746,41830
10746,41831
10746,41832
10746,41833
10746,41834
10746,41835
10746,41836
10746,41837
10746,41838
10746,41839
10746,41840
10746,41841
10746,41842
10746,41843
10746,41844
10746,41845
10746,41846
10746,41847
10746,41848
10746,41849
10746,41850
10746,41851
10746,41852
10746,41853
10746,41854
10746,41855
10746,41856
10746,41857
10746,41858
10746,41859
10746,41860
10746,41861
10746,41862
10746,41863
10746,41864
10746,41865
10746,41866
10746,41867
10746,41868
10746,41869
10746,41870
10746,41871
10746,41872
10746,41873
10746,41874
10746,41875
10746,41876
10746,41877
10746,41878
10746,41879
10746,41880
10746,41881
10746,41882
10746,41883
10746,41884
10746,41885
10746,41886
10746,41887
10746,41888
10746,41889
10746,41890
10746,41891
10746,41892
10746,41893
10746,41894
10746,41895
10746,41896
10746,41897
10746,41898
10746,41899
10746,41900
10746,41901
10746,41902
10746,41903
10746,41904
10746,41905
10746,41906
10746,41907
10746,41908
10746,41909
10746,41910
10746,41911
10746,41912
10746,41913
10746,41914
10746,41915
10746,41916
10746,41917
10746,41918
10746,41919
10746,41920
10746,41921
10746,41922
10746,41923
10746,41924
10746,41925
10746,41926
10746,41927
10746,41928
10746,41929
10746,41930
10746,41931
10746,41932
10746,41933
10746,41934
10747,41774
10747,41775
10747,41776
10747,41777
10747,41778
10747,41779
10747,41780
10747,41781
10747,41782
10747,41783
10747,41784
10747,41785
10747,41786
10747,41787
10747,41788
10747,41789
10747,41790
10747,41791
10747,41792
10747,41793
10747,41794
10747,41795
10747,41796
10747,41797
10747,41798
10747,41799
10747,41800
10747,41801
10747,41802
10747,41803
10747,41804
10747,41805
10747,41806
10747,41807
10747,41808
10747,41809
10747,41810
10747,41811
10747,41812
10747,41813
10747,41814
10747,41815
10747,41816
10747,41817
10747,41818
10747,41819
10747,41820
10747,41821
10747,41822
10747,41823
10747,41824
10747,41825
10747,41826
10747,41827
10747,41828
10747,41829
10747,41830
10747,41831
10747,41832
10747,41833
10747,41834
10747,41835
10747,41836
10747,41837
10747,41838
10747,41839
10747,41840
10747,41841
10747,41842
10747,41843
10747,41844
10747,41845
10747,41846
10747,41847
10747,41848
10747,41849
10747,41850
10747,41851
10747,41852
10747,41853
10747,41854
10747,41855
10747,41856
10747,41857
10747,41858
10747,41859
10747,41860
10747,41861
10747,41862
10747,41863
10747,41864
10747,41865
10747,41866
10747,41867
10747,41868
10747,41869
10747,41870
10747,41871
10747,41872
10747,41873
10747,41874
10747,41875
10747,41876
10747,41877
10747,41878
10747,41879
10747,41880
10747,41881
10747,41882
10747,41883
10747,41884
10747,41885
10747,41886
10747,41887
10747,41888
10747,41889
10747,41890
10747,41891
10747,41892
10747,41893
10747,41894
10747,41895
10747,41896
10747,41897
10747,41898
10747,41899
10747,41900
10747,41901
10747,41902
10747,41903
10747,41904
10747,41905
10747,41906
10747,41907
10747,41908
10747,41909
10747,41910
10747,41911
10747,41912
10747,41913
10747,41914
10747,41915
10747,41916
10747,41917
10747,41918
10747,41919
10747,41920
10747,41921
10747,41922
10747,41923
10747,41924
10747,41925
10747,41926
10747,41927
10747,41928
10747,41929
10747,41930
10747,41931
10747,41932
10747,41933
10747,41934
10748,41773
10748,41774
10748,41775
10748,41776
10748,41777
10748,41778
10748,41779
10748,41780
10748,41781
10748,41782
10748,41783
10748,41784
10748,41785
10748,41786
10748,41787
10748,41788
10748,41789
10748,41790
10748,41791
10748,41792
10748,41793
10748,41794
10748,41795
10748,41796
10748,41797
10748,41798
10748,41799
10748,41800
10748,41801
10748,41802
10748,41803
10748,41804
10748,41805
10748,41806
10748,41807
10748,41808
10748,41809
10748,41810
10748,41811
10748,41812
10748,41813
10748,41814
10748,41815
10748,41816
10748,41817
10748,41818
10748,41819
10748,41820
10748,41821
10748,41822
10748,41823
10748,41824
10748,41825
10748,41826
10748,41827
10748,41828
10748,41829
10748,41830
10748,41831
10748,41832
10748,41833
10748,41834
10748,41835
10748,41836
10748,41837
10748,41838
10748,41839
10748,41840
10748,41841
10748,41842
10748,41843
10748,41844
10748,41845
10748,41846
10748,41847
10748,41848
10748,41849
10748,41850
10748,41851
10748,41852
10748,41853
10748,41854
10748,41855
10748,41856
10748,41857
10748,41858
10748,41859
10748,41860
10748,41861
10748,41862
10748,41863
10748,41864
10748,41865
10748,41866
10748,41867
10748,41868
10748,41869
10748,41870
10748,41871
10748,41872
10748,41873
10748,41874
10748,41875
10748,41876
10748,41877
10748,41878
10748,41879
10748,41880
10748,41881
10748,41882
10748,41883
10748,41884
10748,41885
10748,41886
10748,41887
10748,41888
10748,41889
10748,41890
10748,41891
10748,41892
10748,41893
10748,41894
10748,41895
10748,41896
10748,41897
10748,41898
10748,41899
10748,41900
10748,41901
10748,41902
10748,41903
10748,41904
10748,41905
10748,41906
10748,41907
10748,41908
10748,41909
10748,41910
10748,41911
10748,41912
10748,41913
10748,41914
10748,41915
10748,41916
10748,41917
10748,41918
10748,41919
10748,41920
10748,41921
10748,41922
10748,41923
10748,41924
10748,41925
10748,41926
10748,41927
10748,41928
10748,41929
10748,41930
10748,41931
10748,41932
10748,41933
10748,41934
10748,41935
10749,41773
10749,41774
10749,41775
10749,41776
10749,41777
10749,41778
10749,41779
10749,41780
10749,41781
10749,41782
10749,41783
10749,41784
10749,41785
10749,41786
10749,41787
10749,41788
10749,41789
10749,41790
10749,41791
10749,41792
10749,41793
10749,41794
10749,41795
10749,41796
10749,41797
10749,41798
10749,41799
10749,41800
10749,41801
10749,41802
10749,41803
10749,41804
10749,41805
10749,41806
10749,41807
10749,41808
10749,41809
10749,41810
10749,41811
10749,41812
10749,41813
10749,41814
10749,41815
10749,41816
10749,41817
10749,41818
10749,41819
10749,41820
10749,41821
10749,41822
10749,41823
10749,41824
10749,41825
10749,41826
10749,41827
10749,41828
10749,41829
10749,41830
10749,41831
10749,41832
10749,41833
10749,41834
10749,41835
10749,41836
10749,41837
10749,41838
10749,41839
10749,41840
10749,41841
10749,41842
10749,41843
10749,41844
10749,41845
10749,41846
10749,41847
10749,41848
10749,41849
10749,41850
10749,41851
10749,41852
10749,41853
10749,41854
10749,41855
10749,41856
10749,41857
10749,41858
10749,41859
10749,41860
10749,41861
10749,41862
10749,41863
10749,41864
10749,41865
10749,41866
10749,41867
10749,41868
10749,41869
10749,41870
10749,41871
10749,41872
10749,41873
10749,41874
10749,41875
10749,41876
10749,41877
10749,41878
10749,41879
10749,41880
10749,41881
10749,41882
10749,41883
10749,41884
10749,41885
10749,41886
10749,41887
10749,41888
10749,41889
10749,41890
10749,41891
10749,41892
10749,41893
10749,41894
10749,41895
10749,41896
10749,41897
10749,41898
10749,41899
10749,41900
10749,41901
10749,41902
10749,41903
10749,41904
10749,41905
10749,41906
10749,41907
10749,41908
10749,41909
10749,41910
10749,41911
10749,41912
10749,41913
10749,41914
10749,41915
10749,41916
10749,41917
10749,41918
10749,41919
10749,41920
10749,41921
10749,41922
10749,41923
10749,41924
10749,41925
10749,41926
10749,41927
10749,41928
10749,41929
10749,41930
10749,41931
10749,41932
10749,41933
10749,41934
10750,41771
10750,41773
10750,41774
10750,41775
10750,41776
10750,41777
10750,41778
10750,41779
10750,41780
10750,41781
10750,41782
10750,41783
10750,41784
10750,41785
10750,41786
10750,41787
10750,41788
10750,41789
10750,41790
10750,41791
10750,41792
10750,41793
10750,41794
10750,41795
10750,41796
10750,41797
10750,41798
10750,41799
10750,41800
10750,41801
10750,41802
10750,41803
10750,41804
10750,41805
10750,41806
10750,41807
10750,41808
10750,41809
10750,41810
10750,41811
10750,41812
10750,41813
10750,41814
10750,41815
10750,41816
10750,41817
10750,41818
10750,41819
10750,41820
10750,41821
10750,41822
10750,41823
10750,41824
10750,41825
10750,41826
10750,41827
10750,41828
10750,41829
10750,41830
10750,41831
10750,41832
10750,41833
10750,41834
10750,41835
10750,41836
10750,41837
10750,41838
10750,41839
10750,41840
10750,41841
10750,41842
10750,41843
10750,41844
10750,41845
10750,41846
10750,41847
10750,41848
10750,41849
10750,41850
10750,41851
10750,41852
10750,41853
10750,41854
10750,41855
10750,41856
10750,41857
10750,41858
10750,41859
10750,41860
10750,41861
10750,41862
10750,41863
10750,41864
10750,41865
10750,41866
10750,41867
10750,41868
10750,41869
10750,41870
10750,41871
10750,41872
10750,41873
10750,41874
10750,41875
10750,41876
10750,41877
10750,41878
10750,41879
10750,41880
10750,41881
10750,41882
10750,41883
10750,41884
10750,41885
10750,41886
10750,41887
10750,41888
10750,41889
10750,41890
10750,41891
10750,41892
10750,41893
10750,41894
10750,41895
10750,41896
10750,41897
10750,41898
10750,41899
10750,41900
10750,41901
10750,41902
10750,41903
10750,41904
10750,41905
10750,41906
10750,41907
10750,41908
10750,41909
10750,41910
10750,41911
10750,41912
10750,41913
10750,41914
10750,41915
10750,41916
10750,41917
10750,41918
10750,41919
10750,41920
10750,41921
10750,41922
10750,41923
10750,41924
10750,41925
10750,41926
10750,41927
10750,41928
10750,41929
10750,41930
10750,41931
10750,41932
10750,41933
10750,41934
10751,41769
10751,41770
10751,41771
10751,41772
10751,41773
10751,41774
10751,41775
10751,41776
10751,41777
10751,41778
10751,41779
10751,41780
10751,41781
10751,41782
10751,41783
10751,41784
10751,41785
10751,41786
10751,41787
10751,41788
10751,41789
10751,41790
10751,41791
10751,41792
10751,41793
10751,41794
10751,41795
10751,41796
10751,41797
10751,41798
10751,41799
10751,41800
10751,41801
10751,41802
10751,41803
10751,41804
10751,41805
10751,41806
10751,41807
10751,41808
10751,41809
10751,41810
10751,41811
10751,41812
10751,41813
10751,41814
10751,41815
10751,41816
10751,41817
10751,41818
10751,41819
10751,41820
10751,41821
10751,41822
10751,41823
10751,41824
10751,41825
10751,41826
10751,41827
10751,41828
10751,41829
10751,41830
10751,41831
10751,41832
10751,41833
10751,41834
10751,41835
10751,41836
10751,41837
10751,41838
10751,41839
10751,41840
10751,41841
10751,41842
10751,41843
10751,41844
10751,41845
10751,41846
10751,41847
10751,41848
10751,41849
10751,41850
10751,41851
10751,41852
10751,41853
10751,41854
10751,41855
10751,41856
10751,41857
10751,41858
10751,41859
10751,41860
10751,41861
10751,41862
10751,41863
10751,41864
10751,41865
10751,41866
10751,41867
10751,41868
10751,41869
10751,41870
10751,41871
10751,41872
10751,41873
10751,41874
10751,41875
10751,41876
10751,41877
10751,41878
10751,41879
10751,41880
10751,41881
10751,41882
10751,41883
10751,41884
10751,41885
10751,41886
10751,41887
10751,41888
10751,41889
10751,41890
10751,41891
10751,41892
10751,41893
10751,41894
10751,41895
10751,41896
10751,41897
10751,41898
10751,41899
10751,41900
10751,41901
10751,41902
10751,41903
10751,41904
10751,41905
10751,41906
10751,41907
10751,41908
10751,41909
10751,41910
10751,41911
10751,41912
10751,41913
10751,41914
10751,41915
10751,41916
10751,41917
10751,41918
10751,41919
10751,41920
10751,41921
10751,41922
10751,41923
10751,41924
10751,41925
10751,41926
10751,41927
10751,41928
10751,41929
10751,41930
10751,41931
10751,41932
10751,41933
10751,41934
10752,41768
10752,41769
10752,41770
10752,41771
10752,41772
10752,41773
10752,41774
10752,41775
10752,41776
10752,41777
10752,41778
10752,41779
10752,41780
10752,41781
10752,41782
10752,41783
10752,41784
10752,41785
10752,41786
10752,41787
10752,41788
10752,41789
10752,41790
10752,41791
10752,41792
10752,41793
10752,41794
10752,41795
10752,41796
10752,41797
10752,41798
10752,41799
10752,41800
10752,41801
10752,41802
10752,41803
10752,41804
10752,41805
10752,41806
10752,41807
10752,41808
10752,41809
10752,41810
10752,41811
10752,41812
10752,41813
10752,41814
10752,41815
10752,41816
10752,41817
10752,41818
10752,41819
10752,41820
10752,41821
10752,41822
10752,41823
10752,41824
10752,41825
10752,41826
10752,41827
10752,41828
10752,41829
10752,41830
10752,41831
10752,41832
10752,41833
10752,41834
10752,41835
10752,41836
10752,41837
10752,41838
10752,41839
10752,41840
10752,41841
10752,41842
10752,41843
10752,41844
10752,41845
10752,41846
10752,41847
10752,41848
10752,41849
10752,41850
10752,41851
10752,41852
10752,41853
10752,41854
10752,41855
10752,41856
10752,41857
10752,41858
10752,41859
10752,41860
10752,41861
10752,41862
10752,41863
10752,41864
10752,41865
10752,41866
10752,41867
10752,41868
10752,41869
10752,41870
10752,41871
10752,41872
10752,41873
10752,41874
10752,41875
10752,41876
10752,41877
10752,41878
10752,41879
10752,41880
10752,41881
10752,41882
10752,41883
10752,41884
10752,41885
10752,41886
10752,41887
10752,41888
10752,41889
10752,41890
10752,41891
10752,41892
10752,41893
10752,41894
10752,41895
10752,41896
10752,41897
10752,41898
10752,41899
10752,41900
10752,41901
10752,41902
10752,41903
10752,41904
10752,41905
10752,41906
10752,41907
10752,41908
10752,41909
10752,41910
10752,41911
10752,41912
10752,41913
10752,41914
10752,41915
10752,41916
10752,41917
10752,41918
10752,41919
10752,41920
10752,41921
10752,41922
10752,41923
10752,41924
10752,41925
10752,41926
10752,41927
10752,41928
10752,41929
10752,41930
10752,41931
10752,41932
10752,41933
10753,41767
10753,41768
10753,41769
10753,41770
10753,41771
10753,41772
10753,41773
10753,41774
10753,41775
10753,41776
10753,41777
10753,41778
10753,41779
10753,41780
10753,41781
10753,41782
10753,41783
10753,41784
10753,41785
10753,41786
10753,41787
10753,41788
10753,41789
10753,41790
10753,41791
10753,41792
10753,41793
10753,41794
10753,41795
10753,41796
10753,41797
10753,41798
10753,41799
10753,41800
10753,41801
10753,41802
10753,41803
10753,41804
10753,41805
10753,41806
10753,41807
10753,41808
10753,41809
10753,41810
10753,41811
10753,41812
10753,41813
10753,41814
10753,41815
10753,41816
10753,41817
10753,41818
10753,41819
10753,41820
10753,41821
10753,41822
10753,41823
10753,41824
10753,41825
10753,41826
10753,41827
10753,41828
10753,41829
10753,41830
10753,41831
10753,41832
10753,41833
10753,41834
10753,41835
10753,41836
10753,41837
10753,41838
10753,41839
10753,41840
10753,41841
10753,41842
10753,41843
10753,41844
10753,41845
10753,41846
10753,41847
10753,41848
10753,41849
10753,41850
10753,41851
10753,41852
10753,41853
10753,41854
10753,41855
10753,41856
10753,41857
10753,41858
10753,41859
10753,41860
10753,41861
10753,41862
10753,41863
10753,41864
10753,41865
10753,41866
10753,41867
10753,41868
10753,41869
10753,41870
10753,41871
10753,41872
10753,41873
10753,41874
10753,41875
10753,41876
10753,41877
10753,41878
10753,41879
10753,41880
10753,41881
10753,41882
10753,41883
10753,41884
10753,41885
10753,41886
10753,41887
10753,41888
10753,41889
10753,41890
10753,41891
10753,41892
10753,41893
10753,41894
10753,41895
10753,41896
10753,41897
10753,41898
10753,41899
10753,41900
10753,41901
10753,41902
10753,41903
10753,41904
10753,41905
10753,41906
10753,41907
10753,41908
10753,41909
10753,41910
10753,41911
10753,41912
10753,41913
10753,41914
10753,41915
10753,41916
10753,41917
10753,41918
10753,41919
10753,41920
10753,41921
10753,41922
10753,41923
10753,41924
10753,41925
10753,41926
10753,41927
10753,41928
10753,41929
10753,41930
10753,41931
10753,41932
10753,41933
10754,41767
10754,41768
10754,41769
10754,41770
10754,41771
10754,41772
10754,41773
10754,41774
10754,41775
10754,41776
10754,41777
10754,41778
10754,41779
10754,41780
10754,41781
10754,41782
10754,41783
10754,41784
10754,41785
10754,41786
10754,41787
10754,41788
10754,41789
10754,41790
10754,41791
10754,41792
10754,41793
10754,41794
10754,41795
10754,41796
10754,41797
10754,41798
10754,41799
10754,41800
10754,41801
10754,41802
10754,41803
10754,41804
10754,41805
10754,41806
10754,41807
10754,41808
10754,41809
10754,41810
10754,41811
10754,41812
10754,41813
10754,41814
10754,41815
10754,41816
10754,41817
10754,41818
10754,41819
10754,41820
10754,41821
10754,41822
10754,41823
10754,41824
10754,41825
10754,41826
10754,41827
10754,41828
10754,41829
10754,41830
10754,41831
10754,41832
10754,41833
10754,41834
10754,41835
10754,41836
10754,41837
10754,41838
10754,41839
10754,41840
10754,41841
10754,41842
10754,41843
10754,41844
10754,41845
10754,41846
10754,41847
10754,41848
10754,41849
10754,41850
10754,41851
10754,41852
10754,41853
10754,41854
10754,41855
10754,41856
10754,41857
10754,41858
10754,41859
10754,41860
10754,41861
10754,41862
10754,41863
10754,41864
10754,41865
10754,41866
10754,41867
10754,41868
10754,41869
10754,41870
10754,41871
10754,41872
10754,41873
10754,41874
10754,41875
10754,41876
10754,41877
10754,41878
10754,41879
10754,41880
10754,41881
10754,41882
10754,41883
10754,41884
10754,41885
10754,41886
10754,41887
10754,41888
10754,41889
10754,41890
10754,41891
10754,41892
10754,41893
10754,41894
10754,41895
10754,41896
10754,41897
10754,41898
10754,41899
10754,41900
10754,41901
10754,41902
10754,41903
10754,41904
10754,41905
10754,41906
10754,41907
10754,41908
10754,41909
10754,41910
10754,41911
10754,41912
10754,41913
10754,41914
10754,41915
10754,41916
10754,41917
10754,41918
10754,41919
10754,41920
10754,41921
10754,41922
10754,41923
10754,41924
10754,41925
10754,41926
10754,41927
10754,41928
10754,41929
10754,41930
10754,41931
10754,41932
10755,41765
10755,41766
10755,41767
10755,41768
10755,41769
10755,41770
10755,41771
10755,41772
10755,41773
10755,41774
10755,41775
10755,41776
10755,41777
10755,41778
10755,41779
10755,41780
10755,41781
10755,41782
10755,41783
10755,41784
10755,41785
10755,41786
10755,41787
10755,41788
10755,41789
10755,41790
10755,41791
10755,41792
10755,41793
10755,41794
10755,41795
10755,41796
10755,41797
10755,41798
10755,41799
10755,41800
10755,41801
10755,41802
10755,41803
10755,41804
10755,41805
10755,41806
10755,41807
10755,41808
10755,41809
10755,41810
10755,41811
10755,41812
10755,41813
10755,41814
10755,41815
10755,41816
10755,41817
10755,41818
10755,41819
10755,41820
10755,41821
10755,41822
10755,41823
10755,41824
10755,41825
10755,41826
10755,41827
10755,41828
10755,41829
10755,41830
10755,41831
10755,41832
10755,41833
10755,41834
10755,41835
10755,41836
10755,41837
10755,41838
10755,41839
10755,41840
10755,41841
10755,41842
10755,41843
10755,41844
10755,41845
10755,41846
10755,41847
10755,41848
10755,41849
10755,41850
10755,41851
10755,41852
10755,41853
10755,41854
10755,41855
10755,41856
10755,41857
10755,41858
10755,41859
10755,41860
10755,41861
10755,41862
10755,41863
10755,41864
10755,41865
10755,41866
10755,41867
10755,41868
10755,41869
10755,41870
10755,41871
10755,41872
10755,41873
10755,41874
10755,41875
10755,41876
10755,41877
10755,41878
10755,41879
10755,41880
10755,41881
10755,41882
10755,41883
10755,41884
10755,41885
10755,41886
10755,41887
10755,41888
10755,41889
10755,41890
10755,41891
10755,41892
10755,41893
10755,41894
10755,41895
10755,41896
10755,41897
10755,41898
10755,41899
10755,41900
10755,41901
10755,41902
10755,41903
10755,41904
10755,41905
10755,41906
10755,41907
10755,41908
10755,41909
10755,41910
10755,41911
10755,41912
10755,41913
10755,41914
10755,41915
10755,41916
10755,41917
10755,41918
10755,41919
10755,41920
10755,41921
10755,41922
10755,41923
10755,41924
10755,41925
10755,41926
10755,41927
10755,41928
10755,41929
10755,41930
10755,41931
10755,41932
10756,41761
10756,41762
10756,41763
10756,41764
10756,41765
10756,41766
10756,41767
10756,41768
10756,41769
10756,41770
10756,41771
10756,41772
10756,41773
10756,41774
10756,41775
10756,41776
10756,41777
10756,41778
10756,41779
10756,41780
10756,41781
10756,41782
10756,41783
10756,41784
10756,41785
10756,41786
10756,41787
10756,41788
10756,41789
10756,41790
10756,41791
10756,41792
10756,41793
10756,41794
10756,41795
10756,41796
10756,41797
10756,41798
10756,41799
10756,41800
10756,41801
10756,41802
10756,41803
10756,41804
10756,41805
10756,41806
10756,41807
10756,41808
10756,41809
10756,41810
10756,41811
10756,41812
10756,41813
10756,41814
10756,41815
10756,41816
10756,41817
10756,41818
10756,41819
10756,41820
10756,41821
10756,41822
10756,41823
10756,41824
10756,41825
10756,41826
10756,41827
10756,41828
10756,41829
10756,41830
10756,41831
10756,41832
10756,41833
10756,41834
10756,41835
10756,41836
10756,41837
10756,41838
10756,41839
10756,41840
10756,41841
10756,41842
10756,41843
10756,41844
10756,41845
10756,41846
10756,41847
10756,41848
10756,41849
10756,41850
10756,41851
10756,41852
10756,41853
10756,41854
10756,41855
10756,41856
10756,41857
10756,41858
10756,41859
10756,41860
10756,41861
10756,41862
10756,41863
10756,41864
10756,41865
10756,41866
10756,41867
10756,41868
10756,41869
10756,41870
10756,41871
10756,41872
10756,41873
10756,41874
10756,41875
10756,41876
10756,41877
10756,41878
10756,41879
10756,41880
10756,41881
10756,41882
10756,41883
10756,41884
10756,41885
10756,41886
10756,41887
10756,41888
10756,41889
10756,41890
10756,41891
10756,41892
10756,41893
10756,41894
10756,41895
10756,41896
10756,41897
10756,41898
10756,41899
10756,41900
10756,41901
10756,41902
10756,41903
10756,41904
10756,41905
10756,41906
10756,41907
10756,41908
10756,41909
10756,41910
10756,41911
10756,41912
10756,41913
10756,41914
10756,41915
10756,41916
10756,41917
10756,41918
10756,41919
10756,41920
10756,41921
10756,41922
10756,41923
10756,41924
10756,41925
10756,41926
10756,41927
10756,41928
10756,41929
10756,41930
10756,41931
10756,41932
10757,41758
10757,41759
10757,41760
10757,41761
10757,41762
10757,41763
10757,41764
10757,41765
10757,41766
10757,41767
10757,41768
10757,41769
10757,41770
10757,41771
10757,41772
10757,41773
10757,41774
10757,41775
10757,41776
10757,41777
10757,41778
10757,41779
10757,41780
10757,41781
10757,41782
10757,41783
10757,41784
10757,41785
10757,41786
10757,41787
10757,41788
10757,41789
10757,41790
10757,41791
10757,41792
10757,41793
10757,41794
10757,41795
10757,41796
10757,41797
10757,41798
10757,41799
10757,41800
10757,41801
10757,41802
10757,41803
10757,41804
10757,41805
10757,41806
10757,41807
10757,41808
10757,41809
10757,41810
10757,41811
10757,41812
10757,41813
10757,41814
10757,41815
10757,41816
10757,41817
10757,41818
10757,41819
10757,41820
10757,41821
10757,41822
10757,41823
10757,41824
10757,41825
10757,41826
10757,41827
10757,41828
10757,41829
10757,41830
10757,41831
10757,41832
10757,41833
10757,41834
10757,41835
10757,41836
10757,41837
10757,41838
10757,41839
10757,41840
10757,41841
10757,41842
10757,41843
10757,41844
10757,41845
10757,41846
10757,41847
10757,41848
10757,41849
10757,41850
10757,41851
10757,41852
10757,41853
10757,41854
10757,41855
10757,41856
10757,41857
10757,41858
10757,41859
10757,41860
10757,41861
10757,41862
10757,41863
10757,41864
10757,41865
10757,41866
10757,41867
10757,41868
10757,41869
10757,41870
10757,41871
10757,41872
10757,41873
10757,41874
10757,41875
10757,41876
10757,41877
10757,41878
10757,41879
10757,41880
10757,41881
10757,41882
10757,41883
10757,41884
10757,41885
10757,41886
10757,41887
10757,41888
10757,41889
10757,41890
10757,41891
10757,41892
10757,41893
10757,41894
10757,41895
10757,41896
10757,41897
10757,41898
10757,41899
10757,41900
10757,41901
10757,41902
10757,41903
10757,41904
10757,41905
10757,41906
10757,41907
10757,41908
10757,41909
10757,41910
10757,41911
10757,41912
10757,41913
10757,41914
10757,41915
10757,41916
10757,41917
10757,41918
10757,41919
10757,41920
10757,41921
10757,41922
10757,41923
10757,41924
10757,41925
10757,41926
10757,41927
10757,41928
10757,41929
10757,41930
10757,41931
10758,41757
10758,41758
10758,41759
10758,41760
10758,41761
10758,41762
10758,41763
10758,41764
10758,41765
10758,41766
10758,41767
10758,41768
10758,41769
10758,41770
10758,41771
10758,41772
10758,41773
10758,41774
10758,41775
10758,41776
10758,41777
10758,41778
10758,41779
10758,41780
10758,41781
10758,41782
10758,41783
10758,41784
10758,41785
10758,41786
10758,41787
10758,41788
10758,41789
10758,41790
10758,41791
10758,41792
10758,41793
10758,41794
10758,41795
10758,41796
10758,41797
10758,41798
10758,41799
10758,41800
10758,41801
10758,41802
10758,41803
10758,41804
10758,41805
10758,41806
10758,41807
10758,41808
10758,41809
10758,41810
10758,41811
10758,41812
10758,41813
10758,41814
10758,41815
10758,41816
10758,41817
10758,41818
10758,41819
10758,41820
10758,41821
10758,41822
10758,41823
10758,41824
10758,41825
10758,41826
10758,41827
10758,41828
10758,41829
10758,41830
10758,41831
10758,41832
10758,41833
10758,41834
10758,41835
10758,41836
10758,41837
10758,41838
10758,41839
10758,41840
10758,41841
10758,41842
10758,41843
10758,41844
10758,41845
10758,41846
10758,41847
10758,41848
10758,41849
10758,41850
10758,41851
10758,41852
10758,41853
10758,41854
10758,41855
10758,41856
10758,41857
10758,41858
10758,41859
10758,41860
10758,41861
10758,41862
10758,41863
10758,41864
10758,41865
10758,41866
10758,41867
10758,41868
10758,41869
10758,41870
10758,41871
10758,41872
10758,41873
10758,41874
10758,41875
10758,41876
10758,41877
10758,41878
10758,41879
10758,41880
10758,41881
10758,41882
10758,41883
10758,41884
10758,41885
10758,41886
10758,41887
10758,41888
10758,41889
10758,41890
10758,41891
10758,41892
10758,41893
10758,41894
10758,41895
10758,41896
10758,41897
10758,41898
10758,41899
10758,41900
10758,41901
10758,41902
10758,41903
10758,41904
10758,41905
10758,41906
10758,41907
10758,41908
10758,41909
10758,41910
10758,41911
10758,41912
10758,41913
10758,41914
10758,41915
10758,41916
10758,41917
10758,41918
10758,41919
10758,41920
10758,41921
10758,41922
10758,41923
10758,41924
10758,41925
10758,41926
10758,41927
10758,41928
10758,41929
10758,41930
10759,41756
10759,41757
10759,41758
10759,41759
10759,41760
10759,41761
10759,41762
10759,41763
10759,41764
10759,41765
10759,41766
10759,41767
10759,41768
10759,41769
10759,41770
10759,41771
10759,41772
10759,41773
10759,41774
10759,41775
10759,41776
10759,41777
10759,41778
10759,41779
10759,41780
10759,41781
10759,41782
10759,41783
10759,41784
10759,41785
10759,41786
10759,41787
10759,41788
10759,41789
10759,41790
10759,41791
10759,41792
10759,41793
10759,41794
10759,41795
10759,41796
10759,41797
10759,41798
10759,41799
10759,41800
10759,41801
10759,41802
10759,41803
10759,41804
10759,41805
10759,41806
10759,41807
10759,41808
10759,41809
10759,41810
10759,41811
10759,41812
10759,41813
10759,41814
10759,41815
10759,41816
10759,41817
10759,41818
10759,41819
10759,41820
10759,41821
10759,41822
10759,41823
10759,41824
10759,41825
10759,41826
10759,41827
10759,41828
10759,41829
10759,41830
10759,41831
10759,41832
10759,41833
10759,41834
10759,41835
10759,41836
10759,41837
10759,41838
10759,41839
10759,41840
10759,41841
10759,41842
10759,41843
10759,41844
10759,41845
10759,41846
10759,41847
10759,41848
10759,41849
10759,41850
10759,41851
10759,41852
10759,41853
10759,41854
10759,41855
10759,41856
10759,41857
10759,41858
10759,41859
10759,41860
10759,41861
10759,41862
10759,41863
10759,41864
10759,41865
10759,41866
10759,41867
10759,41868
10759,41869
10759,41870
10759,41871
10759,41872
10759,41873
10759,41874
10759,41875
10759,41876
10759,41877
10759,41878
10759,41879
10759,41880
10759,41881
10759,41882
10759,41883
10759,41884
10759,41885
10759,41886
10759,41887
10759,41888
10759,41889
10759,41890
10759,41891
10759,41892
10759,41893
10759,41894
10759,41895
10759,41896
10759,41897
10759,41898
10759,41899
10759,41900
10759,41901
10759,41902
10759,41903
10759,41904
10759,41905
10759,41906
10759,41907
10759,41908
10759,41909
10759,41910
10759,41911
10759,41912
10759,41913
10759,41914
10759,41915
10759,41916
10759,41917
10759,41918
10759,41919
10759,41920
10759,41921
10759,41922
10759,41923
10759,41924
10759,41925
10759,41926
10759,41927
10759,41928
10759,41929
10760,41755
10760,41756
10760,41757
10760,41758
10760,41759
10760,41760
10760,41761
10760,41762
10760,41763
10760,41764
10760,41765
10760,41766
10760,41767
10760,41768
10760,41769
10760,41770
10760,41771
10760,41772
10760,41773
10760,41774
10760,41775
10760,41776
10760,41777
10760,41778
10760,41779
10760,41780
10760,41781
10760,41782
10760,41783
10760,41784
10760,41785
10760,41786
10760,41787
10760,41788
10760,41789
10760,41790
10760,41791
10760,41792
10760,41793
10760,41794
10760,41795
10760,41796
10760,41797
10760,41798
10760,41799
10760,41800
10760,41801
10760,41802
10760,41803
10760,41804
10760,41805
10760,41806
10760,41807
10760,41808
10760,41809
10760,41810
10760,41811
10760,41812
10760,41813
10760,41814
10760,41815
10760,41816
10760,41817
10760,41818
10760,41819
10760,41820
10760,41821
10760,41822
10760,41823
10760,41824
10760,41825
10760,41826
10760,41827
10760,41828
10760,41829
10760,41830
10760,41831
10760,41832
10760,41833
10760,41834
10760,41835
10760,41836
10760,41837
10760,41838
10760,41839
10760,41840
10760,41841
10760,41842
10760,41843
10760,41844
10760,41845
10760,41846
10760,41847
10760,41848
10760,41849
10760,41850
10760,41851
10760,41852
10760,41853
10760,41854
10760,41855
10760,41856
10760,41857
10760,41858
10760,41859
10760,41860
10760,41861
10760,41862
10760,41863
10760,41864
10760,41865
10760,41866
10760,41867
10760,41868
10760,41869
10760,41870
10760,41871
10760,41872
10760,41873
10760,41874
10760,41875
10760,41876
10760,41877
10760,41878
10760,41879
10760,41880
10760,41881
10760,41882
10760,41883
10760,41884
10760,41885
10760,41886
10760,41887
10760,41888
10760,41889
10760,41890
10760,41891
10760,41892
10760,41893
10760,41894
10760,41895
10760,41896
10760,41897
10760,41898
10760,41899
10760,41900
10760,41901
10760,41902
10760,41903
10760,41904
10760,41905
10760,41906
10760,41907
10760,41908
10760,41909
10760,41910
10760,41911
10760,41912
10760,41913
10760,41914
10760,41915
10760,41916
10760,41917
10760,41918
10760,41919
10760,41920
10760,41921
10760,41922
10760,41923
10760,41924
10760,41925
10760,41926
10760,41927
10760,41928
10760,41929
10761,41754
10761,41755
10761,41756
10761,41757
10761,41758
10761,41759
10761,41760
10761,41761
10761,41762
10761,41763
10761,41764
10761,41765
10761,41766
10761,41767
10761,41768
10761,41769
10761,41770
10761,41771
10761,41772
10761,41773
10761,41774
10761,41775
10761,41776
10761,41777
10761,41778
10761,41779
10761,41780
10761,41781
10761,41782
10761,41783
10761,41784
10761,41785
10761,41786
10761,41787
10761,41788
10761,41789
10761,41790
10761,41791
10761,41792
10761,41793
10761,41794
10761,41795
10761,41796
10761,41797
10761,41798
10761,41799
10761,41800
10761,41801
10761,41802
10761,41803
10761,41804
10761,41805
10761,41806
10761,41807
10761,41808
10761,41809
10761,41810
10761,41811
10761,41812
10761,41813
10761,41814
10761,41815
10761,41816
10761,41817
10761,41818
10761,41819
10761,41820
10761,41821
10761,41822
10761,41823
10761,41824
10761,41825
10761,41826
10761,41827
10761,41828
10761,41829
10761,41830
10761,41831
10761,41832
10761,41833
10761,41834
10761,41835
10761,41836
10761,41837
10761,41838
10761,41839
10761,41840
10761,41841
10761,41842
10761,41843
10761,41844
10761,41845
10761,41846
10761,41847
10761,41848
10761,41849
10761,41850
10761,41851
10761,41852
10761,41853
10761,41854
10761,41855
10761,41856
10761,41857
10761,41858
10761,41859
10761,41860
10761,41861
10761,41862
10761,41863
10761,41864
10761,41865
10761,41866
10761,41867
10761,41868
10761,41869
10761,41870
10761,41871
10761,41872
10761,41873
10761,41874
10761,41875
10761,41876
10761,41877
10761,41878
10761,41879
10761,41880
10761,41881
10761,41882
10761,41883
10761,41884
10761,41885
10761,41886
10761,41887
10761,41888
10761,41889
10761,41890
10761,41891
10761,41892
10761,41893
10761,41894
10761,41895
10761,41896
10761,41897
10761,41898
10761,41899
10761,41900
10761,41901
10761,41902
10761,41903
10761,41904
10761,41905
10761,41906
10761,41907
10761,41908
10761,41909
10761,41910
10761,41911
10761,41912
10761,41913
10761,41914
10761,41915
10761,41916
10761,41917
10761,41918
10761,41919
10761,41920
10761,41921
10761,41922
10761,41923
10761,41924
10761,41925
10761,41926
10761,41927
10761,41928
10762,41754
10762,41755
10762,41756
10762,41757
10762,41758
10762,41759
10762,41760
10762,41761
10762,41762
10762,41763
10762,41764
10762,41765
10762,41766
10762,41767
10762,41768
10762,41769
10762,41770
10762,41771
10762,41772
10762,41773
10762,41774
10762,41775
10762,41776
10762,41777
10762,41778
10762,41779
10762,41780
10762,41781
10762,41782
10762,41783
10762,41784
10762,41785
10762,41786
10762,41787
10762,41788
10762,41789
10762,41790
10762,41791
10762,41792
10762,41793
10762,41794
10762,41795
10762,41796
10762,41797
10762,41798
10762,41799
10762,41800
10762,41801
10762,41802
10762,41803
10762,41804
10762,41805
10762,41806
10762,41807
10762,41808
10762,41809
10762,41810
10762,41811
10762,41812
10762,41813
10762,41814
10762,41815
10762,41816
10762,41817
10762,41818
10762,41819
10762,41820
10762,41821
10762,41822
10762,41823
10762,41824
10762,41825
10762,41826
10762,41827
10762,41828
10762,41829
10762,41830
10762,41831
10762,41832
10762,41833
10762,41834
10762,41835
10762,41836
10762,41837
10762,41838
10762,41839
10762,41840
10762,41841
10762,41842
10762,41843
10762,41844
10762,41845
10762,41846
10762,41847
10762,41848
10762,41849
10762,41850
10762,41851
10762,41852
10762,41853
10762,41854
10762,41855
10762,41856
10762,41857
10762,41858
10762,41859
10762,41860
10762,41861
10762,41862
10762,41863
10762,41864
10762,41865
10762,41866
10762,41867
10762,41868
10762,41869
10762,41870
10762,41871
10762,41872
10762,41873
10762,41874
10762,41875
10762,41876
10762,41877
10762,41878
10762,41879
10762,41880
10762,41881
10762,41882
10762,41883
10762,41884
10762,41885
10762,41886
10762,41887
10762,41888
10762,41889
10762,41890
10762,41891
10762,41892
10762,41893
10762,41894
10762,41895
10762,41896
10762,41897
10762,41898
10762,41899
10762,41900
10762,41901
10762,41902
10762,41903
10762,41904
10762,41905
10762,41906
10762,41907
10762,41908
10762,41909
10762,41910
10762,41911
10762,41912
10762,41913
10762,41914
10762,41915
10762,41916
10762,41917
10762,41918
10762,41919
10762,41920
10762,41921
10762,41922
10762,41923
10762,41924
10762,41925
10762,41926
10762,41927
10763,41752
10763,41753
10763,41754
10763,41755
10763,41756
10763,41757
10763,41758
10763,41759
10763,41760
10763,41761
10763,41762
10763,41763
10763,41764
10763,41765
10763,41766
10763,41767
10763,41768
10763,41769
10763,41770
10763,41771
10763,41772
10763,41773
10763,41774
10763,41775
10763,41776
10763,41777
10763,41778
10763,41779
10763,41780
10763,41781
10763,41782
10763,41783
10763,41784
10763,41785
10763,41786
10763,41787
10763,41788
10763,41789
10763,41790
10763,41791
10763,41792
10763,41793
10763,41794
10763,41795
10763,41796
10763,41797
10763,41798
10763,41799
10763,41800
10763,41801
10763,41802
10763,41803
10763,41804
10763,41805
10763,41806
10763,41807
10763,41808
10763,41809
10763,41810
10763,41811
10763,41812
10763,41813
10763,41814
10763,41815
10763,41816
10763,41817
10763,41818
10763,41819
10763,41820
10763,41821
10763,41822
10763,41823
10763,41824
10763,41825
10763,41826
10763,41827
10763,41828
10763,41829
10763,41830
10763,41831
10763,41832
10763,41833
10763,41834
10763,41835
10763,41836
10763,41837
10763,41838
10763,41839
10763,41840
10763,41841
10763,41842
10763,41843
10763,41844
10763,41845
10763,41846
10763,41847
10763,41848
10763,41849
10763,41850
10763,41851
10763,41852
10763,41853
10763,41854
10763,41855
10763,41856
10763,41857
10763,41858
10763,41859
10763,41860
10763,41861
10763,41862
10763,41863
10763,41864
10763,41865
10763,41866
10763,41867
10763,41868
10763,41869
10763,41870
10763,41871
10763,41872
10763,41873
10763,41874
10763,41875
10763,41876
10763,41877
10763,41878
10763,41879
10763,41880
10763,41881
10763,41882
10763,41883
10763,41884
10763,41885
10763,41886
10763,41887
10763,41888
10763,41889
10763,41890
10763,41891
10763,41892
10763,41893
10763,41894
10763,41895
10763,41896
10763,41897
10763,41898
10763,41899
10763,41900
10763,41901
10763,41902
10763,41903
10763,41904
10763,41905
10763,41906
10763,41907
10763,41908
10763,41909
10763,41910
10763,41911
10763,41912
10763,41913
10763,41914
10763,41915
10763,41916
10763,41917
10763,41918
10763,41919
10763,41920
10763,41921
10763,41922
10763,41923
10763,41924
10763,41925
10763,41926
10763,41927
10764,41751
10764,41752
10764,41753
10764,41754
10764,41755
10764,41756
10764,41757
10764,41758
10764,41759
10764,41760
10764,41761
10764,41762
10764,41763
10764,41764
10764,41765
10764,41766
10764,41767
10764,41768
10764,41769
10764,41770
10764,41771
10764,41772
10764,41773
10764,41774
10764,41775
10764,41776
10764,41777
10764,41778
10764,41779
10764,41780
10764,41781
10764,41782
10764,41783
10764,41784
10764,41785
10764,41786
10764,41787
10764,41788
10764,41789
10764,41790
10764,41791
10764,41792
10764,41793
10764,41794
10764,41795
10764,41796
10764,41797
10764,41798
10764,41799
10764,41800
10764,41801
10764,41802
10764,41803
10764,41804
10764,41805
10764,41806
10764,41807
10764,41808
10764,41809
10764,41810
10764,41811
10764,41812
10764,41813
10764,41814
10764,41815
10764,41816
10764,41817
10764,41818
10764,41819
10764,41820
10764,41821
10764,41822
10764,41823
10764,41824
10764,41825
10764,41826
10764,41827
10764,41828
10764,41829
10764,41830
10764,41831
10764,41832
10764,41833
10764,41834
10764,41835
10764,41836
10764,41837
10764,41838
10764,41839
10764,41840
10764,41841
10764,41842
10764,41843
10764,41844
10764,41845
10764,41846
10764,41847
10764,41848
10764,41849
10764,41850
10764,41851
10764,41852
10764,41853
10764,41854
10764,41855
10764,41856
10764,41857
10764,41858
10764,41859
10764,41860
10764,41861
10764,41862
10764,41863
10764,41864
10764,41865
10764,41866
10764,41867
10764,41868
10764,41869
10764,41870
10764,41871
10764,41872
10764,41873
10764,41874
10764,41875
10764,41876
10764,41877
10764,41878
10764,41879
10764,41880
10764,41881
10764,41882
10764,41883
10764,41884
10764,41885
10764,41886
10764,41887
10764,41888
10764,41889
10764,41890
10764,41891
10764,41892
10764,41893
10764,41894
10764,41895
10764,41896
10764,41897
10764,41898
10764,41899
10764,41900
10764,41901
10764,41902
10764,41903
10764,41904
10764,41905
10764,41906
10764,41907
10764,41908
10764,41909
10764,41910
10764,41911
10764,41912
10764,41913
10764,41914
10764,41915
10764,41916
10764,41917
10764,41918
10764,41919
10764,41920
10764,41921
10764,41922
10764,41923
10764,41924
10764,41925
10764,41926
10765,41750
10765,41751
10765,41752
10765,41753
10765,41754
10765,41755
10765,41756
10765,41757
10765,41758
10765,41759
10765,41760
10765,41761
10765,41762
10765,41763
10765,41764
10765,41765
10765,41766
10765,41767
10765,41768
10765,41769
10765,41770
10765,41771
10765,41772
10765,41773
10765,41774
10765,41775
10765,41776
10765,41777
10765,41778
10765,41779
10765,41780
10765,41781
10765,41782
10765,41783
10765,41784
10765,41785
10765,41786
10765,41787
10765,41788
10765,41789
10765,41790
10765,41791
10765,41792
10765,41793
10765,41794
10765,41795
10765,41796
10765,41797
10765,41798
10765,41799
10765,41800
10765,41801
10765,41802
10765,41803
10765,41804
10765,41805
10765,41806
10765,41807
10765,41808
10765,41809
10765,41810
10765,41811
10765,41812
10765,41813
10765,41814
10765,41815
10765,41816
10765,41817
10765,41818
10765,41819
10765,41820
10765,41821
10765,41822
10765,41823
10765,41824
10765,41825
10765,41826
10765,41827
10765,41828
10765,41829
10765,41830
10765,41831
10765,41832
10765,41833
10765,41834
10765,41835
10765,41836
10765,41837
10765,41838
10765,41839
10765,41840
10765,41841
10765,41842
10765,41843
10765,41844
10765,41845
10765,41846
10765,41847
10765,41848
10765,41849
10765,41850
10765,41851
10765,41852
10765,41853
10765,41854
10765,41855
10765,41856
10765,41857
10765,41858
10765,41859
10765,41860
10765,41861
10765,41862
10765,41863
10765,41864
10765,41865
10765,41866
10765,41867
10765,41868
10765,41869
10765,41870
10765,41871
10765,41872
10765,41873
10765,41874
10765,41875
10765,41876
10765,41877
10765,41878
10765,41879
10765,41880
10765,41881
10765,41882
10765,41883
10765,41884
10765,41885
10765,41886
10765,41887
10765,41888
10765,41889
10765,41890
10765,41891
10765,41892
10765,41893
10765,41894
10765,41895
10765,41896
10765,41897
10765,41898
10765,41899
10765,41900
10765,41901
10765,41902
10765,41903
10765,41904
10765,41905
10765,41906
10765,41907
10765,41908
10765,41909
10765,41910
10765,41911
10765,41912
10765,41913
10765,41914
10765,41915
10765,41916
10765,41917
10765,41918
10765,41919
10765,41920
10765,41921
10765,41922
10765,41923
10765,41924
10765,41925
10765,41926
10766,41750
10766,41751
10766,41752
10766,41753
10766,41754
10766,41755
10766,41756
10766,41757
10766,41758
10766,41759
10766,41760
10766,41761
10766,41762
10766,41763
10766,41764
10766,41765
10766,41766
10766,41767
10766,41768
10766,41769
10766,41770
10766,41771
10766,41772
10766,41773
10766,41774
10766,41775
10766,41776
10766,41777
10766,41778
10766,41779
10766,41780
10766,41781
10766,41782
10766,41783
10766,41784
10766,41785
10766,41786
10766,41787
10766,41788
10766,41789
10766,41790
10766,41791
10766,41792
10766,41793
10766,41794
10766,41795
10766,41796
10766,41797
10766,41798
10766,41799
10766,41800
10766,41801
10766,41802
10766,41803
10766,41804
10766,41805
10766,41806
10766,41807
10766,41808
10766,41809
10766,41810
10766,41811
10766,41812
10766,41813
10766,41814
10766,41815
10766,41816
10766,41817
10766,41818
10766,41819
10766,41820
10766,41821
10766,41822
10766,41823
10766,41824
10766,41825
10766,41826
10766,41827
10766,41828
10766,41829
10766,41830
10766,41831
10766,41832
10766,41833
10766,41834
10766,41835
10766,41836
10766,41837
10766,41838
10766,41839
10766,41840
10766,41841
10766,41842
10766,41843
10766,41844
10766,41845
10766,41846
10766,41847
10766,41848
10766,41849
10766,41850
10766,41851
10766,41852
10766,41853
10766,41854
10766,41855
10766,41856
10766,41857
10766,41858
10766,41859
10766,41860
10766,41861
10766,41862
10766,41863
10766,41864
10766,41865
10766,41866
10766,41867
10766,41868
10766,41869
10766,41870
10766,41871
10766,41872
10766,41873
10766,41874
10766,41875
10766,41876
10766,41877
10766,41878
10766,41879
10766,41880
10766,41881
10766,41882
10766,41883
10766,41884
10766,41885
10766,41886
10766,41887
10766,41888
10766,41889
10766,41890
10766,41891
10766,41892
10766,41893
10766,41894
10766,41895
10766,41896
10766,41897
10766,41898
10766,41899
10766,41900
10766,41901
10766,41902
10766,41903
10766,41904
10766,41905
10766,41906
10766,41907
10766,41908
10766,41909
10766,41910
10766,41911
10766,41912
10766,41913
10766,41914
10766,41915
10766,41916
10766,41917
10766,41918
10766,41919
10766,41920
10766,41921
10766,41922
10766,41923
10766,41924
10766,41925
10766,41926
10766,41927
10767,41749
10767,41750
10767,41751
10767,41752
10767,41753
10767,41754
10767,41755
10767,41756
10767,41757
10767,41758
10767,41759
10767,41760
10767,41761
10767,41762
10767,41763
10767,41764
10767,41765
10767,41766
10767,41767
10767,41768
10767,41769
10767,41770
10767,41771
10767,41772
10767,41773
10767,41774
10767,41775
10767,41776
10767,41777
10767,41778
10767,41779
10767,41780
10767,41781
10767,41782
10767,41783
10767,41784
10767,41785
10767,41786
10767,41787
10767,41788
10767,41789
10767,41790
10767,41791
10767,41792
10767,41793
10767,41794
10767,41795
10767,41796
10767,41797
10767,41798
10767,41799
10767,41800
10767,41801
10767,41802
10767,41803
10767,41804
10767,41805
10767,41806
10767,41807
10767,41808
10767,41809
10767,41810
10767,41811
10767,41812
10767,41813
10767,41814
10767,41815
10767,41816
10767,41817
10767,41818
10767,41819
10767,41820
10767,41821
10767,41822
10767,41823
10767,41824
10767,41825
10767,41826
10767,41827
10767,41828
10767,41829
10767,41830
10767,41831
10767,41832
10767,41833
10767,41834
10767,41835
10767,41836
10767,41837
10767,41838
10767,41839
10767,41840
10767,41841
10767,41842
10767,41843
10767,41844
10767,41845
10767,41846
10767,41847
10767,41848
10767,41849
10767,41850
10767,41851
10767,41852
10767,41853
10767,41854
10767,41855
10767,41856
10767,41857
10767,41858
10767,41859
10767,41860
10767,41861
10767,41862
10767,41863
10767,41864
10767,41865
10767,41866
10767,41867
10767,41868
10767,41869
10767,41870
10767,41871
10767,41872
10767,41873
10767,41874
10767,41875
10767,41876
10767,41877
10767,41878
10767,41879
10767,41880
10767,41881
10767,41882
10767,41883
10767,41884
10767,41885
10767,41886
10767,41887
10767,41888
10767,41889
10767,41890
10767,41891
10767,41892
10767,41893
10767,41894
10767,41895
10767,41896
10767,41897
10767,41898
10767,41899
10767,41900
10767,41901
10767,41902
10767,41903
10767,41904
10767,41905
10767,41906
10767,41907
10767,41908
10767,41909
10767,41910
10767,41911
10767,41912
10767,41913
10767,41914
10767,41915
10767,41916
10767,41917
10767,41918
10767,41919
10767,41920
10767,41921
10767,41922
10767,41923
10767,41924
10767,41925
10767,41926
10767,41927
10768,41747
10768,41748
10768,41749
10768,41750
10768,41751
10768,41752
10768,41753
10768,41754
10768,41755
10768,41756
10768,41757
10768,41758
10768,41759
10768,41760
10768,41761
10768,41762
10768,41763
10768,41764
10768,41765
10768,41766
10768,41767
10768,41768
10768,41769
10768,41770
10768,41771
10768,41772
10768,41773
10768,41774
10768,41775
10768,41776
10768,41777
10768,41778
10768,41779
10768,41780
10768,41781
10768,41782
10768,41783
10768,41784
10768,41785
10768,41786
10768,41787
10768,41788
10768,41789
10768,41790
10768,41791
10768,41792
10768,41793
10768,41794
10768,41795
10768,41796
10768,41797
10768,41798
10768,41799
10768,41800
10768,41801
10768,41802
10768,41803
10768,41804
10768,41805
10768,41806
10768,41807
10768,41808
10768,41809
10768,41810
10768,41811
10768,41812
10768,41813
10768,41814
10768,41815
10768,41816
10768,41817
10768,41818
10768,41819
10768,41820
10768,41821
10768,41822
10768,41823
10768,41824
10768,41825
10768,41826
10768,41827
10768,41828
10768,41829
10768,41830
10768,41831
10768,41832
10768,41833
10768,41834
10768,41835
10768,41836
10768,41837
10768,41838
10768,41839
10768,41840
10768,41841
10768,41842
10768,41843
10768,41844
10768,41845
10768,41846
10768,41847
10768,41848
10768,41849
10768,41850
10768,41851
10768,41852
10768,41853
10768,41854
10768,41855
10768,41856
10768,41857
10768,41858
10768,41859
10768,41860
10768,41861
10768,41862
10768,41863
10768,41864
10768,41865
10768,41866
10768,41867
10768,41868
10768,41869
10768,41870
10768,41871
10768,41872
10768,41873
10768,41874
10768,41875
10768,41876
10768,41877
10768,41878
10768,41879
10768,41880
10768,41881
10768,41882
10768,41883
10768,41884
10768,41885
10768,41886
10768,41887
10768,41888
10768,41889
10768,41890
10768,41891
10768,41892
10768,41893
10768,41894
10768,41895
10768,41896
10768,41897
10768,41898
10768,41899
10768,41900
10768,41901
10768,41902
10768,41903
10768,41904
10768,41905
10768,41906
10768,41907
10768,41908
10768,41909
10768,41910
10768,41911
10768,41912
10768,41913
10768,41914
10768,41915
10768,41916
10768,41917
10768,41918
10768,41919
10768,41920
10768,41921
10768,41922
10768,41923
10768,41924
10768,41925
10768,41926
10768,41927
10769,41745
10769,41746
10769,41747
10769,41748
10769,41749
10769,41750
10769,41751
10769,41752
10769,41753
10769,41754
10769,41755
10769,41756
10769,41757
10769,41758
10769,41759
10769,41760
10769,41761
10769,41762
10769,41763
10769,41764
10769,41765
10769,41766
10769,41767
10769,41768
10769,41769
10769,41770
10769,41771
10769,41772
10769,41773
10769,41774
10769,41775
10769,41776
10769,41777
10769,41778
10769,41779
10769,41780
10769,41781
10769,41782
10769,41783
10769,41784
10769,41785
10769,41786
10769,41787
10769,41788
10769,41789
10769,41790
10769,41791
10769,41792
10769,41793
10769,41794
10769,41795
10769,41796
10769,41797
10769,41798
10769,41799
10769,41800
10769,41801
10769,41802
10769,41803
10769,41804
10769,41805
10769,41806
10769,41807
10769,41808
10769,41809
10769,41810
10769,41811
10769,41812
10769,41813
10769,41814
10769,41815
10769,41816
10769,41817
10769,41818
10769,41819
10769,41820
10769,41821
10769,41822
10769,41823
10769,41824
10769,41825
10769,41826
10769,41827
10769,41828
10769,41829
10769,41830
10769,41831
10769,41832
10769,41833
10769,41834
10769,41835
10769,41836
10769,41837
10769,41838
10769,41839
10769,41840
10769,41841
10769,41842
10769,41843
10769,41844
10769,41845
10769,41846
10769,41847
10769,41848
10769,41849
10769,41850
10769,41851
10769,41852
10769,41853
10769,41854
10769,41855
10769,41856
10769,41857
10769,41858
10769,41859
10769,41860
10769,41861
10769,41862
10769,41863
10769,41864
10769,41865
10769,41866
10769,41867
10769,41868
10769,41869
10769,41870
10769,41871
10769,41872
10769,41873
10769,41874
10769,41875
10769,41876
10769,41877
10769,41878
10769,41879
10769,41880
10769,41881
10769,41882
10769,41883
10769,41884
10769,41885
10769,41886
10769,41887
10769,41888
10769,41889
10769,41890
10769,41891
10769,41892
10769,41893
10769,41894
10769,41895
10769,41896
10769,41897
10769,41898
10769,41899
10769,41900
10769,41901
10769,41902
10769,41903
10769,41904
10769,41905
10769,41906
10769,41907
10769,41908
10769,41909
10769,41910
10769,41911
10769,41912
10769,41913
10769,41914
10769,41915
10769,41916
10769,41917
10769,41918
10769,41919
10769,41920
10769,41921
10769,41922
10769,41923
10769,41924
10769,41925
10769,41926
10770,41744
10770,41745
10770,41746
10770,41747
10770,41748
10770,41749
10770,41750
10770,41751
10770,41752
10770,41753
10770,41754
10770,41755
10770,41756
10770,41757
10770,41758
10770,41759
10770,41760
10770,41761
10770,41762
10770,41763
10770,41764
10770,41765
10770,41766
10770,41767
10770,41768
10770,41769
10770,41770
10770,41771
10770,41772
10770,41773
10770,41774
10770,41775
10770,41776
10770,41777
10770,41778
10770,41779
10770,41780
10770,41781
10770,41782
10770,41783
10770,41784
10770,41785
10770,41786
10770,41787
10770,41788
10770,41789
10770,41790
10770,41791
10770,41792
10770,41793
10770,41794
10770,41795
10770,41796
10770,41797
10770,41798
10770,41799
10770,41800
10770,41801
10770,41802
10770,41803
10770,41804
10770,41805
10770,41806
10770,41807
10770,41808
10770,41809
10770,41810
10770,41811
10770,41812
10770,41813
10770,41814
10770,41815
10770,41816
10770,41817
10770,41818
10770,41819
10770,41820
10770,41821
10770,41822
10770,41823
10770,41824
10770,41825
10770,41826
10770,41827
10770,41828
10770,41829
10770,41830
10770,41831
10770,41832
10770,41833
10770,41834
10770,41835
10770,41836
10770,41837
10770,41838
10770,41839
10770,41840
10770,41841
10770,41842
10770,41843
10770,41844
10770,41845
10770,41846
10770,41847
10770,41848
10770,41849
10770,41850
10770,41851
10770,41852
10770,41853
10770,41854
10770,41855
10770,41856
10770,41857
10770,41858
10770,41859
10770,41860
10770,41861
10770,41862
10770,41863
10770,41864
10770,41865
10770,41866
10770,41867
10770,41868
10770,41869
10770,41870
10770,41871
10770,41872
10770,41873
10770,41874
10770,41875
10770,41876
10770,41877
10770,41878
10770,41879
10770,41880
10770,41881
10770,41882
10770,41883
10770,41884
10770,41885
10770,41886
10770,41887
10770,41888
10770,41889
10770,41890
10770,41891
10770,41892
10770,41893
10770,41894
10770,41895
10770,41896
10770,41897
10770,41898
10770,41899
10770,41900
10770,41901
10770,41902
10770,41903
10770,41904
10770,41905
10770,41906
10770,41907
10770,41908
10770,41909
10770,41910
10770,41911
10770,41912
10770,41913
10770,41914
10770,41915
10770,41916
10770,41917
10770,41918
10770,41919
10770,41920
10770,41921
10770,41922
10770,41923
10770,41924
10770,41925
10770,41926
10770,41927
10771,41743
10771,41744
10771,41745
10771,41746
10771,41747
10771,41748
10771,41749
10771,41750
10771,41751
10771,41752
10771,41753
10771,41754
10771,41755
10771,41756
10771,41757
10771,41758
10771,41759
10771,41760
10771,41761
10771,41762
10771,41763
10771,41764
10771,41765
10771,41766
10771,41767
10771,41768
10771,41769
10771,41770
10771,41771
10771,41772
10771,41773
10771,41774
10771,41775
10771,41776
10771,41777
10771,41778
10771,41779
10771,41780
10771,41781
10771,41782
10771,41783
10771,41784
10771,41785
10771,41786
10771,41787
10771,41788
10771,41789
10771,41790
10771,41791
10771,41792
10771,41793
10771,41794
10771,41795
10771,41796
10771,41797
10771,41798
10771,41799
10771,41800
10771,41801
10771,41802
10771,41803
10771,41804
10771,41805
10771,41806
10771,41807
10771,41808
10771,41809
10771,41810
10771,41811
10771,41812
10771,41813
10771,41814
10771,41815
10771,41816
10771,41817
10771,41818
10771,41819
10771,41820
10771,41821
10771,41822
10771,41823
10771,41824
10771,41825
10771,41826
10771,41827
10771,41828
10771,41829
10771,41830
10771,41831
10771,41832
10771,41833
10771,41834
10771,41835
10771,41836
10771,41837
10771,41838
10771,41839
10771,41840
10771,41841
10771,41842
10771,41843
10771,41844
10771,41845
10771,41846
10771,41847
10771,41848
10771,41849
10771,41850
10771,41851
10771,41852
10771,41853
10771,41854
10771,41855
10771,41856
10771,41857
10771,41858
10771,41859
10771,41860
10771,41861
10771,41862
10771,41863
10771,41864
10771,41865
10771,41866
10771,41867
10771,41868
10771,41869
10771,41870
10771,41871
10771,41872
10771,41873
10771,41874
10771,41875
10771,41876
10771,41877
10771,41878
10771,41879
10771,41880
10771,41881
10771,41882
10771,41883
10771,41884
10771,41885
10771,41886
10771,41887
10771,41888
10771,41889
10771,41890
10771,41891
10771,41892
10771,41893
10771,41894
10771,41895
10771,41896
10771,41897
10771,41898
10771,41899
10771,41900
10771,41901
10771,41902
10771,41903
10771,41904
10771,41905
10771,41906
10771,41907
10771,41908
10771,41909
10771,41910
10771,41911
10771,41912
10771,41913
10771,41914
10771,41915
10771,41916
10771,41917
10771,41918
10771,41919
10771,41920
10771,41921
10771,41922
10771,41923
10771,41924
10771,41925
10771,41926
10772,41741
10772,41742
10772,41743
10772,41744
10772,41745
10772,41746
10772,41747
10772,41748
10772,41749
10772,41750
10772,41751
10772,41752
10772,41753
10772,41754
10772,41755
10772,41756
10772,41757
10772,41758
10772,41759
10772,41760
10772,41761
10772,41762
10772,41763
10772,41764
10772,41765
10772,41766
10772,41767
10772,41768
10772,41769
10772,41770
10772,41771
10772,41772
10772,41773
10772,41774
10772,41775
10772,41776
10772,41777
10772,41778
10772,41779
10772,41780
10772,41781
10772,41782
10772,41783
10772,41784
10772,41785
10772,41786
10772,41787
10772,41788
10772,41789
10772,41790
10772,41791
10772,41792
10772,41793
10772,41794
10772,41795
10772,41796
10772,41797
10772,41798
10772,41799
10772,41800
10772,41801
10772,41802
10772,41803
10772,41804
10772,41805
10772,41806
10772,41807
10772,41808
10772,41809
10772,41810
10772,41811
10772,41812
10772,41813
10772,41814
10772,41815
10772,41816
10772,41817
10772,41818
10772,41819
10772,41820
10772,41821
10772,41822
10772,41823
10772,41824
10772,41825
10772,41826
10772,41827
10772,41828
10772,41829
10772,41830
10772,41831
10772,41832
10772,41833
10772,41834
10772,41835
10772,41836
10772,41837
10772,41838
10772,41839
10772,41840
10772,41841
10772,41842
10772,41843
10772,41844
10772,41845
10772,41846
10772,41847
10772,41848
10772,41849
10772,41850
10772,41851
10772,41852
10772,41853
10772,41854
10772,41855
10772,41856
10772,41857
10772,41858
10772,41859
10772,41860
10772,41861
10772,41862
10772,41863
10772,41864
10772,41865
10772,41866
10772,41867
10772,41868
10772,41869
10772,41870
10772,41871
10772,41872
10772,41873
10772,41874
10772,41875
10772,41876
10772,41877
10772,41878
10772,41879
10772,41880
10772,41881
10772,41882
10772,41883
10772,41884
10772,41885
10772,41886
10772,41887
10772,41888
10772,41889
10772,41890
10772,41891
10772,41892
10772,41893
10772,41894
10772,41895
10772,41896
10772,41897
10772,41898
10772,41899
10772,41900
10772,41901
10772,41902
10772,41903
10772,41904
10772,41905
10772,41906
10772,41907
10772,41908
10772,41909
10772,41910
10772,41911
10772,41912
10772,41913
10772,41914
10772,41915
10772,41916
10772,41917
10772,41918
10772,41919
10772,41920
10772,41921
10772,41922
10772,41923
10772,41924
10772,41925
10772,41926
10773,41739
10773,41740
10773,41741
10773,41742
10773,41743
10773,41744
10773,41745
10773,41746
10773,41747
10773,41748
10773,41749
10773,41750
10773,41751
10773,41752
10773,41753
10773,41754
10773,41755
10773,41756
10773,41757
10773,41758
10773,41759
10773,41760
10773,41761
10773,41762
10773,41763
10773,41764
10773,41765
10773,41766
10773,41767
10773,41768
10773,41769
10773,41770
10773,41771
10773,41772
10773,41773
10773,41774
10773,41775
10773,41776
10773,41777
10773,41778
10773,41779
10773,41780
10773,41781
10773,41782
10773,41783
10773,41784
10773,41785
10773,41786
10773,41787
10773,41788
10773,41789
10773,41790
10773,41791
10773,41792
10773,41793
10773,41794
10773,41795
10773,41796
10773,41797
10773,41798
10773,41799
10773,41800
10773,41801
10773,41802
10773,41803
10773,41804
10773,41805
10773,41806
10773,41807
10773,41808
10773,41809
10773,41810
10773,41811
10773,41812
10773,41813
10773,41814
10773,41815
10773,41816
10773,41817
10773,41818
10773,41819
10773,41820
10773,41821
10773,41822
10773,41823
10773,41824
10773,41825
10773,41826
10773,41827
10773,41828
10773,41829
10773,41830
10773,41831
10773,41832
10773,41833
10773,41834
10773,41835
10773,41836
10773,41837
10773,41838
10773,41839
10773,41840
10773,41841
10773,41842
10773,41843
10773,41844
10773,41845
10773,41846
10773,41847
10773,41848
10773,41849
10773,41850
10773,41851
10773,41852
10773,41853
10773,41854
10773,41855
10773,41856
10773,41857
10773,41858
10773,41859
10773,41860
10773,41861
10773,41862
10773,41863
10773,41864
10773,41865
10773,41866
10773,41867
10773,41868
10773,41869
10773,41870
10773,41871
10773,41872
10773,41873
10773,41874
10773,41875
10773,41876
10773,41877
10773,41878
10773,41879
10773,41880
10773,41881
10773,41882
10773,41883
10773,41884
10773,41885
10773,41886
10773,41887
10773,41888
10773,41889
10773,41890
10773,41891
10773,41892
10773,41893
10773,41894
10773,41895
10773,41896
10773,41897
10773,41898
10773,41899
10773,41900
10773,41901
10773,41902
10773,41903
10773,41904
10773,41905
10773,41906
10773,41907
10773,41908
10773,41909
10773,41910
10773,41911
10773,41912
10773,41913
10773,41914
10773,41915
10773,41916
10773,41917
10773,41918
10773,41919
10773,41920
10773,41921
10773,41922
10773,41923
10773,41924
10773,41925
10773,41926
10774,41738
10774,41739
10774,41740
10774,41741
10774,41742
10774,41743
10774,41744
10774,41745
10774,41746
10774,41747
10774,41748
10774,41749
10774,41750
10774,41751
10774,41752
10774,41753
10774,41754
10774,41755
10774,41756
10774,41757
10774,41758
10774,41759
10774,41760
10774,41761
10774,41762
10774,41763
10774,41764
10774,41765
10774,41766
10774,41767
10774,41768
10774,41769
10774,41770
10774,41771
10774,41772
10774,41773
10774,41774
10774,41775
10774,41776
10774,41777
10774,41778
10774,41779
10774,41780
10774,41781
10774,41782
10774,41783
10774,41784
10774,41785
10774,41786
10774,41787
10774,41788
10774,41789
10774,41790
10774,41791
10774,41792
10774,41793
10774,41794
10774,41795
10774,41796
10774,41797
10774,41798
10774,41799
10774,41800
10774,41801
10774,41802
10774,41803
10774,41804
10774,41805
10774,41806
10774,41807
10774,41808
10774,41809
10774,41810
10774,41811
10774,41812
10774,41813
10774,41814
10774,41815
10774,41816
10774,41817
10774,41818
10774,41819
10774,41820
10774,41821
10774,41822
10774,41823
10774,41824
10774,41825
10774,41826
10774,41827
10774,41828
10774,41829
10774,41830
10774,41831
10774,41832
10774,41833
10774,41834
10774,41835
10774,41836
10774,41837
10774,41838
10774,41839
10774,41840
10774,41841
10774,41842
10774,41843
10774,41844
10774,41845
10774,41846
10774,41847
10774,41848
10774,41849
10774,41850
10774,41851
10774,41852
10774,41853
10774,41854
10774,41855
10774,41856
10774,41857
10774,41858
10774,41859
10774,41860
10774,41861
10774,41862
10774,41863
10774,41864
10774,41865
10774,41866
10774,41867
10774,41868
10774,41869
10774,41870
10774,41871
10774,41872
10774,41873
10774,41874
10774,41875
10774,41876
10774,41877
10774,41878
10774,41879
10774,41880
10774,41881
10774,41882
10774,41883
10774,41884
10774,41885
10774,41886
10774,41887
10774,41888
10774,41889
10774,41890
10774,41891
10774,41892
10774,41893
10774,41894
10774,41895
10774,41896
10774,41897
10774,41898
10774,41899
10774,41900
10774,41901
10774,41902
10774,41903
10774,41904
10774,41905
10774,41906
10774,41907
10774,41908
10774,41909
10774,41910
10774,41911
10774,41912
10774,41913
10774,41914
10774,41915
10774,41916
10774,41917
10774,41918
10774,41919
10774,41920
10774,41921
10774,41922
10774,41923
10774,41924
10774,41925
10774,41926
10775,41737
10775,41738
10775,41739
10775,41740
10775,41741
10775,41742
10775,41743
10775,41744
10775,41745
10775,41746
10775,41747
10775,41748
10775,41749
10775,41750
10775,41751
10775,41752
10775,41753
10775,41754
10775,41755
10775,41756
10775,41757
10775,41758
10775,41759
10775,41760
10775,41761
10775,41762
10775,41763
10775,41764
10775,41765
10775,41766
10775,41767
10775,41768
10775,41769
10775,41770
10775,41771
10775,41772
10775,41773
10775,41774
10775,41775
10775,41776
10775,41777
10775,41778
10775,41779
10775,41780
10775,41781
10775,41782
10775,41783
10775,41784
10775,41785
10775,41786
10775,41787
10775,41788
10775,41789
10775,41790
10775,41791
10775,41792
10775,41793
10775,41794
10775,41795
10775,41796
10775,41797
10775,41798
10775,41799
10775,41800
10775,41801
10775,41802
10775,41803
10775,41804
10775,41805
10775,41806
10775,41807
10775,41808
10775,41809
10775,41810
10775,41811
10775,41812
10775,41813
10775,41814
10775,41815
10775,41816
10775,41817
10775,41818
10775,41819
10775,41820
10775,41821
10775,41822
10775,41823
10775,41824
10775,41825
10775,41826
10775,41827
10775,41828
10775,41829
10775,41830
10775,41831
10775,41832
10775,41833
10775,41834
10775,41835
10775,41836
10775,41837
10775,41838
10775,41839
10775,41840
10775,41841
10775,41842
10775,41843
10775,41844
10775,41845
10775,41846
10775,41847
10775,41848
10775,41849
10775,41850
10775,41851
10775,41852
10775,41853
10775,41854
10775,41855
10775,41856
10775,41857
10775,41858
10775,41859
10775,41860
10775,41861
10775,41862
10775,41863
10775,41864
10775,41865
10775,41866
10775,41867
10775,41868
10775,41869
10775,41870
10775,41871
10775,41872
10775,41873
10775,41874
10775,41875
10775,41876
10775,41877
10775,41878
10775,41879
10775,41880
10775,41881
10775,41882
10775,41883
10775,41884
10775,41885
10775,41886
10775,41887
10775,41888
10775,41889
10775,41890
10775,41891
10775,41892
10775,41893
10775,41894
10775,41895
10775,41896
10775,41897
10775,41898
10775,41899
10775,41900
10775,41901
10775,41902
10775,41903
10775,41904
10775,41905
10775,41906
10775,41907
10775,41908
10775,41909
10775,41910
10775,41911
10775,41912
10775,41913
10775,41914
10775,41915
10775,41916
10775,41917
10775,41918
10775,41919
10775,41920
10775,41921
10775,41922
10775,41923
10775,41924
10775,41925
10775,41926
10775,41927
10776,41737
10776,41738
10776,41739
10776,41740
10776,41741
10776,41742
10776,41743
10776,41744
10776,41745
10776,41746
10776,41747
10776,41748
10776,41749
10776,41750
10776,41751
10776,41752
10776,41753
10776,41754
10776,41755
10776,41756
10776,41757
10776,41758
10776,41759
10776,41760
10776,41761
10776,41762
10776,41763
10776,41764
10776,41765
10776,41766
10776,41767
10776,41768
10776,41769
10776,41770
10776,41771
10776,41772
10776,41773
10776,41774
10776,41775
10776,41776
10776,41777
10776,41778
10776,41779
10776,41780
10776,41781
10776,41782
10776,41783
10776,41784
10776,41785
10776,41786
10776,41787
10776,41788
10776,41789
10776,41790
10776,41791
10776,41792
10776,41793
10776,41794
10776,41795
10776,41796
10776,41797
10776,41798
10776,41799
10776,41800
10776,41801
10776,41802
10776,41803
10776,41804
10776,41805
10776,41806
10776,41807
10776,41808
10776,41809
10776,41810
10776,41811
10776,41812
10776,41813
10776,41814
10776,41815
10776,41816
10776,41817
10776,41818
10776,41819
10776,41820
10776,41821
10776,41822
10776,41823
10776,41824
10776,41825
10776,41826
10776,41827
10776,41828
10776,41829
10776,41830
10776,41831
10776,41832
10776,41833
10776,41834
10776,41835
10776,41836
10776,41837
10776,41838
10776,41839
10776,41840
10776,41841
10776,41842
10776,41843
10776,41844
10776,41845
10776,41846
10776,41847
10776,41848
10776,41849
10776,41850
10776,41851
10776,41852
10776,41853
10776,41854
10776,41855
10776,41856
10776,41857
10776,41858
10776,41859
10776,41860
10776,41861
10776,41862
10776,41863
10776,41864
10776,41865
10776,41866
10776,41867
10776,41868
10776,41869
10776,41870
10776,41871
10776,41872
10776,41873
10776,41874
10776,41875
10776,41876
10776,41877
10776,41878
10776,41879
10776,41880
10776,41881
10776,41882
10776,41883
10776,41884
10776,41885
10776,41886
10776,41887
10776,41888
10776,41889
10776,41890
10776,41891
10776,41892
10776,41893
10776,41894
10776,41895
10776,41896
10776,41897
10776,41898
10776,41899
10776,41900
10776,41901
10776,41902
10776,41903
10776,41904
10776,41905
10776,41906
10776,41907
10776,41908
10776,41909
10776,41910
10776,41911
10776,41912
10776,41913
10776,41914
10776,41915
10776,41916
10776,41917
10776,41918
10776,41919
10776,41920
10776,41921
10776,41922
10776,41923
10776,41924
10776,41925
10776,41926
10777,41736
10777,41737
10777,41738
10777,41739
10777,41740
10777,41741
10777,41742
10777,41743
10777,41744
10777,41745
10777,41746
10777,41747
10777,41748
10777,41749
10777,41750
10777,41751
10777,41752
10777,41753
10777,41754
10777,41755
10777,41756
10777,41757
10777,41758
10777,41759
10777,41760
10777,41761
10777,41762
10777,41763
10777,41764
10777,41765
10777,41766
10777,41767
10777,41768
10777,41769
10777,41770
10777,41771
10777,41772
10777,41773
10777,41774
10777,41775
10777,41776
10777,41777
10777,41778
10777,41779
10777,41780
10777,41781
10777,41782
10777,41783
10777,41784
10777,41785
10777,41786
10777,41787
10777,41788
10777,41789
10777,41790
10777,41791
10777,41792
10777,41793
10777,41794
10777,41795
10777,41796
10777,41797
10777,41798
10777,41799
10777,41800
10777,41801
10777,41802
10777,41803
10777,41804
10777,41805
10777,41806
10777,41807
10777,41808
10777,41809
10777,41810
10777,41811
10777,41812
10777,41813
10777,41814
10777,41815
10777,41816
10777,41817
10777,41818
10777,41819
10777,41820
10777,41821
10777,41822
10777,41823
10777,41824
10777,41825
10777,41826
10777,41827
10777,41828
10777,41829
10777,41830
10777,41831
10777,41832
10777,41833
10777,41834
10777,41835
10777,41836
10777,41837
10777,41838
10777,41839
10777,41840
10777,41841
10777,41842
10777,41843
10777,41844
10777,41845
10777,41846
10777,41847
10777,41848
10777,41849
10777,41850
10777,41851
10777,41852
10777,41853
10777,41854
10777,41855
10777,41856
10777,41857
10777,41858
10777,41859
10777,41860
10777,41861
10777,41862
10777,41863
10777,41864
10777,41865
10777,41866
10777,41867
10777,41868
10777,41869
10777,41870
10777,41871
10777,41872
10777,41873
10777,41874
10777,41875
10777,41876
10777,41877
10777,41878
10777,41879
10777,41880
10777,41881
10777,41882
10777,41883
10777,41884
10777,41885
10777,41886
10777,41887
10777,41888
10777,41889
10777,41890
10777,41891
10777,41892
10777,41893
10777,41894
10777,41895
10777,41896
10777,41897
10777,41898
10777,41899
10777,41900
10777,41901
10777,41902
10777,41903
10777,41904
10777,41905
10777,41906
10777,41907
10777,41908
10777,41909
10777,41910
10777,41911
10777,41912
10777,41913
10777,41914
10777,41915
10777,41916
10777,41917
10777,41918
10777,41919
10777,41920
10777,41921
10777,41922
10777,41923
10777,41924
10777,41925
10777,41926
10778,41737
10778,41738
10778,41739
10778,41740
10778,41741
10778,41742
10778,41743
10778,41744
10778,41745
10778,41746
10778,41747
10778,41748
10778,41749
10778,41750
10778,41751
10778,41752
10778,41753
10778,41754
10778,41755
10778,41756
10778,41757
10778,41758
10778,41759
10778,41760
10778,41761
10778,41762
10778,41763
10778,41764
10778,41765
10778,41766
10778,41767
10778,41768
10778,41769
10778,41770
10778,41771
10778,41772
10778,41773
10778,41774
10778,41775
10778,41776
10778,41777
10778,41778
10778,41779
10778,41780
10778,41781
10778,41782
10778,41783
10778,41784
10778,41785
10778,41786
10778,41787
10778,41788
10778,41789
10778,41790
10778,41791
10778,41792
10778,41793
10778,41794
10778,41795
10778,41796
10778,41797
10778,41798
10778,41799
10778,41800
10778,41801
10778,41802
10778,41803
10778,41804
10778,41805
10778,41806
10778,41807
10778,41808
10778,41809
10778,41810
10778,41811
10778,41812
10778,41813
10778,41814
10778,41815
10778,41816
10778,41817
10778,41818
10778,41819
10778,41820
10778,41821
10778,41822
10778,41823
10778,41824
10778,41825
10778,41826
10778,41827
10778,41828
10778,41829
10778,41830
10778,41831
10778,41832
10778,41833
10778,41834
10778,41835
10778,41836
10778,41837
10778,41838
10778,41839
10778,41840
10778,41841
10778,41842
10778,41843
10778,41844
10778,41845
10778,41846
10778,41847
10778,41848
10778,41849
10778,41850
10778,41851
10778,41852
10778,41853
10778,41854
10778,41855
10778,41856
10778,41857
10778,41858
10778,41859
10778,41860
10778,41861
10778,41862
10778,41863
10778,41864
10778,41865
10778,41866
10778,41867
10778,41868
10778,41869
10778,41870
10778,41871
10778,41872
10778,41873
10778,41874
10778,41875
10778,41876
10778,41877
10778,41878
10778,41879
10778,41880
10778,41881
10778,41882
10778,41883
10778,41884
10778,41885
10778,41886
10778,41887
10778,41888
10778,41889
10778,41890
10778,41891
10778,41892
10778,41893
10778,41894
10778,41895
10778,41896
10778,41897
10778,41898
10778,41899
10778,41900
10778,41901
10778,41902
10778,41903
10778,41904
10778,41905
10778,41906
10778,41907
10778,41908
10778,41909
10778,41910
10778,41911
10778,41912
10778,41913
10778,41914
10778,41915
10778,41916
10778,41917
10778,41918
10778,41919
10778,41920
10778,41921
10778,41922
10778,41923
10778,41924
10778,41925
10778,41926
10779,41737
10779,41738
10779,41739
10779,41740
10779,41741
10779,41742
10779,41743
10779,41744
10779,41745
10779,41746
10779,41747
10779,41748
10779,41749
10779,41750
10779,41751
10779,41752
10779,41753
10779,41754
10779,41755
10779,41756
10779,41757
10779,41758
10779,41759
10779,41760
10779,41761
10779,41762
10779,41763
10779,41764
10779,41765
10779,41766
10779,41767
10779,41768
10779,41769
10779,41770
10779,41771
10779,41772
10779,41773
10779,41774
10779,41775
10779,41776
10779,41777
10779,41778
10779,41779
10779,41780
10779,41781
10779,41782
10779,41783
10779,41784
10779,41785
10779,41786
10779,41787
10779,41788
10779,41789
10779,41790
10779,41791
10779,41792
10779,41793
10779,41794
10779,41795
10779,41796
10779,41797
10779,41798
10779,41799
10779,41800
10779,41801
10779,41802
10779,41803
10779,41804
10779,41805
10779,41806
10779,41807
10779,41808
10779,41809
10779,41810
10779,41811
10779,41812
10779,41813
10779,41814
10779,41815
10779,41816
10779,41817
10779,41818
10779,41819
10779,41820
10779,41821
10779,41822
10779,41823
10779,41824
10779,41825
10779,41826
10779,41827
10779,41828
10779,41829
10779,41830
10779,41831
10779,41832
10779,41833
10779,41834
10779,41835
10779,41836
10779,41837
10779,41838
10779,41839
10779,41840
10779,41841
10779,41842
10779,41843
10779,41844
10779,41845
10779,41846
10779,41847
10779,41848
10779,41849
10779,41850
10779,41851
10779,41852
10779,41853
10779,41854
10779,41855
10779,41856
10779,41857
10779,41858
10779,41859
10779,41860
10779,41861
10779,41862
10779,41863
10779,41864
10779,41865
10779,41866
10779,41867
10779,41868
10779,41869
10779,41870
10779,41871
10779,41872
10779,41873
10779,41874
10779,41875
10779,41876
10779,41877
10779,41878
10779,41879
10779,41880
10779,41881
10779,41882
10779,41883
10779,41884
10779,41885
10779,41886
10779,41887
10779,41888
10779,41889
10779,41890
10779,41891
10779,41892
10779,41893
10779,41894
10779,41895
10779,41896
10779,41897
10779,41898
10779,41899
10779,41900
10779,41901
10779,41902
10779,41903
10779,41904
10779,41905
10779,41906
10779,41907
10779,41908
10779,41909
10779,41910
10779,41911
10779,41912
10779,41913
10779,41914
10779,41915
10779,41916
10779,41917
10779,41918
10779,41919
10779,41920
10779,41921
10779,41922
10779,41923
10779,41924
10779,41925
10779,41926
10780,41737
10780,41738
10780,41739
10780,41740
10780,41741
10780,41742
10780,41743
10780,41744
10780,41745
10780,41746
10780,41747
10780,41748
10780,41749
10780,41750
10780,41751
10780,41752
10780,41753
10780,41754
10780,41755
10780,41756
10780,41757
10780,41758
10780,41759
10780,41760
10780,41761
10780,41762
10780,41763
10780,41764
10780,41765
10780,41766
10780,41767
10780,41768
10780,41769
10780,41770
10780,41771
10780,41772
10780,41773
10780,41774
10780,41775
10780,41776
10780,41777
10780,41778
10780,41779
10780,41780
10780,41781
10780,41782
10780,41783
10780,41784
10780,41785
10780,41786
10780,41787
10780,41788
10780,41789
10780,41790
10780,41791
10780,41792
10780,41793
10780,41794
10780,41795
10780,41796
10780,41797
10780,41798
10780,41799
10780,41800
10780,41801
10780,41802
10780,41803
10780,41804
10780,41805
10780,41806
10780,41807
10780,41808
10780,41809
10780,41810
10780,41811
10780,41812
10780,41813
10780,41814
10780,41815
10780,41816
10780,41817
10780,41818
10780,41819
10780,41820
10780,41821
10780,41822
10780,41823
10780,41824
10780,41825
10780,41826
10780,41827
10780,41828
10780,41829
10780,41830
10780,41831
10780,41832
10780,41833
10780,41834
10780,41835
10780,41836
10780,41837
10780,41838
10780,41839
10780,41840
10780,41841
10780,41842
10780,41843
10780,41844
10780,41845
10780,41846
10780,41847
10780,41848
10780,41849
10780,41850
10780,41851
10780,41852
10780,41853
10780,41854
10780,41855
10780,41856
10780,41857
10780,41858
10780,41859
10780,41860
10780,41861
10780,41862
10780,41863
10780,41864
10780,41865
10780,41866
10780,41867
10780,41868
10780,41869
10780,41870
10780,41871
10780,41872
10780,41873
10780,41874
10780,41875
10780,41876
10780,41877
10780,41878
10780,41879
10780,41880
10780,41881
10780,41882
10780,41883
10780,41884
10780,41885
10780,41886
10780,41887
10780,41888
10780,41889
10780,41890
10780,41891
10780,41892
10780,41893
10780,41894
10780,41895
10780,41896
10780,41897
10780,41898
10780,41899
10780,41900
10780,41901
10780,41902
10780,41903
10780,41904
10780,41905
10780,41906
10780,41907
10780,41908
10780,41909
10780,41910
10780,41911
10780,41912
10780,41913
10780,41914
10780,41915
10780,41916
10780,41917
10780,41918
10780,41919
10780,41920
10780,41921
10780,41922
10780,41923
10780,41924
10780,41925
10780,41926
10781,41736
10781,41737
10781,41738
10781,41739
10781,41740
10781,41741
10781,41742
10781,41743
10781,41744
10781,41745
10781,41746
10781,41747
10781,41748
10781,41749
10781,41750
10781,41751
10781,41752
10781,41753
10781,41754
10781,41755
10781,41756
10781,41757
10781,41758
10781,41759
10781,41760
10781,41761
10781,41762
10781,41763
10781,41764
10781,41765
10781,41766
10781,41767
10781,41768
10781,41769
10781,41770
10781,41771
10781,41772
10781,41773
10781,41774
10781,41775
10781,41776
10781,41777
10781,41778
10781,41779
10781,41780
10781,41781
10781,41782
10781,41783
10781,41784
10781,41785
10781,41786
10781,41787
10781,41788
10781,41789
10781,41790
10781,41791
10781,41792
10781,41793
10781,41794
10781,41795
10781,41796
10781,41797
10781,41798
10781,41799
10781,41800
10781,41801
10781,41802
10781,41803
10781,41804
10781,41805
10781,41806
10781,41807
10781,41808
10781,41809
10781,41810
10781,41811
10781,41812
10781,41813
10781,41814
10781,41815
10781,41816
10781,41817
10781,41818
10781,41819
10781,41820
10781,41821
10781,41822
10781,41823
10781,41824
10781,41825
10781,41826
10781,41827
10781,41828
10781,41829
10781,41830
10781,41831
10781,41832
10781,41833
10781,41834
10781,41835
10781,41836
10781,41837
10781,41838
10781,41839
10781,41840
10781,41841
10781,41842
10781,41843
10781,41844
10781,41845
10781,41846
10781,41847
10781,41848
10781,41849
10781,41850
10781,41851
10781,41852
10781,41853
10781,41854
10781,41855
10781,41856
10781,41857
10781,41858
10781,41859
10781,41860
10781,41861
10781,41862
10781,41863
10781,41864
10781,41865
10781,41866
10781,41867
10781,41868
10781,41869
10781,41870
10781,41871
10781,41872
10781,41873
10781,41874
10781,41875
10781,41876
10781,41877
10781,41878
10781,41879
10781,41880
10781,41881
10781,41882
10781,41883
10781,41884
10781,41885
10781,41886
10781,41887
10781,41888
10781,41889
10781,41890
10781,41891
10781,41892
10781,41893
10781,41894
10781,41895
10781,41896
10781,41897
10781,41898
10781,41899
10781,41900
10781,41901
10781,41902
10781,41903
10781,41904
10781,41905
10781,41906
10781,41907
10781,41908
10781,41909
10781,41910
10781,41911
10781,41912
10781,41913
10781,41914
10781,41915
10781,41916
10781,41917
10781,41918
10781,41919
10781,41920
10781,41921
10781,41922
10781,41923
10781,41924
10781,41925
10781,41926
10782,41733
10782,41734
10782,41735
10782,41736
10782,41737
10782,41738
10782,41739
10782,41740
10782,41741
10782,41742
10782,41743
10782,41744
10782,41745
10782,41746
10782,41747
10782,41748
10782,41749
10782,41750
10782,41751
10782,41752
10782,41753
10782,41754
10782,41755
10782,41756
10782,41757
10782,41758
10782,41759
10782,41760
10782,41761
10782,41762
10782,41763
10782,41764
10782,41765
10782,41766
10782,41767
10782,41768
10782,41769
10782,41770
10782,41771
10782,41772
10782,41773
10782,41774
10782,41775
10782,41776
10782,41777
10782,41778
10782,41779
10782,41780
10782,41781
10782,41782
10782,41783
10782,41784
10782,41785
10782,41786
10782,41787
10782,41788
10782,41789
10782,41790
10782,41791
10782,41792
10782,41793
10782,41794
10782,41795
10782,41796
10782,41797
10782,41798
10782,41799
10782,41800
10782,41801
10782,41802
10782,41803
10782,41804
10782,41805
10782,41806
10782,41807
10782,41808
10782,41809
10782,41810
10782,41811
10782,41812
10782,41813
10782,41814
10782,41815
10782,41816
10782,41817
10782,41818
10782,41819
10782,41820
10782,41821
10782,41822
10782,41823
10782,41824
10782,41825
10782,41826
10782,41827
10782,41828
10782,41829
10782,41830
10782,41831
10782,41832
10782,41833
10782,41834
10782,41835
10782,41836
10782,41837
10782,41838
10782,41839
10782,41840
10782,41841
10782,41842
10782,41843
10782,41844
10782,41845
10782,41846
10782,41847
10782,41848
10782,41849
10782,41850
10782,41851
10782,41852
10782,41853
10782,41854
10782,41855
10782,41856
10782,41857
10782,41858
10782,41859
10782,41860
10782,41861
10782,41862
10782,41863
10782,41864
10782,41865
10782,41866
10782,41867
10782,41868
10782,41869
10782,41870
10782,41871
10782,41872
10782,41873
10782,41874
10782,41875
10782,41876
10782,41877
10782,41878
10782,41879
10782,41880
10782,41881
10782,41882
10782,41883
10782,41884
10782,41885
10782,41886
10782,41887
10782,41888
10782,41889
10782,41890
10782,41891
10782,41892
10782,41893
10782,41894
10782,41895
10782,41896
10782,41897
10782,41898
10782,41899
10782,41900
10782,41901
10782,41902
10782,41903
10782,41904
10782,41905
10782,41906
10782,41907
10782,41908
10782,41909
10782,41910
10782,41911
10782,41912
10782,41913
10782,41914
10782,41915
10782,41916
10782,41917
10782,41918
10782,41919
10782,41920
10782,41921
10782,41922
10782,41923
10782,41924
10782,41925
10783,41727
10783,41731
10783,41732
10783,41733
10783,41734
10783,41735
10783,41736
10783,41737
10783,41738
10783,41739
10783,41740
10783,41741
10783,41742
10783,41743
10783,41744
10783,41745
10783,41746
10783,41747
10783,41748
10783,41749
10783,41750
10783,41751
10783,41752
10783,41753
10783,41754
10783,41755
10783,41756
10783,41757
10783,41758
10783,41759
10783,41760
10783,41761
10783,41762
10783,41763
10783,41764
10783,41765
10783,41766
10783,41767
10783,41768
10783,41769
10783,41770
10783,41771
10783,41772
10783,41773
10783,41774
10783,41775
10783,41776
10783,41777
10783,41778
10783,41779
10783,41780
10783,41781
10783,41782
10783,41783
10783,41784
10783,41785
10783,41786
10783,41787
10783,41788
10783,41789
10783,41790
10783,41791
10783,41792
10783,41793
10783,41794
10783,41795
10783,41796
10783,41797
10783,41798
10783,41799
10783,41800
10783,41801
10783,41802
10783,41803
10783,41804
10783,41805
10783,41806
10783,41807
10783,41808
10783,41809
10783,41810
10783,41811
10783,41812
10783,41813
10783,41814
10783,41815
10783,41816
10783,41817
10783,41818
10783,41819
10783,41820
10783,41821
10783,41822
10783,41823
10783,41824
10783,41825
10783,41826
10783,41827
10783,41828
10783,41829
10783,41830
10783,41831
10783,41832
10783,41833
10783,41834
10783,41835
10783,41836
10783,41837
10783,41838
10783,41839
10783,41840
10783,41841
10783,41842
10783,41843
10783,41844
10783,41845
10783,41846
10783,41847
10783,41848
10783,41849
10783,41850
10783,41851
10783,41852
10783,41853
10783,41854
10783,41855
10783,41856
10783,41857
10783,41858
10783,41859
10783,41860
10783,41861
10783,41862
10783,41863
10783,41864
10783,41865
10783,41866
10783,41867
10783,41868
10783,41869
10783,41870
10783,41871
10783,41872
10783,41873
10783,41874
10783,41875
10783,41876
10783,41877
10783,41878
10783,41879
10783,41880
10783,41881
10783,41882
10783,41883
10783,41884
10783,41885
10783,41886
10783,41887
10783,41888
10783,41889
10783,41890
10783,41891
10783,41892
10783,41893
10783,41894
10783,41895
10783,41896
10783,41897
10783,41898
10783,41899
10783,41900
10783,41901
10783,41902
10783,41903
10783,41904
10783,41905
10783,41906
10783,41907
10783,41908
10783,41909
10783,41910
10783,41911
10783,41912
10783,41913
10783,41914
10783,41915
10783,41916
10783,41917
10783,41918
10783,41919
10783,41920
10783,41921
10783,41922
10783,41923
10783,41924
10783,41925
10784,41725
10784,41726
10784,41727
10784,41728
10784,41729
10784,41730
10784,41731
10784,41732
10784,41733
10784,41734
10784,41735
10784,41736
10784,41737
10784,41738
10784,41739
10784,41740
10784,41741
10784,41742
10784,41743
10784,41744
10784,41745
10784,41746
10784,41747
10784,41748
10784,41749
10784,41750
10784,41751
10784,41752
10784,41753
10784,41754
10784,41755
10784,41756
10784,41757
10784,41758
10784,41759
10784,41760
10784,41761
10784,41762
10784,41763
10784,41764
10784,41765
10784,41766
10784,41767
10784,41768
10784,41769
10784,41770
10784,41771
10784,41772
10784,41773
10784,41774
10784,41775
10784,41776
10784,41777
10784,41778
10784,41779
10784,41780
10784,41781
10784,41782
10784,41783
10784,41784
10784,41785
10784,41786
10784,41787
10784,41788
10784,41789
10784,41790
10784,41791
10784,41792
10784,41793
10784,41794
10784,41795
10784,41796
10784,41797
10784,41798
10784,41799
10784,41800
10784,41801
10784,41802
10784,41803
10784,41804
10784,41805
10784,41806
10784,41807
10784,41808
10784,41809
10784,41810
10784,41811
10784,41812
10784,41813
10784,41814
10784,41815
10784,41816
10784,41817
10784,41818
10784,41819
10784,41820
10784,41821
10784,41822
10784,41823
10784,41824
10784,41825
10784,41826
10784,41827
10784,41828
10784,41829
10784,41830
10784,41831
10784,41832
10784,41833
10784,41834
10784,41835
10784,41836
10784,41837
10784,41838
10784,41839
10784,41840
10784,41841
10784,41842
10784,41843
10784,41844
10784,41845
10784,41846
10784,41847
10784,41848
10784,41849
10784,41850
10784,41851
10784,41852
10784,41853
10784,41854
10784,41855
10784,41856
10784,41857
10784,41858
10784,41859
10784,41860
10784,41861
10784,41862
10784,41863
10784,41864
10784,41865
10784,41866
10784,41867
10784,41868
10784,41869
10784,41870
10784,41871
10784,41872
10784,41873
10784,41874
10784,41875
10784,41876
10784,41877
10784,41878
10784,41879
10784,41880
10784,41881
10784,41882
10784,41883
10784,41884
10784,41885
10784,41886
10784,41887
10784,41888
10784,41889
10784,41890
10784,41891
10784,41892
10784,41893
10784,41894
10784,41895
10784,41896
10784,41897
10784,41898
10784,41899
10784,41900
10784,41901
10784,41902
10784,41903
10784,41904
10784,41905
10784,41906
10784,41907
10784,41908
10784,41909
10784,41910
10784,41911
10784,41912
10784,41913
10784,41914
10784,41915
10784,41916
10784,41917
10784,41918
10784,41919
10784,41920
10784,41921
10784,41922
10784,41923
10784,41924
10784,41925
10785,41724
10785,41725
10785,41726
10785,41727
10785,41728
10785,41729
10785,41730
10785,41731
10785,41732
10785,41733
10785,41734
10785,41735
10785,41736
10785,41737
10785,41738
10785,41739
10785,41740
10785,41741
10785,41742
10785,41743
10785,41744
10785,41745
10785,41746
10785,41747
10785,41748
10785,41749
10785,41750
10785,41751
10785,41752
10785,41753
10785,41754
10785,41755
10785,41756
10785,41757
10785,41758
10785,41759
10785,41760
10785,41761
10785,41762
10785,41763
10785,41764
10785,41765
10785,41766
10785,41767
10785,41768
10785,41769
10785,41770
10785,41771
10785,41772
10785,41773
10785,41774
10785,41775
10785,41776
10785,41777
10785,41778
10785,41779
10785,41780
10785,41781
10785,41782
10785,41783
10785,41784
10785,41785
10785,41786
10785,41787
10785,41788
10785,41789
10785,41790
10785,41791
10785,41792
10785,41793
10785,41794
10785,41795
10785,41796
10785,41797
10785,41798
10785,41799
10785,41800
10785,41801
10785,41802
10785,41803
10785,41804
10785,41805
10785,41806
10785,41807
10785,41808
10785,41809
10785,41810
10785,41811
10785,41812
10785,41813
10785,41814
10785,41815
10785,41816
10785,41817
10785,41818
10785,41819
10785,41820
10785,41821
10785,41822
10785,41823
10785,41824
10785,41825
10785,41826
10785,41827
10785,41828
10785,41829
10785,41830
10785,41831
10785,41832
10785,41833
10785,41834
10785,41835
10785,41836
10785,41837
10785,41838
10785,41839
10785,41840
10785,41841
10785,41842
10785,41843
10785,41844
10785,41845
10785,41846
10785,41847
10785,41848
10785,41849
10785,41850
10785,41851
10785,41852
10785,41853
10785,41854
10785,41855
10785,41856
10785,41857
10785,41858
10785,41859
10785,41860
10785,41861
10785,41862
10785,41863
10785,41864
10785,41865
10785,41866
10785,41867
10785,41868
10785,41869
10785,41870
10785,41871
10785,41872
10785,41873
10785,41874
10785,41875
10785,41876
10785,41877
10785,41878
10785,41879
10785,41880
10785,41881
10785,41882
10785,41883
10785,41884
10785,41885
10785,41886
10785,41887
10785,41888
10785,41889
10785,41890
10785,41891
10785,41892
10785,41893
10785,41894
10785,41895
10785,41896
10785,41897
10785,41898
10785,41899
10785,41900
10785,41901
10785,41902
10785,41903
10785,41904
10785,41905
10785,41906
10785,41907
10785,41908
10785,41909
10785,41910
10785,41911
10785,41912
10785,41913
10785,41914
10785,41915
10785,41916
10785,41917
10785,41918
10785,41919
10785,41920
10785,41921
10785,41922
10785,41923
10785,41924
10786,41723
10786,41724
10786,41725
10786,41726
10786,41727
10786,41728
10786,41729
10786,41730
10786,41731
10786,41732
10786,41733
10786,41734
10786,41735
10786,41736
10786,41737
10786,41738
10786,41739
10786,41740
10786,41741
10786,41742
10786,41743
10786,41744
10786,41745
10786,41746
10786,41747
10786,41748
10786,41749
10786,41750
10786,41751
10786,41752
10786,41753
10786,41754
10786,41755
10786,41756
10786,41757
10786,41758
10786,41759
10786,41760
10786,41761
10786,41762
10786,41763
10786,41764
10786,41765
10786,41766
10786,41767
10786,41768
10786,41769
10786,41770
10786,41771
10786,41772
10786,41773
10786,41774
10786,41775
10786,41776
10786,41777
10786,41778
10786,41779
10786,41780
10786,41781
10786,41782
10786,41783
10786,41784
10786,41785
10786,41786
10786,41787
10786,41788
10786,41789
10786,41790
10786,41791
10786,41792
10786,41793
10786,41794
10786,41795
10786,41796
10786,41797
10786,41798
10786,41799
10786,41800
10786,41801
10786,41802
10786,41803
10786,41804
10786,41805
10786,41806
10786,41807
10786,41808
10786,41809
10786,41810
10786,41811
10786,41812
10786,41813
10786,41814
10786,41815
10786,41816
10786,41817
10786,41818
10786,41819
10786,41820
10786,41821
10786,41822
10786,41823
10786,41824
10786,41825
10786,41826
10786,41827
10786,41828
10786,41829
10786,41830
10786,41831
10786,41832
10786,41833
10786,41834
10786,41835
10786,41836
10786,41837
10786,41838
10786,41839
10786,41840
10786,41841
10786,41842
10786,41843
10786,41844
10786,41845
10786,41846
10786,41847
10786,41848
10786,41849
10786,41850
10786,41851
10786,41852
10786,41853
10786,41854
10786,41855
10786,41856
10786,41857
10786,41858
10786,41859
10786,41860
10786,41861
10786,41862
10786,41863
10786,41864
10786,41865
10786,41866
10786,41867
10786,41868
10786,41869
10786,41870
10786,41871
10786,41872
10786,41873
10786,41874
10786,41875
10786,41876
10786,41877
10786,41878
10786,41879
10786,41880
10786,41881
10786,41882
10786,41883
10786,41884
10786,41885
10786,41886
10786,41887
10786,41888
10786,41889
10786,41890
10786,41891
10786,41892
10786,41893
10786,41894
10786,41895
10786,41896
10786,41897
10786,41898
10786,41899
10786,41900
10786,41901
10786,41902
10786,41903
10786,41904
10786,41905
10786,41906
10786,41907
10786,41908
10786,41909
10786,41910
10786,41911
10786,41912
10786,41913
10786,41914
10786,41915
10786,41916
10786,41917
10786,41918
10786,41919
10786,41920
10786,41921
10786,41922
10786,41923
10787,41723
10787,41724
10787,41725
10787,41726
10787,41727
10787,41728
10787,41729
10787,41730
10787,41731
10787,41732
10787,41733
10787,41734
10787,41735
10787,41736
10787,41737
10787,41738
10787,41739
10787,41740
10787,41741
10787,41742
10787,41743
10787,41744
10787,41745
10787,41746
10787,41747
10787,41748
10787,41749
10787,41750
10787,41751
10787,41752
10787,41753
10787,41754
10787,41755
10787,41756
10787,41757
10787,41758
10787,41759
10787,41760
10787,41761
10787,41762
10787,41763
10787,41764
10787,41765
10787,41766
10787,41767
10787,41768
10787,41769
10787,41770
10787,41771
10787,41772
10787,41773
10787,41774
10787,41775
10787,41776
10787,41777
10787,41778
10787,41779
10787,41780
10787,41781
10787,41782
10787,41783
10787,41784
10787,41785
10787,41786
10787,41787
10787,41788
10787,41789
10787,41790
10787,41791
10787,41792
10787,41793
10787,41794
10787,41795
10787,41796
10787,41797
10787,41798
10787,41799
10787,41800
10787,41801
10787,41802
10787,41803
10787,41804
10787,41805
10787,41806
10787,41807
10787,41808
10787,41809
10787,41810
10787,41811
10787,41812
10787,41813
10787,41814
10787,41815
10787,41816
10787,41817
10787,41818
10787,41819
10787,41820
10787,41821
10787,41822
10787,41823
10787,41824
10787,41825
10787,41826
10787,41827
10787,41828
10787,41829
10787,41830
10787,41831
10787,41832
10787,41833
10787,41834
10787,41835
10787,41836
10787,41837
10787,41838
10787,41839
10787,41840
10787,41841
10787,41842
10787,41843
10787,41844
10787,41845
10787,41846
10787,41847
10787,41848
10787,41849
10787,41850
10787,41851
10787,41852
10787,41853
10787,41854
10787,41855
10787,41856
10787,41857
10787,41858
10787,41859
10787,41860
10787,41861
10787,41862
10787,41863
10787,41864
10787,41865
10787,41866
10787,41867
10787,41868
10787,41869
10787,41870
10787,41871
10787,41872
10787,41873
10787,41874
10787,41875
10787,41876
10787,41877
10787,41878
10787,41879
10787,41880
10787,41881
10787,41882
10787,41883
10787,41884
10787,41885
10787,41886
10787,41887
10787,41888
10787,41889
10787,41890
10787,41891
10787,41892
10787,41893
10787,41894
10787,41895
10787,41896
10787,41897
10787,41898
10787,41899
10787,41900
10787,41901
10787,41902
10787,41903
10787,41904
10787,41905
10787,41906
10787,41907
10787,41908
10787,41909
10787,41910
10787,41911
10787,41912
10787,41913
10787,41914
10787,41915
10787,41916
10787,41917
10787,41918
10787,41919
10787,41920
10788,41722
10788,41723
10788,41724
10788,41725
10788,41726
10788,41727
10788,41728
10788,41729
10788,41730
10788,41731
10788,41732
10788,41733
10788,41734
10788,41735
10788,41736
10788,41737
10788,41738
10788,41739
10788,41740
10788,41741
10788,41742
10788,41743
10788,41744
10788,41745
10788,41746
10788,41747
10788,41748
10788,41749
10788,41750
10788,41751
10788,41752
10788,41753
10788,41754
10788,41755
10788,41756
10788,41757
10788,41758
10788,41759
10788,41760
10788,41761
10788,41762
10788,41763
10788,41764
10788,41765
10788,41766
10788,41767
10788,41768
10788,41769
10788,41770
10788,41771
10788,41772
10788,41773
10788,41774
10788,41775
10788,41776
10788,41777
10788,41778
10788,41779
10788,41780
10788,41781
10788,41782
10788,41783
10788,41784
10788,41785
10788,41786
10788,41787
10788,41788
10788,41789
10788,41790
10788,41791
10788,41792
10788,41793
10788,41794
10788,41795
10788,41796
10788,41797
10788,41798
10788,41799
10788,41800
10788,41801
10788,41802
10788,41803
10788,41804
10788,41805
10788,41806
10788,41807
10788,41808
10788,41809
10788,41810
10788,41811
10788,41812
10788,41813
10788,41814
10788,41815
10788,41816
10788,41817
10788,41818
10788,41819
10788,41820
10788,41821
10788,41822
10788,41823
10788,41824
10788,41825
10788,41826
10788,41827
10788,41828
10788,41829
10788,41830
10788,41831
10788,41832
10788,41833
10788,41834
10788,41835
10788,41836
10788,41837
10788,41838
10788,41839
10788,41840
10788,41841
10788,41842
10788,41843
10788,41844
10788,41845
10788,41846
10788,41847
10788,41848
10788,41849
10788,41850
10788,41851
10788,41852
10788,41853
10788,41854
10788,41855
10788,41856
10788,41857
10788,41858
10788,41859
10788,41860
10788,41861
10788,41862
10788,41863
10788,41864
10788,41865
10788,41866
10788,41867
10788,41868
10788,41869
10788,41870
10788,41871
10788,41872
10788,41873
10788,41874
10788,41875
10788,41876
10788,41877
10788,41878
10788,41879
10788,41880
10788,41881
10788,41882
10788,41883
10788,41884
10788,41885
10788,41886
10788,41887
10788,41888
10788,41889
10788,41890
10788,41891
10788,41892
10788,41893
10788,41894
10788,41895
10788,41896
10788,41897
10788,41898
10788,41899
10788,41900
10788,41901
10788,41902
10788,41903
10788,41904
10788,41905
10788,41906
10788,41907
10788,41908
10788,41909
10788,41910
10788,41911
10788,41912
10788,41913
10788,41914
10788,41915
10788,41916
10788,41917
10788,41918
10789,41723
10789,41724
10789,41725
10789,41726
10789,41727
10789,41728
10789,41729
10789,41730
10789,41731
10789,41732
10789,41733
10789,41734
10789,41735
10789,41736
10789,41737
10789,41738
10789,41739
10789,41740
10789,41741
10789,41742
10789,41743
10789,41744
10789,41745
10789,41746
10789,41747
10789,41748
10789,41749
10789,41750
10789,41751
10789,41752
10789,41753
10789,41754
10789,41755
10789,41756
10789,41757
10789,41758
10789,41759
10789,41760
10789,41761
10789,41762
10789,41763
10789,41764
10789,41765
10789,41766
10789,41767
10789,41768
10789,41769
10789,41770
10789,41771
10789,41772
10789,41773
10789,41774
10789,41775
10789,41776
10789,41777
10789,41778
10789,41779
10789,41780
10789,41781
10789,41782
10789,41783
10789,41784
10789,41785
10789,41786
10789,41787
10789,41788
10789,41789
10789,41790
10789,41791
10789,41792
10789,41793
10789,41794
10789,41795
10789,41796
10789,41797
10789,41798
10789,41799
10789,41800
10789,41801
10789,41802
10789,41803
10789,41804
10789,41805
10789,41806
10789,41807
10789,41808
10789,41809
10789,41810
10789,41811
10789,41812
10789,41813
10789,41814
10789,41815
10789,41816
10789,41817
10789,41818
10789,41819
10789,41820
10789,41821
10789,41822
10789,41823
10789,41824
10789,41825
10789,41826
10789,41827
10789,41828
10789,41829
10789,41830
10789,41831
10789,41832
10789,41833
10789,41834
10789,41835
10789,41836
10789,41837
10789,41838
10789,41839
10789,41840
10789,41841
10789,41842
10789,41843
10789,41844
10789,41845
10789,41846
10789,41847
10789,41848
10789,41849
10789,41850
10789,41851
10789,41852
10789,41853
10789,41854
10789,41855
10789,41856
10789,41857
10789,41858
10789,41859
10789,41860
10789,41861
10789,41862
10789,41863
10789,41864
10789,41865
10789,41866
10789,41867
10789,41868
10789,41869
10789,41870
10789,41871
10789,41872
10789,41873
10789,41874
10789,41875
10789,41876
10789,41877
10789,41878
10789,41879
10789,41880
10789,41881
10789,41882
10789,41883
10789,41884
10789,41885
10789,41886
10789,41887
10789,41888
10789,41889
10789,41890
10789,41891
10789,41892
10789,41893
10789,41894
10789,41895
10789,41896
10789,41897
10789,41898
10789,41899
10789,41900
10789,41901
10789,41902
10789,41903
10789,41904
10789,41905
10789,41906
10789,41907
10789,41908
10789,41909
10789,41910
10789,41911
10789,41912
10789,41913
10789,41914
10789,41915
10790,41722
10790,41723
10790,41724
10790,41725
10790,41726
10790,41727
10790,41728
10790,41729
10790,41730
10790,41731
10790,41732
10790,41733
10790,41734
10790,41735
10790,41736
10790,41737
10790,41738
10790,41739
10790,41740
10790,41741
10790,41742
10790,41743
10790,41744
10790,41745
10790,41746
10790,41747
10790,41748
10790,41749
10790,41750
10790,41751
10790,41752
10790,41753
10790,41754
10790,41755
10790,41756
10790,41757
10790,41758
10790,41759
10790,41760
10790,41761
10790,41762
10790,41763
10790,41764
10790,41765
10790,41766
10790,41767
10790,41768
10790,41769
10790,41770
10790,41771
10790,41772
10790,41773
10790,41774
10790,41775
10790,41776
10790,41777
10790,41778
10790,41779
10790,41780
10790,41781
10790,41782
10790,41783
10790,41784
10790,41785
10790,41786
10790,41787
10790,41788
10790,41789
10790,41790
10790,41791
10790,41792
10790,41793
10790,41794
10790,41795
10790,41796
10790,41797
10790,41798
10790,41799
10790,41800
10790,41801
10790,41802
10790,41803
10790,41804
10790,41805
10790,41806
10790,41807
10790,41808
10790,41809
10790,41810
10790,41811
10790,41812
10790,41813
10790,41814
10790,41815
10790,41816
10790,41817
10790,41818
10790,41819
10790,41820
10790,41821
10790,41822
10790,41823
10790,41824
10790,41825
10790,41826
10790,41827
10790,41828
10790,41829
10790,41830
10790,41831
10790,41832
10790,41833
10790,41834
10790,41835
10790,41836
10790,41837
10790,41838
10790,41839
10790,41840
10790,41841
10790,41842
10790,41843
10790,41844
10790,41845
10790,41846
10790,41847
10790,41848
10790,41849
10790,41850
10790,41851
10790,41852
10790,41853
10790,41854
10790,41855
10790,41856
10790,41857
10790,41858
10790,41859
10790,41860
10790,41861
10790,41862
10790,41863
10790,41864
10790,41865
10790,41866
10790,41867
10790,41868
10790,41869
10790,41870
10790,41871
10790,41872
10790,41873
10790,41874
10790,41875
10790,41876
10790,41877
10790,41878
10790,41879
10790,41880
10790,41881
10790,41882
10790,41883
10790,41884
10790,41885
10790,41886
10790,41887
10790,41888
10790,41889
10790,41890
10790,41891
10790,41892
10790,41893
10790,41894
10790,41895
10790,41896
10790,41897
10790,41898
10790,41899
10790,41900
10790,41901
10790,41902
10790,41903
10790,41904
10790,41905
10790,41906
10790,41907
10790,41908
10790,41909
10790,41910
10790,41911
10790,41912
10790,41913
10790,41914
10791,41721
10791,41722
10791,41723
10791,41724
10791,41725
10791,41726
10791,41727
10791,41728
10791,41729
10791,41730
10791,41731
10791,41732
10791,41733
10791,41734
10791,41735
10791,41736
10791,41737
10791,41738
10791,41739
10791,41740
10791,41741
10791,41742
10791,41743
10791,41744
10791,41745
10791,41746
10791,41747
10791,41748
10791,41749
10791,41750
10791,41751
10791,41752
10791,41753
10791,41754
10791,41755
10791,41756
10791,41757
10791,41758
10791,41759
10791,41760
10791,41761
10791,41762
10791,41763
10791,41764
10791,41765
10791,41766
10791,41767
10791,41768
10791,41769
10791,41770
10791,41771
10791,41772
10791,41773
10791,41774
10791,41775
10791,41776
10791,41777
10791,41778
10791,41779
10791,41780
10791,41781
10791,41782
10791,41783
10791,41784
10791,41785
10791,41786
10791,41787
10791,41788
10791,41789
10791,41790
10791,41791
10791,41792
10791,41793
10791,41794
10791,41795
10791,41796
10791,41797
10791,41798
10791,41799
10791,41800
10791,41801
10791,41802
10791,41803
10791,41804
10791,41805
10791,41806
10791,41807
10791,41808
10791,41809
10791,41810
10791,41811
10791,41812
10791,41813
10791,41814
10791,41815
10791,41816
10791,41817
10791,41818
10791,41819
10791,41820
10791,41821
10791,41822
10791,41823
10791,41824
10791,41825
10791,41826
10791,41827
10791,41828
10791,41829
10791,41830
10791,41831
10791,41832
10791,41833
10791,41834
10791,41835
10791,41836
10791,41837
10791,41838
10791,41839
10791,41840
10791,41841
10791,41842
10791,41843
10791,41844
10791,41845
10791,41846
10791,41847
10791,41848
10791,41849
10791,41850
10791,41851
10791,41852
10791,41853
10791,41854
10791,41855
10791,41856
10791,41857
10791,41858
10791,41859
10791,41860
10791,41861
10791,41862
10791,41863
10791,41864
10791,41865
10791,41866
10791,41867
10791,41868
10791,41869
10791,41870
10791,41871
10791,41872
10791,41873
10791,41874
10791,41875
10791,41876
10791,41877
10791,41878
10791,41879
10791,41880
10791,41881
10791,41882
10791,41883
10791,41884
10791,41885
10791,41886
10791,41887
10791,41888
10791,41889
10791,41890
10791,41891
10791,41892
10791,41893
10791,41894
10791,41895
10791,41896
10791,41897
10791,41898
10791,41899
10791,41900
10791,41901
10791,41902
10791,41903
10791,41904
10791,41905
10791,41906
10791,41907
10791,41908
10791,41909
10791,41910
10791,41911
10791,41912
10791,41913
10791,41914
10792,41721
10792,41722
10792,41723
10792,41724
10792,41725
10792,41726
10792,41727
10792,41728
10792,41729
10792,41730
10792,41731
10792,41732
10792,41733
10792,41734
10792,41735
10792,41736
10792,41737
10792,41738
10792,41739
10792,41740
10792,41741
10792,41742
10792,41743
10792,41744
10792,41745
10792,41746
10792,41747
10792,41748
10792,41749
10792,41750
10792,41751
10792,41752
10792,41753
10792,41754
10792,41755
10792,41756
10792,41757
10792,41758
10792,41759
10792,41760
10792,41761
10792,41762
10792,41763
10792,41764
10792,41765
10792,41766
10792,41767
10792,41768
10792,41769
10792,41770
10792,41771
10792,41772
10792,41773
10792,41774
10792,41775
10792,41776
10792,41777
10792,41778
10792,41779
10792,41780
10792,41781
10792,41782
10792,41783
10792,41784
10792,41785
10792,41786
10792,41787
10792,41788
10792,41789
10792,41790
10792,41791
10792,41792
10792,41793
10792,41794
10792,41795
10792,41796
10792,41797
10792,41798
10792,41799
10792,41800
10792,41801
10792,41802
10792,41803
10792,41804
10792,41805
10792,41806
10792,41807
10792,41808
10792,41809
10792,41810
10792,41811
10792,41812
10792,41813
10792,41814
10792,41815
10792,41816
10792,41817
10792,41818
10792,41819
10792,41820
10792,41821
10792,41822
10792,41823
10792,41824
10792,41825
10792,41826
10792,41827
10792,41828
10792,41829
10792,41830
10792,41831
10792,41832
10792,41833
10792,41834
10792,41835
10792,41836
10792,41837
10792,41838
10792,41839
10792,41840
10792,41841
10792,41842
10792,41843
10792,41844
10792,41845
10792,41846
10792,41847
10792,41848
10792,41849
10792,41850
10792,41851
10792,41852
10792,41853
10792,41854
10792,41855
10792,41856
10792,41857
10792,41858
10792,41859
10792,41860
10792,41861
10792,41862
10792,41863
10792,41864
10792,41865
10792,41866
10792,41867
10792,41868
10792,41869
10792,41870
10792,41871
10792,41872
10792,41873
10792,41874
10792,41875
10792,41876
10792,41877
10792,41878
10792,41879
10792,41880
10792,41881
10792,41882
10792,41883
10792,41884
10792,41885
10792,41886
10792,41887
10792,41888
10792,41889
10792,41890
10792,41891
10792,41892
10792,41893
10792,41894
10792,41895
10792,41896
10792,41897
10792,41898
10792,41899
10792,41900
10792,41901
10792,41902
10792,41903
10792,41904
10792,41905
10792,41906
10792,41907
10792,41908
10792,41909
10792,41910
10792,41911
10792,41912
10792,41913
10792,41914
10793,41721
10793,41722
10793,41723
10793,41724
10793,41725
10793,41726
10793,41727
10793,41728
10793,41729
10793,41730
10793,41731
10793,41732
10793,41733
10793,41734
10793,41735
10793,41736
10793,41737
10793,41738
10793,41739
10793,41740
10793,41741
10793,41742
10793,41743
10793,41744
10793,41745
10793,41746
10793,41747
10793,41748
10793,41749
10793,41750
10793,41751
10793,41752
10793,41753
10793,41754
10793,41755
10793,41756
10793,41757
10793,41758
10793,41759
10793,41760
10793,41761
10793,41762
10793,41763
10793,41764
10793,41765
10793,41766
10793,41767
10793,41768
10793,41769
10793,41770
10793,41771
10793,41772
10793,41773
10793,41774
10793,41775
10793,41776
10793,41777
10793,41778
10793,41779
10793,41780
10793,41781
10793,41782
10793,41783
10793,41784
10793,41785
10793,41786
10793,41787
10793,41788
10793,41789
10793,41790
10793,41791
10793,41792
10793,41793
10793,41794
10793,41795
10793,41796
10793,41797
10793,41798
10793,41799
10793,41800
10793,41801
10793,41802
10793,41803
10793,41804
10793,41805
10793,41806
10793,41807
10793,41808
10793,41809
10793,41810
10793,41811
10793,41812
10793,41813
10793,41814
10793,41815
10793,41816
10793,41817
10793,41818
10793,41819
10793,41820
10793,41821
10793,41822
10793,41823
10793,41824
10793,41825
10793,41826
10793,41827
10793,41828
10793,41829
10793,41830
10793,41831
10793,41832
10793,41833
10793,41834
10793,41835
10793,41836
10793,41837
10793,41838
10793,41839
10793,41840
10793,41841
10793,41842
10793,41843
10793,41844
10793,41845
10793,41846
10793,41847
10793,41848
10793,41849
10793,41850
10793,41851
10793,41852
10793,41853
10793,41854
10793,41855
10793,41856
10793,41857
10793,41858
10793,41859
10793,41860
10793,41861
10793,41862
10793,41863
10793,41864
10793,41865
10793,41866
10793,41867
10793,41868
10793,41869
10793,41870
10793,41871
10793,41872
10793,41873
10793,41874
10793,41875
10793,41876
10793,41877
10793,41878
10793,41879
10793,41880
10793,41881
10793,41882
10793,41883
10793,41884
10793,41885
10793,41886
10793,41887
10793,41888
10793,41889
10793,41890
10793,41891
10793,41892
10793,41893
10793,41894
10793,41895
10793,41896
10793,41897
10793,41898
10793,41899
10793,41900
10793,41901
10793,41902
10793,41903
10793,41904
10793,41905
10793,41906
10793,41907
10793,41908
10793,41909
10793,41910
10793,41911
10793,41912
10793,41913
10793,41914
10793,41915
10794,41720
10794,41721
10794,41722
10794,41723
10794,41724
10794,41725
10794,41726
10794,41727
10794,41728
10794,41729
10794,41730
10794,41731
10794,41732
10794,41733
10794,41734
10794,41735
10794,41736
10794,41737
10794,41738
10794,41739
10794,41740
10794,41741
10794,41742
10794,41743
10794,41744
10794,41745
10794,41746
10794,41747
10794,41748
10794,41749
10794,41750
10794,41751
10794,41752
10794,41753
10794,41754
10794,41755
10794,41756
10794,41757
10794,41758
10794,41759
10794,41760
10794,41761
10794,41762
10794,41763
10794,41764
10794,41765
10794,41766
10794,41767
10794,41768
10794,41769
10794,41770
10794,41771
10794,41772
10794,41773
10794,41774
10794,41775
10794,41776
10794,41777
10794,41778
10794,41779
10794,41780
10794,41781
10794,41782
10794,41783
10794,41784
10794,41785
10794,41786
10794,41787
10794,41788
10794,41789
10794,41790
10794,41791
10794,41792
10794,41793
10794,41794
10794,41795
10794,41796
10794,41797
10794,41798
10794,41799
10794,41800
10794,41801
10794,41802
10794,41803
10794,41804
10794,41805
10794,41806
10794,41807
10794,41808
10794,41809
10794,41810
10794,41811
10794,41812
10794,41813
10794,41814
10794,41815
10794,41816
10794,41817
10794,41818
10794,41819
10794,41820
10794,41821
10794,41822
10794,41823
10794,41824
10794,41825
10794,41826
10794,41827
10794,41828
10794,41829
10794,41830
10794,41831
10794,41832
10794,41833
10794,41834
10794,41835
10794,41836
10794,41837
10794,41838
10794,41839
10794,41840
10794,41841
10794,41842
10794,41843
10794,41844
10794,41845
10794,41846
10794,41847
10794,41848
10794,41849
10794,41850
10794,41851
10794,41852
10794,41853
10794,41854
10794,41855
10794,41856
10794,41857
10794,41858
10794,41859
10794,41860
10794,41861
10794,41862
10794,41863
10794,41864
10794,41865
10794,41866
10794,41867
10794,41868
10794,41869
10794,41870
10794,41871
10794,41872
10794,41873
10794,41874
10794,41875
10794,41876
10794,41877
10794,41878
10794,41879
10794,41880
10794,41881
10794,41882
10794,41883
10794,41884
10794,41885
10794,41886
10794,41887
10794,41888
10794,41889
10794,41890
10794,41891
10794,41892
10794,41893
10794,41894
10794,41895
10794,41896
10794,41897
10794,41898
10794,41899
10794,41900
10794,41901
10794,41902
10794,41903
10794,41904
10794,41905
10794,41906
10794,41907
10794,41908
10794,41909
10794,41910
10794,41911
10794,41912
10794,41913
10794,41914
10795,41719
10795,41720
10795,41721
10795,41722
10795,41723
10795,41724
10795,41725
10795,41726
10795,41727
10795,41728
10795,41729
10795,41730
10795,41731
10795,41732
10795,41733
10795,41734
10795,41735
10795,41736
10795,41737
10795,41738
10795,41739
10795,41740
10795,41741
10795,41742
10795,41743
10795,41744
10795,41745
10795,41746
10795,41747
10795,41748
10795,41749
10795,41750
10795,41751
10795,41752
10795,41753
10795,41754
10795,41755
10795,41756
10795,41757
10795,41758
10795,41759
10795,41760
10795,41761
10795,41762
10795,41763
10795,41764
10795,41765
10795,41766
10795,41767
10795,41768
10795,41769
10795,41770
10795,41771
10795,41772
10795,41773
10795,41774
10795,41775
10795,41776
10795,41777
10795,41778
10795,41779
10795,41780
10795,41781
10795,41782
10795,41783
10795,41784
10795,41785
10795,41786
10795,41787
10795,41788
10795,41789
10795,41790
10795,41791
10795,41792
10795,41793
10795,41794
10795,41795
10795,41796
10795,41797
10795,41798
10795,41799
10795,41800
10795,41801
10795,41802
10795,41803
10795,41804
10795,41805
10795,41806
10795,41807
10795,41808
10795,41809
10795,41810
10795,41811
10795,41812
10795,41813
10795,41814
10795,41815
10795,41816
10795,41817
10795,41818
10795,41819
10795,41820
10795,41821
10795,41822
10795,41823
10795,41824
10795,41825
10795,41826
10795,41827
10795,41828
10795,41829
10795,41830
10795,41831
10795,41832
10795,41833
10795,41834
10795,41835
10795,41836
10795,41837
10795,41838
10795,41839
10795,41840
10795,41841
10795,41842
10795,41843
10795,41844
10795,41845
10795,41846
10795,41847
10795,41848
10795,41849
10795,41850
10795,41851
10795,41852
10795,41853
10795,41854
10795,41855
10795,41856
10795,41857
10795,41858
10795,41859
10795,41860
10795,41861
10795,41862
10795,41863
10795,41864
10795,41865
10795,41866
10795,41867
10795,41868
10795,41869
10795,41870
10795,41871
10795,41872
10795,41873
10795,41874
10795,41875
10795,41876
10795,41877
10795,41878
10795,41879
10795,41880
10795,41881
10795,41882
10795,41883
10795,41884
10795,41885
10795,41886
10795,41887
10795,41888
10795,41889
10795,41890
10795,41891
10795,41892
10795,41893
10795,41894
10795,41895
10795,41896
10795,41897
10795,41898
10795,41899
10795,41900
10795,41901
10795,41902
10795,41903
10795,41904
10795,41905
10795,41906
10795,41907
10795,41908
10795,41909
10795,41910
10795,41911
10795,41912
10795,41913
10795,41914
10796,41719
10796,41720
10796,41721
10796,41722
10796,41723
10796,41724
10796,41725
10796,41726
10796,41727
10796,41728
10796,41729
10796,41730
10796,41731
10796,41732
10796,41733
10796,41734
10796,41735
10796,41736
10796,41737
10796,41738
10796,41739
10796,41740
10796,41741
10796,41742
10796,41743
10796,41744
10796,41745
10796,41746
10796,41747
10796,41748
10796,41749
10796,41750
10796,41751
10796,41752
10796,41753
10796,41754
10796,41755
10796,41756
10796,41757
10796,41758
10796,41759
10796,41760
10796,41761
10796,41762
10796,41763
10796,41764
10796,41765
10796,41766
10796,41767
10796,41768
10796,41769
10796,41770
10796,41771
10796,41772
10796,41773
10796,41774
10796,41775
10796,41776
10796,41777
10796,41778
10796,41779
10796,41780
10796,41781
10796,41782
10796,41783
10796,41784
10796,41785
10796,41786
10796,41787
10796,41788
10796,41789
10796,41790
10796,41791
10796,41792
10796,41793
10796,41794
10796,41795
10796,41796
10796,41797
10796,41798
10796,41799
10796,41800
10796,41801
10796,41802
10796,41803
10796,41804
10796,41805
10796,41806
10796,41807
10796,41808
10796,41809
10796,41810
10796,41811
10796,41812
10796,41813
10796,41814
10796,41815
10796,41816
10796,41817
10796,41818
10796,41819
10796,41820
10796,41821
10796,41822
10796,41823
10796,41824
10796,41825
10796,41826
10796,41827
10796,41828
10796,41829
10796,41830
10796,41831
10796,41832
10796,41833
10796,41834
10796,41835
10796,41836
10796,41837
10796,41838
10796,41839
10796,41840
10796,41841
10796,41842
10796,41843
10796,41844
10796,41845
10796,41846
10796,41847
10796,41848
10796,41849
10796,41850
10796,41851
10796,41852
10796,41853
10796,41854
10796,41855
10796,41856
10796,41857
10796,41858
10796,41859
10796,41860
10796,41861
10796,41862
10796,41863
10796,41864
10796,41865
10796,41866
10796,41867
10796,41868
10796,41869
10796,41870
10796,41871
10796,41872
10796,41873
10796,41874
10796,41875
10796,41876
10796,41877
10796,41878
10796,41879
10796,41880
10796,41881
10796,41882
10796,41883
10796,41884
10796,41885
10796,41886
10796,41887
10796,41888
10796,41889
10796,41890
10796,41891
10796,41892
10796,41893
10796,41894
10796,41895
10796,41896
10796,41897
10796,41898
10796,41899
10796,41900
10796,41901
10796,41902
10796,41903
10796,41904
10796,41905
10796,41906
10796,41907
10796,41908
10796,41909
10796,41910
10796,41911
10796,41912
10796,41913
10796,41914
10797,41718
10797,41719
10797,41720
10797,41721
10797,41722
10797,41723
10797,41724
10797,41725
10797,41726
10797,41727
10797,41728
10797,41729
10797,41730
10797,41731
10797,41732
10797,41733
10797,41734
10797,41735
10797,41736
10797,41737
10797,41738
10797,41739
10797,41740
10797,41741
10797,41742
10797,41743
10797,41744
10797,41745
10797,41746
10797,41747
10797,41748
10797,41749
10797,41750
10797,41751
10797,41752
10797,41753
10797,41754
10797,41755
10797,41756
10797,41757
10797,41758
10797,41759
10797,41760
10797,41761
10797,41762
10797,41763
10797,41764
10797,41765
10797,41766
10797,41767
10797,41768
10797,41769
10797,41770
10797,41771
10797,41772
10797,41773
10797,41774
10797,41775
10797,41776
10797,41777
10797,41778
10797,41779
10797,41780
10797,41781
10797,41782
10797,41783
10797,41784
10797,41785
10797,41786
10797,41787
10797,41788
10797,41789
10797,41790
10797,41791
10797,41792
10797,41793
10797,41794
10797,41795
10797,41796
10797,41797
10797,41798
10797,41799
10797,41800
10797,41801
10797,41802
10797,41803
10797,41804
10797,41805
10797,41806
10797,41807
10797,41808
10797,41809
10797,41810
10797,41811
10797,41812
10797,41813
10797,41814
10797,41815
10797,41816
10797,41817
10797,41818
10797,41819
10797,41820
10797,41821
10797,41822
10797,41823
10797,41824
10797,41825
10797,41826
10797,41827
10797,41828
10797,41829
10797,41830
10797,41831
10797,41832
10797,41833
10797,41834
10797,41835
10797,41836
10797,41837
10797,41838
10797,41839
10797,41840
10797,41841
10797,41842
10797,41843
10797,41844
10797,41845
10797,41846
10797,41847
10797,41848
10797,41849
10797,41850
10797,41851
10797,41852
10797,41853
10797,41854
10797,41855
10797,41856
10797,41857
10797,41858
10797,41859
10797,41860
10797,41861
10797,41862
10797,41863
10797,41864
10797,41865
10797,41866
10797,41867
10797,41868
10797,41869
10797,41870
10797,41871
10797,41872
10797,41873
10797,41874
10797,41875
10797,41876
10797,41877
10797,41878
10797,41879
10797,41880
10797,41881
10797,41882
10797,41883
10797,41884
10797,41885
10797,41886
10797,41887
10797,41888
10797,41889
10797,41890
10797,41891
10797,41892
10797,41893
10797,41894
10797,41895
10797,41896
10797,41897
10797,41898
10797,41899
10797,41900
10797,41901
10797,41902
10797,41903
10797,41904
10797,41905
10797,41906
10797,41907
10797,41908
10797,41909
10797,41910
10797,41911
10797,41912
10797,41913
10798,41718
10798,41719
10798,41720
10798,41721
10798,41722
10798,41723
10798,41724
10798,41725
10798,41726
10798,41727
10798,41728
10798,41729
10798,41730
10798,41731
10798,41732
10798,41733
10798,41734
10798,41735
10798,41736
10798,41737
10798,41738
10798,41739
10798,41740
10798,41741
10798,41742
10798,41743
10798,41744
10798,41745
10798,41746
10798,41747
10798,41748
10798,41749
10798,41750
10798,41751
10798,41752
10798,41753
10798,41754
10798,41755
10798,41756
10798,41757
10798,41758
10798,41759
10798,41760
10798,41761
10798,41762
10798,41763
10798,41764
10798,41765
10798,41766
10798,41767
10798,41768
10798,41769
10798,41770
10798,41771
10798,41772
10798,41773
10798,41774
10798,41775
10798,41776
10798,41777
10798,41778
10798,41779
10798,41780
10798,41781
10798,41782
10798,41783
10798,41784
10798,41785
10798,41786
10798,41787
10798,41788
10798,41789
10798,41790
10798,41791
10798,41792
10798,41793
10798,41794
10798,41795
10798,41796
10798,41797
10798,41798
10798,41799
10798,41800
10798,41801
10798,41802
10798,41803
10798,41804
10798,41805
10798,41806
10798,41807
10798,41808
10798,41809
10798,41810
10798,41811
10798,41812
10798,41813
10798,41814
10798,41815
10798,41816
10798,41817
10798,41818
10798,41819
10798,41820
10798,41821
10798,41822
10798,41823
10798,41824
10798,41825
10798,41826
10798,41827
10798,41828
10798,41829
10798,41830
10798,41831
10798,41832
10798,41833
10798,41834
10798,41835
10798,41836
10798,41837
10798,41838
10798,41839
10798,41840
10798,41841
10798,41842
10798,41843
10798,41844
10798,41845
10798,41846
10798,41847
10798,41848
10798,41849
10798,41850
10798,41851
10798,41852
10798,41853
10798,41854
10798,41855
10798,41856
10798,41857
10798,41858
10798,41859
10798,41860
10798,41861
10798,41862
10798,41863
10798,41864
10798,41865
10798,41866
10798,41867
10798,41868
10798,41869
10798,41870
10798,41871
10798,41872
10798,41873
10798,41874
10798,41875
10798,41876
10798,41877
10798,41878
10798,41879
10798,41880
10798,41881
10798,41882
10798,41883
10798,41884
10798,41885
10798,41886
10798,41887
10798,41888
10798,41889
10798,41890
10798,41891
10798,41892
10798,41893
10798,41894
10798,41895
10798,41896
10798,41897
10798,41898
10798,41899
10798,41900
10798,41901
10798,41902
10798,41903
10798,41904
10798,41905
10798,41906
10798,41907
10798,41908
10798,41909
10798,41910
10798,41911
10798,41912
10799,41718
10799,41719
10799,41720
10799,41721
10799,41722
10799,41723
10799,41724
10799,41725
10799,41726
10799,41727
10799,41728
10799,41729
10799,41730
10799,41731
10799,41732
10799,41733
10799,41734
10799,41735
10799,41736
10799,41737
10799,41738
10799,41739
10799,41740
10799,41741
10799,41742
10799,41743
10799,41744
10799,41745
10799,41746
10799,41747
10799,41748
10799,41749
10799,41750
10799,41751
10799,41752
10799,41753
10799,41754
10799,41755
10799,41756
10799,41757
10799,41758
10799,41759
10799,41760
10799,41761
10799,41762
10799,41763
10799,41764
10799,41765
10799,41766
10799,41767
10799,41768
10799,41769
10799,41770
10799,41771
10799,41772
10799,41773
10799,41774
10799,41775
10799,41776
10799,41777
10799,41778
10799,41779
10799,41780
10799,41781
10799,41782
10799,41783
10799,41784
10799,41785
10799,41786
10799,41787
10799,41788
10799,41789
10799,41790
10799,41791
10799,41792
10799,41793
10799,41794
10799,41795
10799,41796
10799,41797
10799,41798
10799,41799
10799,41800
10799,41801
10799,41802
10799,41803
10799,41804
10799,41805
10799,41806
10799,41807
10799,41808
10799,41809
10799,41810
10799,41811
10799,41812
10799,41813
10799,41814
10799,41815
10799,41816
10799,41817
10799,41818
10799,41819
10799,41820
10799,41821
10799,41822
10799,41823
10799,41824
10799,41825
10799,41826
10799,41827
10799,41828
10799,41829
10799,41830
10799,41831
10799,41832
10799,41833
10799,41834
10799,41835
10799,41836
10799,41837
10799,41838
10799,41839
10799,41840
10799,41841
10799,41842
10799,41843
10799,41844
10799,41845
10799,41846
10799,41847
10799,41848
10799,41849
10799,41850
10799,41851
10799,41852
10799,41853
10799,41854
10799,41855
10799,41856
10799,41857
10799,41858
10799,41859
10799,41860
10799,41861
10799,41862
10799,41863
10799,41864
10799,41865
10799,41866
10799,41867
10799,41868
10799,41869
10799,41870
10799,41871
10799,41872
10799,41873
10799,41874
10799,41875
10799,41876
10799,41877
10799,41878
10799,41879
10799,41880
10799,41881
10799,41882
10799,41883
10799,41884
10799,41885
10799,41886
10799,41887
10799,41888
10799,41889
10799,41890
10799,41891
10799,41892
10799,41893
10799,41894
10799,41895
10799,41896
10799,41897
10799,41898
10799,41899
10799,41900
10799,41901
10799,41902
10799,41903
10799,41904
10799,41905
10799,41906
10799,41907
10799,41908
10799,41909
10799,41910
10799,41911
10800,41717
10800,41718
10800,41719
10800,41720
10800,41721
10800,41722
10800,41723
10800,41724
10800,41725
10800,41726
10800,41727
10800,41728
10800,41729
10800,41730
10800,41731
10800,41732
10800,41733
10800,41734
10800,41735
10800,41736
10800,41737
10800,41738
10800,41739
10800,41740
10800,41741
10800,41742
10800,41743
10800,41744
10800,41745
10800,41746
10800,41747
10800,41748
10800,41749
10800,41750
10800,41751
10800,41752
10800,41753
10800,41754
10800,41755
10800,41756
10800,41757
10800,41758
10800,41759
10800,41760
10800,41761
10800,41762
10800,41763
10800,41764
10800,41765
10800,41766
10800,41767
10800,41768
10800,41769
10800,41770
10800,41771
10800,41772
10800,41773
10800,41774
10800,41775
10800,41776
10800,41777
10800,41778
10800,41779
10800,41780
10800,41781
10800,41782
10800,41783
10800,41784
10800,41785
10800,41786
10800,41787
10800,41788
10800,41789
10800,41790
10800,41791
10800,41792
10800,41793
10800,41794
10800,41795
10800,41796
10800,41797
10800,41798
10800,41799
10800,41800
10800,41801
10800,41802
10800,41803
10800,41804
10800,41805
10800,41806
10800,41807
10800,41808
10800,41809
10800,41810
10800,41811
10800,41812
10800,41813
10800,41814
10800,41815
10800,41816
10800,41817
10800,41818
10800,41819
10800,41820
10800,41821
10800,41822
10800,41823
10800,41824
10800,41825
10800,41826
10800,41827
10800,41828
10800,41829
10800,41830
10800,41831
10800,41832
10800,41833
10800,41834
10800,41835
10800,41836
10800,41837
10800,41838
10800,41839
10800,41840
10800,41841
10800,41842
10800,41843
10800,41844
10800,41845
10800,41846
10800,41847
10800,41848
10800,41849
10800,41850
10800,41851
10800,41852
10800,41853
10800,41854
10800,41855
10800,41856
10800,41857
10800,41858
10800,41859
10800,41860
10800,41861
10800,41862
10800,41863
10800,41864
10800,41865
10800,41866
10800,41867
10800,41868
10800,41869
10800,41870
10800,41871
10800,41872
10800,41873
10800,41874
10800,41875
10800,41876
10800,41877
10800,41878
10800,41879
10800,41880
10800,41881
10800,41882
10800,41883
10800,41884
10800,41885
10800,41886
10800,41887
10800,41888
10800,41889
10800,41890
10800,41891
10800,41892
10800,41893
10800,41894
10800,41895
10800,41896
10800,41897
10800,41898
10800,41899
10800,41900
10800,41901
10800,41902
10800,41903
10800,41904
10800,41905
10800,41906
10800,41908
10801,41717
10801,41718
10801,41719
10801,41720
10801,41721
10801,41722
10801,41723
10801,41724
10801,41725
10801,41726
10801,41727
10801,41728
10801,41729
10801,41730
10801,41731
10801,41732
10801,41733
10801,41734
10801,41735
10801,41736
10801,41737
10801,41738
10801,41739
10801,41740
10801,41741
10801,41742
10801,41743
10801,41744
10801,41745
10801,41746
10801,41747
10801,41748
10801,41749
10801,41750
10801,41751
10801,41752
10801,41753
10801,41754
10801,41755
10801,41756
10801,41757
10801,41758
10801,41759
10801,41760
10801,41761
10801,41762
10801,41763
10801,41764
10801,41765
10801,41766
10801,41767
10801,41768
10801,41769
10801,41770
10801,41771
10801,41772
10801,41773
10801,41774
10801,41775
10801,41776
10801,41777
10801,41778
10801,41779
10801,41780
10801,41781
10801,41782
10801,41783
10801,41784
10801,41785
10801,41786
10801,41787
10801,41788
10801,41789
10801,41790
10801,41791
10801,41792
10801,41793
10801,41794
10801,41795
10801,41796
10801,41797
10801,41798
10801,41799
10801,41800
10801,41801
10801,41802
10801,41803
10801,41804
10801,41805
10801,41806
10801,41807
10801,41808
10801,41809
10801,41810
10801,41811
10801,41812
10801,41813
10801,41814
10801,41815
10801,41816
10801,41817
10801,41818
10801,41819
10801,41820
10801,41821
10801,41822
10801,41823
10801,41824
10801,41825
10801,41826
10801,41827
10801,41828
10801,41829
10801,41830
10801,41831
10801,41832
10801,41833
10801,41834
10801,41835
10801,41836
10801,41837
10801,41838
10801,41839
10801,41840
10801,41841
10801,41842
10801,41843
10801,41844
10801,41845
10801,41846
10801,41847
10801,41848
10801,41849
10801,41850
10801,41851
10801,41852
10801,41853
10801,41854
10801,41855
10801,41856
10801,41857
10801,41858
10801,41859
10801,41860
10801,41861
10801,41862
10801,41863
10801,41864
10801,41865
10801,41866
10801,41867
10801,41868
10801,41869
10801,41870
10801,41871
10801,41872
10801,41873
10801,41874
10801,41875
10801,41876
10801,41877
10801,41878
10801,41879
10801,41880
10801,41881
10801,41882
10801,41883
10801,41884
10801,41885
10801,41886
10801,41887
10801,41888
10801,41889
10801,41890
10801,41891
10801,41892
10801,41893
10801,41894
10801,41895
10801,41896
10801,41897
10801,41898
10801,41899
10801,41900
10801,41901
10801,41902
10801,41903
10801,41904
10801,41905
10802,41718
10802,41719
10802,41720
10802,41721
10802,41722
10802,41723
10802,41724
10802,41725
10802,41726
10802,41727
10802,41728
10802,41729
10802,41730
10802,41731
10802,41732
10802,41733
10802,41734
10802,41735
10802,41736
10802,41737
10802,41738
10802,41739
10802,41740
10802,41741
10802,41742
10802,41743
10802,41744
10802,41745
10802,41746
10802,41747
10802,41748
10802,41749
10802,41750
10802,41751
10802,41752
10802,41753
10802,41754
10802,41755
10802,41756
10802,41757
10802,41758
10802,41759
10802,41760
10802,41761
10802,41762
10802,41763
10802,41764
10802,41765
10802,41766
10802,41767
10802,41768
10802,41769
10802,41770
10802,41771
10802,41772
10802,41773
10802,41774
10802,41775
10802,41776
10802,41777
10802,41778
10802,41779
10802,41780
10802,41781
10802,41782
10802,41783
10802,41784
10802,41785
10802,41786
10802,41787
10802,41788
10802,41789
10802,41790
10802,41791
10802,41792
10802,41793
10802,41794
10802,41795
10802,41796
10802,41797
10802,41798
10802,41799
10802,41800
10802,41801
10802,41802
10802,41803
10802,41804
10802,41805
10802,41806
10802,41807
10802,41808
10802,41809
10802,41810
10802,41811
10802,41812
10802,41813
10802,41814
10802,41815
10802,41816
10802,41817
10802,41818
10802,41819
10802,41820
10802,41821
10802,41822
10802,41823
10802,41824
10802,41825
10802,41826
10802,41827
10802,41828
10802,41829
10802,41830
10802,41831
10802,41832
10802,41833
10802,41834
10802,41835
10802,41836
10802,41837
10802,41838
10802,41839
10802,41840
10802,41841
10802,41842
10802,41843
10802,41844
10802,41845
10802,41846
10802,41847
10802,41848
10802,41849
10802,41850
10802,41851
10802,41852
10802,41853
10802,41854
10802,41855
10802,41856
10802,41857
10802,41858
10802,41859
10802,41860
10802,41861
10802,41862
10802,41863
10802,41864
10802,41865
10802,41866
10802,41867
10802,41868
10802,41869
10802,41870
10802,41871
10802,41872
10802,41873
10802,41874
10802,41875
10802,41876
10802,41877
10802,41878
10802,41879
10802,41880
10802,41881
10802,41882
10802,41883
10802,41884
10802,41885
10802,41886
10802,41887
10802,41888
10802,41889
10802,41890
10802,41891
10802,41892
10802,41893
10802,41894
10802,41895
10802,41896
10802,41897
10802,41898
10802,41899
10802,41900
10802,41901
10802,41902
10802,41903
10802,41904
10803,41718
10803,41719
10803,41720
10803,41721
10803,41722
10803,41723
10803,41724
10803,41725
10803,41726
10803,41727
10803,41728
10803,41729
10803,41730
10803,41731
10803,41732
10803,41733
10803,41734
10803,41735
10803,41736
10803,41737
10803,41738
10803,41739
10803,41740
10803,41741
10803,41742
10803,41743
10803,41744
10803,41745
10803,41746
10803,41747
10803,41748
10803,41749
10803,41750
10803,41751
10803,41752
10803,41753
10803,41754
10803,41755
10803,41756
10803,41757
10803,41758
10803,41759
10803,41760
10803,41761
10803,41762
10803,41763
10803,41764
10803,41765
10803,41766
10803,41767
10803,41768
10803,41769
10803,41770
10803,41771
10803,41772
10803,41773
10803,41774
10803,41775
10803,41776
10803,41777
10803,41778
10803,41779
10803,41780
10803,41781
10803,41782
10803,41783
10803,41784
10803,41785
10803,41786
10803,41787
10803,41788
10803,41789
10803,41790
10803,41791
10803,41792
10803,41793
10803,41794
10803,41795
10803,41796
10803,41797
10803,41798
10803,41799
10803,41800
10803,41801
10803,41802
10803,41803
10803,41804
10803,41805
10803,41806
10803,41807
10803,41808
10803,41809
10803,41810
10803,41811
10803,41812
10803,41813
10803,41814
10803,41815
10803,41816
10803,41817
10803,41818
10803,41819
10803,41820
10803,41821
10803,41822
10803,41823
10803,41824
10803,41825
10803,41826
10803,41827
10803,41828
10803,41829
10803,41830
10803,41831
10803,41832
10803,41833
10803,41834
10803,41835
10803,41836
10803,41837
10803,41838
10803,41839
10803,41840
10803,41841
10803,41842
10803,41843
10803,41844
10803,41845
10803,41846
10803,41847
10803,41848
10803,41849
10803,41850
10803,41851
10803,41852
10803,41853
10803,41854
10803,41855
10803,41856
10803,41857
10803,41858
10803,41859
10803,41860
10803,41861
10803,41862
10803,41863
10803,41864
10803,41865
10803,41866
10803,41867
10803,41868
10803,41869
10803,41870
10803,41871
10803,41872
10803,41873
10803,41874
10803,41875
10803,41876
10803,41877
10803,41878
10803,41879
10803,41880
10803,41881
10803,41882
10803,41883
10803,41884
10803,41885
10803,41886
10803,41887
10803,41888
10803,41889
10803,41890
10803,41891
10803,41892
10803,41893
10803,41894
10803,41895
10803,41896
10803,41897
10803,41898
10803,41899
10803,41900
10803,41901
10803,41902
10803,41903
10804,41718
10804,41719
10804,41720
10804,41721
10804,41722
10804,41723
10804,41724
10804,41725
10804,41726
10804,41727
10804,41728
10804,41729
10804,41730
10804,41731
10804,41732
10804,41733
10804,41734
10804,41735
10804,41736
10804,41737
10804,41738
10804,41739
10804,41740
10804,41741
10804,41742
10804,41743
10804,41744
10804,41745
10804,41746
10804,41747
10804,41748
10804,41749
10804,41750
10804,41751
10804,41752
10804,41753
10804,41754
10804,41755
10804,41756
10804,41757
10804,41758
10804,41759
10804,41760
10804,41761
10804,41762
10804,41763
10804,41764
10804,41765
10804,41766
10804,41767
10804,41768
10804,41769
10804,41770
10804,41771
10804,41772
10804,41773
10804,41774
10804,41775
10804,41776
10804,41777
10804,41778
10804,41779
10804,41780
10804,41781
10804,41782
10804,41783
10804,41784
10804,41785
10804,41786
10804,41787
10804,41788
10804,41789
10804,41790
10804,41791
10804,41792
10804,41793
10804,41794
10804,41795
10804,41796
10804,41797
10804,41798
10804,41799
10804,41800
10804,41801
10804,41802
10804,41803
10804,41804
10804,41805
10804,41806
10804,41807
10804,41808
10804,41809
10804,41810
10804,41811
10804,41812
10804,41813
10804,41814
10804,41815
10804,41816
10804,41817
10804,41818
10804,41819
10804,41820
10804,41821
10804,41822
10804,41823
10804,41824
10804,41825
10804,41826
10804,41827
10804,41828
10804,41829
10804,41830
10804,41831
10804,41832
10804,41833
10804,41834
10804,41835
10804,41836
10804,41837
10804,41838
10804,41839
10804,41840
10804,41841
10804,41842
10804,41843
10804,41844
10804,41845
10804,41846
10804,41847
10804,41848
10804,41849
10804,41850
10804,41851
10804,41852
10804,41853
10804,41854
10804,41855
10804,41856
10804,41857
10804,41858
10804,41859
10804,41860
10804,41861
10804,41862
10804,41863
10804,41864
10804,41865
10804,41866
10804,41867
10804,41868
10804,41869
10804,41870
10804,41871
10804,41872
10804,41873
10804,41874
10804,41875
10804,41876
10804,41877
10804,41878
10804,41879
10804,41880
10804,41881
10804,41882
10804,41883
10804,41884
10804,41885
10804,41886
10804,41887
10804,41888
10804,41889
10804,41890
10804,41891
10804,41892
10804,41893
10804,41894
10804,41895
10804,41896
10804,41897
10804,41898
10804,41899
10804,41900
10804,41901
10804,41902
10804,41903
10805,41719
10805,41720
10805,41721
10805,41722
10805,41723
10805,41724
10805,41725
10805,41726
10805,41727
10805,41728
10805,41729
10805,41730
10805,41731
10805,41732
10805,41733
10805,41734
10805,41735
10805,41736
10805,41737
10805,41738
10805,41739
10805,41740
10805,41741
10805,41742
10805,41743
10805,41744
10805,41745
10805,41746
10805,41747
10805,41748
10805,41749
10805,41750
10805,41751
10805,41752
10805,41753
10805,41754
10805,41755
10805,41756
10805,41757
10805,41758
10805,41759
10805,41760
10805,41761
10805,41762
10805,41763
10805,41764
10805,41765
10805,41766
10805,41767
10805,41768
10805,41769
10805,41770
10805,41771
10805,41772
10805,41773
10805,41774
10805,41775
10805,41776
10805,41777
10805,41778
10805,41779
10805,41780
10805,41781
10805,41782
10805,41783
10805,41784
10805,41785
10805,41786
10805,41787
10805,41788
10805,41789
10805,41790
10805,41791
10805,41792
10805,41793
10805,41794
10805,41795
10805,41796
10805,41797
10805,41798
10805,41799
10805,41800
10805,41801
10805,41802
10805,41803
10805,41804
10805,41805
10805,41806
10805,41807
10805,41808
10805,41809
10805,41810
10805,41811
10805,41812
10805,41813
10805,41814
10805,41815
10805,41816
10805,41817
10805,41818
10805,41819
10805,41820
10805,41821
10805,41822
10805,41823
10805,41824
10805,41825
10805,41826
10805,41827
10805,41828
10805,41829
10805,41830
10805,41831
10805,41832
10805,41833
10805,41834
10805,41835
10805,41836
10805,41837
10805,41838
10805,41839
10805,41840
10805,41841
10805,41842
10805,41843
10805,41844
10805,41845
10805,41846
10805,41847
10805,41848
10805,41849
10805,41850
10805,41851
10805,41852
10805,41853
10805,41854
10805,41855
10805,41856
10805,41857
10805,41858
10805,41859
10805,41860
10805,41861
10805,41862
10805,41863
10805,41864
10805,41865
10805,41866
10805,41867
10805,41868
10805,41869
10805,41870
10805,41871
10805,41872
10805,41873
10805,41874
10805,41875
10805,41876
10805,41877
10805,41878
10805,41879
10805,41880
10805,41881
10805,41882
10805,41883
10805,41884
10805,41885
10805,41886
10805,41887
10805,41888
10805,41889
10805,41890
10805,41891
10805,41892
10805,41893
10805,41894
10805,41895
10805,41896
10805,41897
10805,41898
10805,41899
10805,41900
10805,41901
10805,41902
10805,41903
10805,41904
10806,41719
10806,41720
10806,41721
10806,41722
10806,41723
10806,41724
10806,41725
10806,41726
10806,41727
10806,41728
10806,41729
10806,41730
10806,41731
10806,41732
10806,41733
10806,41734
10806,41735
10806,41736
10806,41737
10806,41738
10806,41739
10806,41740
10806,41741
10806,41742
10806,41743
10806,41744
10806,41745
10806,41746
10806,41747
10806,41748
10806,41749
10806,41750
10806,41751
10806,41752
10806,41753
10806,41754
10806,41755
10806,41756
10806,41757
10806,41758
10806,41759
10806,41760
10806,41761
10806,41762
10806,41763
10806,41764
10806,41765
10806,41766
10806,41767
10806,41768
10806,41769
10806,41770
10806,41771
10806,41772
10806,41773
10806,41774
10806,41775
10806,41776
10806,41777
10806,41778
10806,41779
10806,41780
10806,41781
10806,41782
10806,41783
10806,41784
10806,41785
10806,41786
10806,41787
10806,41788
10806,41789
10806,41790
10806,41791
10806,41792
10806,41793
10806,41794
10806,41795
10806,41796
10806,41797
10806,41798
10806,41799
10806,41800
10806,41801
10806,41802
10806,41803
10806,41804
10806,41805
10806,41806
10806,41807
10806,41808
10806,41809
10806,41810
10806,41811
10806,41812
10806,41813
10806,41814
10806,41815
10806,41816
10806,41817
10806,41818
10806,41819
10806,41820
10806,41821
10806,41822
10806,41823
10806,41824
10806,41825
10806,41826
10806,41827
10806,41828
10806,41829
10806,41830
10806,41831
10806,41832
10806,41833
10806,41834
10806,41835
10806,41836
10806,41837
10806,41838
10806,41839
10806,41840
10806,41841
10806,41842
10806,41843
10806,41844
10806,41845
10806,41846
10806,41847
10806,41848
10806,41849
10806,41850
10806,41851
10806,41852
10806,41853
10806,41854
10806,41855
10806,41856
10806,41857
10806,41858
10806,41859
10806,41860
10806,41861
10806,41862
10806,41863
10806,41864
10806,41865
10806,41866
10806,41867
10806,41868
10806,41869
10806,41870
10806,41871
10806,41872
10806,41873
10806,41874
10806,41875
10806,41876
10806,41877
10806,41878
10806,41879
10806,41880
10806,41881
10806,41882
10806,41883
10806,41884
10806,41885
10806,41886
10806,41887
10806,41888
10806,41889
10806,41890
10806,41891
10806,41892
10806,41893
10806,41894
10806,41895
10806,41896
10806,41897
10806,41898
10806,41899
10806,41900
10806,41901
10806,41902
10806,41903
10807,41718
10807,41719
10807,41720
10807,41721
10807,41722
10807,41723
10807,41724
10807,41725
10807,41726
10807,41727
10807,41728
10807,41729
10807,41730
10807,41731
10807,41732
10807,41733
10807,41734
10807,41735
10807,41736
10807,41737
10807,41738
10807,41739
10807,41740
10807,41741
10807,41742
10807,41743
10807,41744
10807,41745
10807,41746
10807,41747
10807,41748
10807,41749
10807,41750
10807,41751
10807,41752
10807,41753
10807,41754
10807,41755
10807,41756
10807,41757
10807,41758
10807,41759
10807,41760
10807,41761
10807,41762
10807,41763
10807,41764
10807,41765
10807,41766
10807,41767
10807,41768
10807,41769
10807,41770
10807,41771
10807,41772
10807,41773
10807,41774
10807,41775
10807,41776
10807,41777
10807,41778
10807,41779
10807,41780
10807,41781
10807,41782
10807,41783
10807,41784
10807,41785
10807,41786
10807,41787
10807,41788
10807,41789
10807,41790
10807,41791
10807,41792
10807,41793
10807,41794
10807,41795
10807,41796
10807,41797
10807,41798
10807,41799
10807,41800
10807,41801
10807,41802
10807,41803
10807,41804
10807,41805
10807,41806
10807,41807
10807,41808
10807,41809
10807,41810
10807,41811
10807,41812
10807,41813
10807,41814
10807,41815
10807,41816
10807,41817
10807,41818
10807,41819
10807,41820
10807,41821
10807,41822
10807,41823
10807,41824
10807,41825
10807,41826
10807,41827
10807,41828
10807,41829
10807,41830
10807,41831
10807,41832
10807,41833
10807,41834
10807,41835
10807,41836
10807,41837
10807,41838
10807,41839
10807,41840
10807,41841
10807,41842
10807,41843
10807,41844
10807,41845
10807,41846
10807,41847
10807,41848
10807,41849
10807,41850
10807,41851
10807,41852
10807,41853
10807,41854
10807,41855
10807,41856
10807,41857
10807,41858
10807,41859
10807,41860
10807,41861
10807,41862
10807,41863
10807,41864
10807,41865
10807,41866
10807,41867
10807,41868
10807,41869
10807,41870
10807,41871
10807,41872
10807,41873
10807,41874
10807,41875
10807,41876
10807,41877
10807,41878
10807,41879
10807,41880
10807,41881
10807,41882
10807,41883
10807,41884
10807,41885
10807,41886
10807,41887
10807,41888
10807,41889
10807,41890
10807,41891
10807,41892
10807,41893
10807,41894
10807,41895
10807,41896
10807,41897
10807,41898
10807,41899
10807,41900
10807,41901
10807,41902
10807,41903
10808,41718
10808,41719
10808,41720
10808,41721
10808,41722
10808,41723
10808,41724
10808,41725
10808,41726
10808,41727
10808,41728
10808,41729
10808,41730
10808,41731
10808,41732
10808,41733
10808,41734
10808,41735
10808,41736
10808,41737
10808,41738
10808,41739
10808,41740
10808,41741
10808,41742
10808,41743
10808,41744
10808,41745
10808,41746
10808,41747
10808,41748
10808,41749
10808,41750
10808,41751
10808,41752
10808,41753
10808,41754
10808,41755
10808,41756
10808,41757
10808,41758
10808,41759
10808,41760
10808,41761
10808,41762
10808,41763
10808,41764
10808,41765
10808,41766
10808,41767
10808,41768
10808,41769
10808,41770
10808,41771
10808,41772
10808,41773
10808,41774
10808,41775
10808,41776
10808,41777
10808,41778
10808,41779
10808,41780
10808,41781
10808,41782
10808,41783
10808,41784
10808,41785
10808,41786
10808,41787
10808,41788
10808,41789
10808,41790
10808,41791
10808,41792
10808,41793
10808,41794
10808,41795
10808,41796
10808,41797
10808,41798
10808,41799
10808,41800
10808,41801
10808,41802
10808,41803
10808,41804
10808,41805
10808,41806
10808,41807
10808,41808
10808,41809
10808,41810
10808,41811
10808,41812
10808,41813
10808,41814
10808,41815
10808,41816
10808,41817
10808,41818
10808,41819
10808,41820
10808,41821
10808,41822
10808,41823
10808,41824
10808,41825
10808,41826
10808,41827
10808,41828
10808,41829
10808,41830
10808,41831
10808,41832
10808,41833
10808,41834
10808,41835
10808,41836
10808,41837
10808,41838
10808,41839
10808,41840
10808,41841
10808,41842
10808,41843
10808,41844
10808,41845
10808,41846
10808,41847
10808,41848
10808,41849
10808,41850
10808,41851
10808,41852
10808,41853
10808,41854
10808,41855
10808,41856
10808,41857
10808,41858
10808,41859
10808,41860
10808,41861
10808,41862
10808,41863
10808,41864
10808,41865
10808,41866
10808,41867
10808,41868
10808,41869
10808,41870
10808,41871
10808,41872
10808,41873
10808,41874
10808,41875
10808,41876
10808,41877
10808,41878
10808,41879
10808,41880
10808,41881
10808,41882
10808,41883
10808,41884
10808,41885
10808,41886
10808,41887
10808,41888
10808,41889
10808,41890
10808,41891
10808,41892
10808,41893
10808,41894
10808,41895
10808,41896
10808,41897
10808,41898
10808,41899
10808,41900
10808,41901
10808,41902
10808,41903
10809,41718
10809,41719
10809,41720
10809,41721
10809,41722
10809,41723
10809,41724
10809,41725
10809,41726
10809,41727
10809,41728
10809,41729
10809,41730
10809,41731
10809,41732
10809,41733
10809,41734
10809,41735
10809,41736
10809,41737
10809,41738
10809,41739
10809,41740
10809,41741
10809,41742
10809,41743
10809,41744
10809,41745
10809,41746
10809,41747
10809,41748
10809,41749
10809,41750
10809,41751
10809,41752
10809,41753
10809,41754
10809,41755
10809,41756
10809,41757
10809,41758
10809,41759
10809,41760
10809,41761
10809,41762
10809,41763
10809,41764
10809,41765
10809,41766
10809,41767
10809,41768
10809,41769
10809,41770
10809,41771
10809,41772
10809,41773
10809,41774
10809,41775
10809,41776
10809,41777
10809,41778
10809,41779
10809,41780
10809,41781
10809,41782
10809,41783
10809,41784
10809,41785
10809,41786
10809,41787
10809,41788
10809,41789
10809,41790
10809,41791
10809,41792
10809,41793
10809,41794
10809,41795
10809,41796
10809,41797
10809,41798
10809,41799
10809,41800
10809,41801
10809,41802
10809,41803
10809,41804
10809,41805
10809,41806
10809,41807
10809,41808
10809,41809
10809,41810
10809,41811
10809,41812
10809,41813
10809,41814
10809,41815
10809,41816
10809,41817
10809,41818
10809,41819
10809,41820
10809,41821
10809,41822
10809,41823
10809,41824
10809,41825
10809,41826
10809,41827
10809,41828
10809,41829
10809,41830
10809,41831
10809,41832
10809,41833
10809,41834
10809,41835
10809,41836
10809,41837
10809,41838
10809,41839
10809,41840
10809,41841
10809,41842
10809,41843
10809,41844
10809,41845
10809,41846
10809,41847
10809,41848
10809,41849
10809,41850
10809,41851
10809,41852
10809,41853
10809,41854
10809,41855
10809,41856
10809,41857
10809,41858
10809,41859
10809,41860
10809,41861
10809,41862
10809,41863
10809,41864
10809,41865
10809,41866
10809,41867
10809,41868
10809,41869
10809,41870
10809,41871
10809,41872
10809,41873
10809,41874
10809,41875
10809,41876
10809,41877
10809,41878
10809,41879
10809,41880
10809,41881
10809,41882
10809,41883
10809,41884
10809,41885
10809,41886
10809,41887
10809,41888
10809,41889
10809,41890
10809,41891
10809,41892
10809,41893
10809,41894
10809,41895
10809,41896
10809,41897
10809,41898
10809,41899
10809,41900
10809,41901
10809,41902
10810,41717
10810,41718
10810,41719
10810,41720
10810,41721
10810,41722
10810,41723
10810,41724
10810,41725
10810,41726
10810,41727
10810,41728
10810,41729
10810,41730
10810,41731
10810,41732
10810,41733
10810,41734
10810,41735
10810,41736
10810,41737
10810,41738
10810,41739
10810,41740
10810,41741
10810,41742
10810,41743
10810,41744
10810,41745
10810,41746
10810,41747
10810,41748
10810,41749
10810,41750
10810,41751
10810,41752
10810,41753
10810,41754
10810,41755
10810,41756
10810,41757
10810,41758
10810,41759
10810,41760
10810,41761
10810,41762
10810,41763
10810,41764
10810,41765
10810,41766
10810,41767
10810,41768
10810,41769
10810,41770
10810,41771
10810,41772
10810,41773
10810,41774
10810,41775
10810,41776
10810,41777
10810,41778
10810,41779
10810,41780
10810,41781
10810,41782
10810,41783
10810,41784
10810,41785
10810,41786
10810,41787
10810,41788
10810,41789
10810,41790
10810,41791
10810,41792
10810,41793
10810,41794
10810,41795
10810,41796
10810,41797
10810,41798
10810,41799
10810,41800
10810,41801
10810,41802
10810,41803
10810,41804
10810,41805
10810,41806
10810,41807
10810,41808
10810,41809
10810,41810
10810,41811
10810,41812
10810,41813
10810,41814
10810,41815
10810,41816
10810,41817
10810,41818
10810,41819
10810,41820
10810,41821
10810,41822
10810,41823
10810,41824
10810,41825
10810,41826
10810,41827
10810,41828
10810,41829
10810,41830
10810,41831
10810,41832
10810,41833
10810,41834
10810,41835
10810,41836
10810,41837
10810,41838
10810,41839
10810,41840
10810,41841
10810,41842
10810,41843
10810,41844
10810,41845
10810,41846
10810,41847
10810,41848
10810,41849
10810,41850
10810,41851
10810,41852
10810,41853
10810,41854
10810,41855
10810,41856
10810,41857
10810,41858
10810,41859
10810,41860
10810,41861
10810,41862
10810,41863
10810,41864
10810,41865
10810,41866
10810,41867
10810,41868
10810,41869
10810,41870
10810,41871
10810,41872
10810,41873
10810,41874
10810,41875
10810,41876
10810,41877
10810,41878
10810,41879
10810,41880
10810,41881
10810,41882
10810,41883
10810,41884
10810,41885
10810,41886
10810,41887
10810,41888
10810,41889
10810,41890
10810,41891
10810,41892
10810,41893
10810,41894
10810,41895
10810,41896
10810,41897
10810,41898
10810,41899
10810,41900
10810,41901
10810,41902
10811,41718
10811,41719
10811,41720
10811,41721
10811,41722
10811,41723
10811,41724
10811,41725
10811,41726
10811,41727
10811,41728
10811,41729
10811,41730
10811,41731
10811,41732
10811,41733
10811,41734
10811,41735
10811,41736
10811,41737
10811,41738
10811,41739
10811,41740
10811,41741
10811,41742
10811,41743
10811,41744
10811,41745
10811,41746
10811,41747
10811,41748
10811,41749
10811,41750
10811,41751
10811,41752
10811,41753
10811,41754
10811,41755
10811,41756
10811,41757
10811,41758
10811,41759
10811,41760
10811,41761
10811,41762
10811,41763
10811,41764
10811,41765
10811,41766
10811,41767
10811,41768
10811,41769
10811,41770
10811,41771
10811,41772
10811,41773
10811,41774
10811,41775
10811,41776
10811,41777
10811,41778
10811,41779
10811,41780
10811,41781
10811,41782
10811,41783
10811,41784
10811,41785
10811,41786
10811,41787
10811,41788
10811,41789
10811,41790
10811,41791
10811,41792
10811,41793
10811,41794
10811,41795
10811,41796
10811,41797
10811,41798
10811,41799
10811,41800
10811,41801
10811,41802
10811,41803
10811,41804
10811,41805
10811,41806
10811,41807
10811,41808
10811,41809
10811,41810
10811,41811
10811,41812
10811,41813
10811,41814
10811,41815
10811,41816
10811,41817
10811,41818
10811,41819
10811,41820
10811,41821
10811,41822
10811,41823
10811,41824
10811,41825
10811,41826
10811,41827
10811,41828
10811,41829
10811,41830
10811,41831
10811,41832
10811,41833
10811,41834
10811,41835
10811,41836
10811,41837
10811,41838
10811,41839
10811,41840
10811,41841
10811,41842
10811,41843
10811,41844
10811,41845
10811,41846
10811,41847
10811,41848
10811,41849
10811,41850
10811,41851
10811,41852
10811,41853
10811,41854
10811,41855
10811,41856
10811,41857
10811,41858
10811,41859
10811,41860
10811,41861
10811,41862
10811,41863
10811,41864
10811,41865
10811,41866
10811,41867
10811,41868
10811,41869
10811,41870
10811,41871
10811,41872
10811,41873
10811,41874
10811,41875
10811,41876
10811,41877
10811,41878
10811,41879
10811,41880
10811,41881
10811,41882
10811,41883
10811,41884
10811,41885
10811,41886
10811,41887
10811,41888
10811,41889
10811,41890
10811,41891
10811,41892
10811,41893
10811,41894
10811,41895
10811,41896
10811,41897
10811,41898
10811,41899
10811,41900
10811,41901
10812,41717
10812,41718
10812,41719
10812,41720
10812,41721
10812,41722
10812,41723
10812,41724
10812,41725
10812,41726
10812,41727
10812,41728
10812,41729
10812,41730
10812,41731
10812,41732
10812,41733
10812,41734
10812,41735
10812,41736
10812,41737
10812,41738
10812,41739
10812,41740
10812,41741
10812,41742
10812,41743
10812,41744
10812,41745
10812,41746
10812,41747
10812,41748
10812,41749
10812,41750
10812,41751
10812,41752
10812,41753
10812,41754
10812,41755
10812,41756
10812,41757
10812,41758
10812,41759
10812,41760
10812,41761
10812,41762
10812,41763
10812,41764
10812,41765
10812,41766
10812,41767
10812,41768
10812,41769
10812,41770
10812,41771
10812,41772
10812,41773
10812,41774
10812,41775
10812,41776
10812,41777
10812,41778
10812,41779
10812,41780
10812,41781
10812,41782
10812,41783
10812,41784
10812,41785
10812,41786
10812,41787
10812,41788
10812,41789
10812,41790
10812,41791
10812,41792
10812,41793
10812,41794
10812,41795
10812,41796
10812,41797
10812,41798
10812,41799
10812,41800
10812,41801
10812,41802
10812,41803
10812,41804
10812,41805
10812,41806
10812,41807
10812,41808
10812,41809
10812,41810
10812,41811
10812,41812
10812,41813
10812,41814
10812,41815
10812,41816
10812,41817
10812,41818
10812,41819
10812,41820
10812,41821
10812,41822
10812,41823
10812,41824
10812,41825
10812,41826
10812,41827
10812,41828
10812,41829
10812,41830
10812,41831
10812,41832
10812,41833
10812,41834
10812,41835
10812,41836
10812,41837
10812,41838
10812,41839
10812,41840
10812,41841
10812,41842
10812,41843
10812,41844
10812,41845
10812,41846
10812,41847
10812,41848
10812,41849
10812,41850
10812,41851
10812,41852
10812,41853
10812,41854
10812,41855
10812,41856
10812,41857
10812,41858
10812,41859
10812,41860
10812,41861
10812,41862
10812,41863
10812,41864
10812,41865
10812,41866
10812,41867
10812,41868
10812,41869
10812,41870
10812,41871
10812,41872
10812,41873
10812,41874
10812,41875
10812,41876
10812,41877
10812,41878
10812,41879
10812,41880
10812,41881
10812,41882
10812,41883
10812,41884
10812,41885
10812,41886
10812,41887
10812,41888
10812,41889
10812,41890
10812,41891
10812,41892
10812,41893
10812,41894
10812,41895
10812,41896
10812,41897
10812,41898
10812,41899
10812,41900
10812,41901
10813,41718
10813,41719
10813,41720
10813,41721
10813,41722
10813,41723
10813,41724
10813,41725
10813,41726
10813,41727
10813,41728
10813,41729
10813,41730
10813,41731
10813,41732
10813,41733
10813,41734
10813,41735
10813,41736
10813,41737
10813,41738
10813,41739
10813,41740
10813,41741
10813,41742
10813,41743
10813,41744
10813,41745
10813,41746
10813,41747
10813,41748
10813,41749
10813,41750
10813,41751
10813,41752
10813,41753
10813,41754
10813,41755
10813,41756
10813,41757
10813,41758
10813,41759
10813,41760
10813,41761
10813,41762
10813,41763
10813,41764
10813,41765
10813,41766
10813,41767
10813,41768
10813,41769
10813,41770
10813,41771
10813,41772
10813,41773
10813,41774
10813,41775
10813,41776
10813,41777
10813,41778
10813,41779
10813,41780
10813,41781
10813,41782
10813,41783
10813,41784
10813,41785
10813,41786
10813,41787
10813,41788
10813,41789
10813,41790
10813,41791
10813,41792
10813,41793
10813,41794
10813,41795
10813,41796
10813,41797
10813,41798
10813,41799
10813,41800
10813,41801
10813,41802
10813,41803
10813,41804
10813,41805
10813,41806
10813,41807
10813,41808
10813,41809
10813,41810
10813,41811
10813,41812
10813,41813
10813,41814
10813,41815
10813,41816
10813,41817
10813,41818
10813,41819
10813,41820
10813,41821
10813,41822
10813,41823
10813,41824
10813,41825
10813,41826
10813,41827
10813,41828
10813,41829
10813,41830
10813,41831
10813,41832
10813,41833
10813,41834
10813,41835
10813,41836
10813,41837
10813,41838
10813,41839
10813,41840
10813,41841
10813,41842
10813,41843
10813,41844
10813,41845
10813,41846
10813,41847
10813,41848
10813,41849
10813,41850
10813,41851
10813,41852
10813,41853
10813,41854
10813,41855
10813,41856
10813,41857
10813,41858
10813,41859
10813,41860
10813,41861
10813,41862
10813,41863
10813,41864
10813,41865
10813,41866
10813,41867
10813,41868
10813,41869
10813,41870
10813,41871
10813,41872
10813,41873
10813,41874
10813,41875
10813,41876
10813,41877
10813,41878
10813,41879
10813,41880
10813,41881
10813,41882
10813,41883
10813,41884
10813,41885
10813,41886
10813,41887
10813,41888
10813,41889
10813,41890
10813,41891
10813,41892
10813,41893
10813,41894
10813,41895
10813,41896
10813,41897
10813,41898
10813,41899
10813,41900
10813,41901
10814,41718
10814,41719
10814,41720
10814,41721
10814,41722
10814,41723
10814,41724
10814,41725
10814,41726
10814,41727
10814,41728
10814,41729
10814,41730
10814,41731
10814,41732
10814,41733
10814,41734
10814,41735
10814,41736
10814,41737
10814,41738
10814,41739
10814,41740
10814,41741
10814,41742
10814,41743
10814,41744
10814,41745
10814,41746
10814,41747
10814,41748
10814,41749
10814,41750
10814,41751
10814,41752
10814,41753
10814,41754
10814,41755
10814,41756
10814,41757
10814,41758
10814,41759
10814,41760
10814,41761
10814,41762
10814,41763
10814,41764
10814,41765
10814,41766
10814,41767
10814,41768
10814,41769
10814,41770
10814,41771
10814,41772
10814,41773
10814,41774
10814,41775
10814,41776
10814,41777
10814,41778
10814,41779
10814,41780
10814,41781
10814,41782
10814,41783
10814,41784
10814,41785
10814,41786
10814,41787
10814,41788
10814,41789
10814,41790
10814,41791
10814,41792
10814,41793
10814,41794
10814,41795
10814,41796
10814,41797
10814,41798
10814,41799
10814,41800
10814,41801
10814,41802
10814,41803
10814,41804
10814,41805
10814,41806
10814,41807
10814,41808
10814,41809
10814,41810
10814,41811
10814,41812
10814,41813
10814,41814
10814,41815
10814,41816
10814,41817
10814,41818
10814,41819
10814,41820
10814,41821
10814,41822
10814,41823
10814,41824
10814,41825
10814,41826
10814,41827
10814,41828
10814,41829
10814,41830
10814,41831
10814,41832
10814,41833
10814,41834
10814,41835
10814,41836
10814,41837
10814,41838
10814,41839
10814,41840
10814,41841
10814,41842
10814,41843
10814,41844
10814,41845
10814,41846
10814,41847
10814,41848
10814,41849
10814,41850
10814,41851
10814,41852
10814,41853
10814,41854
10814,41855
10814,41856
10814,41857
10814,41858
10814,41859
10814,41860
10814,41861
10814,41862
10814,41863
10814,41864
10814,41865
10814,41866
10814,41867
10814,41868
10814,41869
10814,41870
10814,41871
10814,41872
10814,41873
10814,41874
10814,41875
10814,41876
10814,41877
10814,41878
10814,41879
10814,41880
10814,41881
10814,41882
10814,41883
10814,41884
10814,41885
10814,41886
10814,41887
10814,41888
10814,41889
10814,41890
10814,41891
10814,41892
10814,41893
10814,41894
10814,41895
10814,41896
10814,41897
10814,41898
10814,41899
10814,41900
10814,41901
10814,41902
10814,41904
10815,41717
10815,41718
10815,41719
10815,41720
10815,41721
10815,41722
10815,41723
10815,41724
10815,41725
10815,41726
10815,41727
10815,41728
10815,41729
10815,41730
10815,41731
10815,41732
10815,41733
10815,41734
10815,41735
10815,41736
10815,41737
10815,41738
10815,41739
10815,41740
10815,41741
10815,41742
10815,41743
10815,41744
10815,41745
10815,41746
10815,41747
10815,41748
10815,41749
10815,41750
10815,41751
10815,41752
10815,41753
10815,41754
10815,41755
10815,41756
10815,41757
10815,41758
10815,41759
10815,41760
10815,41761
10815,41762
10815,41763
10815,41764
10815,41765
10815,41766
10815,41767
10815,41768
10815,41769
10815,41770
10815,41771
10815,41772
10815,41773
10815,41774
10815,41775
10815,41776
10815,41777
10815,41778
10815,41779
10815,41780
10815,41781
10815,41782
10815,41783
10815,41784
10815,41785
10815,41786
10815,41787
10815,41788
10815,41789
10815,41790
10815,41791
10815,41792
10815,41793
10815,41794
10815,41795
10815,41796
10815,41797
10815,41798
10815,41799
10815,41800
10815,41801
10815,41802
10815,41803
10815,41804
10815,41805
10815,41806
10815,41807
10815,41808
10815,41809
10815,41810
10815,41811
10815,41812
10815,41813
10815,41814
10815,41815
10815,41816
10815,41817
10815,41818
10815,41819
10815,41820
10815,41821
10815,41822
10815,41823
10815,41824
10815,41825
10815,41826
10815,41827
10815,41828
10815,41829
10815,41830
10815,41831
10815,41832
10815,41833
10815,41834
10815,41835
10815,41836
10815,41837
10815,41838
10815,41839
10815,41840
10815,41841
10815,41842
10815,41843
10815,41844
10815,41845
10815,41846
10815,41847
10815,41848
10815,41849
10815,41850
10815,41851
10815,41852
10815,41853
10815,41854
10815,41855
10815,41856
10815,41857
10815,41858
10815,41859
10815,41860
10815,41861
10815,41862
10815,41863
10815,41864
10815,41865
10815,41866
10815,41867
10815,41868
10815,41869
10815,41870
10815,41871
10815,41872
10815,41873
10815,41874
10815,41875
10815,41876
10815,41877
10815,41878
10815,41879
10815,41880
10815,41881
10815,41882
10815,41883
10815,41884
10815,41885
10815,41886
10815,41887
10815,41888
10815,41889
10815,41890
10815,41891
10815,41892
10815,41893
10815,41894
10815,41895
10815,41896
10815,41897
10815,41898
10815,41899
10815,41900
10815,41901
10815,41902
10815,41903
10815,41904
10815,41905
10815,41906
10816,41718
10816,41719
10816,41720
10816,41721
10816,41722
10816,41723
10816,41724
10816,41725
10816,41726
10816,41727
10816,41728
10816,41729
10816,41730
10816,41731
10816,41732
10816,41733
10816,41734
10816,41735
10816,41736
10816,41737
10816,41738
10816,41739
10816,41740
10816,41741
10816,41742
10816,41743
10816,41744
10816,41745
10816,41746
10816,41747
10816,41748
10816,41749
10816,41750
10816,41751
10816,41752
10816,41753
10816,41754
10816,41755
10816,41756
10816,41757
10816,41758
10816,41759
10816,41760
10816,41761
10816,41762
10816,41763
10816,41764
10816,41765
10816,41766
10816,41767
10816,41768
10816,41769
10816,41770
10816,41771
10816,41772
10816,41773
10816,41774
10816,41775
10816,41776
10816,41777
10816,41778
10816,41779
10816,41780
10816,41781
10816,41782
10816,41783
10816,41784
10816,41785
10816,41786
10816,41787
10816,41788
10816,41789
10816,41790
10816,41791
10816,41792
10816,41793
10816,41794
10816,41795
10816,41796
10816,41797
10816,41798
10816,41799
10816,41800
10816,41801
10816,41802
10816,41803
10816,41804
10816,41805
10816,41806
10816,41807
10816,41808
10816,41809
10816,41810
10816,41811
10816,41812
10816,41813
10816,41814
10816,41815
10816,41816
10816,41817
10816,41818
10816,41819
10816,41820
10816,41821
10816,41822
10816,41823
10816,41824
10816,41825
10816,41826
10816,41827
10816,41828
10816,41829
10816,41830
10816,41831
10816,41832
10816,41833
10816,41834
10816,41835
10816,41836
10816,41837
10816,41838
10816,41839
10816,41840
10816,41841
10816,41842
10816,41843
10816,41844
10816,41845
10816,41846
10816,41847
10816,41848
10816,41849
10816,41850
10816,41851
10816,41852
10816,41853
10816,41854
10816,41855
10816,41856
10816,41857
10816,41858
10816,41859
10816,41860
10816,41861
10816,41862
10816,41863
10816,41864
10816,41865
10816,41866
10816,41867
10816,41868
10816,41869
10816,41870
10816,41871
10816,41872
10816,41873
10816,41874
10816,41875
10816,41876
10816,41877
10816,41878
10816,41879
10816,41880
10816,41881
10816,41882
10816,41883
10816,41884
10816,41885
10816,41886
10816,41887
10816,41888
10816,41889
10816,41890
10816,41891
10816,41892
10816,41893
10816,41894
10816,41895
10816,41896
10816,41897
10816,41898
10816,41899
10816,41900
10816,41901
10816,41902
10816,41903
10816,41904
10816,41905
10816,41906
10816,41907
10817,41718
10817,41719
10817,41720
10817,41721
10817,41722
10817,41723
10817,41724
10817,41725
10817,41726
10817,41727
10817,41728
10817,41729
10817,41730
10817,41731
10817,41732
10817,41733
10817,41734
10817,41735
10817,41736
10817,41737
10817,41738
10817,41739
10817,41740
10817,41741
10817,41742
10817,41743
10817,41744
10817,41745
10817,41746
10817,41747
10817,41748
10817,41749
10817,41750
10817,41751
10817,41752
10817,41753
10817,41754
10817,41755
10817,41756
10817,41757
10817,41758
10817,41759
10817,41760
10817,41761
10817,41762
10817,41763
10817,41764
10817,41765
10817,41766
10817,41767
10817,41768
10817,41769
10817,41770
10817,41771
10817,41772
10817,41773
10817,41774
10817,41775
10817,41776
10817,41777
10817,41778
10817,41779
10817,41780
10817,41781
10817,41782
10817,41783
10817,41784
10817,41785
10817,41786
10817,41787
10817,41788
10817,41789
10817,41790
10817,41791
10817,41792
10817,41793
10817,41794
10817,41795
10817,41796
10817,41797
10817,41798
10817,41799
10817,41800
10817,41801
10817,41802
10817,41803
10817,41804
10817,41805
10817,41806
10817,41807
10817,41808
10817,41809
10817,41810
10817,41811
10817,41812
10817,41813
10817,41814
10817,41815
10817,41816
10817,41817
10817,41818
10817,41819
10817,41820
10817,41821
10817,41822
10817,41823
10817,41824
10817,41825
10817,41826
10817,41827
10817,41828
10817,41829
10817,41830
10817,41831
10817,41832
10817,41833
10817,41834
10817,41835
10817,41836
10817,41837
10817,41838
10817,41839
10817,41840
10817,41841
10817,41842
10817,41843
10817,41844
10817,41845
10817,41846
10817,41847
10817,41848
10817,41849
10817,41850
10817,41851
10817,41852
10817,41853
10817,41854
10817,41855
10817,41856
10817,41857
10817,41858
10817,41859
10817,41860
10817,41861
10817,41862
10817,41863
10817,41864
10817,41865
10817,41866
10817,41867
10817,41868
10817,41869
10817,41870
10817,41871
10817,41872
10817,41873
10817,41874
10817,41875
10817,41876
10817,41877
10817,41878
10817,41879
10817,41880
10817,41881
10817,41882
10817,41883
10817,41884
10817,41885
10817,41886
10817,41887
10817,41888
10817,41889
10817,41890
10817,41891
10817,41892
10817,41893
10817,41894
10817,41895
10817,41896
10817,41897
10817,41898
10817,41899
10817,41900
10817,41901
10817,41902
10817,41903
10817,41904
10817,41905
10817,41906
10817,41907
10817,41908
10818,41717
10818,41718
10818,41719
10818,41720
10818,41721
10818,41722
10818,41723
10818,41724
10818,41725
10818,41726
10818,41727
10818,41728
10818,41729
10818,41730
10818,41731
10818,41732
10818,41733
10818,41734
10818,41735
10818,41736
10818,41737
10818,41738
10818,41739
10818,41740
10818,41741
10818,41742
10818,41743
10818,41744
10818,41745
10818,41746
10818,41747
10818,41748
10818,41749
10818,41750
10818,41751
10818,41752
10818,41753
10818,41754
10818,41755
10818,41756
10818,41757
10818,41758
10818,41759
10818,41760
10818,41761
10818,41762
10818,41763
10818,41764
10818,41765
10818,41766
10818,41767
10818,41768
10818,41769
10818,41770
10818,41771
10818,41772
10818,41773
10818,41774
10818,41775
10818,41776
10818,41777
10818,41778
10818,41779
10818,41780
10818,41781
10818,41782
10818,41783
10818,41784
10818,41785
10818,41786
10818,41787
10818,41788
10818,41789
10818,41790
10818,41791
10818,41792
10818,41793
10818,41794
10818,41795
10818,41796
10818,41797
10818,41798
10818,41799
10818,41800
10818,41801
10818,41802
10818,41803
10818,41804
10818,41805
10818,41806
10818,41807
10818,41808
10818,41809
10818,41810
10818,41811
10818,41812
10818,41813
10818,41814
10818,41815
10818,41816
10818,41817
10818,41818
10818,41819
10818,41820
10818,41821
10818,41822
10818,41823
10818,41824
10818,41825
10818,41826
10818,41827
10818,41828
10818,41829
10818,41830
10818,41831
10818,41832
10818,41833
10818,41834
10818,41835
10818,41836
10818,41837
10818,41838
10818,41839
10818,41840
10818,41841
10818,41842
10818,41843
10818,41844
10818,41845
10818,41846
10818,41847
10818,41848
10818,41849
10818,41850
10818,41851
10818,41852
10818,41853
10818,41854
10818,41855
10818,41856
10818,41857
10818,41858
10818,41859
10818,41860
10818,41861
10818,41862
10818,41863
10818,41864
10818,41865
10818,41866
10818,41867
10818,41868
10818,41869
10818,41870
10818,41871
10818,41872
10818,41873
10818,41874
10818,41875
10818,41876
10818,41877
10818,41878
10818,41879
10818,41880
10818,41881
10818,41882
10818,41883
10818,41884
10818,41885
10818,41886
10818,41887
10818,41888
10818,41889
10818,41890
10818,41891
10818,41892
10818,41893
10818,41894
10818,41895
10818,41896
10818,41897
10818,41898
10818,41899
10818,41900
10818,41901
10818,41902
10818,41903
10818,41904
10818,41905
10818,41906
10818,41907
10818,41908
10819,41717
10819,41718
10819,41719
10819,41720
10819,41721
10819,41722
10819,41723
10819,41724
10819,41725
10819,41726
10819,41727
10819,41728
10819,41729
10819,41730
10819,41731
10819,41732
10819,41733
10819,41734
10819,41735
10819,41736
10819,41737
10819,41738
10819,41739
10819,41740
10819,41741
10819,41742
10819,41743
10819,41744
10819,41745
10819,41746
10819,41747
10819,41748
10819,41749
10819,41750
10819,41751
10819,41752
10819,41753
10819,41754
10819,41755
10819,41756
10819,41757
10819,41758
10819,41759
10819,41760
10819,41761
10819,41762
10819,41763
10819,41764
10819,41765
10819,41766
10819,41767
10819,41768
10819,41769
10819,41770
10819,41771
10819,41772
10819,41773
10819,41774
10819,41775
10819,41776
10819,41777
10819,41778
10819,41779
10819,41780
10819,41781
10819,41782
10819,41783
10819,41784
10819,41785
10819,41786
10819,41787
10819,41788
10819,41789
10819,41790
10819,41791
10819,41792
10819,41793
10819,41794
10819,41795
10819,41796
10819,41797
10819,41798
10819,41799
10819,41800
10819,41801
10819,41802
10819,41803
10819,41804
10819,41805
10819,41806
10819,41807
10819,41808
10819,41809
10819,41810
10819,41811
10819,41812
10819,41813
10819,41814
10819,41815
10819,41816
10819,41817
10819,41818
10819,41819
10819,41820
10819,41821
10819,41822
10819,41823
10819,41824
10819,41825
10819,41826
10819,41827
10819,41828
10819,41829
10819,41830
10819,41831
10819,41832
10819,41833
10819,41834
10819,41835
10819,41836
10819,41837
10819,41838
10819,41839
10819,41840
10819,41841
10819,41842
10819,41843
10819,41844
10819,41845
10819,41846
10819,41847
10819,41848
10819,41849
10819,41850
10819,41851
10819,41852
10819,41853
10819,41854
10819,41855
10819,41856
10819,41857
10819,41858
10819,41859
10819,41860
10819,41861
10819,41862
10819,41863
10819,41864
10819,41865
10819,41866
10819,41867
10819,41868
10819,41869
10819,41870
10819,41871
10819,41872
10819,41873
10819,41874
10819,41875
10819,41876
10819,41877
10819,41878
10819,41879
10819,41880
10819,41881
10819,41882
10819,41883
10819,41884
10819,41885
10819,41886
10819,41887
10819,41888
10819,41889
10819,41890
10819,41891
10819,41892
10819,41893
10819,41894
10819,41895
10819,41896
10819,41897
10819,41898
10819,41899
10819,41900
10819,41901
10819,41902
10819,41903
10819,41904
10819,41905
10819,41906
10819,41907
10819,41908
10819,41909
10820,41718
10820,41719
10820,41720
10820,41721
10820,41722
10820,41723
10820,41724
10820,41725
10820,41726
10820,41727
10820,41728
10820,41729
10820,41730
10820,41731
10820,41732
10820,41733
10820,41734
10820,41735
10820,41736
10820,41737
10820,41738
10820,41739
10820,41740
10820,41741
10820,41742
10820,41743
10820,41744
10820,41745
10820,41746
10820,41747
10820,41748
10820,41749
10820,41750
10820,41751
10820,41752
10820,41753
10820,41754
10820,41755
10820,41756
10820,41757
10820,41758
10820,41759
10820,41760
10820,41761
10820,41762
10820,41763
10820,41764
10820,41765
10820,41766
10820,41767
10820,41768
10820,41769
10820,41770
10820,41771
10820,41772
10820,41773
10820,41774
10820,41775
10820,41776
10820,41777
10820,41778
10820,41779
10820,41780
10820,41781
10820,41782
10820,41783
10820,41784
10820,41785
10820,41786
10820,41787
10820,41788
10820,41789
10820,41790
10820,41791
10820,41792
10820,41793
10820,41794
10820,41795
10820,41796
10820,41797
10820,41798
10820,41799
10820,41800
10820,41801
10820,41802
10820,41803
10820,41804
10820,41805
10820,41806
10820,41807
10820,41808
10820,41809
10820,41810
10820,41811
10820,41812
10820,41813
10820,41814
10820,41815
10820,41816
10820,41817
10820,41818
10820,41819
10820,41820
10820,41821
10820,41822
10820,41823
10820,41824
10820,41825
10820,41826
10820,41827
10820,41828
10820,41829
10820,41830
10820,41831
10820,41832
10820,41833
10820,41834
10820,41835
10820,41836
10820,41837
10820,41838
10820,41839
10820,41840
10820,41841
10820,41842
10820,41843
10820,41844
10820,41845
10820,41846
10820,41847
10820,41848
10820,41849
10820,41850
10820,41851
10820,41852
10820,41853
10820,41854
10820,41855
10820,41856
10820,41857
10820,41858
10820,41859
10820,41860
10820,41861
10820,41862
10820,41863
10820,41864
10820,41865
10820,41866
10820,41867
10820,41868
10820,41869
10820,41870
10820,41871
10820,41872
10820,41873
10820,41874
10820,41875
10820,41876
10820,41877
10820,41878
10820,41879
10820,41880
10820,41881
10820,41882
10820,41883
10820,41884
10820,41885
10820,41886
10820,41887
10820,41888
10820,41889
10820,41890
10820,41891
10820,41892
10820,41893
10820,41894
10820,41895
10820,41896
10820,41897
10820,41898
10820,41899
10820,41900
10820,41901
10820,41902
10820,41903
10820,41904
10820,41905
10820,41906
10820,41907
10820,41908
10821,41718
10821,41719
10821,41720
10821,41721
10821,41722
10821,41723
10821,41724
10821,41725
10821,41726
10821,41727
10821,41728
10821,41729
10821,41730
10821,41731
10821,41732
10821,41733
10821,41734
10821,41735
10821,41736
10821,41737
10821,41738
10821,41739
10821,41740
10821,41741
10821,41742
10821,41743
10821,41744
10821,41745
10821,41746
10821,41747
10821,41748
10821,41749
10821,41750
10821,41751
10821,41752
10821,41753
10821,41754
10821,41755
10821,41756
10821,41757
10821,41758
10821,41759
10821,41760
10821,41761
10821,41762
10821,41763
10821,41764
10821,41765
10821,41766
10821,41767
10821,41768
10821,41769
10821,41770
10821,41771
10821,41772
10821,41773
10821,41774
10821,41775
10821,41776
10821,41777
10821,41778
10821,41779
10821,41780
10821,41781
10821,41782
10821,41783
10821,41784
10821,41785
10821,41786
10821,41787
10821,41788
10821,41789
10821,41790
10821,41791
10821,41792
10821,41793
10821,41794
10821,41795
10821,41796
10821,41797
10821,41798
10821,41799
10821,41800
10821,41801
10821,41802
10821,41803
10821,41804
10821,41805
10821,41806
10821,41807
10821,41808
10821,41809
10821,41810
10821,41811
10821,41812
10821,41813
10821,41814
10821,41815
10821,41816
10821,41817
10821,41818
10821,41819
10821,41820
10821,41821
10821,41822
10821,41823
10821,41824
10821,41825
10821,41826
10821,41827
10821,41828
10821,41829
10821,41830
10821,41831
10821,41832
10821,41833
10821,41834
10821,41835
10821,41836
10821,41837
10821,41838
10821,41839
10821,41840
10821,41841
10821,41842
10821,41843
10821,41844
10821,41845
10821,41846
10821,41847
10821,41848
10821,41849
10821,41850
10821,41851
10821,41852
10821,41853
10821,41854
10821,41855
10821,41856
10821,41857
10821,41858
10821,41859
10821,41860
10821,41861
10821,41862
10821,41863
10821,41864
10821,41865
10821,41866
10821,41867
10821,41868
10821,41869
10821,41870
10821,41871
10821,41872
10821,41873
10821,41874
10821,41875
10821,41876
10821,41877
10821,41878
10821,41879
10821,41880
10821,41881
10821,41882
10821,41883
10821,41884
10821,41885
10821,41886
10821,41887
10821,41888
10821,41889
10821,41890
10821,41891
10821,41892
10821,41893
10821,41894
10821,41895
10821,41896
10821,41897
10821,41898
10821,41899
10821,41900
10821,41901
10821,41902
10821,41903
10821,41904
10821,41905
10821,41906
10821,41907
10821,41908
10822,41717
10822,41718
10822,41719
10822,41720
10822,41721
10822,41722
10822,41723
10822,41724
10822,41725
10822,41726
10822,41727
10822,41728
10822,41729
10822,41730
10822,41731
10822,41732
10822,41733
10822,41734
10822,41735
10822,41736
10822,41737
10822,41738
10822,41739
10822,41740
10822,41741
10822,41742
10822,41743
10822,41744
10822,41745
10822,41746
10822,41747
10822,41748
10822,41749
10822,41750
10822,41751
10822,41752
10822,41753
10822,41754
10822,41755
10822,41756
10822,41757
10822,41758
10822,41759
10822,41760
10822,41761
10822,41762
10822,41763
10822,41764
10822,41765
10822,41766
10822,41767
10822,41768
10822,41769
10822,41770
10822,41771
10822,41772
10822,41773
10822,41774
10822,41775
10822,41776
10822,41777
10822,41778
10822,41779
10822,41780
10822,41781
10822,41782
10822,41783
10822,41784
10822,41785
10822,41786
10822,41787
10822,41788
10822,41789
10822,41790
10822,41791
10822,41792
10822,41793
10822,41794
10822,41795
10822,41796
10822,41797
10822,41798
10822,41799
10822,41800
10822,41801
10822,41802
10822,41803
10822,41804
10822,41805
10822,41806
10822,41807
10822,41808
10822,41809
10822,41810
10822,41811
10822,41812
10822,41813
10822,41814
10822,41815
10822,41816
10822,41817
10822,41818
10822,41819
10822,41820
10822,41821
10822,41822
10822,41823
10822,41824
10822,41825
10822,41826
10822,41827
10822,41828
10822,41829
10822,41830
10822,41831
10822,41832
10822,41833
10822,41834
10822,41835
10822,41836
10822,41837
10822,41838
10822,41839
10822,41840
10822,41841
10822,41842
10822,41843
10822,41844
10822,41845
10822,41846
10822,41847
10822,41848
10822,41849
10822,41850
10822,41851
10822,41852
10822,41853
10822,41854
10822,41855
10822,41856
10822,41857
10822,41858
10822,41859
10822,41860
10822,41861
10822,41862
10822,41863
10822,41864
10822,41865
10822,41866
10822,41867
10822,41868
10822,41869
10822,41870
10822,41871
10822,41872
10822,41873
10822,41874
10822,41875
10822,41876
10822,41877
10822,41878
10822,41879
10822,41880
10822,41881
10822,41882
10822,41883
10822,41884
10822,41885
10822,41886
10822,41887
10822,41888
10822,41889
10822,41890
10822,41891
10822,41892
10822,41893
10822,41894
10822,41895
10822,41896
10822,41897
10822,41898
10822,41899
10822,41900
10822,41901
10822,41902
10822,41903
10822,41904
10822,41905
10822,41906
10822,41907
10822,41908
10823,41716
10823,41717
10823,41718
10823,41719
10823,41720
10823,41721
10823,41722
10823,41723
10823,41724
10823,41725
10823,41726
10823,41727
10823,41728
10823,41729
10823,41730
10823,41731
10823,41732
10823,41733
10823,41734
10823,41735
10823,41736
10823,41737
10823,41738
10823,41739
10823,41740
10823,41741
10823,41742
10823,41743
10823,41744
10823,41745
10823,41746
10823,41747
10823,41748
10823,41749
10823,41750
10823,41751
10823,41752
10823,41753
10823,41754
10823,41755
10823,41756
10823,41757
10823,41758
10823,41759
10823,41760
10823,41761
10823,41762
10823,41763
10823,41764
10823,41765
10823,41766
10823,41767
10823,41768
10823,41769
10823,41770
10823,41771
10823,41772
10823,41773
10823,41774
10823,41775
10823,41776
10823,41777
10823,41778
10823,41779
10823,41780
10823,41781
10823,41782
10823,41783
10823,41784
10823,41785
10823,41786
10823,41787
10823,41788
10823,41789
10823,41790
10823,41791
10823,41792
10823,41793
10823,41794
10823,41795
10823,41796
10823,41797
10823,41798
10823,41799
10823,41800
10823,41801
10823,41802
10823,41803
10823,41804
10823,41805
10823,41806
10823,41807
10823,41808
10823,41809
10823,41810
10823,41811
10823,41812
10823,41813
10823,41814
10823,41815
10823,41816
10823,41817
10823,41818
10823,41819
10823,41820
10823,41821
10823,41822
10823,41823
10823,41824
10823,41825
10823,41826
10823,41827
10823,41828
10823,41829
10823,41830
10823,41831
10823,41832
10823,41833
10823,41834
10823,41835
10823,41836
10823,41837
10823,41838
10823,41839
10823,41840
10823,41841
10823,41842
10823,41843
10823,41844
10823,41845
10823,41846
10823,41847
10823,41848
10823,41849
10823,41850
10823,41851
10823,41852
10823,41853
10823,41854
10823,41855
10823,41856
10823,41857
10823,41858
10823,41859
10823,41860
10823,41861
10823,41862
10823,41863
10823,41864
10823,41865
10823,41866
10823,41867
10823,41868
10823,41869
10823,41870
10823,41871
10823,41872
10823,41873
10823,41874
10823,41875
10823,41876
10823,41877
10823,41878
10823,41879
10823,41880
10823,41881
10823,41882
10823,41883
10823,41884
10823,41885
10823,41886
10823,41887
10823,41888
10823,41889
10823,41890
10823,41891
10823,41892
10823,41893
10823,41894
10823,41895
10823,41896
10823,41897
10823,41898
10823,41899
10823,41900
10823,41901
10823,41902
10823,41903
10823,41904
10823,41905
10823,41906
10823,41907
10824,41716
10824,41717
10824,41718
10824,41719
10824,41720
10824,41721
10824,41722
10824,41723
10824,41724
10824,41725
10824,41726
10824,41727
10824,41728
10824,41729
10824,41730
10824,41731
10824,41732
10824,41733
10824,41734
10824,41735
10824,41736
10824,41737
10824,41738
10824,41739
10824,41740
10824,41741
10824,41742
10824,41743
10824,41744
10824,41745
10824,41746
10824,41747
10824,41748
10824,41749
10824,41750
10824,41751
10824,41752
10824,41753
10824,41754
10824,41755
10824,41756
10824,41757
10824,41758
10824,41759
10824,41760
10824,41761
10824,41762
10824,41763
10824,41764
10824,41765
10824,41766
10824,41767
10824,41768
10824,41769
10824,41770
10824,41771
10824,41772
10824,41773
10824,41774
10824,41775
10824,41776
10824,41777
10824,41778
10824,41779
10824,41780
10824,41781
10824,41782
10824,41783
10824,41784
10824,41785
10824,41786
10824,41787
10824,41788
10824,41789
10824,41790
10824,41791
10824,41792
10824,41793
10824,41794
10824,41795
10824,41796
10824,41797
10824,41798
10824,41799
10824,41800
10824,41801
10824,41802
10824,41803
10824,41804
10824,41805
10824,41806
10824,41807
10824,41808
10824,41809
10824,41810
10824,41811
10824,41812
10824,41813
10824,41814
10824,41815
10824,41816
10824,41817
10824,41818
10824,41819
10824,41820
10824,41821
10824,41822
10824,41823
10824,41824
10824,41825
10824,41826
10824,41827
10824,41828
10824,41829
10824,41830
10824,41831
10824,41832
10824,41833
10824,41834
10824,41835
10824,41836
10824,41837
10824,41838
10824,41839
10824,41840
10824,41841
10824,41842
10824,41843
10824,41844
10824,41845
10824,41846
10824,41847
10824,41848
10824,41849
10824,41850
10824,41851
10824,41852
10824,41853
10824,41854
10824,41855
10824,41856
10824,41857
10824,41858
10824,41859
10824,41860
10824,41861
10824,41862
10824,41863
10824,41864
10824,41865
10824,41866
10824,41867
10824,41868
10824,41869
10824,41870
10824,41871
10824,41872
10824,41873
10824,41874
10824,41875
10824,41876
10824,41877
10824,41878
10824,41879
10824,41880
10824,41881
10824,41882
10824,41883
10824,41884
10824,41885
10824,41886
10824,41887
10824,41888
10824,41889
10824,41890
10824,41891
10824,41892
10824,41893
10824,41894
10824,41895
10824,41896
10824,41897
10824,41898
10824,41899
10824,41900
10824,41901
10824,41902
10824,41903
10824,41904
10824,41905
10824,41906
10825,41716
10825,41717
10825,41718
10825,41719
10825,41720
10825,41721
10825,41722
10825,41723
10825,41724
10825,41725
10825,41726
10825,41727
10825,41728
10825,41729
10825,41730
10825,41731
10825,41732
10825,41733
10825,41734
10825,41735
10825,41736
10825,41737
10825,41738
10825,41739
10825,41740
10825,41741
10825,41742
10825,41743
10825,41744
10825,41745
10825,41746
10825,41747
10825,41748
10825,41749
10825,41750
10825,41751
10825,41752
10825,41753
10825,41754
10825,41755
10825,41756
10825,41757
10825,41758
10825,41759
10825,41760
10825,41761
10825,41762
10825,41763
10825,41764
10825,41765
10825,41766
10825,41767
10825,41768
10825,41769
10825,41770
10825,41771
10825,41772
10825,41773
10825,41774
10825,41775
10825,41776
10825,41777
10825,41778
10825,41779
10825,41780
10825,41781
10825,41782
10825,41783
10825,41784
10825,41785
10825,41786
10825,41787
10825,41788
10825,41789
10825,41790
10825,41791
10825,41792
10825,41793
10825,41794
10825,41795
10825,41796
10825,41797
10825,41798
10825,41799
10825,41800
10825,41801
10825,41802
10825,41803
10825,41804
10825,41805
10825,41806
10825,41807
10825,41808
10825,41809
10825,41810
10825,41811
10825,41812
10825,41813
10825,41814
10825,41815
10825,41816
10825,41817
10825,41818
10825,41819
10825,41820
10825,41821
10825,41822
10825,41823
10825,41824
10825,41825
10825,41826
10825,41827
10825,41828
10825,41829
10825,41830
10825,41831
10825,41832
10825,41833
10825,41834
10825,41835
10825,41836
10825,41837
10825,41838
10825,41839
10825,41840
10825,41841
10825,41842
10825,41843
10825,41844
10825,41845
10825,41846
10825,41847
10825,41848
10825,41849
10825,41850
10825,41851
10825,41852
10825,41853
10825,41854
10825,41855
10825,41856
10825,41857
10825,41858
10825,41859
10825,41860
10825,41861
10825,41862
10825,41863
10825,41864
10825,41865
10825,41866
10825,41867
10825,41868
10825,41869
10825,41870
10825,41871
10825,41872
10825,41873
10825,41874
10825,41875
10825,41876
10825,41877
10825,41878
10825,41879
10825,41880
10825,41881
10825,41882
10825,41883
10825,41884
10825,41885
10825,41886
10825,41887
10825,41888
10825,41889
10825,41890
10825,41891
10825,41892
10825,41893
10825,41894
10825,41895
10825,41896
10825,41897
10825,41898
10825,41899
10825,41900
10825,41901
10825,41902
10825,41903
10825,41904
10825,41905
10825,41906
10826,41715
10826,41716
10826,41717
10826,41718
10826,41719
10826,41720
10826,41721
10826,41722
10826,41723
10826,41724
10826,41725
10826,41726
10826,41727
10826,41728
10826,41729
10826,41730
10826,41731
10826,41732
10826,41733
10826,41734
10826,41735
10826,41736
10826,41737
10826,41738
10826,41739
10826,41740
10826,41741
10826,41742
10826,41743
10826,41744
10826,41745
10826,41746
10826,41747
10826,41748
10826,41749
10826,41750
10826,41751
10826,41752
10826,41753
10826,41754
10826,41755
10826,41756
10826,41757
10826,41758
10826,41759
10826,41760
10826,41761
10826,41762
10826,41763
10826,41764
10826,41765
10826,41766
10826,41767
10826,41768
10826,41769
10826,41770
10826,41771
10826,41772
10826,41773
10826,41774
10826,41775
10826,41776
10826,41777
10826,41778
10826,41779
10826,41780
10826,41781
10826,41782
10826,41783
10826,41784
10826,41785
10826,41786
10826,41787
10826,41788
10826,41789
10826,41790
10826,41791
10826,41792
10826,41793
10826,41794
10826,41795
10826,41796
10826,41797
10826,41798
10826,41799
10826,41800
10826,41801
10826,41802
10826,41803
10826,41804
10826,41805
10826,41806
10826,41807
10826,41808
10826,41809
10826,41810
10826,41811
10826,41812
10826,41813
10826,41814
10826,41815
10826,41816
10826,41817
10826,41818
10826,41819
10826,41820
10826,41821
10826,41822
10826,41823
10826,41824
10826,41825
10826,41826
10826,41827
10826,41828
10826,41829
10826,41830
10826,41831
10826,41832
10826,41833
10826,41834
10826,41835
10826,41836
10826,41837
10826,41838
10826,41839
10826,41840
10826,41841
10826,41842
10826,41843
10826,41844
10826,41845
10826,41846
10826,41847
10826,41848
10826,41849
10826,41850
10826,41851
10826,41852
10826,41853
10826,41854
10826,41855
10826,41856
10826,41857
10826,41858
10826,41859
10826,41860
10826,41861
10826,41862
10826,41863
10826,41864
10826,41865
10826,41866
10826,41867
10826,41868
10826,41869
10826,41870
10826,41871
10826,41872
10826,41873
10826,41874
10826,41875
10826,41876
10826,41877
10826,41878
10826,41879
10826,41880
10826,41881
10826,41882
10826,41883
10826,41884
10826,41885
10826,41886
10826,41887
10826,41888
10826,41889
10826,41890
10826,41891
10826,41893
10826,41894
10826,41895
10826,41896
10826,41897
10826,41898
10826,41899
10826,41900
10826,41901
10826,41902
10826,41903
10826,41904
10826,41905
10827,41715
10827,41716
10827,41717
10827,41718
10827,41719
10827,41720
10827,41721
10827,41722
10827,41723
10827,41724
10827,41725
10827,41726
10827,41727
10827,41728
10827,41729
10827,41730
10827,41731
10827,41732
10827,41733
10827,41734
10827,41735
10827,41736
10827,41737
10827,41738
10827,41739
10827,41740
10827,41741
10827,41742
10827,41743
10827,41744
10827,41745
10827,41746
10827,41747
10827,41748
10827,41749
10827,41750
10827,41751
10827,41752
10827,41753
10827,41754
10827,41755
10827,41756
10827,41757
10827,41758
10827,41759
10827,41760
10827,41761
10827,41762
10827,41763
10827,41764
10827,41765
10827,41766
10827,41767
10827,41768
10827,41769
10827,41770
10827,41771
10827,41772
10827,41773
10827,41774
10827,41775
10827,41776
10827,41777
10827,41778
10827,41779
10827,41780
10827,41781
10827,41782
10827,41783
10827,41784
10827,41785
10827,41786
10827,41787
10827,41788
10827,41789
10827,41790
10827,41791
10827,41792
10827,41793
10827,41794
10827,41795
10827,41796
10827,41797
10827,41798
10827,41799
10827,41800
10827,41801
10827,41802
10827,41803
10827,41804
10827,41805
10827,41806
10827,41807
10827,41808
10827,41809
10827,41810
10827,41811
10827,41812
10827,41813
10827,41814
10827,41815
10827,41816
10827,41817
10827,41818
10827,41819
10827,41820
10827,41821
10827,41822
10827,41823
10827,41824
10827,41825
10827,41826
10827,41827
10827,41828
10827,41829
10827,41830
10827,41831
10827,41832
10827,41833
10827,41834
10827,41835
10827,41836
10827,41837
10827,41838
10827,41839
10827,41840
10827,41841
10827,41842
10827,41843
10827,41844
10827,41845
10827,41846
10827,41847
10827,41848
10827,41849
10827,41850
10827,41851
10827,41852
10827,41853
10827,41854
10827,41855
10827,41856
10827,41857
10827,41858
10827,41859
10827,41860
10827,41861
10827,41862
10827,41863
10827,41864
10827,41865
10827,41866
10827,41867
10827,41868
10827,41869
10827,41870
10827,41871
10827,41872
10827,41873
10827,41874
10827,41875
10827,41876
10827,41877
10827,41878
10827,41879
10827,41880
10827,41881
10827,41882
10827,41883
10827,41884
10827,41885
10827,41886
10827,41887
10827,41888
10827,41889
10827,41893
10827,41894
10827,41895
10827,41896
10827,41897
10827,41898
10827,41899
10827,41900
10827,41901
10827,41902
10827,41903
10827,41904
10828,41714
10828,41715
10828,41716
10828,41717
10828,41718
10828,41719
10828,41720
10828,41721
10828,41722
10828,41723
10828,41724
10828,41725
10828,41726
10828,41727
10828,41728
10828,41729
10828,41730
10828,41731
10828,41732
10828,41733
10828,41734
10828,41735
10828,41736
10828,41737
10828,41738
10828,41739
10828,41740
10828,41741
10828,41742
10828,41743
10828,41744
10828,41745
10828,41746
10828,41747
10828,41748
10828,41749
10828,41750
10828,41751
10828,41752
10828,41753
10828,41754
10828,41755
10828,41756
10828,41757
10828,41758
10828,41759
10828,41760
10828,41761
10828,41762
10828,41763
10828,41764
10828,41765
10828,41766
10828,41767
10828,41768
10828,41769
10828,41770
10828,41771
10828,41772
10828,41773
10828,41774
10828,41775
10828,41776
10828,41777
10828,41778
10828,41779
10828,41780
10828,41781
10828,41782
10828,41783
10828,41784
10828,41785
10828,41786
10828,41787
10828,41788
10828,41789
10828,41790
10828,41791
10828,41792
10828,41793
10828,41794
10828,41795
10828,41796
10828,41797
10828,41798
10828,41799
10828,41800
10828,41801
10828,41802
10828,41803
10828,41804
10828,41805
10828,41806
10828,41807
10828,41808
10828,41809
10828,41810
10828,41811
10828,41812
10828,41813
10828,41814
10828,41815
10828,41816
10828,41817
10828,41818
10828,41819
10828,41820
10828,41821
10828,41822
10828,41823
10828,41824
10828,41825
10828,41826
10828,41827
10828,41828
10828,41829
10828,41830
10828,41831
10828,41832
10828,41833
10828,41834
10828,41835
10828,41836
10828,41837
10828,41838
10828,41839
10828,41840
10828,41841
10828,41842
10828,41843
10828,41844
10828,41845
10828,41846
10828,41847
10828,41848
10828,41849
10828,41850
10828,41851
10828,41852
10828,41853
10828,41854
10828,41855
10828,41856
10828,41857
10828,41858
10828,41859
10828,41860
10828,41861
10828,41862
10828,41863
10828,41864
10828,41865
10828,41866
10828,41867
10828,41868
10828,41869
10828,41870
10828,41871
10828,41872
10828,41873
10828,41874
10828,41875
10828,41876
10828,41877
10828,41878
10828,41879
10828,41880
10828,41881
10828,41882
10828,41883
10828,41884
10828,41885
10828,41886
10828,41887
10828,41888
10828,41892
10828,41893
10828,41894
10828,41895
10828,41896
10828,41897
10828,41898
10828,41899
10828,41900
10828,41901
10828,41902
10829,41714
10829,41715
10829,41716
10829,41717
10829,41718
10829,41719
10829,41720
10829,41721
10829,41722
10829,41723
10829,41724
10829,41725
10829,41726
10829,41727
10829,41728
10829,41729
10829,41730
10829,41731
10829,41732
10829,41733
10829,41734
10829,41735
10829,41736
10829,41737
10829,41738
10829,41739
10829,41740
10829,41741
10829,41742
10829,41743
10829,41744
10829,41745
10829,41746
10829,41747
10829,41748
10829,41749
10829,41750
10829,41751
10829,41752
10829,41753
10829,41754
10829,41755
10829,41756
10829,41757
10829,41758
10829,41759
10829,41760
10829,41761
10829,41762
10829,41763
10829,41764
10829,41765
10829,41766
10829,41767
10829,41768
10829,41769
10829,41770
10829,41771
10829,41772
10829,41773
10829,41774
10829,41775
10829,41776
10829,41777
10829,41778
10829,41779
10829,41780
10829,41781
10829,41782
10829,41783
10829,41784
10829,41785
10829,41786
10829,41787
10829,41788
10829,41789
10829,41790
10829,41791
10829,41792
10829,41793
10829,41794
10829,41795
10829,41796
10829,41797
10829,41798
10829,41799
10829,41800
10829,41801
10829,41802
10829,41803
10829,41804
10829,41805
10829,41806
10829,41807
10829,41808
10829,41809
10829,41810
10829,41811
10829,41812
10829,41813
10829,41814
10829,41815
10829,41816
10829,41817
10829,41818
10829,41819
10829,41820
10829,41821
10829,41822
10829,41823
10829,41824
10829,41825
10829,41826
10829,41827
10829,41828
10829,41829
10829,41830
10829,41831
10829,41832
10829,41833
10829,41834
10829,41835
10829,41836
10829,41837
10829,41838
10829,41839
10829,41840
10829,41841
10829,41842
10829,41843
10829,41844
10829,41845
10829,41846
10829,41847
10829,41848
10829,41849
10829,41850
10829,41851
10829,41852
10829,41853
10829,41854
10829,41855
10829,41856
10829,41857
10829,41858
10829,41859
10829,41860
10829,41861
10829,41862
10829,41863
10829,41864
10829,41865
10829,41866
10829,41867
10829,41868
10829,41869
10829,41870
10829,41871
10829,41872
10829,41873
10829,41874
10829,41875
10829,41876
10829,41877
10829,41878
10829,41879
10829,41880
10829,41881
10829,41882
10829,41883
10829,41884
10829,41885
10829,41886
10829,41887
10829,41893
10829,41894
10829,41895
10829,41896
10829,41897
10829,41898
10829,41899
10829,41900
10829,41901
10830,41712
10830,41713
10830,41714
10830,41715
10830,41716
10830,41717
10830,41718
10830,41719
10830,41720
10830,41721
10830,41722
10830,41723
10830,41724
10830,41725
10830,41726
10830,41727
10830,41728
10830,41729
10830,41730
10830,41731
10830,41732
10830,41733
10830,41734
10830,41735
10830,41736
10830,41737
10830,41738
10830,41739
10830,41740
10830,41741
10830,41742
10830,41743
10830,41744
10830,41745
10830,41746
10830,41747
10830,41748
10830,41749
10830,41750
10830,41751
10830,41752
10830,41753
10830,41754
10830,41755
10830,41756
10830,41757
10830,41758
10830,41759
10830,41760
10830,41761
10830,41762
10830,41763
10830,41764
10830,41765
10830,41766
10830,41767
10830,41768
10830,41769
10830,41770
10830,41771
10830,41772
10830,41773
10830,41774
10830,41775
10830,41776
10830,41777
10830,41778
10830,41779
10830,41780
10830,41781
10830,41782
10830,41783
10830,41784
10830,41785
10830,41786
10830,41787
10830,41788
10830,41789
10830,41790
10830,41791
10830,41792
10830,41793
10830,41794
10830,41795
10830,41796
10830,41797
10830,41798
10830,41799
10830,41800
10830,41801
10830,41802
10830,41803
10830,41804
10830,41805
10830,41806
10830,41807
10830,41808
10830,41809
10830,41810
10830,41811
10830,41812
10830,41813
10830,41814
10830,41815
10830,41816
10830,41817
10830,41818
10830,41819
10830,41820
10830,41821
10830,41822
10830,41823
10830,41824
10830,41825
10830,41826
10830,41827
10830,41828
10830,41829
10830,41830
10830,41831
10830,41832
10830,41833
10830,41834
10830,41835
10830,41836
10830,41837
10830,41838
10830,41839
10830,41840
10830,41841
10830,41842
10830,41843
10830,41844
10830,41845
10830,41846
10830,41847
10830,41848
10830,41849
10830,41850
10830,41851
10830,41852
10830,41853
10830,41854
10830,41855
10830,41856
10830,41857
10830,41858
10830,41859
10830,41860
10830,41861
10830,41862
10830,41863
10830,41864
10830,41865
10830,41866
10830,41867
10830,41868
10830,41869
10830,41870
10830,41871
10830,41872
10830,41873
10830,41874
10830,41875
10830,41876
10830,41877
10830,41878
10830,41879
10830,41880
10830,41881
10830,41882
10830,41883
10830,41884
10830,41885
10830,41893
10830,41894
10830,41895
10830,41896
10830,41897
10830,41898
10830,41899
10830,41900
10830,41901
10831,41711
10831,41712
10831,41713
10831,41714
10831,41715
10831,41716
10831,41717
10831,41718
10831,41719
10831,41720
10831,41721
10831,41722
10831,41723
10831,41724
10831,41725
10831,41726
10831,41727
10831,41728
10831,41729
10831,41730
10831,41731
10831,41732
10831,41733
10831,41734
10831,41735
10831,41736
10831,41737
10831,41738
10831,41739
10831,41740
10831,41741
10831,41742
10831,41743
10831,41744
10831,41745
10831,41746
10831,41747
10831,41748
10831,41749
10831,41750
10831,41751
10831,41752
10831,41753
10831,41754
10831,41755
10831,41756
10831,41757
10831,41758
10831,41759
10831,41760
10831,41761
10831,41762
10831,41763
10831,41764
10831,41765
10831,41766
10831,41767
10831,41768
10831,41769
10831,41770
10831,41771
10831,41772
10831,41773
10831,41774
10831,41775
10831,41776
10831,41777
10831,41778
10831,41779
10831,41780
10831,41781
10831,41782
10831,41783
10831,41784
10831,41785
10831,41786
10831,41787
10831,41788
10831,41789
10831,41790
10831,41791
10831,41792
10831,41793
10831,41794
10831,41795
10831,41796
10831,41797
10831,41798
10831,41799
10831,41800
10831,41801
10831,41802
10831,41803
10831,41804
10831,41805
10831,41806
10831,41807
10831,41808
10831,41809
10831,41810
10831,41811
10831,41812
10831,41813
10831,41814
10831,41815
10831,41816
10831,41817
10831,41818
10831,41819
10831,41820
10831,41821
10831,41822
10831,41823
10831,41824
10831,41825
10831,41826
10831,41827
10831,41828
10831,41829
10831,41830
10831,41831
10831,41832
10831,41833
10831,41834
10831,41835
10831,41836
10831,41837
10831,41838
10831,41839
10831,41840
10831,41841
10831,41842
10831,41843
10831,41844
10831,41845
10831,41846
10831,41847
10831,41848
10831,41849
10831,41850
10831,41851
10831,41852
10831,41853
10831,41854
10831,41855
10831,41856
10831,41857
10831,41858
10831,41859
10831,41860
10831,41861
10831,41862
10831,41863
10831,41864
10831,41865
10831,41866
10831,41867
10831,41868
10831,41869
10831,41870
10831,41871
10831,41872
10831,41873
10831,41874
10831,41875
10831,41876
10831,41877
10831,41878
10831,41879
10831,41880
10831,41881
10831,41882
10831,41883
10831,41884
10831,41894
10831,41895
10831,41896
10831,41897
10831,41898
10831,41899
10831,41900
10832,41710
10832,41711
10832,41712
10832,41713
10832,41714
10832,41715
10832,41716
10832,41717
10832,41718
10832,41719
10832,41720
10832,41721
10832,41722
10832,41723
10832,41724
10832,41725
10832,41726
10832,41727
10832,41728
10832,41729
10832,41730
10832,41731
10832,41732
10832,41733
10832,41734
10832,41735
10832,41736
10832,41737
10832,41738
10832,41739
10832,41740
10832,41741
10832,41742
10832,41743
10832,41744
10832,41745
10832,41746
10832,41747
10832,41748
10832,41749
10832,41750
10832,41751
10832,41752
10832,41753
10832,41754
10832,41755
10832,41756
10832,41757
10832,41758
10832,41759
10832,41760
10832,41761
10832,41762
10832,41763
10832,41764
10832,41765
10832,41766
10832,41767
10832,41768
10832,41769
10832,41770
10832,41771
10832,41772
10832,41773
10832,41774
10832,41775
10832,41776
10832,41777
10832,41778
10832,41779
10832,41780
10832,41781
10832,41782
10832,41783
10832,41784
10832,41785
10832,41786
10832,41787
10832,41788
10832,41789
10832,41790
10832,41791
10832,41792
10832,41793
10832,41794
10832,41795
10832,41796
10832,41797
10832,41798
10832,41799
10832,41800
10832,41801
10832,41802
10832,41803
10832,41804
10832,41805
10832,41806
10832,41807
10832,41808
10832,41809
10832,41810
10832,41811
10832,41812
10832,41813
10832,41814
10832,41815
10832,41816
10832,41817
10832,41818
10832,41819
10832,41820
10832,41821
10832,41822
10832,41823
10832,41824
10832,41825
10832,41826
10832,41827
10832,41828
10832,41829
10832,41830
10832,41831
10832,41832
10832,41833
10832,41834
10832,41835
10832,41836
10832,41837
10832,41838
10832,41839
10832,41840
10832,41841
10832,41842
10832,41843
10832,41844
10832,41845
10832,41846
10832,41847
10832,41848
10832,41849
10832,41850
10832,41851
10832,41852
10832,41853
10832,41854
10832,41855
10832,41856
10832,41857
10832,41858
10832,41859
10832,41860
10832,41861
10832,41862
10832,41863
10832,41864
10832,41865
10832,41866
10832,41867
10832,41868
10832,41869
10832,41870
10832,41871
10832,41872
10832,41873
10832,41874
10832,41875
10832,41876
10832,41877
10832,41878
10832,41879
10832,41880
10832,41881
10832,41882
10832,41883
10832,41884
10832,41885
10832,41886
10832,41895
10832,41896
10832,41897
10832,41898
10832,41899
10833,41709
10833,41710
10833,41711
10833,41712
10833,41713
10833,41714
10833,41715
10833,41716
10833,41717
10833,41718
10833,41719
10833,41720
10833,41721
10833,41722
10833,41723
10833,41724
10833,41725
10833,41726
10833,41727
10833,41728
10833,41729
10833,41730
10833,41731
10833,41732
10833,41733
10833,41734
10833,41735
10833,41736
10833,41737
10833,41738
10833,41739
10833,41740
10833,41741
10833,41742
10833,41743
10833,41744
10833,41745
10833,41746
10833,41747
10833,41748
10833,41749
10833,41750
10833,41751
10833,41752
10833,41753
10833,41754
10833,41755
10833,41756
10833,41757
10833,41758
10833,41759
10833,41760
10833,41761
10833,41762
10833,41763
10833,41764
10833,41765
10833,41766
10833,41767
10833,41768
10833,41769
10833,41770
10833,41771
10833,41772
10833,41773
10833,41774
10833,41775
10833,41776
10833,41777
10833,41778
10833,41779
10833,41780
10833,41781
10833,41782
10833,41783
10833,41784
10833,41785
10833,41786
10833,41787
10833,41788
10833,41789
10833,41790
10833,41791
10833,41792
10833,41793
10833,41794
10833,41795
10833,41796
10833,41797
10833,41798
10833,41799
10833,41800
10833,41801
10833,41802
10833,41803
10833,41804
10833,41805
10833,41806
10833,41807
10833,41808
10833,41809
10833,41810
10833,41811
10833,41812
10833,41813
10833,41814
10833,41815
10833,41816
10833,41817
10833,41818
10833,41819
10833,41820
10833,41821
10833,41822
10833,41823
10833,41824
10833,41825
10833,41826
10833,41827
10833,41828
10833,41829
10833,41830
10833,41831
10833,41832
10833,41833
10833,41834
10833,41835
10833,41836
10833,41837
10833,41838
10833,41839
10833,41840
10833,41841
10833,41842
10833,41843
10833,41844
10833,41845
10833,41846
10833,41847
10833,41848
10833,41849
10833,41850
10833,41851
10833,41852
10833,41853
10833,41854
10833,41855
10833,41856
10833,41857
10833,41858
10833,41859
10833,41860
10833,41861
10833,41862
10833,41863
10833,41864
10833,41865
10833,41866
10833,41867
10833,41868
10833,41869
10833,41870
10833,41871
10833,41872
10833,41873
10833,41874
10833,41875
10833,41876
10833,41877
10833,41878
10833,41879
10833,41880
10833,41881
10833,41882
10833,41883
10833,41884
10833,41885
10833,41886
10833,41887
10833,41897
10834,41708
10834,41709
10834,41710
10834,41711
10834,41712
10834,41713
10834,41714
10834,41715
10834,41716
10834,41717
10834,41718
10834,41719
10834,41720
10834,41721
10834,41722
10834,41723
10834,41724
10834,41725
10834,41726
10834,41727
10834,41728
10834,41729
10834,41730
10834,41731
10834,41732
10834,41733
10834,41734
10834,41735
10834,41736
10834,41737
10834,41738
10834,41739
10834,41740
10834,41741
10834,41742
10834,41743
10834,41744
10834,41745
10834,41746
10834,41747
10834,41748
10834,41749
10834,41750
10834,41751
10834,41752
10834,41753
10834,41754
10834,41755
10834,41756
10834,41757
10834,41758
10834,41759
10834,41760
10834,41761
10834,41762
10834,41763
10834,41764
10834,41765
10834,41766
10834,41767
10834,41768
10834,41769
10834,41770
10834,41771
10834,41772
10834,41773
10834,41774
10834,41775
10834,41776
10834,41777
10834,41778
10834,41779
10834,41780
10834,41781
10834,41782
10834,41783
10834,41784
10834,41785
10834,41786
10834,41787
10834,41788
10834,41789
10834,41790
10834,41791
10834,41792
10834,41793
10834,41794
10834,41795
10834,41796
10834,41797
10834,41798
10834,41799
10834,41800
10834,41801
10834,41802
10834,41803
10834,41804
10834,41805
10834,41806
10834,41807
10834,41808
10834,41809
10834,41810
10834,41811
10834,41812
10834,41813
10834,41814
10834,41815
10834,41816
10834,41817
10834,41818
10834,41819
10834,41820
10834,41821
10834,41822
10834,41823
10834,41824
10834,41825
10834,41826
10834,41827
10834,41828
10834,41829
10834,41830
10834,41831
10834,41832
10834,41833
10834,41834
10834,41835
10834,41836
10834,41837
10834,41838
10834,41839
10834,41840
10834,41841
10834,41842
10834,41843
10834,41844
10834,41845
10834,41846
10834,41847
10834,41848
10834,41849
10834,41850
10834,41851
10834,41852
10834,41853
10834,41854
10834,41855
10834,41856
10834,41857
10834,41858
10834,41859
10834,41860
10834,41861
10834,41862
10834,41863
10834,41864
10834,41865
10834,41866
10834,41867
10834,41868
10834,41869
10834,41870
10834,41871
10834,41872
10834,41873
10834,41874
10834,41875
10834,41876
10834,41877
10834,41878
10834,41879
10834,41880
10834,41881
10834,41882
10834,41883
10834,41884
10834,41885
10834,41886
10834,41887
10834,41888
10835,41707
10835,41708
10835,41709
10835,41710
10835,41711
10835,41712
10835,41713
10835,41714
10835,41715
10835,41716
10835,41717
10835,41718
10835,41719
10835,41720
10835,41721
10835,41722
10835,41723
10835,41724
10835,41725
10835,41726
10835,41727
10835,41728
10835,41729
10835,41730
10835,41731
10835,41732
10835,41733
10835,41734
10835,41735
10835,41736
10835,41737
10835,41738
10835,41739
10835,41740
10835,41741
10835,41742
10835,41743
10835,41744
10835,41745
10835,41746
10835,41747
10835,41748
10835,41749
10835,41750
10835,41751
10835,41752
10835,41753
10835,41754
10835,41755
10835,41756
10835,41757
10835,41758
10835,41759
10835,41760
10835,41761
10835,41762
10835,41763
10835,41764
10835,41765
10835,41766
10835,41767
10835,41768
10835,41769
10835,41770
10835,41771
10835,41772
10835,41773
10835,41774
10835,41775
10835,41776
10835,41777
10835,41778
10835,41779
10835,41780
10835,41781
10835,41782
10835,41783
10835,41784
10835,41785
10835,41786
10835,41787
10835,41788
10835,41789
10835,41790
10835,41791
10835,41792
10835,41793
10835,41794
10835,41795
10835,41796
10835,41797
10835,41798
10835,41799
10835,41800
10835,41801
10835,41802
10835,41803
10835,41804
10835,41805
10835,41806
10835,41807
10835,41808
10835,41809
10835,41810
10835,41811
10835,41812
10835,41813
10835,41814
10835,41815
10835,41816
10835,41817
10835,41818
10835,41819
10835,41820
10835,41821
10835,41822
10835,41823
10835,41824
10835,41825
10835,41826
10835,41827
10835,41828
10835,41829
10835,41830
10835,41831
10835,41832
10835,41833
10835,41834
10835,41835
10835,41836
10835,41837
10835,41838
10835,41839
10835,41840
10835,41841
10835,41842
10835,41843
10835,41844
10835,41845
10835,41846
10835,41847
10835,41848
10835,41849
10835,41850
10835,41851
10835,41852
10835,41853
10835,41854
10835,41855
10835,41856
10835,41857
10835,41858
10835,41859
10835,41860
10835,41861
10835,41862
10835,41863
10835,41864
10835,41865
10835,41866
10835,41867
10835,41868
10835,41869
10835,41870
10835,41871
10835,41872
10835,41873
10835,41874
10835,41875
10835,41876
10835,41877
10835,41878
10835,41879
10835,41880
10835,41881
10835,41882
10835,41883
10835,41884
10835,41885
10835,41886
10835,41887
10835,41888
10836,41707
10836,41708
10836,41709
10836,41710
10836,41711
10836,41712
10836,41713
10836,41714
10836,41715
10836,41716
10836,41717
10836,41718
10836,41719
10836,41720
10836,41721
10836,41722
10836,41723
10836,41724
10836,41725
10836,41726
10836,41727
10836,41728
10836,41729
10836,41730
10836,41731
10836,41732
10836,41733
10836,41734
10836,41735
10836,41736
10836,41737
10836,41738
10836,41739
10836,41740
10836,41741
10836,41742
10836,41743
10836,41744
10836,41745
10836,41746
10836,41747
10836,41748
10836,41749
10836,41750
10836,41751
10836,41752
10836,41753
10836,41754
10836,41755
10836,41756
10836,41757
10836,41758
10836,41759
10836,41760
10836,41761
10836,41762
10836,41763
10836,41764
10836,41765
10836,41766
10836,41767
10836,41768
10836,41769
10836,41770
10836,41771
10836,41772
10836,41773
10836,41774
10836,41775
10836,41776
10836,41777
10836,41778
10836,41779
10836,41780
10836,41781
10836,41782
10836,41783
10836,41784
10836,41785
10836,41786
10836,41787
10836,41788
10836,41789
10836,41790
10836,41791
10836,41792
10836,41793
10836,41794
10836,41795
10836,41796
10836,41797
10836,41798
10836,41799
10836,41800
10836,41801
10836,41802
10836,41803
10836,41804
10836,41805
10836,41806
10836,41807
10836,41808
10836,41809
10836,41810
10836,41811
10836,41812
10836,41813
10836,41814
10836,41815
10836,41816
10836,41817
10836,41818
10836,41819
10836,41820
10836,41821
10836,41822
10836,41823
10836,41824
10836,41825
10836,41826
10836,41827
10836,41828
10836,41829
10836,41830
10836,41831
10836,41832
10836,41833
10836,41834
10836,41835
10836,41836
10836,41837
10836,41838
10836,41839
10836,41840
10836,41841
10836,41842
10836,41843
10836,41844
10836,41845
10836,41846
10836,41847
10836,41848
10836,41849
10836,41850
10836,41851
10836,41852
10836,41853
10836,41854
10836,41855
10836,41856
10836,41857
10836,41858
10836,41859
10836,41860
10836,41861
10836,41862
10836,41863
10836,41864
10836,41865
10836,41866
10836,41867
10836,41868
10836,41869
10836,41870
10836,41871
10836,41872
10836,41873
10836,41874
10836,41875
10836,41876
10836,41877
10836,41878
10836,41879
10836,41880
10836,41881
10836,41882
10836,41883
10836,41884
10836,41885
10836,41886
10836,41887
10836,41888
10836,41889
10837,41707
10837,41708
10837,41709
10837,41710
10837,41711
10837,41712
10837,41713
10837,41714
10837,41715
10837,41716
10837,41717
10837,41718
10837,41719
10837,41720
10837,41721
10837,41722
10837,41723
10837,41724
10837,41725
10837,41726
10837,41727
10837,41728
10837,41729
10837,41730
10837,41731
10837,41732
10837,41733
10837,41734
10837,41735
10837,41736
10837,41737
10837,41738
10837,41739
10837,41740
10837,41741
10837,41742
10837,41743
10837,41744
10837,41745
10837,41746
10837,41747
10837,41748
10837,41749
10837,41750
10837,41751
10837,41752
10837,41753
10837,41754
10837,41755
10837,41756
10837,41757
10837,41758
10837,41759
10837,41760
10837,41761
10837,41762
10837,41763
10837,41764
10837,41765
10837,41766
10837,41767
10837,41768
10837,41769
10837,41770
10837,41771
10837,41772
10837,41773
10837,41774
10837,41775
10837,41776
10837,41777
10837,41778
10837,41779
10837,41780
10837,41781
10837,41782
10837,41783
10837,41784
10837,41785
10837,41786
10837,41787
10837,41788
10837,41789
10837,41790
10837,41791
10837,41792
10837,41793
10837,41794
10837,41795
10837,41796
10837,41797
10837,41798
10837,41799
10837,41800
10837,41801
10837,41802
10837,41803
10837,41804
10837,41805
10837,41806
10837,41807
10837,41808
10837,41809
10837,41810
10837,41811
10837,41812
10837,41813
10837,41814
10837,41815
10837,41816
10837,41817
10837,41818
10837,41819
10837,41820
10837,41821
10837,41822
10837,41823
10837,41824
10837,41825
10837,41826
10837,41827
10837,41828
10837,41829
10837,41830
10837,41831
10837,41832
10837,41833
10837,41834
10837,41835
10837,41836
10837,41837
10837,41838
10837,41839
10837,41840
10837,41841
10837,41842
10837,41843
10837,41844
10837,41845
10837,41846
10837,41847
10837,41848
10837,41849
10837,41850
10837,41851
10837,41852
10837,41853
10837,41854
10837,41855
10837,41856
10837,41857
10837,41858
10837,41859
10837,41860
10837,41861
10837,41862
10837,41863
10837,41864
10837,41865
10837,41866
10837,41867
10837,41868
10837,41869
10837,41870
10837,41871
10837,41872
10837,41873
10837,41874
10837,41875
10837,41876
10837,41877
10837,41878
10837,41879
10837,41880
10837,41881
10837,41882
10837,41883
10837,41884
10837,41885
10837,41886
10837,41887
10837,41888
10838,41706
10838,41707
10838,41708
10838,41709
10838,41710
10838,41711
10838,41712
10838,41713
10838,41714
10838,41715
10838,41716
10838,41717
10838,41718
10838,41719
10838,41720
10838,41721
10838,41722
10838,41723
10838,41724
10838,41725
10838,41726
10838,41727
10838,41728
10838,41729
10838,41730
10838,41731
10838,41732
10838,41733
10838,41734
10838,41735
10838,41736
10838,41737
10838,41738
10838,41739
10838,41740
10838,41741
10838,41742
10838,41743
10838,41744
10838,41745
10838,41746
10838,41747
10838,41748
10838,41749
10838,41750
10838,41751
10838,41752
10838,41753
10838,41754
10838,41755
10838,41756
10838,41757
10838,41758
10838,41759
10838,41760
10838,41761
10838,41762
10838,41763
10838,41764
10838,41765
10838,41766
10838,41767
10838,41768
10838,41769
10838,41770
10838,41771
10838,41772
10838,41773
10838,41774
10838,41775
10838,41776
10838,41777
10838,41778
10838,41779
10838,41780
10838,41781
10838,41782
10838,41783
10838,41784
10838,41785
10838,41786
10838,41787
10838,41788
10838,41789
10838,41790
10838,41791
10838,41792
10838,41793
10838,41794
10838,41795
10838,41796
10838,41797
10838,41798
10838,41799
10838,41800
10838,41801
10838,41802
10838,41803
10838,41804
10838,41805
10838,41806
10838,41807
10838,41808
10838,41809
10838,41810
10838,41811
10838,41812
10838,41813
10838,41814
10838,41815
10838,41816
10838,41817
10838,41818
10838,41819
10838,41820
10838,41821
10838,41822
10838,41823
10838,41824
10838,41825
10838,41826
10838,41827
10838,41828
10838,41829
10838,41830
10838,41831
10838,41832
10838,41833
10838,41834
10838,41835
10838,41836
10838,41837
10838,41838
10838,41839
10838,41840
10838,41841
10838,41842
10838,41843
10838,41844
10838,41845
10838,41846
10838,41847
10838,41848
10838,41849
10838,41850
10838,41851
10838,41852
10838,41853
10838,41854
10838,41855
10838,41856
10838,41857
10838,41858
10838,41859
10838,41860
10838,41861
10838,41862
10838,41863
10838,41864
10838,41865
10838,41866
10838,41867
10838,41868
10838,41869
10838,41870
10838,41871
10838,41872
10838,41873
10838,41874
10838,41875
10838,41876
10838,41877
10838,41878
10838,41879
10838,41880
10838,41881
10838,41882
10838,41883
10838,41884
10838,41885
10838,41886
10838,41887
10838,41888
10839,41707
10839,41708
10839,41709
10839,41710
10839,41711
10839,41712
10839,41713
10839,41714
10839,41715
10839,41716
10839,41717
10839,41718
10839,41719
10839,41720
10839,41721
10839,41722
10839,41723
10839,41724
10839,41725
10839,41726
10839,41727
10839,41728
10839,41729
10839,41730
10839,41731
10839,41732
10839,41733
10839,41734
10839,41735
10839,41736
10839,41737
10839,41738
10839,41739
10839,41740
10839,41741
10839,41742
10839,41743
10839,41744
10839,41745
10839,41746
10839,41747
10839,41748
10839,41749
10839,41750
10839,41751
10839,41752
10839,41753
10839,41754
10839,41755
10839,41756
10839,41757
10839,41758
10839,41759
10839,41760
10839,41761
10839,41762
10839,41763
10839,41764
10839,41765
10839,41766
10839,41767
10839,41768
10839,41769
10839,41770
10839,41771
10839,41772
10839,41773
10839,41774
10839,41775
10839,41776
10839,41777
10839,41778
10839,41779
10839,41780
10839,41781
10839,41782
10839,41783
10839,41784
10839,41785
10839,41786
10839,41787
10839,41788
10839,41789
10839,41790
10839,41791
10839,41792
10839,41793
10839,41794
10839,41795
10839,41796
10839,41797
10839,41798
10839,41799
10839,41800
10839,41801
10839,41802
10839,41803
10839,41804
10839,41805
10839,41806
10839,41807
10839,41808
10839,41809
10839,41810
10839,41811
10839,41812
10839,41813
10839,41814
10839,41815
10839,41816
10839,41817
10839,41818
10839,41819
10839,41820
10839,41821
10839,41822
10839,41823
10839,41824
10839,41825
10839,41826
10839,41827
10839,41828
10839,41829
10839,41830
10839,41831
10839,41832
10839,41833
10839,41834
10839,41835
10839,41836
10839,41837
10839,41838
10839,41839
10839,41840
10839,41841
10839,41842
10839,41843
10839,41844
10839,41845
10839,41846
10839,41847
10839,41848
10839,41849
10839,41850
10839,41851
10839,41852
10839,41853
10839,41854
10839,41855
10839,41856
10839,41857
10839,41858
10839,41859
10839,41860
10839,41861
10839,41862
10839,41863
10839,41864
10839,41865
10839,41866
10839,41867
10839,41868
10839,41869
10839,41870
10839,41871
10839,41872
10839,41873
10839,41874
10839,41875
10839,41876
10839,41877
10839,41878
10839,41879
10839,41880
10839,41881
10839,41882
10839,41883
10839,41884
10839,41885
10839,41886
10839,41887
10840,41707
10840,41708
10840,41709
10840,41710
10840,41711
10840,41712
10840,41713
10840,41714
10840,41715
10840,41716
10840,41717
10840,41718
10840,41719
10840,41720
10840,41721
10840,41722
10840,41723
10840,41724
10840,41725
10840,41726
10840,41727
10840,41728
10840,41729
10840,41730
10840,41731
10840,41732
10840,41733
10840,41734
10840,41735
10840,41736
10840,41737
10840,41738
10840,41739
10840,41740
10840,41741
10840,41742
10840,41743
10840,41744
10840,41745
10840,41746
10840,41747
10840,41748
10840,41749
10840,41750
10840,41751
10840,41752
10840,41753
10840,41754
10840,41755
10840,41756
10840,41757
10840,41758
10840,41759
10840,41760
10840,41761
10840,41762
10840,41763
10840,41764
10840,41765
10840,41766
10840,41767
10840,41768
10840,41769
10840,41770
10840,41771
10840,41772
10840,41773
10840,41774
10840,41775
10840,41776
10840,41777
10840,41778
10840,41779
10840,41780
10840,41781
10840,41782
10840,41783
10840,41784
10840,41785
10840,41786
10840,41787
10840,41788
10840,41789
10840,41790
10840,41791
10840,41792
10840,41793
10840,41794
10840,41795
10840,41796
10840,41797
10840,41798
10840,41799
10840,41800
10840,41801
10840,41802
10840,41803
10840,41804
10840,41805
10840,41806
10840,41807
10840,41808
10840,41809
10840,41810
10840,41811
10840,41812
10840,41813
10840,41814
10840,41815
10840,41816
10840,41817
10840,41818
10840,41819
10840,41820
10840,41821
10840,41822
10840,41823
10840,41824
10840,41825
10840,41826
10840,41827
10840,41828
10840,41829
10840,41830
10840,41831
10840,41832
10840,41833
10840,41834
10840,41835
10840,41836
10840,41837
10840,41838
10840,41839
10840,41840
10840,41841
10840,41842
10840,41843
10840,41844
10840,41845
10840,41846
10840,41847
10840,41848
10840,41849
10840,41850
10840,41851
10840,41852
10840,41853
10840,41854
10840,41855
10840,41856
10840,41857
10840,41858
10840,41859
10840,41860
10840,41861
10840,41862
10840,41863
10840,41864
10840,41865
10840,41866
10840,41867
10840,41868
10840,41869
10840,41870
10840,41871
10840,41872
10840,41873
10840,41874
10840,41875
10840,41876
10840,41877
10840,41878
10840,41879
10840,41880
10840,41881
10840,41882
10840,41883
10840,41884
10840,41885
10840,41886
10841,41708
10841,41709
10841,41710
10841,41711
10841,41712
10841,41713
10841,41714
10841,41715
10841,41716
10841,41717
10841,41718
10841,41719
10841,41720
10841,41721
10841,41722
10841,41723
10841,41724
10841,41725
10841,41726
10841,41727
10841,41728
10841,41729
10841,41730
10841,41731
10841,41732
10841,41733
10841,41734
10841,41735
10841,41736
10841,41737
10841,41738
10841,41739
10841,41740
10841,41741
10841,41742
10841,41743
10841,41744
10841,41745
10841,41746
10841,41747
10841,41748
10841,41749
10841,41750
10841,41751
10841,41752
10841,41753
10841,41754
10841,41755
10841,41756
10841,41757
10841,41758
10841,41759
10841,41760
10841,41761
10841,41762
10841,41763
10841,41764
10841,41765
10841,41766
10841,41767
10841,41768
10841,41769
10841,41770
10841,41771
10841,41772
10841,41773
10841,41774
10841,41775
10841,41776
10841,41777
10841,41778
10841,41779
10841,41780
10841,41781
10841,41782
10841,41783
10841,41784
10841,41785
10841,41786
10841,41787
10841,41788
10841,41789
10841,41790
10841,41791
10841,41792
10841,41793
10841,41794
10841,41795
10841,41796
10841,41797
10841,41798
10841,41799
10841,41800
10841,41801
10841,41802
10841,41803
10841,41804
10841,41805
10841,41806
10841,41807
10841,41808
10841,41809
10841,41810
10841,41811
10841,41812
10841,41813
10841,41814
10841,41815
10841,41816
10841,41817
10841,41818
10841,41819
10841,41820
10841,41821
10841,41822
10841,41823
10841,41824
10841,41825
10841,41826
10841,41827
10841,41828
10841,41829
10841,41830
10841,41831
10841,41832
10841,41833
10841,41834
10841,41835
10841,41836
10841,41837
10841,41838
10841,41839
10841,41840
10841,41841
10841,41842
10841,41843
10841,41844
10841,41845
10841,41846
10841,41847
10841,41848
10841,41849
10841,41850
10841,41851
10841,41852
10841,41853
10841,41854
10841,41855
10841,41856
10841,41857
10841,41858
10841,41859
10841,41860
10841,41861
10841,41862
10841,41863
10841,41864
10841,41865
10841,41866
10841,41867
10841,41868
10841,41869
10841,41870
10841,41871
10841,41872
10841,41873
10841,41874
10841,41875
10841,41876
10841,41877
10841,41878
10841,41879
10841,41880
10841,41881
10841,41884
10842,41709
10842,41710
10842,41711
10842,41712
10842,41713
10842,41714
10842,41715
10842,41716
10842,41717
10842,41718
10842,41719
10842,41720
10842,41721
10842,41722
10842,41723
10842,41724
10842,41725
10842,41726
10842,41727
10842,41728
10842,41729
10842,41730
10842,41731
10842,41732
10842,41733
10842,41734
10842,41735
10842,41736
10842,41737
10842,41738
10842,41739
10842,41740
10842,41741
10842,41742
10842,41743
10842,41744
10842,41745
10842,41746
10842,41747
10842,41748
10842,41749
10842,41750
10842,41751
10842,41752
10842,41753
10842,41754
10842,41755
10842,41756
10842,41757
10842,41758
10842,41759
10842,41760
10842,41761
10842,41762
10842,41763
10842,41764
10842,41765
10842,41766
10842,41767
10842,41768
10842,41769
10842,41770
10842,41771
10842,41772
10842,41773
10842,41774
10842,41775
10842,41776
10842,41777
10842,41778
10842,41779
10842,41780
10842,41781
10842,41782
10842,41783
10842,41784
10842,41785
10842,41786
10842,41787
10842,41788
10842,41789
10842,41790
10842,41791
10842,41792
10842,41793
10842,41794
10842,41795
10842,41796
10842,41797
10842,41798
10842,41799
10842,41800
10842,41801
10842,41802
10842,41803
10842,41804
10842,41805
10842,41806
10842,41807
10842,41808
10842,41809
10842,41810
10842,41811
10842,41812
10842,41813
10842,41814
10842,41815
10842,41816
10842,41817
10842,41818
10842,41819
10842,41820
10842,41821
10842,41822
10842,41823
10842,41824
10842,41825
10842,41826
10842,41827
10842,41828
10842,41829
10842,41830
10842,41831
10842,41832
10842,41833
10842,41834
10842,41835
10842,41836
10842,41837
10842,41838
10842,41839
10842,41840
10842,41841
10842,41842
10842,41843
10842,41844
10842,41845
10842,41846
10842,41847
10842,41848
10842,41849
10842,41850
10842,41851
10842,41852
10842,41853
10842,41854
10842,41855
10842,41856
10842,41857
10842,41858
10842,41859
10842,41860
10842,41861
10842,41862
10842,41863
10842,41864
10842,41865
10842,41866
10842,41867
10842,41868
10842,41869
10842,41870
10842,41871
10842,41872
10842,41873
10842,41874
10842,41875
10842,41876
10842,41877
10842,41878
10842,41879
10842,41880
10843,41710
10843,41711
10843,41712
10843,41713
10843,41714
10843,41715
10843,41716
10843,41717
10843,41718
10843,41719
10843,41720
10843,41721
10843,41722
10843,41723
10843,41724
10843,41725
10843,41726
10843,41727
10843,41728
10843,41729
10843,41730
10843,41731
10843,41732
10843,41733
10843,41734
10843,41735
10843,41736
10843,41737
10843,41738
10843,41739
10843,41740
10843,41741
10843,41742
10843,41743
10843,41744
10843,41745
10843,41746
10843,41747
10843,41748
10843,41749
10843,41750
10843,41751
10843,41752
10843,41753
10843,41754
10843,41755
10843,41756
10843,41757
10843,41758
10843,41759
10843,41760
10843,41761
10843,41762
10843,41763
10843,41764
10843,41765
10843,41766
10843,41767
10843,41768
10843,41769
10843,41770
10843,41771
10843,41772
10843,41773
10843,41774
10843,41775
10843,41776
10843,41777
10843,41778
10843,41779
10843,41780
10843,41781
10843,41782
10843,41783
10843,41784
10843,41785
10843,41786
10843,41787
10843,41788
10843,41789
10843,41790
10843,41791
10843,41792
10843,41793
10843,41794
10843,41795
10843,41796
10843,41797
10843,41798
10843,41799
10843,41800
10843,41801
10843,41802
10843,41803
10843,41804
10843,41805
10843,41806
10843,41807
10843,41808
10843,41809
10843,41810
10843,41811
10843,41812
10843,41813
10843,41814
10843,41815
10843,41816
10843,41817
10843,41818
10843,41819
10843,41820
10843,41821
10843,41822
10843,41823
10843,41824
10843,41825
10843,41826
10843,41827
10843,41828
10843,41829
10843,41830
10843,41831
10843,41832
10843,41833
10843,41834
10843,41835
10843,41836
10843,41837
10843,41838
10843,41839
10843,41840
10843,41841
10843,41842
10843,41843
10843,41844
10843,41845
10843,41846
10843,41847
10843,41848
10843,41849
10843,41850
10843,41851
10843,41852
10843,41853
10843,41854
10843,41855
10843,41856
10843,41857
10843,41858
10843,41859
10843,41860
10843,41861
10843,41862
10843,41863
10843,41864
10843,41865
10843,41866
10843,41867
10843,41868
10843,41869
10843,41870
10843,41871
10843,41872
10843,41873
10843,41874
10843,41875
10843,41876
10843,41877
10843,41878
10843,41879
10843,41880
10844,41710
10844,41711
10844,41712
10844,41713
10844,41714
10844,41715
10844,41716
10844,41717
10844,41718
10844,41719
10844,41720
10844,41721
10844,41722
10844,41723
10844,41724
10844,41725
10844,41726
10844,41727
10844,41728
10844,41729
10844,41730
10844,41731
10844,41732
10844,41733
10844,41734
10844,41735
10844,41736
10844,41737
10844,41738
10844,41739
10844,41740
10844,41741
10844,41742
10844,41743
10844,41744
10844,41745
10844,41746
10844,41747
10844,41748
10844,41749
10844,41750
10844,41751
10844,41752
10844,41753
10844,41754
10844,41755
10844,41756
10844,41757
10844,41758
10844,41759
10844,41760
10844,41761
10844,41762
10844,41763
10844,41764
10844,41765
10844,41766
10844,41767
10844,41768
10844,41769
10844,41770
10844,41771
10844,41772
10844,41773
10844,41774
10844,41775
10844,41776
10844,41777
10844,41778
10844,41779
10844,41780
10844,41781
10844,41782
10844,41783
10844,41784
10844,41785
10844,41786
10844,41787
10844,41788
10844,41789
10844,41790
10844,41791
10844,41792
10844,41793
10844,41794
10844,41795
10844,41796
10844,41797
10844,41798
10844,41799
10844,41800
10844,41801
10844,41802
10844,41803
10844,41804
10844,41805
10844,41806
10844,41807
10844,41808
10844,41809
10844,41810
10844,41811
10844,41812
10844,41813
10844,41814
10844,41815
10844,41816
10844,41817
10844,41818
10844,41819
10844,41820
10844,41821
10844,41822
10844,41823
10844,41824
10844,41825
10844,41826
10844,41827
10844,41828
10844,41829
10844,41830
10844,41831
10844,41832
10844,41833
10844,41834
10844,41835
10844,41836
10844,41837
10844,41838
10844,41839
10844,41840
10844,41841
10844,41842
10844,41843
10844,41844
10844,41845
10844,41846
10844,41847
10844,41848
10844,41849
10844,41850
10844,41851
10844,41852
10844,41853
10844,41854
10844,41855
10844,41856
10844,41857
10844,41858
10844,41859
10844,41860
10844,41861
10844,41862
10844,41863
10844,41864
10844,41865
10844,41866
10844,41867
10844,41868
10844,41869
10844,41870
10844,41871
10844,41872
10844,41873
10844,41874
10844,41875
10844,41876
10844,41877
10844,41878
10844,41879
10845,41711
10845,41712
10845,41713
10845,41714
10845,41715
10845,41716
10845,41717
10845,41718
10845,41719
10845,41720
10845,41721
10845,41722
10845,41723
10845,41724
10845,41725
10845,41726
10845,41727
10845,41728
10845,41729
10845,41730
10845,41731
10845,41732
10845,41733
10845,41734
10845,41735
10845,41736
10845,41737
10845,41738
10845,41739
10845,41740
10845,41741
10845,41742
10845,41743
10845,41744
10845,41745
10845,41746
10845,41747
10845,41748
10845,41749
10845,41750
10845,41751
10845,41752
10845,41753
10845,41754
10845,41755
10845,41756
10845,41757
10845,41758
10845,41759
10845,41760
10845,41761
10845,41762
10845,41763
10845,41764
10845,41765
10845,41766
10845,41767
10845,41768
10845,41769
10845,41770
10845,41771
10845,41772
10845,41773
10845,41774
10845,41775
10845,41776
10845,41777
10845,41778
10845,41779
10845,41780
10845,41781
10845,41782
10845,41783
10845,41784
10845,41785
10845,41786
10845,41787
10845,41788
10845,41789
10845,41790
10845,41791
10845,41792
10845,41793
10845,41794
10845,41795
10845,41796
10845,41797
10845,41798
10845,41799
10845,41800
10845,41801
10845,41802
10845,41803
10845,41804
10845,41805
10845,41806
10845,41807
10845,41808
10845,41809
10845,41810
10845,41811
10845,41812
10845,41813
10845,41814
10845,41815
10845,41816
10845,41817
10845,41818
10845,41819
10845,41820
10845,41821
10845,41822
10845,41823
10845,41824
10845,41825
10845,41826
10845,41827
10845,41828
10845,41829
10845,41830
10845,41831
10845,41832
10845,41833
10845,41834
10845,41835
10845,41836
10845,41837
10845,41838
10845,41839
10845,41840
10845,41841
10845,41842
10845,41843
10845,41844
10845,41845
10845,41846
10845,41847
10845,41848
10845,41849
10845,41850
10845,41851
10845,41852
10845,41853
10845,41854
10845,41855
10845,41856
10845,41857
10845,41858
10845,41859
10845,41860
10845,41861
10845,41862
10845,41863
10845,41864
10845,41865
10845,41866
10845,41867
10845,41868
10845,41869
10845,41870
10845,41871
10845,41872
10845,41873
10845,41874
10845,41875
10845,41876
10845,41877
10845,41878
10846,41712
10846,41713
10846,41714
10846,41715
10846,41716
10846,41717
10846,41718
10846,41719
10846,41720
10846,41721
10846,41722
10846,41723
10846,41724
10846,41725
10846,41726
10846,41727
10846,41728
10846,41729
10846,41730
10846,41731
10846,41732
10846,41733
10846,41734
10846,41735
10846,41736
10846,41737
10846,41738
10846,41739
10846,41740
10846,41741
10846,41742
10846,41743
10846,41744
10846,41745
10846,41746
10846,41747
10846,41748
10846,41749
10846,41750
10846,41751
10846,41752
10846,41753
10846,41754
10846,41755
10846,41756
10846,41757
10846,41758
10846,41759
10846,41760
10846,41761
10846,41762
10846,41763
10846,41764
10846,41765
10846,41766
10846,41767
10846,41768
10846,41769
10846,41770
10846,41771
10846,41772
10846,41773
10846,41774
10846,41775
10846,41776
10846,41777
10846,41778
10846,41779
10846,41780
10846,41781
10846,41782
10846,41783
10846,41784
10846,41785
10846,41786
10846,41787
10846,41788
10846,41789
10846,41790
10846,41791
10846,41792
10846,41793
10846,41794
10846,41795
10846,41796
10846,41797
10846,41798
10846,41799
10846,41800
10846,41801
10846,41802
10846,41803
10846,41804
10846,41805
10846,41806
10846,41807
10846,41808
10846,41809
10846,41810
10846,41811
10846,41812
10846,41813
10846,41814
10846,41815
10846,41816
10846,41817
10846,41818
10846,41819
10846,41820
10846,41821
10846,41822
10846,41823
10846,41824
10846,41825
10846,41826
10846,41827
10846,41828
10846,41829
10846,41830
10846,41831
10846,41832
10846,41833
10846,41834
10846,41835
10846,41836
10846,41837
10846,41838
10846,41839
10846,41840
10846,41841
10846,41842
10846,41843
10846,41844
10846,41845
10846,41846
10846,41847
10846,41848
10846,41849
10846,41850
10846,41851
10846,41852
10846,41853
10846,41854
10846,41855
10846,41856
10846,41857
10846,41858
10846,41859
10846,41860
10846,41861
10846,41862
10846,41863
10846,41864
10846,41865
10846,41866
10846,41867
10846,41868
10846,41869
10846,41876
10847,41711
10847,41712
10847,41713
10847,41714
10847,41715
10847,41716
10847,41717
10847,41718
10847,41719
10847,41720
10847,41721
10847,41722
10847,41723
10847,41724
10847,41725
10847,41726
10847,41727
10847,41728
10847,41729
10847,41730
10847,41731
10847,41732
10847,41733
10847,41734
10847,41735
10847,41736
10847,41737
10847,41738
10847,41739
10847,41740
10847,41741
10847,41742
10847,41743
10847,41744
10847,41745
10847,41746
10847,41747
10847,41748
10847,41749
10847,41750
10847,41751
10847,41752
10847,41753
10847,41754
10847,41755
10847,41756
10847,41757
10847,41758
10847,41759
10847,41760
10847,41761
10847,41762
10847,41763
10847,41764
10847,41765
10847,41766
10847,41767
10847,41768
10847,41769
10847,41770
10847,41771
10847,41772
10847,41773
10847,41774
10847,41775
10847,41776
10847,41777
10847,41778
10847,41779
10847,41780
10847,41781
10847,41782
10847,41783
10847,41784
10847,41785
10847,41786
10847,41787
10847,41788
10847,41789
10847,41790
10847,41791
10847,41792
10847,41793
10847,41794
10847,41795
10847,41796
10847,41797
10847,41798
10847,41799
10847,41800
10847,41801
10847,41802
10847,41803
10847,41804
10847,41805
10847,41806
10847,41807
10847,41808
10847,41809
10847,41810
10847,41811
10847,41812
10847,41813
10847,41814
10847,41815
10847,41816
10847,41817
10847,41818
10847,41819
10847,41820
10847,41821
10847,41822
10847,41823
10847,41824
10847,41825
10847,41826
10847,41827
10847,41828
10847,41829
10847,41830
10847,41831
10847,41832
10847,41833
10847,41834
10847,41835
10847,41836
10847,41837
10847,41838
10847,41839
10847,41840
10847,41841
10847,41842
10847,41843
10847,41844
10847,41845
10847,41846
10847,41847
10847,41848
10847,41849
10847,41850
10847,41851
10847,41852
10847,41853
10847,41854
10847,41855
10847,41856
10847,41857
10847,41858
10847,41859
10847,41860
10847,41861
10847,41862
10847,41863
10847,41864
10847,41865
10847,41866
10847,41867
10847,41868
10847,41869
10848,41711
10848,41712
10848,41713
10848,41714
10848,41715
10848,41716
10848,41717
10848,41718
10848,41719
10848,41720
10848,41721
10848,41722
10848,41723
10848,41724
10848,41725
10848,41726
10848,41727
10848,41728
10848,41729
10848,41730
10848,41731
10848,41732
10848,41733
10848,41734
10848,41735
10848,41736
10848,41737
10848,41738
10848,41739
10848,41740
10848,41741
10848,41742
10848,41743
10848,41744
10848,41745
10848,41746
10848,41747
10848,41748
10848,41749
10848,41750
10848,41751
10848,41752
10848,41753
10848,41754
10848,41755
10848,41756
10848,41757
10848,41758
10848,41759
10848,41760
10848,41761
10848,41762
10848,41763
10848,41764
10848,41765
10848,41766
10848,41767
10848,41768
10848,41769
10848,41770
10848,41771
10848,41772
10848,41773
10848,41774
10848,41775
10848,41776
10848,41777
10848,41778
10848,41779
10848,41780
10848,41781
10848,41782
10848,41783
10848,41784
10848,41785
10848,41786
10848,41787
10848,41788
10848,41789
10848,41790
10848,41791
10848,41792
10848,41793
10848,41794
10848,41795
10848,41796
10848,41797
10848,41798
10848,41799
10848,41800
10848,41801
10848,41802
10848,41803
10848,41804
10848,41805
10848,41806
10848,41807
10848,41808
10848,41809
10848,41810
10848,41811
10848,41812
10848,41813
10848,41814
10848,41815
10848,41816
10848,41817
10848,41818
10848,41819
10848,41820
10848,41821
10848,41822
10848,41823
10848,41824
10848,41825
10848,41826
10848,41827
10848,41828
10848,41829
10848,41830
10848,41831
10848,41832
10848,41833
10848,41834
10848,41835
10848,41836
10848,41837
10848,41838
10848,41839
10848,41840
10848,41841
10848,41842
10848,41843
10848,41844
10848,41845
10848,41846
10848,41847
10848,41848
10848,41849
10848,41850
10848,41851
10848,41852
10848,41853
10848,41854
10848,41855
10848,41856
10848,41857
10848,41858
10848,41859
10848,41860
10848,41861
10848,41862
10848,41863
10848,41864
10848,41865
10848,41866
10848,41867
10848,41868
10849,41711
10849,41712
10849,41713
10849,41714
10849,41715
10849,41716
10849,41717
10849,41718
10849,41719
10849,41720
10849,41721
10849,41722
10849,41723
10849,41724
10849,41725
10849,41726
10849,41727
10849,41728
10849,41729
10849,41730
10849,41731
10849,41732
10849,41733
10849,41734
10849,41735
10849,41736
10849,41737
10849,41738
10849,41739
10849,41740
10849,41741
10849,41742
10849,41743
10849,41744
10849,41745
10849,41746
10849,41747
10849,41748
10849,41749
10849,41750
10849,41751
10849,41752
10849,41753
10849,41754
10849,41755
10849,41756
10849,41757
10849,41758
10849,41759
10849,41760
10849,41761
10849,41762
10849,41763
10849,41764
10849,41765
10849,41766
10849,41767
10849,41768
10849,41769
10849,41770
10849,41771
10849,41772
10849,41773
10849,41774
10849,41775
10849,41776
10849,41777
10849,41778
10849,41779
10849,41780
10849,41781
10849,41782
10849,41783
10849,41784
10849,41785
10849,41786
10849,41787
10849,41788
10849,41789
10849,41790
10849,41791
10849,41792
10849,41793
10849,41794
10849,41795
10849,41796
10849,41797
10849,41798
10849,41799
10849,41800
10849,41801
10849,41802
10849,41803
10849,41804
10849,41805
10849,41806
10849,41807
10849,41808
10849,41809
10849,41810
10849,41811
10849,41812
10849,41813
10849,41814
10849,41815
10849,41816
10849,41817
10849,41818
10849,41819
10849,41820
10849,41821
10849,41822
10849,41823
10849,41824
10849,41825
10849,41826
10849,41827
10849,41828
10849,41829
10849,41830
10849,41831
10849,41832
10849,41833
10849,41834
10849,41835
10849,41836
10849,41837
10849,41838
10849,41839
10849,41840
10849,41841
10849,41842
10849,41843
10849,41844
10849,41845
10849,41846
10849,41847
10849,41848
10849,41849
10849,41850
10849,41851
10849,41852
10849,41853
10849,41854
10849,41855
10849,41856
10849,41857
10849,41858
10849,41859
10849,41860
10849,41861
10849,41862
10849,41863
10849,41864
10849,41865
10849,41866
10849,41867
10849,41868
10850,41710
10850,41711
10850,41712
10850,41713
10850,41714
10850,41715
10850,41716
10850,41717
10850,41718
10850,41719
10850,41720
10850,41721
10850,41722
10850,41723
10850,41724
10850,41725
10850,41726
10850,41727
10850,41728
10850,41729
10850,41730
10850,41731
10850,41732
10850,41733
10850,41734
10850,41735
10850,41736
10850,41737
10850,41738
10850,41739
10850,41740
10850,41741
10850,41742
10850,41743
10850,41744
10850,41745
10850,41746
10850,41747
10850,41748
10850,41749
10850,41750
10850,41751
10850,41752
10850,41753
10850,41754
10850,41755
10850,41756
10850,41757
10850,41758
10850,41759
10850,41760
10850,41761
10850,41762
10850,41763
10850,41764
10850,41765
10850,41766
10850,41767
10850,41768
10850,41769
10850,41770
10850,41771
10850,41772
10850,41773
10850,41774
10850,41775
10850,41776
10850,41777
10850,41778
10850,41779
10850,41780
10850,41781
10850,41782
10850,41783
10850,41784
10850,41785
10850,41786
10850,41787
10850,41788
10850,41789
10850,41790
10850,41791
10850,41792
10850,41793
10850,41794
10850,41795
10850,41796
10850,41797
10850,41798
10850,41799
10850,41800
10850,41801
10850,41802
10850,41803
10850,41804
10850,41805
10850,41806
10850,41807
10850,41808
10850,41809
10850,41810
10850,41811
10850,41812
10850,41813
10850,41814
10850,41815
10850,41816
10850,41817
10850,41818
10850,41819
10850,41820
10850,41821
10850,41822
10850,41823
10850,41824
10850,41825
10850,41826
10850,41827
10850,41828
10850,41829
10850,41830
10850,41831
10850,41832
10850,41833
10850,41834
10850,41835
10850,41836
10850,41837
10850,41838
10850,41839
10850,41840
10850,41841
10850,41842
10850,41843
10850,41844
10850,41845
10850,41846
10850,41847
10850,41848
10850,41849
10850,41850
10850,41851
10850,41852
10850,41853
10850,41854
10850,41855
10850,41856
10850,41857
10850,41858
10850,41859
10850,41860
10850,41861
10850,41862
10850,41863
10850,41864
10850,41865
10850,41866
10850,41867
10851,41711
10851,41712
10851,41713
10851,41714
10851,41715
10851,41716
10851,41717
10851,41718
10851,41719
10851,41720
10851,41721
10851,41722
10851,41723
10851,41724
10851,41725
10851,41726
10851,41727
10851,41728
10851,41729
10851,41730
10851,41731
10851,41732
10851,41733
10851,41734
10851,41735
10851,41736
10851,41737
10851,41738
10851,41739
10851,41740
10851,41741
10851,41742
10851,41743
10851,41744
10851,41745
10851,41746
10851,41747
10851,41748
10851,41749
10851,41750
10851,41751
10851,41752
10851,41753
10851,41754
10851,41755
10851,41756
10851,41757
10851,41758
10851,41759
10851,41760
10851,41761
10851,41762
10851,41763
10851,41764
10851,41765
10851,41766
10851,41767
10851,41768
10851,41769
10851,41770
10851,41771
10851,41772
10851,41773
10851,41774
10851,41775
10851,41776
10851,41777
10851,41778
10851,41779
10851,41780
10851,41781
10851,41782
10851,41783
10851,41784
10851,41785
10851,41786
10851,41787
10851,41788
10851,41789
10851,41790
10851,41791
10851,41792
10851,41793
10851,41794
10851,41795
10851,41796
10851,41797
10851,41798
10851,41799
10851,41800
10851,41801
10851,41802
10851,41803
10851,41804
10851,41805
10851,41806
10851,41807
10851,41808
10851,41809
10851,41810
10851,41811
10851,41812
10851,41813
10851,41814
10851,41815
10851,41816
10851,41817
10851,41818
10851,41819
10851,41820
10851,41821
10851,41822
10851,41823
10851,41824
10851,41825
10851,41826
10851,41827
10851,41828
10851,41829
10851,41830
10851,41831
10851,41832
10851,41833
10851,41834
10851,41835
10851,41836
10851,41837
10851,41838
10851,41839
10851,41840
10851,41841
10851,41842
10851,41843
10851,41844
10851,41845
10851,41846
10851,41847
10851,41848
10851,41849
10851,41850
10851,41851
10851,41852
10851,41853
10851,41854
10851,41855
10851,41856
10851,41857
10851,41858
10851,41859
10851,41860
10851,41861
10851,41862
10851,41863
10851,41864
10851,41865
10851,41866
10852,41711
10852,41712
10852,41713
10852,41714
10852,41715
10852,41716
10852,41717
10852,41718
10852,41719
10852,41720
10852,41721
10852,41722
10852,41723
10852,41724
10852,41725
10852,41726
10852,41727
10852,41728
10852,41729
10852,41730
10852,41731
10852,41732
10852,41733
10852,41734
10852,41735
10852,41736
10852,41737
10852,41738
10852,41739
10852,41740
10852,41741
10852,41742
10852,41743
10852,41744
10852,41745
10852,41746
10852,41747
10852,41748
10852,41749
10852,41750
10852,41751
10852,41752
10852,41753
10852,41754
10852,41755
10852,41756
10852,41757
10852,41758
10852,41759
10852,41760
10852,41761
10852,41762
10852,41763
10852,41764
10852,41765
10852,41766
10852,41767
10852,41768
10852,41769
10852,41770
10852,41771
10852,41772
10852,41773
10852,41774
10852,41775
10852,41776
10852,41777
10852,41778
10852,41779
10852,41780
10852,41781
10852,41782
10852,41783
10852,41784
10852,41785
10852,41786
10852,41787
10852,41788
10852,41789
10852,41790
10852,41791
10852,41792
10852,41793
10852,41794
10852,41795
10852,41796
10852,41797
10852,41798
10852,41799
10852,41800
10852,41801
10852,41802
10852,41803
10852,41804
10852,41805
10852,41806
10852,41807
10852,41808
10852,41809
10852,41810
10852,41811
10852,41812
10852,41813
10852,41814
10852,41815
10852,41816
10852,41817
10852,41818
10852,41819
10852,41820
10852,41821
10852,41822
10852,41823
10852,41824
10852,41825
10852,41826
10852,41827
10852,41828
10852,41829
10852,41830
10852,41831
10852,41832
10852,41833
10852,41834
10852,41835
10852,41836
10852,41837
10852,41838
10852,41839
10852,41840
10852,41841
10852,41842
10852,41843
10852,41844
10852,41845
10852,41846
10852,41847
10852,41848
10852,41849
10852,41850
10852,41851
10852,41852
10852,41853
10852,41854
10852,41855
10852,41856
10852,41857
10852,41858
10852,41859
10852,41860
10852,41861
10852,41862
10852,41863
10852,41864
10852,41865
10853,41711
10853,41712
10853,41713
10853,41714
10853,41715
10853,41716
10853,41717
10853,41718
10853,41719
10853,41720
10853,41721
10853,41722
10853,41723
10853,41724
10853,41725
10853,41726
10853,41727
10853,41728
10853,41729
10853,41730
10853,41731
10853,41732
10853,41733
10853,41734
10853,41735
10853,41736
10853,41737
10853,41738
10853,41739
10853,41740
10853,41741
10853,41742
10853,41743
10853,41744
10853,41745
10853,41746
10853,41747
10853,41748
10853,41749
10853,41750
10853,41751
10853,41752
10853,41753
10853,41754
10853,41755
10853,41756
10853,41757
10853,41758
10853,41759
10853,41760
10853,41761
10853,41762
10853,41763
10853,41764
10853,41765
10853,41766
10853,41767
10853,41768
10853,41769
10853,41770
10853,41771
10853,41772
10853,41773
10853,41774
10853,41775
10853,41776
10853,41777
10853,41778
10853,41779
10853,41780
10853,41781
10853,41782
10853,41783
10853,41784
10853,41785
10853,41786
10853,41787
10853,41788
10853,41789
10853,41790
10853,41791
10853,41792
10853,41793
10853,41794
10853,41795
10853,41796
10853,41797
10853,41798
10853,41799
10853,41800
10853,41801
10853,41802
10853,41803
10853,41804
10853,41805
10853,41806
10853,41807
10853,41808
10853,41809
10853,41810
10853,41811
10853,41812
10853,41813
10853,41814
10853,41815
10853,41816
10853,41817
10853,41818
10853,41819
10853,41820
10853,41821
10853,41822
10853,41823
10853,41824
10853,41825
10853,41826
10853,41827
10853,41828
10853,41829
10853,41830
10853,41831
10853,41832
10853,41833
10853,41834
10853,41835
10853,41836
10853,41837
10853,41838
10853,41839
10853,41840
10853,41841
10853,41842
10853,41843
10853,41844
10853,41845
10853,41846
10853,41847
10853,41848
10853,41849
10853,41850
10853,41851
10853,41852
10853,41853
10853,41854
10853,41855
10853,41856
10853,41857
10853,41858
10853,41859
10853,41860
10853,41861
10853,41862
10853,41863
10853,41864
10853,41865
10854,41710
10854,41711
10854,41712
10854,41713
10854,41714
10854,41715
10854,41716
10854,41717
10854,41718
10854,41719
10854,41720
10854,41721
10854,41722
10854,41723
10854,41724
10854,41725
10854,41726
10854,41727
10854,41728
10854,41729
10854,41730
10854,41731
10854,41732
10854,41733
10854,41734
10854,41735
10854,41736
10854,41737
10854,41738
10854,41739
10854,41740
10854,41741
10854,41742
10854,41743
10854,41744
10854,41745
10854,41746
10854,41747
10854,41748
10854,41749
10854,41750
10854,41751
10854,41752
10854,41753
10854,41754
10854,41755
10854,41756
10854,41757
10854,41758
10854,41759
10854,41760
10854,41761
10854,41762
10854,41763
10854,41764
10854,41765
10854,41766
10854,41767
10854,41768
10854,41769
10854,41770
10854,41771
10854,41772
10854,41773
10854,41774
10854,41775
10854,41776
10854,41777
10854,41778
10854,41779
10854,41780
10854,41781
10854,41782
10854,41783
10854,41784
10854,41785
10854,41786
10854,41787
10854,41788
10854,41789
10854,41790
10854,41791
10854,41792
10854,41793
10854,41794
10854,41795
10854,41796
10854,41797
10854,41798
10854,41799
10854,41800
10854,41801
10854,41802
10854,41803
10854,41804
10854,41805
10854,41806
10854,41807
10854,41808
10854,41809
10854,41810
10854,41811
10854,41812
10854,41813
10854,41814
10854,41815
10854,41816
10854,41817
10854,41818
10854,41819
10854,41820
10854,41821
10854,41822
10854,41823
10854,41824
10854,41825
10854,41826
10854,41827
10854,41828
10854,41829
10854,41830
10854,41831
10854,41832
10854,41833
10854,41834
10854,41835
10854,41836
10854,41837
10854,41838
10854,41839
10854,41840
10854,41841
10854,41842
10854,41843
10854,41844
10854,41845
10854,41846
10854,41847
10854,41848
10854,41849
10854,41850
10854,41851
10854,41852
10854,41853
10854,41854
10854,41855
10854,41856
10854,41857
10854,41858
10854,41859
10854,41860
10854,41861
10854,41862
10854,41863
10854,41864
10855,41710
10855,41711
10855,41712
10855,41713
10855,41714
10855,41715
10855,41716
10855,41717
10855,41718
10855,41719
10855,41720
10855,41721
10855,41722
10855,41723
10855,41724
10855,41725
10855,41726
10855,41727
10855,41728
10855,41729
10855,41730
10855,41731
10855,41732
10855,41733
10855,41734
10855,41735
10855,41736
10855,41737
10855,41738
10855,41739
10855,41740
10855,41741
10855,41742
10855,41743
10855,41744
10855,41745
10855,41746
10855,41747
10855,41748
10855,41749
10855,41750
10855,41751
10855,41752
10855,41753
10855,41754
10855,41755
10855,41756
10855,41757
10855,41758
10855,41759
10855,41760
10855,41761
10855,41762
10855,41763
10855,41764
10855,41765
10855,41766
10855,41767
10855,41768
10855,41769
10855,41770
10855,41771
10855,41772
10855,41773
10855,41774
10855,41775
10855,41776
10855,41777
10855,41778
10855,41779
10855,41780
10855,41781
10855,41782
10855,41783
10855,41784
10855,41785
10855,41786
10855,41787
10855,41788
10855,41789
10855,41790
10855,41791
10855,41792
10855,41793
10855,41794
10855,41795
10855,41796
10855,41797
10855,41798
10855,41799
10855,41800
10855,41801
10855,41802
10855,41803
10855,41804
10855,41805
10855,41806
10855,41807
10855,41808
10855,41809
10855,41810
10855,41811
10855,41812
10855,41813
10855,41814
10855,41815
10855,41816
10855,41817
10855,41818
10855,41819
10855,41820
10855,41821
10855,41822
10855,41823
10855,41824
10855,41825
10855,41826
10855,41827
10855,41828
10855,41829
10855,41830
10855,41831
10855,41832
10855,41833
10855,41834
10855,41835
10855,41836
10855,41837
10855,41838
10855,41839
10855,41840
10855,41841
10855,41842
10855,41843
10855,41844
10855,41845
10855,41846
10855,41847
10855,41848
10855,41849
10855,41850
10855,41851
10855,41852
10855,41853
10855,41854
10855,41855
10855,41856
10855,41857
10855,41858
10855,41859
10855,41860
10855,41861
10855,41862
10855,41863
10856,41709
10856,41710
10856,41711
10856,41712
10856,41713
10856,41714
10856,41715
10856,41716
10856,41717
10856,41718
10856,41719
10856,41720
10856,41721
10856,41722
10856,41723
10856,41724
10856,41725
10856,41726
10856,41727
10856,41728
10856,41729
10856,41730
10856,41731
10856,41732
10856,41733
10856,41734
10856,41735
10856,41736
10856,41737
10856,41738
10856,41739
10856,41740
10856,41741
10856,41742
10856,41743
10856,41744
10856,41745
10856,41746
10856,41747
10856,41748
10856,41749
10856,41750
10856,41751
10856,41752
10856,41753
10856,41754
10856,41755
10856,41756
10856,41757
10856,41758
10856,41759
10856,41760
10856,41761
10856,41762
10856,41763
10856,41764
10856,41765
10856,41766
10856,41767
10856,41768
10856,41769
10856,41770
10856,41771
10856,41772
10856,41773
10856,41774
10856,41775
10856,41776
10856,41777
10856,41778
10856,41779
10856,41780
10856,41781
10856,41782
10856,41783
10856,41784
10856,41785
10856,41786
10856,41787
10856,41788
10856,41789
10856,41790
10856,41791
10856,41792
10856,41793
10856,41794
10856,41795
10856,41796
10856,41797
10856,41798
10856,41799
10856,41800
10856,41801
10856,41802
10856,41803
10856,41804
10856,41805
10856,41806
10856,41807
10856,41808
10856,41809
10856,41810
10856,41811
10856,41812
10856,41813
10856,41814
10856,41815
10856,41816
10856,41817
10856,41818
10856,41819
10856,41820
10856,41821
10856,41822
10856,41823
10856,41824
10856,41825
10856,41826
10856,41827
10856,41828
10856,41829
10856,41830
10856,41831
10856,41832
10856,41833
10856,41834
10856,41835
10856,41836
10856,41837
10856,41838
10856,41839
10856,41840
10856,41841
10856,41842
10856,41843
10856,41844
10856,41845
10856,41846
10856,41847
10856,41848
10856,41849
10856,41850
10856,41851
10856,41852
10856,41853
10856,41854
10856,41855
10856,41856
10856,41857
10856,41858
10856,41859
10856,41861
10857,41709
10857,41710
10857,41711
10857,41712
10857,41713
10857,41714
10857,41715
10857,41716
10857,41717
10857,41718
10857,41719
10857,41720
10857,41721
10857,41722
10857,41723
10857,41724
10857,41725
10857,41726
10857,41727
10857,41728
10857,41729
10857,41730
10857,41731
10857,41732
10857,41733
10857,41734
10857,41735
10857,41736
10857,41737
10857,41738
10857,41739
10857,41740
10857,41741
10857,41742
10857,41743
10857,41744
10857,41745
10857,41746
10857,41747
10857,41748
10857,41749
10857,41750
10857,41751
10857,41752
10857,41753
10857,41754
10857,41755
10857,41756
10857,41757
10857,41758
10857,41759
10857,41760
10857,41761
10857,41762
10857,41763
10857,41764
10857,41765
10857,41766
10857,41767
10857,41768
10857,41769
10857,41770
10857,41771
10857,41772
10857,41773
10857,41774
10857,41775
10857,41776
10857,41777
10857,41778
10857,41779
10857,41780
10857,41781
10857,41782
10857,41783
10857,41784
10857,41785
10857,41786
10857,41787
10857,41788
10857,41789
10857,41790
10857,41791
10857,41792
10857,41793
10857,41794
10857,41795
10857,41796
10857,41797
10857,41798
10857,41799
10857,41800
10857,41801
10857,41802
10857,41803
10857,41804
10857,41805
10857,41806
10857,41807
10857,41808
10857,41809
10857,41810
10857,41811
10857,41812
10857,41813
10857,41814
10857,41815
10857,41816
10857,41817
10857,41818
10857,41819
10857,41820
10857,41821
10857,41822
10857,41823
10857,41824
10857,41825
10857,41826
10857,41827
10857,41828
10857,41829
10857,41830
10857,41831
10857,41832
10857,41833
10857,41834
10857,41835
10857,41836
10857,41837
10857,41838
10857,41839
10857,41840
10857,41841
10857,41842
10857,41843
10857,41844
10857,41845
10857,41846
10857,41847
10857,41848
10857,41849
10857,41850
10857,41851
10857,41852
10857,41853
10857,41854
10857,41855
10857,41856
10857,41857
10857,41858
10858,41709
10858,41710
10858,41711
10858,41712
10858,41713
10858,41714
10858,41715
10858,41716
10858,41717
10858,41718
10858,41719
10858,41720
10858,41721
10858,41722
10858,41723
10858,41724
10858,41725
10858,41726
10858,41727
10858,41728
10858,41729
10858,41730
10858,41731
10858,41732
10858,41733
10858,41734
10858,41735
10858,41736
10858,41737
10858,41738
10858,41739
10858,41740
10858,41741
10858,41742
10858,41743
10858,41744
10858,41745
10858,41746
10858,41747
10858,41748
10858,41749
10858,41750
10858,41751
10858,41752
10858,41753
10858,41754
10858,41755
10858,41756
10858,41757
10858,41758
10858,41759
10858,41760
10858,41761
10858,41762
10858,41763
10858,41764
10858,41765
10858,41766
10858,41767
10858,41768
10858,41769
10858,41770
10858,41771
10858,41772
10858,41773
10858,41774
10858,41775
10858,41776
10858,41777
10858,41778
10858,41779
10858,41780
10858,41781
10858,41782
10858,41783
10858,41784
10858,41785
10858,41786
10858,41787
10858,41788
10858,41789
10858,41790
10858,41791
10858,41792
10858,41793
10858,41794
10858,41795
10858,41796
10858,41797
10858,41798
10858,41799
10858,41800
10858,41801
10858,41802
10858,41803
10858,41804
10858,41805
10858,41806
10858,41807
10858,41808
10858,41809
10858,41810
10858,41811
10858,41812
10858,41813
10858,41814
10858,41815
10858,41816
10858,41817
10858,41818
10858,41819
10858,41820
10858,41821
10858,41822
10858,41823
10858,41824
10858,41825
10858,41826
10858,41827
10858,41828
10858,41829
10858,41830
10858,41831
10858,41832
10858,41833
10858,41834
10858,41835
10858,41836
10858,41837
10858,41838
10858,41839
10858,41840
10858,41841
10858,41842
10858,41843
10858,41844
10858,41845
10858,41846
10858,41847
10858,41848
10858,41849
10858,41850
10858,41851
10858,41852
10858,41853
10858,41854
10858,41855
10859,41708
10859,41709
10859,41710
10859,41711
10859,41712
10859,41713
10859,41714
10859,41715
10859,41716
10859,41717
10859,41718
10859,41719
10859,41720
10859,41721
10859,41722
10859,41723
10859,41724
10859,41725
10859,41726
10859,41727
10859,41728
10859,41729
10859,41730
10859,41731
10859,41732
10859,41733
10859,41734
10859,41735
10859,41736
10859,41737
10859,41738
10859,41739
10859,41740
10859,41741
10859,41742
10859,41743
10859,41744
10859,41745
10859,41746
10859,41747
10859,41748
10859,41749
10859,41750
10859,41751
10859,41752
10859,41753
10859,41754
10859,41755
10859,41756
10859,41757
10859,41758
10859,41759
10859,41760
10859,41761
10859,41762
10859,41763
10859,41764
10859,41765
10859,41766
10859,41767
10859,41768
10859,41769
10859,41770
10859,41771
10859,41772
10859,41773
10859,41774
10859,41775
10859,41776
10859,41777
10859,41778
10859,41779
10859,41780
10859,41781
10859,41782
10859,41783
10859,41784
10859,41785
10859,41786
10859,41787
10859,41788
10859,41789
10859,41790
10859,41791
10859,41792
10859,41793
10859,41794
10859,41795
10859,41796
10859,41797
10859,41798
10859,41799
10859,41800
10859,41801
10859,41802
10859,41803
10859,41804
10859,41805
10859,41806
10859,41807
10859,41808
10859,41809
10859,41810
10859,41811
10859,41812
10859,41813
10859,41814
10859,41815
10859,41816
10859,41817
10859,41818
10859,41819
10859,41820
10859,41821
10859,41822
10859,41823
10859,41824
10859,41825
10859,41826
10859,41827
10859,41828
10859,41829
10859,41830
10859,41831
10859,41832
10859,41833
10859,41834
10859,41835
10859,41836
10859,41837
10859,41838
10859,41839
10859,41840
10859,41841
10859,41842
10859,41843
10859,41844
10859,41845
10859,41846
10859,41847
10859,41848
10859,41849
10859,41850
10859,41851
10859,41852
10859,41853
10860,41709
10860,41710
10860,41711
10860,41712
10860,41713
10860,41714
10860,41715
10860,41716
10860,41717
10860,41718
10860,41719
10860,41720
10860,41721
10860,41722
10860,41723
10860,41724
10860,41725
10860,41726
10860,41727
10860,41728
10860,41729
10860,41730
10860,41731
10860,41732
10860,41733
10860,41734
10860,41735
10860,41736
10860,41737
10860,41738
10860,41739
10860,41740
10860,41741
10860,41742
10860,41743
10860,41744
10860,41745
10860,41746
10860,41747
10860,41748
10860,41749
10860,41750
10860,41751
10860,41752
10860,41753
10860,41754
10860,41755
10860,41756
10860,41757
10860,41758
10860,41759
10860,41760
10860,41761
10860,41762
10860,41763
10860,41764
10860,41765
10860,41766
10860,41767
10860,41768
10860,41769
10860,41770
10860,41771
10860,41772
10860,41773
10860,41774
10860,41775
10860,41776
10860,41777
10860,41778
10860,41779
10860,41780
10860,41781
10860,41782
10860,41783
10860,41784
10860,41785
10860,41786
10860,41787
10860,41788
10860,41789
10860,41790
10860,41791
10860,41792
10860,41793
10860,41794
10860,41795
10860,41796
10860,41797
10860,41798
10860,41799
10860,41800
10860,41801
10860,41802
10860,41803
10860,41804
10860,41805
10860,41806
10860,41807
10860,41808
10860,41809
10860,41810
10860,41811
10860,41812
10860,41813
10860,41814
10860,41815
10860,41816
10860,41817
10860,41818
10860,41819
10860,41820
10860,41821
10860,41822
10860,41823
10860,41824
10860,41825
10860,41826
10860,41827
10860,41828
10860,41829
10860,41830
10860,41831
10860,41832
10860,41833
10860,41834
10860,41835
10860,41836
10860,41837
10860,41838
10860,41839
10860,41840
10860,41841
10860,41842
10860,41843
10860,41844
10860,41845
10860,41846
10860,41847
10860,41848
10860,41849
10860,41850
10860,41851
10860,41852
10860,41853
10861,41709
10861,41710
10861,41711
10861,41712
10861,41713
10861,41714
10861,41715
10861,41716
10861,41717
10861,41718
10861,41719
10861,41720
10861,41721
10861,41722
10861,41723
10861,41724
10861,41725
10861,41726
10861,41727
10861,41728
10861,41729
10861,41730
10861,41731
10861,41732
10861,41733
10861,41734
10861,41735
10861,41736
10861,41737
10861,41738
10861,41739
10861,41740
10861,41741
10861,41742
10861,41743
10861,41744
10861,41745
10861,41746
10861,41747
10861,41748
10861,41749
10861,41750
10861,41751
10861,41752
10861,41753
10861,41754
10861,41755
10861,41756
10861,41757
10861,41758
10861,41759
10861,41760
10861,41761
10861,41762
10861,41763
10861,41764
10861,41765
10861,41766
10861,41767
10861,41768
10861,41769
10861,41770
10861,41771
10861,41772
10861,41773
10861,41774
10861,41775
10861,41776
10861,41777
10861,41778
10861,41779
10861,41780
10861,41781
10861,41782
10861,41783
10861,41784
10861,41785
10861,41786
10861,41787
10861,41788
10861,41789
10861,41790
10861,41791
10861,41792
10861,41793
10861,41794
10861,41795
10861,41796
10861,41797
10861,41798
10861,41799
10861,41800
10861,41801
10861,41802
10861,41803
10861,41804
10861,41805
10861,41806
10861,41807
10861,41808
10861,41809
10861,41810
10861,41811
10861,41812
10861,41813
10861,41814
10861,41815
10861,41816
10861,41817
10861,41818
10861,41819
10861,41820
10861,41821
10861,41822
10861,41823
10861,41824
10861,41825
10861,41826
10861,41827
10861,41828
10861,41829
10861,41830
10861,41831
10861,41832
10861,41833
10861,41834
10861,41835
10861,41836
10861,41837
10861,41838
10861,41839
10861,41840
10861,41841
10861,41842
10861,41843
10861,41844
10861,41845
10861,41846
10861,41847
10861,41848
10861,41849
10861,41850
10861,41851
10861,41852
10861,41853
10862,41709
10862,41710
10862,41711
10862,41712
10862,41713
10862,41714
10862,41715
10862,41716
10862,41717
10862,41718
10862,41719
10862,41720
10862,41721
10862,41722
10862,41723
10862,41724
10862,41725
10862,41726
10862,41727
10862,41728
10862,41729
10862,41730
10862,41731
10862,41732
10862,41733
10862,41734
10862,41735
10862,41736
10862,41737
10862,41738
10862,41739
10862,41740
10862,41741
10862,41742
10862,41743
10862,41744
10862,41745
10862,41746
10862,41747
10862,41748
10862,41749
10862,41750
10862,41751
10862,41752
10862,41753
10862,41754
10862,41755
10862,41756
10862,41757
10862,41758
10862,41759
10862,41760
10862,41761
10862,41762
10862,41763
10862,41764
10862,41765
10862,41766
10862,41767
10862,41768
10862,41769
10862,41770
10862,41771
10862,41772
10862,41773
10862,41774
10862,41775
10862,41776
10862,41777
10862,41778
10862,41779
10862,41780
10862,41781
10862,41782
10862,41783
10862,41784
10862,41785
10862,41786
10862,41787
10862,41788
10862,41789
10862,41790
10862,41791
10862,41792
10862,41793
10862,41794
10862,41795
10862,41796
10862,41797
10862,41798
10862,41799
10862,41800
10862,41801
10862,41802
10862,41803
10862,41804
10862,41805
10862,41806
10862,41807
10862,41808
10862,41809
10862,41810
10862,41811
10862,41812
10862,41813
10862,41814
10862,41815
10862,41816
10862,41817
10862,41818
10862,41819
10862,41820
10862,41821
10862,41822
10862,41823
10862,41824
10862,41825
10862,41826
10862,41827
10862,41828
10862,41829
10862,41830
10862,41831
10862,41832
10862,41833
10862,41834
10862,41835
10862,41836
10862,41837
10862,41838
10862,41839
10862,41840
10862,41841
10862,41842
10862,41843
10862,41844
10862,41845
10862,41846
10862,41847
10862,41848
10862,41849
10862,41850
10862,41851
10862,41852
10862,41853
10862,41854
10863,41709
10863,41710
10863,41711
10863,41712
10863,41713
10863,41714
10863,41715
10863,41716
10863,41717
10863,41718
10863,41719
10863,41720
10863,41721
10863,41722
10863,41723
10863,41724
10863,41725
10863,41726
10863,41727
10863,41728
10863,41729
10863,41730
10863,41731
10863,41732
10863,41733
10863,41734
10863,41735
10863,41736
10863,41737
10863,41738
10863,41739
10863,41740
10863,41741
10863,41742
10863,41743
10863,41744
10863,41745
10863,41746
10863,41747
10863,41748
10863,41749
10863,41750
10863,41751
10863,41752
10863,41753
10863,41754
10863,41755
10863,41756
10863,41757
10863,41758
10863,41759
10863,41760
10863,41761
10863,41762
10863,41763
10863,41764
10863,41765
10863,41766
10863,41767
10863,41768
10863,41769
10863,41770
10863,41771
10863,41772
10863,41773
10863,41774
10863,41775
10863,41776
10863,41777
10863,41778
10863,41779
10863,41780
10863,41781
10863,41782
10863,41783
10863,41784
10863,41785
10863,41786
10863,41787
10863,41788
10863,41789
10863,41790
10863,41791
10863,41792
10863,41793
10863,41794
10863,41795
10863,41796
10863,41797
10863,41798
10863,41799
10863,41800
10863,41801
10863,41802
10863,41803
10863,41804
10863,41805
10863,41806
10863,41807
10863,41808
10863,41809
10863,41810
10863,41811
10863,41812
10863,41813
10863,41814
10863,41815
10863,41816
10863,41817
10863,41818
10863,41819
10863,41820
10863,41821
10863,41822
10863,41823
10863,41824
10863,41825
10863,41826
10863,41827
10863,41828
10863,41829
10863,41830
10863,41831
10863,41832
10863,41833
10863,41834
10863,41835
10863,41836
10863,41837
10863,41838
10863,41839
10863,41840
10863,41841
10863,41842
10863,41843
10863,41844
10863,41845
10863,41846
10863,41847
10863,41848
10863,41849
10863,41850
10863,41851
10863,41852
10863,41853
10864,41709
10864,41710
10864,41711
10864,41712
10864,41713
10864,41714
10864,41715
10864,41716
10864,41717
10864,41718
10864,41719
10864,41720
10864,41721
10864,41722
10864,41723
10864,41724
10864,41725
10864,41726
10864,41727
10864,41728
10864,41729
10864,41730
10864,41731
10864,41732
10864,41733
10864,41734
10864,41735
10864,41736
10864,41737
10864,41738
10864,41739
10864,41740
10864,41741
10864,41742
10864,41743
10864,41744
10864,41745
10864,41746
10864,41747
10864,41748
10864,41749
10864,41750
10864,41751
10864,41752
10864,41753
10864,41754
10864,41755
10864,41756
10864,41757
10864,41758
10864,41759
10864,41760
10864,41761
10864,41762
10864,41763
10864,41764
10864,41765
10864,41766
10864,41767
10864,41768
10864,41769
10864,41770
10864,41771
10864,41772
10864,41773
10864,41774
10864,41775
10864,41776
10864,41777
10864,41778
10864,41779
10864,41780
10864,41781
10864,41782
10864,41783
10864,41784
10864,41785
10864,41786
10864,41787
10864,41788
10864,41789
10864,41790
10864,41791
10864,41792
10864,41793
10864,41794
10864,41795
10864,41796
10864,41797
10864,41798
10864,41799
10864,41800
10864,41801
10864,41802
10864,41803
10864,41804
10864,41805
10864,41806
10864,41807
10864,41808
10864,41809
10864,41810
10864,41811
10864,41812
10864,41813
10864,41814
10864,41815
10864,41816
10864,41817
10864,41818
10864,41819
10864,41820
10864,41821
10864,41822
10864,41823
10864,41824
10864,41825
10864,41826
10864,41827
10864,41828
10864,41829
10864,41830
10864,41831
10864,41832
10864,41833
10864,41834
10864,41835
10864,41836
10864,41837
10864,41838
10864,41839
10864,41840
10864,41841
10864,41842
10864,41843
10864,41844
10864,41845
10864,41846
10864,41847
10864,41848
10864,41849
10864,41850
10864,41851
10864,41852
10864,41853
10865,41708
10865,41709
10865,41710
10865,41711
10865,41712
10865,41713
10865,41714
10865,41715
10865,41716
10865,41717
10865,41718
10865,41719
10865,41720
10865,41721
10865,41722
10865,41723
10865,41724
10865,41725
10865,41726
10865,41727
10865,41728
10865,41729
10865,41730
10865,41731
10865,41732
10865,41733
10865,41734
10865,41735
10865,41736
10865,41737
10865,41738
10865,41739
10865,41740
10865,41741
10865,41742
10865,41743
10865,41744
10865,41745
10865,41746
10865,41747
10865,41748
10865,41749
10865,41750
10865,41751
10865,41752
10865,41753
10865,41754
10865,41755
10865,41756
10865,41757
10865,41758
10865,41759
10865,41760
10865,41761
10865,41762
10865,41763
10865,41764
10865,41765
10865,41766
10865,41767
10865,41768
10865,41769
10865,41770
10865,41771
10865,41772
10865,41773
10865,41774
10865,41775
10865,41776
10865,41777
10865,41778
10865,41779
10865,41780
10865,41781
10865,41782
10865,41783
10865,41784
10865,41785
10865,41786
10865,41787
10865,41788
10865,41789
10865,41790
10865,41791
10865,41792
10865,41793
10865,41794
10865,41795
10865,41796
10865,41797
10865,41798
10865,41799
10865,41800
10865,41801
10865,41802
10865,41803
10865,41804
10865,41805
10865,41806
10865,41807
10865,41808
10865,41809
10865,41810
10865,41811
10865,41812
10865,41813
10865,41814
10865,41815
10865,41816
10865,41817
10865,41818
10865,41819
10865,41820
10865,41821
10865,41822
10865,41823
10865,41824
10865,41825
10865,41826
10865,41827
10865,41828
10865,41829
10865,41830
10865,41831
10865,41832
10865,41833
10865,41834
10865,41835
10865,41836
10865,41837
10865,41838
10865,41839
10865,41840
10865,41841
10865,41842
10865,41843
10865,41844
10865,41845
10865,41846
10865,41847
10865,41848
10865,41849
10865,41850
10865,41851
10865,41852
10866,41709
10866,41710
10866,41711
10866,41712
10866,41713
10866,41714
10866,41715
10866,41716
10866,41717
10866,41718
10866,41719
10866,41720
10866,41721
10866,41722
10866,41723
10866,41724
10866,41725
10866,41726
10866,41727
10866,41728
10866,41729
10866,41730
10866,41731
10866,41732
10866,41733
10866,41734
10866,41735
10866,41736
10866,41737
10866,41738
10866,41739
10866,41740
10866,41741
10866,41742
10866,41743
10866,41744
10866,41745
10866,41746
10866,41747
10866,41748
10866,41749
10866,41750
10866,41751
10866,41752
10866,41753
10866,41754
10866,41755
10866,41756
10866,41757
10866,41758
10866,41759
10866,41760
10866,41761
10866,41762
10866,41763
10866,41764
10866,41765
10866,41766
10866,41767
10866,41768
10866,41769
10866,41770
10866,41771
10866,41772
10866,41773
10866,41774
10866,41775
10866,41776
10866,41777
10866,41778
10866,41779
10866,41780
10866,41781
10866,41782
10866,41783
10866,41784
10866,41785
10866,41786
10866,41787
10866,41788
10866,41789
10866,41790
10866,41791
10866,41792
10866,41793
10866,41794
10866,41795
10866,41796
10866,41797
10866,41798
10866,41799
10866,41800
10866,41801
10866,41802
10866,41803
10866,41804
10866,41805
10866,41806
10866,41807
10866,41808
10866,41809
10866,41810
10866,41811
10866,41812
10866,41813
10866,41814
10866,41815
10866,41816
10866,41817
10866,41818
10866,41819
10866,41820
10866,41821
10866,41822
10866,41823
10866,41824
10866,41825
10866,41826
10866,41827
10866,41828
10866,41829
10866,41830
10866,41831
10866,41832
10866,41833
10866,41834
10866,41835
10866,41836
10866,41837
10866,41838
10866,41839
10866,41840
10866,41841
10866,41842
10866,41843
10866,41844
10866,41845
10866,41846
10866,41847
10866,41848
10866,41849
10866,41850
10866,41851
10867,41709
10867,41710
10867,41711
10867,41712
10867,41713
10867,41714
10867,41715
10867,41716
10867,41717
10867,41718
10867,41719
10867,41720
10867,41721
10867,41722
10867,41723
10867,41724
10867,41725
10867,41726
10867,41727
10867,41728
10867,41729
10867,41730
10867,41731
10867,41732
10867,41733
10867,41734
10867,41735
10867,41736
10867,41737
10867,41738
10867,41739
10867,41740
10867,41741
10867,41742
10867,41743
10867,41744
10867,41745
10867,41746
10867,41747
10867,41748
10867,41749
10867,41750
10867,41751
10867,41752
10867,41753
10867,41754
10867,41755
10867,41756
10867,41757
10867,41758
10867,41759
10867,41760
10867,41761
10867,41762
10867,41763
10867,41764
10867,41765
10867,41766
10867,41767
10867,41768
10867,41769
10867,41770
10867,41771
10867,41772
10867,41773
10867,41774
10867,41775
10867,41776
10867,41777
10867,41778
10867,41779
10867,41780
10867,41781
10867,41782
10867,41783
10867,41784
10867,41785
10867,41786
10867,41787
10867,41788
10867,41789
10867,41790
10867,41791
10867,41792
10867,41793
10867,41794
10867,41795
10867,41796
10867,41797
10867,41798
10867,41799
10867,41800
10867,41801
10867,41802
10867,41803
10867,41804
10867,41805
10867,41806
10867,41807
10867,41808
10867,41809
10867,41810
10867,41811
10867,41812
10867,41813
10867,41814
10867,41815
10867,41816
10867,41817
10867,41818
10867,41819
10867,41820
10867,41821
10867,41822
10867,41823
10867,41824
10867,41825
10867,41826
10867,41827
10867,41828
10867,41829
10867,41830
10867,41831
10867,41832
10867,41833
10867,41834
10867,41835
10867,41836
10867,41837
10867,41838
10867,41839
10867,41840
10867,41841
10867,41842
10867,41843
10867,41844
10867,41845
10867,41849
10868,41708
10868,41709
10868,41710
10868,41711
10868,41712
10868,41713
10868,41714
10868,41715
10868,41716
10868,41717
10868,41718
10868,41719
10868,41720
10868,41721
10868,41722
10868,41723
10868,41724
10868,41725
10868,41726
10868,41727
10868,41728
10868,41729
10868,41730
10868,41731
10868,41732
10868,41733
10868,41734
10868,41735
10868,41736
10868,41737
10868,41738
10868,41739
10868,41740
10868,41741
10868,41742
10868,41743
10868,41744
10868,41745
10868,41746
10868,41747
10868,41748
10868,41749
10868,41750
10868,41751
10868,41752
10868,41753
10868,41754
10868,41755
10868,41756
10868,41757
10868,41758
10868,41759
10868,41760
10868,41761
10868,41762
10868,41763
10868,41764
10868,41765
10868,41766
10868,41767
10868,41768
10868,41769
10868,41770
10868,41771
10868,41772
10868,41773
10868,41774
10868,41775
10868,41776
10868,41777
10868,41778
10868,41779
10868,41780
10868,41781
10868,41782
10868,41783
10868,41784
10868,41785
10868,41786
10868,41787
10868,41788
10868,41789
10868,41790
10868,41791
10868,41792
10868,41793
10868,41794
10868,41795
10868,41796
10868,41797
10868,41798
10868,41799
10868,41800
10868,41801
10868,41802
10868,41803
10868,41804
10868,41805
10868,41806
10868,41807
10868,41808
10868,41809
10868,41810
10868,41811
10868,41812
10868,41813
10868,41814
10868,41815
10868,41816
10868,41817
10868,41818
10868,41819
10868,41820
10868,41821
10868,41822
10868,41823
10868,41824
10868,41825
10868,41826
10868,41827
10868,41828
10868,41829
10868,41830
10868,41831
10868,41832
10868,41833
10868,41834
10868,41835
10868,41836
10868,41837
10868,41838
10868,41839
10868,41840
10868,41841
10868,41842
10868,41843
10868,41844
10869,41709
10869,41710
10869,41711
10869,41712
10869,41713
10869,41714
10869,41715
10869,41716
10869,41717
10869,41718
10869,41719
10869,41720
10869,41721
10869,41722
10869,41723
10869,41724
10869,41725
10869,41726
10869,41727
10869,41728
10869,41729
10869,41730
10869,41731
10869,41732
10869,41733
10869,41734
10869,41735
10869,41736
10869,41737
10869,41738
10869,41739
10869,41740
10869,41741
10869,41742
10869,41743
10869,41744
10869,41745
10869,41746
10869,41747
10869,41748
10869,41749
10869,41750
10869,41751
10869,41752
10869,41753
10869,41754
10869,41755
10869,41756
10869,41757
10869,41758
10869,41759
10869,41760
10869,41761
10869,41762
10869,41763
10869,41764
10869,41765
10869,41766
10869,41767
10869,41768
10869,41769
10869,41770
10869,41771
10869,41772
10869,41773
10869,41774
10869,41775
10869,41776
10869,41777
10869,41778
10869,41779
10869,41780
10869,41781
10869,41782
10869,41783
10869,41784
10869,41785
10869,41786
10869,41787
10869,41788
10869,41789
10869,41790
10869,41791
10869,41792
10869,41793
10869,41794
10869,41795
10869,41796
10869,41797
10869,41798
10869,41799
10869,41800
10869,41801
10869,41802
10869,41803
10869,41804
10869,41805
10869,41806
10869,41807
10869,41808
10869,41809
10869,41810
10869,41811
10869,41812
10869,41813
10869,41814
10869,41815
10869,41816
10869,41817
10869,41818
10869,41819
10869,41820
10869,41821
10869,41822
10869,41823
10869,41824
10869,41825
10869,41826
10869,41827
10869,41828
10869,41829
10869,41830
10869,41831
10869,41832
10869,41833
10869,41834
10869,41835
10869,41836
10869,41837
10869,41838
10869,41839
10869,41840
10869,41841
10869,41842
10869,41843
10869,41844
10870,41709
10870,41710
10870,41711
10870,41712
10870,41713
10870,41714
10870,41715
10870,41716
10870,41717
10870,41718
10870,41719
10870,41720
10870,41721
10870,41722
10870,41723
10870,41724
10870,41725
10870,41726
10870,41727
10870,41728
10870,41729
10870,41730
10870,41731
10870,41732
10870,41733
10870,41734
10870,41735
10870,41736
10870,41737
10870,41738
10870,41739
10870,41740
10870,41741
10870,41742
10870,41743
10870,41744
10870,41745
10870,41746
10870,41747
10870,41748
10870,41749
10870,41750
10870,41751
10870,41752
10870,41753
10870,41754
10870,41755
10870,41756
10870,41757
10870,41758
10870,41759
10870,41760
10870,41761
10870,41762
10870,41763
10870,41764
10870,41765
10870,41766
10870,41767
10870,41768
10870,41769
10870,41770
10870,41771
10870,41772
10870,41773
10870,41774
10870,41775
10870,41776
10870,41777
10870,41778
10870,41779
10870,41780
10870,41781
10870,41782
10870,41783
10870,41784
10870,41785
10870,41786
10870,41787
10870,41788
10870,41789
10870,41790
10870,41791
10870,41792
10870,41793
10870,41794
10870,41795
10870,41796
10870,41797
10870,41798
10870,41799
10870,41800
10870,41801
10870,41802
10870,41803
10870,41804
10870,41805
10870,41806
10870,41807
10870,41808
10870,41809
10870,41810
10870,41811
10870,41812
10870,41813
10870,41814
10870,41815
10870,41816
10870,41817
10870,41818
10870,41819
10870,41820
10870,41821
10870,41822
10870,41823
10870,41824
10870,41825
10870,41826
10870,41827
10870,41828
10870,41829
10870,41830
10870,41831
10870,41832
10870,41833
10870,41834
10870,41835
10870,41836
10870,41837
10870,41838
10870,41839
10870,41840
10870,41841
10870,41842
10870,41843
10870,41844
10871,41709
10871,41710
10871,41711
10871,41712
10871,41713
10871,41714
10871,41715
10871,41716
10871,41717
10871,41718
10871,41719
10871,41720
10871,41721
10871,41722
10871,41723
10871,41724
10871,41725
10871,41726
10871,41727
10871,41728
10871,41729
10871,41730
10871,41731
10871,41732
10871,41733
10871,41734
10871,41735
10871,41736
10871,41737
10871,41738
10871,41739
10871,41740
10871,41741
10871,41742
10871,41743
10871,41744
10871,41745
10871,41746
10871,41747
10871,41748
10871,41749
10871,41750
10871,41751
10871,41752
10871,41753
10871,41754
10871,41755
10871,41756
10871,41757
10871,41758
10871,41759
10871,41760
10871,41761
10871,41762
10871,41763
10871,41764
10871,41765
10871,41766
10871,41767
10871,41768
10871,41769
10871,41770
10871,41771
10871,41772
10871,41773
10871,41774
10871,41775
10871,41776
10871,41777
10871,41778
10871,41779
10871,41780
10871,41781
10871,41782
10871,41783
10871,41784
10871,41785
10871,41786
10871,41787
10871,41788
10871,41789
10871,41790
10871,41791
10871,41792
10871,41793
10871,41794
10871,41795
10871,41796
10871,41797
10871,41798
10871,41799
10871,41800
10871,41801
10871,41802
10871,41803
10871,41804
10871,41805
10871,41806
10871,41807
10871,41808
10871,41809
10871,41810
10871,41811
10871,41812
10871,41813
10871,41814
10871,41815
10871,41816
10871,41817
10871,41818
10871,41819
10871,41820
10871,41821
10871,41822
10871,41823
10871,41824
10871,41825
10871,41826
10871,41827
10871,41828
10871,41829
10871,41830
10871,41831
10871,41832
10871,41833
10871,41834
10871,41835
10871,41836
10871,41837
10871,41838
10871,41839
10871,41840
10871,41841
10871,41842
10871,41843
10871,41844
10871,41845
10872,41708
10872,41709
10872,41710
10872,41711
10872,41712
10872,41713
10872,41714
10872,41715
10872,41716
10872,41717
10872,41718
10872,41719
10872,41720
10872,41721
10872,41722
10872,41723
10872,41724
10872,41725
10872,41726
10872,41727
10872,41728
10872,41729
10872,41730
10872,41731
10872,41732
10872,41733
10872,41734
10872,41735
10872,41736
10872,41737
10872,41738
10872,41739
10872,41740
10872,41741
10872,41742
10872,41743
10872,41744
10872,41745
10872,41746
10872,41747
10872,41748
10872,41749
10872,41750
10872,41751
10872,41752
10872,41753
10872,41754
10872,41755
10872,41756
10872,41757
10872,41758
10872,41759
10872,41760
10872,41761
10872,41762
10872,41763
10872,41764
10872,41765
10872,41766
10872,41767
10872,41768
10872,41769
10872,41770
10872,41771
10872,41772
10872,41773
10872,41774
10872,41775
10872,41776
10872,41777
10872,41778
10872,41779
10872,41780
10872,41781
10872,41782
10872,41783
10872,41784
10872,41785
10872,41786
10872,41787
10872,41788
10872,41789
10872,41790
10872,41791
10872,41792
10872,41793
10872,41794
10872,41795
10872,41796
10872,41797
10872,41798
10872,41799
10872,41800
10872,41801
10872,41802
10872,41803
10872,41804
10872,41805
10872,41806
10872,41807
10872,41808
10872,41809
10872,41810
10872,41811
10872,41812
10872,41813
10872,41814
10872,41815
10872,41816
10872,41817
10872,41818
10872,41819
10872,41820
10872,41821
10872,41822
10872,41823
10872,41824
10872,41825
10872,41826
10872,41827
10872,41828
10872,41829
10872,41830
10872,41831
10872,41832
10872,41833
10872,41834
10872,41835
10872,41836
10872,41837
10872,41838
10872,41839
10872,41840
10872,41841
10872,41842
10872,41843
10872,41844
10872,41845
10873,41708
10873,41709
10873,41710
10873,41711
10873,41712
10873,41713
10873,41714
10873,41715
10873,41716
10873,41717
10873,41718
10873,41719
10873,41720
10873,41721
10873,41722
10873,41723
10873,41724
10873,41725
10873,41726
10873,41727
10873,41728
10873,41729
10873,41730
10873,41731
10873,41732
10873,41733
10873,41734
10873,41735
10873,41736
10873,41737
10873,41738
10873,41739
10873,41740
10873,41741
10873,41742
10873,41743
10873,41744
10873,41745
10873,41746
10873,41747
10873,41748
10873,41749
10873,41750
10873,41751
10873,41752
10873,41753
10873,41754
10873,41755
10873,41756
10873,41757
10873,41758
10873,41759
10873,41760
10873,41761
10873,41762
10873,41763
10873,41764
10873,41765
10873,41766
10873,41767
10873,41768
10873,41769
10873,41770
10873,41771
10873,41772
10873,41773
10873,41774
10873,41775
10873,41776
10873,41777
10873,41778
10873,41779
10873,41780
10873,41781
10873,41782
10873,41783
10873,41784
10873,41785
10873,41786
10873,41787
10873,41788
10873,41789
10873,41790
10873,41791
10873,41792
10873,41793
10873,41794
10873,41795
10873,41796
10873,41797
10873,41798
10873,41799
10873,41800
10873,41801
10873,41802
10873,41803
10873,41804
10873,41805
10873,41806
10873,41807
10873,41808
10873,41809
10873,41810
10873,41811
10873,41812
10873,41813
10873,41814
10873,41815
10873,41816
10873,41817
10873,41818
10873,41819
10873,41820
10873,41821
10873,41822
10873,41823
10873,41824
10873,41825
10873,41826
10873,41827
10873,41828
10873,41829
10873,41830
10873,41831
10873,41832
10873,41833
10873,41834
10873,41835
10873,41836
10873,41837
10873,41838
10873,41839
10873,41840
10873,41841
10873,41842
10873,41843
10873,41844
10873,41845
10874,41708
10874,41709
10874,41710
10874,41711
10874,41712
10874,41713
10874,41714
10874,41715
10874,41716
10874,41717
10874,41718
10874,41719
10874,41720
10874,41721
10874,41722
10874,41723
10874,41724
10874,41725
10874,41726
10874,41727
10874,41728
10874,41729
10874,41730
10874,41731
10874,41732
10874,41733
10874,41734
10874,41735
10874,41736
10874,41737
10874,41738
10874,41739
10874,41740
10874,41741
10874,41742
10874,41743
10874,41744
10874,41745
10874,41746
10874,41747
10874,41748
10874,41749
10874,41750
10874,41751
10874,41752
10874,41753
10874,41754
10874,41755
10874,41756
10874,41757
10874,41758
10874,41759
10874,41760
10874,41761
10874,41762
10874,41763
10874,41764
10874,41765
10874,41766
10874,41767
10874,41768
10874,41769
10874,41770
10874,41771
10874,41772
10874,41773
10874,41774
10874,41775
10874,41776
10874,41777
10874,41778
10874,41779
10874,41780
10874,41781
10874,41782
10874,41783
10874,41784
10874,41785
10874,41786
10874,41787
10874,41788
10874,41789
10874,41790
10874,41791
10874,41792
10874,41793
10874,41794
10874,41795
10874,41796
10874,41797
10874,41798
10874,41799
10874,41800
10874,41801
10874,41802
10874,41803
10874,41804
10874,41805
10874,41806
10874,41807
10874,41808
10874,41809
10874,41810
10874,41811
10874,41812
10874,41813
10874,41814
10874,41815
10874,41816
10874,41817
10874,41818
10874,41819
10874,41820
10874,41821
10874,41822
10874,41823
10874,41824
10874,41825
10874,41826
10874,41827
10874,41828
10874,41829
10874,41830
10874,41831
10874,41832
10874,41833
10874,41834
10874,41835
10874,41836
10874,41837
10874,41838
10874,41839
10874,41840
10874,41841
10874,41842
10874,41843
10874,41844
10874,41845
10874,41846
10875,41708
10875,41709
10875,41710
10875,41711
10875,41712
10875,41713
10875,41714
10875,41715
10875,41716
10875,41717
10875,41718
10875,41719
10875,41720
10875,41721
10875,41722
10875,41723
10875,41724
10875,41725
10875,41726
10875,41727
10875,41728
10875,41729
10875,41730
10875,41731
10875,41732
10875,41733
10875,41734
10875,41735
10875,41736
10875,41737
10875,41738
10875,41739
10875,41740
10875,41741
10875,41742
10875,41743
10875,41744
10875,41745
10875,41746
10875,41747
10875,41748
10875,41749
10875,41750
10875,41751
10875,41752
10875,41753
10875,41754
10875,41755
10875,41756
10875,41757
10875,41758
10875,41759
10875,41760
10875,41761
10875,41762
10875,41763
10875,41764
10875,41765
10875,41766
10875,41767
10875,41768
10875,41769
10875,41770
10875,41771
10875,41772
10875,41773
10875,41774
10875,41775
10875,41776
10875,41777
10875,41778
10875,41779
10875,41780
10875,41781
10875,41782
10875,41783
10875,41784
10875,41785
10875,41786
10875,41787
10875,41788
10875,41789
10875,41790
10875,41791
10875,41792
10875,41793
10875,41794
10875,41795
10875,41796
10875,41797
10875,41798
10875,41799
10875,41800
10875,41801
10875,41802
10875,41803
10875,41804
10875,41805
10875,41806
10875,41807
10875,41808
10875,41809
10875,41810
10875,41811
10875,41812
10875,41813
10875,41814
10875,41815
10875,41816
10875,41817
10875,41818
10875,41819
10875,41820
10875,41821
10875,41822
10875,41823
10875,41824
10875,41825
10875,41826
10875,41827
10875,41828
10875,41829
10875,41830
10875,41831
10875,41832
10875,41833
10875,41834
10875,41835
10875,41836
10875,41837
10875,41838
10875,41839
10875,41840
10875,41841
10875,41842
10875,41843
10875,41844
10875,41845
10875,41846
10876,41709
10876,41710
10876,41711
10876,41712
10876,41713
10876,41714
10876,41715
10876,41716
10876,41717
10876,41718
10876,41719
10876,41720
10876,41721
10876,41722
10876,41723
10876,41724
10876,41725
10876,41726
10876,41727
10876,41728
10876,41729
10876,41730
10876,41731
10876,41732
10876,41733
10876,41734
10876,41735
10876,41736
10876,41737
10876,41738
10876,41739
10876,41740
10876,41741
10876,41742
10876,41743
10876,41744
10876,41745
10876,41746
10876,41747
10876,41748
10876,41749
10876,41750
10876,41751
10876,41752
10876,41753
10876,41754
10876,41755
10876,41756
10876,41757
10876,41758
10876,41759
10876,41760
10876,41761
10876,41762
10876,41763
10876,41764
10876,41765
10876,41766
10876,41767
10876,41768
10876,41769
10876,41770
10876,41771
10876,41772
10876,41773
10876,41774
10876,41775
10876,41776
10876,41777
10876,41778
10876,41779
10876,41780
10876,41781
10876,41782
10876,41783
10876,41784
10876,41785
10876,41786
10876,41787
10876,41788
10876,41789
10876,41790
10876,41791
10876,41792
10876,41793
10876,41794
10876,41795
10876,41796
10876,41797
10876,41798
10876,41799
10876,41800
10876,41801
10876,41802
10876,41803
10876,41804
10876,41805
10876,41806
10876,41807
10876,41808
10876,41809
10876,41810
10876,41811
10876,41812
10876,41813
10876,41814
10876,41815
10876,41816
10876,41817
10876,41818
10876,41819
10876,41820
10876,41821
10876,41822
10876,41823
10876,41824
10876,41825
10876,41826
10876,41827
10876,41828
10876,41829
10876,41830
10876,41831
10876,41832
10876,41833
10876,41834
10876,41835
10876,41836
10876,41837
10876,41838
10876,41839
10876,41840
10876,41841
10876,41842
10876,41843
10876,41844
10876,41845
10876,41846
10877,41709
10877,41710
10877,41711
10877,41712
10877,41713
10877,41714
10877,41715
10877,41716
10877,41717
10877,41718
10877,41719
10877,41720
10877,41721
10877,41722
10877,41723
10877,41724
10877,41725
10877,41726
10877,41727
10877,41728
10877,41729
10877,41730
10877,41731
10877,41732
10877,41733
10877,41734
10877,41735
10877,41736
10877,41737
10877,41738
10877,41739
10877,41740
10877,41741
10877,41742
10877,41743
10877,41744
10877,41745
10877,41746
10877,41747
10877,41748
10877,41749
10877,41750
10877,41751
10877,41752
10877,41753
10877,41754
10877,41755
10877,41756
10877,41757
10877,41758
10877,41759
10877,41760
10877,41761
10877,41762
10877,41763
10877,41764
10877,41765
10877,41766
10877,41767
10877,41768
10877,41769
10877,41770
10877,41771
10877,41772
10877,41773
10877,41774
10877,41775
10877,41776
10877,41777
10877,41778
10877,41779
10877,41780
10877,41781
10877,41782
10877,41783
10877,41784
10877,41785
10877,41786
10877,41787
10877,41788
10877,41789
10877,41790
10877,41791
10877,41792
10877,41793
10877,41794
10877,41795
10877,41796
10877,41797
10877,41798
10877,41799
10877,41800
10877,41801
10877,41802
10877,41803
10877,41804
10877,41805
10877,41806
10877,41807
10877,41808
10877,41809
10877,41810
10877,41811
10877,41812
10877,41813
10877,41814
10877,41815
10877,41816
10877,41817
10877,41818
10877,41819
10877,41820
10877,41821
10877,41822
10877,41823
10877,41824
10877,41825
10877,41826
10877,41827
10877,41828
10877,41829
10877,41830
10877,41831
10877,41832
10877,41833
10877,41834
10877,41835
10877,41836
10877,41837
10877,41838
10877,41839
10877,41840
10877,41841
10877,41842
10877,41843
10877,41844
10877,41845
10877,41846
10878,41709
10878,41710
10878,41711
10878,41712
10878,41713
10878,41714
10878,41715
10878,41716
10878,41717
10878,41718
10878,41719
10878,41720
10878,41721
10878,41722
10878,41723
10878,41724
10878,41725
10878,41726
10878,41727
10878,41728
10878,41729
10878,41730
10878,41731
10878,41732
10878,41733
10878,41734
10878,41735
10878,41736
10878,41737
10878,41738
10878,41739
10878,41740
10878,41741
10878,41742
10878,41743
10878,41744
10878,41745
10878,41746
10878,41747
10878,41748
10878,41749
10878,41750
10878,41751
10878,41752
10878,41753
10878,41754
10878,41755
10878,41756
10878,41757
10878,41758
10878,41759
10878,41760
10878,41761
10878,41762
10878,41763
10878,41764
10878,41765
10878,41766
10878,41767
10878,41768
10878,41769
10878,41770
10878,41771
10878,41772
10878,41773
10878,41774
10878,41775
10878,41776
10878,41777
10878,41778
10878,41779
10878,41780
10878,41781
10878,41782
10878,41783
10878,41784
10878,41785
10878,41786
10878,41787
10878,41788
10878,41789
10878,41790
10878,41791
10878,41792
10878,41793
10878,41794
10878,41795
10878,41796
10878,41797
10878,41798
10878,41799
10878,41800
10878,41801
10878,41802
10878,41803
10878,41804
10878,41805
10878,41806
10878,41807
10878,41808
10878,41809
10878,41810
10878,41811
10878,41812
10878,41813
10878,41814
10878,41815
10878,41816
10878,41817
10878,41818
10878,41819
10878,41820
10878,41821
10878,41822
10878,41823
10878,41824
10878,41825
10878,41826
10878,41827
10878,41828
10878,41829
10878,41830
10878,41831
10878,41832
10878,41833
10878,41834
10878,41835
10878,41836
10878,41837
10878,41838
10878,41839
10878,41840
10878,41841
10878,41842
10878,41843
10878,41844
10878,41845
10878,41846
10878,41847
10879,41708
10879,41709
10879,41710
10879,41711
10879,41712
10879,41713
10879,41714
10879,41715
10879,41716
10879,41717
10879,41718
10879,41719
10879,41720
10879,41721
10879,41722
10879,41723
10879,41724
10879,41725
10879,41726
10879,41727
10879,41728
10879,41729
10879,41730
10879,41731
10879,41732
10879,41733
10879,41734
10879,41735
10879,41736
10879,41737
10879,41738
10879,41739
10879,41740
10879,41741
10879,41742
10879,41743
10879,41744
10879,41745
10879,41746
10879,41747
10879,41748
10879,41749
10879,41750
10879,41751
10879,41752
10879,41753
10879,41754
10879,41755
10879,41756
10879,41757
10879,41758
10879,41759
10879,41760
10879,41761
10879,41762
10879,41763
10879,41764
10879,41765
10879,41766
10879,41767
10879,41768
10879,41769
10879,41770
10879,41771
10879,41772
10879,41773
10879,41774
10879,41775
10879,41776
10879,41777
10879,41778
10879,41779
10879,41780
10879,41781
10879,41782
10879,41783
10879,41784
10879,41785
10879,41786
10879,41787
10879,41788
10879,41789
10879,41790
10879,41791
10879,41792
10879,41793
10879,41794
10879,41795
10879,41796
10879,41797
10879,41798
10879,41799
10879,41800
10879,41801
10879,41802
10879,41803
10879,41804
10879,41805
10879,41806
10879,41807
10879,41808
10879,41809
10879,41810
10879,41811
10879,41812
10879,41813
10879,41814
10879,41815
10879,41816
10879,41817
10879,41818
10879,41819
10879,41820
10879,41821
10879,41822
10879,41823
10879,41824
10879,41825
10879,41826
10879,41827
10879,41828
10879,41829
10879,41830
10879,41831
10879,41832
10879,41833
10879,41834
10879,41835
10879,41836
10879,41837
10879,41838
10879,41839
10879,41840
10879,41841
10879,41842
10879,41843
10879,41844
10879,41845
10879,41846
10880,41708
10880,41709
10880,41710
10880,41711
10880,41712
10880,41713
10880,41714
10880,41715
10880,41716
10880,41717
10880,41718
10880,41719
10880,41720
10880,41721
10880,41722
10880,41723
10880,41724
10880,41725
10880,41726
10880,41727
10880,41728
10880,41729
10880,41730
10880,41731
10880,41732
10880,41733
10880,41734
10880,41735
10880,41736
10880,41737
10880,41738
10880,41739
10880,41740
10880,41741
10880,41742
10880,41743
10880,41744
10880,41745
10880,41746
10880,41747
10880,41748
10880,41749
10880,41750
10880,41751
10880,41752
10880,41753
10880,41754
10880,41755
10880,41756
10880,41757
10880,41758
10880,41759
10880,41760
10880,41761
10880,41762
10880,41763
10880,41764
10880,41765
10880,41766
10880,41767
10880,41768
10880,41769
10880,41770
10880,41771
10880,41772
10880,41773
10880,41774
10880,41775
10880,41776
10880,41777
10880,41778
10880,41779
10880,41780
10880,41781
10880,41782
10880,41783
10880,41784
10880,41785
10880,41786
10880,41787
10880,41788
10880,41789
10880,41790
10880,41791
10880,41792
10880,41793
10880,41794
10880,41795
10880,41796
10880,41797
10880,41798
10880,41799
10880,41800
10880,41801
10880,41802
10880,41803
10880,41804
10880,41805
10880,41806
10880,41807
10880,41808
10880,41809
10880,41810
10880,41811
10880,41812
10880,41813
10880,41814
10880,41815
10880,41816
10880,41817
10880,41818
10880,41819
10880,41820
10880,41821
10880,41822
10880,41823
10880,41824
10880,41825
10880,41826
10880,41827
10880,41828
10880,41829
10880,41830
10880,41831
10880,41832
10880,41833
10880,41834
10880,41835
10880,41836
10880,41837
10880,41838
10880,41839
10880,41840
10880,41841
10880,41842
10880,41843
10880,41844
10880,41845
10880,41846
10881,41707
10881,41708
10881,41709
10881,41710
10881,41711
10881,41712
10881,41713
10881,41714
10881,41715
10881,41716
10881,41717
10881,41718
10881,41719
10881,41720
10881,41721
10881,41722
10881,41723
10881,41724
10881,41725
10881,41726
10881,41727
10881,41728
10881,41729
10881,41730
10881,41731
10881,41732
10881,41733
10881,41734
10881,41735
10881,41736
10881,41737
10881,41738
10881,41739
10881,41740
10881,41741
10881,41742
10881,41743
10881,41744
10881,41745
10881,41746
10881,41747
10881,41748
10881,41749
10881,41750
10881,41751
10881,41752
10881,41753
10881,41754
10881,41755
10881,41756
10881,41757
10881,41758
10881,41759
10881,41760
10881,41761
10881,41762
10881,41763
10881,41764
10881,41765
10881,41766
10881,41767
10881,41768
10881,41769
10881,41770
10881,41771
10881,41772
10881,41773
10881,41774
10881,41775
10881,41776
10881,41777
10881,41778
10881,41779
10881,41780
10881,41781
10881,41782
10881,41783
10881,41784
10881,41785
10881,41786
10881,41787
10881,41788
10881,41789
10881,41790
10881,41791
10881,41792
10881,41793
10881,41794
10881,41795
10881,41796
10881,41797
10881,41798
10881,41799
10881,41800
10881,41801
10881,41802
10881,41803
10881,41804
10881,41805
10881,41806
10881,41807
10881,41808
10881,41809
10881,41810
10881,41811
10881,41812
10881,41813
10881,41814
10881,41815
10881,41816
10881,41817
10881,41818
10881,41819
10881,41820
10881,41821
10881,41822
10881,41823
10881,41824
10881,41825
10881,41826
10881,41827
10881,41828
10881,41829
10881,41830
10881,41831
10881,41832
10881,41833
10881,41834
10881,41835
10881,41836
10881,41837
10881,41838
10881,41839
10881,41840
10881,41841
10881,41842
10881,41843
10881,41844
10881,41845
10882,41706
10882,41707
10882,41708
10882,41709
10882,41710
10882,41711
10882,41712
10882,41713
10882,41714
10882,41715
10882,41716
10882,41717
10882,41718
10882,41719
10882,41720
10882,41721
10882,41722
10882,41723
10882,41724
10882,41725
10882,41726
10882,41727
10882,41728
10882,41729
10882,41730
10882,41731
10882,41732
10882,41733
10882,41734
10882,41735
10882,41736
10882,41737
10882,41738
10882,41739
10882,41740
10882,41741
10882,41742
10882,41743
10882,41744
10882,41745
10882,41746
10882,41747
10882,41748
10882,41749
10882,41750
10882,41751
10882,41752
10882,41753
10882,41754
10882,41755
10882,41756
10882,41757
10882,41758
10882,41759
10882,41760
10882,41761
10882,41762
10882,41763
10882,41764
10882,41765
10882,41766
10882,41767
10882,41768
10882,41769
10882,41770
10882,41771
10882,41772
10882,41773
10882,41774
10882,41775
10882,41776
10882,41777
10882,41778
10882,41779
10882,41780
10882,41781
10882,41782
10882,41783
10882,41784
10882,41785
10882,41786
10882,41787
10882,41788
10882,41789
10882,41790
10882,41791
10882,41792
10882,41793
10882,41794
10882,41795
10882,41796
10882,41797
10882,41798
10882,41799
10882,41800
10882,41801
10882,41802
10882,41803
10882,41804
10882,41805
10882,41806
10882,41807
10882,41808
10882,41809
10882,41810
10882,41811
10882,41812
10882,41813
10882,41814
10882,41815
10882,41816
10882,41817
10882,41818
10882,41819
10882,41820
10882,41821
10882,41822
10882,41823
10882,41824
10882,41825
10882,41826
10882,41827
10882,41828
10882,41829
10882,41830
10882,41831
10882,41832
10882,41833
10882,41834
10882,41835
10882,41836
10882,41837
10882,41838
10882,41839
10882,41840
10882,41841
10882,41842
10882,41843
10882,41844
10883,41705
10883,41706
10883,41707
10883,41708
10883,41709
10883,41710
10883,41711
10883,41712
10883,41713
10883,41714
10883,41715
10883,41716
10883,41717
10883,41718
10883,41719
10883,41720
10883,41721
10883,41722
10883,41723
10883,41724
10883,41725
10883,41726
10883,41727
10883,41728
10883,41729
10883,41730
10883,41731
10883,41732
10883,41733
10883,41734
10883,41735
10883,41736
10883,41737
10883,41738
10883,41739
10883,41740
10883,41741
10883,41742
10883,41743
10883,41744
10883,41745
10883,41746
10883,41747
10883,41748
10883,41749
10883,41750
10883,41751
10883,41752
10883,41753
10883,41754
10883,41755
10883,41756
10883,41757
10883,41758
10883,41759
10883,41760
10883,41761
10883,41762
10883,41763
10883,41764
10883,41765
10883,41766
10883,41767
10883,41768
10883,41769
10883,41770
10883,41771
10883,41772
10883,41773
10883,41774
10883,41775
10883,41776
10883,41777
10883,41778
10883,41779
10883,41780
10883,41781
10883,41782
10883,41783
10883,41784
10883,41785
10883,41786
10883,41787
10883,41788
10883,41789
10883,41790
10883,41791
10883,41792
10883,41793
10883,41794
10883,41795
10883,41796
10883,41797
10883,41798
10883,41799
10883,41800
10883,41801
10883,41802
10883,41803
10883,41804
10883,41805
10883,41806
10883,41807
10883,41808
10883,41809
10883,41810
10883,41811
10883,41812
10883,41813
10883,41814
10883,41815
10883,41816
10883,41817
10883,41818
10883,41819
10883,41820
10883,41821
10883,41822
10883,41823
10883,41824
10883,41825
10883,41826
10883,41827
10883,41828
10883,41829
10883,41830
10883,41831
10883,41832
10883,41833
10883,41834
10883,41835
10883,41836
10883,41837
10883,41838
10883,41839
10883,41840
10883,41842
10884,41705
10884,41706
10884,41707
10884,41708
10884,41709
10884,41710
10884,41711
10884,41712
10884,41713
10884,41714
10884,41715
10884,41716
10884,41717
10884,41718
10884,41719
10884,41720
10884,41721
10884,41722
10884,41723
10884,41724
10884,41725
10884,41726
10884,41727
10884,41728
10884,41729
10884,41730
10884,41731
10884,41732
10884,41733
10884,41734
10884,41735
10884,41736
10884,41737
10884,41738
10884,41739
10884,41740
10884,41741
10884,41742
10884,41743
10884,41744
10884,41745
10884,41746
10884,41747
10884,41748
10884,41749
10884,41750
10884,41751
10884,41752
10884,41753
10884,41754
10884,41755
10884,41756
10884,41757
10884,41758
10884,41759
10884,41760
10884,41761
10884,41762
10884,41763
10884,41764
10884,41765
10884,41766
10884,41767
10884,41768
10884,41769
10884,41770
10884,41771
10884,41772
10884,41773
10884,41774
10884,41775
10884,41776
10884,41777
10884,41778
10884,41779
10884,41780
10884,41781
10884,41782
10884,41783
10884,41784
10884,41785
10884,41786
10884,41787
10884,41788
10884,41789
10884,41790
10884,41791
10884,41792
10884,41793
10884,41794
10884,41795
10884,41796
10884,41797
10884,41798
10884,41799
10884,41800
10884,41801
10884,41802
10884,41803
10884,41804
10884,41805
10884,41806
10884,41807
10884,41808
10884,41809
10884,41810
10884,41811
10884,41812
10884,41813
10884,41814
10884,41815
10884,41816
10884,41817
10884,41818
10884,41819
10884,41820
10884,41821
10884,41822
10884,41823
10884,41824
10884,41825
10884,41826
10884,41827
10884,41828
10884,41829
10884,41830
10884,41831
10884,41832
10884,41833
10884,41834
10884,41835
10884,41836
10884,41837
10885,41704
10885,41705
10885,41706
10885,41707
10885,41708
10885,41709
10885,41710
10885,41711
10885,41712
10885,41713
10885,41714
10885,41715
10885,41716
10885,41717
10885,41718
10885,41719
10885,41720
10885,41721
10885,41722
10885,41723
10885,41724
10885,41725
10885,41726
10885,41727
10885,41728
10885,41729
10885,41730
10885,41731
10885,41732
10885,41733
10885,41734
10885,41735
10885,41736
10885,41737
10885,41738
10885,41739
10885,41740
10885,41741
10885,41742
10885,41743
10885,41744
10885,41745
10885,41746
10885,41747
10885,41748
10885,41749
10885,41750
10885,41751
10885,41752
10885,41753
10885,41754
10885,41755
10885,41756
10885,41757
10885,41758
10885,41759
10885,41760
10885,41761
10885,41762
10885,41763
10885,41764
10885,41765
10885,41766
10885,41767
10885,41768
10885,41769
10885,41770
10885,41771
10885,41772
10885,41773
10885,41774
10885,41775
10885,41776
10885,41777
10885,41778
10885,41779
10885,41780
10885,41781
10885,41782
10885,41783
10885,41784
10885,41785
10885,41786
10885,41787
10885,41788
10885,41789
10885,41790
10885,41791
10885,41792
10885,41793
10885,41794
10885,41795
10885,41796
10885,41797
10885,41798
10885,41799
10885,41800
10885,41801
10885,41802
10885,41803
10885,41804
10885,41805
10885,41806
10885,41807
10885,41808
10885,41809
10885,41810
10885,41811
10885,41812
10885,41813
10885,41814
10885,41815
10885,41816
10885,41817
10885,41818
10885,41819
10885,41820
10885,41821
10885,41822
10885,41823
10885,41824
10885,41825
10885,41826
10885,41827
10885,41828
10885,41829
10885,41830
10885,41831
10885,41832
10885,41833
10885,41834
10885,41835
10885,41836
10885,41837
10886,41705
10886,41706
10886,41707
10886,41708
10886,41709
10886,41710
10886,41711
10886,41712
10886,41713
10886,41714
10886,41715
10886,41716
10886,41717
10886,41718
10886,41719
10886,41720
10886,41721
10886,41722
10886,41723
10886,41724
10886,41725
10886,41726
10886,41727
10886,41728
10886,41729
10886,41730
10886,41731
10886,41732
10886,41733
10886,41734
10886,41735
10886,41736
10886,41737
10886,41738
10886,41739
10886,41740
10886,41741
10886,41742
10886,41743
10886,41744
10886,41745
10886,41746
10886,41747
10886,41748
10886,41749
10886,41750
10886,41751
10886,41752
10886,41753
10886,41754
10886,41755
10886,41756
10886,41757
10886,41758
10886,41759
10886,41760
10886,41761
10886,41762
10886,41763
10886,41764
10886,41765
10886,41766
10886,41767
10886,41768
10886,41769
10886,41770
10886,41771
10886,41772
10886,41773
10886,41774
10886,41775
10886,41776
10886,41777
10886,41778
10886,41779
10886,41780
10886,41781
10886,41782
10886,41783
10886,41784
10886,41785
10886,41786
10886,41787
10886,41788
10886,41789
10886,41790
10886,41791
10886,41792
10886,41793
10886,41794
10886,41795
10886,41796
10886,41797
10886,41798
10886,41799
10886,41800
10886,41801
10886,41802
10886,41803
10886,41804
10886,41805
10886,41806
10886,41807
10886,41808
10886,41809
10886,41810
10886,41811
10886,41812
10886,41813
10886,41814
10886,41815
10886,41816
10886,41817
10886,41818
10886,41819
10886,41820
10886,41821
10886,41822
10886,41823
10886,41824
10886,41825
10886,41826
10886,41827
10886,41828
10886,41829
10886,41830
10886,41831
10886,41832
10886,41833
10886,41834
10886,41835
10886,41836
10886,41837
10887,41705
10887,41706
10887,41707
10887,41708
10887,41709
10887,41710
10887,41711
10887,41712
10887,41713
10887,41714
10887,41715
10887,41716
10887,41717
10887,41718
10887,41719
10887,41720
10887,41721
10887,41722
10887,41723
10887,41724
10887,41725
10887,41726
10887,41727
10887,41728
10887,41729
10887,41730
10887,41731
10887,41732
10887,41733
10887,41734
10887,41735
10887,41736
10887,41737
10887,41738
10887,41739
10887,41740
10887,41741
10887,41742
10887,41743
10887,41744
10887,41745
10887,41746
10887,41747
10887,41748
10887,41749
10887,41750
10887,41751
10887,41752
10887,41753
10887,41754
10887,41755
10887,41756
10887,41757
10887,41758
10887,41759
10887,41760
10887,41761
10887,41762
10887,41763
10887,41764
10887,41765
10887,41766
10887,41767
10887,41768
10887,41769
10887,41770
10887,41771
10887,41772
10887,41773
10887,41774
10887,41775
10887,41776
10887,41777
10887,41778
10887,41779
10887,41780
10887,41781
10887,41782
10887,41783
10887,41784
10887,41785
10887,41786
10887,41787
10887,41788
10887,41789
10887,41790
10887,41791
10887,41792
10887,41793
10887,41794
10887,41795
10887,41796
10887,41797
10887,41798
10887,41799
10887,41800
10887,41801
10887,41802
10887,41803
10887,41804
10887,41805
10887,41806
10887,41807
10887,41808
10887,41809
10887,41810
10887,41811
10887,41812
10887,41813
10887,41814
10887,41815
10887,41816
10887,41817
10887,41818
10887,41819
10887,41820
10887,41821
10887,41822
10887,41823
10887,41824
10887,41825
10887,41826
10887,41827
10887,41828
10887,41829
10887,41830
10887,41831
10887,41832
10887,41833
10887,41834
10887,41835
10887,41836
10887,41837
10887,41838
10887,41839
10888,41706
10888,41707
10888,41708
10888,41709
10888,41710
10888,41711
10888,41712
10888,41713
10888,41714
10888,41715
10888,41716
10888,41717
10888,41718
10888,41719
10888,41720
10888,41721
10888,41722
10888,41723
10888,41724
10888,41725
10888,41726
10888,41727
10888,41728
10888,41729
10888,41730
10888,41731
10888,41732
10888,41733
10888,41734
10888,41735
10888,41736
10888,41737
10888,41738
10888,41739
10888,41740
10888,41741
10888,41742
10888,41743
10888,41744
10888,41745
10888,41746
10888,41747
10888,41748
10888,41749
10888,41750
10888,41751
10888,41752
10888,41753
10888,41754
10888,41755
10888,41756
10888,41757
10888,41758
10888,41759
10888,41760
10888,41761
10888,41762
10888,41763
10888,41764
10888,41765
10888,41766
10888,41767
10888,41768
10888,41769
10888,41770
10888,41771
10888,41772
10888,41773
10888,41774
10888,41775
10888,41776
10888,41777
10888,41778
10888,41779
10888,41780
10888,41781
10888,41782
10888,41783
10888,41784
10888,41785
10888,41786
10888,41787
10888,41788
10888,41789
10888,41790
10888,41791
10888,41792
10888,41793
10888,41794
10888,41795
10888,41796
10888,41797
10888,41798
10888,41799
10888,41800
10888,41801
10888,41802
10888,41803
10888,41804
10888,41805
10888,41806
10888,41807
10888,41808
10888,41809
10888,41810
10888,41811
10888,41812
10888,41813
10888,41814
10888,41815
10888,41816
10888,41817
10888,41818
10888,41819
10888,41820
10888,41821
10888,41822
10888,41823
10888,41824
10888,41825
10888,41826
10888,41827
10888,41828
10888,41829
10888,41830
10888,41831
10888,41832
10888,41833
10888,41834
10888,41835
10888,41836
10888,41837
10888,41838
10888,41839
10888,41840
10889,41707
10889,41708
10889,41709
10889,41710
10889,41711
10889,41712
10889,41713
10889,41714
10889,41715
10889,41716
10889,41717
10889,41718
10889,41719
10889,41720
10889,41721
10889,41722
10889,41723
10889,41724
10889,41725
10889,41726
10889,41727
10889,41728
10889,41729
10889,41730
10889,41731
10889,41732
10889,41733
10889,41734
10889,41735
10889,41736
10889,41737
10889,41738
10889,41739
10889,41740
10889,41741
10889,41742
10889,41743
10889,41744
10889,41745
10889,41746
10889,41747
10889,41748
10889,41749
10889,41750
10889,41751
10889,41752
10889,41753
10889,41754
10889,41755
10889,41756
10889,41757
10889,41758
10889,41759
10889,41760
10889,41761
10889,41762
10889,41763
10889,41764
10889,41765
10889,41766
10889,41767
10889,41768
10889,41769
10889,41770
10889,41771
10889,41772
10889,41773
10889,41774
10889,41775
10889,41776
10889,41777
10889,41778
10889,41779
10889,41780
10889,41781
10889,41782
10889,41783
10889,41784
10889,41785
10889,41786
10889,41787
10889,41788
10889,41789
10889,41790
10889,41791
10889,41792
10889,41793
10889,41794
10889,41795
10889,41796
10889,41797
10889,41798
10889,41799
10889,41800
10889,41801
10889,41802
10889,41803
10889,41804
10889,41805
10889,41806
10889,41807
10889,41808
10889,41809
10889,41810
10889,41811
10889,41812
10889,41813
10889,41814
10889,41815
10889,41816
10889,41817
10889,41818
10889,41819
10889,41820
10889,41821
10889,41822
10889,41823
10889,41824
10889,41825
10889,41826
10889,41827
10889,41828
10889,41829
10889,41830
10889,41831
10889,41832
10889,41833
10889,41834
10889,41835
10889,41836
10889,41837
10889,41838
10889,41839
10889,41840
10889,41841
10890,41708
10890,41709
10890,41710
10890,41711
10890,41712
10890,41713
10890,41714
10890,41715
10890,41716
10890,41717
10890,41718
10890,41719
10890,41720
10890,41721
10890,41722
10890,41723
10890,41724
10890,41725
10890,41726
10890,41727
10890,41728
10890,41729
10890,41730
10890,41731
10890,41732
10890,41733
10890,41734
10890,41735
10890,41736
10890,41737
10890,41738
10890,41739
10890,41740
10890,41741
10890,41742
10890,41743
10890,41744
10890,41745
10890,41746
10890,41747
10890,41748
10890,41749
10890,41750
10890,41751
10890,41752
10890,41753
10890,41754
10890,41755
10890,41756
10890,41757
10890,41758
10890,41759
10890,41760
10890,41761
10890,41762
10890,41763
10890,41764
10890,41765
10890,41766
10890,41767
10890,41768
10890,41769
10890,41770
10890,41771
10890,41772
10890,41773
10890,41774
10890,41775
10890,41776
10890,41777
10890,41778
10890,41779
10890,41780
10890,41781
10890,41782
10890,41783
10890,41784
10890,41785
10890,41786
10890,41787
10890,41788
10890,41789
10890,41790
10890,41791
10890,41792
10890,41793
10890,41794
10890,41795
10890,41796
10890,41797
10890,41798
10890,41799
10890,41800
10890,41801
10890,41802
10890,41803
10890,41804
10890,41805
10890,41806
10890,41807
10890,41808
10890,41809
10890,41810
10890,41811
10890,41812
10890,41813
10890,41814
10890,41815
10890,41816
10890,41817
10890,41818
10890,41819
10890,41820
10890,41821
10890,41822
10890,41823
10890,41824
10890,41825
10890,41826
10890,41827
10890,41828
10890,41829
10890,41830
10890,41831
10890,41832
10890,41833
10890,41834
10890,41835
10890,41836
10890,41837
10890,41838
10890,41839
10890,41840
10890,41841
10890,41842
10891,41707
10891,41708
10891,41709
10891,41710
10891,41711
10891,41712
10891,41713
10891,41714
10891,41715
10891,41716
10891,41717
10891,41718
10891,41719
10891,41720
10891,41721
10891,41722
10891,41723
10891,41724
10891,41725
10891,41726
10891,41727
10891,41728
10891,41729
10891,41730
10891,41731
10891,41732
10891,41733
10891,41734
10891,41735
10891,41736
10891,41737
10891,41738
10891,41739
10891,41740
10891,41741
10891,41742
10891,41743
10891,41744
10891,41745
10891,41746
10891,41747
10891,41748
10891,41749
10891,41750
10891,41751
10891,41752
10891,41753
10891,41754
10891,41755
10891,41756
10891,41757
10891,41758
10891,41759
10891,41760
10891,41761
10891,41762
10891,41763
10891,41764
10891,41765
10891,41766
10891,41767
10891,41768
10891,41769
10891,41770
10891,41771
10891,41772
10891,41773
10891,41774
10891,41775
10891,41776
10891,41777
10891,41778
10891,41779
10891,41780
10891,41781
10891,41782
10891,41783
10891,41784
10891,41785
10891,41786
10891,41787
10891,41788
10891,41789
10891,41790
10891,41791
10891,41792
10891,41793
10891,41794
10891,41795
10891,41796
10891,41797
10891,41798
10891,41799
10891,41800
10891,41801
10891,41802
10891,41803
10891,41804
10891,41805
10891,41806
10891,41807
10891,41808
10891,41809
10891,41810
10891,41811
10891,41812
10891,41813
10891,41814
10891,41815
10891,41816
10891,41817
10891,41818
10891,41819
10891,41820
10891,41821
10891,41822
10891,41823
10891,41824
10891,41825
10891,41826
10891,41827
10891,41828
10891,41829
10891,41830
10891,41831
10891,41832
10891,41833
10891,41834
10891,41835
10891,41836
10891,41837
10891,41838
10891,41839
10891,41840
10891,41841
10891,41842
10892,41707
10892,41708
10892,41709
10892,41710
10892,41711
10892,41712
10892,41713
10892,41714
10892,41715
10892,41716
10892,41717
10892,41718
10892,41719
10892,41720
10892,41721
10892,41722
10892,41723
10892,41724
10892,41725
10892,41726
10892,41727
10892,41728
10892,41729
10892,41730
10892,41731
10892,41732
10892,41733
10892,41734
10892,41735
10892,41736
10892,41737
10892,41738
10892,41739
10892,41740
10892,41741
10892,41742
10892,41743
10892,41744
10892,41745
10892,41746
10892,41747
10892,41748
10892,41749
10892,41750
10892,41751
10892,41752
10892,41753
10892,41754
10892,41755
10892,41756
10892,41757
10892,41758
10892,41759
10892,41760
10892,41761
10892,41762
10892,41763
10892,41764
10892,41765
10892,41766
10892,41767
10892,41768
10892,41769
10892,41770
10892,41771
10892,41772
10892,41773
10892,41774
10892,41775
10892,41776
10892,41777
10892,41778
10892,41779
10892,41780
10892,41781
10892,41782
10892,41783
10892,41784
10892,41785
10892,41786
10892,41787
10892,41788
10892,41789
10892,41790
10892,41791
10892,41792
10892,41793
10892,41794
10892,41795
10892,41796
10892,41797
10892,41798
10892,41799
10892,41800
10892,41801
10892,41802
10892,41803
10892,41804
10892,41805
10892,41806
10892,41807
10892,41808
10892,41809
10892,41810
10892,41811
10892,41812
10892,41813
10892,41814
10892,41815
10892,41816
10892,41817
10892,41818
10892,41819
10892,41820
10892,41821
10892,41822
10892,41823
10892,41824
10892,41825
10892,41826
10892,41827
10892,41828
10892,41829
10892,41830
10892,41831
10892,41832
10892,41833
10892,41834
10892,41835
10892,41836
10892,41837
10892,41838
10892,41839
10892,41840
10892,41841
10892,41842
10893,41707
10893,41708
10893,41709
10893,41710
10893,41711
10893,41712
10893,41713
10893,41714
10893,41715
10893,41716
10893,41717
10893,41718
10893,41719
10893,41720
10893,41721
10893,41722
10893,41723
10893,41724
10893,41725
10893,41726
10893,41727
10893,41728
10893,41729
10893,41730
10893,41731
10893,41732
10893,41733
10893,41734
10893,41735
10893,41736
10893,41737
10893,41738
10893,41739
10893,41740
10893,41741
10893,41742
10893,41743
10893,41744
10893,41745
10893,41746
10893,41747
10893,41748
10893,41749
10893,41750
10893,41751
10893,41752
10893,41753
10893,41754
10893,41755
10893,41756
10893,41757
10893,41758
10893,41759
10893,41760
10893,41761
10893,41762
10893,41763
10893,41764
10893,41765
10893,41766
10893,41767
10893,41768
10893,41769
10893,41770
10893,41771
10893,41772
10893,41773
10893,41774
10893,41775
10893,41776
10893,41777
10893,41778
10893,41779
10893,41780
10893,41781
10893,41782
10893,41783
10893,41784
10893,41785
10893,41786
10893,41787
10893,41788
10893,41789
10893,41790
10893,41791
10893,41792
10893,41793
10893,41794
10893,41795
10893,41796
10893,41797
10893,41798
10893,41799
10893,41800
10893,41801
10893,41802
10893,41803
10893,41804
10893,41805
10893,41806
10893,41807
10893,41808
10893,41809
10893,41810
10893,41811
10893,41812
10893,41813
10893,41814
10893,41815
10893,41816
10893,41817
10893,41818
10893,41819
10893,41820
10893,41821
10893,41822
10893,41823
10893,41824
10893,41825
10893,41826
10893,41827
10893,41828
10893,41829
10893,41830
10893,41831
10893,41832
10893,41833
10893,41834
10893,41835
10893,41836
10893,41837
10893,41838
10893,41839
10893,41840
10893,41841
10893,41842
10893,41843
10894,41707
10894,41708
10894,41709
10894,41710
10894,41711
10894,41712
10894,41713
10894,41714
10894,41715
10894,41716
10894,41717
10894,41718
10894,41719
10894,41720
10894,41721
10894,41722
10894,41723
10894,41724
10894,41725
10894,41726
10894,41727
10894,41728
10894,41729
10894,41730
10894,41731
10894,41732
10894,41733
10894,41734
10894,41735
10894,41736
10894,41737
10894,41738
10894,41739
10894,41740
10894,41741
10894,41742
10894,41743
10894,41744
10894,41745
10894,41746
10894,41747
10894,41748
10894,41749
10894,41750
10894,41751
10894,41752
10894,41753
10894,41754
10894,41755
10894,41756
10894,41757
10894,41758
10894,41759
10894,41760
10894,41761
10894,41762
10894,41763
10894,41764
10894,41765
10894,41766
10894,41767
10894,41768
10894,41769
10894,41770
10894,41771
10894,41772
10894,41773
10894,41774
10894,41775
10894,41776
10894,41777
10894,41778
10894,41779
10894,41780
10894,41781
10894,41782
10894,41783
10894,41784
10894,41785
10894,41786
10894,41787
10894,41788
10894,41789
10894,41790
10894,41791
10894,41792
10894,41793
10894,41794
10894,41795
10894,41796
10894,41797
10894,41798
10894,41799
10894,41800
10894,41801
10894,41802
10894,41803
10894,41804
10894,41805
10894,41806
10894,41807
10894,41808
10894,41809
10894,41810
10894,41811
10894,41812
10894,41813
10894,41814
10894,41815
10894,41816
10894,41817
10894,41818
10894,41819
10894,41820
10894,41821
10894,41822
10894,41823
10894,41824
10894,41825
10894,41826
10894,41827
10894,41828
10894,41829
10894,41830
10894,41831
10894,41832
10894,41833
10894,41834
10894,41835
10894,41836
10894,41837
10894,41838
10894,41839
10894,41840
10894,41841
10894,41842
10895,41707
10895,41708
10895,41709
10895,41710
10895,41711
10895,41712
10895,41713
10895,41714
10895,41715
10895,41716
10895,41717
10895,41718
10895,41719
10895,41720
10895,41721
10895,41722
10895,41723
10895,41724
10895,41725
10895,41726
10895,41727
10895,41728
10895,41729
10895,41730
10895,41731
10895,41732
10895,41733
10895,41734
10895,41735
10895,41736
10895,41737
10895,41738
10895,41739
10895,41740
10895,41741
10895,41742
10895,41743
10895,41744
10895,41745
10895,41746
10895,41747
10895,41748
10895,41749
10895,41750
10895,41751
10895,41752
10895,41753
10895,41754
10895,41755
10895,41756
10895,41757
10895,41758
10895,41759
10895,41760
10895,41761
10895,41762
10895,41763
10895,41764
10895,41765
10895,41766
10895,41767
10895,41768
10895,41769
10895,41770
10895,41771
10895,41772
10895,41773
10895,41774
10895,41775
10895,41776
10895,41777
10895,41778
10895,41779
10895,41780
10895,41781
10895,41782
10895,41783
10895,41784
10895,41785
10895,41786
10895,41787
10895,41788
10895,41789
10895,41790
10895,41791
10895,41792
10895,41793
10895,41794
10895,41795
10895,41796
10895,41797
10895,41798
10895,41799
10895,41800
10895,41801
10895,41802
10895,41803
10895,41804
10895,41805
10895,41806
10895,41807
10895,41808
10895,41809
10895,41810
10895,41811
10895,41812
10895,41813
10895,41814
10895,41815
10895,41816
10895,41817
10895,41818
10895,41819
10895,41820
10895,41821
10895,41822
10895,41823
10895,41824
10895,41825
10895,41826
10895,41827
10895,41828
10895,41829
10895,41830
10895,41831
10895,41832
10895,41833
10895,41834
10895,41835
10895,41836
10895,41837
10895,41838
10895,41839
10895,41840
10895,41841
10895,41842
10896,41708
10896,41709
10896,41710
10896,41711
10896,41712
10896,41713
10896,41714
10896,41715
10896,41716
10896,41717
10896,41718
10896,41719
10896,41720
10896,41721
10896,41722
10896,41723
10896,41724
10896,41725
10896,41726
10896,41727
10896,41728
10896,41729
10896,41730
10896,41731
10896,41732
10896,41733
10896,41734
10896,41735
10896,41736
10896,41737
10896,41738
10896,41739
10896,41740
10896,41741
10896,41742
10896,41743
10896,41744
10896,41745
10896,41746
10896,41747
10896,41748
10896,41749
10896,41750
10896,41751
10896,41752
10896,41753
10896,41754
10896,41755
10896,41756
10896,41757
10896,41758
10896,41759
10896,41760
10896,41761
10896,41762
10896,41763
10896,41764
10896,41765
10896,41766
10896,41767
10896,41768
10896,41769
10896,41770
10896,41771
10896,41772
10896,41773
10896,41774
10896,41775
10896,41776
10896,41777
10896,41778
10896,41779
10896,41780
10896,41781
10896,41782
10896,41783
10896,41784
10896,41785
10896,41786
10896,41787
10896,41788
10896,41789
10896,41790
10896,41791
10896,41792
10896,41793
10896,41794
10896,41795
10896,41796
10896,41797
10896,41798
10896,41799
10896,41800
10896,41801
10896,41802
10896,41803
10896,41804
10896,41805
10896,41806
10896,41807
10896,41808
10896,41809
10896,41810
10896,41811
10896,41812
10896,41813
10896,41814
10896,41815
10896,41816
10896,41817
10896,41818
10896,41819
10896,41820
10896,41821
10896,41822
10896,41823
10896,41824
10896,41825
10896,41826
10896,41827
10896,41828
10896,41829
10896,41830
10896,41831
10896,41832
10896,41833
10896,41834
10896,41835
10896,41836
10896,41837
10896,41838
10896,41839
10896,41840
10896,41841
10897,41708
10897,41709
10897,41710
10897,41711
10897,41712
10897,41713
10897,41714
10897,41715
10897,41716
10897,41717
10897,41718
10897,41719
10897,41720
10897,41721
10897,41722
10897,41723
10897,41724
10897,41725
10897,41726
10897,41727
10897,41728
10897,41729
10897,41730
10897,41731
10897,41732
10897,41733
10897,41734
10897,41735
10897,41736
10897,41737
10897,41738
10897,41739
10897,41740
10897,41741
10897,41742
10897,41743
10897,41744
10897,41745
10897,41746
10897,41747
10897,41748
10897,41749
10897,41750
10897,41751
10897,41752
10897,41753
10897,41754
10897,41755
10897,41756
10897,41757
10897,41758
10897,41759
10897,41760
10897,41761
10897,41762
10897,41763
10897,41764
10897,41765
10897,41766
10897,41767
10897,41768
10897,41769
10897,41770
10897,41771
10897,41772
10897,41773
10897,41774
10897,41775
10897,41776
10897,41777
10897,41778
10897,41779
10897,41780
10897,41781
10897,41782
10897,41783
10897,41784
10897,41785
10897,41786
10897,41787
10897,41788
10897,41789
10897,41790
10897,41791
10897,41792
10897,41793
10897,41794
10897,41795
10897,41796
10897,41797
10897,41798
10897,41799
10897,41800
10897,41801
10897,41802
10897,41803
10897,41804
10897,41805
10897,41806
10897,41807
10897,41808
10897,41809
10897,41810
10897,41811
10897,41812
10897,41813
10897,41814
10897,41815
10897,41816
10897,41817
10897,41818
10897,41819
10897,41820
10897,41821
10897,41822
10897,41823
10897,41824
10897,41825
10897,41826
10897,41827
10897,41828
10897,41829
10897,41830
10897,41831
10897,41832
10897,41833
10897,41834
10897,41835
10897,41836
10897,41837
10897,41838
10897,41839
10897,41840
10898,41709
10898,41710
10898,41711
10898,41712
10898,41713
10898,41714
10898,41715
10898,41716
10898,41717
10898,41718
10898,41719
10898,41720
10898,41721
10898,41722
10898,41723
10898,41724
10898,41725
10898,41726
10898,41727
10898,41728
10898,41729
10898,41730
10898,41731
10898,41732
10898,41733
10898,41734
10898,41735
10898,41736
10898,41737
10898,41738
10898,41739
10898,41740
10898,41741
10898,41742
10898,41743
10898,41744
10898,41745
10898,41746
10898,41747
10898,41748
10898,41749
10898,41750
10898,41751
10898,41752
10898,41753
10898,41754
10898,41755
10898,41756
10898,41757
10898,41758
10898,41759
10898,41760
10898,41761
10898,41762
10898,41763
10898,41764
10898,41765
10898,41766
10898,41767
10898,41768
10898,41769
10898,41770
10898,41771
10898,41772
10898,41773
10898,41774
10898,41775
10898,41776
10898,41777
10898,41778
10898,41779
10898,41780
10898,41781
10898,41782
10898,41783
10898,41784
10898,41785
10898,41786
10898,41787
10898,41788
10898,41789
10898,41790
10898,41791
10898,41792
10898,41793
10898,41794
10898,41795
10898,41796
10898,41797
10898,41798
10898,41799
10898,41800
10898,41801
10898,41802
10898,41803
10898,41804
10898,41805
10898,41806
10898,41807
10898,41808
10898,41809
10898,41810
10898,41811
10898,41812
10898,41813
10898,41814
10898,41815
10898,41816
10898,41817
10898,41818
10898,41819
10898,41820
10898,41821
10898,41822
10898,41823
10898,41824
10898,41825
10898,41826
10898,41827
10898,41828
10898,41829
10898,41830
10898,41831
10898,41832
10898,41833
10898,41834
10898,41835
10898,41836
10898,41837
10898,41838
10899,41710
10899,41711
10899,41712
10899,41713
10899,41714
10899,41715
10899,41716
10899,41717
10899,41718
10899,41719
10899,41720
10899,41721
10899,41722
10899,41723
10899,41724
10899,41725
10899,41726
10899,41727
10899,41728
10899,41729
10899,41730
10899,41731
10899,41732
10899,41733
10899,41734
10899,41735
10899,41736
10899,41737
10899,41738
10899,41739
10899,41740
10899,41741
10899,41742
10899,41743
10899,41744
10899,41745
10899,41746
10899,41747
10899,41748
10899,41749
10899,41750
10899,41751
10899,41752
10899,41753
10899,41754
10899,41755
10899,41756
10899,41757
10899,41758
10899,41759
10899,41760
10899,41761
10899,41762
10899,41763
10899,41764
10899,41765
10899,41766
10899,41767
10899,41768
10899,41769
10899,41770
10899,41771
10899,41772
10899,41773
10899,41774
10899,41775
10899,41776
10899,41777
10899,41778
10899,41779
10899,41780
10899,41781
10899,41782
10899,41783
10899,41784
10899,41785
10899,41786
10899,41787
10899,41788
10899,41789
10899,41790
10899,41791
10899,41792
10899,41793
10899,41794
10899,41795
10899,41796
10899,41797
10899,41798
10899,41799
10899,41800
10899,41801
10899,41802
10899,41803
10899,41804
10899,41805
10899,41806
10899,41807
10899,41808
10899,41809
10899,41810
10899,41811
10899,41812
10899,41813
10899,41814
10899,41815
10899,41816
10899,41817
10899,41818
10899,41819
10899,41820
10899,41821
10899,41822
10899,41823
10899,41824
10899,41825
10899,41826
10899,41827
10899,41828
10899,41829
10899,41830
10899,41831
10899,41832
10899,41833
10899,41834
10899,41835
10899,41836
10899,41837
10900,41711
10900,41712
10900,41713
10900,41714
10900,41715
10900,41716
10900,41717
10900,41718
10900,41719
10900,41720
10900,41721
10900,41722
10900,41723
10900,41724
10900,41725
10900,41726
10900,41727
10900,41728
10900,41729
10900,41730
10900,41731
10900,41732
10900,41733
10900,41734
10900,41735
10900,41736
10900,41737
10900,41738
10900,41739
10900,41740
10900,41741
10900,41742
10900,41743
10900,41744
10900,41745
10900,41746
10900,41747
10900,41748
10900,41749
10900,41750
10900,41751
10900,41752
10900,41753
10900,41754
10900,41755
10900,41756
10900,41757
10900,41758
10900,41759
10900,41760
10900,41761
10900,41762
10900,41763
10900,41764
10900,41765
10900,41766
10900,41767
10900,41768
10900,41769
10900,41770
10900,41771
10900,41772
10900,41773
10900,41774
10900,41775
10900,41776
10900,41777
10900,41778
10900,41779
10900,41780
10900,41781
10900,41782
10900,41783
10900,41784
10900,41785
10900,41786
10900,41787
10900,41788
10900,41789
10900,41790
10900,41791
10900,41792
10900,41793
10900,41794
10900,41795
10900,41796
10900,41797
10900,41798
10900,41799
10900,41800
10900,41801
10900,41802
10900,41803
10900,41804
10900,41805
10900,41806
10900,41807
10900,41808
10900,41809
10900,41810
10900,41811
10900,41812
10900,41813
10900,41814
10900,41815
10900,41816
10900,41817
10900,41818
10900,41819
10900,41820
10900,41821
10900,41822
10900,41823
10900,41824
10900,41825
10900,41826
10900,41827
10900,41828
10900,41829
10900,41830
10900,41831
10900,41832
10900,41833
10900,41834
10900,41835
10900,41836
10901,41711
10901,41712
10901,41713
10901,41714
10901,41715
10901,41716
10901,41717
10901,41718
10901,41719
10901,41720
10901,41721
10901,41722
10901,41723
10901,41724
10901,41725
10901,41726
10901,41727
10901,41728
10901,41729
10901,41730
10901,41731
10901,41732
10901,41733
10901,41734
10901,41735
10901,41736
10901,41737
10901,41738
10901,41739
10901,41740
10901,41741
10901,41742
10901,41743
10901,41744
10901,41745
10901,41746
10901,41747
10901,41748
10901,41749
10901,41750
10901,41751
10901,41752
10901,41753
10901,41754
10901,41755
10901,41756
10901,41757
10901,41758
10901,41759
10901,41760
10901,41761
10901,41762
10901,41763
10901,41764
10901,41765
10901,41766
10901,41767
10901,41768
10901,41769
10901,41770
10901,41771
10901,41772
10901,41773
10901,41774
10901,41775
10901,41776
10901,41777
10901,41778
10901,41779
10901,41780
10901,41781
10901,41782
10901,41783
10901,41784
10901,41785
10901,41786
10901,41787
10901,41788
10901,41789
10901,41790
10901,41791
10901,41792
10901,41793
10901,41794
10901,41795
10901,41796
10901,41797
10901,41798
10901,41799
10901,41800
10901,41801
10901,41802
10901,41803
10901,41804
10901,41805
10901,41806
10901,41807
10901,41808
10901,41809
10901,41810
10901,41811
10901,41812
10901,41813
10901,41814
10901,41815
10901,41816
10901,41817
10901,41818
10901,41819
10901,41820
10901,41821
10901,41822
10901,41823
10901,41824
10901,41825
10901,41826
10901,41827
10901,41828
10901,41829
10901,41830
10901,41831
10901,41832
10901,41833
10901,41834
10901,41835
10901,41836
10902,41711
10902,41712
10902,41713
10902,41714
10902,41715
10902,41716
10902,41717
10902,41718
10902,41719
10902,41720
10902,41721
10902,41722
10902,41723
10902,41724
10902,41725
10902,41726
10902,41727
10902,41728
10902,41729
10902,41730
10902,41731
10902,41732
10902,41733
10902,41734
10902,41735
10902,41736
10902,41737
10902,41738
10902,41739
10902,41740
10902,41741
10902,41742
10902,41743
10902,41744
10902,41745
10902,41746
10902,41747
10902,41748
10902,41749
10902,41750
10902,41751
10902,41752
10902,41753
10902,41754
10902,41755
10902,41756
10902,41757
10902,41758
10902,41759
10902,41760
10902,41761
10902,41762
10902,41763
10902,41764
10902,41765
10902,41766
10902,41767
10902,41768
10902,41769
10902,41770
10902,41771
10902,41772
10902,41773
10902,41774
10902,41775
10902,41776
10902,41777
10902,41778
10902,41779
10902,41780
10902,41781
10902,41782
10902,41783
10902,41784
10902,41785
10902,41786
10902,41787
10902,41788
10902,41789
10902,41790
10902,41791
10902,41792
10902,41793
10902,41794
10902,41795
10902,41796
10902,41797
10902,41798
10902,41799
10902,41800
10902,41801
10902,41802
10902,41803
10902,41804
10902,41805
10902,41806
10902,41807
10902,41808
10902,41809
10902,41810
10902,41811
10902,41812
10902,41813
10902,41814
10902,41815
10902,41816
10902,41817
10902,41818
10902,41819
10902,41820
10902,41821
10902,41822
10902,41823
10902,41824
10902,41825
10902,41826
10902,41827
10902,41828
10902,41829
10902,41830
10902,41831
10902,41832
10902,41833
10902,41834
10902,41835
10903,41712
10903,41713
10903,41714
10903,41715
10903,41716
10903,41717
10903,41718
10903,41719
10903,41720
10903,41721
10903,41722
10903,41723
10903,41724
10903,41725
10903,41726
10903,41727
10903,41728
10903,41729
10903,41730
10903,41731
10903,41732
10903,41733
10903,41734
10903,41735
10903,41736
10903,41737
10903,41738
10903,41739
10903,41740
10903,41741
10903,41742
10903,41743
10903,41744
10903,41745
10903,41746
10903,41747
10903,41748
10903,41749
10903,41750
10903,41751
10903,41752
10903,41753
10903,41754
10903,41755
10903,41756
10903,41757
10903,41758
10903,41759
10903,41760
10903,41761
10903,41762
10903,41763
10903,41764
10903,41765
10903,41766
10903,41767
10903,41768
10903,41769
10903,41770
10903,41771
10903,41772
10903,41773
10903,41774
10903,41775
10903,41776
10903,41777
10903,41778
10903,41779
10903,41780
10903,41781
10903,41782
10903,41783
10903,41784
10903,41785
10903,41786
10903,41787
10903,41788
10903,41789
10903,41790
10903,41791
10903,41792
10903,41793
10903,41794
10903,41795
10903,41796
10903,41797
10903,41798
10903,41799
10903,41800
10903,41801
10903,41802
10903,41803
10903,41804
10903,41805
10903,41806
10903,41807
10903,41808
10903,41809
10903,41810
10903,41811
10903,41812
10903,41813
10903,41814
10903,41815
10903,41816
10903,41817
10903,41818
10903,41819
10903,41820
10903,41821
10903,41822
10903,41823
10903,41824
10903,41825
10903,41826
10903,41827
10903,41828
10903,41829
10903,41830
10903,41831
10903,41832
10903,41833
10903,41834
10904,41712
10904,41713
10904,41714
10904,41715
10904,41716
10904,41717
10904,41718
10904,41719
10904,41720
10904,41721
10904,41722
10904,41723
10904,41724
10904,41725
10904,41726
10904,41727
10904,41728
10904,41729
10904,41730
10904,41731
10904,41732
10904,41733
10904,41734
10904,41735
10904,41736
10904,41737
10904,41738
10904,41739
10904,41740
10904,41741
10904,41742
10904,41743
10904,41744
10904,41745
10904,41746
10904,41747
10904,41748
10904,41749
10904,41750
10904,41751
10904,41752
10904,41753
10904,41754
10904,41755
10904,41756
10904,41757
10904,41758
10904,41759
10904,41760
10904,41761
10904,41762
10904,41763
10904,41764
10904,41765
10904,41766
10904,41767
10904,41768
10904,41769
10904,41770
10904,41771
10904,41772
10904,41773
10904,41774
10904,41775
10904,41776
10904,41777
10904,41778
10904,41779
10904,41780
10904,41781
10904,41782
10904,41783
10904,41784
10904,41785
10904,41786
10904,41787
10904,41788
10904,41789
10904,41790
10904,41791
10904,41792
10904,41793
10904,41794
10904,41795
10904,41796
10904,41797
10904,41798
10904,41799
10904,41800
10904,41801
10904,41802
10904,41803
10904,41804
10904,41805
10904,41806
10904,41807
10904,41808
10904,41809
10904,41810
10904,41811
10904,41812
10904,41813
10904,41814
10904,41815
10904,41816
10904,41817
10904,41818
10904,41819
10904,41820
10904,41821
10904,41822
10904,41823
10904,41824
10904,41825
10904,41826
10904,41827
10904,41828
10904,41829
10904,41830
10904,41831
10904,41832
10905,41712
10905,41713
10905,41714
10905,41715
10905,41716
10905,41717
10905,41718
10905,41719
10905,41720
10905,41721
10905,41722
10905,41723
10905,41724
10905,41725
10905,41726
10905,41727
10905,41728
10905,41729
10905,41730
10905,41731
10905,41732
10905,41733
10905,41734
10905,41735
10905,41736
10905,41737
10905,41738
10905,41739
10905,41740
10905,41741
10905,41742
10905,41743
10905,41744
10905,41745
10905,41746
10905,41747
10905,41748
10905,41749
10905,41750
10905,41751
10905,41752
10905,41753
10905,41754
10905,41755
10905,41756
10905,41757
10905,41758
10905,41759
10905,41760
10905,41761
10905,41762
10905,41763
10905,41764
10905,41765
10905,41766
10905,41767
10905,41768
10905,41769
10905,41770
10905,41771
10905,41772
10905,41773
10905,41774
10905,41775
10905,41776
10905,41777
10905,41778
10905,41779
10905,41780
10905,41781
10905,41782
10905,41783
10905,41784
10905,41785
10905,41786
10905,41787
10905,41788
10905,41789
10905,41790
10905,41791
10905,41792
10905,41793
10905,41794
10905,41795
10905,41796
10905,41797
10905,41798
10905,41799
10905,41800
10905,41801
10905,41802
10905,41803
10905,41804
10905,41805
10905,41806
10905,41807
10905,41808
10905,41809
10905,41810
10905,41811
10905,41812
10905,41813
10905,41814
10905,41815
10905,41816
10905,41817
10905,41818
10905,41819
10905,41820
10905,41821
10905,41822
10905,41823
10905,41824
10905,41825
10905,41826
10905,41827
10905,41828
10905,41829
10905,41830
10905,41831
10906,41712
10906,41713
10906,41714
10906,41715
10906,41716
10906,41717
10906,41718
10906,41719
10906,41720
10906,41721
10906,41722
10906,41723
10906,41724
10906,41725
10906,41726
10906,41727
10906,41728
10906,41729
10906,41730
10906,41731
10906,41732
10906,41733
10906,41734
10906,41735
10906,41736
10906,41737
10906,41738
10906,41739
10906,41740
10906,41741
10906,41742
10906,41743
10906,41744
10906,41745
10906,41746
10906,41747
10906,41748
10906,41749
10906,41750
10906,41751
10906,41752
10906,41753
10906,41754
10906,41755
10906,41756
10906,41757
10906,41758
10906,41759
10906,41760
10906,41761
10906,41762
10906,41763
10906,41764
10906,41765
10906,41766
10906,41767
10906,41768
10906,41769
10906,41770
10906,41771
10906,41772
10906,41773
10906,41774
10906,41775
10906,41776
10906,41777
10906,41778
10906,41779
10906,41780
10906,41781
10906,41782
10906,41783
10906,41784
10906,41785
10906,41786
10906,41787
10906,41788
10906,41789
10906,41790
10906,41791
10906,41792
10906,41793
10906,41794
10906,41795
10906,41796
10906,41797
10906,41798
10906,41799
10906,41800
10906,41801
10906,41802
10906,41803
10906,41804
10906,41805
10906,41806
10906,41807
10906,41808
10906,41809
10906,41810
10906,41811
10906,41812
10906,41813
10906,41814
10906,41815
10906,41816
10906,41817
10906,41818
10906,41819
10906,41820
10906,41821
10906,41822
10906,41823
10906,41824
10906,41825
10906,41826
10906,41827
10906,41828
10906,41829
10906,41830
10907,41711
10907,41712
10907,41713
10907,41714
10907,41715
10907,41716
10907,41717
10907,41718
10907,41719
10907,41720
10907,41721
10907,41722
10907,41723
10907,41724
10907,41725
10907,41726
10907,41727
10907,41728
10907,41729
10907,41730
10907,41731
10907,41732
10907,41733
10907,41734
10907,41735
10907,41736
10907,41737
10907,41738
10907,41739
10907,41740
10907,41741
10907,41742
10907,41743
10907,41744
10907,41745
10907,41746
10907,41747
10907,41748
10907,41749
10907,41750
10907,41751
10907,41752
10907,41753
10907,41754
10907,41755
10907,41756
10907,41757
10907,41758
10907,41759
10907,41760
10907,41761
10907,41762
10907,41763
10907,41764
10907,41765
10907,41766
10907,41767
10907,41768
10907,41769
10907,41770
10907,41771
10907,41772
10907,41773
10907,41774
10907,41775
10907,41776
10907,41777
10907,41778
10907,41779
10907,41780
10907,41781
10907,41782
10907,41783
10907,41784
10907,41785
10907,41786
10907,41787
10907,41788
10907,41789
10907,41790
10907,41791
10907,41792
10907,41793
10907,41794
10907,41795
10907,41796
10907,41797
10907,41798
10907,41799
10907,41800
10907,41801
10907,41802
10907,41803
10907,41804
10907,41805
10907,41806
10907,41807
10907,41808
10907,41809
10907,41810
10907,41811
10907,41812
10907,41813
10907,41814
10907,41815
10907,41816
10907,41817
10907,41818
10907,41819
10907,41820
10907,41822
10907,41824
10907,41825
10907,41826
10907,41827
10907,41828
10907,41829
10908,41712
10908,41713
10908,41714
10908,41715
10908,41716
10908,41717
10908,41718
10908,41719
10908,41720
10908,41721
10908,41722
10908,41723
10908,41724
10908,41725
10908,41726
10908,41727
10908,41728
10908,41729
10908,41730
10908,41731
10908,41732
10908,41733
10908,41734
10908,41735
10908,41736
10908,41737
10908,41738
10908,41739
10908,41740
10908,41741
10908,41742
10908,41743
10908,41744
10908,41745
10908,41746
10908,41747
10908,41748
10908,41749
10908,41750
10908,41751
10908,41752
10908,41753
10908,41754
10908,41755
10908,41756
10908,41757
10908,41758
10908,41759
10908,41760
10908,41761
10908,41762
10908,41763
10908,41764
10908,41765
10908,41766
10908,41767
10908,41768
10908,41769
10908,41770
10908,41771
10908,41772
10908,41773
10908,41774
10908,41775
10908,41776
10908,41777
10908,41778
10908,41779
10908,41780
10908,41781
10908,41782
10908,41783
10908,41784
10908,41785
10908,41786
10908,41787
10908,41788
10908,41789
10908,41790
10908,41791
10908,41792
10908,41793
10908,41794
10908,41795
10908,41796
10908,41797
10908,41798
10908,41799
10908,41800
10908,41801
10908,41802
10908,41803
10908,41804
10908,41805
10908,41806
10908,41807
10908,41808
10908,41809
10908,41810
10908,41811
10908,41812
10908,41813
10908,41814
10908,41815
10908,41816
10908,41817
10908,41827
10909,41712
10909,41713
10909,41714
10909,41715
10909,41716
10909,41717
10909,41718
10909,41719
10909,41720
10909,41721
10909,41722
10909,41723
10909,41724
10909,41725
10909,41726
10909,41727
10909,41728
10909,41729
10909,41730
10909,41731
10909,41732
10909,41733
10909,41734
10909,41735
10909,41736
10909,41737
10909,41738
10909,41739
10909,41740
10909,41741
10909,41742
10909,41743
10909,41744
10909,41745
10909,41746
10909,41747
10909,41748
10909,41749
10909,41750
10909,41751
10909,41752
10909,41753
10909,41754
10909,41755
10909,41756
10909,41757
10909,41758
10909,41759
10909,41760
10909,41761
10909,41762
10909,41763
10909,41764
10909,41765
10909,41766
10909,41767
10909,41768
10909,41769
10909,41770
10909,41771
10909,41772
10909,41773
10909,41774
10909,41775
10909,41776
10909,41777
10909,41778
10909,41779
10909,41780
10909,41781
10909,41782
10909,41783
10909,41784
10909,41785
10909,41786
10909,41787
10909,41788
10909,41789
10909,41790
10909,41791
10909,41792
10909,41793
10909,41794
10909,41795
10909,41796
10909,41797
10909,41798
10909,41799
10909,41800
10909,41801
10909,41802
10909,41803
10909,41804
10909,41805
10909,41806
10909,41807
10909,41808
10909,41809
10909,41810
10909,41811
10909,41812
10909,41813
10909,41814
10909,41815
10909,41816
10910,41713
10910,41714
10910,41715
10910,41716
10910,41717
10910,41718
10910,41719
10910,41720
10910,41721
10910,41722
10910,41723
10910,41724
10910,41725
10910,41726
10910,41727
10910,41728
10910,41729
10910,41730
10910,41731
10910,41732
10910,41733
10910,41734
10910,41735
10910,41736
10910,41737
10910,41738
10910,41739
10910,41740
10910,41741
10910,41742
10910,41743
10910,41744
10910,41745
10910,41746
10910,41747
10910,41748
10910,41749
10910,41750
10910,41751
10910,41752
10910,41753
10910,41754
10910,41755
10910,41756
10910,41757
10910,41758
10910,41759
10910,41760
10910,41761
10910,41762
10910,41763
10910,41764
10910,41765
10910,41766
10910,41767
10910,41768
10910,41769
10910,41770
10910,41771
10910,41772
10910,41773
10910,41774
10910,41775
10910,41776
10910,41777
10910,41778
10910,41779
10910,41780
10910,41781
10910,41782
10910,41783
10910,41784
10910,41785
10910,41786
10910,41787
10910,41788
10910,41789
10910,41790
10910,41791
10910,41792
10910,41793
10910,41794
10910,41795
10910,41796
10910,41797
10910,41798
10910,41799
10910,41800
10910,41801
10910,41802
10910,41803
10910,41804
10910,41805
10910,41806
10910,41807
10910,41808
10910,41809
10910,41810
10910,41811
10910,41812
10910,41813
10910,41814
10910,41815
10910,41816
10911,41714
10911,41715
10911,41716
10911,41717
10911,41718
10911,41719
10911,41720
10911,41721
10911,41722
10911,41723
10911,41724
10911,41725
10911,41726
10911,41727
10911,41728
10911,41729
10911,41730
10911,41731
10911,41732
10911,41733
10911,41734
10911,41735
10911,41736
10911,41737
10911,41738
10911,41739
10911,41740
10911,41741
10911,41742
10911,41743
10911,41744
10911,41745
10911,41746
10911,41747
10911,41748
10911,41749
10911,41750
10911,41751
10911,41752
10911,41753
10911,41754
10911,41755
10911,41756
10911,41757
10911,41758
10911,41759
10911,41760
10911,41761
10911,41762
10911,41763
10911,41764
10911,41765
10911,41766
10911,41767
10911,41768
10911,41769
10911,41770
10911,41771
10911,41772
10911,41773
10911,41774
10911,41775
10911,41776
10911,41777
10911,41778
10911,41779
10911,41780
10911,41781
10911,41782
10911,41783
10911,41784
10911,41785
10911,41786
10911,41787
10911,41788
10911,41789
10911,41790
10911,41791
10911,41792
10911,41793
10911,41794
10911,41795
10911,41796
10911,41797
10911,41798
10911,41799
10911,41800
10911,41801
10911,41802
10911,41803
10911,41804
10911,41805
10911,41806
10911,41807
10911,41808
10911,41809
10911,41810
10911,41811
10911,41812
10911,41813
10911,41814
10911,41815
10911,41816
10911,41817
10912,41715
10912,41716
10912,41717
10912,41718
10912,41719
10912,41720
10912,41721
10912,41722
10912,41723
10912,41724
10912,41725
10912,41726
10912,41727
10912,41728
10912,41729
10912,41730
10912,41731
10912,41732
10912,41733
10912,41734
10912,41735
10912,41736
10912,41737
10912,41738
10912,41739
10912,41740
10912,41741
10912,41742
10912,41743
10912,41744
10912,41745
10912,41746
10912,41747
10912,41748
10912,41749
10912,41750
10912,41751
10912,41752
10912,41753
10912,41754
10912,41755
10912,41756
10912,41757
10912,41758
10912,41759
10912,41760
10912,41761
10912,41762
10912,41763
10912,41764
10912,41765
10912,41766
10912,41767
10912,41768
10912,41769
10912,41770
10912,41771
10912,41772
10912,41773
10912,41774
10912,41775
10912,41776
10912,41777
10912,41778
10912,41779
10912,41780
10912,41781
10912,41782
10912,41783
10912,41784
10912,41785
10912,41786
10912,41787
10912,41788
10912,41789
10912,41790
10912,41791
10912,41792
10912,41793
10912,41794
10912,41795
10912,41796
10912,41797
10912,41798
10912,41799
10912,41800
10912,41801
10912,41802
10912,41803
10912,41804
10912,41805
10912,41806
10912,41807
10912,41808
10912,41809
10912,41810
10912,41811
10912,41812
10912,41813
10912,41814
10912,41815
10912,41816
10913,41716
10913,41717
10913,41718
10913,41719
10913,41720
10913,41721
10913,41722
10913,41723
10913,41724
10913,41725
10913,41726
10913,41727
10913,41728
10913,41729
10913,41730
10913,41731
10913,41732
10913,41733
10913,41734
10913,41735
10913,41736
10913,41737
10913,41738
10913,41739
10913,41740
10913,41741
10913,41742
10913,41743
10913,41744
10913,41745
10913,41746
10913,41747
10913,41748
10913,41749
10913,41750
10913,41751
10913,41752
10913,41753
10913,41754
10913,41755
10913,41756
10913,41757
10913,41758
10913,41759
10913,41760
10913,41761
10913,41762
10913,41763
10913,41764
10913,41765
10913,41766
10913,41767
10913,41768
10913,41769
10913,41770
10913,41771
10913,41772
10913,41773
10913,41774
10913,41775
10913,41776
10913,41777
10913,41778
10913,41779
10913,41780
10913,41781
10913,41782
10913,41783
10913,41784
10913,41785
10913,41786
10913,41787
10913,41788
10913,41789
10913,41790
10913,41791
10913,41792
10913,41793
10913,41794
10913,41795
10913,41796
10913,41797
10913,41798
10913,41799
10913,41800
10913,41801
10913,41802
10913,41803
10913,41804
10913,41805
10913,41806
10913,41807
10913,41808
10913,41809
10913,41810
10913,41811
10913,41812
10913,41813
10913,41814
10913,41815
10913,41816
10914,41717
10914,41718
10914,41719
10914,41720
10914,41721
10914,41722
10914,41723
10914,41724
10914,41725
10914,41726
10914,41727
10914,41728
10914,41729
10914,41730
10914,41731
10914,41732
10914,41733
10914,41734
10914,41735
10914,41736
10914,41737
10914,41738
10914,41739
10914,41740
10914,41741
10914,41742
10914,41743
10914,41744
10914,41745
10914,41746
10914,41747
10914,41748
10914,41749
10914,41750
10914,41751
10914,41752
10914,41753
10914,41754
10914,41755
10914,41756
10914,41757
10914,41758
10914,41759
10914,41760
10914,41761
10914,41762
10914,41763
10914,41764
10914,41765
10914,41766
10914,41767
10914,41768
10914,41769
10914,41770
10914,41771
10914,41772
10914,41773
10914,41774
10914,41775
10914,41776
10914,41777
10914,41778
10914,41779
10914,41780
10914,41781
10914,41782
10914,41783
10914,41784
10914,41785
10914,41786
10914,41787
10914,41788
10914,41789
10914,41790
10914,41791
10914,41792
10914,41793
10914,41794
10914,41795
10914,41796
10914,41797
10914,41798
10914,41799
10914,41800
10914,41801
10914,41802
10914,41803
10914,41804
10914,41805
10914,41806
10914,41807
10914,41808
10914,41809
10914,41810
10914,41811
10914,41812
10914,41813
10914,41814
10914,41815
10915,41717
10915,41718
10915,41719
10915,41720
10915,41721
10915,41722
10915,41723
10915,41724
10915,41725
10915,41726
10915,41727
10915,41728
10915,41729
10915,41730
10915,41731
10915,41732
10915,41733
10915,41734
10915,41735
10915,41736
10915,41737
10915,41738
10915,41739
10915,41740
10915,41741
10915,41742
10915,41743
10915,41744
10915,41745
10915,41746
10915,41747
10915,41748
10915,41749
10915,41750
10915,41751
10915,41752
10915,41753
10915,41754
10915,41755
10915,41756
10915,41757
10915,41758
10915,41759
10915,41760
10915,41761
10915,41762
10915,41763
10915,41764
10915,41765
10915,41766
10915,41767
10915,41768
10915,41769
10915,41770
10915,41771
10915,41772
10915,41773
10915,41774
10915,41775
10915,41776
10915,41777
10915,41778
10915,41779
10915,41780
10915,41781
10915,41782
10915,41783
10915,41784
10915,41785
10915,41786
10915,41787
10915,41788
10915,41789
10915,41790
10915,41791
10915,41792
10915,41793
10915,41794
10915,41795
10915,41796
10915,41797
10915,41798
10915,41799
10915,41800
10915,41801
10915,41802
10915,41803
10915,41804
10915,41805
10915,41806
10915,41807
10915,41808
10915,41809
10915,41810
10915,41811
10915,41812
10915,41813
10915,41814
10916,41718
10916,41719
10916,41720
10916,41721
10916,41722
10916,41723
10916,41724
10916,41725
10916,41726
10916,41727
10916,41728
10916,41729
10916,41730
10916,41731
10916,41732
10916,41733
10916,41734
10916,41735
10916,41736
10916,41737
10916,41738
10916,41739
10916,41740
10916,41741
10916,41742
10916,41743
10916,41744
10916,41745
10916,41746
10916,41747
10916,41748
10916,41749
10916,41750
10916,41751
10916,41752
10916,41753
10916,41754
10916,41755
10916,41756
10916,41757
10916,41758
10916,41759
10916,41760
10916,41761
10916,41762
10916,41763
10916,41764
10916,41765
10916,41766
10916,41767
10916,41768
10916,41769
10916,41770
10916,41771
10916,41772
10916,41773
10916,41774
10916,41775
10916,41776
10916,41777
10916,41778
10916,41779
10916,41780
10916,41781
10916,41782
10916,41783
10916,41784
10916,41785
10916,41786
10916,41787
10916,41788
10916,41789
10916,41790
10916,41791
10916,41792
10916,41793
10916,41794
10916,41795
10916,41796
10916,41797
10916,41798
10916,41799
10916,41800
10916,41801
10916,41802
10916,41803
10916,41804
10916,41805
10916,41806
10916,41807
10916,41808
10916,41809
10916,41810
10916,41811
10916,41812
10917,41719
10917,41720
10917,41721
10917,41722
10917,41723
10917,41724
10917,41725
10917,41726
10917,41727
10917,41728
10917,41729
10917,41730
10917,41731
10917,41732
10917,41733
10917,41734
10917,41735
10917,41736
10917,41737
10917,41738
10917,41739
10917,41740
10917,41741
10917,41742
10917,41743
10917,41744
10917,41745
10917,41746
10917,41747
10917,41748
10917,41749
10917,41750
10917,41751
10917,41752
10917,41753
10917,41754
10917,41755
10917,41756
10917,41757
10917,41758
10917,41759
10917,41760
10917,41761
10917,41762
10917,41763
10917,41764
10917,41765
10917,41766
10917,41767
10917,41768
10917,41769
10917,41770
10917,41771
10917,41772
10917,41773
10917,41774
10917,41775
10917,41776
10917,41777
10917,41778
10917,41779
10917,41780
10917,41781
10917,41782
10917,41783
10917,41784
10917,41785
10917,41786
10917,41787
10917,41788
10917,41789
10917,41790
10917,41791
10917,41792
10917,41793
10917,41794
10917,41795
10917,41796
10917,41802
10917,41803
10917,41804
10917,41805
10917,41806
10917,41807
10917,41808
10917,41809
10917,41810
10918,41721
10918,41722
10918,41723
10918,41724
10918,41725
10918,41726
10918,41727
10918,41728
10918,41729
10918,41730
10918,41731
10918,41732
10918,41733
10918,41734
10918,41735
10918,41736
10918,41737
10918,41738
10918,41739
10918,41740
10918,41741
10918,41742
10918,41743
10918,41744
10918,41745
10918,41746
10918,41747
10918,41748
10918,41749
10918,41750
10918,41751
10918,41752
10918,41753
10918,41754
10918,41755
10918,41756
10918,41757
10918,41758
10918,41759
10918,41760
10918,41761
10918,41762
10918,41763
10918,41764
10918,41765
10918,41766
10918,41767
10918,41768
10918,41769
10918,41770
10918,41771
10918,41772
10918,41773
10918,41774
10918,41775
10918,41776
10918,41777
10918,41778
10918,41779
10918,41780
10918,41781
10918,41782
10918,41783
10918,41784
10918,41785
10918,41786
10918,41787
10918,41788
10918,41789
10918,41790
10918,41791
10918,41792
10918,41793
10918,41794
10918,41795
10918,41802
10918,41803
10918,41804
10918,41805
10918,41806
10918,41807
10918,41808
10918,41809
10918,41810
10919,41723
10919,41724
10919,41725
10919,41726
10919,41727
10919,41728
10919,41729
10919,41730
10919,41731
10919,41732
10919,41733
10919,41734
10919,41735
10919,41736
10919,41737
10919,41738
10919,41739
10919,41740
10919,41741
10919,41742
10919,41743
10919,41744
10919,41745
10919,41746
10919,41747
10919,41748
10919,41749
10919,41750
10919,41751
10919,41752
10919,41753
10919,41754
10919,41755
10919,41756
10919,41757
10919,41758
10919,41759
10919,41760
10919,41761
10919,41762
10919,41763
10919,41764
10919,41765
10919,41766
10919,41767
10919,41768
10919,41769
10919,41770
10919,41771
10919,41772
10919,41773
10919,41774
10919,41775
10919,41776
10919,41777
10919,41778
10919,41779
10919,41780
10919,41781
10919,41782
10919,41783
10919,41784
10919,41785
10919,41786
10919,41787
10919,41788
10919,41789
10919,41790
10919,41791
10919,41792
10919,41793
10919,41803
10919,41804
10919,41805
10919,41806
10919,41807
10919,41808
10919,41809
10920,41725
10920,41726
10920,41727
10920,41728
10920,41729
10920,41730
10920,41731
10920,41732
10920,41733
10920,41734
10920,41735
10920,41736
10920,41737
10920,41742
10920,41746
10920,41747
10920,41748
10920,41749
10920,41750
10920,41751
10920,41752
10920,41753
10920,41754
10920,41755
10920,41756
10920,41757
10920,41758
10920,41759
10920,41760
10920,41761
10920,41762
10920,41763
10920,41764
10920,41765
10920,41766
10920,41767
10920,41768
10920,41769
10920,41770
10920,41771
10920,41772
10920,41773
10920,41774
10920,41775
10920,41776
10920,41777
10920,41778
10920,41779
10920,41780
10920,41781
10920,41782
10920,41783
10920,41784
10920,41785
10920,41786
10920,41787
10920,41788
10920,41789
10920,41790
10920,41791
10920,41792
10920,41804
10920,41805
10920,41806
10920,41807
10920,41808
10921,41728
10921,41734
10921,41750
10921,41751
10921,41752
10921,41753
10921,41754
10921,41755
10921,41756
10921,41757
10921,41758
10921,41759
10921,41760
10921,41761
10921,41762
10921,41763
10921,41764
10921,41765
10921,41766
10921,41767
10921,41768
10921,41769
10921,41770
10921,41771
10921,41772
10921,41773
10921,41774
10921,41775
10921,41776
10921,41777
10921,41778
10921,41779
10921,41780
10921,41781
10921,41782
10921,41783
10921,41784
10921,41785
10921,41786
10921,41787
10921,41788
10921,41789
10921,41806
10922,41756
10922,41759
10922,41761
10922,41762
10922,41763
10922,41764
10922,41765
10922,41766
10922,41767
10922,41768
10922,41769
10922,41771
10922,41772
10922,41773
10922,41774
10922,41775
10922,41776
10922,41777
10922,41778
10922,41779
10922,41780
10922,41781
10922,41782
10922,41783
10922,41784
10922,41785
10922,41786
10922,41787
10922,41788
10922,41789
10923,41762
10923,41763
10923,41764
10923,41765
10923,41766
10923,41767
10923,41768
10923,41772
10923,41773
10923,41774
10923,41775
10923,41776
10923,41777
10923,41778
10923,41779
10923,41780
10923,41781
10923,41782
10923,41783
10923,41784
10923,41785
10923,41786
10923,41787
10923,41788
10924,41763
10924,41764
10924,41765
10924,41766
10924,41767
10924,41773
10924,41774
10924,41775
10924,41776
10924,41777
10924,41778
10924,41779
10924,41780
10924,41781
10924,41782
10924,41783
10924,41784
10924,41785
10924,41786
10924,41787
10924,41788
10925,41765
10925,41775
10925,41777
10925,41778
10925,41779
10925,41780
10925,41781
10925,41782
10925,41783
10925,41784
10925,41785
10925,41786
10925,41787
10925,41788
10926,41778
10926,41779
10926,41780
10926,41781
10926,41782
10926,41783
10926,41784
10926,41785
10926,41786
10926,41787
10926,41788
10926,41789
10927,41779
10927,41780
10927,41781
10927,41782
10927,41783
10927,41784
10927,41785
10927,41786
10927,41787
10927,41788
10928,41780
10928,41781
10928,41782
10928,41783
10928,41784
10928,41785
10928,41786
10928,41787
10928,41788
10929,41781
10929,41782
10929,41783
10929,41784
10929,41785
10929,41786
10929,41787
10930,41782
10930,41783
10930,41784
10930,41785
10930,41786
10931,41784
