"X","Y"
23383,19284
23384,19281
23384,19282
23384,19283
23384,19284
23384,19285
23384,19286
23385,19279
23385,19280
23385,19281
23385,19282
23385,19283
23385,19284
23385,19285
23385,19286
23385,19287
23386,19278
23386,19279
23386,19280
23386,19281
23386,19282
23386,19283
23386,19284
23386,19285
23386,19286
23386,19287
23386,19288
23387,19277
23387,19278
23387,19279
23387,19280
23387,19281
23387,19282
23387,19283
23387,19284
23387,19285
23387,19286
23387,19287
23387,19288
23388,19277
23388,19278
23388,19279
23388,19280
23388,19281
23388,19282
23388,19283
23388,19284
23388,19285
23388,19286
23388,19287
23388,19288
23388,19289
23389,19277
23389,19278
23389,19279
23389,19280
23389,19281
23389,19282
23389,19283
23389,19284
23389,19285
23389,19286
23389,19287
23389,19288
23389,19289
23390,19276
23390,19277
23390,19278
23390,19279
23390,19280
23390,19281
23390,19282
23390,19283
23390,19284
23390,19285
23390,19286
23390,19287
23390,19288
23391,19275
23391,19276
23391,19277
23391,19278
23391,19279
23391,19280
23391,19281
23391,19282
23391,19283
23391,19284
23391,19285
23391,19286
23391,19287
23391,19288
23392,19267
23392,19269
23392,19270
23392,19274
23392,19275
23392,19276
23392,19277
23392,19278
23392,19279
23392,19280
23392,19281
23392,19282
23392,19283
23392,19284
23392,19285
23392,19286
23392,19287
23392,19288
23392,19289
23393,19264
23393,19265
23393,19266
23393,19267
23393,19268
23393,19269
23393,19270
23393,19271
23393,19272
23393,19273
23393,19274
23393,19275
23393,19276
23393,19277
23393,19278
23393,19279
23393,19280
23393,19281
23393,19282
23393,19283
23393,19284
23393,19285
23393,19286
23393,19287
23393,19288
23393,19289
23394,19263
23394,19264
23394,19265
23394,19266
23394,19267
23394,19268
23394,19269
23394,19270
23394,19271
23394,19272
23394,19273
23394,19274
23394,19275
23394,19276
23394,19277
23394,19278
23394,19279
23394,19280
23394,19281
23394,19282
23394,19283
23394,19284
23394,19285
23394,19286
23394,19287
23394,19288
23394,19289
23394,19290
23395,19262
23395,19263
23395,19264
23395,19265
23395,19266
23395,19267
23395,19268
23395,19269
23395,19270
23395,19271
23395,19272
23395,19273
23395,19274
23395,19275
23395,19276
23395,19277
23395,19278
23395,19279
23395,19280
23395,19281
23395,19282
23395,19283
23395,19284
23395,19285
23395,19286
23395,19287
23395,19288
23395,19289
23395,19290
23395,19291
23395,19292
23396,19262
23396,19263
23396,19264
23396,19265
23396,19266
23396,19267
23396,19268
23396,19269
23396,19270
23396,19271
23396,19272
23396,19273
23396,19274
23396,19275
23396,19276
23396,19277
23396,19278
23396,19279
23396,19280
23396,19281
23396,19282
23396,19283
23396,19284
23396,19285
23396,19286
23396,19287
23396,19288
23396,19289
23396,19290
23396,19291
23396,19292
23396,19293
23396,19295
23397,19259
23397,19260
23397,19261
23397,19262
23397,19263
23397,19264
23397,19265
23397,19266
23397,19267
23397,19268
23397,19269
23397,19270
23397,19271
23397,19272
23397,19273
23397,19274
23397,19275
23397,19276
23397,19277
23397,19278
23397,19279
23397,19280
23397,19281
23397,19282
23397,19283
23397,19284
23397,19285
23397,19286
23397,19287
23397,19288
23397,19289
23397,19290
23397,19291
23397,19292
23397,19293
23397,19294
23397,19295
23397,19296
23397,19297
23397,19298
23398,19256
23398,19257
23398,19258
23398,19259
23398,19260
23398,19261
23398,19262
23398,19263
23398,19264
23398,19265
23398,19266
23398,19267
23398,19268
23398,19269
23398,19270
23398,19271
23398,19272
23398,19273
23398,19274
23398,19275
23398,19276
23398,19277
23398,19278
23398,19279
23398,19280
23398,19281
23398,19282
23398,19283
23398,19284
23398,19285
23398,19286
23398,19287
23398,19288
23398,19289
23398,19290
23398,19291
23398,19292
23398,19293
23398,19294
23398,19295
23398,19296
23398,19297
23398,19298
23398,19299
23399,19255
23399,19256
23399,19257
23399,19258
23399,19259
23399,19260
23399,19261
23399,19262
23399,19263
23399,19264
23399,19265
23399,19266
23399,19267
23399,19268
23399,19269
23399,19270
23399,19271
23399,19272
23399,19273
23399,19274
23399,19275
23399,19276
23399,19277
23399,19278
23399,19279
23399,19280
23399,19281
23399,19282
23399,19283
23399,19284
23399,19285
23399,19286
23399,19287
23399,19288
23399,19289
23399,19290
23399,19291
23399,19292
23399,19293
23399,19294
23399,19295
23399,19296
23399,19297
23399,19298
23399,19299
23399,19300
23400,19254
23400,19255
23400,19256
23400,19257
23400,19258
23400,19259
23400,19260
23400,19261
23400,19262
23400,19263
23400,19264
23400,19265
23400,19266
23400,19267
23400,19268
23400,19269
23400,19270
23400,19271
23400,19272
23400,19273
23400,19274
23400,19275
23400,19276
23400,19277
23400,19278
23400,19279
23400,19280
23400,19281
23400,19282
23400,19283
23400,19284
23400,19285
23400,19286
23400,19287
23400,19288
23400,19289
23400,19290
23400,19291
23400,19292
23400,19293
23400,19294
23400,19295
23400,19296
23400,19297
23400,19298
23400,19299
23400,19300
23400,19301
23401,19252
23401,19253
23401,19254
23401,19255
23401,19256
23401,19257
23401,19258
23401,19259
23401,19260
23401,19261
23401,19262
23401,19263
23401,19264
23401,19265
23401,19266
23401,19267
23401,19268
23401,19269
23401,19270
23401,19271
23401,19272
23401,19273
23401,19274
23401,19275
23401,19276
23401,19277
23401,19278
23401,19279
23401,19280
23401,19281
23401,19282
23401,19283
23401,19284
23401,19285
23401,19286
23401,19287
23401,19288
23401,19289
23401,19290
23401,19291
23401,19292
23401,19293
23401,19294
23401,19295
23401,19296
23401,19297
23401,19298
23401,19299
23401,19300
23401,19301
23402,19251
23402,19252
23402,19253
23402,19254
23402,19255
23402,19256
23402,19257
23402,19258
23402,19259
23402,19260
23402,19261
23402,19262
23402,19263
23402,19264
23402,19265
23402,19266
23402,19267
23402,19268
23402,19269
23402,19270
23402,19271
23402,19272
23402,19273
23402,19274
23402,19275
23402,19276
23402,19277
23402,19278
23402,19279
23402,19280
23402,19281
23402,19282
23402,19283
23402,19284
23402,19285
23402,19286
23402,19287
23402,19288
23402,19289
23402,19290
23402,19291
23402,19292
23402,19293
23402,19294
23402,19295
23402,19296
23402,19297
23402,19298
23402,19299
23402,19300
23402,19301
23402,19302
23403,19250
23403,19251
23403,19252
23403,19253
23403,19254
23403,19255
23403,19256
23403,19257
23403,19258
23403,19259
23403,19260
23403,19261
23403,19262
23403,19263
23403,19264
23403,19265
23403,19266
23403,19267
23403,19268
23403,19269
23403,19270
23403,19271
23403,19272
23403,19273
23403,19274
23403,19275
23403,19276
23403,19277
23403,19278
23403,19279
23403,19280
23403,19281
23403,19282
23403,19283
23403,19284
23403,19285
23403,19286
23403,19287
23403,19288
23403,19289
23403,19290
23403,19291
23403,19292
23403,19293
23403,19294
23403,19295
23403,19296
23403,19297
23403,19298
23403,19299
23403,19300
23403,19301
23403,19302
23404,19249
23404,19250
23404,19251
23404,19252
23404,19253
23404,19254
23404,19255
23404,19256
23404,19257
23404,19258
23404,19259
23404,19260
23404,19261
23404,19262
23404,19263
23404,19264
23404,19265
23404,19266
23404,19267
23404,19268
23404,19269
23404,19270
23404,19271
23404,19272
23404,19273
23404,19274
23404,19275
23404,19276
23404,19277
23404,19278
23404,19279
23404,19280
23404,19281
23404,19282
23404,19283
23404,19284
23404,19285
23404,19286
23404,19287
23404,19288
23404,19289
23404,19290
23404,19291
23404,19292
23404,19293
23404,19294
23404,19295
23404,19296
23404,19297
23404,19298
23404,19299
23404,19300
23404,19301
23404,19302
23405,19247
23405,19248
23405,19249
23405,19250
23405,19251
23405,19252
23405,19253
23405,19254
23405,19255
23405,19256
23405,19257
23405,19258
23405,19259
23405,19260
23405,19261
23405,19262
23405,19263
23405,19264
23405,19265
23405,19266
23405,19267
23405,19268
23405,19269
23405,19270
23405,19271
23405,19272
23405,19273
23405,19274
23405,19275
23405,19276
23405,19277
23405,19278
23405,19279
23405,19280
23405,19281
23405,19282
23405,19283
23405,19284
23405,19285
23405,19286
23405,19287
23405,19288
23405,19289
23405,19290
23405,19291
23405,19292
23405,19293
23405,19294
23405,19295
23405,19296
23405,19297
23405,19298
23405,19299
23405,19300
23405,19301
23405,19302
23405,19303
23406,19246
23406,19247
23406,19248
23406,19249
23406,19250
23406,19251
23406,19252
23406,19253
23406,19254
23406,19255
23406,19256
23406,19257
23406,19258
23406,19259
23406,19260
23406,19261
23406,19262
23406,19263
23406,19264
23406,19265
23406,19266
23406,19267
23406,19268
23406,19269
23406,19270
23406,19271
23406,19272
23406,19273
23406,19274
23406,19275
23406,19276
23406,19277
23406,19278
23406,19279
23406,19280
23406,19281
23406,19282
23406,19283
23406,19284
23406,19285
23406,19286
23406,19287
23406,19288
23406,19289
23406,19290
23406,19291
23406,19292
23406,19293
23406,19294
23406,19295
23406,19296
23406,19297
23406,19298
23406,19299
23406,19300
23406,19301
23406,19302
23407,19245
23407,19246
23407,19247
23407,19248
23407,19249
23407,19250
23407,19251
23407,19252
23407,19253
23407,19254
23407,19255
23407,19256
23407,19257
23407,19258
23407,19259
23407,19260
23407,19261
23407,19262
23407,19263
23407,19264
23407,19265
23407,19266
23407,19267
23407,19268
23407,19269
23407,19270
23407,19271
23407,19272
23407,19273
23407,19274
23407,19275
23407,19276
23407,19277
23407,19278
23407,19279
23407,19280
23407,19281
23407,19282
23407,19283
23407,19284
23407,19285
23407,19286
23407,19287
23407,19288
23407,19289
23407,19290
23407,19291
23407,19292
23407,19293
23407,19294
23407,19295
23407,19296
23407,19297
23407,19298
23407,19299
23407,19300
23407,19301
23407,19302
23408,19244
23408,19245
23408,19246
23408,19247
23408,19248
23408,19249
23408,19250
23408,19251
23408,19252
23408,19253
23408,19254
23408,19255
23408,19256
23408,19257
23408,19258
23408,19259
23408,19260
23408,19261
23408,19262
23408,19263
23408,19264
23408,19265
23408,19266
23408,19267
23408,19268
23408,19269
23408,19270
23408,19271
23408,19272
23408,19273
23408,19274
23408,19275
23408,19276
23408,19277
23408,19278
23408,19279
23408,19280
23408,19281
23408,19282
23408,19283
23408,19284
23408,19285
23408,19286
23408,19287
23408,19288
23408,19289
23408,19290
23408,19291
23408,19292
23408,19293
23408,19294
23408,19295
23408,19296
23408,19297
23408,19298
23408,19299
23408,19300
23408,19301
23408,19302
23409,19242
23409,19243
23409,19244
23409,19245
23409,19246
23409,19247
23409,19248
23409,19249
23409,19250
23409,19251
23409,19252
23409,19253
23409,19254
23409,19255
23409,19256
23409,19257
23409,19258
23409,19259
23409,19260
23409,19261
23409,19262
23409,19263
23409,19264
23409,19265
23409,19266
23409,19267
23409,19268
23409,19269
23409,19270
23409,19271
23409,19272
23409,19273
23409,19274
23409,19275
23409,19276
23409,19277
23409,19278
23409,19279
23409,19280
23409,19281
23409,19282
23409,19283
23409,19284
23409,19285
23409,19286
23409,19287
23409,19288
23409,19289
23409,19290
23409,19291
23409,19292
23409,19293
23409,19294
23409,19295
23409,19296
23409,19297
23409,19298
23409,19299
23409,19300
23409,19301
23410,19241
23410,19242
23410,19243
23410,19244
23410,19245
23410,19246
23410,19247
23410,19248
23410,19249
23410,19250
23410,19251
23410,19252
23410,19253
23410,19254
23410,19255
23410,19256
23410,19257
23410,19258
23410,19259
23410,19260
23410,19261
23410,19262
23410,19263
23410,19264
23410,19265
23410,19266
23410,19267
23410,19268
23410,19269
23410,19270
23410,19271
23410,19272
23410,19273
23410,19274
23410,19275
23410,19276
23410,19277
23410,19278
23410,19279
23410,19280
23410,19281
23410,19282
23410,19283
23410,19284
23410,19285
23410,19286
23410,19287
23410,19288
23410,19289
23410,19290
23410,19291
23410,19292
23410,19293
23410,19294
23410,19295
23410,19296
23410,19297
23410,19298
23410,19299
23410,19300
23410,19301
23410,19302
23411,19240
23411,19241
23411,19242
23411,19243
23411,19244
23411,19245
23411,19246
23411,19247
23411,19248
23411,19249
23411,19250
23411,19251
23411,19252
23411,19253
23411,19254
23411,19255
23411,19256
23411,19257
23411,19258
23411,19259
23411,19260
23411,19261
23411,19262
23411,19263
23411,19264
23411,19265
23411,19266
23411,19267
23411,19268
23411,19269
23411,19270
23411,19271
23411,19272
23411,19273
23411,19274
23411,19275
23411,19276
23411,19277
23411,19278
23411,19279
23411,19280
23411,19281
23411,19282
23411,19283
23411,19284
23411,19285
23411,19286
23411,19287
23411,19288
23411,19289
23411,19290
23411,19291
23411,19292
23411,19293
23411,19294
23411,19295
23411,19296
23411,19297
23411,19298
23411,19299
23411,19300
23411,19301
23411,19302
23411,19303
23412,19240
23412,19241
23412,19242
23412,19243
23412,19244
23412,19245
23412,19246
23412,19247
23412,19248
23412,19249
23412,19250
23412,19251
23412,19252
23412,19253
23412,19254
23412,19255
23412,19256
23412,19257
23412,19258
23412,19259
23412,19260
23412,19261
23412,19262
23412,19263
23412,19264
23412,19265
23412,19266
23412,19267
23412,19268
23412,19269
23412,19270
23412,19271
23412,19272
23412,19273
23412,19274
23412,19275
23412,19276
23412,19277
23412,19278
23412,19279
23412,19280
23412,19281
23412,19282
23412,19283
23412,19284
23412,19285
23412,19286
23412,19287
23412,19288
23412,19289
23412,19290
23412,19291
23412,19292
23412,19293
23412,19294
23412,19295
23412,19296
23412,19297
23412,19298
23412,19299
23412,19300
23412,19301
23412,19302
23412,19303
23413,19238
23413,19239
23413,19240
23413,19241
23413,19242
23413,19243
23413,19244
23413,19245
23413,19246
23413,19247
23413,19248
23413,19249
23413,19250
23413,19251
23413,19252
23413,19253
23413,19254
23413,19255
23413,19256
23413,19257
23413,19258
23413,19259
23413,19260
23413,19261
23413,19262
23413,19263
23413,19264
23413,19265
23413,19266
23413,19267
23413,19268
23413,19269
23413,19270
23413,19271
23413,19272
23413,19273
23413,19274
23413,19275
23413,19276
23413,19277
23413,19278
23413,19279
23413,19280
23413,19281
23413,19282
23413,19283
23413,19284
23413,19285
23413,19286
23413,19287
23413,19288
23413,19289
23413,19290
23413,19291
23413,19292
23413,19293
23413,19294
23413,19295
23413,19296
23413,19297
23413,19298
23413,19299
23413,19300
23413,19301
23413,19302
23413,19303
23413,19304
23414,19237
23414,19238
23414,19239
23414,19240
23414,19241
23414,19242
23414,19243
23414,19244
23414,19245
23414,19246
23414,19247
23414,19248
23414,19249
23414,19250
23414,19251
23414,19252
23414,19253
23414,19254
23414,19255
23414,19256
23414,19257
23414,19258
23414,19259
23414,19260
23414,19261
23414,19262
23414,19263
23414,19264
23414,19265
23414,19266
23414,19267
23414,19268
23414,19269
23414,19270
23414,19271
23414,19272
23414,19273
23414,19274
23414,19275
23414,19276
23414,19277
23414,19278
23414,19279
23414,19280
23414,19281
23414,19282
23414,19283
23414,19284
23414,19285
23414,19286
23414,19287
23414,19288
23414,19289
23414,19290
23414,19291
23414,19292
23414,19293
23414,19294
23414,19295
23414,19296
23414,19297
23414,19298
23414,19299
23414,19300
23414,19301
23414,19302
23414,19303
23414,19304
23415,19236
23415,19237
23415,19238
23415,19239
23415,19240
23415,19241
23415,19242
23415,19243
23415,19244
23415,19245
23415,19246
23415,19247
23415,19248
23415,19249
23415,19250
23415,19251
23415,19252
23415,19253
23415,19254
23415,19255
23415,19256
23415,19257
23415,19258
23415,19259
23415,19260
23415,19261
23415,19262
23415,19263
23415,19264
23415,19265
23415,19266
23415,19267
23415,19268
23415,19269
23415,19270
23415,19271
23415,19272
23415,19273
23415,19274
23415,19275
23415,19276
23415,19277
23415,19278
23415,19279
23415,19280
23415,19281
23415,19282
23415,19283
23415,19284
23415,19285
23415,19286
23415,19287
23415,19288
23415,19289
23415,19290
23415,19291
23415,19292
23415,19293
23415,19294
23415,19295
23415,19296
23415,19297
23415,19298
23415,19299
23415,19300
23415,19301
23415,19302
23415,19303
23415,19304
23416,19235
23416,19236
23416,19237
23416,19238
23416,19239
23416,19240
23416,19241
23416,19242
23416,19243
23416,19244
23416,19245
23416,19246
23416,19247
23416,19248
23416,19249
23416,19250
23416,19251
23416,19252
23416,19253
23416,19254
23416,19255
23416,19256
23416,19257
23416,19258
23416,19259
23416,19260
23416,19261
23416,19262
23416,19263
23416,19264
23416,19265
23416,19266
23416,19267
23416,19268
23416,19269
23416,19270
23416,19271
23416,19272
23416,19273
23416,19274
23416,19275
23416,19276
23416,19277
23416,19278
23416,19279
23416,19280
23416,19281
23416,19282
23416,19283
23416,19284
23416,19285
23416,19286
23416,19287
23416,19288
23416,19289
23416,19290
23416,19291
23416,19292
23416,19293
23416,19294
23416,19295
23416,19296
23416,19297
23416,19298
23416,19299
23416,19300
23416,19301
23416,19302
23416,19303
23416,19304
23416,19305
23417,19234
23417,19235
23417,19236
23417,19237
23417,19238
23417,19239
23417,19240
23417,19241
23417,19242
23417,19243
23417,19244
23417,19245
23417,19246
23417,19247
23417,19248
23417,19249
23417,19250
23417,19251
23417,19252
23417,19253
23417,19254
23417,19255
23417,19256
23417,19257
23417,19258
23417,19259
23417,19260
23417,19261
23417,19262
23417,19263
23417,19264
23417,19265
23417,19266
23417,19267
23417,19268
23417,19269
23417,19270
23417,19271
23417,19272
23417,19273
23417,19274
23417,19275
23417,19276
23417,19277
23417,19278
23417,19279
23417,19280
23417,19281
23417,19282
23417,19283
23417,19284
23417,19285
23417,19286
23417,19287
23417,19288
23417,19289
23417,19290
23417,19291
23417,19292
23417,19293
23417,19294
23417,19295
23417,19296
23417,19297
23417,19298
23417,19299
23417,19300
23417,19301
23417,19302
23417,19303
23417,19304
23417,19305
23418,19233
23418,19234
23418,19235
23418,19236
23418,19237
23418,19238
23418,19239
23418,19240
23418,19241
23418,19242
23418,19243
23418,19244
23418,19245
23418,19246
23418,19247
23418,19248
23418,19249
23418,19250
23418,19251
23418,19252
23418,19253
23418,19254
23418,19255
23418,19256
23418,19257
23418,19258
23418,19259
23418,19260
23418,19261
23418,19262
23418,19263
23418,19264
23418,19265
23418,19266
23418,19267
23418,19268
23418,19269
23418,19270
23418,19271
23418,19272
23418,19273
23418,19274
23418,19275
23418,19276
23418,19277
23418,19278
23418,19279
23418,19280
23418,19281
23418,19282
23418,19283
23418,19284
23418,19285
23418,19286
23418,19287
23418,19288
23418,19289
23418,19290
23418,19291
23418,19292
23418,19293
23418,19294
23418,19295
23418,19296
23418,19297
23418,19298
23418,19299
23418,19300
23418,19301
23418,19302
23418,19303
23418,19304
23419,19232
23419,19233
23419,19234
23419,19235
23419,19236
23419,19237
23419,19238
23419,19239
23419,19240
23419,19241
23419,19242
23419,19243
23419,19244
23419,19245
23419,19246
23419,19247
23419,19248
23419,19249
23419,19250
23419,19251
23419,19252
23419,19253
23419,19254
23419,19255
23419,19256
23419,19257
23419,19258
23419,19259
23419,19260
23419,19261
23419,19262
23419,19263
23419,19264
23419,19265
23419,19266
23419,19267
23419,19268
23419,19269
23419,19270
23419,19271
23419,19272
23419,19273
23419,19274
23419,19275
23419,19276
23419,19277
23419,19278
23419,19279
23419,19280
23419,19281
23419,19282
23419,19283
23419,19284
23419,19285
23419,19286
23419,19287
23419,19288
23419,19289
23419,19290
23419,19291
23419,19292
23419,19293
23419,19294
23419,19295
23419,19296
23419,19297
23419,19298
23419,19299
23419,19300
23419,19301
23419,19302
23419,19303
23419,19304
23420,19227
23420,19229
23420,19230
23420,19231
23420,19232
23420,19233
23420,19234
23420,19235
23420,19236
23420,19237
23420,19238
23420,19239
23420,19240
23420,19241
23420,19242
23420,19243
23420,19244
23420,19245
23420,19246
23420,19247
23420,19248
23420,19249
23420,19250
23420,19251
23420,19252
23420,19253
23420,19254
23420,19255
23420,19256
23420,19257
23420,19258
23420,19259
23420,19260
23420,19261
23420,19262
23420,19263
23420,19264
23420,19265
23420,19266
23420,19267
23420,19268
23420,19269
23420,19270
23420,19271
23420,19272
23420,19273
23420,19274
23420,19275
23420,19276
23420,19277
23420,19278
23420,19279
23420,19280
23420,19281
23420,19282
23420,19283
23420,19284
23420,19285
23420,19286
23420,19287
23420,19288
23420,19289
23420,19290
23420,19291
23420,19292
23420,19293
23420,19294
23420,19295
23420,19296
23420,19297
23420,19298
23420,19299
23420,19300
23420,19301
23420,19302
23420,19303
23421,19224
23421,19225
23421,19226
23421,19227
23421,19228
23421,19229
23421,19230
23421,19231
23421,19232
23421,19233
23421,19234
23421,19235
23421,19236
23421,19237
23421,19238
23421,19239
23421,19240
23421,19241
23421,19242
23421,19243
23421,19244
23421,19245
23421,19246
23421,19247
23421,19248
23421,19249
23421,19250
23421,19251
23421,19252
23421,19253
23421,19254
23421,19255
23421,19256
23421,19257
23421,19258
23421,19259
23421,19260
23421,19261
23421,19262
23421,19263
23421,19264
23421,19265
23421,19266
23421,19267
23421,19268
23421,19269
23421,19270
23421,19271
23421,19272
23421,19273
23421,19274
23421,19275
23421,19276
23421,19277
23421,19278
23421,19279
23421,19280
23421,19281
23421,19282
23421,19283
23421,19284
23421,19285
23421,19286
23421,19287
23421,19288
23421,19289
23421,19290
23421,19291
23421,19292
23421,19293
23421,19294
23421,19295
23421,19296
23421,19297
23421,19298
23421,19299
23421,19300
23421,19301
23421,19302
23422,19223
23422,19224
23422,19225
23422,19226
23422,19227
23422,19228
23422,19229
23422,19230
23422,19231
23422,19232
23422,19233
23422,19234
23422,19235
23422,19236
23422,19237
23422,19238
23422,19239
23422,19240
23422,19241
23422,19242
23422,19243
23422,19244
23422,19245
23422,19246
23422,19247
23422,19248
23422,19249
23422,19250
23422,19251
23422,19252
23422,19253
23422,19254
23422,19255
23422,19256
23422,19257
23422,19258
23422,19259
23422,19260
23422,19261
23422,19262
23422,19263
23422,19264
23422,19265
23422,19266
23422,19267
23422,19268
23422,19269
23422,19270
23422,19271
23422,19272
23422,19273
23422,19274
23422,19275
23422,19276
23422,19277
23422,19278
23422,19279
23422,19280
23422,19281
23422,19282
23422,19283
23422,19284
23422,19285
23422,19286
23422,19287
23422,19288
23422,19289
23422,19290
23422,19291
23422,19292
23422,19293
23422,19294
23422,19295
23422,19296
23422,19297
23422,19298
23422,19299
23422,19300
23422,19301
23423,19222
23423,19223
23423,19224
23423,19225
23423,19226
23423,19227
23423,19228
23423,19229
23423,19230
23423,19231
23423,19232
23423,19233
23423,19234
23423,19235
23423,19236
23423,19237
23423,19238
23423,19239
23423,19240
23423,19241
23423,19242
23423,19243
23423,19244
23423,19245
23423,19246
23423,19247
23423,19248
23423,19249
23423,19250
23423,19251
23423,19252
23423,19253
23423,19254
23423,19255
23423,19256
23423,19257
23423,19258
23423,19259
23423,19260
23423,19261
23423,19262
23423,19263
23423,19264
23423,19265
23423,19266
23423,19267
23423,19268
23423,19269
23423,19270
23423,19271
23423,19272
23423,19273
23423,19274
23423,19275
23423,19276
23423,19277
23423,19278
23423,19279
23423,19280
23423,19281
23423,19282
23423,19283
23423,19284
23423,19285
23423,19286
23423,19287
23423,19288
23423,19289
23423,19290
23423,19291
23423,19292
23423,19293
23423,19294
23423,19295
23423,19296
23423,19297
23423,19298
23423,19299
23423,19300
23423,19301
23424,19221
23424,19222
23424,19223
23424,19224
23424,19225
23424,19226
23424,19227
23424,19228
23424,19229
23424,19230
23424,19231
23424,19232
23424,19233
23424,19234
23424,19235
23424,19236
23424,19237
23424,19238
23424,19239
23424,19240
23424,19241
23424,19242
23424,19243
23424,19244
23424,19245
23424,19246
23424,19247
23424,19248
23424,19249
23424,19250
23424,19251
23424,19252
23424,19253
23424,19254
23424,19255
23424,19256
23424,19257
23424,19258
23424,19259
23424,19260
23424,19261
23424,19262
23424,19263
23424,19264
23424,19265
23424,19266
23424,19267
23424,19268
23424,19269
23424,19270
23424,19271
23424,19272
23424,19273
23424,19274
23424,19275
23424,19276
23424,19277
23424,19278
23424,19279
23424,19280
23424,19281
23424,19282
23424,19283
23424,19284
23424,19285
23424,19286
23424,19287
23424,19288
23424,19289
23424,19290
23424,19291
23424,19292
23424,19293
23424,19294
23424,19295
23424,19296
23424,19297
23424,19298
23424,19299
23424,19300
23425,19220
23425,19221
23425,19222
23425,19223
23425,19224
23425,19225
23425,19226
23425,19227
23425,19228
23425,19229
23425,19230
23425,19231
23425,19232
23425,19233
23425,19234
23425,19235
23425,19236
23425,19237
23425,19238
23425,19239
23425,19240
23425,19241
23425,19242
23425,19243
23425,19244
23425,19245
23425,19246
23425,19247
23425,19248
23425,19249
23425,19250
23425,19251
23425,19252
23425,19253
23425,19254
23425,19255
23425,19256
23425,19257
23425,19258
23425,19259
23425,19260
23425,19261
23425,19262
23425,19263
23425,19264
23425,19265
23425,19266
23425,19267
23425,19268
23425,19269
23425,19270
23425,19271
23425,19272
23425,19273
23425,19274
23425,19275
23425,19276
23425,19277
23425,19278
23425,19279
23425,19280
23425,19281
23425,19282
23425,19283
23425,19284
23425,19285
23425,19286
23425,19287
23425,19288
23425,19289
23425,19290
23425,19291
23425,19292
23425,19293
23425,19294
23425,19295
23425,19296
23425,19297
23425,19298
23425,19299
23426,19219
23426,19220
23426,19221
23426,19222
23426,19223
23426,19224
23426,19225
23426,19226
23426,19227
23426,19228
23426,19229
23426,19230
23426,19231
23426,19232
23426,19233
23426,19234
23426,19235
23426,19236
23426,19237
23426,19238
23426,19239
23426,19240
23426,19241
23426,19242
23426,19243
23426,19244
23426,19245
23426,19246
23426,19247
23426,19248
23426,19249
23426,19250
23426,19251
23426,19252
23426,19253
23426,19254
23426,19255
23426,19256
23426,19257
23426,19258
23426,19259
23426,19260
23426,19261
23426,19262
23426,19263
23426,19264
23426,19265
23426,19266
23426,19267
23426,19268
23426,19269
23426,19270
23426,19271
23426,19272
23426,19273
23426,19274
23426,19275
23426,19276
23426,19277
23426,19278
23426,19279
23426,19280
23426,19281
23426,19282
23426,19283
23426,19284
23426,19285
23426,19286
23426,19287
23426,19288
23426,19289
23426,19290
23426,19291
23426,19292
23426,19293
23426,19294
23426,19295
23426,19296
23426,19297
23427,19219
23427,19220
23427,19221
23427,19222
23427,19223
23427,19224
23427,19225
23427,19226
23427,19227
23427,19228
23427,19229
23427,19230
23427,19231
23427,19232
23427,19233
23427,19234
23427,19235
23427,19236
23427,19237
23427,19238
23427,19239
23427,19240
23427,19241
23427,19242
23427,19243
23427,19244
23427,19245
23427,19246
23427,19247
23427,19248
23427,19249
23427,19250
23427,19251
23427,19252
23427,19253
23427,19254
23427,19255
23427,19256
23427,19257
23427,19258
23427,19259
23427,19260
23427,19261
23427,19262
23427,19263
23427,19264
23427,19265
23427,19266
23427,19267
23427,19268
23427,19269
23427,19270
23427,19271
23427,19272
23427,19273
23427,19274
23427,19275
23427,19276
23427,19277
23427,19278
23427,19279
23427,19280
23427,19281
23427,19282
23427,19283
23427,19284
23427,19285
23427,19286
23427,19287
23427,19288
23427,19289
23427,19290
23427,19291
23427,19292
23427,19293
23427,19294
23427,19295
23427,19296
23428,19219
23428,19220
23428,19221
23428,19222
23428,19223
23428,19224
23428,19225
23428,19226
23428,19227
23428,19228
23428,19229
23428,19230
23428,19231
23428,19232
23428,19233
23428,19234
23428,19235
23428,19236
23428,19237
23428,19238
23428,19239
23428,19240
23428,19241
23428,19242
23428,19243
23428,19244
23428,19245
23428,19246
23428,19247
23428,19248
23428,19249
23428,19250
23428,19251
23428,19252
23428,19253
23428,19254
23428,19255
23428,19256
23428,19257
23428,19258
23428,19259
23428,19260
23428,19261
23428,19262
23428,19263
23428,19264
23428,19265
23428,19266
23428,19267
23428,19268
23428,19269
23428,19270
23428,19271
23428,19272
23428,19273
23428,19274
23428,19275
23428,19276
23428,19277
23428,19278
23428,19279
23428,19280
23428,19281
23428,19282
23428,19283
23428,19284
23428,19285
23428,19286
23428,19287
23428,19288
23428,19289
23428,19290
23428,19291
23428,19292
23428,19293
23428,19294
23428,19295
23428,19296
23429,19218
23429,19219
23429,19220
23429,19221
23429,19222
23429,19223
23429,19224
23429,19225
23429,19226
23429,19227
23429,19228
23429,19229
23429,19230
23429,19231
23429,19232
23429,19233
23429,19234
23429,19235
23429,19236
23429,19237
23429,19238
23429,19239
23429,19240
23429,19241
23429,19242
23429,19243
23429,19244
23429,19245
23429,19246
23429,19247
23429,19248
23429,19249
23429,19250
23429,19251
23429,19252
23429,19253
23429,19254
23429,19255
23429,19256
23429,19257
23429,19258
23429,19259
23429,19260
23429,19261
23429,19262
23429,19263
23429,19264
23429,19265
23429,19266
23429,19267
23429,19268
23429,19269
23429,19270
23429,19271
23429,19272
23429,19273
23429,19274
23429,19275
23429,19276
23429,19277
23429,19278
23429,19279
23429,19280
23429,19281
23429,19282
23429,19283
23429,19284
23429,19285
23429,19286
23429,19287
23429,19288
23429,19289
23429,19290
23429,19291
23429,19292
23429,19293
23429,19294
23429,19295
23429,19296
23429,19297
23430,19218
23430,19219
23430,19220
23430,19221
23430,19222
23430,19223
23430,19224
23430,19225
23430,19226
23430,19227
23430,19228
23430,19229
23430,19230
23430,19231
23430,19232
23430,19233
23430,19234
23430,19235
23430,19236
23430,19237
23430,19238
23430,19239
23430,19240
23430,19241
23430,19242
23430,19243
23430,19244
23430,19245
23430,19246
23430,19247
23430,19248
23430,19249
23430,19250
23430,19251
23430,19252
23430,19253
23430,19254
23430,19255
23430,19256
23430,19257
23430,19258
23430,19259
23430,19260
23430,19261
23430,19262
23430,19263
23430,19264
23430,19265
23430,19266
23430,19267
23430,19268
23430,19269
23430,19270
23430,19271
23430,19272
23430,19273
23430,19274
23430,19275
23430,19276
23430,19277
23430,19278
23430,19279
23430,19280
23430,19281
23430,19282
23430,19283
23430,19284
23430,19285
23430,19286
23430,19287
23430,19288
23430,19289
23430,19290
23430,19291
23430,19292
23430,19293
23430,19294
23430,19295
23430,19296
23430,19297
23431,19218
23431,19219
23431,19220
23431,19221
23431,19222
23431,19223
23431,19224
23431,19225
23431,19226
23431,19227
23431,19228
23431,19229
23431,19230
23431,19231
23431,19232
23431,19233
23431,19234
23431,19235
23431,19236
23431,19237
23431,19238
23431,19239
23431,19240
23431,19241
23431,19242
23431,19243
23431,19244
23431,19245
23431,19246
23431,19247
23431,19248
23431,19249
23431,19250
23431,19251
23431,19252
23431,19253
23431,19254
23431,19255
23431,19256
23431,19257
23431,19258
23431,19259
23431,19260
23431,19261
23431,19262
23431,19263
23431,19264
23431,19265
23431,19266
23431,19267
23431,19268
23431,19269
23431,19270
23431,19271
23431,19272
23431,19273
23431,19274
23431,19275
23431,19276
23431,19277
23431,19278
23431,19279
23431,19280
23431,19281
23431,19282
23431,19283
23431,19284
23431,19285
23431,19286
23431,19287
23431,19288
23431,19289
23431,19290
23431,19291
23431,19292
23431,19293
23431,19294
23431,19295
23431,19296
23431,19297
23432,19219
23432,19220
23432,19221
23432,19222
23432,19223
23432,19224
23432,19225
23432,19226
23432,19227
23432,19228
23432,19229
23432,19230
23432,19231
23432,19232
23432,19233
23432,19234
23432,19235
23432,19236
23432,19237
23432,19238
23432,19239
23432,19240
23432,19241
23432,19242
23432,19243
23432,19244
23432,19245
23432,19246
23432,19247
23432,19248
23432,19249
23432,19250
23432,19251
23432,19252
23432,19253
23432,19254
23432,19255
23432,19256
23432,19257
23432,19258
23432,19259
23432,19260
23432,19261
23432,19262
23432,19263
23432,19264
23432,19265
23432,19266
23432,19267
23432,19268
23432,19269
23432,19270
23432,19271
23432,19272
23432,19273
23432,19274
23432,19275
23432,19276
23432,19277
23432,19278
23432,19279
23432,19280
23432,19281
23432,19282
23432,19283
23432,19284
23432,19285
23432,19286
23432,19287
23432,19288
23432,19289
23432,19290
23432,19291
23432,19292
23432,19293
23432,19294
23432,19295
23432,19296
23433,19219
23433,19220
23433,19221
23433,19222
23433,19223
23433,19224
23433,19225
23433,19226
23433,19227
23433,19228
23433,19229
23433,19230
23433,19231
23433,19232
23433,19233
23433,19234
23433,19235
23433,19236
23433,19237
23433,19238
23433,19239
23433,19240
23433,19241
23433,19242
23433,19243
23433,19244
23433,19245
23433,19246
23433,19247
23433,19248
23433,19249
23433,19250
23433,19251
23433,19252
23433,19253
23433,19254
23433,19255
23433,19256
23433,19257
23433,19258
23433,19259
23433,19260
23433,19261
23433,19262
23433,19263
23433,19264
23433,19265
23433,19266
23433,19267
23433,19268
23433,19269
23433,19270
23433,19271
23433,19272
23433,19273
23433,19274
23433,19275
23433,19276
23433,19277
23433,19278
23433,19279
23433,19280
23433,19281
23433,19282
23433,19283
23433,19284
23433,19285
23433,19286
23433,19287
23433,19288
23433,19289
23433,19290
23433,19291
23433,19292
23433,19293
23433,19294
23433,19295
23433,19296
23434,19219
23434,19220
23434,19221
23434,19222
23434,19223
23434,19224
23434,19225
23434,19226
23434,19227
23434,19228
23434,19229
23434,19230
23434,19231
23434,19232
23434,19233
23434,19234
23434,19235
23434,19236
23434,19237
23434,19238
23434,19239
23434,19240
23434,19241
23434,19242
23434,19243
23434,19244
23434,19245
23434,19246
23434,19247
23434,19248
23434,19249
23434,19250
23434,19251
23434,19252
23434,19253
23434,19254
23434,19255
23434,19256
23434,19257
23434,19258
23434,19259
23434,19260
23434,19261
23434,19262
23434,19263
23434,19264
23434,19265
23434,19266
23434,19267
23434,19268
23434,19269
23434,19270
23434,19271
23434,19272
23434,19273
23434,19274
23434,19275
23434,19276
23434,19277
23434,19278
23434,19279
23434,19280
23434,19281
23434,19282
23434,19283
23434,19284
23434,19285
23434,19286
23434,19287
23434,19288
23434,19289
23434,19290
23434,19291
23434,19292
23434,19293
23434,19294
23434,19295
23434,19296
23435,19219
23435,19220
23435,19221
23435,19222
23435,19223
23435,19224
23435,19225
23435,19226
23435,19227
23435,19228
23435,19229
23435,19230
23435,19231
23435,19232
23435,19233
23435,19234
23435,19235
23435,19236
23435,19237
23435,19238
23435,19239
23435,19240
23435,19241
23435,19242
23435,19243
23435,19244
23435,19245
23435,19246
23435,19247
23435,19248
23435,19249
23435,19250
23435,19251
23435,19252
23435,19253
23435,19254
23435,19255
23435,19256
23435,19257
23435,19258
23435,19259
23435,19260
23435,19261
23435,19262
23435,19263
23435,19264
23435,19265
23435,19266
23435,19267
23435,19268
23435,19269
23435,19270
23435,19271
23435,19272
23435,19273
23435,19274
23435,19275
23435,19276
23435,19277
23435,19278
23435,19279
23435,19280
23435,19281
23435,19282
23435,19283
23435,19284
23435,19285
23435,19286
23435,19287
23435,19288
23435,19289
23435,19290
23435,19291
23435,19292
23435,19293
23435,19294
23435,19295
23436,19220
23436,19221
23436,19222
23436,19223
23436,19224
23436,19225
23436,19226
23436,19227
23436,19228
23436,19229
23436,19230
23436,19231
23436,19232
23436,19233
23436,19234
23436,19235
23436,19236
23436,19237
23436,19238
23436,19239
23436,19240
23436,19241
23436,19242
23436,19243
23436,19244
23436,19245
23436,19246
23436,19247
23436,19248
23436,19249
23436,19250
23436,19251
23436,19252
23436,19253
23436,19254
23436,19255
23436,19256
23436,19257
23436,19258
23436,19259
23436,19260
23436,19261
23436,19262
23436,19263
23436,19264
23436,19265
23436,19266
23436,19267
23436,19268
23436,19269
23436,19270
23436,19271
23436,19272
23436,19273
23436,19274
23436,19275
23436,19276
23436,19277
23436,19278
23436,19279
23436,19280
23436,19281
23436,19282
23436,19283
23436,19284
23436,19285
23436,19286
23436,19287
23436,19288
23436,19289
23436,19290
23436,19291
23436,19292
23436,19293
23436,19294
23437,19219
23437,19220
23437,19221
23437,19222
23437,19223
23437,19224
23437,19225
23437,19226
23437,19227
23437,19228
23437,19229
23437,19230
23437,19231
23437,19232
23437,19233
23437,19234
23437,19235
23437,19236
23437,19237
23437,19238
23437,19239
23437,19240
23437,19241
23437,19242
23437,19243
23437,19244
23437,19245
23437,19246
23437,19247
23437,19248
23437,19249
23437,19250
23437,19251
23437,19252
23437,19253
23437,19254
23437,19255
23437,19256
23437,19257
23437,19258
23437,19259
23437,19260
23437,19261
23437,19262
23437,19263
23437,19264
23437,19265
23437,19266
23437,19267
23437,19268
23437,19269
23437,19270
23437,19271
23437,19272
23437,19273
23437,19274
23437,19275
23437,19276
23437,19277
23437,19278
23437,19279
23437,19280
23437,19281
23437,19282
23437,19283
23437,19284
23437,19285
23437,19286
23437,19287
23437,19288
23437,19289
23437,19290
23437,19291
23437,19292
23437,19293
23437,19294
23438,19218
23438,19219
23438,19220
23438,19221
23438,19222
23438,19223
23438,19224
23438,19225
23438,19226
23438,19227
23438,19228
23438,19229
23438,19230
23438,19231
23438,19232
23438,19233
23438,19234
23438,19235
23438,19236
23438,19237
23438,19238
23438,19239
23438,19240
23438,19241
23438,19242
23438,19243
23438,19244
23438,19245
23438,19246
23438,19247
23438,19248
23438,19249
23438,19250
23438,19251
23438,19252
23438,19253
23438,19254
23438,19255
23438,19256
23438,19257
23438,19258
23438,19259
23438,19260
23438,19261
23438,19262
23438,19263
23438,19264
23438,19265
23438,19266
23438,19267
23438,19268
23438,19269
23438,19270
23438,19271
23438,19272
23438,19273
23438,19274
23438,19275
23438,19276
23438,19277
23438,19278
23438,19279
23438,19280
23438,19281
23438,19282
23438,19283
23438,19284
23438,19285
23438,19286
23438,19287
23438,19288
23438,19289
23438,19290
23438,19291
23438,19292
23438,19293
23439,19218
23439,19219
23439,19220
23439,19221
23439,19222
23439,19223
23439,19224
23439,19225
23439,19226
23439,19227
23439,19228
23439,19229
23439,19230
23439,19231
23439,19232
23439,19233
23439,19234
23439,19235
23439,19236
23439,19237
23439,19238
23439,19239
23439,19240
23439,19241
23439,19242
23439,19243
23439,19244
23439,19245
23439,19246
23439,19247
23439,19248
23439,19249
23439,19250
23439,19251
23439,19252
23439,19253
23439,19254
23439,19255
23439,19256
23439,19257
23439,19258
23439,19259
23439,19260
23439,19261
23439,19262
23439,19263
23439,19264
23439,19265
23439,19266
23439,19267
23439,19268
23439,19269
23439,19270
23439,19271
23439,19272
23439,19273
23439,19274
23439,19275
23439,19276
23439,19277
23439,19278
23439,19279
23439,19280
23439,19281
23439,19282
23439,19283
23439,19284
23439,19285
23439,19286
23439,19287
23439,19288
23439,19289
23439,19290
23439,19291
23439,19292
23440,19218
23440,19219
23440,19220
23440,19221
23440,19222
23440,19223
23440,19224
23440,19225
23440,19226
23440,19227
23440,19228
23440,19229
23440,19230
23440,19231
23440,19232
23440,19233
23440,19234
23440,19235
23440,19236
23440,19237
23440,19238
23440,19239
23440,19240
23440,19241
23440,19242
23440,19243
23440,19244
23440,19245
23440,19246
23440,19247
23440,19248
23440,19249
23440,19250
23440,19251
23440,19252
23440,19253
23440,19254
23440,19255
23440,19256
23440,19257
23440,19258
23440,19259
23440,19260
23440,19261
23440,19262
23440,19263
23440,19264
23440,19265
23440,19266
23440,19267
23440,19268
23440,19269
23440,19270
23440,19271
23440,19272
23440,19273
23440,19274
23440,19275
23440,19276
23440,19277
23440,19278
23440,19279
23440,19280
23440,19281
23440,19282
23440,19283
23440,19284
23440,19285
23440,19286
23440,19287
23440,19288
23440,19289
23440,19290
23440,19291
23440,19292
23441,19217
23441,19218
23441,19219
23441,19220
23441,19221
23441,19222
23441,19223
23441,19224
23441,19225
23441,19226
23441,19227
23441,19228
23441,19229
23441,19230
23441,19231
23441,19232
23441,19233
23441,19234
23441,19235
23441,19236
23441,19237
23441,19238
23441,19239
23441,19240
23441,19241
23441,19242
23441,19243
23441,19244
23441,19245
23441,19246
23441,19247
23441,19248
23441,19249
23441,19250
23441,19251
23441,19252
23441,19253
23441,19254
23441,19255
23441,19256
23441,19257
23441,19258
23441,19259
23441,19260
23441,19261
23441,19262
23441,19263
23441,19264
23441,19265
23441,19266
23441,19267
23441,19268
23441,19269
23441,19270
23441,19271
23441,19272
23441,19273
23441,19274
23441,19275
23441,19276
23441,19277
23441,19278
23441,19279
23441,19280
23441,19281
23441,19282
23441,19283
23441,19284
23441,19285
23441,19286
23441,19287
23441,19288
23441,19289
23441,19290
23441,19291
23441,19292
23442,19218
23442,19219
23442,19220
23442,19221
23442,19222
23442,19223
23442,19224
23442,19225
23442,19226
23442,19227
23442,19228
23442,19229
23442,19230
23442,19231
23442,19232
23442,19233
23442,19234
23442,19235
23442,19236
23442,19237
23442,19238
23442,19239
23442,19240
23442,19241
23442,19242
23442,19243
23442,19244
23442,19245
23442,19246
23442,19247
23442,19248
23442,19249
23442,19250
23442,19251
23442,19252
23442,19253
23442,19254
23442,19255
23442,19256
23442,19257
23442,19258
23442,19259
23442,19260
23442,19261
23442,19262
23442,19263
23442,19264
23442,19265
23442,19266
23442,19267
23442,19268
23442,19269
23442,19270
23442,19271
23442,19272
23442,19273
23442,19274
23442,19275
23442,19276
23442,19277
23442,19278
23442,19279
23442,19280
23442,19281
23442,19282
23442,19283
23442,19284
23442,19285
23442,19286
23442,19287
23442,19288
23442,19289
23442,19290
23442,19291
23442,19292
23443,19218
23443,19219
23443,19220
23443,19221
23443,19222
23443,19223
23443,19224
23443,19225
23443,19226
23443,19227
23443,19228
23443,19229
23443,19230
23443,19231
23443,19232
23443,19233
23443,19234
23443,19235
23443,19236
23443,19237
23443,19238
23443,19239
23443,19240
23443,19241
23443,19242
23443,19243
23443,19244
23443,19245
23443,19246
23443,19247
23443,19248
23443,19249
23443,19250
23443,19251
23443,19252
23443,19253
23443,19254
23443,19255
23443,19256
23443,19257
23443,19258
23443,19259
23443,19260
23443,19261
23443,19262
23443,19263
23443,19264
23443,19265
23443,19266
23443,19267
23443,19268
23443,19269
23443,19270
23443,19271
23443,19272
23443,19273
23443,19274
23443,19275
23443,19276
23443,19277
23443,19278
23443,19279
23443,19280
23443,19281
23443,19282
23443,19283
23443,19284
23443,19285
23443,19286
23443,19287
23443,19288
23443,19289
23443,19290
23443,19291
23443,19292
23443,19293
23444,19218
23444,19219
23444,19220
23444,19221
23444,19222
23444,19223
23444,19224
23444,19225
23444,19226
23444,19227
23444,19228
23444,19229
23444,19230
23444,19231
23444,19232
23444,19233
23444,19234
23444,19235
23444,19236
23444,19237
23444,19238
23444,19239
23444,19240
23444,19241
23444,19242
23444,19243
23444,19244
23444,19245
23444,19246
23444,19247
23444,19248
23444,19249
23444,19250
23444,19251
23444,19252
23444,19253
23444,19254
23444,19255
23444,19256
23444,19257
23444,19258
23444,19259
23444,19260
23444,19261
23444,19262
23444,19263
23444,19264
23444,19265
23444,19266
23444,19267
23444,19268
23444,19269
23444,19270
23444,19271
23444,19272
23444,19273
23444,19274
23444,19275
23444,19276
23444,19277
23444,19278
23444,19279
23444,19280
23444,19281
23444,19282
23444,19283
23444,19284
23444,19285
23444,19286
23444,19287
23444,19288
23444,19289
23444,19290
23444,19291
23444,19292
23444,19293
23445,19219
23445,19220
23445,19221
23445,19222
23445,19223
23445,19224
23445,19225
23445,19226
23445,19227
23445,19228
23445,19229
23445,19230
23445,19231
23445,19232
23445,19233
23445,19234
23445,19235
23445,19236
23445,19237
23445,19238
23445,19239
23445,19240
23445,19241
23445,19242
23445,19243
23445,19244
23445,19245
23445,19246
23445,19247
23445,19248
23445,19249
23445,19250
23445,19251
23445,19252
23445,19253
23445,19254
23445,19255
23445,19256
23445,19257
23445,19258
23445,19259
23445,19260
23445,19261
23445,19262
23445,19263
23445,19264
23445,19265
23445,19266
23445,19267
23445,19268
23445,19269
23445,19270
23445,19271
23445,19272
23445,19273
23445,19274
23445,19275
23445,19276
23445,19277
23445,19278
23445,19279
23445,19280
23445,19281
23445,19282
23445,19283
23445,19284
23445,19285
23445,19286
23445,19287
23445,19288
23445,19289
23445,19290
23445,19291
23445,19292
23445,19293
23446,19219
23446,19220
23446,19221
23446,19222
23446,19223
23446,19224
23446,19225
23446,19226
23446,19227
23446,19228
23446,19229
23446,19230
23446,19231
23446,19232
23446,19233
23446,19234
23446,19235
23446,19236
23446,19237
23446,19238
23446,19239
23446,19240
23446,19241
23446,19242
23446,19243
23446,19244
23446,19245
23446,19246
23446,19247
23446,19248
23446,19249
23446,19250
23446,19251
23446,19252
23446,19253
23446,19254
23446,19255
23446,19256
23446,19257
23446,19258
23446,19259
23446,19260
23446,19261
23446,19262
23446,19263
23446,19264
23446,19265
23446,19266
23446,19267
23446,19268
23446,19269
23446,19270
23446,19271
23446,19272
23446,19273
23446,19274
23446,19275
23446,19276
23446,19277
23446,19278
23446,19279
23446,19280
23446,19281
23446,19282
23446,19283
23446,19284
23446,19285
23446,19286
23446,19287
23446,19288
23446,19289
23446,19290
23446,19291
23446,19292
23446,19293
23447,19207
23447,19219
23447,19220
23447,19221
23447,19222
23447,19223
23447,19224
23447,19225
23447,19226
23447,19227
23447,19228
23447,19229
23447,19230
23447,19231
23447,19232
23447,19233
23447,19234
23447,19235
23447,19236
23447,19237
23447,19238
23447,19239
23447,19240
23447,19241
23447,19242
23447,19243
23447,19244
23447,19245
23447,19246
23447,19247
23447,19248
23447,19249
23447,19250
23447,19251
23447,19252
23447,19253
23447,19254
23447,19255
23447,19256
23447,19257
23447,19258
23447,19259
23447,19260
23447,19261
23447,19262
23447,19263
23447,19264
23447,19265
23447,19266
23447,19267
23447,19268
23447,19269
23447,19270
23447,19271
23447,19272
23447,19273
23447,19274
23447,19275
23447,19276
23447,19277
23447,19278
23447,19279
23447,19280
23447,19281
23447,19282
23447,19283
23447,19284
23447,19285
23447,19286
23447,19287
23447,19288
23447,19289
23447,19290
23447,19291
23447,19292
23448,19205
23448,19206
23448,19207
23448,19208
23448,19209
23448,19219
23448,19220
23448,19221
23448,19222
23448,19223
23448,19224
23448,19225
23448,19226
23448,19227
23448,19228
23448,19229
23448,19230
23448,19231
23448,19232
23448,19233
23448,19234
23448,19235
23448,19236
23448,19237
23448,19238
23448,19239
23448,19240
23448,19241
23448,19242
23448,19243
23448,19244
23448,19245
23448,19246
23448,19247
23448,19248
23448,19249
23448,19250
23448,19251
23448,19252
23448,19253
23448,19254
23448,19255
23448,19256
23448,19257
23448,19258
23448,19259
23448,19260
23448,19261
23448,19262
23448,19263
23448,19264
23448,19265
23448,19266
23448,19267
23448,19268
23448,19269
23448,19270
23448,19271
23448,19272
23448,19273
23448,19274
23448,19275
23448,19276
23448,19277
23448,19278
23448,19279
23448,19280
23448,19281
23448,19282
23448,19283
23448,19284
23448,19285
23448,19286
23448,19287
23448,19288
23448,19289
23448,19290
23448,19291
23448,19292
23449,19204
23449,19205
23449,19206
23449,19207
23449,19208
23449,19209
23449,19210
23449,19219
23449,19220
23449,19221
23449,19222
23449,19223
23449,19224
23449,19225
23449,19226
23449,19227
23449,19228
23449,19229
23449,19230
23449,19231
23449,19232
23449,19233
23449,19234
23449,19235
23449,19236
23449,19237
23449,19238
23449,19239
23449,19240
23449,19241
23449,19242
23449,19243
23449,19244
23449,19245
23449,19246
23449,19247
23449,19248
23449,19249
23449,19250
23449,19251
23449,19252
23449,19253
23449,19254
23449,19255
23449,19256
23449,19257
23449,19258
23449,19259
23449,19260
23449,19261
23449,19262
23449,19263
23449,19264
23449,19265
23449,19266
23449,19267
23449,19268
23449,19269
23449,19270
23449,19271
23449,19272
23449,19273
23449,19274
23449,19275
23449,19276
23449,19277
23449,19278
23449,19279
23449,19280
23449,19281
23449,19282
23449,19283
23449,19284
23449,19285
23449,19286
23449,19287
23449,19288
23449,19289
23449,19290
23449,19291
23449,19292
23450,19203
23450,19204
23450,19205
23450,19206
23450,19207
23450,19208
23450,19209
23450,19210
23450,19211
23450,19218
23450,19219
23450,19220
23450,19221
23450,19222
23450,19223
23450,19224
23450,19225
23450,19226
23450,19227
23450,19228
23450,19229
23450,19230
23450,19231
23450,19232
23450,19233
23450,19234
23450,19235
23450,19236
23450,19237
23450,19238
23450,19239
23450,19240
23450,19241
23450,19242
23450,19243
23450,19244
23450,19245
23450,19246
23450,19247
23450,19248
23450,19249
23450,19250
23450,19251
23450,19252
23450,19253
23450,19254
23450,19255
23450,19256
23450,19257
23450,19258
23450,19259
23450,19260
23450,19261
23450,19262
23450,19263
23450,19264
23450,19265
23450,19266
23450,19267
23450,19268
23450,19269
23450,19270
23450,19271
23450,19272
23450,19273
23450,19274
23450,19275
23450,19276
23450,19277
23450,19278
23450,19279
23450,19280
23450,19281
23450,19282
23450,19283
23450,19284
23450,19285
23450,19286
23450,19287
23450,19288
23450,19289
23450,19290
23450,19291
23451,19203
23451,19204
23451,19205
23451,19206
23451,19207
23451,19208
23451,19209
23451,19210
23451,19211
23451,19216
23451,19219
23451,19220
23451,19221
23451,19222
23451,19223
23451,19224
23451,19225
23451,19226
23451,19227
23451,19228
23451,19229
23451,19230
23451,19231
23451,19232
23451,19233
23451,19234
23451,19235
23451,19236
23451,19237
23451,19238
23451,19239
23451,19240
23451,19241
23451,19242
23451,19243
23451,19244
23451,19245
23451,19246
23451,19247
23451,19248
23451,19249
23451,19250
23451,19251
23451,19252
23451,19253
23451,19254
23451,19255
23451,19256
23451,19257
23451,19258
23451,19259
23451,19260
23451,19261
23451,19262
23451,19263
23451,19264
23451,19265
23451,19266
23451,19267
23451,19268
23451,19269
23451,19270
23451,19271
23451,19272
23451,19273
23451,19274
23451,19275
23451,19276
23451,19277
23451,19278
23451,19279
23451,19280
23451,19281
23451,19282
23451,19283
23451,19284
23451,19285
23451,19286
23451,19287
23451,19288
23451,19289
23451,19290
23452,19202
23452,19203
23452,19204
23452,19205
23452,19206
23452,19207
23452,19208
23452,19209
23452,19210
23452,19211
23452,19212
23452,19213
23452,19214
23452,19215
23452,19216
23452,19217
23452,19218
23452,19219
23452,19220
23452,19221
23452,19222
23452,19223
23452,19224
23452,19225
23452,19226
23452,19227
23452,19228
23452,19229
23452,19230
23452,19231
23452,19232
23452,19233
23452,19234
23452,19235
23452,19236
23452,19237
23452,19238
23452,19239
23452,19240
23452,19241
23452,19242
23452,19243
23452,19244
23452,19245
23452,19246
23452,19247
23452,19248
23452,19249
23452,19250
23452,19251
23452,19252
23452,19253
23452,19254
23452,19255
23452,19256
23452,19257
23452,19258
23452,19259
23452,19260
23452,19261
23452,19262
23452,19263
23452,19264
23452,19265
23452,19266
23452,19267
23452,19268
23452,19269
23452,19270
23452,19271
23452,19272
23452,19273
23452,19274
23452,19275
23452,19276
23452,19277
23452,19278
23452,19279
23452,19280
23452,19281
23452,19282
23452,19283
23452,19284
23452,19285
23452,19286
23452,19287
23452,19288
23452,19289
23453,19203
23453,19204
23453,19205
23453,19206
23453,19207
23453,19208
23453,19209
23453,19210
23453,19211
23453,19212
23453,19213
23453,19214
23453,19215
23453,19216
23453,19217
23453,19218
23453,19219
23453,19220
23453,19221
23453,19222
23453,19223
23453,19224
23453,19225
23453,19226
23453,19227
23453,19228
23453,19229
23453,19230
23453,19231
23453,19232
23453,19233
23453,19234
23453,19235
23453,19236
23453,19237
23453,19238
23453,19239
23453,19240
23453,19241
23453,19242
23453,19243
23453,19244
23453,19245
23453,19246
23453,19247
23453,19248
23453,19249
23453,19250
23453,19251
23453,19252
23453,19253
23453,19254
23453,19255
23453,19256
23453,19257
23453,19258
23453,19259
23453,19260
23453,19261
23453,19262
23453,19263
23453,19264
23453,19265
23453,19266
23453,19267
23453,19268
23453,19269
23453,19270
23453,19271
23453,19272
23453,19273
23453,19274
23453,19275
23453,19276
23453,19277
23453,19278
23453,19279
23453,19280
23453,19281
23453,19282
23453,19283
23453,19284
23453,19285
23453,19286
23453,19287
23453,19288
23454,19203
23454,19204
23454,19205
23454,19206
23454,19207
23454,19208
23454,19209
23454,19210
23454,19211
23454,19212
23454,19213
23454,19214
23454,19215
23454,19216
23454,19217
23454,19218
23454,19219
23454,19220
23454,19221
23454,19222
23454,19223
23454,19224
23454,19225
23454,19226
23454,19227
23454,19228
23454,19229
23454,19230
23454,19231
23454,19232
23454,19233
23454,19234
23454,19235
23454,19236
23454,19237
23454,19238
23454,19239
23454,19240
23454,19241
23454,19242
23454,19243
23454,19244
23454,19245
23454,19246
23454,19247
23454,19248
23454,19249
23454,19250
23454,19251
23454,19252
23454,19253
23454,19254
23454,19255
23454,19256
23454,19257
23454,19258
23454,19259
23454,19260
23454,19261
23454,19262
23454,19263
23454,19264
23454,19265
23454,19266
23454,19267
23454,19268
23454,19269
23454,19270
23454,19271
23454,19272
23454,19273
23454,19274
23454,19275
23454,19276
23454,19277
23454,19278
23454,19279
23454,19280
23454,19281
23454,19282
23454,19283
23454,19284
23454,19285
23454,19286
23455,19203
23455,19204
23455,19205
23455,19206
23455,19207
23455,19208
23455,19209
23455,19210
23455,19211
23455,19212
23455,19213
23455,19214
23455,19215
23455,19216
23455,19217
23455,19218
23455,19219
23455,19220
23455,19221
23455,19222
23455,19223
23455,19224
23455,19225
23455,19226
23455,19227
23455,19228
23455,19229
23455,19230
23455,19231
23455,19232
23455,19233
23455,19234
23455,19235
23455,19236
23455,19237
23455,19238
23455,19239
23455,19240
23455,19241
23455,19242
23455,19243
23455,19244
23455,19245
23455,19246
23455,19247
23455,19248
23455,19249
23455,19250
23455,19251
23455,19252
23455,19253
23455,19254
23455,19255
23455,19256
23455,19257
23455,19258
23455,19259
23455,19260
23455,19261
23455,19262
23455,19263
23455,19264
23455,19265
23455,19266
23455,19267
23455,19268
23455,19269
23455,19270
23455,19271
23455,19272
23455,19273
23455,19274
23455,19275
23455,19276
23455,19277
23455,19278
23455,19279
23455,19280
23455,19281
23455,19282
23455,19283
23455,19284
23455,19285
23456,19204
23456,19205
23456,19206
23456,19207
23456,19208
23456,19209
23456,19210
23456,19211
23456,19212
23456,19213
23456,19214
23456,19215
23456,19216
23456,19217
23456,19218
23456,19219
23456,19220
23456,19221
23456,19222
23456,19223
23456,19224
23456,19225
23456,19226
23456,19227
23456,19228
23456,19229
23456,19230
23456,19231
23456,19232
23456,19233
23456,19234
23456,19235
23456,19236
23456,19237
23456,19238
23456,19239
23456,19240
23456,19241
23456,19242
23456,19243
23456,19244
23456,19245
23456,19246
23456,19247
23456,19248
23456,19249
23456,19250
23456,19251
23456,19252
23456,19253
23456,19254
23456,19255
23456,19256
23456,19257
23456,19258
23456,19259
23456,19260
23456,19261
23456,19262
23456,19263
23456,19264
23456,19265
23456,19266
23456,19267
23456,19268
23456,19269
23456,19270
23456,19271
23456,19272
23456,19273
23456,19274
23456,19275
23456,19276
23456,19277
23456,19278
23456,19279
23456,19280
23456,19281
23456,19282
23456,19283
23456,19284
23456,19285
23457,19204
23457,19205
23457,19206
23457,19207
23457,19208
23457,19209
23457,19210
23457,19211
23457,19212
23457,19213
23457,19214
23457,19215
23457,19216
23457,19217
23457,19218
23457,19219
23457,19220
23457,19221
23457,19222
23457,19223
23457,19224
23457,19225
23457,19226
23457,19227
23457,19228
23457,19229
23457,19230
23457,19231
23457,19232
23457,19233
23457,19234
23457,19235
23457,19236
23457,19237
23457,19238
23457,19239
23457,19240
23457,19241
23457,19242
23457,19243
23457,19244
23457,19245
23457,19246
23457,19247
23457,19248
23457,19249
23457,19250
23457,19251
23457,19252
23457,19253
23457,19254
23457,19255
23457,19256
23457,19257
23457,19258
23457,19259
23457,19260
23457,19261
23457,19262
23457,19263
23457,19264
23457,19265
23457,19266
23457,19267
23457,19268
23457,19269
23457,19270
23457,19271
23457,19272
23457,19273
23457,19274
23457,19275
23457,19276
23457,19277
23457,19278
23457,19279
23457,19280
23457,19281
23457,19282
23457,19283
23457,19284
23457,19285
23457,19286
23458,19204
23458,19205
23458,19206
23458,19207
23458,19208
23458,19209
23458,19210
23458,19211
23458,19212
23458,19213
23458,19214
23458,19215
23458,19216
23458,19217
23458,19218
23458,19219
23458,19220
23458,19221
23458,19222
23458,19223
23458,19224
23458,19225
23458,19226
23458,19227
23458,19228
23458,19229
23458,19230
23458,19231
23458,19232
23458,19233
23458,19234
23458,19235
23458,19236
23458,19237
23458,19238
23458,19239
23458,19240
23458,19241
23458,19242
23458,19243
23458,19244
23458,19245
23458,19246
23458,19247
23458,19248
23458,19249
23458,19250
23458,19251
23458,19252
23458,19253
23458,19254
23458,19255
23458,19256
23458,19257
23458,19258
23458,19259
23458,19260
23458,19261
23458,19262
23458,19263
23458,19264
23458,19265
23458,19266
23458,19267
23458,19268
23458,19269
23458,19270
23458,19271
23458,19272
23458,19273
23458,19274
23458,19275
23458,19276
23458,19277
23458,19278
23458,19279
23458,19280
23458,19281
23458,19282
23458,19283
23458,19284
23458,19285
23458,19286
23459,19203
23459,19204
23459,19205
23459,19206
23459,19207
23459,19208
23459,19209
23459,19210
23459,19211
23459,19212
23459,19213
23459,19214
23459,19215
23459,19216
23459,19217
23459,19218
23459,19219
23459,19220
23459,19221
23459,19222
23459,19223
23459,19224
23459,19225
23459,19226
23459,19227
23459,19228
23459,19229
23459,19230
23459,19231
23459,19232
23459,19233
23459,19234
23459,19235
23459,19236
23459,19237
23459,19238
23459,19239
23459,19240
23459,19241
23459,19242
23459,19243
23459,19244
23459,19245
23459,19246
23459,19247
23459,19248
23459,19249
23459,19250
23459,19251
23459,19252
23459,19253
23459,19254
23459,19255
23459,19256
23459,19257
23459,19258
23459,19259
23459,19260
23459,19261
23459,19262
23459,19263
23459,19264
23459,19265
23459,19266
23459,19267
23459,19268
23459,19269
23459,19270
23459,19271
23459,19272
23459,19273
23459,19274
23459,19275
23459,19276
23459,19277
23459,19278
23459,19279
23459,19280
23459,19281
23459,19282
23459,19283
23459,19284
23459,19285
23459,19286
23460,19203
23460,19204
23460,19205
23460,19206
23460,19207
23460,19208
23460,19209
23460,19210
23460,19211
23460,19212
23460,19213
23460,19214
23460,19215
23460,19216
23460,19217
23460,19218
23460,19219
23460,19220
23460,19221
23460,19222
23460,19223
23460,19224
23460,19225
23460,19226
23460,19227
23460,19228
23460,19229
23460,19230
23460,19231
23460,19232
23460,19233
23460,19234
23460,19235
23460,19236
23460,19237
23460,19238
23460,19239
23460,19240
23460,19241
23460,19242
23460,19243
23460,19244
23460,19245
23460,19246
23460,19247
23460,19248
23460,19249
23460,19250
23460,19251
23460,19252
23460,19253
23460,19254
23460,19255
23460,19256
23460,19257
23460,19258
23460,19259
23460,19260
23460,19261
23460,19262
23460,19263
23460,19264
23460,19265
23460,19266
23460,19267
23460,19268
23460,19269
23460,19270
23460,19271
23460,19272
23460,19273
23460,19274
23460,19275
23460,19276
23460,19277
23460,19278
23460,19279
23460,19280
23460,19281
23460,19282
23460,19283
23460,19284
23460,19285
23460,19286
23460,19287
23461,19199
23461,19201
23461,19202
23461,19203
23461,19204
23461,19205
23461,19206
23461,19207
23461,19208
23461,19209
23461,19210
23461,19211
23461,19212
23461,19213
23461,19214
23461,19215
23461,19216
23461,19217
23461,19218
23461,19219
23461,19220
23461,19221
23461,19222
23461,19223
23461,19224
23461,19225
23461,19226
23461,19227
23461,19228
23461,19229
23461,19230
23461,19231
23461,19232
23461,19233
23461,19234
23461,19235
23461,19236
23461,19237
23461,19238
23461,19239
23461,19240
23461,19241
23461,19242
23461,19243
23461,19244
23461,19245
23461,19246
23461,19247
23461,19248
23461,19249
23461,19250
23461,19251
23461,19252
23461,19253
23461,19254
23461,19255
23461,19256
23461,19257
23461,19258
23461,19259
23461,19260
23461,19261
23461,19262
23461,19263
23461,19264
23461,19265
23461,19266
23461,19267
23461,19268
23461,19269
23461,19270
23461,19271
23461,19272
23461,19273
23461,19274
23461,19275
23461,19276
23461,19277
23461,19278
23461,19279
23461,19280
23461,19281
23461,19282
23461,19283
23461,19284
23461,19285
23461,19286
23461,19287
23462,19197
23462,19198
23462,19199
23462,19200
23462,19201
23462,19202
23462,19203
23462,19204
23462,19205
23462,19206
23462,19207
23462,19208
23462,19209
23462,19210
23462,19211
23462,19212
23462,19213
23462,19214
23462,19215
23462,19216
23462,19217
23462,19218
23462,19219
23462,19220
23462,19221
23462,19222
23462,19223
23462,19224
23462,19225
23462,19226
23462,19227
23462,19228
23462,19229
23462,19230
23462,19231
23462,19232
23462,19233
23462,19234
23462,19235
23462,19236
23462,19237
23462,19238
23462,19239
23462,19240
23462,19241
23462,19242
23462,19243
23462,19244
23462,19245
23462,19246
23462,19247
23462,19248
23462,19249
23462,19250
23462,19251
23462,19252
23462,19253
23462,19254
23462,19255
23462,19256
23462,19257
23462,19258
23462,19259
23462,19260
23462,19261
23462,19262
23462,19263
23462,19264
23462,19265
23462,19266
23462,19267
23462,19268
23462,19269
23462,19270
23462,19271
23462,19272
23462,19273
23462,19274
23462,19275
23462,19276
23462,19277
23462,19278
23462,19279
23462,19280
23462,19281
23462,19282
23462,19283
23462,19284
23462,19285
23462,19286
23463,19196
23463,19197
23463,19198
23463,19199
23463,19200
23463,19201
23463,19202
23463,19203
23463,19204
23463,19205
23463,19206
23463,19207
23463,19208
23463,19209
23463,19210
23463,19211
23463,19212
23463,19213
23463,19214
23463,19215
23463,19216
23463,19217
23463,19218
23463,19219
23463,19220
23463,19221
23463,19222
23463,19223
23463,19224
23463,19225
23463,19226
23463,19227
23463,19228
23463,19229
23463,19230
23463,19231
23463,19232
23463,19233
23463,19234
23463,19235
23463,19236
23463,19237
23463,19238
23463,19239
23463,19240
23463,19241
23463,19242
23463,19243
23463,19244
23463,19245
23463,19246
23463,19247
23463,19248
23463,19249
23463,19250
23463,19251
23463,19252
23463,19253
23463,19254
23463,19255
23463,19256
23463,19257
23463,19258
23463,19259
23463,19260
23463,19261
23463,19262
23463,19263
23463,19264
23463,19265
23463,19266
23463,19267
23463,19268
23463,19269
23463,19270
23463,19271
23463,19272
23463,19273
23463,19274
23463,19275
23463,19276
23463,19277
23463,19278
23463,19279
23463,19280
23463,19281
23463,19282
23463,19283
23463,19284
23463,19285
23463,19286
23464,19195
23464,19196
23464,19197
23464,19198
23464,19199
23464,19200
23464,19201
23464,19202
23464,19203
23464,19204
23464,19205
23464,19206
23464,19207
23464,19208
23464,19209
23464,19210
23464,19211
23464,19212
23464,19213
23464,19214
23464,19215
23464,19216
23464,19217
23464,19218
23464,19219
23464,19220
23464,19221
23464,19222
23464,19223
23464,19224
23464,19225
23464,19226
23464,19227
23464,19228
23464,19229
23464,19230
23464,19231
23464,19232
23464,19233
23464,19234
23464,19235
23464,19236
23464,19237
23464,19238
23464,19239
23464,19240
23464,19241
23464,19242
23464,19243
23464,19244
23464,19245
23464,19246
23464,19247
23464,19248
23464,19249
23464,19250
23464,19251
23464,19252
23464,19253
23464,19254
23464,19255
23464,19256
23464,19257
23464,19258
23464,19259
23464,19260
23464,19261
23464,19262
23464,19263
23464,19264
23464,19265
23464,19266
23464,19267
23464,19268
23464,19269
23464,19270
23464,19271
23464,19272
23464,19273
23464,19274
23464,19275
23464,19276
23464,19277
23464,19278
23464,19279
23464,19280
23464,19281
23464,19282
23464,19283
23464,19284
23464,19285
23464,19286
23464,19287
23465,19195
23465,19196
23465,19197
23465,19198
23465,19199
23465,19200
23465,19201
23465,19202
23465,19203
23465,19204
23465,19205
23465,19206
23465,19207
23465,19208
23465,19209
23465,19210
23465,19211
23465,19212
23465,19213
23465,19214
23465,19215
23465,19216
23465,19217
23465,19218
23465,19219
23465,19220
23465,19221
23465,19222
23465,19223
23465,19224
23465,19225
23465,19226
23465,19227
23465,19228
23465,19229
23465,19230
23465,19231
23465,19232
23465,19233
23465,19234
23465,19235
23465,19236
23465,19237
23465,19238
23465,19239
23465,19240
23465,19241
23465,19242
23465,19243
23465,19244
23465,19245
23465,19246
23465,19247
23465,19248
23465,19249
23465,19250
23465,19251
23465,19252
23465,19253
23465,19254
23465,19255
23465,19256
23465,19257
23465,19258
23465,19259
23465,19260
23465,19261
23465,19262
23465,19263
23465,19264
23465,19265
23465,19266
23465,19267
23465,19268
23465,19269
23465,19270
23465,19271
23465,19272
23465,19273
23465,19274
23465,19275
23465,19276
23465,19277
23465,19278
23465,19279
23465,19280
23465,19281
23465,19282
23465,19283
23465,19284
23465,19285
23465,19286
23465,19287
23465,19288
23465,19289
23466,19194
23466,19195
23466,19196
23466,19197
23466,19198
23466,19199
23466,19200
23466,19201
23466,19202
23466,19203
23466,19204
23466,19205
23466,19206
23466,19207
23466,19208
23466,19209
23466,19210
23466,19211
23466,19212
23466,19213
23466,19214
23466,19215
23466,19216
23466,19217
23466,19218
23466,19219
23466,19220
23466,19221
23466,19222
23466,19223
23466,19224
23466,19225
23466,19226
23466,19227
23466,19228
23466,19229
23466,19230
23466,19231
23466,19232
23466,19233
23466,19234
23466,19235
23466,19236
23466,19237
23466,19238
23466,19239
23466,19240
23466,19241
23466,19242
23466,19243
23466,19244
23466,19245
23466,19246
23466,19247
23466,19248
23466,19249
23466,19250
23466,19251
23466,19252
23466,19253
23466,19254
23466,19255
23466,19256
23466,19257
23466,19258
23466,19259
23466,19260
23466,19261
23466,19262
23466,19263
23466,19264
23466,19265
23466,19266
23466,19267
23466,19268
23466,19269
23466,19270
23466,19271
23466,19272
23466,19273
23466,19274
23466,19275
23466,19276
23466,19277
23466,19278
23466,19279
23466,19280
23466,19281
23466,19282
23466,19283
23466,19284
23466,19285
23466,19286
23466,19287
23466,19288
23466,19289
23466,19290
23467,19194
23467,19195
23467,19196
23467,19197
23467,19198
23467,19199
23467,19200
23467,19201
23467,19202
23467,19203
23467,19204
23467,19205
23467,19206
23467,19207
23467,19208
23467,19209
23467,19210
23467,19211
23467,19212
23467,19213
23467,19214
23467,19215
23467,19216
23467,19217
23467,19218
23467,19219
23467,19220
23467,19221
23467,19222
23467,19223
23467,19224
23467,19225
23467,19226
23467,19227
23467,19228
23467,19229
23467,19230
23467,19231
23467,19232
23467,19233
23467,19234
23467,19235
23467,19236
23467,19237
23467,19238
23467,19239
23467,19240
23467,19241
23467,19242
23467,19243
23467,19244
23467,19245
23467,19246
23467,19247
23467,19248
23467,19249
23467,19250
23467,19251
23467,19252
23467,19253
23467,19254
23467,19255
23467,19256
23467,19257
23467,19258
23467,19259
23467,19260
23467,19261
23467,19262
23467,19263
23467,19264
23467,19265
23467,19266
23467,19267
23467,19268
23467,19269
23467,19270
23467,19271
23467,19272
23467,19273
23467,19274
23467,19275
23467,19276
23467,19277
23467,19278
23467,19279
23467,19280
23467,19281
23467,19282
23467,19283
23467,19284
23467,19285
23467,19286
23467,19287
23467,19288
23467,19289
23467,19290
23467,19291
23468,19190
23468,19191
23468,19192
23468,19193
23468,19194
23468,19195
23468,19196
23468,19197
23468,19198
23468,19199
23468,19200
23468,19201
23468,19202
23468,19203
23468,19204
23468,19205
23468,19206
23468,19207
23468,19208
23468,19209
23468,19210
23468,19211
23468,19212
23468,19213
23468,19214
23468,19215
23468,19216
23468,19217
23468,19218
23468,19219
23468,19220
23468,19221
23468,19222
23468,19223
23468,19224
23468,19225
23468,19226
23468,19227
23468,19228
23468,19229
23468,19230
23468,19231
23468,19232
23468,19233
23468,19234
23468,19235
23468,19236
23468,19237
23468,19238
23468,19239
23468,19240
23468,19241
23468,19242
23468,19243
23468,19244
23468,19245
23468,19246
23468,19247
23468,19248
23468,19249
23468,19250
23468,19251
23468,19252
23468,19253
23468,19254
23468,19255
23468,19256
23468,19257
23468,19258
23468,19259
23468,19260
23468,19261
23468,19262
23468,19263
23468,19264
23468,19265
23468,19266
23468,19267
23468,19268
23468,19269
23468,19270
23468,19271
23468,19272
23468,19273
23468,19274
23468,19275
23468,19276
23468,19277
23468,19278
23468,19279
23468,19280
23468,19281
23468,19282
23468,19283
23468,19284
23468,19285
23468,19286
23468,19287
23468,19288
23468,19289
23468,19290
23468,19291
23469,19187
23469,19188
23469,19189
23469,19190
23469,19191
23469,19192
23469,19193
23469,19194
23469,19195
23469,19196
23469,19197
23469,19198
23469,19199
23469,19200
23469,19201
23469,19202
23469,19203
23469,19204
23469,19205
23469,19206
23469,19207
23469,19208
23469,19209
23469,19210
23469,19211
23469,19212
23469,19213
23469,19214
23469,19215
23469,19216
23469,19217
23469,19218
23469,19219
23469,19220
23469,19221
23469,19222
23469,19223
23469,19224
23469,19225
23469,19226
23469,19227
23469,19228
23469,19229
23469,19230
23469,19231
23469,19232
23469,19233
23469,19234
23469,19235
23469,19236
23469,19237
23469,19238
23469,19239
23469,19240
23469,19241
23469,19242
23469,19243
23469,19244
23469,19245
23469,19246
23469,19247
23469,19248
23469,19249
23469,19250
23469,19251
23469,19252
23469,19253
23469,19254
23469,19255
23469,19256
23469,19257
23469,19258
23469,19259
23469,19260
23469,19261
23469,19262
23469,19263
23469,19264
23469,19265
23469,19266
23469,19267
23469,19268
23469,19269
23469,19270
23469,19271
23469,19272
23469,19273
23469,19274
23469,19275
23469,19276
23469,19277
23469,19278
23469,19279
23469,19280
23469,19281
23469,19282
23469,19283
23469,19284
23469,19285
23469,19286
23469,19287
23469,19288
23469,19289
23469,19290
23469,19291
23469,19292
23469,19293
23470,19186
23470,19187
23470,19188
23470,19189
23470,19190
23470,19191
23470,19192
23470,19193
23470,19194
23470,19195
23470,19196
23470,19197
23470,19198
23470,19199
23470,19200
23470,19201
23470,19202
23470,19203
23470,19204
23470,19205
23470,19206
23470,19207
23470,19208
23470,19209
23470,19210
23470,19211
23470,19212
23470,19213
23470,19214
23470,19215
23470,19216
23470,19217
23470,19218
23470,19219
23470,19220
23470,19221
23470,19222
23470,19223
23470,19224
23470,19225
23470,19226
23470,19227
23470,19228
23470,19229
23470,19230
23470,19231
23470,19232
23470,19233
23470,19234
23470,19235
23470,19236
23470,19237
23470,19238
23470,19239
23470,19240
23470,19241
23470,19242
23470,19243
23470,19244
23470,19245
23470,19246
23470,19247
23470,19248
23470,19249
23470,19250
23470,19251
23470,19252
23470,19253
23470,19254
23470,19255
23470,19256
23470,19257
23470,19258
23470,19259
23470,19260
23470,19261
23470,19262
23470,19263
23470,19264
23470,19265
23470,19266
23470,19267
23470,19268
23470,19269
23470,19270
23470,19271
23470,19272
23470,19273
23470,19274
23470,19275
23470,19276
23470,19277
23470,19278
23470,19279
23470,19280
23470,19281
23470,19282
23470,19283
23470,19284
23470,19285
23470,19286
23470,19287
23470,19288
23470,19289
23470,19290
23470,19291
23470,19292
23470,19293
23470,19294
23471,19185
23471,19186
23471,19187
23471,19188
23471,19189
23471,19190
23471,19191
23471,19192
23471,19193
23471,19194
23471,19195
23471,19196
23471,19197
23471,19198
23471,19199
23471,19200
23471,19201
23471,19202
23471,19203
23471,19204
23471,19205
23471,19206
23471,19207
23471,19208
23471,19209
23471,19210
23471,19211
23471,19212
23471,19213
23471,19214
23471,19215
23471,19216
23471,19217
23471,19218
23471,19219
23471,19220
23471,19221
23471,19222
23471,19223
23471,19224
23471,19225
23471,19226
23471,19227
23471,19228
23471,19229
23471,19230
23471,19231
23471,19232
23471,19233
23471,19234
23471,19235
23471,19236
23471,19237
23471,19238
23471,19239
23471,19240
23471,19241
23471,19242
23471,19243
23471,19244
23471,19245
23471,19246
23471,19247
23471,19248
23471,19249
23471,19250
23471,19251
23471,19252
23471,19253
23471,19254
23471,19255
23471,19256
23471,19257
23471,19258
23471,19259
23471,19260
23471,19261
23471,19262
23471,19263
23471,19264
23471,19265
23471,19266
23471,19267
23471,19268
23471,19269
23471,19270
23471,19271
23471,19272
23471,19273
23471,19274
23471,19275
23471,19276
23471,19277
23471,19278
23471,19279
23471,19280
23471,19281
23471,19282
23471,19283
23471,19284
23471,19285
23471,19286
23471,19287
23471,19288
23471,19289
23471,19290
23471,19291
23471,19292
23471,19293
23471,19294
23471,19295
23472,19184
23472,19185
23472,19186
23472,19187
23472,19188
23472,19189
23472,19190
23472,19191
23472,19192
23472,19193
23472,19194
23472,19195
23472,19196
23472,19197
23472,19198
23472,19199
23472,19200
23472,19201
23472,19202
23472,19203
23472,19204
23472,19205
23472,19206
23472,19207
23472,19208
23472,19209
23472,19210
23472,19211
23472,19212
23472,19213
23472,19214
23472,19215
23472,19216
23472,19217
23472,19218
23472,19219
23472,19220
23472,19221
23472,19222
23472,19223
23472,19224
23472,19225
23472,19226
23472,19227
23472,19228
23472,19229
23472,19230
23472,19231
23472,19232
23472,19233
23472,19234
23472,19235
23472,19236
23472,19237
23472,19238
23472,19239
23472,19240
23472,19241
23472,19242
23472,19243
23472,19244
23472,19245
23472,19246
23472,19247
23472,19248
23472,19249
23472,19250
23472,19251
23472,19252
23472,19253
23472,19254
23472,19255
23472,19256
23472,19257
23472,19258
23472,19259
23472,19260
23472,19261
23472,19262
23472,19263
23472,19264
23472,19265
23472,19266
23472,19267
23472,19268
23472,19269
23472,19270
23472,19271
23472,19272
23472,19273
23472,19274
23472,19275
23472,19276
23472,19277
23472,19278
23472,19279
23472,19280
23472,19281
23472,19282
23472,19283
23472,19284
23472,19285
23472,19286
23472,19287
23472,19288
23472,19289
23472,19290
23472,19291
23472,19292
23472,19293
23472,19294
23472,19295
23473,19184
23473,19185
23473,19186
23473,19187
23473,19188
23473,19189
23473,19190
23473,19191
23473,19192
23473,19193
23473,19194
23473,19195
23473,19196
23473,19197
23473,19198
23473,19199
23473,19200
23473,19201
23473,19202
23473,19203
23473,19204
23473,19205
23473,19206
23473,19207
23473,19208
23473,19209
23473,19210
23473,19211
23473,19212
23473,19213
23473,19214
23473,19215
23473,19216
23473,19217
23473,19218
23473,19219
23473,19220
23473,19221
23473,19222
23473,19223
23473,19224
23473,19225
23473,19226
23473,19227
23473,19228
23473,19229
23473,19230
23473,19231
23473,19232
23473,19233
23473,19234
23473,19235
23473,19236
23473,19237
23473,19238
23473,19239
23473,19240
23473,19241
23473,19242
23473,19243
23473,19244
23473,19245
23473,19246
23473,19247
23473,19248
23473,19249
23473,19250
23473,19251
23473,19252
23473,19253
23473,19254
23473,19255
23473,19256
23473,19257
23473,19258
23473,19259
23473,19260
23473,19261
23473,19262
23473,19263
23473,19264
23473,19265
23473,19266
23473,19267
23473,19268
23473,19269
23473,19270
23473,19271
23473,19272
23473,19273
23473,19274
23473,19275
23473,19276
23473,19277
23473,19278
23473,19279
23473,19280
23473,19281
23473,19282
23473,19283
23473,19284
23473,19285
23473,19286
23473,19287
23473,19288
23473,19289
23473,19290
23473,19291
23473,19292
23473,19293
23473,19294
23473,19295
23473,19296
23474,19183
23474,19184
23474,19185
23474,19186
23474,19187
23474,19188
23474,19189
23474,19190
23474,19191
23474,19192
23474,19193
23474,19194
23474,19195
23474,19196
23474,19197
23474,19198
23474,19199
23474,19200
23474,19201
23474,19202
23474,19203
23474,19204
23474,19205
23474,19206
23474,19207
23474,19208
23474,19209
23474,19210
23474,19211
23474,19212
23474,19213
23474,19214
23474,19215
23474,19216
23474,19217
23474,19218
23474,19219
23474,19220
23474,19221
23474,19222
23474,19223
23474,19224
23474,19225
23474,19226
23474,19227
23474,19228
23474,19229
23474,19230
23474,19231
23474,19232
23474,19233
23474,19234
23474,19235
23474,19236
23474,19237
23474,19238
23474,19239
23474,19240
23474,19241
23474,19242
23474,19243
23474,19244
23474,19245
23474,19246
23474,19247
23474,19248
23474,19249
23474,19250
23474,19251
23474,19252
23474,19253
23474,19254
23474,19255
23474,19256
23474,19257
23474,19258
23474,19259
23474,19260
23474,19261
23474,19262
23474,19263
23474,19264
23474,19265
23474,19266
23474,19267
23474,19268
23474,19269
23474,19270
23474,19271
23474,19272
23474,19273
23474,19274
23474,19275
23474,19276
23474,19277
23474,19278
23474,19279
23474,19280
23474,19281
23474,19282
23474,19283
23474,19284
23474,19285
23474,19286
23474,19287
23474,19288
23474,19289
23474,19290
23474,19291
23474,19292
23474,19293
23474,19294
23474,19295
23474,19296
23475,19183
23475,19184
23475,19185
23475,19186
23475,19187
23475,19188
23475,19189
23475,19190
23475,19191
23475,19192
23475,19193
23475,19194
23475,19195
23475,19196
23475,19197
23475,19198
23475,19199
23475,19200
23475,19201
23475,19202
23475,19203
23475,19204
23475,19205
23475,19206
23475,19207
23475,19208
23475,19209
23475,19210
23475,19211
23475,19212
23475,19213
23475,19214
23475,19215
23475,19216
23475,19217
23475,19218
23475,19219
23475,19220
23475,19221
23475,19222
23475,19223
23475,19224
23475,19225
23475,19226
23475,19227
23475,19228
23475,19229
23475,19230
23475,19231
23475,19232
23475,19233
23475,19234
23475,19235
23475,19236
23475,19237
23475,19238
23475,19239
23475,19240
23475,19241
23475,19242
23475,19243
23475,19244
23475,19245
23475,19246
23475,19247
23475,19248
23475,19249
23475,19250
23475,19251
23475,19252
23475,19253
23475,19254
23475,19255
23475,19256
23475,19257
23475,19258
23475,19259
23475,19260
23475,19261
23475,19262
23475,19263
23475,19264
23475,19265
23475,19266
23475,19267
23475,19268
23475,19269
23475,19270
23475,19271
23475,19272
23475,19273
23475,19274
23475,19275
23475,19276
23475,19277
23475,19278
23475,19279
23475,19280
23475,19281
23475,19282
23475,19283
23475,19284
23475,19285
23475,19286
23475,19287
23475,19288
23475,19289
23475,19290
23475,19291
23475,19292
23475,19293
23475,19294
23475,19295
23475,19296
23476,19183
23476,19184
23476,19185
23476,19186
23476,19187
23476,19188
23476,19189
23476,19190
23476,19191
23476,19192
23476,19193
23476,19194
23476,19195
23476,19196
23476,19197
23476,19198
23476,19199
23476,19200
23476,19201
23476,19202
23476,19203
23476,19204
23476,19205
23476,19206
23476,19207
23476,19208
23476,19209
23476,19210
23476,19211
23476,19212
23476,19213
23476,19214
23476,19215
23476,19216
23476,19217
23476,19218
23476,19219
23476,19220
23476,19221
23476,19222
23476,19223
23476,19224
23476,19225
23476,19226
23476,19227
23476,19228
23476,19229
23476,19230
23476,19231
23476,19232
23476,19233
23476,19234
23476,19235
23476,19236
23476,19237
23476,19238
23476,19239
23476,19240
23476,19241
23476,19242
23476,19243
23476,19244
23476,19245
23476,19246
23476,19247
23476,19248
23476,19249
23476,19250
23476,19251
23476,19252
23476,19253
23476,19254
23476,19255
23476,19256
23476,19257
23476,19258
23476,19259
23476,19260
23476,19261
23476,19262
23476,19263
23476,19264
23476,19265
23476,19266
23476,19267
23476,19268
23476,19269
23476,19270
23476,19271
23476,19272
23476,19273
23476,19274
23476,19275
23476,19276
23476,19277
23476,19278
23476,19279
23476,19280
23476,19281
23476,19282
23476,19283
23476,19284
23476,19285
23476,19286
23476,19287
23476,19288
23476,19289
23476,19290
23476,19291
23476,19292
23476,19293
23476,19294
23476,19295
23476,19296
23477,19183
23477,19184
23477,19185
23477,19186
23477,19187
23477,19188
23477,19189
23477,19190
23477,19191
23477,19192
23477,19193
23477,19194
23477,19195
23477,19196
23477,19197
23477,19198
23477,19199
23477,19200
23477,19201
23477,19202
23477,19203
23477,19204
23477,19205
23477,19206
23477,19207
23477,19208
23477,19209
23477,19210
23477,19211
23477,19212
23477,19213
23477,19214
23477,19215
23477,19216
23477,19217
23477,19218
23477,19219
23477,19220
23477,19221
23477,19222
23477,19223
23477,19224
23477,19225
23477,19226
23477,19227
23477,19228
23477,19229
23477,19230
23477,19231
23477,19232
23477,19233
23477,19234
23477,19235
23477,19236
23477,19237
23477,19238
23477,19239
23477,19240
23477,19241
23477,19242
23477,19243
23477,19244
23477,19245
23477,19246
23477,19247
23477,19248
23477,19249
23477,19250
23477,19251
23477,19252
23477,19253
23477,19254
23477,19255
23477,19256
23477,19257
23477,19258
23477,19259
23477,19260
23477,19261
23477,19262
23477,19263
23477,19264
23477,19265
23477,19266
23477,19267
23477,19268
23477,19269
23477,19270
23477,19271
23477,19272
23477,19273
23477,19274
23477,19275
23477,19276
23477,19277
23477,19278
23477,19279
23477,19280
23477,19281
23477,19282
23477,19283
23477,19284
23477,19285
23477,19286
23477,19287
23477,19288
23477,19289
23477,19290
23477,19291
23477,19292
23477,19293
23477,19294
23477,19295
23478,19184
23478,19185
23478,19186
23478,19187
23478,19188
23478,19189
23478,19190
23478,19191
23478,19192
23478,19193
23478,19194
23478,19195
23478,19196
23478,19197
23478,19198
23478,19199
23478,19200
23478,19201
23478,19202
23478,19203
23478,19204
23478,19205
23478,19206
23478,19207
23478,19208
23478,19209
23478,19210
23478,19211
23478,19212
23478,19213
23478,19214
23478,19215
23478,19216
23478,19217
23478,19218
23478,19219
23478,19220
23478,19221
23478,19222
23478,19223
23478,19224
23478,19225
23478,19226
23478,19227
23478,19228
23478,19229
23478,19230
23478,19231
23478,19232
23478,19233
23478,19234
23478,19235
23478,19236
23478,19237
23478,19238
23478,19239
23478,19240
23478,19241
23478,19242
23478,19243
23478,19244
23478,19245
23478,19246
23478,19247
23478,19248
23478,19249
23478,19250
23478,19251
23478,19252
23478,19253
23478,19254
23478,19255
23478,19256
23478,19257
23478,19258
23478,19259
23478,19260
23478,19261
23478,19262
23478,19263
23478,19264
23478,19265
23478,19266
23478,19267
23478,19268
23478,19269
23478,19270
23478,19271
23478,19272
23478,19273
23478,19274
23478,19275
23478,19276
23478,19277
23478,19278
23478,19279
23478,19280
23478,19281
23478,19282
23478,19283
23478,19284
23478,19285
23478,19286
23478,19287
23478,19288
23478,19289
23478,19290
23478,19291
23478,19292
23478,19293
23478,19294
23478,19295
23479,19184
23479,19185
23479,19186
23479,19187
23479,19188
23479,19189
23479,19190
23479,19191
23479,19192
23479,19193
23479,19194
23479,19195
23479,19196
23479,19197
23479,19198
23479,19199
23479,19200
23479,19201
23479,19202
23479,19203
23479,19204
23479,19205
23479,19206
23479,19207
23479,19208
23479,19209
23479,19210
23479,19211
23479,19212
23479,19213
23479,19214
23479,19215
23479,19216
23479,19217
23479,19218
23479,19219
23479,19220
23479,19221
23479,19222
23479,19223
23479,19224
23479,19225
23479,19226
23479,19227
23479,19228
23479,19229
23479,19230
23479,19231
23479,19232
23479,19233
23479,19234
23479,19235
23479,19236
23479,19237
23479,19238
23479,19239
23479,19240
23479,19241
23479,19242
23479,19243
23479,19244
23479,19245
23479,19246
23479,19247
23479,19248
23479,19249
23479,19250
23479,19251
23479,19252
23479,19253
23479,19254
23479,19255
23479,19256
23479,19257
23479,19258
23479,19259
23479,19260
23479,19261
23479,19262
23479,19263
23479,19264
23479,19265
23479,19266
23479,19267
23479,19268
23479,19269
23479,19270
23479,19271
23479,19272
23479,19273
23479,19274
23479,19275
23479,19276
23479,19277
23479,19278
23479,19279
23479,19280
23479,19281
23479,19282
23479,19283
23479,19284
23479,19285
23479,19286
23479,19287
23479,19288
23479,19289
23479,19290
23479,19291
23479,19292
23479,19293
23479,19294
23479,19295
23480,19183
23480,19184
23480,19185
23480,19186
23480,19187
23480,19188
23480,19189
23480,19190
23480,19191
23480,19192
23480,19193
23480,19194
23480,19195
23480,19196
23480,19197
23480,19198
23480,19199
23480,19200
23480,19201
23480,19202
23480,19203
23480,19204
23480,19205
23480,19206
23480,19207
23480,19208
23480,19209
23480,19210
23480,19211
23480,19212
23480,19213
23480,19214
23480,19215
23480,19216
23480,19217
23480,19218
23480,19219
23480,19220
23480,19221
23480,19222
23480,19223
23480,19224
23480,19225
23480,19226
23480,19227
23480,19228
23480,19229
23480,19230
23480,19231
23480,19232
23480,19233
23480,19234
23480,19235
23480,19236
23480,19237
23480,19238
23480,19239
23480,19240
23480,19241
23480,19242
23480,19243
23480,19244
23480,19245
23480,19246
23480,19247
23480,19248
23480,19249
23480,19250
23480,19251
23480,19252
23480,19253
23480,19254
23480,19255
23480,19256
23480,19257
23480,19258
23480,19259
23480,19260
23480,19261
23480,19262
23480,19263
23480,19264
23480,19265
23480,19266
23480,19267
23480,19268
23480,19269
23480,19270
23480,19271
23480,19272
23480,19273
23480,19274
23480,19275
23480,19276
23480,19277
23480,19278
23480,19279
23480,19280
23480,19281
23480,19282
23480,19283
23480,19284
23480,19285
23480,19286
23480,19287
23480,19288
23480,19289
23480,19290
23480,19291
23480,19292
23480,19293
23480,19294
23481,19184
23481,19185
23481,19186
23481,19187
23481,19188
23481,19189
23481,19190
23481,19191
23481,19192
23481,19193
23481,19194
23481,19195
23481,19196
23481,19197
23481,19198
23481,19199
23481,19200
23481,19201
23481,19202
23481,19203
23481,19204
23481,19205
23481,19206
23481,19207
23481,19208
23481,19209
23481,19210
23481,19211
23481,19212
23481,19213
23481,19214
23481,19215
23481,19216
23481,19217
23481,19218
23481,19219
23481,19220
23481,19221
23481,19222
23481,19223
23481,19224
23481,19225
23481,19226
23481,19227
23481,19228
23481,19229
23481,19230
23481,19231
23481,19232
23481,19233
23481,19234
23481,19235
23481,19236
23481,19237
23481,19238
23481,19239
23481,19240
23481,19241
23481,19242
23481,19243
23481,19244
23481,19245
23481,19246
23481,19247
23481,19248
23481,19249
23481,19250
23481,19251
23481,19252
23481,19253
23481,19254
23481,19255
23481,19256
23481,19257
23481,19258
23481,19259
23481,19260
23481,19261
23481,19262
23481,19263
23481,19264
23481,19265
23481,19266
23481,19267
23481,19268
23481,19269
23481,19270
23481,19271
23481,19272
23481,19273
23481,19274
23481,19275
23481,19276
23481,19277
23481,19278
23481,19279
23481,19280
23481,19281
23481,19282
23481,19283
23481,19284
23481,19285
23481,19286
23481,19287
23481,19288
23481,19289
23481,19290
23481,19291
23481,19292
23481,19293
23482,19183
23482,19184
23482,19185
23482,19186
23482,19187
23482,19188
23482,19189
23482,19190
23482,19191
23482,19192
23482,19193
23482,19194
23482,19195
23482,19196
23482,19197
23482,19198
23482,19199
23482,19200
23482,19201
23482,19202
23482,19203
23482,19204
23482,19205
23482,19206
23482,19207
23482,19208
23482,19209
23482,19210
23482,19211
23482,19212
23482,19213
23482,19214
23482,19215
23482,19216
23482,19217
23482,19218
23482,19219
23482,19220
23482,19221
23482,19222
23482,19223
23482,19224
23482,19225
23482,19226
23482,19227
23482,19228
23482,19229
23482,19230
23482,19231
23482,19232
23482,19233
23482,19234
23482,19235
23482,19236
23482,19237
23482,19238
23482,19239
23482,19240
23482,19241
23482,19242
23482,19243
23482,19244
23482,19245
23482,19246
23482,19247
23482,19248
23482,19249
23482,19250
23482,19251
23482,19252
23482,19253
23482,19254
23482,19255
23482,19256
23482,19257
23482,19258
23482,19259
23482,19260
23482,19261
23482,19262
23482,19263
23482,19264
23482,19265
23482,19266
23482,19267
23482,19268
23482,19269
23482,19270
23482,19271
23482,19272
23482,19273
23482,19274
23482,19275
23482,19276
23482,19277
23482,19278
23482,19279
23482,19280
23482,19281
23482,19282
23482,19283
23482,19284
23482,19285
23482,19286
23482,19287
23482,19288
23482,19289
23482,19290
23482,19291
23482,19292
23482,19293
23483,19184
23483,19185
23483,19186
23483,19187
23483,19188
23483,19189
23483,19190
23483,19191
23483,19192
23483,19193
23483,19194
23483,19195
23483,19196
23483,19197
23483,19198
23483,19199
23483,19200
23483,19201
23483,19202
23483,19203
23483,19204
23483,19205
23483,19206
23483,19207
23483,19208
23483,19209
23483,19210
23483,19211
23483,19212
23483,19213
23483,19214
23483,19215
23483,19216
23483,19217
23483,19218
23483,19219
23483,19220
23483,19221
23483,19222
23483,19223
23483,19224
23483,19225
23483,19226
23483,19227
23483,19228
23483,19229
23483,19230
23483,19231
23483,19232
23483,19233
23483,19234
23483,19235
23483,19236
23483,19237
23483,19238
23483,19239
23483,19240
23483,19241
23483,19242
23483,19243
23483,19244
23483,19245
23483,19246
23483,19247
23483,19248
23483,19249
23483,19250
23483,19251
23483,19252
23483,19253
23483,19254
23483,19255
23483,19256
23483,19257
23483,19258
23483,19259
23483,19260
23483,19261
23483,19262
23483,19263
23483,19264
23483,19265
23483,19266
23483,19267
23483,19268
23483,19269
23483,19270
23483,19271
23483,19272
23483,19273
23483,19274
23483,19275
23483,19276
23483,19277
23483,19278
23483,19279
23483,19280
23483,19281
23483,19282
23483,19283
23483,19284
23483,19285
23483,19286
23483,19287
23483,19288
23483,19289
23483,19290
23483,19291
23483,19292
23484,19183
23484,19184
23484,19185
23484,19186
23484,19187
23484,19188
23484,19189
23484,19190
23484,19191
23484,19192
23484,19193
23484,19194
23484,19195
23484,19196
23484,19197
23484,19198
23484,19199
23484,19200
23484,19201
23484,19202
23484,19203
23484,19204
23484,19205
23484,19206
23484,19207
23484,19208
23484,19209
23484,19210
23484,19211
23484,19212
23484,19213
23484,19214
23484,19215
23484,19216
23484,19217
23484,19218
23484,19219
23484,19220
23484,19221
23484,19222
23484,19223
23484,19224
23484,19225
23484,19226
23484,19227
23484,19228
23484,19229
23484,19230
23484,19231
23484,19232
23484,19233
23484,19234
23484,19235
23484,19236
23484,19237
23484,19238
23484,19239
23484,19240
23484,19241
23484,19242
23484,19243
23484,19244
23484,19245
23484,19246
23484,19247
23484,19248
23484,19249
23484,19250
23484,19251
23484,19252
23484,19253
23484,19254
23484,19255
23484,19256
23484,19257
23484,19258
23484,19259
23484,19260
23484,19261
23484,19262
23484,19263
23484,19264
23484,19265
23484,19266
23484,19267
23484,19268
23484,19269
23484,19270
23484,19271
23484,19272
23484,19273
23484,19274
23484,19275
23484,19276
23484,19277
23484,19278
23484,19279
23484,19280
23484,19281
23484,19282
23484,19283
23484,19284
23484,19285
23484,19286
23484,19287
23484,19288
23484,19289
23484,19290
23484,19291
23485,19183
23485,19184
23485,19185
23485,19186
23485,19187
23485,19188
23485,19189
23485,19190
23485,19191
23485,19192
23485,19193
23485,19194
23485,19195
23485,19196
23485,19197
23485,19198
23485,19199
23485,19200
23485,19201
23485,19202
23485,19203
23485,19204
23485,19205
23485,19206
23485,19207
23485,19208
23485,19209
23485,19210
23485,19211
23485,19212
23485,19213
23485,19214
23485,19215
23485,19216
23485,19217
23485,19218
23485,19219
23485,19220
23485,19221
23485,19222
23485,19223
23485,19224
23485,19225
23485,19226
23485,19227
23485,19228
23485,19229
23485,19230
23485,19231
23485,19232
23485,19233
23485,19234
23485,19235
23485,19236
23485,19237
23485,19238
23485,19239
23485,19240
23485,19241
23485,19242
23485,19243
23485,19244
23485,19245
23485,19246
23485,19247
23485,19248
23485,19249
23485,19250
23485,19251
23485,19252
23485,19253
23485,19254
23485,19255
23485,19256
23485,19257
23485,19258
23485,19259
23485,19260
23485,19261
23485,19262
23485,19263
23485,19264
23485,19265
23485,19266
23485,19267
23485,19268
23485,19269
23485,19270
23485,19271
23485,19272
23485,19273
23485,19274
23485,19275
23485,19276
23485,19277
23485,19278
23485,19279
23485,19280
23485,19281
23485,19282
23485,19283
23485,19284
23485,19285
23485,19286
23485,19287
23485,19288
23485,19289
23486,19183
23486,19184
23486,19185
23486,19186
23486,19187
23486,19188
23486,19189
23486,19190
23486,19191
23486,19192
23486,19193
23486,19194
23486,19195
23486,19196
23486,19197
23486,19198
23486,19199
23486,19200
23486,19201
23486,19202
23486,19203
23486,19204
23486,19205
23486,19206
23486,19207
23486,19208
23486,19209
23486,19210
23486,19211
23486,19212
23486,19213
23486,19214
23486,19215
23486,19216
23486,19217
23486,19218
23486,19219
23486,19220
23486,19221
23486,19222
23486,19223
23486,19224
23486,19225
23486,19226
23486,19227
23486,19228
23486,19229
23486,19230
23486,19231
23486,19232
23486,19233
23486,19234
23486,19235
23486,19236
23486,19237
23486,19238
23486,19239
23486,19240
23486,19241
23486,19242
23486,19243
23486,19244
23486,19245
23486,19246
23486,19247
23486,19248
23486,19249
23486,19250
23486,19251
23486,19252
23486,19253
23486,19254
23486,19255
23486,19256
23486,19257
23486,19258
23486,19259
23486,19260
23486,19261
23486,19262
23486,19263
23486,19264
23486,19265
23486,19266
23486,19267
23486,19268
23486,19269
23486,19270
23486,19271
23486,19272
23486,19273
23486,19274
23486,19275
23486,19276
23486,19277
23486,19278
23486,19279
23486,19280
23486,19281
23486,19282
23486,19283
23486,19284
23486,19285
23486,19286
23486,19287
23486,19288
23487,19182
23487,19183
23487,19184
23487,19185
23487,19186
23487,19187
23487,19188
23487,19189
23487,19190
23487,19191
23487,19192
23487,19193
23487,19194
23487,19195
23487,19196
23487,19197
23487,19198
23487,19199
23487,19200
23487,19201
23487,19202
23487,19203
23487,19204
23487,19205
23487,19206
23487,19207
23487,19208
23487,19209
23487,19210
23487,19211
23487,19212
23487,19213
23487,19214
23487,19215
23487,19216
23487,19217
23487,19218
23487,19219
23487,19220
23487,19221
23487,19222
23487,19223
23487,19224
23487,19225
23487,19226
23487,19227
23487,19228
23487,19229
23487,19230
23487,19231
23487,19232
23487,19233
23487,19234
23487,19235
23487,19236
23487,19237
23487,19238
23487,19239
23487,19240
23487,19241
23487,19242
23487,19243
23487,19244
23487,19245
23487,19246
23487,19247
23487,19248
23487,19249
23487,19250
23487,19251
23487,19252
23487,19253
23487,19254
23487,19255
23487,19256
23487,19257
23487,19258
23487,19259
23487,19260
23487,19261
23487,19262
23487,19263
23487,19264
23487,19265
23487,19266
23487,19267
23487,19268
23487,19269
23487,19270
23487,19271
23487,19272
23487,19273
23487,19274
23487,19275
23487,19276
23487,19277
23487,19278
23487,19279
23487,19280
23487,19281
23487,19282
23487,19283
23487,19284
23487,19285
23487,19286
23487,19287
23488,19182
23488,19183
23488,19184
23488,19185
23488,19186
23488,19187
23488,19188
23488,19189
23488,19190
23488,19191
23488,19192
23488,19193
23488,19194
23488,19195
23488,19196
23488,19197
23488,19198
23488,19199
23488,19200
23488,19201
23488,19202
23488,19203
23488,19204
23488,19205
23488,19206
23488,19207
23488,19208
23488,19209
23488,19210
23488,19211
23488,19212
23488,19213
23488,19214
23488,19215
23488,19216
23488,19217
23488,19218
23488,19219
23488,19220
23488,19221
23488,19222
23488,19223
23488,19224
23488,19225
23488,19226
23488,19227
23488,19228
23488,19229
23488,19230
23488,19231
23488,19232
23488,19233
23488,19234
23488,19235
23488,19236
23488,19237
23488,19238
23488,19239
23488,19240
23488,19241
23488,19242
23488,19243
23488,19244
23488,19245
23488,19246
23488,19247
23488,19248
23488,19249
23488,19250
23488,19251
23488,19252
23488,19253
23488,19254
23488,19255
23488,19256
23488,19257
23488,19258
23488,19259
23488,19260
23488,19261
23488,19262
23488,19263
23488,19264
23488,19265
23488,19266
23488,19267
23488,19268
23488,19269
23488,19270
23488,19271
23488,19272
23488,19273
23488,19274
23488,19275
23488,19276
23488,19277
23488,19278
23488,19279
23488,19280
23488,19281
23488,19282
23488,19283
23488,19284
23488,19285
23488,19286
23488,19287
23489,19183
23489,19184
23489,19185
23489,19186
23489,19187
23489,19188
23489,19189
23489,19190
23489,19191
23489,19192
23489,19193
23489,19194
23489,19195
23489,19196
23489,19197
23489,19198
23489,19199
23489,19200
23489,19201
23489,19202
23489,19203
23489,19204
23489,19205
23489,19206
23489,19207
23489,19208
23489,19209
23489,19210
23489,19211
23489,19212
23489,19213
23489,19214
23489,19215
23489,19216
23489,19217
23489,19218
23489,19219
23489,19220
23489,19221
23489,19222
23489,19223
23489,19224
23489,19225
23489,19226
23489,19227
23489,19228
23489,19229
23489,19230
23489,19231
23489,19232
23489,19233
23489,19234
23489,19235
23489,19236
23489,19237
23489,19238
23489,19239
23489,19240
23489,19241
23489,19242
23489,19243
23489,19244
23489,19245
23489,19246
23489,19247
23489,19248
23489,19249
23489,19250
23489,19251
23489,19252
23489,19253
23489,19254
23489,19255
23489,19256
23489,19257
23489,19258
23489,19259
23489,19260
23489,19261
23489,19262
23489,19263
23489,19264
23489,19265
23489,19266
23489,19267
23489,19268
23489,19269
23489,19270
23489,19271
23489,19272
23489,19273
23489,19274
23489,19275
23489,19276
23489,19277
23489,19278
23489,19279
23489,19280
23489,19281
23489,19282
23489,19283
23489,19284
23489,19285
23489,19286
23490,19183
23490,19184
23490,19185
23490,19186
23490,19187
23490,19188
23490,19189
23490,19190
23490,19191
23490,19192
23490,19193
23490,19194
23490,19195
23490,19196
23490,19197
23490,19198
23490,19199
23490,19200
23490,19201
23490,19202
23490,19203
23490,19204
23490,19205
23490,19206
23490,19207
23490,19208
23490,19209
23490,19210
23490,19211
23490,19212
23490,19213
23490,19214
23490,19215
23490,19216
23490,19217
23490,19218
23490,19219
23490,19220
23490,19221
23490,19222
23490,19223
23490,19224
23490,19225
23490,19226
23490,19227
23490,19228
23490,19229
23490,19230
23490,19231
23490,19232
23490,19233
23490,19234
23490,19235
23490,19236
23490,19237
23490,19238
23490,19239
23490,19240
23490,19241
23490,19242
23490,19243
23490,19244
23490,19245
23490,19246
23490,19247
23490,19248
23490,19249
23490,19250
23490,19251
23490,19252
23490,19253
23490,19254
23490,19255
23490,19256
23490,19257
23490,19258
23490,19259
23490,19260
23490,19261
23490,19262
23490,19263
23490,19264
23490,19265
23490,19266
23490,19267
23490,19268
23490,19269
23490,19270
23490,19271
23490,19272
23490,19273
23490,19274
23490,19275
23490,19276
23490,19277
23490,19278
23490,19279
23490,19280
23490,19281
23490,19282
23490,19283
23490,19284
23490,19285
23490,19286
23491,19183
23491,19184
23491,19185
23491,19186
23491,19187
23491,19188
23491,19189
23491,19190
23491,19191
23491,19192
23491,19193
23491,19194
23491,19195
23491,19196
23491,19197
23491,19198
23491,19199
23491,19200
23491,19201
23491,19202
23491,19203
23491,19204
23491,19205
23491,19206
23491,19207
23491,19208
23491,19209
23491,19210
23491,19211
23491,19212
23491,19213
23491,19214
23491,19215
23491,19216
23491,19217
23491,19218
23491,19219
23491,19220
23491,19221
23491,19222
23491,19223
23491,19224
23491,19225
23491,19226
23491,19227
23491,19228
23491,19229
23491,19230
23491,19231
23491,19232
23491,19233
23491,19234
23491,19235
23491,19236
23491,19237
23491,19238
23491,19239
23491,19240
23491,19241
23491,19242
23491,19243
23491,19244
23491,19245
23491,19246
23491,19247
23491,19248
23491,19249
23491,19250
23491,19251
23491,19252
23491,19253
23491,19254
23491,19255
23491,19256
23491,19257
23491,19258
23491,19259
23491,19260
23491,19261
23491,19262
23491,19263
23491,19264
23491,19265
23491,19266
23491,19267
23491,19268
23491,19269
23491,19270
23491,19271
23491,19272
23491,19273
23491,19274
23491,19275
23491,19276
23491,19277
23491,19278
23491,19279
23491,19280
23491,19281
23491,19282
23491,19283
23491,19284
23491,19285
23491,19286
23491,19288
23491,19289
23491,19290
23492,19184
23492,19185
23492,19186
23492,19187
23492,19188
23492,19189
23492,19190
23492,19191
23492,19192
23492,19193
23492,19194
23492,19195
23492,19196
23492,19197
23492,19198
23492,19199
23492,19200
23492,19201
23492,19202
23492,19203
23492,19204
23492,19205
23492,19206
23492,19207
23492,19208
23492,19209
23492,19210
23492,19211
23492,19212
23492,19213
23492,19214
23492,19215
23492,19216
23492,19217
23492,19218
23492,19219
23492,19220
23492,19221
23492,19222
23492,19223
23492,19224
23492,19225
23492,19226
23492,19227
23492,19228
23492,19229
23492,19230
23492,19231
23492,19232
23492,19233
23492,19234
23492,19235
23492,19236
23492,19237
23492,19238
23492,19239
23492,19240
23492,19241
23492,19242
23492,19243
23492,19244
23492,19245
23492,19246
23492,19247
23492,19248
23492,19249
23492,19250
23492,19251
23492,19252
23492,19253
23492,19254
23492,19255
23492,19256
23492,19257
23492,19258
23492,19259
23492,19260
23492,19261
23492,19262
23492,19263
23492,19264
23492,19265
23492,19266
23492,19267
23492,19268
23492,19269
23492,19270
23492,19271
23492,19272
23492,19273
23492,19274
23492,19275
23492,19276
23492,19277
23492,19278
23492,19279
23492,19280
23492,19281
23492,19282
23492,19283
23492,19284
23492,19285
23492,19286
23492,19287
23492,19288
23492,19289
23492,19290
23492,19291
23492,19292
23492,19293
23493,19185
23493,19186
23493,19187
23493,19188
23493,19189
23493,19190
23493,19191
23493,19192
23493,19193
23493,19194
23493,19195
23493,19196
23493,19197
23493,19198
23493,19199
23493,19200
23493,19201
23493,19202
23493,19203
23493,19204
23493,19205
23493,19206
23493,19207
23493,19208
23493,19209
23493,19210
23493,19211
23493,19212
23493,19213
23493,19214
23493,19215
23493,19216
23493,19217
23493,19218
23493,19219
23493,19220
23493,19221
23493,19222
23493,19223
23493,19224
23493,19225
23493,19226
23493,19227
23493,19228
23493,19229
23493,19230
23493,19231
23493,19232
23493,19233
23493,19234
23493,19235
23493,19236
23493,19237
23493,19238
23493,19239
23493,19240
23493,19241
23493,19242
23493,19243
23493,19244
23493,19245
23493,19246
23493,19247
23493,19248
23493,19249
23493,19250
23493,19251
23493,19252
23493,19253
23493,19254
23493,19255
23493,19256
23493,19257
23493,19258
23493,19259
23493,19260
23493,19261
23493,19262
23493,19263
23493,19264
23493,19265
23493,19266
23493,19267
23493,19268
23493,19269
23493,19270
23493,19271
23493,19272
23493,19273
23493,19274
23493,19275
23493,19276
23493,19277
23493,19278
23493,19279
23493,19280
23493,19281
23493,19282
23493,19283
23493,19284
23493,19285
23493,19286
23493,19287
23493,19288
23493,19289
23493,19290
23493,19291
23493,19292
23493,19293
23493,19294
23494,19186
23494,19187
23494,19188
23494,19189
23494,19190
23494,19191
23494,19192
23494,19193
23494,19194
23494,19195
23494,19196
23494,19197
23494,19198
23494,19199
23494,19200
23494,19201
23494,19202
23494,19203
23494,19204
23494,19205
23494,19206
23494,19207
23494,19208
23494,19209
23494,19210
23494,19211
23494,19212
23494,19213
23494,19214
23494,19215
23494,19216
23494,19217
23494,19218
23494,19219
23494,19220
23494,19221
23494,19222
23494,19223
23494,19224
23494,19225
23494,19226
23494,19227
23494,19228
23494,19229
23494,19230
23494,19231
23494,19232
23494,19233
23494,19234
23494,19235
23494,19236
23494,19237
23494,19238
23494,19239
23494,19240
23494,19241
23494,19242
23494,19243
23494,19244
23494,19245
23494,19246
23494,19247
23494,19248
23494,19249
23494,19250
23494,19251
23494,19252
23494,19253
23494,19254
23494,19255
23494,19256
23494,19257
23494,19258
23494,19259
23494,19260
23494,19261
23494,19262
23494,19263
23494,19264
23494,19265
23494,19266
23494,19267
23494,19268
23494,19269
23494,19270
23494,19271
23494,19272
23494,19273
23494,19274
23494,19275
23494,19276
23494,19277
23494,19278
23494,19279
23494,19280
23494,19281
23494,19282
23494,19283
23494,19284
23494,19285
23494,19286
23494,19287
23494,19288
23494,19289
23494,19290
23494,19291
23494,19292
23494,19293
23494,19294
23495,19188
23495,19189
23495,19190
23495,19191
23495,19192
23495,19193
23495,19194
23495,19195
23495,19196
23495,19197
23495,19198
23495,19199
23495,19200
23495,19201
23495,19202
23495,19203
23495,19204
23495,19205
23495,19206
23495,19207
23495,19208
23495,19209
23495,19210
23495,19211
23495,19212
23495,19213
23495,19214
23495,19215
23495,19216
23495,19217
23495,19218
23495,19219
23495,19220
23495,19221
23495,19222
23495,19223
23495,19224
23495,19225
23495,19226
23495,19227
23495,19228
23495,19229
23495,19230
23495,19231
23495,19232
23495,19233
23495,19234
23495,19235
23495,19236
23495,19237
23495,19238
23495,19239
23495,19240
23495,19241
23495,19242
23495,19243
23495,19244
23495,19245
23495,19246
23495,19247
23495,19248
23495,19249
23495,19250
23495,19251
23495,19252
23495,19253
23495,19254
23495,19255
23495,19256
23495,19257
23495,19258
23495,19259
23495,19260
23495,19261
23495,19262
23495,19263
23495,19264
23495,19265
23495,19266
23495,19267
23495,19268
23495,19269
23495,19270
23495,19271
23495,19272
23495,19273
23495,19274
23495,19275
23495,19276
23495,19277
23495,19278
23495,19279
23495,19280
23495,19281
23495,19282
23495,19283
23495,19284
23495,19285
23495,19286
23495,19287
23495,19288
23495,19289
23495,19290
23495,19291
23495,19292
23495,19293
23495,19294
23496,19191
23496,19192
23496,19193
23496,19194
23496,19195
23496,19196
23496,19197
23496,19198
23496,19199
23496,19200
23496,19201
23496,19202
23496,19203
23496,19204
23496,19205
23496,19206
23496,19207
23496,19208
23496,19209
23496,19210
23496,19211
23496,19212
23496,19213
23496,19214
23496,19215
23496,19216
23496,19217
23496,19218
23496,19219
23496,19220
23496,19221
23496,19222
23496,19223
23496,19224
23496,19225
23496,19226
23496,19227
23496,19228
23496,19229
23496,19230
23496,19231
23496,19232
23496,19233
23496,19234
23496,19235
23496,19236
23496,19237
23496,19238
23496,19239
23496,19240
23496,19241
23496,19242
23496,19243
23496,19244
23496,19245
23496,19246
23496,19247
23496,19248
23496,19249
23496,19250
23496,19251
23496,19252
23496,19253
23496,19254
23496,19255
23496,19256
23496,19257
23496,19258
23496,19259
23496,19260
23496,19261
23496,19262
23496,19263
23496,19264
23496,19265
23496,19266
23496,19267
23496,19268
23496,19269
23496,19270
23496,19271
23496,19272
23496,19273
23496,19274
23496,19275
23496,19276
23496,19277
23496,19278
23496,19279
23496,19280
23496,19281
23496,19282
23496,19283
23496,19284
23496,19285
23496,19286
23496,19287
23496,19288
23496,19289
23496,19290
23496,19291
23496,19292
23496,19293
23496,19294
23497,19192
23497,19193
23497,19194
23497,19195
23497,19196
23497,19197
23497,19198
23497,19199
23497,19200
23497,19201
23497,19202
23497,19203
23497,19204
23497,19205
23497,19206
23497,19207
23497,19208
23497,19209
23497,19210
23497,19211
23497,19212
23497,19213
23497,19214
23497,19215
23497,19216
23497,19217
23497,19218
23497,19219
23497,19220
23497,19221
23497,19222
23497,19223
23497,19224
23497,19225
23497,19226
23497,19227
23497,19228
23497,19229
23497,19230
23497,19231
23497,19232
23497,19233
23497,19234
23497,19235
23497,19236
23497,19237
23497,19238
23497,19239
23497,19240
23497,19241
23497,19242
23497,19243
23497,19244
23497,19245
23497,19246
23497,19247
23497,19248
23497,19249
23497,19250
23497,19251
23497,19252
23497,19253
23497,19254
23497,19255
23497,19256
23497,19257
23497,19258
23497,19259
23497,19260
23497,19261
23497,19262
23497,19263
23497,19264
23497,19265
23497,19266
23497,19267
23497,19268
23497,19269
23497,19270
23497,19271
23497,19272
23497,19273
23497,19274
23497,19275
23497,19276
23497,19277
23497,19278
23497,19279
23497,19280
23497,19281
23497,19282
23497,19283
23497,19284
23497,19285
23497,19286
23497,19287
23497,19288
23497,19289
23497,19290
23497,19291
23497,19292
23497,19293
23497,19294
23498,19191
23498,19192
23498,19193
23498,19194
23498,19195
23498,19196
23498,19197
23498,19198
23498,19199
23498,19200
23498,19201
23498,19202
23498,19203
23498,19204
23498,19205
23498,19206
23498,19207
23498,19208
23498,19209
23498,19210
23498,19211
23498,19212
23498,19213
23498,19214
23498,19215
23498,19216
23498,19217
23498,19218
23498,19219
23498,19220
23498,19221
23498,19222
23498,19223
23498,19224
23498,19225
23498,19226
23498,19227
23498,19228
23498,19229
23498,19230
23498,19231
23498,19232
23498,19233
23498,19234
23498,19235
23498,19236
23498,19237
23498,19238
23498,19239
23498,19240
23498,19241
23498,19242
23498,19243
23498,19244
23498,19245
23498,19246
23498,19247
23498,19248
23498,19249
23498,19250
23498,19251
23498,19252
23498,19253
23498,19254
23498,19255
23498,19256
23498,19257
23498,19258
23498,19259
23498,19260
23498,19261
23498,19262
23498,19263
23498,19264
23498,19265
23498,19266
23498,19267
23498,19268
23498,19269
23498,19270
23498,19271
23498,19272
23498,19273
23498,19274
23498,19275
23498,19276
23498,19277
23498,19278
23498,19279
23498,19280
23498,19281
23498,19282
23498,19283
23498,19284
23498,19285
23498,19286
23498,19287
23498,19288
23498,19289
23498,19290
23498,19291
23498,19292
23498,19293
23498,19294
23499,19190
23499,19191
23499,19192
23499,19193
23499,19194
23499,19195
23499,19196
23499,19197
23499,19198
23499,19199
23499,19200
23499,19201
23499,19202
23499,19203
23499,19204
23499,19205
23499,19206
23499,19207
23499,19208
23499,19209
23499,19210
23499,19211
23499,19212
23499,19213
23499,19214
23499,19215
23499,19216
23499,19217
23499,19218
23499,19219
23499,19220
23499,19221
23499,19222
23499,19223
23499,19224
23499,19225
23499,19226
23499,19227
23499,19228
23499,19229
23499,19230
23499,19231
23499,19232
23499,19233
23499,19234
23499,19235
23499,19236
23499,19237
23499,19238
23499,19239
23499,19240
23499,19241
23499,19242
23499,19243
23499,19244
23499,19245
23499,19246
23499,19247
23499,19248
23499,19249
23499,19250
23499,19251
23499,19252
23499,19253
23499,19254
23499,19255
23499,19256
23499,19257
23499,19258
23499,19259
23499,19260
23499,19261
23499,19262
23499,19263
23499,19264
23499,19265
23499,19266
23499,19267
23499,19268
23499,19269
23499,19270
23499,19271
23499,19272
23499,19273
23499,19274
23499,19275
23499,19276
23499,19277
23499,19278
23499,19279
23499,19280
23499,19281
23499,19282
23499,19283
23499,19284
23499,19285
23499,19286
23499,19287
23499,19288
23499,19289
23499,19290
23499,19291
23499,19292
23499,19293
23500,19189
23500,19190
23500,19191
23500,19192
23500,19193
23500,19194
23500,19195
23500,19196
23500,19197
23500,19198
23500,19199
23500,19200
23500,19201
23500,19202
23500,19203
23500,19204
23500,19205
23500,19206
23500,19207
23500,19208
23500,19209
23500,19210
23500,19211
23500,19212
23500,19213
23500,19214
23500,19215
23500,19216
23500,19217
23500,19218
23500,19219
23500,19220
23500,19221
23500,19222
23500,19223
23500,19224
23500,19225
23500,19226
23500,19227
23500,19228
23500,19229
23500,19230
23500,19231
23500,19232
23500,19233
23500,19234
23500,19235
23500,19236
23500,19237
23500,19238
23500,19239
23500,19240
23500,19241
23500,19242
23500,19243
23500,19244
23500,19245
23500,19246
23500,19247
23500,19248
23500,19249
23500,19250
23500,19251
23500,19252
23500,19253
23500,19254
23500,19255
23500,19256
23500,19257
23500,19258
23500,19259
23500,19260
23500,19261
23500,19262
23500,19263
23500,19264
23500,19265
23500,19266
23500,19267
23500,19268
23500,19269
23500,19270
23500,19271
23500,19272
23500,19273
23500,19274
23500,19275
23500,19276
23500,19277
23500,19278
23500,19279
23500,19280
23500,19281
23500,19282
23500,19283
23500,19284
23500,19285
23500,19286
23500,19287
23500,19288
23500,19289
23500,19290
23500,19291
23500,19292
23500,19293
23501,19189
23501,19190
23501,19191
23501,19192
23501,19193
23501,19194
23501,19195
23501,19196
23501,19197
23501,19198
23501,19199
23501,19200
23501,19201
23501,19202
23501,19203
23501,19204
23501,19205
23501,19206
23501,19207
23501,19208
23501,19209
23501,19210
23501,19211
23501,19212
23501,19213
23501,19214
23501,19215
23501,19216
23501,19217
23501,19218
23501,19219
23501,19220
23501,19221
23501,19222
23501,19223
23501,19224
23501,19225
23501,19226
23501,19227
23501,19228
23501,19229
23501,19230
23501,19231
23501,19232
23501,19233
23501,19234
23501,19235
23501,19236
23501,19237
23501,19238
23501,19239
23501,19240
23501,19241
23501,19242
23501,19243
23501,19244
23501,19245
23501,19246
23501,19247
23501,19248
23501,19249
23501,19250
23501,19251
23501,19252
23501,19253
23501,19254
23501,19255
23501,19256
23501,19257
23501,19258
23501,19259
23501,19260
23501,19261
23501,19262
23501,19263
23501,19264
23501,19265
23501,19266
23501,19267
23501,19268
23501,19269
23501,19270
23501,19271
23501,19272
23501,19273
23501,19274
23501,19275
23501,19276
23501,19277
23501,19278
23501,19279
23501,19280
23501,19281
23501,19282
23501,19283
23501,19284
23501,19285
23501,19286
23501,19287
23501,19288
23501,19289
23501,19290
23501,19291
23501,19292
23501,19293
23502,19188
23502,19189
23502,19190
23502,19191
23502,19192
23502,19193
23502,19194
23502,19195
23502,19196
23502,19197
23502,19198
23502,19199
23502,19200
23502,19201
23502,19202
23502,19203
23502,19204
23502,19205
23502,19206
23502,19207
23502,19208
23502,19209
23502,19210
23502,19211
23502,19212
23502,19213
23502,19214
23502,19215
23502,19216
23502,19217
23502,19218
23502,19219
23502,19220
23502,19221
23502,19222
23502,19223
23502,19224
23502,19225
23502,19226
23502,19227
23502,19228
23502,19229
23502,19230
23502,19231
23502,19232
23502,19233
23502,19234
23502,19235
23502,19236
23502,19237
23502,19238
23502,19239
23502,19240
23502,19241
23502,19242
23502,19243
23502,19244
23502,19245
23502,19246
23502,19247
23502,19248
23502,19249
23502,19250
23502,19251
23502,19252
23502,19253
23502,19254
23502,19255
23502,19256
23502,19257
23502,19258
23502,19259
23502,19260
23502,19261
23502,19262
23502,19263
23502,19264
23502,19265
23502,19266
23502,19267
23502,19268
23502,19269
23502,19270
23502,19271
23502,19272
23502,19273
23502,19274
23502,19275
23502,19276
23502,19277
23502,19278
23502,19279
23502,19280
23502,19282
23502,19283
23502,19284
23502,19285
23502,19286
23502,19287
23502,19288
23502,19289
23502,19290
23502,19291
23502,19292
23502,19293
23503,19188
23503,19189
23503,19190
23503,19191
23503,19192
23503,19193
23503,19194
23503,19195
23503,19196
23503,19197
23503,19198
23503,19199
23503,19200
23503,19201
23503,19202
23503,19203
23503,19204
23503,19205
23503,19206
23503,19207
23503,19208
23503,19209
23503,19210
23503,19211
23503,19212
23503,19213
23503,19214
23503,19215
23503,19216
23503,19217
23503,19218
23503,19219
23503,19220
23503,19221
23503,19222
23503,19223
23503,19224
23503,19225
23503,19226
23503,19227
23503,19228
23503,19229
23503,19230
23503,19231
23503,19232
23503,19233
23503,19234
23503,19235
23503,19236
23503,19237
23503,19238
23503,19239
23503,19240
23503,19241
23503,19242
23503,19243
23503,19244
23503,19245
23503,19246
23503,19247
23503,19248
23503,19249
23503,19250
23503,19251
23503,19252
23503,19253
23503,19254
23503,19255
23503,19256
23503,19257
23503,19258
23503,19259
23503,19260
23503,19261
23503,19262
23503,19263
23503,19264
23503,19265
23503,19266
23503,19267
23503,19268
23503,19269
23503,19270
23503,19271
23503,19272
23503,19273
23503,19274
23503,19275
23503,19276
23503,19277
23503,19278
23503,19279
23503,19280
23503,19283
23503,19284
23503,19285
23503,19286
23503,19287
23503,19288
23503,19289
23503,19290
23503,19291
23503,19292
23503,19293
23504,19187
23504,19188
23504,19189
23504,19190
23504,19191
23504,19192
23504,19193
23504,19194
23504,19195
23504,19196
23504,19197
23504,19198
23504,19199
23504,19200
23504,19201
23504,19202
23504,19203
23504,19204
23504,19205
23504,19206
23504,19207
23504,19208
23504,19209
23504,19210
23504,19211
23504,19212
23504,19213
23504,19214
23504,19215
23504,19216
23504,19217
23504,19218
23504,19219
23504,19220
23504,19221
23504,19222
23504,19223
23504,19224
23504,19225
23504,19226
23504,19227
23504,19228
23504,19229
23504,19230
23504,19231
23504,19232
23504,19233
23504,19234
23504,19235
23504,19236
23504,19237
23504,19238
23504,19239
23504,19240
23504,19241
23504,19242
23504,19243
23504,19244
23504,19245
23504,19246
23504,19247
23504,19248
23504,19249
23504,19250
23504,19251
23504,19252
23504,19253
23504,19254
23504,19255
23504,19256
23504,19257
23504,19258
23504,19259
23504,19260
23504,19261
23504,19262
23504,19263
23504,19264
23504,19265
23504,19266
23504,19267
23504,19268
23504,19269
23504,19270
23504,19271
23504,19272
23504,19273
23504,19274
23504,19275
23504,19276
23504,19277
23504,19278
23504,19279
23504,19284
23504,19285
23504,19286
23504,19287
23504,19288
23504,19289
23504,19290
23504,19291
23504,19292
23504,19293
23505,19186
23505,19187
23505,19188
23505,19189
23505,19190
23505,19191
23505,19192
23505,19193
23505,19194
23505,19195
23505,19196
23505,19197
23505,19198
23505,19199
23505,19200
23505,19201
23505,19202
23505,19203
23505,19204
23505,19205
23505,19206
23505,19207
23505,19208
23505,19209
23505,19210
23505,19211
23505,19212
23505,19213
23505,19214
23505,19215
23505,19216
23505,19217
23505,19218
23505,19219
23505,19220
23505,19221
23505,19222
23505,19223
23505,19224
23505,19225
23505,19226
23505,19227
23505,19228
23505,19229
23505,19230
23505,19231
23505,19232
23505,19233
23505,19234
23505,19235
23505,19236
23505,19237
23505,19238
23505,19239
23505,19240
23505,19241
23505,19242
23505,19243
23505,19244
23505,19245
23505,19246
23505,19247
23505,19248
23505,19249
23505,19250
23505,19251
23505,19252
23505,19253
23505,19254
23505,19255
23505,19256
23505,19257
23505,19258
23505,19259
23505,19260
23505,19261
23505,19262
23505,19263
23505,19264
23505,19265
23505,19266
23505,19267
23505,19268
23505,19269
23505,19270
23505,19271
23505,19272
23505,19273
23505,19274
23505,19275
23505,19276
23505,19277
23505,19278
23505,19287
23505,19288
23505,19289
23505,19290
23506,19185
23506,19186
23506,19187
23506,19188
23506,19189
23506,19190
23506,19191
23506,19192
23506,19193
23506,19194
23506,19195
23506,19196
23506,19197
23506,19198
23506,19199
23506,19200
23506,19201
23506,19202
23506,19203
23506,19204
23506,19205
23506,19206
23506,19207
23506,19208
23506,19209
23506,19210
23506,19211
23506,19212
23506,19213
23506,19214
23506,19215
23506,19216
23506,19217
23506,19218
23506,19219
23506,19220
23506,19221
23506,19222
23506,19223
23506,19224
23506,19225
23506,19226
23506,19227
23506,19228
23506,19229
23506,19230
23506,19231
23506,19232
23506,19233
23506,19234
23506,19235
23506,19236
23506,19237
23506,19238
23506,19239
23506,19240
23506,19241
23506,19242
23506,19243
23506,19244
23506,19245
23506,19246
23506,19247
23506,19248
23506,19249
23506,19250
23506,19251
23506,19252
23506,19253
23506,19254
23506,19255
23506,19256
23506,19257
23506,19258
23506,19259
23506,19260
23506,19261
23506,19262
23506,19263
23506,19264
23506,19265
23506,19266
23506,19267
23506,19268
23506,19269
23506,19270
23506,19271
23506,19272
23506,19273
23506,19274
23506,19275
23506,19276
23506,19277
23507,19184
23507,19185
23507,19186
23507,19187
23507,19188
23507,19189
23507,19190
23507,19191
23507,19192
23507,19193
23507,19194
23507,19195
23507,19196
23507,19197
23507,19198
23507,19199
23507,19200
23507,19201
23507,19202
23507,19203
23507,19204
23507,19205
23507,19206
23507,19207
23507,19208
23507,19209
23507,19210
23507,19211
23507,19212
23507,19213
23507,19214
23507,19215
23507,19216
23507,19217
23507,19218
23507,19219
23507,19220
23507,19221
23507,19222
23507,19223
23507,19224
23507,19225
23507,19226
23507,19227
23507,19228
23507,19229
23507,19230
23507,19231
23507,19232
23507,19233
23507,19234
23507,19235
23507,19236
23507,19237
23507,19238
23507,19239
23507,19240
23507,19241
23507,19242
23507,19243
23507,19244
23507,19245
23507,19246
23507,19247
23507,19248
23507,19249
23507,19250
23507,19251
23507,19252
23507,19253
23507,19254
23507,19255
23507,19256
23507,19257
23507,19258
23507,19259
23507,19260
23507,19261
23507,19262
23507,19263
23507,19264
23507,19265
23507,19266
23507,19267
23507,19268
23507,19269
23507,19270
23507,19271
23507,19272
23507,19273
23507,19274
23507,19275
23507,19276
23507,19277
23508,19184
23508,19185
23508,19186
23508,19187
23508,19188
23508,19189
23508,19190
23508,19191
23508,19192
23508,19193
23508,19194
23508,19195
23508,19196
23508,19197
23508,19198
23508,19199
23508,19200
23508,19201
23508,19202
23508,19203
23508,19204
23508,19205
23508,19206
23508,19207
23508,19208
23508,19209
23508,19210
23508,19211
23508,19212
23508,19213
23508,19214
23508,19215
23508,19216
23508,19217
23508,19218
23508,19219
23508,19220
23508,19221
23508,19222
23508,19223
23508,19224
23508,19225
23508,19226
23508,19227
23508,19228
23508,19229
23508,19230
23508,19231
23508,19232
23508,19233
23508,19234
23508,19235
23508,19236
23508,19237
23508,19238
23508,19239
23508,19240
23508,19241
23508,19242
23508,19243
23508,19244
23508,19245
23508,19246
23508,19247
23508,19248
23508,19249
23508,19250
23508,19251
23508,19252
23508,19253
23508,19254
23508,19255
23508,19256
23508,19257
23508,19258
23508,19259
23508,19260
23508,19261
23508,19262
23508,19263
23508,19264
23508,19265
23508,19266
23508,19267
23508,19268
23508,19269
23508,19270
23508,19271
23508,19272
23508,19273
23508,19274
23508,19275
23508,19276
23508,19277
23508,19278
23509,19184
23509,19185
23509,19186
23509,19187
23509,19188
23509,19189
23509,19190
23509,19191
23509,19192
23509,19193
23509,19194
23509,19195
23509,19196
23509,19197
23509,19198
23509,19199
23509,19200
23509,19201
23509,19202
23509,19203
23509,19204
23509,19205
23509,19206
23509,19207
23509,19208
23509,19209
23509,19210
23509,19211
23509,19212
23509,19213
23509,19214
23509,19215
23509,19216
23509,19217
23509,19218
23509,19219
23509,19220
23509,19221
23509,19222
23509,19223
23509,19224
23509,19225
23509,19226
23509,19227
23509,19228
23509,19229
23509,19230
23509,19231
23509,19232
23509,19233
23509,19234
23509,19235
23509,19236
23509,19237
23509,19238
23509,19239
23509,19240
23509,19241
23509,19242
23509,19243
23509,19244
23509,19245
23509,19246
23509,19247
23509,19248
23509,19249
23509,19250
23509,19251
23509,19252
23509,19253
23509,19254
23509,19255
23509,19256
23509,19257
23509,19258
23509,19259
23509,19260
23509,19261
23509,19262
23509,19263
23509,19264
23509,19265
23509,19266
23509,19267
23509,19268
23509,19269
23509,19270
23509,19271
23509,19272
23509,19273
23509,19274
23509,19275
23509,19276
23509,19277
23509,19278
23509,19279
23510,19183
23510,19184
23510,19185
23510,19186
23510,19187
23510,19188
23510,19189
23510,19190
23510,19191
23510,19192
23510,19193
23510,19194
23510,19195
23510,19196
23510,19197
23510,19198
23510,19199
23510,19200
23510,19201
23510,19202
23510,19203
23510,19204
23510,19205
23510,19206
23510,19207
23510,19208
23510,19209
23510,19210
23510,19211
23510,19212
23510,19213
23510,19214
23510,19215
23510,19216
23510,19217
23510,19218
23510,19219
23510,19220
23510,19221
23510,19222
23510,19223
23510,19224
23510,19225
23510,19226
23510,19227
23510,19228
23510,19229
23510,19230
23510,19231
23510,19232
23510,19233
23510,19234
23510,19235
23510,19236
23510,19237
23510,19238
23510,19239
23510,19240
23510,19241
23510,19242
23510,19243
23510,19244
23510,19245
23510,19246
23510,19247
23510,19248
23510,19249
23510,19250
23510,19251
23510,19252
23510,19253
23510,19254
23510,19255
23510,19256
23510,19257
23510,19258
23510,19259
23510,19260
23510,19261
23510,19262
23510,19263
23510,19264
23510,19265
23510,19266
23510,19267
23510,19268
23510,19269
23510,19270
23510,19271
23510,19272
23510,19273
23510,19274
23510,19275
23510,19276
23510,19277
23510,19278
23510,19279
23511,19184
23511,19185
23511,19186
23511,19187
23511,19188
23511,19189
23511,19190
23511,19191
23511,19192
23511,19193
23511,19194
23511,19195
23511,19196
23511,19197
23511,19198
23511,19199
23511,19200
23511,19201
23511,19202
23511,19203
23511,19204
23511,19205
23511,19206
23511,19207
23511,19208
23511,19209
23511,19210
23511,19211
23511,19212
23511,19213
23511,19214
23511,19215
23511,19216
23511,19217
23511,19218
23511,19219
23511,19220
23511,19221
23511,19222
23511,19223
23511,19224
23511,19225
23511,19226
23511,19227
23511,19228
23511,19229
23511,19230
23511,19231
23511,19232
23511,19233
23511,19234
23511,19235
23511,19236
23511,19237
23511,19238
23511,19239
23511,19240
23511,19241
23511,19242
23511,19243
23511,19244
23511,19245
23511,19246
23511,19247
23511,19248
23511,19249
23511,19250
23511,19251
23511,19252
23511,19253
23511,19254
23511,19255
23511,19256
23511,19257
23511,19258
23511,19259
23511,19260
23511,19261
23511,19262
23511,19263
23511,19264
23511,19265
23511,19266
23511,19267
23511,19268
23511,19269
23511,19270
23511,19271
23511,19272
23511,19273
23511,19274
23511,19275
23511,19276
23511,19277
23511,19278
23511,19279
23512,19184
23512,19185
23512,19186
23512,19187
23512,19188
23512,19189
23512,19190
23512,19191
23512,19192
23512,19193
23512,19194
23512,19195
23512,19196
23512,19197
23512,19198
23512,19199
23512,19200
23512,19201
23512,19202
23512,19203
23512,19204
23512,19205
23512,19206
23512,19207
23512,19208
23512,19209
23512,19210
23512,19211
23512,19212
23512,19213
23512,19214
23512,19215
23512,19216
23512,19217
23512,19218
23512,19219
23512,19220
23512,19221
23512,19222
23512,19223
23512,19224
23512,19225
23512,19226
23512,19227
23512,19228
23512,19229
23512,19230
23512,19231
23512,19232
23512,19233
23512,19234
23512,19235
23512,19236
23512,19237
23512,19238
23512,19239
23512,19240
23512,19241
23512,19242
23512,19243
23512,19244
23512,19245
23512,19246
23512,19247
23512,19248
23512,19249
23512,19250
23512,19251
23512,19252
23512,19253
23512,19254
23512,19255
23512,19256
23512,19257
23512,19258
23512,19259
23512,19260
23512,19261
23512,19262
23512,19263
23512,19264
23512,19265
23512,19266
23512,19267
23512,19268
23512,19269
23512,19270
23512,19271
23512,19272
23512,19273
23512,19274
23512,19275
23512,19276
23512,19277
23512,19278
23512,19279
23512,19280
23513,19184
23513,19185
23513,19186
23513,19187
23513,19188
23513,19189
23513,19190
23513,19191
23513,19192
23513,19193
23513,19194
23513,19195
23513,19198
23513,19199
23513,19200
23513,19201
23513,19202
23513,19203
23513,19204
23513,19205
23513,19206
23513,19207
23513,19208
23513,19209
23513,19210
23513,19211
23513,19212
23513,19213
23513,19214
23513,19215
23513,19216
23513,19217
23513,19218
23513,19219
23513,19220
23513,19221
23513,19222
23513,19223
23513,19224
23513,19225
23513,19226
23513,19227
23513,19228
23513,19229
23513,19230
23513,19231
23513,19232
23513,19233
23513,19234
23513,19235
23513,19236
23513,19237
23513,19238
23513,19239
23513,19240
23513,19241
23513,19242
23513,19243
23513,19244
23513,19245
23513,19246
23513,19247
23513,19248
23513,19249
23513,19250
23513,19251
23513,19252
23513,19253
23513,19254
23513,19255
23513,19256
23513,19257
23513,19258
23513,19259
23513,19260
23513,19261
23513,19262
23513,19263
23513,19264
23513,19265
23513,19266
23513,19267
23513,19268
23513,19269
23513,19270
23513,19271
23513,19272
23513,19273
23513,19274
23513,19275
23513,19276
23513,19277
23513,19278
23513,19279
23514,19185
23514,19186
23514,19187
23514,19188
23514,19189
23514,19190
23514,19191
23514,19192
23514,19193
23514,19194
23514,19195
23514,19201
23514,19203
23514,19204
23514,19205
23514,19206
23514,19207
23514,19208
23514,19209
23514,19210
23514,19211
23514,19212
23514,19213
23514,19214
23514,19215
23514,19216
23514,19217
23514,19218
23514,19219
23514,19220
23514,19221
23514,19222
23514,19223
23514,19224
23514,19225
23514,19226
23514,19227
23514,19228
23514,19229
23514,19230
23514,19231
23514,19232
23514,19233
23514,19234
23514,19235
23514,19236
23514,19237
23514,19238
23514,19239
23514,19240
23514,19241
23514,19242
23514,19243
23514,19244
23514,19245
23514,19246
23514,19247
23514,19248
23514,19249
23514,19250
23514,19251
23514,19252
23514,19253
23514,19254
23514,19255
23514,19256
23514,19257
23514,19258
23514,19259
23514,19260
23514,19261
23514,19262
23514,19263
23514,19264
23514,19265
23514,19266
23514,19267
23514,19268
23514,19269
23514,19270
23514,19271
23514,19272
23514,19273
23514,19274
23514,19275
23514,19276
23514,19277
23514,19278
23514,19279
23514,19280
23515,19186
23515,19187
23515,19188
23515,19189
23515,19190
23515,19191
23515,19192
23515,19193
23515,19194
23515,19205
23515,19206
23515,19207
23515,19208
23515,19209
23515,19210
23515,19211
23515,19212
23515,19213
23515,19214
23515,19215
23515,19216
23515,19217
23515,19218
23515,19219
23515,19220
23515,19221
23515,19222
23515,19223
23515,19224
23515,19225
23515,19226
23515,19227
23515,19228
23515,19229
23515,19230
23515,19231
23515,19232
23515,19233
23515,19234
23515,19235
23515,19236
23515,19237
23515,19238
23515,19239
23515,19240
23515,19241
23515,19242
23515,19243
23515,19244
23515,19245
23515,19246
23515,19247
23515,19248
23515,19249
23515,19250
23515,19251
23515,19252
23515,19253
23515,19254
23515,19255
23515,19256
23515,19257
23515,19258
23515,19259
23515,19260
23515,19261
23515,19262
23515,19263
23515,19264
23515,19265
23515,19266
23515,19267
23515,19268
23515,19269
23515,19270
23515,19271
23515,19272
23515,19273
23515,19274
23515,19275
23515,19276
23515,19277
23515,19278
23515,19279
23515,19280
23516,19188
23516,19189
23516,19190
23516,19191
23516,19192
23516,19193
23516,19205
23516,19206
23516,19207
23516,19208
23516,19209
23516,19210
23516,19211
23516,19212
23516,19213
23516,19214
23516,19215
23516,19216
23516,19217
23516,19218
23516,19219
23516,19220
23516,19221
23516,19222
23516,19223
23516,19224
23516,19225
23516,19226
23516,19227
23516,19228
23516,19229
23516,19230
23516,19231
23516,19232
23516,19233
23516,19234
23516,19235
23516,19236
23516,19237
23516,19238
23516,19239
23516,19240
23516,19241
23516,19242
23516,19243
23516,19244
23516,19245
23516,19246
23516,19247
23516,19248
23516,19249
23516,19250
23516,19251
23516,19252
23516,19253
23516,19254
23516,19255
23516,19256
23516,19257
23516,19258
23516,19259
23516,19260
23516,19261
23516,19262
23516,19263
23516,19264
23516,19265
23516,19266
23516,19267
23516,19268
23516,19269
23516,19270
23516,19271
23516,19272
23516,19273
23516,19274
23516,19275
23516,19276
23516,19277
23516,19278
23516,19279
23516,19280
23517,19191
23517,19206
23517,19207
23517,19208
23517,19209
23517,19210
23517,19211
23517,19212
23517,19213
23517,19214
23517,19215
23517,19216
23517,19217
23517,19218
23517,19219
23517,19220
23517,19221
23517,19222
23517,19223
23517,19224
23517,19225
23517,19226
23517,19227
23517,19228
23517,19229
23517,19230
23517,19231
23517,19232
23517,19233
23517,19234
23517,19235
23517,19236
23517,19237
23517,19238
23517,19239
23517,19240
23517,19241
23517,19242
23517,19243
23517,19244
23517,19245
23517,19246
23517,19247
23517,19248
23517,19249
23517,19250
23517,19251
23517,19252
23517,19253
23517,19254
23517,19255
23517,19256
23517,19257
23517,19258
23517,19259
23517,19260
23517,19261
23517,19262
23517,19263
23517,19264
23517,19265
23517,19266
23517,19267
23517,19268
23517,19269
23517,19270
23517,19271
23517,19272
23517,19273
23517,19274
23517,19275
23517,19276
23517,19277
23517,19278
23517,19279
23517,19280
23518,19207
23518,19208
23518,19209
23518,19210
23518,19211
23518,19212
23518,19213
23518,19214
23518,19215
23518,19216
23518,19217
23518,19218
23518,19219
23518,19220
23518,19221
23518,19222
23518,19223
23518,19224
23518,19225
23518,19226
23518,19227
23518,19228
23518,19229
23518,19230
23518,19231
23518,19232
23518,19233
23518,19234
23518,19235
23518,19236
23518,19237
23518,19238
23518,19239
23518,19240
23518,19241
23518,19242
23518,19243
23518,19244
23518,19245
23518,19246
23518,19247
23518,19248
23518,19249
23518,19250
23518,19251
23518,19252
23518,19253
23518,19254
23518,19255
23518,19256
23518,19257
23518,19258
23518,19259
23518,19260
23518,19261
23518,19262
23518,19263
23518,19264
23518,19265
23518,19266
23518,19267
23518,19268
23518,19269
23518,19270
23518,19271
23518,19272
23518,19273
23518,19274
23518,19275
23518,19276
23518,19277
23518,19278
23518,19279
23518,19280
23519,19210
23519,19212
23519,19213
23519,19214
23519,19215
23519,19216
23519,19217
23519,19218
23519,19219
23519,19220
23519,19221
23519,19222
23519,19223
23519,19224
23519,19225
23519,19226
23519,19227
23519,19228
23519,19229
23519,19230
23519,19231
23519,19232
23519,19233
23519,19234
23519,19235
23519,19236
23519,19237
23519,19238
23519,19239
23519,19240
23519,19241
23519,19242
23519,19243
23519,19244
23519,19245
23519,19246
23519,19247
23519,19248
23519,19249
23519,19250
23519,19251
23519,19252
23519,19253
23519,19254
23519,19255
23519,19256
23519,19257
23519,19258
23519,19259
23519,19260
23519,19261
23519,19262
23519,19263
23519,19264
23519,19265
23519,19266
23519,19267
23519,19268
23519,19269
23519,19270
23519,19271
23519,19272
23519,19273
23519,19274
23519,19275
23519,19276
23519,19277
23519,19278
23519,19279
23519,19280
23519,19281
23520,19212
23520,19213
23520,19214
23520,19215
23520,19216
23520,19217
23520,19218
23520,19219
23520,19220
23520,19221
23520,19222
23520,19223
23520,19224
23520,19225
23520,19226
23520,19227
23520,19228
23520,19229
23520,19230
23520,19231
23520,19232
23520,19233
23520,19234
23520,19235
23520,19236
23520,19237
23520,19238
23520,19239
23520,19240
23520,19241
23520,19242
23520,19243
23520,19244
23520,19245
23520,19246
23520,19247
23520,19248
23520,19249
23520,19250
23520,19251
23520,19252
23520,19253
23520,19254
23520,19255
23520,19256
23520,19257
23520,19258
23520,19259
23520,19260
23520,19261
23520,19262
23520,19263
23520,19264
23520,19265
23520,19266
23520,19267
23520,19268
23520,19269
23520,19270
23520,19271
23520,19272
23520,19273
23520,19274
23520,19275
23520,19276
23520,19277
23520,19278
23520,19279
23520,19280
23520,19281
23521,19213
23521,19214
23521,19215
23521,19216
23521,19217
23521,19218
23521,19219
23521,19220
23521,19221
23521,19222
23521,19223
23521,19224
23521,19225
23521,19226
23521,19227
23521,19228
23521,19229
23521,19230
23521,19231
23521,19232
23521,19233
23521,19234
23521,19235
23521,19236
23521,19237
23521,19238
23521,19239
23521,19240
23521,19241
23521,19242
23521,19243
23521,19244
23521,19245
23521,19246
23521,19247
23521,19248
23521,19249
23521,19250
23521,19251
23521,19252
23521,19253
23521,19254
23521,19255
23521,19256
23521,19257
23521,19258
23521,19259
23521,19260
23521,19261
23521,19262
23521,19263
23521,19264
23521,19265
23521,19266
23521,19267
23521,19268
23521,19269
23521,19270
23521,19271
23521,19272
23521,19273
23521,19274
23521,19275
23521,19276
23521,19277
23521,19278
23521,19279
23521,19280
23521,19281
23522,19213
23522,19214
23522,19215
23522,19216
23522,19217
23522,19218
23522,19219
23522,19220
23522,19221
23522,19222
23522,19223
23522,19224
23522,19225
23522,19226
23522,19227
23522,19228
23522,19229
23522,19230
23522,19231
23522,19232
23522,19233
23522,19234
23522,19235
23522,19236
23522,19237
23522,19238
23522,19239
23522,19240
23522,19241
23522,19242
23522,19243
23522,19244
23522,19245
23522,19246
23522,19247
23522,19248
23522,19249
23522,19250
23522,19251
23522,19252
23522,19253
23522,19254
23522,19255
23522,19256
23522,19257
23522,19258
23522,19259
23522,19260
23522,19261
23522,19262
23522,19263
23522,19264
23522,19265
23522,19266
23522,19267
23522,19268
23522,19269
23522,19270
23522,19271
23522,19272
23522,19273
23522,19274
23522,19275
23522,19276
23522,19277
23522,19278
23522,19279
23522,19280
23522,19281
23523,19213
23523,19214
23523,19215
23523,19216
23523,19217
23523,19218
23523,19219
23523,19220
23523,19221
23523,19222
23523,19223
23523,19224
23523,19225
23523,19226
23523,19227
23523,19228
23523,19229
23523,19230
23523,19231
23523,19232
23523,19233
23523,19234
23523,19235
23523,19236
23523,19237
23523,19238
23523,19239
23523,19240
23523,19241
23523,19242
23523,19243
23523,19244
23523,19245
23523,19246
23523,19247
23523,19248
23523,19249
23523,19250
23523,19251
23523,19252
23523,19253
23523,19254
23523,19255
23523,19256
23523,19257
23523,19258
23523,19259
23523,19260
23523,19261
23523,19262
23523,19263
23523,19264
23523,19265
23523,19266
23523,19267
23523,19268
23523,19269
23523,19270
23523,19271
23523,19272
23523,19273
23523,19274
23523,19275
23523,19276
23523,19277
23523,19278
23523,19279
23523,19280
23523,19281
23524,19214
23524,19215
23524,19216
23524,19217
23524,19218
23524,19219
23524,19220
23524,19221
23524,19222
23524,19223
23524,19224
23524,19225
23524,19226
23524,19227
23524,19228
23524,19229
23524,19230
23524,19231
23524,19232
23524,19233
23524,19234
23524,19235
23524,19236
23524,19237
23524,19238
23524,19239
23524,19240
23524,19241
23524,19242
23524,19243
23524,19244
23524,19245
23524,19246
23524,19247
23524,19248
23524,19249
23524,19250
23524,19251
23524,19252
23524,19253
23524,19254
23524,19255
23524,19256
23524,19257
23524,19258
23524,19259
23524,19260
23524,19261
23524,19262
23524,19263
23524,19264
23524,19265
23524,19266
23524,19267
23524,19268
23524,19269
23524,19270
23524,19271
23524,19272
23524,19273
23524,19274
23524,19275
23524,19276
23524,19277
23524,19278
23524,19279
23524,19280
23524,19281
23525,19214
23525,19215
23525,19216
23525,19217
23525,19218
23525,19219
23525,19220
23525,19221
23525,19222
23525,19223
23525,19224
23525,19225
23525,19226
23525,19227
23525,19228
23525,19229
23525,19230
23525,19231
23525,19232
23525,19233
23525,19234
23525,19235
23525,19236
23525,19237
23525,19238
23525,19239
23525,19240
23525,19241
23525,19242
23525,19243
23525,19244
23525,19245
23525,19246
23525,19247
23525,19248
23525,19249
23525,19250
23525,19251
23525,19252
23525,19253
23525,19254
23525,19255
23525,19256
23525,19257
23525,19258
23525,19259
23525,19260
23525,19261
23525,19262
23525,19263
23525,19264
23525,19265
23525,19266
23525,19267
23525,19268
23525,19269
23525,19270
23525,19271
23525,19272
23525,19273
23525,19274
23525,19275
23525,19276
23525,19277
23525,19278
23525,19279
23525,19280
23525,19281
23526,19215
23526,19216
23526,19217
23526,19218
23526,19219
23526,19220
23526,19221
23526,19222
23526,19223
23526,19224
23526,19225
23526,19226
23526,19227
23526,19228
23526,19229
23526,19230
23526,19231
23526,19232
23526,19233
23526,19234
23526,19235
23526,19236
23526,19237
23526,19238
23526,19239
23526,19240
23526,19241
23526,19242
23526,19243
23526,19244
23526,19245
23526,19246
23526,19247
23526,19248
23526,19249
23526,19250
23526,19251
23526,19252
23526,19253
23526,19254
23526,19255
23526,19256
23526,19257
23526,19258
23526,19259
23526,19260
23526,19261
23526,19262
23526,19263
23526,19264
23526,19265
23526,19266
23526,19267
23526,19268
23526,19269
23526,19270
23526,19271
23526,19272
23526,19273
23526,19274
23526,19275
23526,19276
23526,19277
23526,19278
23526,19279
23526,19280
23527,19216
23527,19217
23527,19218
23527,19219
23527,19220
23527,19221
23527,19222
23527,19223
23527,19224
23527,19225
23527,19226
23527,19227
23527,19228
23527,19229
23527,19230
23527,19231
23527,19232
23527,19233
23527,19234
23527,19235
23527,19236
23527,19237
23527,19238
23527,19239
23527,19240
23527,19241
23527,19242
23527,19243
23527,19244
23527,19245
23527,19246
23527,19247
23527,19248
23527,19249
23527,19250
23527,19251
23527,19252
23527,19253
23527,19254
23527,19255
23527,19256
23527,19257
23527,19258
23527,19259
23527,19260
23527,19261
23527,19262
23527,19263
23527,19264
23527,19265
23527,19266
23527,19267
23527,19268
23527,19269
23527,19270
23527,19271
23527,19272
23527,19273
23527,19274
23527,19275
23527,19276
23527,19277
23527,19278
23527,19279
23527,19280
23528,19218
23528,19219
23528,19220
23528,19221
23528,19222
23528,19223
23528,19224
23528,19225
23528,19226
23528,19227
23528,19228
23528,19229
23528,19230
23528,19231
23528,19232
23528,19233
23528,19234
23528,19235
23528,19236
23528,19237
23528,19238
23528,19239
23528,19240
23528,19241
23528,19242
23528,19243
23528,19244
23528,19245
23528,19246
23528,19247
23528,19248
23528,19249
23528,19250
23528,19251
23528,19252
23528,19253
23528,19254
23528,19255
23528,19256
23528,19257
23528,19258
23528,19259
23528,19260
23528,19261
23528,19262
23528,19263
23528,19264
23528,19265
23528,19266
23528,19267
23528,19268
23528,19269
23528,19270
23528,19271
23528,19272
23528,19273
23528,19274
23528,19275
23528,19276
23528,19277
23528,19278
23528,19279
23528,19280
23529,19220
23529,19221
23529,19222
23529,19223
23529,19224
23529,19225
23529,19226
23529,19227
23529,19228
23529,19229
23529,19230
23529,19231
23529,19232
23529,19233
23529,19234
23529,19235
23529,19236
23529,19237
23529,19238
23529,19239
23529,19240
23529,19241
23529,19242
23529,19243
23529,19244
23529,19245
23529,19246
23529,19247
23529,19248
23529,19249
23529,19250
23529,19251
23529,19252
23529,19253
23529,19254
23529,19255
23529,19256
23529,19257
23529,19258
23529,19259
23529,19260
23529,19261
23529,19262
23529,19263
23529,19264
23529,19265
23529,19266
23529,19267
23529,19268
23529,19269
23529,19270
23529,19271
23529,19272
23529,19273
23529,19274
23529,19275
23529,19276
23529,19277
23529,19278
23529,19279
23530,19221
23530,19222
23530,19223
23530,19224
23530,19225
23530,19226
23530,19227
23530,19228
23530,19229
23530,19230
23530,19231
23530,19232
23530,19233
23530,19234
23530,19235
23530,19236
23530,19237
23530,19238
23530,19239
23530,19240
23530,19241
23530,19242
23530,19243
23530,19244
23530,19245
23530,19246
23530,19247
23530,19248
23530,19249
23530,19250
23530,19251
23530,19252
23530,19253
23530,19254
23530,19255
23530,19256
23530,19257
23530,19258
23530,19259
23530,19260
23530,19261
23530,19262
23530,19263
23530,19264
23530,19265
23530,19266
23530,19267
23530,19268
23530,19269
23530,19270
23530,19271
23530,19272
23530,19273
23530,19274
23530,19275
23530,19276
23530,19277
23530,19278
23530,19279
23531,19223
23531,19224
23531,19225
23531,19226
23531,19227
23531,19228
23531,19229
23531,19230
23531,19231
23531,19232
23531,19233
23531,19234
23531,19235
23531,19236
23531,19237
23531,19238
23531,19239
23531,19240
23531,19241
23531,19242
23531,19243
23531,19244
23531,19245
23531,19246
23531,19247
23531,19248
23531,19249
23531,19250
23531,19251
23531,19252
23531,19253
23531,19254
23531,19255
23531,19256
23531,19257
23531,19258
23531,19259
23531,19260
23531,19261
23531,19262
23531,19263
23531,19264
23531,19265
23531,19266
23531,19267
23531,19268
23531,19269
23531,19270
23531,19271
23531,19272
23531,19273
23531,19274
23531,19275
23531,19276
23531,19277
23531,19278
23532,19223
23532,19224
23532,19225
23532,19226
23532,19227
23532,19228
23532,19229
23532,19230
23532,19231
23532,19232
23532,19233
23532,19234
23532,19235
23532,19236
23532,19237
23532,19238
23532,19239
23532,19240
23532,19241
23532,19242
23532,19243
23532,19244
23532,19245
23532,19246
23532,19247
23532,19248
23532,19249
23532,19250
23532,19251
23532,19252
23532,19253
23532,19254
23532,19255
23532,19256
23532,19257
23532,19258
23532,19259
23532,19260
23532,19261
23532,19262
23532,19263
23532,19264
23532,19265
23532,19266
23532,19267
23532,19268
23532,19269
23532,19270
23532,19271
23532,19272
23532,19273
23532,19274
23532,19275
23532,19276
23532,19277
23532,19278
23533,19223
23533,19224
23533,19225
23533,19226
23533,19227
23533,19228
23533,19229
23533,19230
23533,19231
23533,19232
23533,19233
23533,19234
23533,19235
23533,19236
23533,19237
23533,19238
23533,19239
23533,19240
23533,19241
23533,19242
23533,19243
23533,19244
23533,19245
23533,19246
23533,19247
23533,19248
23533,19249
23533,19250
23533,19251
23533,19252
23533,19253
23533,19254
23533,19255
23533,19256
23533,19257
23533,19258
23533,19259
23533,19260
23533,19261
23533,19262
23533,19263
23533,19264
23533,19265
23533,19266
23533,19267
23533,19268
23533,19269
23533,19270
23533,19271
23533,19272
23533,19273
23533,19274
23533,19275
23533,19276
23533,19277
23533,19278
23534,19224
23534,19225
23534,19226
23534,19227
23534,19228
23534,19229
23534,19230
23534,19231
23534,19232
23534,19233
23534,19234
23534,19235
23534,19236
23534,19237
23534,19238
23534,19239
23534,19240
23534,19241
23534,19242
23534,19243
23534,19244
23534,19245
23534,19246
23534,19247
23534,19248
23534,19249
23534,19250
23534,19251
23534,19252
23534,19253
23534,19254
23534,19255
23534,19256
23534,19257
23534,19258
23534,19259
23534,19260
23534,19261
23534,19262
23534,19263
23534,19264
23534,19265
23534,19266
23534,19267
23534,19268
23534,19269
23534,19270
23534,19271
23534,19272
23534,19273
23534,19274
23534,19275
23534,19276
23534,19277
23535,19224
23535,19225
23535,19226
23535,19227
23535,19228
23535,19229
23535,19230
23535,19231
23535,19232
23535,19233
23535,19234
23535,19235
23535,19236
23535,19237
23535,19238
23535,19239
23535,19240
23535,19241
23535,19242
23535,19243
23535,19244
23535,19245
23535,19246
23535,19247
23535,19248
23535,19249
23535,19250
23535,19251
23535,19252
23535,19253
23535,19254
23535,19255
23535,19256
23535,19257
23535,19258
23535,19259
23535,19260
23535,19261
23535,19262
23535,19263
23535,19264
23535,19265
23535,19266
23535,19267
23535,19268
23535,19269
23535,19270
23535,19271
23535,19272
23535,19273
23535,19274
23535,19275
23535,19276
23536,19224
23536,19225
23536,19226
23536,19227
23536,19228
23536,19229
23536,19230
23536,19231
23536,19232
23536,19233
23536,19234
23536,19235
23536,19236
23536,19237
23536,19238
23536,19239
23536,19240
23536,19241
23536,19242
23536,19243
23536,19244
23536,19245
23536,19246
23536,19247
23536,19248
23536,19249
23536,19250
23536,19251
23536,19252
23536,19253
23536,19254
23536,19255
23536,19256
23536,19257
23536,19258
23536,19259
23536,19260
23536,19261
23536,19262
23536,19263
23536,19264
23536,19265
23536,19266
23536,19267
23536,19268
23536,19269
23536,19270
23536,19271
23536,19272
23536,19273
23536,19274
23536,19275
23537,19225
23537,19226
23537,19227
23537,19228
23537,19229
23537,19230
23537,19231
23537,19232
23537,19233
23537,19234
23537,19235
23537,19236
23537,19237
23537,19238
23537,19239
23537,19240
23537,19241
23537,19242
23537,19243
23537,19244
23537,19245
23537,19246
23537,19247
23537,19248
23537,19249
23537,19250
23537,19251
23537,19252
23537,19253
23537,19254
23537,19255
23537,19256
23537,19257
23537,19258
23537,19259
23537,19260
23537,19261
23537,19262
23537,19263
23537,19264
23537,19265
23537,19266
23537,19267
23537,19268
23537,19269
23537,19270
23537,19271
23537,19272
23537,19273
23537,19274
23538,19226
23538,19227
23538,19228
23538,19229
23538,19230
23538,19231
23538,19232
23538,19233
23538,19234
23538,19235
23538,19236
23538,19237
23538,19238
23538,19239
23538,19240
23538,19241
23538,19242
23538,19243
23538,19244
23538,19245
23538,19246
23538,19247
23538,19248
23538,19249
23538,19250
23538,19251
23538,19252
23538,19253
23538,19254
23538,19255
23538,19256
23538,19257
23538,19258
23538,19259
23538,19260
23538,19261
23538,19262
23538,19263
23538,19264
23538,19265
23538,19266
23538,19267
23538,19268
23538,19269
23538,19270
23538,19271
23538,19272
23539,19227
23539,19228
23539,19229
23539,19230
23539,19231
23539,19232
23539,19233
23539,19234
23539,19235
23539,19236
23539,19237
23539,19238
23539,19239
23539,19240
23539,19241
23539,19242
23539,19243
23539,19244
23539,19245
23539,19246
23539,19247
23539,19248
23539,19249
23539,19250
23539,19251
23539,19252
23539,19253
23539,19254
23539,19255
23539,19256
23539,19257
23539,19258
23539,19259
23539,19260
23539,19261
23539,19262
23539,19263
23539,19264
23539,19265
23539,19266
23539,19267
23539,19268
23539,19269
23539,19270
23539,19271
23540,19229
23540,19230
23540,19231
23540,19232
23540,19233
23540,19234
23540,19238
23540,19239
23540,19240
23540,19241
23540,19242
23540,19243
23540,19244
23540,19245
23540,19246
23540,19247
23540,19248
23540,19249
23540,19250
23540,19251
23540,19252
23540,19253
23540,19254
23540,19255
23540,19256
23540,19257
23540,19258
23540,19259
23540,19260
23540,19261
23540,19262
23540,19263
23540,19264
23540,19265
23540,19266
23540,19267
23540,19268
23540,19269
23540,19270
23541,19238
23541,19239
23541,19240
23541,19241
23541,19242
23541,19243
23541,19244
23541,19245
23541,19246
23541,19247
23541,19248
23541,19249
23541,19250
23541,19251
23541,19252
23541,19253
23541,19254
23541,19255
23541,19256
23541,19257
23541,19258
23541,19259
23541,19260
23541,19261
23541,19262
23541,19263
23541,19264
23541,19265
23541,19266
23541,19267
23541,19268
23542,19238
23542,19239
23542,19240
23542,19241
23542,19242
23542,19243
23542,19244
23542,19245
23542,19246
23542,19247
23542,19248
23542,19249
23542,19250
23542,19251
23542,19252
23542,19253
23542,19254
23542,19255
23542,19256
23542,19257
23542,19258
23542,19259
23542,19260
23542,19261
23542,19262
23542,19263
23542,19264
23542,19265
23542,19266
23543,19237
23543,19238
23543,19239
23543,19240
23543,19241
23543,19242
23543,19243
23543,19244
23543,19245
23543,19246
23543,19247
23543,19248
23543,19249
23543,19250
23543,19251
23543,19252
23543,19253
23543,19254
23543,19255
23543,19256
23543,19257
23543,19258
23543,19259
23543,19260
23543,19261
23543,19262
23543,19263
23543,19264
23543,19265
23543,19266
23544,19237
23544,19238
23544,19239
23544,19240
23544,19241
23544,19242
23544,19243
23544,19244
23544,19245
23544,19246
23544,19247
23544,19248
23544,19249
23544,19250
23544,19251
23544,19252
23544,19253
23544,19254
23544,19255
23544,19256
23544,19257
23544,19258
23544,19259
23544,19260
23544,19261
23544,19262
23544,19263
23544,19264
23544,19265
23544,19266
23545,19237
23545,19238
23545,19239
23545,19240
23545,19241
23545,19242
23545,19243
23545,19244
23545,19245
23545,19246
23545,19247
23545,19248
23545,19249
23545,19250
23545,19251
23545,19252
23545,19253
23545,19254
23545,19255
23545,19256
23545,19257
23545,19258
23545,19259
23545,19260
23545,19261
23545,19262
23545,19263
23545,19264
23545,19265
23546,19237
23546,19238
23546,19239
23546,19240
23546,19241
23546,19242
23546,19243
23546,19244
23546,19245
23546,19246
23546,19247
23546,19248
23546,19249
23546,19250
23546,19251
23546,19252
23546,19253
23546,19254
23546,19255
23546,19256
23546,19257
23546,19258
23546,19259
23546,19260
23546,19261
23546,19262
23546,19263
23546,19264
23546,19265
23547,19238
23547,19239
23547,19240
23547,19241
23547,19242
23547,19243
23547,19244
23547,19245
23547,19246
23547,19247
23547,19248
23547,19249
23547,19250
23547,19251
23547,19252
23547,19253
23547,19254
23547,19255
23547,19256
23547,19257
23547,19258
23547,19259
23547,19260
23547,19261
23547,19262
23547,19263
23547,19264
23547,19265
23548,19238
23548,19239
23548,19240
23548,19241
23548,19242
23548,19243
23548,19244
23548,19245
23548,19246
23548,19247
23548,19248
23548,19249
23548,19250
23548,19251
23548,19252
23548,19253
23548,19254
23548,19255
23548,19256
23548,19257
23548,19258
23548,19259
23548,19260
23548,19261
23548,19262
23548,19263
23548,19264
23549,19238
23549,19239
23549,19240
23549,19241
23549,19242
23549,19243
23549,19244
23549,19245
23549,19246
23549,19247
23549,19248
23549,19249
23549,19250
23549,19251
23549,19252
23549,19253
23549,19254
23549,19255
23549,19256
23549,19257
23549,19258
23549,19259
23549,19260
23549,19261
23549,19262
23549,19263
23550,19239
23550,19240
23550,19241
23550,19242
23550,19243
23550,19244
23550,19245
23550,19246
23550,19247
23550,19248
23550,19249
23550,19250
23550,19251
23550,19252
23550,19253
23550,19254
23550,19255
23550,19256
23550,19257
23550,19258
23550,19259
23550,19260
23550,19261
23550,19262
23550,19263
23551,19240
23551,19241
23551,19242
23551,19243
23551,19244
23551,19245
23551,19246
23551,19247
23551,19248
23551,19249
23551,19250
23551,19251
23551,19252
23551,19253
23551,19254
23551,19255
23551,19256
23551,19257
23551,19258
23551,19259
23551,19260
23551,19261
23551,19262
23552,19241
23552,19242
23552,19243
23552,19244
23552,19245
23552,19246
23552,19247
23552,19248
23552,19249
23552,19250
23552,19251
23552,19252
23552,19253
23552,19254
23552,19255
23552,19256
23552,19257
23552,19258
23552,19259
23552,19260
23552,19261
23552,19262
23553,19242
23553,19243
23553,19244
23553,19245
23553,19246
23553,19247
23553,19248
23553,19249
23553,19250
23553,19251
23553,19252
23553,19253
23553,19254
23553,19255
23553,19256
23553,19257
23553,19258
23553,19259
23553,19260
23553,19261
23554,19243
23554,19244
23554,19245
23554,19246
23554,19247
23554,19248
23554,19249
23554,19250
23554,19251
23554,19252
23554,19253
23554,19254
23554,19255
23554,19256
23554,19257
23554,19258
23554,19259
23554,19260
23555,19245
23555,19246
23555,19247
23555,19248
23555,19249
23555,19250
23555,19251
23555,19252
23555,19253
23555,19254
23555,19255
23555,19256
23555,19257
23555,19258
23555,19259
23556,19246
23556,19247
23556,19248
23556,19249
23556,19250
23556,19251
23556,19252
23556,19253
23556,19254
23556,19255
23556,19256
23556,19257
23557,19248
23557,19249
23557,19250
23557,19251
23557,19252
23557,19253
23557,19254
23557,19255
23557,19256
23558,19251
23558,19253
