"X","Y"
13141,14100
13141,14101
13142,14097
13142,14098
13142,14099
13142,14100
13142,14101
13142,14102
13142,14103
13142,14104
13143,14096
13143,14097
13143,14098
13143,14099
13143,14100
13143,14101
13143,14102
13143,14103
13143,14104
13143,14105
13144,14094
13144,14095
13144,14096
13144,14097
13144,14098
13144,14099
13144,14100
13144,14101
13144,14102
13144,14103
13144,14104
13144,14105
13144,14106
13144,14107
13144,14108
13145,14093
13145,14094
13145,14095
13145,14096
13145,14097
13145,14098
13145,14099
13145,14100
13145,14101
13145,14102
13145,14103
13145,14104
13145,14105
13145,14106
13145,14107
13145,14108
13145,14109
13145,14110
13145,14119
13146,14079
13146,14088
13146,14089
13146,14090
13146,14091
13146,14092
13146,14093
13146,14094
13146,14095
13146,14096
13146,14097
13146,14098
13146,14099
13146,14100
13146,14101
13146,14102
13146,14103
13146,14104
13146,14105
13146,14106
13146,14107
13146,14108
13146,14109
13146,14110
13146,14111
13146,14116
13146,14117
13146,14118
13146,14119
13146,14120
13146,14121
13146,14122
13147,14076
13147,14077
13147,14078
13147,14079
13147,14080
13147,14081
13147,14082
13147,14085
13147,14086
13147,14087
13147,14088
13147,14089
13147,14090
13147,14091
13147,14092
13147,14093
13147,14094
13147,14095
13147,14096
13147,14097
13147,14098
13147,14099
13147,14100
13147,14101
13147,14102
13147,14103
13147,14104
13147,14105
13147,14106
13147,14107
13147,14108
13147,14109
13147,14110
13147,14111
13147,14112
13147,14113
13147,14115
13147,14116
13147,14117
13147,14118
13147,14119
13147,14120
13147,14121
13147,14122
13147,14123
13148,14072
13148,14073
13148,14074
13148,14075
13148,14076
13148,14077
13148,14078
13148,14079
13148,14080
13148,14081
13148,14082
13148,14083
13148,14084
13148,14085
13148,14086
13148,14087
13148,14088
13148,14089
13148,14090
13148,14091
13148,14092
13148,14093
13148,14094
13148,14095
13148,14096
13148,14097
13148,14098
13148,14099
13148,14100
13148,14101
13148,14102
13148,14103
13148,14104
13148,14105
13148,14106
13148,14107
13148,14108
13148,14109
13148,14110
13148,14111
13148,14112
13148,14113
13148,14114
13148,14115
13148,14116
13148,14117
13148,14118
13148,14119
13148,14120
13148,14121
13148,14122
13148,14123
13148,14124
13149,14066
13149,14068
13149,14069
13149,14070
13149,14071
13149,14072
13149,14073
13149,14074
13149,14075
13149,14076
13149,14077
13149,14078
13149,14079
13149,14080
13149,14081
13149,14082
13149,14083
13149,14084
13149,14085
13149,14086
13149,14087
13149,14088
13149,14089
13149,14090
13149,14091
13149,14092
13149,14093
13149,14094
13149,14095
13149,14096
13149,14097
13149,14098
13149,14099
13149,14100
13149,14101
13149,14102
13149,14103
13149,14104
13149,14105
13149,14106
13149,14107
13149,14108
13149,14109
13149,14110
13149,14111
13149,14112
13149,14113
13149,14114
13149,14115
13149,14116
13149,14117
13149,14118
13149,14119
13149,14120
13149,14121
13149,14122
13149,14123
13149,14124
13149,14125
13150,14064
13150,14065
13150,14066
13150,14067
13150,14068
13150,14069
13150,14070
13150,14071
13150,14072
13150,14073
13150,14074
13150,14075
13150,14076
13150,14077
13150,14078
13150,14079
13150,14080
13150,14081
13150,14082
13150,14083
13150,14084
13150,14085
13150,14086
13150,14087
13150,14088
13150,14089
13150,14090
13150,14091
13150,14092
13150,14093
13150,14094
13150,14095
13150,14096
13150,14097
13150,14098
13150,14099
13150,14100
13150,14101
13150,14102
13150,14103
13150,14104
13150,14105
13150,14106
13150,14107
13150,14108
13150,14109
13150,14110
13150,14111
13150,14112
13150,14113
13150,14114
13150,14115
13150,14116
13150,14117
13150,14118
13150,14119
13150,14120
13150,14121
13150,14122
13150,14123
13150,14124
13150,14125
13151,14047
13151,14048
13151,14050
13151,14063
13151,14064
13151,14065
13151,14066
13151,14067
13151,14068
13151,14069
13151,14070
13151,14071
13151,14072
13151,14073
13151,14074
13151,14075
13151,14076
13151,14077
13151,14078
13151,14079
13151,14080
13151,14081
13151,14082
13151,14083
13151,14084
13151,14085
13151,14086
13151,14087
13151,14088
13151,14089
13151,14090
13151,14091
13151,14092
13151,14093
13151,14094
13151,14095
13151,14096
13151,14097
13151,14098
13151,14099
13151,14100
13151,14101
13151,14102
13151,14103
13151,14104
13151,14105
13151,14106
13151,14107
13151,14108
13151,14109
13151,14110
13151,14111
13151,14112
13151,14113
13151,14114
13151,14115
13151,14116
13151,14117
13151,14118
13151,14119
13151,14120
13151,14121
13151,14122
13151,14123
13151,14124
13151,14125
13151,14126
13151,14127
13151,14128
13151,14129
13151,14130
13151,14131
13151,14132
13152,14044
13152,14045
13152,14046
13152,14047
13152,14048
13152,14049
13152,14050
13152,14051
13152,14052
13152,14053
13152,14062
13152,14063
13152,14064
13152,14065
13152,14066
13152,14067
13152,14068
13152,14069
13152,14070
13152,14071
13152,14072
13152,14073
13152,14074
13152,14075
13152,14076
13152,14077
13152,14078
13152,14079
13152,14080
13152,14081
13152,14082
13152,14083
13152,14084
13152,14085
13152,14086
13152,14087
13152,14088
13152,14089
13152,14090
13152,14091
13152,14092
13152,14093
13152,14094
13152,14095
13152,14096
13152,14097
13152,14098
13152,14099
13152,14100
13152,14101
13152,14102
13152,14103
13152,14104
13152,14105
13152,14106
13152,14107
13152,14108
13152,14109
13152,14110
13152,14111
13152,14112
13152,14113
13152,14114
13152,14115
13152,14116
13152,14117
13152,14118
13152,14119
13152,14120
13152,14121
13152,14122
13152,14123
13152,14124
13152,14125
13152,14126
13152,14127
13152,14128
13152,14129
13152,14130
13152,14131
13152,14132
13152,14133
13152,14134
13152,14135
13152,14136
13153,14042
13153,14043
13153,14044
13153,14045
13153,14046
13153,14047
13153,14048
13153,14049
13153,14050
13153,14051
13153,14052
13153,14053
13153,14054
13153,14061
13153,14062
13153,14063
13153,14064
13153,14065
13153,14066
13153,14067
13153,14068
13153,14069
13153,14070
13153,14071
13153,14072
13153,14073
13153,14074
13153,14075
13153,14076
13153,14077
13153,14078
13153,14079
13153,14080
13153,14081
13153,14082
13153,14083
13153,14084
13153,14085
13153,14086
13153,14087
13153,14088
13153,14089
13153,14090
13153,14091
13153,14092
13153,14093
13153,14094
13153,14095
13153,14096
13153,14097
13153,14098
13153,14099
13153,14100
13153,14101
13153,14102
13153,14103
13153,14104
13153,14105
13153,14106
13153,14107
13153,14108
13153,14109
13153,14110
13153,14111
13153,14112
13153,14113
13153,14114
13153,14115
13153,14116
13153,14117
13153,14118
13153,14119
13153,14120
13153,14121
13153,14122
13153,14123
13153,14124
13153,14125
13153,14126
13153,14127
13153,14128
13153,14129
13153,14130
13153,14131
13153,14132
13153,14133
13153,14134
13153,14135
13153,14136
13153,14137
13153,14138
13153,14139
13154,14041
13154,14042
13154,14043
13154,14044
13154,14045
13154,14046
13154,14047
13154,14048
13154,14049
13154,14050
13154,14051
13154,14052
13154,14053
13154,14054
13154,14055
13154,14056
13154,14060
13154,14061
13154,14062
13154,14063
13154,14064
13154,14065
13154,14066
13154,14067
13154,14068
13154,14069
13154,14070
13154,14071
13154,14072
13154,14073
13154,14074
13154,14075
13154,14076
13154,14077
13154,14078
13154,14079
13154,14080
13154,14081
13154,14082
13154,14083
13154,14084
13154,14085
13154,14086
13154,14087
13154,14088
13154,14089
13154,14090
13154,14091
13154,14092
13154,14093
13154,14094
13154,14095
13154,14096
13154,14097
13154,14098
13154,14099
13154,14100
13154,14101
13154,14102
13154,14103
13154,14104
13154,14105
13154,14106
13154,14107
13154,14108
13154,14109
13154,14110
13154,14111
13154,14112
13154,14113
13154,14114
13154,14115
13154,14116
13154,14117
13154,14118
13154,14119
13154,14120
13154,14121
13154,14122
13154,14123
13154,14124
13154,14125
13154,14126
13154,14127
13154,14128
13154,14129
13154,14130
13154,14131
13154,14132
13154,14133
13154,14134
13154,14135
13154,14136
13154,14137
13154,14138
13154,14139
13154,14140
13155,14040
13155,14041
13155,14042
13155,14043
13155,14044
13155,14045
13155,14046
13155,14047
13155,14048
13155,14049
13155,14050
13155,14051
13155,14052
13155,14053
13155,14054
13155,14055
13155,14056
13155,14057
13155,14059
13155,14060
13155,14061
13155,14062
13155,14063
13155,14064
13155,14065
13155,14066
13155,14067
13155,14068
13155,14069
13155,14070
13155,14071
13155,14072
13155,14073
13155,14074
13155,14075
13155,14076
13155,14077
13155,14078
13155,14079
13155,14080
13155,14081
13155,14082
13155,14083
13155,14084
13155,14085
13155,14086
13155,14087
13155,14088
13155,14089
13155,14090
13155,14091
13155,14092
13155,14093
13155,14094
13155,14095
13155,14096
13155,14097
13155,14098
13155,14099
13155,14100
13155,14101
13155,14102
13155,14103
13155,14104
13155,14105
13155,14106
13155,14107
13155,14108
13155,14109
13155,14110
13155,14111
13155,14112
13155,14113
13155,14114
13155,14115
13155,14116
13155,14117
13155,14118
13155,14119
13155,14120
13155,14121
13155,14122
13155,14123
13155,14124
13155,14125
13155,14126
13155,14127
13155,14128
13155,14129
13155,14130
13155,14131
13155,14132
13155,14133
13155,14134
13155,14135
13155,14136
13155,14137
13155,14138
13155,14139
13155,14140
13155,14141
13156,14039
13156,14040
13156,14041
13156,14042
13156,14043
13156,14044
13156,14045
13156,14046
13156,14047
13156,14048
13156,14049
13156,14050
13156,14051
13156,14052
13156,14053
13156,14054
13156,14055
13156,14056
13156,14057
13156,14058
13156,14059
13156,14060
13156,14061
13156,14062
13156,14063
13156,14064
13156,14065
13156,14066
13156,14067
13156,14068
13156,14069
13156,14070
13156,14071
13156,14072
13156,14073
13156,14074
13156,14075
13156,14076
13156,14077
13156,14078
13156,14079
13156,14080
13156,14081
13156,14082
13156,14083
13156,14084
13156,14085
13156,14086
13156,14087
13156,14088
13156,14089
13156,14090
13156,14091
13156,14092
13156,14093
13156,14094
13156,14095
13156,14096
13156,14097
13156,14098
13156,14099
13156,14100
13156,14101
13156,14102
13156,14103
13156,14104
13156,14105
13156,14106
13156,14107
13156,14108
13156,14109
13156,14110
13156,14111
13156,14112
13156,14113
13156,14114
13156,14115
13156,14116
13156,14117
13156,14118
13156,14119
13156,14120
13156,14121
13156,14122
13156,14123
13156,14124
13156,14125
13156,14126
13156,14127
13156,14128
13156,14129
13156,14130
13156,14131
13156,14132
13156,14133
13156,14134
13156,14135
13156,14136
13156,14137
13156,14138
13156,14139
13156,14140
13156,14141
13156,14142
13157,14039
13157,14040
13157,14041
13157,14042
13157,14043
13157,14044
13157,14045
13157,14046
13157,14047
13157,14048
13157,14049
13157,14050
13157,14051
13157,14052
13157,14053
13157,14054
13157,14055
13157,14056
13157,14057
13157,14058
13157,14059
13157,14060
13157,14061
13157,14062
13157,14063
13157,14064
13157,14065
13157,14066
13157,14067
13157,14068
13157,14069
13157,14070
13157,14071
13157,14072
13157,14073
13157,14074
13157,14075
13157,14076
13157,14077
13157,14078
13157,14079
13157,14080
13157,14081
13157,14082
13157,14083
13157,14084
13157,14085
13157,14086
13157,14087
13157,14088
13157,14089
13157,14090
13157,14091
13157,14092
13157,14093
13157,14094
13157,14095
13157,14096
13157,14097
13157,14098
13157,14099
13157,14100
13157,14101
13157,14102
13157,14103
13157,14104
13157,14105
13157,14106
13157,14107
13157,14108
13157,14109
13157,14110
13157,14111
13157,14112
13157,14113
13157,14114
13157,14115
13157,14116
13157,14117
13157,14118
13157,14119
13157,14120
13157,14121
13157,14122
13157,14123
13157,14124
13157,14125
13157,14126
13157,14127
13157,14128
13157,14129
13157,14130
13157,14131
13157,14132
13157,14133
13157,14134
13157,14135
13157,14136
13157,14137
13157,14138
13157,14139
13157,14140
13157,14141
13157,14142
13158,14038
13158,14039
13158,14040
13158,14041
13158,14042
13158,14043
13158,14044
13158,14045
13158,14046
13158,14047
13158,14048
13158,14049
13158,14050
13158,14051
13158,14052
13158,14053
13158,14054
13158,14055
13158,14056
13158,14057
13158,14058
13158,14059
13158,14060
13158,14061
13158,14062
13158,14063
13158,14064
13158,14065
13158,14066
13158,14067
13158,14068
13158,14069
13158,14070
13158,14071
13158,14072
13158,14073
13158,14074
13158,14075
13158,14076
13158,14077
13158,14078
13158,14079
13158,14080
13158,14081
13158,14082
13158,14083
13158,14084
13158,14085
13158,14086
13158,14087
13158,14088
13158,14089
13158,14090
13158,14091
13158,14092
13158,14093
13158,14094
13158,14095
13158,14096
13158,14097
13158,14098
13158,14099
13158,14100
13158,14101
13158,14102
13158,14103
13158,14104
13158,14105
13158,14106
13158,14107
13158,14108
13158,14109
13158,14110
13158,14111
13158,14112
13158,14113
13158,14114
13158,14115
13158,14116
13158,14117
13158,14118
13158,14119
13158,14120
13158,14121
13158,14122
13158,14123
13158,14124
13158,14125
13158,14126
13158,14127
13158,14128
13158,14129
13158,14130
13158,14131
13158,14132
13158,14133
13158,14134
13158,14135
13158,14136
13158,14137
13158,14138
13158,14139
13158,14140
13158,14141
13158,14142
13158,14143
13159,14038
13159,14039
13159,14040
13159,14041
13159,14042
13159,14043
13159,14044
13159,14045
13159,14046
13159,14047
13159,14048
13159,14049
13159,14050
13159,14051
13159,14052
13159,14053
13159,14054
13159,14055
13159,14056
13159,14057
13159,14058
13159,14059
13159,14060
13159,14061
13159,14062
13159,14063
13159,14064
13159,14065
13159,14066
13159,14067
13159,14068
13159,14069
13159,14070
13159,14071
13159,14072
13159,14073
13159,14074
13159,14075
13159,14076
13159,14077
13159,14078
13159,14079
13159,14080
13159,14081
13159,14082
13159,14083
13159,14084
13159,14085
13159,14086
13159,14087
13159,14088
13159,14089
13159,14090
13159,14091
13159,14092
13159,14093
13159,14094
13159,14095
13159,14096
13159,14097
13159,14098
13159,14099
13159,14100
13159,14101
13159,14102
13159,14103
13159,14104
13159,14105
13159,14106
13159,14107
13159,14108
13159,14109
13159,14110
13159,14111
13159,14112
13159,14113
13159,14114
13159,14115
13159,14116
13159,14117
13159,14118
13159,14119
13159,14120
13159,14121
13159,14122
13159,14123
13159,14124
13159,14125
13159,14126
13159,14127
13159,14128
13159,14129
13159,14130
13159,14131
13159,14132
13159,14133
13159,14134
13159,14135
13159,14136
13159,14137
13159,14138
13159,14139
13159,14140
13159,14141
13159,14142
13160,14038
13160,14039
13160,14040
13160,14041
13160,14042
13160,14043
13160,14044
13160,14045
13160,14046
13160,14047
13160,14048
13160,14049
13160,14050
13160,14051
13160,14052
13160,14053
13160,14054
13160,14055
13160,14056
13160,14057
13160,14058
13160,14059
13160,14060
13160,14061
13160,14062
13160,14063
13160,14064
13160,14065
13160,14066
13160,14067
13160,14068
13160,14069
13160,14070
13160,14071
13160,14072
13160,14073
13160,14074
13160,14075
13160,14076
13160,14077
13160,14078
13160,14079
13160,14080
13160,14081
13160,14082
13160,14083
13160,14084
13160,14085
13160,14086
13160,14087
13160,14088
13160,14089
13160,14090
13160,14091
13160,14092
13160,14093
13160,14094
13160,14095
13160,14096
13160,14097
13160,14098
13160,14099
13160,14100
13160,14101
13160,14102
13160,14103
13160,14104
13160,14105
13160,14106
13160,14107
13160,14108
13160,14109
13160,14110
13160,14111
13160,14112
13160,14113
13160,14114
13160,14115
13160,14116
13160,14117
13160,14118
13160,14119
13160,14120
13160,14121
13160,14122
13160,14123
13160,14124
13160,14125
13160,14126
13160,14127
13160,14128
13160,14129
13160,14130
13160,14131
13160,14132
13160,14133
13160,14134
13160,14135
13160,14136
13160,14137
13160,14138
13160,14139
13160,14140
13160,14141
13160,14142
13160,14143
13161,14037
13161,14038
13161,14039
13161,14040
13161,14041
13161,14042
13161,14043
13161,14044
13161,14045
13161,14046
13161,14047
13161,14048
13161,14049
13161,14050
13161,14051
13161,14052
13161,14053
13161,14054
13161,14055
13161,14056
13161,14057
13161,14058
13161,14059
13161,14060
13161,14061
13161,14062
13161,14063
13161,14064
13161,14065
13161,14066
13161,14067
13161,14068
13161,14069
13161,14070
13161,14071
13161,14072
13161,14073
13161,14074
13161,14075
13161,14076
13161,14077
13161,14078
13161,14079
13161,14080
13161,14081
13161,14082
13161,14083
13161,14084
13161,14085
13161,14086
13161,14087
13161,14088
13161,14089
13161,14090
13161,14091
13161,14092
13161,14093
13161,14094
13161,14095
13161,14096
13161,14097
13161,14098
13161,14099
13161,14100
13161,14101
13161,14102
13161,14103
13161,14104
13161,14105
13161,14106
13161,14107
13161,14108
13161,14109
13161,14110
13161,14111
13161,14112
13161,14113
13161,14114
13161,14115
13161,14116
13161,14117
13161,14118
13161,14119
13161,14120
13161,14121
13161,14122
13161,14123
13161,14124
13161,14125
13161,14126
13161,14127
13161,14128
13161,14129
13161,14130
13161,14131
13161,14132
13161,14133
13161,14134
13161,14135
13161,14136
13161,14137
13161,14138
13161,14139
13161,14140
13161,14141
13161,14142
13161,14143
13161,14144
13162,14037
13162,14038
13162,14039
13162,14040
13162,14041
13162,14042
13162,14043
13162,14044
13162,14045
13162,14046
13162,14047
13162,14048
13162,14049
13162,14050
13162,14051
13162,14052
13162,14053
13162,14054
13162,14055
13162,14056
13162,14057
13162,14058
13162,14059
13162,14060
13162,14061
13162,14062
13162,14063
13162,14064
13162,14065
13162,14066
13162,14067
13162,14068
13162,14069
13162,14070
13162,14071
13162,14072
13162,14073
13162,14074
13162,14075
13162,14076
13162,14077
13162,14078
13162,14079
13162,14080
13162,14081
13162,14082
13162,14083
13162,14084
13162,14085
13162,14086
13162,14087
13162,14088
13162,14089
13162,14090
13162,14091
13162,14092
13162,14093
13162,14094
13162,14095
13162,14096
13162,14097
13162,14098
13162,14099
13162,14100
13162,14101
13162,14102
13162,14103
13162,14104
13162,14105
13162,14106
13162,14107
13162,14108
13162,14109
13162,14110
13162,14111
13162,14112
13162,14113
13162,14114
13162,14115
13162,14116
13162,14117
13162,14118
13162,14119
13162,14120
13162,14121
13162,14122
13162,14123
13162,14124
13162,14125
13162,14126
13162,14127
13162,14128
13162,14129
13162,14130
13162,14131
13162,14132
13162,14133
13162,14134
13162,14135
13162,14136
13162,14137
13162,14138
13162,14139
13162,14140
13162,14141
13162,14142
13162,14143
13162,14144
13162,14145
13163,14037
13163,14038
13163,14039
13163,14040
13163,14041
13163,14042
13163,14043
13163,14044
13163,14045
13163,14046
13163,14047
13163,14048
13163,14049
13163,14050
13163,14051
13163,14052
13163,14053
13163,14054
13163,14055
13163,14056
13163,14057
13163,14058
13163,14059
13163,14060
13163,14061
13163,14062
13163,14063
13163,14064
13163,14065
13163,14066
13163,14067
13163,14068
13163,14069
13163,14070
13163,14071
13163,14072
13163,14073
13163,14074
13163,14075
13163,14076
13163,14077
13163,14078
13163,14079
13163,14080
13163,14081
13163,14082
13163,14083
13163,14084
13163,14085
13163,14086
13163,14087
13163,14088
13163,14089
13163,14090
13163,14091
13163,14092
13163,14093
13163,14094
13163,14095
13163,14096
13163,14097
13163,14098
13163,14099
13163,14100
13163,14101
13163,14102
13163,14103
13163,14104
13163,14105
13163,14106
13163,14107
13163,14108
13163,14109
13163,14110
13163,14111
13163,14112
13163,14113
13163,14114
13163,14115
13163,14116
13163,14117
13163,14118
13163,14119
13163,14120
13163,14121
13163,14122
13163,14123
13163,14124
13163,14125
13163,14126
13163,14127
13163,14128
13163,14129
13163,14130
13163,14131
13163,14132
13163,14133
13163,14134
13163,14135
13163,14136
13163,14137
13163,14138
13163,14139
13163,14140
13163,14141
13163,14142
13163,14143
13163,14144
13163,14145
13163,14146
13164,14036
13164,14037
13164,14038
13164,14039
13164,14040
13164,14041
13164,14042
13164,14043
13164,14044
13164,14045
13164,14046
13164,14047
13164,14048
13164,14049
13164,14050
13164,14051
13164,14052
13164,14053
13164,14054
13164,14055
13164,14056
13164,14057
13164,14058
13164,14059
13164,14060
13164,14061
13164,14062
13164,14063
13164,14064
13164,14065
13164,14066
13164,14067
13164,14068
13164,14069
13164,14070
13164,14071
13164,14072
13164,14073
13164,14074
13164,14075
13164,14076
13164,14077
13164,14078
13164,14079
13164,14080
13164,14081
13164,14082
13164,14083
13164,14084
13164,14085
13164,14086
13164,14087
13164,14088
13164,14089
13164,14090
13164,14091
13164,14092
13164,14093
13164,14094
13164,14095
13164,14096
13164,14097
13164,14098
13164,14099
13164,14100
13164,14101
13164,14102
13164,14103
13164,14104
13164,14105
13164,14106
13164,14107
13164,14108
13164,14109
13164,14110
13164,14111
13164,14112
13164,14113
13164,14114
13164,14115
13164,14116
13164,14117
13164,14118
13164,14119
13164,14120
13164,14121
13164,14122
13164,14123
13164,14124
13164,14125
13164,14126
13164,14127
13164,14128
13164,14129
13164,14130
13164,14131
13164,14132
13164,14133
13164,14134
13164,14135
13164,14136
13164,14137
13164,14138
13164,14139
13164,14140
13164,14141
13164,14142
13164,14143
13164,14144
13164,14145
13164,14146
13164,14147
13165,14035
13165,14036
13165,14037
13165,14038
13165,14039
13165,14040
13165,14041
13165,14042
13165,14043
13165,14044
13165,14045
13165,14046
13165,14047
13165,14048
13165,14049
13165,14050
13165,14051
13165,14052
13165,14053
13165,14054
13165,14055
13165,14056
13165,14057
13165,14058
13165,14059
13165,14060
13165,14061
13165,14062
13165,14063
13165,14064
13165,14065
13165,14066
13165,14067
13165,14068
13165,14069
13165,14070
13165,14071
13165,14072
13165,14073
13165,14074
13165,14075
13165,14076
13165,14077
13165,14078
13165,14079
13165,14080
13165,14081
13165,14082
13165,14083
13165,14084
13165,14085
13165,14086
13165,14087
13165,14088
13165,14089
13165,14090
13165,14091
13165,14092
13165,14093
13165,14094
13165,14095
13165,14096
13165,14097
13165,14098
13165,14099
13165,14100
13165,14101
13165,14102
13165,14103
13165,14104
13165,14105
13165,14106
13165,14107
13165,14108
13165,14109
13165,14110
13165,14111
13165,14112
13165,14113
13165,14114
13165,14115
13165,14116
13165,14117
13165,14118
13165,14119
13165,14120
13165,14121
13165,14122
13165,14123
13165,14124
13165,14125
13165,14126
13165,14127
13165,14128
13165,14129
13165,14130
13165,14131
13165,14132
13165,14133
13165,14134
13165,14135
13165,14136
13165,14137
13165,14138
13165,14139
13165,14140
13165,14141
13165,14142
13165,14143
13165,14144
13165,14145
13165,14146
13165,14147
13165,14148
13166,14025
13166,14026
13166,14035
13166,14036
13166,14037
13166,14038
13166,14039
13166,14040
13166,14041
13166,14042
13166,14043
13166,14044
13166,14045
13166,14046
13166,14047
13166,14048
13166,14049
13166,14050
13166,14051
13166,14052
13166,14053
13166,14054
13166,14055
13166,14056
13166,14057
13166,14058
13166,14059
13166,14060
13166,14061
13166,14062
13166,14063
13166,14064
13166,14065
13166,14066
13166,14067
13166,14068
13166,14069
13166,14070
13166,14071
13166,14072
13166,14073
13166,14074
13166,14075
13166,14076
13166,14077
13166,14078
13166,14079
13166,14080
13166,14081
13166,14082
13166,14083
13166,14084
13166,14085
13166,14086
13166,14087
13166,14088
13166,14089
13166,14090
13166,14091
13166,14092
13166,14093
13166,14094
13166,14095
13166,14096
13166,14097
13166,14098
13166,14099
13166,14100
13166,14101
13166,14102
13166,14103
13166,14104
13166,14105
13166,14106
13166,14107
13166,14108
13166,14109
13166,14110
13166,14111
13166,14112
13166,14113
13166,14114
13166,14115
13166,14116
13166,14117
13166,14118
13166,14119
13166,14120
13166,14121
13166,14122
13166,14123
13166,14124
13166,14125
13166,14126
13166,14127
13166,14128
13166,14129
13166,14130
13166,14131
13166,14132
13166,14133
13166,14134
13166,14135
13166,14136
13166,14137
13166,14138
13166,14139
13166,14140
13166,14141
13166,14142
13166,14143
13166,14144
13166,14145
13166,14146
13166,14147
13166,14148
13166,14149
13167,14022
13167,14023
13167,14024
13167,14025
13167,14026
13167,14027
13167,14028
13167,14029
13167,14035
13167,14036
13167,14037
13167,14038
13167,14039
13167,14040
13167,14041
13167,14042
13167,14043
13167,14044
13167,14045
13167,14046
13167,14047
13167,14048
13167,14049
13167,14050
13167,14051
13167,14052
13167,14053
13167,14054
13167,14055
13167,14056
13167,14057
13167,14058
13167,14059
13167,14060
13167,14061
13167,14062
13167,14063
13167,14064
13167,14065
13167,14066
13167,14067
13167,14068
13167,14069
13167,14070
13167,14071
13167,14072
13167,14073
13167,14074
13167,14075
13167,14076
13167,14077
13167,14078
13167,14079
13167,14080
13167,14081
13167,14082
13167,14083
13167,14084
13167,14085
13167,14086
13167,14087
13167,14088
13167,14089
13167,14090
13167,14091
13167,14092
13167,14093
13167,14094
13167,14095
13167,14096
13167,14097
13167,14098
13167,14099
13167,14100
13167,14101
13167,14102
13167,14103
13167,14104
13167,14105
13167,14106
13167,14107
13167,14108
13167,14109
13167,14110
13167,14111
13167,14112
13167,14113
13167,14114
13167,14115
13167,14116
13167,14117
13167,14118
13167,14119
13167,14120
13167,14121
13167,14122
13167,14123
13167,14124
13167,14125
13167,14126
13167,14127
13167,14128
13167,14129
13167,14130
13167,14131
13167,14132
13167,14133
13167,14134
13167,14135
13167,14136
13167,14137
13167,14138
13167,14139
13167,14140
13167,14141
13167,14142
13167,14143
13167,14144
13167,14145
13167,14146
13167,14147
13167,14148
13167,14149
13168,14021
13168,14022
13168,14023
13168,14024
13168,14025
13168,14026
13168,14027
13168,14028
13168,14029
13168,14030
13168,14034
13168,14035
13168,14036
13168,14037
13168,14038
13168,14039
13168,14040
13168,14041
13168,14042
13168,14043
13168,14044
13168,14045
13168,14046
13168,14047
13168,14048
13168,14049
13168,14050
13168,14051
13168,14052
13168,14053
13168,14054
13168,14055
13168,14056
13168,14057
13168,14058
13168,14059
13168,14060
13168,14061
13168,14062
13168,14063
13168,14064
13168,14065
13168,14066
13168,14067
13168,14068
13168,14069
13168,14070
13168,14071
13168,14072
13168,14073
13168,14074
13168,14075
13168,14076
13168,14077
13168,14078
13168,14079
13168,14080
13168,14081
13168,14082
13168,14083
13168,14084
13168,14085
13168,14086
13168,14087
13168,14088
13168,14089
13168,14090
13168,14091
13168,14092
13168,14093
13168,14094
13168,14095
13168,14096
13168,14097
13168,14098
13168,14099
13168,14100
13168,14101
13168,14102
13168,14103
13168,14104
13168,14105
13168,14106
13168,14107
13168,14108
13168,14109
13168,14110
13168,14111
13168,14112
13168,14113
13168,14114
13168,14115
13168,14116
13168,14117
13168,14118
13168,14119
13168,14120
13168,14121
13168,14122
13168,14123
13168,14124
13168,14125
13168,14126
13168,14127
13168,14128
13168,14129
13168,14130
13168,14131
13168,14132
13168,14133
13168,14134
13168,14135
13168,14136
13168,14137
13168,14138
13168,14139
13168,14140
13168,14141
13168,14142
13168,14143
13168,14144
13168,14145
13168,14146
13168,14147
13168,14148
13168,14149
13168,14150
13169,14020
13169,14021
13169,14022
13169,14023
13169,14024
13169,14025
13169,14026
13169,14027
13169,14028
13169,14029
13169,14030
13169,14031
13169,14032
13169,14033
13169,14034
13169,14035
13169,14036
13169,14037
13169,14038
13169,14039
13169,14040
13169,14041
13169,14042
13169,14043
13169,14044
13169,14045
13169,14046
13169,14047
13169,14048
13169,14049
13169,14050
13169,14051
13169,14052
13169,14053
13169,14054
13169,14055
13169,14056
13169,14057
13169,14058
13169,14059
13169,14060
13169,14061
13169,14062
13169,14063
13169,14064
13169,14065
13169,14066
13169,14067
13169,14068
13169,14069
13169,14070
13169,14071
13169,14072
13169,14073
13169,14074
13169,14075
13169,14076
13169,14077
13169,14078
13169,14079
13169,14080
13169,14081
13169,14082
13169,14083
13169,14084
13169,14085
13169,14086
13169,14087
13169,14088
13169,14089
13169,14090
13169,14091
13169,14092
13169,14093
13169,14094
13169,14095
13169,14096
13169,14097
13169,14098
13169,14099
13169,14100
13169,14101
13169,14102
13169,14103
13169,14104
13169,14105
13169,14106
13169,14107
13169,14108
13169,14109
13169,14110
13169,14111
13169,14112
13169,14113
13169,14114
13169,14115
13169,14116
13169,14117
13169,14118
13169,14119
13169,14120
13169,14121
13169,14122
13169,14123
13169,14124
13169,14125
13169,14126
13169,14127
13169,14128
13169,14129
13169,14130
13169,14131
13169,14132
13169,14133
13169,14134
13169,14135
13169,14136
13169,14137
13169,14138
13169,14139
13169,14140
13169,14141
13169,14142
13169,14143
13169,14144
13169,14145
13169,14146
13169,14147
13169,14148
13169,14149
13169,14150
13169,14151
13169,14152
13170,14018
13170,14019
13170,14020
13170,14021
13170,14022
13170,14023
13170,14024
13170,14025
13170,14026
13170,14027
13170,14028
13170,14029
13170,14030
13170,14031
13170,14032
13170,14033
13170,14034
13170,14035
13170,14036
13170,14037
13170,14038
13170,14039
13170,14040
13170,14041
13170,14042
13170,14043
13170,14044
13170,14045
13170,14046
13170,14047
13170,14048
13170,14049
13170,14050
13170,14051
13170,14052
13170,14053
13170,14054
13170,14055
13170,14056
13170,14057
13170,14058
13170,14059
13170,14060
13170,14061
13170,14062
13170,14063
13170,14064
13170,14065
13170,14066
13170,14067
13170,14068
13170,14069
13170,14070
13170,14071
13170,14072
13170,14073
13170,14074
13170,14075
13170,14076
13170,14077
13170,14078
13170,14079
13170,14080
13170,14081
13170,14082
13170,14083
13170,14084
13170,14085
13170,14086
13170,14087
13170,14088
13170,14089
13170,14090
13170,14091
13170,14092
13170,14093
13170,14094
13170,14095
13170,14096
13170,14097
13170,14098
13170,14099
13170,14100
13170,14101
13170,14102
13170,14103
13170,14104
13170,14105
13170,14106
13170,14107
13170,14108
13170,14109
13170,14110
13170,14111
13170,14112
13170,14113
13170,14114
13170,14115
13170,14116
13170,14117
13170,14118
13170,14119
13170,14120
13170,14121
13170,14122
13170,14123
13170,14124
13170,14125
13170,14126
13170,14127
13170,14128
13170,14129
13170,14130
13170,14131
13170,14132
13170,14133
13170,14134
13170,14135
13170,14136
13170,14137
13170,14138
13170,14139
13170,14140
13170,14141
13170,14142
13170,14143
13170,14144
13170,14145
13170,14146
13170,14147
13170,14148
13170,14149
13170,14150
13170,14151
13170,14152
13170,14153
13171,14017
13171,14018
13171,14019
13171,14020
13171,14021
13171,14022
13171,14023
13171,14024
13171,14025
13171,14026
13171,14027
13171,14028
13171,14029
13171,14030
13171,14031
13171,14032
13171,14033
13171,14034
13171,14035
13171,14036
13171,14037
13171,14038
13171,14039
13171,14040
13171,14041
13171,14042
13171,14043
13171,14044
13171,14045
13171,14046
13171,14047
13171,14048
13171,14049
13171,14050
13171,14051
13171,14052
13171,14053
13171,14054
13171,14055
13171,14056
13171,14057
13171,14058
13171,14059
13171,14060
13171,14061
13171,14062
13171,14063
13171,14064
13171,14065
13171,14066
13171,14067
13171,14068
13171,14069
13171,14070
13171,14071
13171,14072
13171,14073
13171,14074
13171,14075
13171,14076
13171,14077
13171,14078
13171,14079
13171,14080
13171,14081
13171,14082
13171,14083
13171,14084
13171,14085
13171,14086
13171,14087
13171,14088
13171,14089
13171,14090
13171,14091
13171,14092
13171,14093
13171,14094
13171,14095
13171,14096
13171,14097
13171,14098
13171,14099
13171,14100
13171,14101
13171,14102
13171,14103
13171,14104
13171,14105
13171,14106
13171,14107
13171,14108
13171,14109
13171,14110
13171,14111
13171,14112
13171,14113
13171,14114
13171,14115
13171,14116
13171,14117
13171,14118
13171,14119
13171,14120
13171,14121
13171,14122
13171,14123
13171,14124
13171,14125
13171,14126
13171,14127
13171,14128
13171,14129
13171,14130
13171,14131
13171,14132
13171,14133
13171,14134
13171,14135
13171,14136
13171,14137
13171,14138
13171,14139
13171,14140
13171,14141
13171,14142
13171,14143
13171,14144
13171,14145
13171,14146
13171,14147
13171,14148
13171,14149
13171,14150
13171,14151
13171,14152
13171,14153
13171,14154
13172,14016
13172,14017
13172,14018
13172,14019
13172,14020
13172,14021
13172,14022
13172,14023
13172,14024
13172,14025
13172,14026
13172,14027
13172,14028
13172,14029
13172,14030
13172,14031
13172,14032
13172,14033
13172,14034
13172,14035
13172,14036
13172,14037
13172,14038
13172,14039
13172,14040
13172,14041
13172,14042
13172,14043
13172,14044
13172,14045
13172,14046
13172,14047
13172,14048
13172,14049
13172,14050
13172,14051
13172,14052
13172,14053
13172,14054
13172,14055
13172,14056
13172,14057
13172,14058
13172,14059
13172,14060
13172,14061
13172,14062
13172,14063
13172,14064
13172,14065
13172,14066
13172,14067
13172,14068
13172,14069
13172,14070
13172,14071
13172,14072
13172,14073
13172,14074
13172,14075
13172,14076
13172,14077
13172,14078
13172,14079
13172,14080
13172,14081
13172,14082
13172,14083
13172,14084
13172,14085
13172,14086
13172,14087
13172,14088
13172,14089
13172,14090
13172,14091
13172,14092
13172,14093
13172,14094
13172,14095
13172,14096
13172,14097
13172,14098
13172,14099
13172,14100
13172,14101
13172,14102
13172,14103
13172,14104
13172,14105
13172,14106
13172,14107
13172,14108
13172,14109
13172,14110
13172,14111
13172,14112
13172,14113
13172,14114
13172,14115
13172,14116
13172,14117
13172,14118
13172,14119
13172,14120
13172,14121
13172,14122
13172,14123
13172,14124
13172,14125
13172,14126
13172,14127
13172,14128
13172,14129
13172,14130
13172,14131
13172,14132
13172,14133
13172,14134
13172,14135
13172,14136
13172,14137
13172,14138
13172,14139
13172,14140
13172,14141
13172,14142
13172,14143
13172,14144
13172,14145
13172,14146
13172,14147
13172,14148
13172,14149
13172,14150
13172,14151
13172,14152
13172,14153
13172,14154
13172,14155
13173,14016
13173,14017
13173,14018
13173,14019
13173,14020
13173,14021
13173,14022
13173,14023
13173,14024
13173,14025
13173,14026
13173,14027
13173,14028
13173,14029
13173,14030
13173,14031
13173,14032
13173,14033
13173,14034
13173,14035
13173,14036
13173,14037
13173,14038
13173,14039
13173,14040
13173,14041
13173,14042
13173,14043
13173,14044
13173,14045
13173,14046
13173,14047
13173,14048
13173,14049
13173,14050
13173,14051
13173,14052
13173,14053
13173,14054
13173,14055
13173,14056
13173,14057
13173,14058
13173,14059
13173,14060
13173,14061
13173,14062
13173,14063
13173,14064
13173,14065
13173,14066
13173,14067
13173,14068
13173,14069
13173,14070
13173,14071
13173,14072
13173,14073
13173,14074
13173,14075
13173,14076
13173,14077
13173,14078
13173,14079
13173,14080
13173,14081
13173,14082
13173,14083
13173,14084
13173,14085
13173,14086
13173,14087
13173,14088
13173,14089
13173,14090
13173,14091
13173,14092
13173,14093
13173,14094
13173,14095
13173,14096
13173,14097
13173,14098
13173,14099
13173,14100
13173,14101
13173,14102
13173,14103
13173,14104
13173,14105
13173,14106
13173,14107
13173,14108
13173,14109
13173,14110
13173,14111
13173,14112
13173,14113
13173,14114
13173,14115
13173,14116
13173,14117
13173,14118
13173,14119
13173,14120
13173,14121
13173,14122
13173,14123
13173,14124
13173,14125
13173,14126
13173,14127
13173,14128
13173,14129
13173,14130
13173,14131
13173,14132
13173,14133
13173,14134
13173,14135
13173,14136
13173,14137
13173,14138
13173,14139
13173,14140
13173,14141
13173,14142
13173,14143
13173,14144
13173,14145
13173,14146
13173,14147
13173,14148
13173,14149
13173,14150
13173,14151
13173,14152
13173,14153
13173,14154
13173,14155
13174,14015
13174,14016
13174,14017
13174,14018
13174,14019
13174,14020
13174,14021
13174,14022
13174,14023
13174,14024
13174,14025
13174,14026
13174,14027
13174,14028
13174,14029
13174,14030
13174,14031
13174,14032
13174,14033
13174,14034
13174,14035
13174,14036
13174,14037
13174,14038
13174,14039
13174,14040
13174,14041
13174,14042
13174,14043
13174,14044
13174,14045
13174,14046
13174,14047
13174,14048
13174,14049
13174,14050
13174,14051
13174,14052
13174,14053
13174,14054
13174,14055
13174,14056
13174,14057
13174,14058
13174,14059
13174,14060
13174,14061
13174,14062
13174,14063
13174,14064
13174,14065
13174,14066
13174,14067
13174,14068
13174,14069
13174,14070
13174,14071
13174,14072
13174,14073
13174,14074
13174,14075
13174,14076
13174,14077
13174,14078
13174,14079
13174,14080
13174,14081
13174,14082
13174,14083
13174,14084
13174,14085
13174,14086
13174,14087
13174,14088
13174,14089
13174,14090
13174,14091
13174,14092
13174,14093
13174,14094
13174,14095
13174,14096
13174,14097
13174,14098
13174,14099
13174,14100
13174,14101
13174,14102
13174,14103
13174,14104
13174,14105
13174,14106
13174,14107
13174,14108
13174,14109
13174,14110
13174,14111
13174,14112
13174,14113
13174,14114
13174,14115
13174,14116
13174,14117
13174,14118
13174,14119
13174,14120
13174,14121
13174,14122
13174,14123
13174,14124
13174,14125
13174,14126
13174,14127
13174,14128
13174,14129
13174,14130
13174,14131
13174,14132
13174,14133
13174,14134
13174,14135
13174,14136
13174,14137
13174,14138
13174,14139
13174,14140
13174,14141
13174,14142
13174,14143
13174,14144
13174,14145
13174,14146
13174,14147
13174,14148
13174,14149
13174,14150
13174,14151
13174,14152
13174,14153
13174,14154
13174,14155
13174,14156
13175,14015
13175,14016
13175,14017
13175,14018
13175,14019
13175,14020
13175,14021
13175,14022
13175,14023
13175,14024
13175,14025
13175,14026
13175,14027
13175,14028
13175,14029
13175,14030
13175,14031
13175,14032
13175,14033
13175,14034
13175,14035
13175,14036
13175,14037
13175,14038
13175,14039
13175,14040
13175,14041
13175,14042
13175,14043
13175,14044
13175,14045
13175,14046
13175,14047
13175,14048
13175,14049
13175,14050
13175,14051
13175,14052
13175,14053
13175,14054
13175,14055
13175,14056
13175,14057
13175,14058
13175,14059
13175,14060
13175,14061
13175,14062
13175,14063
13175,14064
13175,14065
13175,14066
13175,14067
13175,14068
13175,14069
13175,14070
13175,14071
13175,14072
13175,14073
13175,14074
13175,14075
13175,14076
13175,14077
13175,14078
13175,14079
13175,14080
13175,14081
13175,14082
13175,14083
13175,14084
13175,14085
13175,14086
13175,14087
13175,14088
13175,14089
13175,14090
13175,14091
13175,14092
13175,14093
13175,14094
13175,14095
13175,14096
13175,14097
13175,14098
13175,14099
13175,14100
13175,14101
13175,14102
13175,14103
13175,14104
13175,14105
13175,14106
13175,14107
13175,14108
13175,14109
13175,14110
13175,14111
13175,14112
13175,14113
13175,14114
13175,14115
13175,14116
13175,14117
13175,14118
13175,14119
13175,14120
13175,14121
13175,14122
13175,14123
13175,14124
13175,14125
13175,14126
13175,14127
13175,14128
13175,14129
13175,14130
13175,14131
13175,14132
13175,14133
13175,14134
13175,14135
13175,14136
13175,14137
13175,14138
13175,14139
13175,14140
13175,14141
13175,14142
13175,14143
13175,14144
13175,14145
13175,14146
13175,14147
13175,14148
13175,14149
13175,14150
13175,14151
13175,14152
13175,14153
13175,14154
13175,14155
13175,14156
13175,14157
13176,14014
13176,14015
13176,14016
13176,14017
13176,14018
13176,14019
13176,14020
13176,14021
13176,14022
13176,14023
13176,14024
13176,14025
13176,14026
13176,14027
13176,14028
13176,14029
13176,14030
13176,14031
13176,14032
13176,14033
13176,14034
13176,14035
13176,14036
13176,14037
13176,14038
13176,14039
13176,14040
13176,14041
13176,14042
13176,14043
13176,14044
13176,14045
13176,14046
13176,14047
13176,14048
13176,14049
13176,14050
13176,14051
13176,14052
13176,14053
13176,14054
13176,14055
13176,14056
13176,14057
13176,14058
13176,14059
13176,14060
13176,14061
13176,14062
13176,14063
13176,14064
13176,14065
13176,14066
13176,14067
13176,14068
13176,14069
13176,14070
13176,14071
13176,14072
13176,14073
13176,14074
13176,14075
13176,14076
13176,14077
13176,14078
13176,14079
13176,14080
13176,14081
13176,14082
13176,14083
13176,14084
13176,14085
13176,14086
13176,14087
13176,14088
13176,14089
13176,14090
13176,14091
13176,14092
13176,14093
13176,14094
13176,14095
13176,14096
13176,14097
13176,14098
13176,14099
13176,14100
13176,14101
13176,14102
13176,14103
13176,14104
13176,14105
13176,14106
13176,14107
13176,14108
13176,14109
13176,14110
13176,14111
13176,14112
13176,14113
13176,14114
13176,14115
13176,14116
13176,14117
13176,14118
13176,14119
13176,14120
13176,14121
13176,14122
13176,14123
13176,14124
13176,14125
13176,14126
13176,14127
13176,14128
13176,14129
13176,14130
13176,14131
13176,14132
13176,14133
13176,14134
13176,14135
13176,14136
13176,14137
13176,14138
13176,14139
13176,14140
13176,14141
13176,14142
13176,14143
13176,14144
13176,14145
13176,14146
13176,14147
13176,14148
13176,14149
13176,14150
13176,14151
13176,14152
13176,14153
13176,14154
13176,14155
13176,14156
13176,14157
13176,14158
13177,14014
13177,14015
13177,14016
13177,14017
13177,14018
13177,14019
13177,14020
13177,14021
13177,14022
13177,14023
13177,14024
13177,14025
13177,14026
13177,14027
13177,14028
13177,14029
13177,14030
13177,14031
13177,14032
13177,14033
13177,14034
13177,14035
13177,14036
13177,14037
13177,14038
13177,14039
13177,14040
13177,14041
13177,14042
13177,14043
13177,14044
13177,14045
13177,14046
13177,14047
13177,14048
13177,14049
13177,14050
13177,14051
13177,14052
13177,14053
13177,14054
13177,14055
13177,14056
13177,14057
13177,14058
13177,14059
13177,14060
13177,14061
13177,14062
13177,14063
13177,14064
13177,14065
13177,14066
13177,14067
13177,14068
13177,14069
13177,14070
13177,14071
13177,14072
13177,14073
13177,14074
13177,14075
13177,14076
13177,14077
13177,14078
13177,14079
13177,14080
13177,14081
13177,14082
13177,14083
13177,14084
13177,14085
13177,14086
13177,14087
13177,14088
13177,14089
13177,14090
13177,14091
13177,14092
13177,14093
13177,14094
13177,14095
13177,14096
13177,14097
13177,14098
13177,14099
13177,14100
13177,14101
13177,14102
13177,14103
13177,14104
13177,14105
13177,14106
13177,14107
13177,14108
13177,14109
13177,14110
13177,14111
13177,14112
13177,14113
13177,14114
13177,14115
13177,14116
13177,14117
13177,14118
13177,14119
13177,14120
13177,14121
13177,14122
13177,14123
13177,14124
13177,14125
13177,14126
13177,14127
13177,14128
13177,14129
13177,14130
13177,14131
13177,14132
13177,14133
13177,14134
13177,14135
13177,14136
13177,14137
13177,14138
13177,14139
13177,14140
13177,14141
13177,14142
13177,14143
13177,14144
13177,14145
13177,14146
13177,14147
13177,14148
13177,14149
13177,14150
13177,14151
13177,14152
13177,14153
13177,14154
13177,14155
13177,14156
13177,14157
13177,14158
13178,14014
13178,14015
13178,14016
13178,14017
13178,14018
13178,14019
13178,14020
13178,14021
13178,14022
13178,14023
13178,14024
13178,14025
13178,14026
13178,14027
13178,14028
13178,14029
13178,14030
13178,14031
13178,14032
13178,14033
13178,14034
13178,14035
13178,14036
13178,14037
13178,14038
13178,14039
13178,14040
13178,14041
13178,14042
13178,14043
13178,14044
13178,14045
13178,14046
13178,14047
13178,14048
13178,14049
13178,14050
13178,14051
13178,14052
13178,14053
13178,14054
13178,14055
13178,14056
13178,14057
13178,14058
13178,14059
13178,14060
13178,14061
13178,14062
13178,14063
13178,14064
13178,14065
13178,14066
13178,14067
13178,14068
13178,14069
13178,14070
13178,14071
13178,14072
13178,14073
13178,14074
13178,14075
13178,14076
13178,14077
13178,14078
13178,14079
13178,14080
13178,14081
13178,14082
13178,14083
13178,14084
13178,14085
13178,14086
13178,14087
13178,14088
13178,14089
13178,14090
13178,14091
13178,14092
13178,14093
13178,14094
13178,14095
13178,14096
13178,14097
13178,14098
13178,14099
13178,14100
13178,14101
13178,14102
13178,14103
13178,14104
13178,14105
13178,14106
13178,14107
13178,14108
13178,14109
13178,14110
13178,14111
13178,14112
13178,14113
13178,14114
13178,14115
13178,14116
13178,14117
13178,14118
13178,14119
13178,14120
13178,14121
13178,14122
13178,14123
13178,14124
13178,14125
13178,14126
13178,14127
13178,14128
13178,14129
13178,14130
13178,14131
13178,14132
13178,14133
13178,14134
13178,14135
13178,14136
13178,14137
13178,14138
13178,14139
13178,14140
13178,14141
13178,14142
13178,14143
13178,14144
13178,14145
13178,14146
13178,14147
13178,14148
13178,14149
13178,14150
13178,14151
13178,14152
13178,14153
13178,14154
13178,14155
13178,14156
13178,14157
13178,14158
13179,14013
13179,14014
13179,14015
13179,14016
13179,14017
13179,14018
13179,14019
13179,14020
13179,14021
13179,14022
13179,14023
13179,14024
13179,14025
13179,14026
13179,14027
13179,14028
13179,14029
13179,14030
13179,14031
13179,14032
13179,14033
13179,14034
13179,14035
13179,14036
13179,14037
13179,14038
13179,14039
13179,14040
13179,14041
13179,14042
13179,14043
13179,14044
13179,14045
13179,14046
13179,14047
13179,14048
13179,14049
13179,14050
13179,14051
13179,14052
13179,14053
13179,14054
13179,14055
13179,14056
13179,14057
13179,14058
13179,14059
13179,14060
13179,14061
13179,14062
13179,14063
13179,14064
13179,14065
13179,14066
13179,14067
13179,14068
13179,14069
13179,14070
13179,14071
13179,14072
13179,14073
13179,14074
13179,14075
13179,14076
13179,14077
13179,14078
13179,14079
13179,14080
13179,14081
13179,14082
13179,14083
13179,14084
13179,14085
13179,14086
13179,14087
13179,14088
13179,14089
13179,14090
13179,14091
13179,14092
13179,14093
13179,14094
13179,14095
13179,14096
13179,14097
13179,14098
13179,14099
13179,14100
13179,14101
13179,14102
13179,14103
13179,14104
13179,14105
13179,14106
13179,14107
13179,14108
13179,14109
13179,14110
13179,14111
13179,14112
13179,14113
13179,14114
13179,14115
13179,14116
13179,14117
13179,14118
13179,14119
13179,14120
13179,14121
13179,14122
13179,14123
13179,14124
13179,14125
13179,14126
13179,14127
13179,14128
13179,14129
13179,14130
13179,14131
13179,14132
13179,14133
13179,14134
13179,14135
13179,14136
13179,14137
13179,14138
13179,14139
13179,14140
13179,14141
13179,14142
13179,14143
13179,14144
13179,14145
13179,14146
13179,14147
13179,14148
13179,14149
13179,14150
13179,14151
13179,14152
13179,14153
13179,14154
13179,14155
13179,14156
13179,14157
13179,14158
13179,14159
13180,14013
13180,14014
13180,14015
13180,14016
13180,14017
13180,14018
13180,14019
13180,14020
13180,14021
13180,14022
13180,14023
13180,14024
13180,14025
13180,14026
13180,14027
13180,14028
13180,14029
13180,14030
13180,14031
13180,14032
13180,14033
13180,14034
13180,14035
13180,14036
13180,14037
13180,14038
13180,14039
13180,14040
13180,14041
13180,14042
13180,14043
13180,14044
13180,14045
13180,14046
13180,14047
13180,14048
13180,14049
13180,14050
13180,14051
13180,14052
13180,14053
13180,14054
13180,14055
13180,14056
13180,14057
13180,14058
13180,14059
13180,14060
13180,14061
13180,14062
13180,14063
13180,14064
13180,14065
13180,14066
13180,14067
13180,14068
13180,14069
13180,14070
13180,14071
13180,14072
13180,14073
13180,14074
13180,14075
13180,14076
13180,14077
13180,14078
13180,14079
13180,14080
13180,14081
13180,14082
13180,14083
13180,14084
13180,14085
13180,14086
13180,14087
13180,14088
13180,14089
13180,14090
13180,14091
13180,14092
13180,14093
13180,14094
13180,14095
13180,14096
13180,14097
13180,14098
13180,14099
13180,14100
13180,14101
13180,14102
13180,14103
13180,14104
13180,14105
13180,14106
13180,14107
13180,14108
13180,14109
13180,14110
13180,14111
13180,14112
13180,14113
13180,14114
13180,14115
13180,14116
13180,14117
13180,14118
13180,14119
13180,14120
13180,14121
13180,14122
13180,14123
13180,14124
13180,14125
13180,14126
13180,14127
13180,14128
13180,14129
13180,14130
13180,14131
13180,14132
13180,14133
13180,14134
13180,14135
13180,14136
13180,14137
13180,14138
13180,14139
13180,14140
13180,14141
13180,14142
13180,14143
13180,14144
13180,14145
13180,14146
13180,14147
13180,14148
13180,14149
13180,14150
13180,14151
13180,14152
13180,14153
13180,14154
13180,14155
13180,14156
13180,14157
13180,14158
13180,14159
13181,14013
13181,14014
13181,14015
13181,14016
13181,14017
13181,14018
13181,14019
13181,14020
13181,14021
13181,14022
13181,14023
13181,14024
13181,14025
13181,14026
13181,14027
13181,14028
13181,14029
13181,14030
13181,14031
13181,14032
13181,14033
13181,14034
13181,14035
13181,14036
13181,14037
13181,14038
13181,14039
13181,14040
13181,14041
13181,14042
13181,14043
13181,14044
13181,14045
13181,14046
13181,14047
13181,14048
13181,14049
13181,14050
13181,14051
13181,14052
13181,14053
13181,14054
13181,14055
13181,14056
13181,14057
13181,14058
13181,14059
13181,14060
13181,14061
13181,14062
13181,14063
13181,14064
13181,14065
13181,14066
13181,14067
13181,14068
13181,14069
13181,14070
13181,14071
13181,14072
13181,14073
13181,14074
13181,14075
13181,14076
13181,14077
13181,14078
13181,14079
13181,14080
13181,14081
13181,14082
13181,14083
13181,14084
13181,14085
13181,14086
13181,14087
13181,14088
13181,14089
13181,14090
13181,14091
13181,14092
13181,14093
13181,14094
13181,14095
13181,14096
13181,14097
13181,14098
13181,14099
13181,14100
13181,14101
13181,14102
13181,14103
13181,14104
13181,14105
13181,14106
13181,14107
13181,14108
13181,14109
13181,14110
13181,14111
13181,14112
13181,14113
13181,14114
13181,14115
13181,14116
13181,14117
13181,14118
13181,14119
13181,14120
13181,14121
13181,14122
13181,14123
13181,14124
13181,14125
13181,14126
13181,14127
13181,14128
13181,14129
13181,14130
13181,14131
13181,14132
13181,14133
13181,14134
13181,14135
13181,14136
13181,14137
13181,14138
13181,14139
13181,14140
13181,14141
13181,14142
13181,14143
13181,14144
13181,14145
13181,14146
13181,14147
13181,14148
13181,14149
13181,14150
13181,14151
13181,14152
13181,14153
13181,14154
13181,14155
13181,14156
13181,14157
13181,14158
13181,14159
13182,14013
13182,14014
13182,14015
13182,14016
13182,14017
13182,14018
13182,14019
13182,14020
13182,14021
13182,14022
13182,14023
13182,14024
13182,14025
13182,14026
13182,14027
13182,14028
13182,14029
13182,14030
13182,14031
13182,14032
13182,14033
13182,14034
13182,14035
13182,14036
13182,14037
13182,14038
13182,14039
13182,14040
13182,14041
13182,14042
13182,14043
13182,14044
13182,14045
13182,14046
13182,14047
13182,14048
13182,14049
13182,14050
13182,14051
13182,14052
13182,14053
13182,14054
13182,14055
13182,14056
13182,14057
13182,14058
13182,14059
13182,14060
13182,14061
13182,14062
13182,14063
13182,14064
13182,14065
13182,14066
13182,14067
13182,14068
13182,14069
13182,14070
13182,14071
13182,14072
13182,14073
13182,14074
13182,14075
13182,14076
13182,14077
13182,14078
13182,14079
13182,14080
13182,14081
13182,14082
13182,14083
13182,14084
13182,14085
13182,14086
13182,14087
13182,14088
13182,14089
13182,14090
13182,14091
13182,14092
13182,14093
13182,14094
13182,14095
13182,14096
13182,14097
13182,14098
13182,14099
13182,14100
13182,14101
13182,14102
13182,14103
13182,14104
13182,14105
13182,14106
13182,14107
13182,14108
13182,14109
13182,14110
13182,14111
13182,14112
13182,14113
13182,14114
13182,14115
13182,14116
13182,14117
13182,14118
13182,14119
13182,14120
13182,14121
13182,14122
13182,14123
13182,14124
13182,14125
13182,14126
13182,14127
13182,14128
13182,14129
13182,14130
13182,14131
13182,14132
13182,14133
13182,14134
13182,14135
13182,14136
13182,14137
13182,14138
13182,14139
13182,14140
13182,14141
13182,14142
13182,14143
13182,14144
13182,14145
13182,14146
13182,14147
13182,14148
13182,14149
13182,14150
13182,14151
13182,14152
13182,14153
13182,14154
13182,14155
13182,14156
13182,14157
13182,14158
13182,14159
13182,14160
13183,14012
13183,14013
13183,14014
13183,14015
13183,14016
13183,14017
13183,14018
13183,14019
13183,14020
13183,14021
13183,14022
13183,14023
13183,14024
13183,14025
13183,14026
13183,14027
13183,14028
13183,14029
13183,14030
13183,14031
13183,14032
13183,14033
13183,14034
13183,14035
13183,14036
13183,14037
13183,14038
13183,14039
13183,14040
13183,14041
13183,14042
13183,14043
13183,14044
13183,14045
13183,14046
13183,14047
13183,14048
13183,14049
13183,14050
13183,14051
13183,14052
13183,14053
13183,14054
13183,14055
13183,14056
13183,14057
13183,14058
13183,14059
13183,14060
13183,14061
13183,14062
13183,14063
13183,14064
13183,14065
13183,14066
13183,14067
13183,14068
13183,14069
13183,14070
13183,14071
13183,14072
13183,14073
13183,14074
13183,14075
13183,14076
13183,14077
13183,14078
13183,14079
13183,14080
13183,14081
13183,14082
13183,14083
13183,14084
13183,14085
13183,14086
13183,14087
13183,14088
13183,14089
13183,14090
13183,14091
13183,14092
13183,14093
13183,14094
13183,14095
13183,14096
13183,14097
13183,14098
13183,14099
13183,14100
13183,14101
13183,14102
13183,14103
13183,14104
13183,14105
13183,14106
13183,14107
13183,14108
13183,14109
13183,14110
13183,14111
13183,14112
13183,14113
13183,14114
13183,14115
13183,14116
13183,14117
13183,14118
13183,14119
13183,14120
13183,14121
13183,14122
13183,14123
13183,14124
13183,14125
13183,14126
13183,14127
13183,14128
13183,14129
13183,14130
13183,14131
13183,14132
13183,14133
13183,14134
13183,14135
13183,14136
13183,14137
13183,14138
13183,14139
13183,14140
13183,14141
13183,14142
13183,14143
13183,14144
13183,14145
13183,14146
13183,14147
13183,14148
13183,14149
13183,14150
13183,14151
13183,14152
13183,14153
13183,14154
13183,14155
13183,14156
13183,14157
13183,14158
13183,14159
13183,14160
13184,14011
13184,14012
13184,14013
13184,14014
13184,14015
13184,14016
13184,14017
13184,14018
13184,14019
13184,14020
13184,14021
13184,14022
13184,14023
13184,14024
13184,14025
13184,14026
13184,14027
13184,14028
13184,14029
13184,14030
13184,14031
13184,14032
13184,14033
13184,14034
13184,14035
13184,14036
13184,14037
13184,14038
13184,14039
13184,14040
13184,14041
13184,14042
13184,14043
13184,14044
13184,14045
13184,14046
13184,14047
13184,14048
13184,14049
13184,14050
13184,14051
13184,14052
13184,14053
13184,14054
13184,14055
13184,14056
13184,14057
13184,14058
13184,14059
13184,14060
13184,14061
13184,14062
13184,14063
13184,14064
13184,14065
13184,14066
13184,14067
13184,14068
13184,14069
13184,14070
13184,14071
13184,14072
13184,14073
13184,14074
13184,14075
13184,14076
13184,14077
13184,14078
13184,14079
13184,14080
13184,14081
13184,14082
13184,14083
13184,14084
13184,14085
13184,14086
13184,14087
13184,14088
13184,14089
13184,14090
13184,14091
13184,14092
13184,14093
13184,14094
13184,14095
13184,14096
13184,14097
13184,14098
13184,14099
13184,14100
13184,14101
13184,14102
13184,14103
13184,14104
13184,14105
13184,14106
13184,14107
13184,14108
13184,14109
13184,14110
13184,14111
13184,14112
13184,14113
13184,14114
13184,14115
13184,14116
13184,14117
13184,14118
13184,14119
13184,14120
13184,14121
13184,14122
13184,14123
13184,14124
13184,14125
13184,14126
13184,14127
13184,14128
13184,14129
13184,14130
13184,14131
13184,14132
13184,14133
13184,14134
13184,14135
13184,14136
13184,14137
13184,14138
13184,14139
13184,14140
13184,14141
13184,14142
13184,14143
13184,14144
13184,14145
13184,14146
13184,14147
13184,14148
13184,14149
13184,14150
13184,14151
13184,14152
13184,14153
13184,14154
13184,14155
13184,14156
13184,14157
13184,14158
13184,14159
13184,14160
13185,14010
13185,14011
13185,14012
13185,14013
13185,14014
13185,14015
13185,14016
13185,14017
13185,14018
13185,14019
13185,14020
13185,14021
13185,14022
13185,14023
13185,14024
13185,14025
13185,14026
13185,14027
13185,14028
13185,14029
13185,14030
13185,14031
13185,14032
13185,14033
13185,14034
13185,14035
13185,14036
13185,14037
13185,14038
13185,14039
13185,14040
13185,14041
13185,14042
13185,14043
13185,14044
13185,14045
13185,14046
13185,14047
13185,14048
13185,14049
13185,14050
13185,14051
13185,14052
13185,14053
13185,14054
13185,14055
13185,14056
13185,14057
13185,14058
13185,14059
13185,14060
13185,14061
13185,14062
13185,14063
13185,14064
13185,14065
13185,14066
13185,14067
13185,14068
13185,14069
13185,14070
13185,14071
13185,14072
13185,14073
13185,14074
13185,14075
13185,14076
13185,14077
13185,14078
13185,14079
13185,14080
13185,14081
13185,14082
13185,14083
13185,14084
13185,14085
13185,14086
13185,14087
13185,14088
13185,14089
13185,14090
13185,14091
13185,14092
13185,14093
13185,14094
13185,14095
13185,14096
13185,14097
13185,14098
13185,14099
13185,14100
13185,14101
13185,14102
13185,14103
13185,14104
13185,14105
13185,14106
13185,14107
13185,14108
13185,14109
13185,14110
13185,14111
13185,14112
13185,14113
13185,14114
13185,14115
13185,14116
13185,14117
13185,14118
13185,14119
13185,14120
13185,14121
13185,14122
13185,14123
13185,14124
13185,14125
13185,14126
13185,14127
13185,14128
13185,14129
13185,14130
13185,14131
13185,14132
13185,14133
13185,14134
13185,14135
13185,14136
13185,14137
13185,14138
13185,14139
13185,14140
13185,14141
13185,14142
13185,14143
13185,14144
13185,14145
13185,14146
13185,14147
13185,14148
13185,14149
13185,14150
13185,14151
13185,14152
13185,14153
13185,14154
13185,14155
13185,14156
13185,14157
13185,14158
13185,14159
13185,14160
13185,14161
13186,14009
13186,14010
13186,14011
13186,14012
13186,14013
13186,14014
13186,14015
13186,14016
13186,14017
13186,14018
13186,14019
13186,14020
13186,14021
13186,14022
13186,14023
13186,14024
13186,14025
13186,14026
13186,14027
13186,14028
13186,14029
13186,14030
13186,14031
13186,14032
13186,14033
13186,14034
13186,14035
13186,14036
13186,14037
13186,14038
13186,14039
13186,14040
13186,14041
13186,14042
13186,14043
13186,14044
13186,14045
13186,14046
13186,14047
13186,14048
13186,14049
13186,14050
13186,14051
13186,14052
13186,14053
13186,14054
13186,14055
13186,14056
13186,14057
13186,14058
13186,14059
13186,14060
13186,14061
13186,14062
13186,14063
13186,14064
13186,14065
13186,14066
13186,14067
13186,14068
13186,14069
13186,14070
13186,14071
13186,14072
13186,14073
13186,14074
13186,14075
13186,14076
13186,14077
13186,14078
13186,14079
13186,14080
13186,14081
13186,14082
13186,14083
13186,14084
13186,14085
13186,14086
13186,14087
13186,14088
13186,14089
13186,14090
13186,14091
13186,14092
13186,14093
13186,14094
13186,14095
13186,14096
13186,14097
13186,14098
13186,14099
13186,14100
13186,14101
13186,14102
13186,14103
13186,14104
13186,14105
13186,14106
13186,14107
13186,14108
13186,14109
13186,14110
13186,14111
13186,14112
13186,14113
13186,14114
13186,14115
13186,14116
13186,14117
13186,14118
13186,14119
13186,14120
13186,14121
13186,14122
13186,14123
13186,14124
13186,14125
13186,14126
13186,14127
13186,14128
13186,14129
13186,14130
13186,14131
13186,14132
13186,14133
13186,14134
13186,14135
13186,14136
13186,14137
13186,14138
13186,14139
13186,14140
13186,14141
13186,14142
13186,14143
13186,14144
13186,14145
13186,14146
13186,14147
13186,14148
13186,14149
13186,14150
13186,14151
13186,14152
13186,14153
13186,14154
13186,14155
13186,14156
13186,14157
13186,14158
13186,14159
13186,14160
13186,14161
13186,14162
13186,14166
13186,14167
13186,14168
13186,14169
13186,14170
13187,14008
13187,14009
13187,14010
13187,14011
13187,14012
13187,14013
13187,14014
13187,14015
13187,14016
13187,14017
13187,14018
13187,14019
13187,14020
13187,14021
13187,14022
13187,14023
13187,14024
13187,14025
13187,14026
13187,14027
13187,14028
13187,14029
13187,14030
13187,14031
13187,14032
13187,14033
13187,14034
13187,14035
13187,14036
13187,14037
13187,14038
13187,14039
13187,14040
13187,14041
13187,14042
13187,14043
13187,14044
13187,14045
13187,14046
13187,14047
13187,14048
13187,14049
13187,14050
13187,14051
13187,14052
13187,14053
13187,14054
13187,14055
13187,14056
13187,14057
13187,14058
13187,14059
13187,14060
13187,14061
13187,14062
13187,14063
13187,14064
13187,14065
13187,14066
13187,14067
13187,14068
13187,14069
13187,14070
13187,14071
13187,14072
13187,14073
13187,14074
13187,14075
13187,14076
13187,14077
13187,14078
13187,14079
13187,14080
13187,14081
13187,14082
13187,14083
13187,14084
13187,14085
13187,14086
13187,14087
13187,14088
13187,14089
13187,14090
13187,14091
13187,14092
13187,14093
13187,14094
13187,14095
13187,14096
13187,14097
13187,14098
13187,14099
13187,14100
13187,14101
13187,14102
13187,14103
13187,14104
13187,14105
13187,14106
13187,14107
13187,14108
13187,14109
13187,14110
13187,14111
13187,14112
13187,14113
13187,14114
13187,14115
13187,14116
13187,14117
13187,14118
13187,14119
13187,14120
13187,14121
13187,14122
13187,14123
13187,14124
13187,14125
13187,14126
13187,14127
13187,14128
13187,14129
13187,14130
13187,14131
13187,14132
13187,14133
13187,14134
13187,14135
13187,14136
13187,14137
13187,14138
13187,14139
13187,14140
13187,14141
13187,14142
13187,14143
13187,14144
13187,14145
13187,14146
13187,14147
13187,14148
13187,14149
13187,14150
13187,14151
13187,14152
13187,14153
13187,14154
13187,14155
13187,14156
13187,14157
13187,14158
13187,14159
13187,14160
13187,14161
13187,14162
13187,14163
13187,14164
13187,14165
13187,14166
13187,14167
13187,14168
13187,14169
13187,14170
13187,14171
13187,14172
13188,14008
13188,14009
13188,14010
13188,14011
13188,14012
13188,14013
13188,14014
13188,14015
13188,14016
13188,14017
13188,14018
13188,14019
13188,14020
13188,14021
13188,14022
13188,14023
13188,14024
13188,14025
13188,14026
13188,14027
13188,14028
13188,14029
13188,14030
13188,14031
13188,14032
13188,14033
13188,14034
13188,14035
13188,14036
13188,14037
13188,14038
13188,14039
13188,14040
13188,14041
13188,14042
13188,14043
13188,14044
13188,14045
13188,14046
13188,14047
13188,14048
13188,14049
13188,14050
13188,14051
13188,14052
13188,14053
13188,14054
13188,14055
13188,14056
13188,14057
13188,14058
13188,14059
13188,14060
13188,14061
13188,14062
13188,14063
13188,14064
13188,14065
13188,14066
13188,14067
13188,14068
13188,14069
13188,14070
13188,14071
13188,14072
13188,14073
13188,14074
13188,14075
13188,14076
13188,14077
13188,14078
13188,14079
13188,14080
13188,14081
13188,14082
13188,14083
13188,14084
13188,14085
13188,14086
13188,14087
13188,14088
13188,14089
13188,14090
13188,14091
13188,14092
13188,14093
13188,14094
13188,14095
13188,14096
13188,14097
13188,14098
13188,14099
13188,14100
13188,14101
13188,14102
13188,14103
13188,14104
13188,14105
13188,14106
13188,14107
13188,14108
13188,14109
13188,14110
13188,14111
13188,14112
13188,14113
13188,14114
13188,14115
13188,14116
13188,14117
13188,14118
13188,14119
13188,14120
13188,14121
13188,14122
13188,14123
13188,14124
13188,14125
13188,14126
13188,14127
13188,14128
13188,14129
13188,14130
13188,14131
13188,14132
13188,14133
13188,14134
13188,14135
13188,14136
13188,14137
13188,14138
13188,14139
13188,14140
13188,14141
13188,14142
13188,14143
13188,14144
13188,14145
13188,14146
13188,14147
13188,14148
13188,14149
13188,14150
13188,14151
13188,14152
13188,14153
13188,14154
13188,14155
13188,14156
13188,14157
13188,14158
13188,14159
13188,14160
13188,14161
13188,14162
13188,14163
13188,14164
13188,14165
13188,14166
13188,14167
13188,14168
13188,14169
13188,14170
13188,14171
13188,14172
13188,14173
13189,14007
13189,14008
13189,14009
13189,14010
13189,14011
13189,14012
13189,14013
13189,14014
13189,14015
13189,14016
13189,14017
13189,14018
13189,14019
13189,14020
13189,14021
13189,14022
13189,14023
13189,14024
13189,14025
13189,14026
13189,14027
13189,14028
13189,14029
13189,14030
13189,14031
13189,14032
13189,14033
13189,14034
13189,14035
13189,14036
13189,14037
13189,14038
13189,14039
13189,14040
13189,14041
13189,14042
13189,14043
13189,14044
13189,14045
13189,14046
13189,14047
13189,14048
13189,14049
13189,14050
13189,14051
13189,14052
13189,14053
13189,14054
13189,14055
13189,14056
13189,14057
13189,14058
13189,14059
13189,14060
13189,14061
13189,14062
13189,14063
13189,14064
13189,14065
13189,14066
13189,14067
13189,14068
13189,14069
13189,14070
13189,14071
13189,14072
13189,14073
13189,14074
13189,14075
13189,14076
13189,14077
13189,14078
13189,14079
13189,14080
13189,14081
13189,14082
13189,14083
13189,14084
13189,14085
13189,14086
13189,14087
13189,14088
13189,14089
13189,14090
13189,14091
13189,14092
13189,14093
13189,14094
13189,14095
13189,14096
13189,14097
13189,14098
13189,14099
13189,14100
13189,14101
13189,14102
13189,14103
13189,14104
13189,14105
13189,14106
13189,14107
13189,14108
13189,14109
13189,14110
13189,14111
13189,14112
13189,14113
13189,14114
13189,14115
13189,14116
13189,14117
13189,14118
13189,14119
13189,14120
13189,14121
13189,14122
13189,14123
13189,14124
13189,14125
13189,14126
13189,14127
13189,14128
13189,14129
13189,14130
13189,14131
13189,14132
13189,14133
13189,14134
13189,14135
13189,14136
13189,14137
13189,14138
13189,14139
13189,14140
13189,14141
13189,14142
13189,14143
13189,14144
13189,14145
13189,14146
13189,14147
13189,14148
13189,14149
13189,14150
13189,14151
13189,14152
13189,14153
13189,14154
13189,14155
13189,14156
13189,14157
13189,14158
13189,14159
13189,14160
13189,14161
13189,14162
13189,14163
13189,14164
13189,14165
13189,14166
13189,14167
13189,14168
13189,14169
13189,14170
13189,14171
13189,14172
13189,14173
13189,14174
13190,14007
13190,14008
13190,14009
13190,14010
13190,14011
13190,14012
13190,14013
13190,14014
13190,14015
13190,14016
13190,14017
13190,14018
13190,14019
13190,14020
13190,14021
13190,14022
13190,14023
13190,14024
13190,14025
13190,14026
13190,14027
13190,14028
13190,14029
13190,14030
13190,14031
13190,14032
13190,14033
13190,14034
13190,14035
13190,14036
13190,14037
13190,14038
13190,14039
13190,14040
13190,14041
13190,14042
13190,14043
13190,14044
13190,14045
13190,14046
13190,14047
13190,14048
13190,14049
13190,14050
13190,14051
13190,14052
13190,14053
13190,14054
13190,14055
13190,14056
13190,14057
13190,14058
13190,14059
13190,14060
13190,14061
13190,14062
13190,14063
13190,14064
13190,14065
13190,14066
13190,14067
13190,14068
13190,14069
13190,14070
13190,14071
13190,14072
13190,14073
13190,14074
13190,14075
13190,14076
13190,14077
13190,14078
13190,14079
13190,14080
13190,14081
13190,14082
13190,14083
13190,14084
13190,14085
13190,14086
13190,14087
13190,14088
13190,14089
13190,14090
13190,14091
13190,14092
13190,14093
13190,14094
13190,14095
13190,14096
13190,14097
13190,14098
13190,14099
13190,14100
13190,14101
13190,14102
13190,14103
13190,14104
13190,14105
13190,14106
13190,14107
13190,14108
13190,14109
13190,14110
13190,14111
13190,14112
13190,14113
13190,14114
13190,14115
13190,14116
13190,14117
13190,14118
13190,14119
13190,14120
13190,14121
13190,14122
13190,14123
13190,14124
13190,14125
13190,14126
13190,14127
13190,14128
13190,14129
13190,14130
13190,14131
13190,14132
13190,14133
13190,14134
13190,14135
13190,14136
13190,14137
13190,14138
13190,14139
13190,14140
13190,14141
13190,14142
13190,14143
13190,14144
13190,14145
13190,14146
13190,14147
13190,14148
13190,14149
13190,14150
13190,14151
13190,14152
13190,14153
13190,14154
13190,14155
13190,14156
13190,14157
13190,14158
13190,14159
13190,14160
13190,14161
13190,14162
13190,14163
13190,14164
13190,14165
13190,14166
13190,14167
13190,14168
13190,14169
13190,14170
13190,14171
13190,14172
13190,14173
13190,14174
13190,14175
13191,14007
13191,14008
13191,14009
13191,14010
13191,14011
13191,14012
13191,14013
13191,14014
13191,14015
13191,14016
13191,14017
13191,14018
13191,14019
13191,14020
13191,14021
13191,14022
13191,14023
13191,14024
13191,14025
13191,14026
13191,14027
13191,14028
13191,14029
13191,14030
13191,14031
13191,14032
13191,14033
13191,14034
13191,14035
13191,14036
13191,14037
13191,14038
13191,14039
13191,14040
13191,14041
13191,14042
13191,14043
13191,14044
13191,14045
13191,14046
13191,14047
13191,14048
13191,14049
13191,14050
13191,14051
13191,14052
13191,14053
13191,14054
13191,14055
13191,14056
13191,14057
13191,14058
13191,14059
13191,14060
13191,14061
13191,14062
13191,14063
13191,14064
13191,14065
13191,14066
13191,14067
13191,14068
13191,14069
13191,14070
13191,14071
13191,14072
13191,14073
13191,14074
13191,14075
13191,14076
13191,14077
13191,14078
13191,14079
13191,14080
13191,14081
13191,14082
13191,14083
13191,14084
13191,14085
13191,14086
13191,14087
13191,14088
13191,14089
13191,14090
13191,14091
13191,14092
13191,14093
13191,14094
13191,14095
13191,14096
13191,14097
13191,14098
13191,14099
13191,14100
13191,14101
13191,14102
13191,14103
13191,14104
13191,14105
13191,14106
13191,14107
13191,14108
13191,14109
13191,14110
13191,14111
13191,14112
13191,14113
13191,14114
13191,14115
13191,14116
13191,14117
13191,14118
13191,14119
13191,14120
13191,14121
13191,14122
13191,14123
13191,14124
13191,14125
13191,14126
13191,14127
13191,14128
13191,14129
13191,14130
13191,14131
13191,14132
13191,14133
13191,14134
13191,14135
13191,14136
13191,14137
13191,14138
13191,14139
13191,14140
13191,14141
13191,14142
13191,14143
13191,14144
13191,14145
13191,14146
13191,14147
13191,14148
13191,14149
13191,14150
13191,14151
13191,14152
13191,14153
13191,14154
13191,14155
13191,14156
13191,14157
13191,14158
13191,14159
13191,14160
13191,14161
13191,14162
13191,14163
13191,14164
13191,14165
13191,14166
13191,14167
13191,14168
13191,14169
13191,14170
13191,14171
13191,14172
13191,14173
13191,14174
13191,14175
13192,14006
13192,14007
13192,14008
13192,14009
13192,14010
13192,14011
13192,14012
13192,14013
13192,14014
13192,14015
13192,14016
13192,14017
13192,14018
13192,14019
13192,14020
13192,14021
13192,14022
13192,14023
13192,14024
13192,14025
13192,14026
13192,14027
13192,14028
13192,14029
13192,14030
13192,14031
13192,14032
13192,14033
13192,14034
13192,14035
13192,14036
13192,14037
13192,14038
13192,14039
13192,14040
13192,14041
13192,14042
13192,14043
13192,14044
13192,14045
13192,14046
13192,14047
13192,14048
13192,14049
13192,14050
13192,14051
13192,14052
13192,14053
13192,14054
13192,14055
13192,14056
13192,14057
13192,14058
13192,14059
13192,14060
13192,14061
13192,14062
13192,14063
13192,14064
13192,14065
13192,14066
13192,14067
13192,14068
13192,14069
13192,14070
13192,14071
13192,14072
13192,14073
13192,14074
13192,14075
13192,14076
13192,14077
13192,14078
13192,14079
13192,14080
13192,14081
13192,14082
13192,14083
13192,14084
13192,14085
13192,14086
13192,14087
13192,14088
13192,14089
13192,14090
13192,14091
13192,14092
13192,14093
13192,14094
13192,14095
13192,14096
13192,14097
13192,14098
13192,14099
13192,14100
13192,14101
13192,14102
13192,14103
13192,14104
13192,14105
13192,14106
13192,14107
13192,14108
13192,14109
13192,14110
13192,14111
13192,14112
13192,14113
13192,14114
13192,14115
13192,14116
13192,14117
13192,14118
13192,14119
13192,14120
13192,14121
13192,14122
13192,14123
13192,14124
13192,14125
13192,14126
13192,14127
13192,14128
13192,14129
13192,14130
13192,14131
13192,14132
13192,14133
13192,14134
13192,14135
13192,14136
13192,14137
13192,14138
13192,14139
13192,14140
13192,14141
13192,14142
13192,14143
13192,14144
13192,14145
13192,14146
13192,14147
13192,14148
13192,14149
13192,14150
13192,14151
13192,14152
13192,14153
13192,14154
13192,14155
13192,14156
13192,14157
13192,14158
13192,14159
13192,14160
13192,14161
13192,14162
13192,14163
13192,14164
13192,14165
13192,14166
13192,14167
13192,14168
13192,14169
13192,14170
13192,14171
13192,14172
13192,14173
13192,14174
13192,14175
13192,14176
13193,14007
13193,14008
13193,14009
13193,14010
13193,14011
13193,14012
13193,14013
13193,14014
13193,14015
13193,14016
13193,14017
13193,14018
13193,14019
13193,14020
13193,14021
13193,14022
13193,14023
13193,14024
13193,14025
13193,14026
13193,14027
13193,14028
13193,14029
13193,14030
13193,14031
13193,14032
13193,14033
13193,14034
13193,14035
13193,14036
13193,14037
13193,14038
13193,14039
13193,14040
13193,14041
13193,14042
13193,14043
13193,14044
13193,14045
13193,14046
13193,14047
13193,14048
13193,14049
13193,14050
13193,14051
13193,14052
13193,14053
13193,14054
13193,14055
13193,14056
13193,14057
13193,14058
13193,14059
13193,14060
13193,14061
13193,14062
13193,14063
13193,14064
13193,14065
13193,14066
13193,14067
13193,14068
13193,14069
13193,14070
13193,14071
13193,14072
13193,14073
13193,14074
13193,14075
13193,14076
13193,14077
13193,14078
13193,14079
13193,14080
13193,14081
13193,14082
13193,14083
13193,14084
13193,14085
13193,14086
13193,14087
13193,14088
13193,14089
13193,14090
13193,14091
13193,14092
13193,14093
13193,14094
13193,14095
13193,14096
13193,14097
13193,14098
13193,14099
13193,14100
13193,14101
13193,14102
13193,14103
13193,14104
13193,14105
13193,14106
13193,14107
13193,14108
13193,14109
13193,14110
13193,14111
13193,14112
13193,14113
13193,14114
13193,14115
13193,14116
13193,14117
13193,14118
13193,14119
13193,14120
13193,14121
13193,14122
13193,14123
13193,14124
13193,14125
13193,14126
13193,14127
13193,14128
13193,14129
13193,14130
13193,14131
13193,14132
13193,14133
13193,14134
13193,14135
13193,14136
13193,14137
13193,14138
13193,14139
13193,14140
13193,14141
13193,14142
13193,14143
13193,14144
13193,14145
13193,14146
13193,14147
13193,14148
13193,14149
13193,14150
13193,14151
13193,14152
13193,14153
13193,14154
13193,14155
13193,14156
13193,14157
13193,14158
13193,14159
13193,14160
13193,14161
13193,14162
13193,14163
13193,14164
13193,14165
13193,14166
13193,14167
13193,14168
13193,14169
13193,14170
13193,14171
13193,14172
13193,14173
13193,14174
13193,14175
13193,14176
13194,14007
13194,14008
13194,14009
13194,14010
13194,14011
13194,14012
13194,14013
13194,14014
13194,14015
13194,14016
13194,14017
13194,14018
13194,14019
13194,14020
13194,14021
13194,14022
13194,14023
13194,14024
13194,14025
13194,14026
13194,14027
13194,14028
13194,14029
13194,14030
13194,14031
13194,14032
13194,14033
13194,14034
13194,14035
13194,14036
13194,14037
13194,14038
13194,14039
13194,14040
13194,14041
13194,14042
13194,14043
13194,14044
13194,14045
13194,14046
13194,14047
13194,14048
13194,14049
13194,14050
13194,14051
13194,14052
13194,14053
13194,14054
13194,14055
13194,14056
13194,14057
13194,14058
13194,14059
13194,14060
13194,14061
13194,14062
13194,14063
13194,14064
13194,14065
13194,14066
13194,14067
13194,14068
13194,14069
13194,14070
13194,14071
13194,14072
13194,14073
13194,14074
13194,14075
13194,14076
13194,14077
13194,14078
13194,14079
13194,14080
13194,14081
13194,14082
13194,14083
13194,14084
13194,14085
13194,14086
13194,14087
13194,14088
13194,14089
13194,14090
13194,14091
13194,14092
13194,14093
13194,14094
13194,14095
13194,14096
13194,14097
13194,14098
13194,14099
13194,14100
13194,14101
13194,14102
13194,14103
13194,14104
13194,14105
13194,14106
13194,14107
13194,14108
13194,14109
13194,14110
13194,14111
13194,14112
13194,14113
13194,14114
13194,14115
13194,14116
13194,14117
13194,14118
13194,14119
13194,14120
13194,14121
13194,14122
13194,14123
13194,14124
13194,14125
13194,14126
13194,14127
13194,14128
13194,14129
13194,14130
13194,14131
13194,14132
13194,14133
13194,14134
13194,14135
13194,14136
13194,14137
13194,14138
13194,14139
13194,14140
13194,14141
13194,14142
13194,14143
13194,14144
13194,14145
13194,14146
13194,14147
13194,14148
13194,14149
13194,14150
13194,14151
13194,14152
13194,14153
13194,14154
13194,14155
13194,14156
13194,14157
13194,14158
13194,14159
13194,14160
13194,14161
13194,14162
13194,14163
13194,14164
13194,14165
13194,14166
13194,14167
13194,14168
13194,14169
13194,14170
13194,14171
13194,14172
13194,14173
13194,14174
13194,14175
13194,14176
13194,14177
13195,14007
13195,14008
13195,14009
13195,14010
13195,14011
13195,14012
13195,14013
13195,14014
13195,14015
13195,14016
13195,14017
13195,14018
13195,14019
13195,14020
13195,14021
13195,14022
13195,14023
13195,14024
13195,14025
13195,14026
13195,14027
13195,14028
13195,14029
13195,14030
13195,14031
13195,14032
13195,14033
13195,14034
13195,14035
13195,14036
13195,14037
13195,14038
13195,14039
13195,14040
13195,14041
13195,14042
13195,14043
13195,14044
13195,14045
13195,14046
13195,14047
13195,14048
13195,14049
13195,14050
13195,14051
13195,14052
13195,14053
13195,14054
13195,14055
13195,14056
13195,14057
13195,14058
13195,14059
13195,14060
13195,14061
13195,14062
13195,14063
13195,14064
13195,14065
13195,14066
13195,14067
13195,14068
13195,14069
13195,14070
13195,14071
13195,14072
13195,14073
13195,14074
13195,14075
13195,14076
13195,14077
13195,14078
13195,14079
13195,14080
13195,14081
13195,14082
13195,14083
13195,14084
13195,14085
13195,14086
13195,14087
13195,14088
13195,14089
13195,14090
13195,14091
13195,14092
13195,14093
13195,14094
13195,14095
13195,14096
13195,14097
13195,14098
13195,14099
13195,14100
13195,14101
13195,14102
13195,14103
13195,14104
13195,14105
13195,14106
13195,14107
13195,14108
13195,14109
13195,14110
13195,14111
13195,14112
13195,14113
13195,14114
13195,14115
13195,14116
13195,14117
13195,14118
13195,14119
13195,14120
13195,14121
13195,14122
13195,14123
13195,14124
13195,14125
13195,14126
13195,14127
13195,14128
13195,14129
13195,14130
13195,14131
13195,14132
13195,14133
13195,14134
13195,14135
13195,14136
13195,14137
13195,14138
13195,14139
13195,14140
13195,14141
13195,14142
13195,14143
13195,14144
13195,14145
13195,14146
13195,14147
13195,14148
13195,14149
13195,14150
13195,14151
13195,14152
13195,14153
13195,14154
13195,14155
13195,14156
13195,14157
13195,14158
13195,14159
13195,14160
13195,14161
13195,14162
13195,14163
13195,14164
13195,14165
13195,14166
13195,14167
13195,14168
13195,14169
13195,14170
13195,14171
13195,14172
13195,14173
13195,14174
13195,14175
13195,14176
13195,14177
13195,14178
13196,14008
13196,14009
13196,14010
13196,14011
13196,14012
13196,14013
13196,14014
13196,14015
13196,14016
13196,14017
13196,14018
13196,14019
13196,14020
13196,14021
13196,14022
13196,14023
13196,14024
13196,14025
13196,14026
13196,14027
13196,14028
13196,14029
13196,14030
13196,14031
13196,14032
13196,14033
13196,14034
13196,14035
13196,14036
13196,14037
13196,14038
13196,14039
13196,14040
13196,14041
13196,14042
13196,14043
13196,14044
13196,14045
13196,14046
13196,14047
13196,14048
13196,14049
13196,14050
13196,14051
13196,14052
13196,14053
13196,14054
13196,14055
13196,14056
13196,14057
13196,14058
13196,14059
13196,14060
13196,14061
13196,14062
13196,14063
13196,14064
13196,14065
13196,14066
13196,14067
13196,14068
13196,14069
13196,14070
13196,14071
13196,14072
13196,14073
13196,14074
13196,14075
13196,14076
13196,14077
13196,14078
13196,14079
13196,14080
13196,14081
13196,14082
13196,14083
13196,14084
13196,14085
13196,14086
13196,14087
13196,14088
13196,14089
13196,14090
13196,14091
13196,14092
13196,14093
13196,14094
13196,14095
13196,14096
13196,14097
13196,14098
13196,14099
13196,14100
13196,14101
13196,14102
13196,14103
13196,14104
13196,14105
13196,14106
13196,14107
13196,14108
13196,14109
13196,14110
13196,14111
13196,14112
13196,14113
13196,14114
13196,14115
13196,14116
13196,14117
13196,14118
13196,14119
13196,14120
13196,14121
13196,14122
13196,14123
13196,14124
13196,14125
13196,14126
13196,14127
13196,14128
13196,14129
13196,14130
13196,14131
13196,14132
13196,14133
13196,14134
13196,14135
13196,14136
13196,14137
13196,14138
13196,14139
13196,14140
13196,14141
13196,14142
13196,14143
13196,14144
13196,14145
13196,14146
13196,14147
13196,14148
13196,14149
13196,14150
13196,14151
13196,14152
13196,14153
13196,14154
13196,14155
13196,14156
13196,14157
13196,14158
13196,14159
13196,14160
13196,14161
13196,14162
13196,14163
13196,14164
13196,14165
13196,14166
13196,14167
13196,14168
13196,14169
13196,14170
13196,14171
13196,14172
13196,14173
13196,14174
13196,14175
13196,14176
13196,14177
13196,14178
13197,14008
13197,14009
13197,14010
13197,14011
13197,14012
13197,14013
13197,14014
13197,14015
13197,14016
13197,14017
13197,14018
13197,14019
13197,14020
13197,14021
13197,14022
13197,14023
13197,14024
13197,14025
13197,14026
13197,14027
13197,14028
13197,14029
13197,14030
13197,14031
13197,14032
13197,14033
13197,14034
13197,14035
13197,14036
13197,14037
13197,14038
13197,14039
13197,14040
13197,14041
13197,14042
13197,14043
13197,14044
13197,14045
13197,14046
13197,14047
13197,14048
13197,14049
13197,14050
13197,14051
13197,14052
13197,14053
13197,14054
13197,14055
13197,14056
13197,14057
13197,14058
13197,14059
13197,14060
13197,14061
13197,14062
13197,14063
13197,14064
13197,14065
13197,14066
13197,14067
13197,14068
13197,14069
13197,14070
13197,14071
13197,14072
13197,14073
13197,14074
13197,14075
13197,14076
13197,14077
13197,14078
13197,14079
13197,14080
13197,14081
13197,14082
13197,14083
13197,14084
13197,14085
13197,14086
13197,14087
13197,14088
13197,14089
13197,14090
13197,14091
13197,14092
13197,14093
13197,14094
13197,14095
13197,14096
13197,14097
13197,14098
13197,14099
13197,14100
13197,14101
13197,14102
13197,14103
13197,14104
13197,14105
13197,14106
13197,14107
13197,14108
13197,14109
13197,14110
13197,14111
13197,14112
13197,14113
13197,14114
13197,14115
13197,14116
13197,14117
13197,14118
13197,14119
13197,14120
13197,14121
13197,14122
13197,14123
13197,14124
13197,14125
13197,14126
13197,14127
13197,14128
13197,14129
13197,14130
13197,14131
13197,14132
13197,14133
13197,14134
13197,14135
13197,14136
13197,14137
13197,14138
13197,14139
13197,14140
13197,14141
13197,14142
13197,14143
13197,14144
13197,14145
13197,14146
13197,14147
13197,14148
13197,14149
13197,14150
13197,14151
13197,14152
13197,14153
13197,14154
13197,14155
13197,14156
13197,14157
13197,14158
13197,14159
13197,14160
13197,14161
13197,14162
13197,14163
13197,14164
13197,14165
13197,14166
13197,14167
13197,14168
13197,14169
13197,14170
13197,14171
13197,14172
13197,14173
13197,14174
13197,14175
13197,14176
13197,14177
13197,14178
13197,14179
13198,14007
13198,14008
13198,14009
13198,14010
13198,14011
13198,14012
13198,14013
13198,14014
13198,14015
13198,14016
13198,14017
13198,14018
13198,14019
13198,14020
13198,14021
13198,14022
13198,14023
13198,14024
13198,14025
13198,14026
13198,14027
13198,14028
13198,14029
13198,14030
13198,14031
13198,14032
13198,14033
13198,14034
13198,14035
13198,14036
13198,14037
13198,14038
13198,14039
13198,14040
13198,14041
13198,14042
13198,14043
13198,14044
13198,14045
13198,14046
13198,14047
13198,14048
13198,14049
13198,14050
13198,14051
13198,14052
13198,14053
13198,14054
13198,14055
13198,14056
13198,14057
13198,14058
13198,14059
13198,14060
13198,14061
13198,14062
13198,14063
13198,14064
13198,14065
13198,14066
13198,14067
13198,14068
13198,14069
13198,14070
13198,14071
13198,14072
13198,14073
13198,14074
13198,14075
13198,14076
13198,14077
13198,14078
13198,14079
13198,14080
13198,14081
13198,14082
13198,14083
13198,14084
13198,14085
13198,14086
13198,14087
13198,14088
13198,14089
13198,14090
13198,14091
13198,14092
13198,14093
13198,14094
13198,14095
13198,14096
13198,14097
13198,14098
13198,14099
13198,14100
13198,14101
13198,14102
13198,14103
13198,14104
13198,14105
13198,14106
13198,14107
13198,14108
13198,14109
13198,14110
13198,14111
13198,14112
13198,14113
13198,14114
13198,14115
13198,14116
13198,14117
13198,14118
13198,14119
13198,14120
13198,14121
13198,14122
13198,14123
13198,14124
13198,14125
13198,14126
13198,14127
13198,14128
13198,14129
13198,14130
13198,14131
13198,14132
13198,14133
13198,14134
13198,14135
13198,14136
13198,14137
13198,14138
13198,14139
13198,14140
13198,14141
13198,14142
13198,14143
13198,14144
13198,14145
13198,14146
13198,14147
13198,14148
13198,14149
13198,14150
13198,14151
13198,14152
13198,14153
13198,14154
13198,14155
13198,14156
13198,14157
13198,14158
13198,14159
13198,14160
13198,14161
13198,14162
13198,14163
13198,14164
13198,14165
13198,14166
13198,14167
13198,14168
13198,14169
13198,14170
13198,14171
13198,14172
13198,14173
13198,14174
13198,14175
13198,14176
13198,14177
13198,14178
13198,14179
13198,14180
13199,14006
13199,14007
13199,14008
13199,14009
13199,14010
13199,14011
13199,14012
13199,14013
13199,14014
13199,14015
13199,14016
13199,14017
13199,14018
13199,14019
13199,14020
13199,14021
13199,14022
13199,14023
13199,14024
13199,14025
13199,14026
13199,14027
13199,14028
13199,14029
13199,14030
13199,14031
13199,14032
13199,14033
13199,14034
13199,14035
13199,14036
13199,14037
13199,14038
13199,14039
13199,14040
13199,14041
13199,14042
13199,14043
13199,14044
13199,14045
13199,14046
13199,14047
13199,14048
13199,14049
13199,14050
13199,14051
13199,14052
13199,14053
13199,14054
13199,14055
13199,14056
13199,14057
13199,14058
13199,14059
13199,14060
13199,14061
13199,14062
13199,14063
13199,14064
13199,14065
13199,14066
13199,14067
13199,14068
13199,14069
13199,14070
13199,14071
13199,14072
13199,14073
13199,14074
13199,14075
13199,14076
13199,14077
13199,14078
13199,14079
13199,14080
13199,14081
13199,14082
13199,14083
13199,14084
13199,14085
13199,14086
13199,14087
13199,14088
13199,14089
13199,14090
13199,14091
13199,14092
13199,14093
13199,14094
13199,14095
13199,14096
13199,14097
13199,14098
13199,14099
13199,14100
13199,14101
13199,14102
13199,14103
13199,14104
13199,14105
13199,14106
13199,14107
13199,14108
13199,14109
13199,14110
13199,14111
13199,14112
13199,14113
13199,14114
13199,14115
13199,14116
13199,14117
13199,14118
13199,14119
13199,14120
13199,14121
13199,14122
13199,14123
13199,14124
13199,14125
13199,14126
13199,14127
13199,14128
13199,14129
13199,14130
13199,14131
13199,14132
13199,14133
13199,14134
13199,14135
13199,14136
13199,14137
13199,14138
13199,14139
13199,14140
13199,14141
13199,14142
13199,14143
13199,14144
13199,14145
13199,14146
13199,14147
13199,14148
13199,14149
13199,14150
13199,14151
13199,14152
13199,14153
13199,14154
13199,14155
13199,14156
13199,14157
13199,14158
13199,14159
13199,14160
13199,14161
13199,14162
13199,14163
13199,14164
13199,14165
13199,14166
13199,14167
13199,14168
13199,14169
13199,14170
13199,14171
13199,14172
13199,14173
13199,14174
13199,14175
13199,14176
13199,14177
13199,14178
13199,14179
13199,14180
13199,14181
13199,14182
13200,14006
13200,14007
13200,14008
13200,14009
13200,14010
13200,14011
13200,14012
13200,14013
13200,14014
13200,14015
13200,14016
13200,14017
13200,14018
13200,14019
13200,14020
13200,14021
13200,14022
13200,14023
13200,14024
13200,14025
13200,14026
13200,14027
13200,14028
13200,14029
13200,14030
13200,14031
13200,14032
13200,14033
13200,14034
13200,14035
13200,14036
13200,14037
13200,14038
13200,14039
13200,14040
13200,14041
13200,14042
13200,14043
13200,14044
13200,14045
13200,14046
13200,14047
13200,14048
13200,14049
13200,14050
13200,14051
13200,14052
13200,14053
13200,14054
13200,14055
13200,14056
13200,14057
13200,14058
13200,14059
13200,14060
13200,14061
13200,14062
13200,14063
13200,14064
13200,14065
13200,14066
13200,14067
13200,14068
13200,14069
13200,14070
13200,14071
13200,14072
13200,14073
13200,14074
13200,14075
13200,14076
13200,14077
13200,14078
13200,14079
13200,14080
13200,14081
13200,14082
13200,14083
13200,14084
13200,14085
13200,14086
13200,14087
13200,14088
13200,14089
13200,14090
13200,14091
13200,14092
13200,14093
13200,14094
13200,14095
13200,14096
13200,14097
13200,14098
13200,14099
13200,14100
13200,14101
13200,14102
13200,14103
13200,14104
13200,14105
13200,14106
13200,14107
13200,14108
13200,14109
13200,14110
13200,14111
13200,14112
13200,14113
13200,14114
13200,14115
13200,14116
13200,14117
13200,14118
13200,14119
13200,14120
13200,14121
13200,14122
13200,14123
13200,14124
13200,14125
13200,14126
13200,14127
13200,14128
13200,14129
13200,14130
13200,14131
13200,14132
13200,14133
13200,14134
13200,14135
13200,14136
13200,14137
13200,14138
13200,14139
13200,14140
13200,14141
13200,14142
13200,14143
13200,14144
13200,14145
13200,14146
13200,14147
13200,14148
13200,14149
13200,14150
13200,14151
13200,14152
13200,14153
13200,14154
13200,14155
13200,14156
13200,14157
13200,14158
13200,14159
13200,14160
13200,14161
13200,14162
13200,14163
13200,14164
13200,14165
13200,14166
13200,14167
13200,14168
13200,14169
13200,14170
13200,14171
13200,14172
13200,14173
13200,14174
13200,14175
13200,14176
13200,14177
13200,14178
13200,14179
13200,14180
13200,14181
13200,14182
13200,14183
13201,14005
13201,14006
13201,14007
13201,14008
13201,14009
13201,14010
13201,14011
13201,14012
13201,14013
13201,14014
13201,14015
13201,14016
13201,14017
13201,14018
13201,14019
13201,14020
13201,14021
13201,14022
13201,14023
13201,14024
13201,14025
13201,14026
13201,14027
13201,14028
13201,14029
13201,14030
13201,14031
13201,14032
13201,14033
13201,14034
13201,14035
13201,14036
13201,14037
13201,14038
13201,14039
13201,14040
13201,14041
13201,14042
13201,14043
13201,14044
13201,14045
13201,14046
13201,14047
13201,14048
13201,14049
13201,14050
13201,14051
13201,14052
13201,14053
13201,14054
13201,14055
13201,14056
13201,14057
13201,14058
13201,14059
13201,14060
13201,14061
13201,14062
13201,14063
13201,14064
13201,14065
13201,14066
13201,14067
13201,14068
13201,14069
13201,14070
13201,14071
13201,14072
13201,14073
13201,14074
13201,14075
13201,14076
13201,14077
13201,14078
13201,14079
13201,14080
13201,14081
13201,14082
13201,14083
13201,14084
13201,14085
13201,14086
13201,14087
13201,14088
13201,14089
13201,14090
13201,14091
13201,14092
13201,14093
13201,14094
13201,14095
13201,14096
13201,14097
13201,14098
13201,14099
13201,14100
13201,14101
13201,14102
13201,14103
13201,14104
13201,14105
13201,14106
13201,14107
13201,14108
13201,14109
13201,14110
13201,14111
13201,14112
13201,14113
13201,14114
13201,14115
13201,14116
13201,14117
13201,14118
13201,14119
13201,14120
13201,14121
13201,14122
13201,14123
13201,14124
13201,14125
13201,14126
13201,14127
13201,14128
13201,14129
13201,14130
13201,14131
13201,14132
13201,14133
13201,14134
13201,14135
13201,14136
13201,14137
13201,14138
13201,14139
13201,14140
13201,14141
13201,14142
13201,14143
13201,14144
13201,14145
13201,14146
13201,14147
13201,14148
13201,14149
13201,14150
13201,14151
13201,14152
13201,14153
13201,14154
13201,14155
13201,14156
13201,14157
13201,14158
13201,14159
13201,14160
13201,14161
13201,14162
13201,14163
13201,14164
13201,14165
13201,14166
13201,14167
13201,14168
13201,14169
13201,14170
13201,14171
13201,14172
13201,14173
13201,14174
13201,14175
13201,14176
13201,14177
13201,14178
13201,14179
13201,14180
13201,14181
13201,14182
13201,14183
13201,14184
13202,14001
13202,14005
13202,14006
13202,14007
13202,14008
13202,14009
13202,14010
13202,14011
13202,14012
13202,14013
13202,14014
13202,14015
13202,14016
13202,14017
13202,14018
13202,14019
13202,14020
13202,14021
13202,14022
13202,14023
13202,14024
13202,14025
13202,14026
13202,14027
13202,14028
13202,14029
13202,14030
13202,14031
13202,14032
13202,14033
13202,14034
13202,14035
13202,14036
13202,14037
13202,14038
13202,14039
13202,14040
13202,14041
13202,14042
13202,14043
13202,14044
13202,14045
13202,14046
13202,14047
13202,14048
13202,14049
13202,14050
13202,14051
13202,14052
13202,14053
13202,14054
13202,14055
13202,14056
13202,14057
13202,14058
13202,14059
13202,14060
13202,14061
13202,14062
13202,14063
13202,14064
13202,14065
13202,14066
13202,14067
13202,14068
13202,14069
13202,14070
13202,14071
13202,14072
13202,14073
13202,14074
13202,14075
13202,14076
13202,14077
13202,14078
13202,14079
13202,14080
13202,14081
13202,14082
13202,14083
13202,14084
13202,14085
13202,14086
13202,14087
13202,14088
13202,14089
13202,14090
13202,14091
13202,14092
13202,14093
13202,14094
13202,14095
13202,14096
13202,14097
13202,14098
13202,14099
13202,14100
13202,14101
13202,14102
13202,14103
13202,14104
13202,14105
13202,14106
13202,14107
13202,14108
13202,14109
13202,14110
13202,14111
13202,14112
13202,14113
13202,14114
13202,14115
13202,14116
13202,14117
13202,14118
13202,14119
13202,14120
13202,14121
13202,14122
13202,14123
13202,14124
13202,14125
13202,14126
13202,14127
13202,14128
13202,14129
13202,14130
13202,14131
13202,14132
13202,14133
13202,14134
13202,14135
13202,14136
13202,14137
13202,14138
13202,14139
13202,14140
13202,14141
13202,14142
13202,14143
13202,14144
13202,14145
13202,14146
13202,14147
13202,14148
13202,14149
13202,14150
13202,14151
13202,14152
13202,14153
13202,14154
13202,14155
13202,14156
13202,14157
13202,14158
13202,14159
13202,14160
13202,14161
13202,14162
13202,14163
13202,14164
13202,14165
13202,14166
13202,14167
13202,14168
13202,14169
13202,14170
13202,14171
13202,14172
13202,14173
13202,14174
13202,14175
13202,14176
13202,14177
13202,14178
13202,14179
13202,14180
13202,14181
13202,14182
13202,14183
13202,14184
13203,13999
13203,14000
13203,14001
13203,14002
13203,14003
13203,14004
13203,14005
13203,14006
13203,14007
13203,14008
13203,14009
13203,14010
13203,14011
13203,14012
13203,14013
13203,14014
13203,14015
13203,14016
13203,14017
13203,14018
13203,14019
13203,14020
13203,14021
13203,14022
13203,14023
13203,14024
13203,14025
13203,14026
13203,14027
13203,14028
13203,14029
13203,14030
13203,14031
13203,14032
13203,14033
13203,14034
13203,14035
13203,14036
13203,14037
13203,14038
13203,14039
13203,14040
13203,14041
13203,14042
13203,14043
13203,14044
13203,14045
13203,14046
13203,14047
13203,14048
13203,14049
13203,14050
13203,14051
13203,14052
13203,14053
13203,14054
13203,14055
13203,14056
13203,14057
13203,14058
13203,14059
13203,14060
13203,14061
13203,14062
13203,14063
13203,14064
13203,14065
13203,14066
13203,14067
13203,14068
13203,14069
13203,14070
13203,14071
13203,14072
13203,14073
13203,14074
13203,14075
13203,14076
13203,14077
13203,14078
13203,14079
13203,14080
13203,14081
13203,14082
13203,14083
13203,14084
13203,14085
13203,14086
13203,14087
13203,14088
13203,14089
13203,14090
13203,14091
13203,14092
13203,14093
13203,14094
13203,14095
13203,14096
13203,14097
13203,14098
13203,14099
13203,14100
13203,14101
13203,14102
13203,14103
13203,14104
13203,14105
13203,14106
13203,14107
13203,14108
13203,14109
13203,14110
13203,14111
13203,14112
13203,14113
13203,14114
13203,14115
13203,14116
13203,14117
13203,14118
13203,14119
13203,14120
13203,14121
13203,14122
13203,14123
13203,14124
13203,14125
13203,14126
13203,14127
13203,14128
13203,14129
13203,14130
13203,14131
13203,14132
13203,14133
13203,14134
13203,14135
13203,14136
13203,14137
13203,14138
13203,14139
13203,14140
13203,14141
13203,14142
13203,14143
13203,14144
13203,14145
13203,14146
13203,14147
13203,14148
13203,14149
13203,14150
13203,14151
13203,14152
13203,14153
13203,14154
13203,14155
13203,14156
13203,14157
13203,14158
13203,14159
13203,14160
13203,14161
13203,14162
13203,14163
13203,14164
13203,14165
13203,14166
13203,14167
13203,14168
13203,14169
13203,14170
13203,14171
13203,14172
13203,14173
13203,14174
13203,14175
13203,14176
13203,14177
13203,14178
13203,14179
13203,14180
13203,14181
13203,14182
13203,14183
13203,14184
13203,14185
13204,13998
13204,13999
13204,14000
13204,14001
13204,14002
13204,14003
13204,14004
13204,14005
13204,14006
13204,14007
13204,14008
13204,14009
13204,14010
13204,14011
13204,14012
13204,14013
13204,14014
13204,14015
13204,14016
13204,14017
13204,14018
13204,14019
13204,14020
13204,14021
13204,14022
13204,14023
13204,14024
13204,14025
13204,14026
13204,14027
13204,14028
13204,14029
13204,14030
13204,14031
13204,14032
13204,14033
13204,14034
13204,14035
13204,14036
13204,14037
13204,14038
13204,14039
13204,14040
13204,14041
13204,14042
13204,14043
13204,14044
13204,14045
13204,14046
13204,14047
13204,14048
13204,14049
13204,14050
13204,14051
13204,14052
13204,14053
13204,14054
13204,14055
13204,14056
13204,14057
13204,14058
13204,14059
13204,14060
13204,14061
13204,14062
13204,14063
13204,14064
13204,14065
13204,14066
13204,14067
13204,14068
13204,14069
13204,14070
13204,14071
13204,14072
13204,14073
13204,14074
13204,14075
13204,14076
13204,14077
13204,14078
13204,14079
13204,14080
13204,14081
13204,14082
13204,14083
13204,14084
13204,14085
13204,14086
13204,14087
13204,14088
13204,14089
13204,14090
13204,14091
13204,14092
13204,14093
13204,14094
13204,14095
13204,14096
13204,14097
13204,14098
13204,14099
13204,14100
13204,14101
13204,14102
13204,14103
13204,14104
13204,14105
13204,14106
13204,14107
13204,14108
13204,14109
13204,14110
13204,14111
13204,14112
13204,14113
13204,14114
13204,14115
13204,14116
13204,14117
13204,14118
13204,14119
13204,14120
13204,14121
13204,14122
13204,14123
13204,14124
13204,14125
13204,14126
13204,14127
13204,14128
13204,14129
13204,14130
13204,14131
13204,14132
13204,14133
13204,14134
13204,14135
13204,14136
13204,14137
13204,14138
13204,14139
13204,14140
13204,14141
13204,14142
13204,14143
13204,14144
13204,14145
13204,14146
13204,14147
13204,14148
13204,14149
13204,14150
13204,14151
13204,14152
13204,14153
13204,14154
13204,14155
13204,14156
13204,14157
13204,14158
13204,14159
13204,14160
13204,14161
13204,14162
13204,14163
13204,14164
13204,14165
13204,14166
13204,14167
13204,14168
13204,14169
13204,14170
13204,14171
13204,14172
13204,14173
13204,14174
13204,14175
13204,14176
13204,14177
13204,14178
13204,14179
13204,14180
13204,14181
13204,14182
13204,14183
13204,14184
13204,14185
13205,13997
13205,13998
13205,13999
13205,14000
13205,14001
13205,14002
13205,14003
13205,14004
13205,14005
13205,14006
13205,14007
13205,14008
13205,14009
13205,14010
13205,14011
13205,14012
13205,14013
13205,14014
13205,14015
13205,14016
13205,14017
13205,14018
13205,14019
13205,14020
13205,14021
13205,14022
13205,14023
13205,14024
13205,14025
13205,14026
13205,14027
13205,14028
13205,14029
13205,14030
13205,14031
13205,14032
13205,14033
13205,14034
13205,14035
13205,14036
13205,14037
13205,14038
13205,14039
13205,14040
13205,14041
13205,14042
13205,14043
13205,14044
13205,14045
13205,14046
13205,14047
13205,14048
13205,14049
13205,14050
13205,14051
13205,14052
13205,14053
13205,14054
13205,14055
13205,14056
13205,14057
13205,14058
13205,14059
13205,14060
13205,14061
13205,14062
13205,14063
13205,14064
13205,14065
13205,14066
13205,14067
13205,14068
13205,14069
13205,14070
13205,14071
13205,14072
13205,14073
13205,14074
13205,14075
13205,14076
13205,14077
13205,14078
13205,14079
13205,14080
13205,14081
13205,14082
13205,14083
13205,14084
13205,14085
13205,14086
13205,14087
13205,14088
13205,14089
13205,14090
13205,14091
13205,14092
13205,14093
13205,14094
13205,14095
13205,14096
13205,14097
13205,14098
13205,14099
13205,14100
13205,14101
13205,14102
13205,14103
13205,14104
13205,14105
13205,14106
13205,14107
13205,14108
13205,14109
13205,14110
13205,14111
13205,14112
13205,14113
13205,14114
13205,14115
13205,14116
13205,14117
13205,14118
13205,14119
13205,14120
13205,14121
13205,14122
13205,14123
13205,14124
13205,14125
13205,14126
13205,14127
13205,14128
13205,14129
13205,14130
13205,14131
13205,14132
13205,14133
13205,14134
13205,14135
13205,14136
13205,14137
13205,14138
13205,14139
13205,14140
13205,14141
13205,14142
13205,14143
13205,14144
13205,14145
13205,14146
13205,14147
13205,14148
13205,14149
13205,14150
13205,14151
13205,14152
13205,14153
13205,14154
13205,14155
13205,14156
13205,14157
13205,14158
13205,14159
13205,14160
13205,14161
13205,14162
13205,14163
13205,14164
13205,14165
13205,14166
13205,14167
13205,14168
13205,14169
13205,14170
13205,14171
13205,14172
13205,14173
13205,14174
13205,14175
13205,14176
13205,14177
13205,14178
13205,14179
13205,14180
13205,14181
13205,14182
13205,14183
13205,14184
13205,14185
13206,13997
13206,13998
13206,13999
13206,14000
13206,14001
13206,14002
13206,14003
13206,14004
13206,14005
13206,14006
13206,14007
13206,14008
13206,14009
13206,14010
13206,14011
13206,14012
13206,14013
13206,14014
13206,14015
13206,14016
13206,14017
13206,14018
13206,14019
13206,14020
13206,14021
13206,14022
13206,14023
13206,14024
13206,14025
13206,14026
13206,14027
13206,14028
13206,14029
13206,14030
13206,14031
13206,14032
13206,14033
13206,14034
13206,14035
13206,14036
13206,14037
13206,14038
13206,14039
13206,14040
13206,14041
13206,14042
13206,14043
13206,14044
13206,14045
13206,14046
13206,14047
13206,14048
13206,14049
13206,14050
13206,14051
13206,14052
13206,14053
13206,14054
13206,14055
13206,14056
13206,14057
13206,14058
13206,14059
13206,14060
13206,14061
13206,14062
13206,14063
13206,14064
13206,14065
13206,14066
13206,14067
13206,14068
13206,14069
13206,14070
13206,14071
13206,14072
13206,14073
13206,14074
13206,14075
13206,14076
13206,14077
13206,14078
13206,14079
13206,14080
13206,14081
13206,14082
13206,14083
13206,14084
13206,14085
13206,14086
13206,14087
13206,14088
13206,14089
13206,14090
13206,14091
13206,14092
13206,14093
13206,14094
13206,14095
13206,14096
13206,14097
13206,14098
13206,14099
13206,14100
13206,14101
13206,14102
13206,14103
13206,14104
13206,14105
13206,14106
13206,14107
13206,14108
13206,14109
13206,14110
13206,14111
13206,14112
13206,14113
13206,14114
13206,14115
13206,14116
13206,14117
13206,14118
13206,14119
13206,14120
13206,14121
13206,14122
13206,14123
13206,14124
13206,14125
13206,14126
13206,14127
13206,14128
13206,14129
13206,14130
13206,14131
13206,14132
13206,14133
13206,14134
13206,14135
13206,14136
13206,14137
13206,14138
13206,14139
13206,14140
13206,14141
13206,14142
13206,14143
13206,14144
13206,14145
13206,14146
13206,14147
13206,14148
13206,14149
13206,14150
13206,14151
13206,14152
13206,14153
13206,14154
13206,14155
13206,14156
13206,14157
13206,14158
13206,14159
13206,14160
13206,14161
13206,14162
13206,14163
13206,14164
13206,14165
13206,14166
13206,14167
13206,14168
13206,14169
13206,14170
13206,14171
13206,14172
13206,14173
13206,14174
13206,14175
13206,14176
13206,14177
13206,14178
13206,14179
13206,14180
13206,14181
13206,14182
13206,14183
13206,14184
13206,14185
13206,14186
13207,13996
13207,13997
13207,13998
13207,13999
13207,14000
13207,14001
13207,14002
13207,14003
13207,14004
13207,14005
13207,14006
13207,14007
13207,14008
13207,14009
13207,14010
13207,14011
13207,14012
13207,14013
13207,14014
13207,14015
13207,14016
13207,14017
13207,14018
13207,14019
13207,14020
13207,14021
13207,14022
13207,14023
13207,14024
13207,14025
13207,14026
13207,14027
13207,14028
13207,14029
13207,14030
13207,14031
13207,14032
13207,14033
13207,14034
13207,14035
13207,14036
13207,14037
13207,14038
13207,14039
13207,14040
13207,14041
13207,14042
13207,14043
13207,14044
13207,14045
13207,14046
13207,14047
13207,14048
13207,14049
13207,14050
13207,14051
13207,14052
13207,14053
13207,14054
13207,14055
13207,14056
13207,14057
13207,14058
13207,14059
13207,14060
13207,14061
13207,14062
13207,14063
13207,14064
13207,14065
13207,14066
13207,14067
13207,14068
13207,14069
13207,14070
13207,14071
13207,14072
13207,14073
13207,14074
13207,14075
13207,14076
13207,14077
13207,14078
13207,14079
13207,14080
13207,14081
13207,14082
13207,14083
13207,14084
13207,14085
13207,14086
13207,14087
13207,14088
13207,14089
13207,14090
13207,14091
13207,14092
13207,14093
13207,14094
13207,14095
13207,14096
13207,14097
13207,14098
13207,14099
13207,14100
13207,14101
13207,14102
13207,14103
13207,14104
13207,14105
13207,14106
13207,14107
13207,14108
13207,14109
13207,14110
13207,14111
13207,14112
13207,14113
13207,14114
13207,14115
13207,14116
13207,14117
13207,14118
13207,14119
13207,14120
13207,14121
13207,14122
13207,14123
13207,14124
13207,14125
13207,14126
13207,14127
13207,14128
13207,14129
13207,14130
13207,14131
13207,14132
13207,14133
13207,14134
13207,14135
13207,14136
13207,14137
13207,14138
13207,14139
13207,14140
13207,14141
13207,14142
13207,14143
13207,14144
13207,14145
13207,14146
13207,14147
13207,14148
13207,14149
13207,14150
13207,14151
13207,14152
13207,14153
13207,14154
13207,14155
13207,14156
13207,14157
13207,14158
13207,14159
13207,14160
13207,14161
13207,14162
13207,14163
13207,14164
13207,14165
13207,14166
13207,14167
13207,14168
13207,14169
13207,14170
13207,14171
13207,14172
13207,14173
13207,14174
13207,14175
13207,14176
13207,14177
13207,14178
13207,14179
13207,14180
13207,14181
13207,14182
13207,14183
13207,14184
13207,14185
13207,14186
13207,14187
13208,13997
13208,13998
13208,13999
13208,14000
13208,14001
13208,14002
13208,14003
13208,14004
13208,14005
13208,14006
13208,14007
13208,14008
13208,14009
13208,14010
13208,14011
13208,14012
13208,14013
13208,14014
13208,14015
13208,14016
13208,14017
13208,14018
13208,14019
13208,14020
13208,14021
13208,14022
13208,14023
13208,14024
13208,14025
13208,14026
13208,14027
13208,14028
13208,14029
13208,14030
13208,14031
13208,14032
13208,14033
13208,14034
13208,14035
13208,14036
13208,14037
13208,14038
13208,14039
13208,14040
13208,14041
13208,14042
13208,14043
13208,14044
13208,14045
13208,14046
13208,14047
13208,14048
13208,14049
13208,14050
13208,14051
13208,14052
13208,14053
13208,14054
13208,14055
13208,14056
13208,14057
13208,14058
13208,14059
13208,14060
13208,14061
13208,14062
13208,14063
13208,14064
13208,14065
13208,14066
13208,14067
13208,14068
13208,14069
13208,14070
13208,14071
13208,14072
13208,14073
13208,14074
13208,14075
13208,14076
13208,14077
13208,14078
13208,14079
13208,14080
13208,14081
13208,14082
13208,14083
13208,14084
13208,14085
13208,14086
13208,14087
13208,14088
13208,14089
13208,14090
13208,14091
13208,14092
13208,14093
13208,14094
13208,14095
13208,14096
13208,14097
13208,14098
13208,14099
13208,14100
13208,14101
13208,14102
13208,14103
13208,14104
13208,14105
13208,14106
13208,14107
13208,14108
13208,14109
13208,14110
13208,14111
13208,14112
13208,14113
13208,14114
13208,14115
13208,14116
13208,14117
13208,14118
13208,14119
13208,14120
13208,14121
13208,14122
13208,14123
13208,14124
13208,14125
13208,14126
13208,14127
13208,14128
13208,14129
13208,14130
13208,14131
13208,14132
13208,14133
13208,14134
13208,14135
13208,14136
13208,14137
13208,14138
13208,14139
13208,14140
13208,14141
13208,14142
13208,14143
13208,14144
13208,14145
13208,14146
13208,14147
13208,14148
13208,14149
13208,14150
13208,14151
13208,14152
13208,14153
13208,14154
13208,14155
13208,14156
13208,14157
13208,14158
13208,14159
13208,14160
13208,14161
13208,14162
13208,14163
13208,14164
13208,14165
13208,14166
13208,14167
13208,14168
13208,14169
13208,14170
13208,14171
13208,14172
13208,14173
13208,14174
13208,14175
13208,14176
13208,14177
13208,14178
13208,14179
13208,14180
13208,14181
13208,14182
13208,14183
13208,14184
13208,14185
13208,14186
13208,14187
13208,14188
13209,13997
13209,13998
13209,13999
13209,14000
13209,14001
13209,14002
13209,14003
13209,14004
13209,14005
13209,14006
13209,14007
13209,14008
13209,14009
13209,14010
13209,14011
13209,14012
13209,14013
13209,14014
13209,14015
13209,14016
13209,14017
13209,14018
13209,14019
13209,14020
13209,14021
13209,14022
13209,14023
13209,14024
13209,14025
13209,14026
13209,14027
13209,14028
13209,14029
13209,14030
13209,14031
13209,14032
13209,14033
13209,14034
13209,14035
13209,14036
13209,14037
13209,14038
13209,14039
13209,14040
13209,14041
13209,14042
13209,14043
13209,14044
13209,14045
13209,14046
13209,14047
13209,14048
13209,14049
13209,14050
13209,14051
13209,14052
13209,14053
13209,14054
13209,14055
13209,14056
13209,14057
13209,14058
13209,14059
13209,14060
13209,14061
13209,14062
13209,14063
13209,14064
13209,14065
13209,14066
13209,14067
13209,14068
13209,14069
13209,14070
13209,14071
13209,14072
13209,14073
13209,14074
13209,14075
13209,14076
13209,14077
13209,14078
13209,14079
13209,14080
13209,14081
13209,14082
13209,14083
13209,14084
13209,14085
13209,14086
13209,14087
13209,14088
13209,14089
13209,14090
13209,14091
13209,14092
13209,14093
13209,14094
13209,14095
13209,14096
13209,14097
13209,14098
13209,14099
13209,14100
13209,14101
13209,14102
13209,14103
13209,14104
13209,14105
13209,14106
13209,14107
13209,14108
13209,14109
13209,14110
13209,14111
13209,14112
13209,14113
13209,14114
13209,14115
13209,14116
13209,14117
13209,14118
13209,14119
13209,14120
13209,14121
13209,14122
13209,14123
13209,14124
13209,14125
13209,14126
13209,14127
13209,14128
13209,14129
13209,14130
13209,14131
13209,14132
13209,14133
13209,14134
13209,14135
13209,14136
13209,14137
13209,14138
13209,14139
13209,14140
13209,14141
13209,14142
13209,14143
13209,14144
13209,14145
13209,14146
13209,14147
13209,14148
13209,14149
13209,14150
13209,14151
13209,14152
13209,14153
13209,14154
13209,14155
13209,14156
13209,14157
13209,14158
13209,14159
13209,14160
13209,14161
13209,14162
13209,14163
13209,14164
13209,14165
13209,14166
13209,14167
13209,14168
13209,14169
13209,14170
13209,14171
13209,14172
13209,14173
13209,14174
13209,14175
13209,14176
13209,14177
13209,14178
13209,14179
13209,14180
13209,14181
13209,14182
13209,14183
13209,14184
13209,14185
13209,14186
13209,14187
13209,14188
13209,14189
13210,13996
13210,13997
13210,13998
13210,13999
13210,14000
13210,14001
13210,14002
13210,14003
13210,14004
13210,14005
13210,14006
13210,14007
13210,14008
13210,14009
13210,14010
13210,14011
13210,14012
13210,14013
13210,14014
13210,14015
13210,14016
13210,14017
13210,14018
13210,14019
13210,14020
13210,14021
13210,14022
13210,14023
13210,14024
13210,14025
13210,14026
13210,14027
13210,14028
13210,14029
13210,14030
13210,14031
13210,14032
13210,14033
13210,14034
13210,14035
13210,14036
13210,14037
13210,14038
13210,14039
13210,14040
13210,14041
13210,14042
13210,14043
13210,14044
13210,14045
13210,14046
13210,14047
13210,14048
13210,14049
13210,14050
13210,14051
13210,14052
13210,14053
13210,14054
13210,14055
13210,14056
13210,14057
13210,14058
13210,14059
13210,14060
13210,14061
13210,14062
13210,14063
13210,14064
13210,14065
13210,14066
13210,14067
13210,14068
13210,14069
13210,14070
13210,14071
13210,14072
13210,14073
13210,14074
13210,14075
13210,14076
13210,14077
13210,14078
13210,14079
13210,14080
13210,14081
13210,14082
13210,14083
13210,14084
13210,14085
13210,14086
13210,14087
13210,14088
13210,14089
13210,14090
13210,14091
13210,14092
13210,14093
13210,14094
13210,14095
13210,14096
13210,14097
13210,14098
13210,14099
13210,14100
13210,14101
13210,14102
13210,14103
13210,14104
13210,14105
13210,14106
13210,14107
13210,14108
13210,14109
13210,14110
13210,14111
13210,14112
13210,14113
13210,14114
13210,14115
13210,14116
13210,14117
13210,14118
13210,14119
13210,14120
13210,14121
13210,14122
13210,14123
13210,14124
13210,14125
13210,14126
13210,14127
13210,14128
13210,14129
13210,14130
13210,14131
13210,14132
13210,14133
13210,14134
13210,14135
13210,14136
13210,14137
13210,14138
13210,14139
13210,14140
13210,14141
13210,14142
13210,14143
13210,14144
13210,14145
13210,14146
13210,14147
13210,14148
13210,14149
13210,14150
13210,14151
13210,14152
13210,14153
13210,14154
13210,14155
13210,14156
13210,14157
13210,14158
13210,14159
13210,14160
13210,14161
13210,14162
13210,14163
13210,14164
13210,14165
13210,14166
13210,14167
13210,14168
13210,14169
13210,14170
13210,14171
13210,14172
13210,14173
13210,14174
13210,14175
13210,14176
13210,14177
13210,14178
13210,14179
13210,14180
13210,14181
13210,14182
13210,14183
13210,14184
13210,14185
13210,14186
13210,14187
13210,14188
13210,14189
13211,13994
13211,13995
13211,13996
13211,13997
13211,13998
13211,13999
13211,14000
13211,14001
13211,14002
13211,14003
13211,14004
13211,14005
13211,14006
13211,14007
13211,14008
13211,14009
13211,14010
13211,14011
13211,14012
13211,14013
13211,14014
13211,14015
13211,14016
13211,14017
13211,14018
13211,14019
13211,14020
13211,14021
13211,14022
13211,14023
13211,14024
13211,14025
13211,14026
13211,14027
13211,14028
13211,14029
13211,14030
13211,14031
13211,14032
13211,14033
13211,14034
13211,14035
13211,14036
13211,14037
13211,14038
13211,14039
13211,14040
13211,14041
13211,14042
13211,14043
13211,14044
13211,14045
13211,14046
13211,14047
13211,14048
13211,14049
13211,14050
13211,14051
13211,14052
13211,14053
13211,14054
13211,14055
13211,14056
13211,14057
13211,14058
13211,14059
13211,14060
13211,14061
13211,14062
13211,14063
13211,14064
13211,14065
13211,14066
13211,14067
13211,14068
13211,14069
13211,14070
13211,14071
13211,14072
13211,14073
13211,14074
13211,14075
13211,14076
13211,14077
13211,14078
13211,14079
13211,14080
13211,14081
13211,14082
13211,14083
13211,14084
13211,14085
13211,14086
13211,14087
13211,14088
13211,14089
13211,14090
13211,14091
13211,14092
13211,14093
13211,14094
13211,14095
13211,14096
13211,14097
13211,14098
13211,14099
13211,14100
13211,14101
13211,14102
13211,14103
13211,14104
13211,14105
13211,14106
13211,14107
13211,14108
13211,14109
13211,14110
13211,14111
13211,14112
13211,14113
13211,14114
13211,14115
13211,14116
13211,14117
13211,14118
13211,14119
13211,14120
13211,14121
13211,14122
13211,14123
13211,14124
13211,14125
13211,14126
13211,14127
13211,14128
13211,14129
13211,14130
13211,14131
13211,14132
13211,14133
13211,14134
13211,14135
13211,14136
13211,14137
13211,14138
13211,14139
13211,14140
13211,14141
13211,14142
13211,14143
13211,14144
13211,14145
13211,14146
13211,14147
13211,14148
13211,14149
13211,14150
13211,14151
13211,14152
13211,14153
13211,14154
13211,14155
13211,14156
13211,14157
13211,14158
13211,14159
13211,14160
13211,14161
13211,14162
13211,14163
13211,14164
13211,14165
13211,14166
13211,14167
13211,14168
13211,14169
13211,14170
13211,14171
13211,14172
13211,14173
13211,14174
13211,14175
13211,14176
13211,14177
13211,14178
13211,14179
13211,14180
13211,14181
13211,14182
13211,14183
13211,14184
13211,14185
13211,14186
13211,14187
13211,14188
13211,14189
13212,13993
13212,13994
13212,13995
13212,13996
13212,13997
13212,13998
13212,13999
13212,14000
13212,14001
13212,14002
13212,14003
13212,14004
13212,14005
13212,14006
13212,14007
13212,14008
13212,14009
13212,14010
13212,14011
13212,14012
13212,14013
13212,14014
13212,14015
13212,14016
13212,14017
13212,14018
13212,14019
13212,14020
13212,14021
13212,14022
13212,14023
13212,14024
13212,14025
13212,14026
13212,14027
13212,14028
13212,14029
13212,14030
13212,14031
13212,14032
13212,14033
13212,14034
13212,14035
13212,14036
13212,14037
13212,14038
13212,14039
13212,14040
13212,14041
13212,14042
13212,14043
13212,14044
13212,14045
13212,14046
13212,14047
13212,14048
13212,14049
13212,14050
13212,14051
13212,14052
13212,14053
13212,14054
13212,14055
13212,14056
13212,14057
13212,14058
13212,14059
13212,14060
13212,14061
13212,14062
13212,14063
13212,14064
13212,14065
13212,14066
13212,14067
13212,14068
13212,14069
13212,14070
13212,14071
13212,14072
13212,14073
13212,14074
13212,14075
13212,14076
13212,14077
13212,14078
13212,14079
13212,14080
13212,14081
13212,14082
13212,14083
13212,14084
13212,14085
13212,14086
13212,14087
13212,14088
13212,14089
13212,14090
13212,14091
13212,14092
13212,14093
13212,14094
13212,14095
13212,14096
13212,14097
13212,14098
13212,14099
13212,14100
13212,14101
13212,14102
13212,14103
13212,14104
13212,14105
13212,14106
13212,14107
13212,14108
13212,14109
13212,14110
13212,14111
13212,14112
13212,14113
13212,14114
13212,14115
13212,14116
13212,14117
13212,14118
13212,14119
13212,14120
13212,14121
13212,14122
13212,14123
13212,14124
13212,14125
13212,14126
13212,14127
13212,14128
13212,14129
13212,14130
13212,14131
13212,14132
13212,14133
13212,14134
13212,14135
13212,14136
13212,14137
13212,14138
13212,14139
13212,14140
13212,14141
13212,14142
13212,14143
13212,14144
13212,14145
13212,14146
13212,14147
13212,14148
13212,14149
13212,14150
13212,14151
13212,14152
13212,14153
13212,14154
13212,14155
13212,14156
13212,14157
13212,14158
13212,14159
13212,14160
13212,14161
13212,14162
13212,14163
13212,14164
13212,14165
13212,14166
13212,14167
13212,14168
13212,14169
13212,14170
13212,14171
13212,14172
13212,14173
13212,14174
13212,14175
13212,14176
13212,14177
13212,14178
13212,14179
13212,14180
13212,14181
13212,14182
13212,14183
13212,14184
13212,14185
13212,14186
13212,14187
13212,14188
13212,14189
13212,14190
13212,14193
13212,14194
13212,14195
13213,13992
13213,13993
13213,13994
13213,13995
13213,13996
13213,13997
13213,13998
13213,13999
13213,14000
13213,14001
13213,14002
13213,14003
13213,14004
13213,14005
13213,14006
13213,14007
13213,14008
13213,14009
13213,14010
13213,14011
13213,14012
13213,14013
13213,14014
13213,14015
13213,14016
13213,14017
13213,14018
13213,14019
13213,14020
13213,14021
13213,14022
13213,14023
13213,14024
13213,14025
13213,14026
13213,14027
13213,14028
13213,14029
13213,14030
13213,14031
13213,14032
13213,14033
13213,14034
13213,14035
13213,14036
13213,14037
13213,14038
13213,14039
13213,14040
13213,14041
13213,14042
13213,14043
13213,14044
13213,14045
13213,14046
13213,14047
13213,14048
13213,14049
13213,14050
13213,14051
13213,14052
13213,14053
13213,14054
13213,14055
13213,14056
13213,14057
13213,14058
13213,14059
13213,14060
13213,14061
13213,14062
13213,14063
13213,14064
13213,14065
13213,14066
13213,14067
13213,14068
13213,14069
13213,14070
13213,14071
13213,14072
13213,14073
13213,14074
13213,14075
13213,14076
13213,14077
13213,14078
13213,14079
13213,14080
13213,14081
13213,14082
13213,14083
13213,14084
13213,14085
13213,14086
13213,14087
13213,14088
13213,14089
13213,14090
13213,14091
13213,14092
13213,14093
13213,14094
13213,14095
13213,14096
13213,14097
13213,14098
13213,14099
13213,14100
13213,14101
13213,14102
13213,14103
13213,14104
13213,14105
13213,14106
13213,14107
13213,14108
13213,14109
13213,14110
13213,14111
13213,14112
13213,14113
13213,14114
13213,14115
13213,14116
13213,14117
13213,14118
13213,14119
13213,14120
13213,14121
13213,14122
13213,14123
13213,14124
13213,14125
13213,14126
13213,14127
13213,14128
13213,14129
13213,14130
13213,14131
13213,14132
13213,14133
13213,14134
13213,14135
13213,14136
13213,14137
13213,14138
13213,14139
13213,14140
13213,14141
13213,14142
13213,14143
13213,14144
13213,14145
13213,14146
13213,14147
13213,14148
13213,14149
13213,14150
13213,14151
13213,14152
13213,14153
13213,14154
13213,14155
13213,14156
13213,14157
13213,14158
13213,14159
13213,14160
13213,14161
13213,14162
13213,14163
13213,14164
13213,14165
13213,14166
13213,14167
13213,14168
13213,14169
13213,14170
13213,14171
13213,14172
13213,14173
13213,14174
13213,14175
13213,14176
13213,14177
13213,14178
13213,14179
13213,14180
13213,14181
13213,14182
13213,14183
13213,14184
13213,14185
13213,14186
13213,14187
13213,14188
13213,14189
13213,14190
13213,14191
13213,14192
13213,14193
13213,14194
13213,14195
13213,14196
13213,14197
13213,14198
13214,13992
13214,13993
13214,13994
13214,13995
13214,13996
13214,13997
13214,13998
13214,13999
13214,14000
13214,14001
13214,14002
13214,14003
13214,14004
13214,14005
13214,14006
13214,14007
13214,14008
13214,14009
13214,14010
13214,14011
13214,14012
13214,14013
13214,14014
13214,14015
13214,14016
13214,14017
13214,14018
13214,14019
13214,14020
13214,14021
13214,14022
13214,14023
13214,14024
13214,14025
13214,14026
13214,14027
13214,14028
13214,14029
13214,14030
13214,14031
13214,14032
13214,14033
13214,14034
13214,14035
13214,14036
13214,14037
13214,14038
13214,14039
13214,14040
13214,14041
13214,14042
13214,14043
13214,14044
13214,14045
13214,14046
13214,14047
13214,14048
13214,14049
13214,14050
13214,14051
13214,14052
13214,14053
13214,14054
13214,14055
13214,14056
13214,14057
13214,14058
13214,14059
13214,14060
13214,14061
13214,14062
13214,14063
13214,14064
13214,14065
13214,14066
13214,14067
13214,14068
13214,14069
13214,14070
13214,14071
13214,14072
13214,14073
13214,14074
13214,14075
13214,14076
13214,14077
13214,14078
13214,14079
13214,14080
13214,14081
13214,14082
13214,14083
13214,14084
13214,14085
13214,14086
13214,14087
13214,14088
13214,14089
13214,14090
13214,14091
13214,14092
13214,14093
13214,14094
13214,14095
13214,14096
13214,14097
13214,14098
13214,14099
13214,14100
13214,14101
13214,14102
13214,14103
13214,14104
13214,14105
13214,14106
13214,14107
13214,14108
13214,14109
13214,14110
13214,14111
13214,14112
13214,14113
13214,14114
13214,14115
13214,14116
13214,14117
13214,14118
13214,14119
13214,14120
13214,14121
13214,14122
13214,14123
13214,14124
13214,14125
13214,14126
13214,14127
13214,14128
13214,14129
13214,14130
13214,14131
13214,14132
13214,14133
13214,14134
13214,14135
13214,14136
13214,14137
13214,14138
13214,14139
13214,14140
13214,14141
13214,14142
13214,14143
13214,14144
13214,14145
13214,14146
13214,14147
13214,14148
13214,14149
13214,14150
13214,14151
13214,14152
13214,14153
13214,14154
13214,14155
13214,14156
13214,14157
13214,14158
13214,14159
13214,14160
13214,14161
13214,14162
13214,14163
13214,14164
13214,14165
13214,14166
13214,14167
13214,14168
13214,14169
13214,14170
13214,14171
13214,14172
13214,14173
13214,14174
13214,14175
13214,14176
13214,14177
13214,14178
13214,14179
13214,14180
13214,14181
13214,14182
13214,14183
13214,14184
13214,14185
13214,14186
13214,14187
13214,14188
13214,14189
13214,14190
13214,14191
13214,14192
13214,14193
13214,14194
13214,14195
13214,14196
13214,14197
13214,14198
13214,14199
13214,14200
13215,13991
13215,13992
13215,13993
13215,13994
13215,13995
13215,13996
13215,13997
13215,13998
13215,13999
13215,14000
13215,14001
13215,14002
13215,14003
13215,14004
13215,14005
13215,14006
13215,14007
13215,14008
13215,14009
13215,14010
13215,14011
13215,14012
13215,14013
13215,14014
13215,14015
13215,14016
13215,14017
13215,14018
13215,14019
13215,14020
13215,14021
13215,14022
13215,14023
13215,14024
13215,14025
13215,14026
13215,14027
13215,14028
13215,14029
13215,14030
13215,14031
13215,14032
13215,14033
13215,14034
13215,14035
13215,14036
13215,14037
13215,14038
13215,14039
13215,14040
13215,14041
13215,14042
13215,14043
13215,14044
13215,14045
13215,14046
13215,14047
13215,14048
13215,14049
13215,14050
13215,14051
13215,14052
13215,14053
13215,14054
13215,14055
13215,14056
13215,14057
13215,14058
13215,14059
13215,14060
13215,14061
13215,14062
13215,14063
13215,14064
13215,14065
13215,14066
13215,14067
13215,14068
13215,14069
13215,14070
13215,14071
13215,14072
13215,14073
13215,14074
13215,14075
13215,14076
13215,14077
13215,14078
13215,14079
13215,14080
13215,14081
13215,14082
13215,14083
13215,14084
13215,14085
13215,14086
13215,14087
13215,14088
13215,14089
13215,14090
13215,14091
13215,14092
13215,14093
13215,14094
13215,14095
13215,14096
13215,14097
13215,14098
13215,14099
13215,14100
13215,14101
13215,14102
13215,14103
13215,14104
13215,14105
13215,14106
13215,14107
13215,14108
13215,14109
13215,14110
13215,14111
13215,14112
13215,14113
13215,14114
13215,14115
13215,14116
13215,14117
13215,14118
13215,14119
13215,14120
13215,14121
13215,14122
13215,14123
13215,14124
13215,14125
13215,14126
13215,14127
13215,14128
13215,14129
13215,14130
13215,14131
13215,14132
13215,14133
13215,14134
13215,14135
13215,14136
13215,14137
13215,14138
13215,14139
13215,14140
13215,14141
13215,14142
13215,14143
13215,14144
13215,14145
13215,14146
13215,14147
13215,14148
13215,14149
13215,14150
13215,14151
13215,14152
13215,14153
13215,14154
13215,14155
13215,14156
13215,14157
13215,14158
13215,14159
13215,14160
13215,14161
13215,14162
13215,14163
13215,14164
13215,14165
13215,14166
13215,14167
13215,14168
13215,14169
13215,14170
13215,14171
13215,14172
13215,14173
13215,14174
13215,14175
13215,14176
13215,14177
13215,14178
13215,14179
13215,14180
13215,14181
13215,14182
13215,14183
13215,14184
13215,14185
13215,14186
13215,14187
13215,14188
13215,14189
13215,14190
13215,14191
13215,14192
13215,14193
13215,14194
13215,14195
13215,14196
13215,14197
13215,14198
13215,14199
13215,14200
13215,14201
13216,13992
13216,13993
13216,13994
13216,13995
13216,13996
13216,13997
13216,13998
13216,13999
13216,14000
13216,14001
13216,14002
13216,14003
13216,14004
13216,14005
13216,14006
13216,14007
13216,14008
13216,14009
13216,14010
13216,14011
13216,14012
13216,14013
13216,14014
13216,14015
13216,14016
13216,14017
13216,14018
13216,14019
13216,14020
13216,14021
13216,14022
13216,14023
13216,14024
13216,14025
13216,14026
13216,14027
13216,14028
13216,14029
13216,14030
13216,14031
13216,14032
13216,14033
13216,14034
13216,14035
13216,14036
13216,14037
13216,14038
13216,14039
13216,14040
13216,14041
13216,14042
13216,14043
13216,14044
13216,14045
13216,14046
13216,14047
13216,14048
13216,14049
13216,14050
13216,14051
13216,14052
13216,14053
13216,14054
13216,14055
13216,14056
13216,14057
13216,14058
13216,14059
13216,14060
13216,14061
13216,14062
13216,14063
13216,14064
13216,14065
13216,14066
13216,14067
13216,14068
13216,14069
13216,14070
13216,14071
13216,14072
13216,14073
13216,14074
13216,14075
13216,14076
13216,14077
13216,14078
13216,14079
13216,14080
13216,14081
13216,14082
13216,14083
13216,14084
13216,14085
13216,14086
13216,14087
13216,14088
13216,14089
13216,14090
13216,14091
13216,14092
13216,14093
13216,14094
13216,14095
13216,14096
13216,14097
13216,14098
13216,14099
13216,14100
13216,14101
13216,14102
13216,14103
13216,14104
13216,14105
13216,14106
13216,14107
13216,14108
13216,14109
13216,14110
13216,14111
13216,14112
13216,14113
13216,14114
13216,14115
13216,14116
13216,14117
13216,14118
13216,14119
13216,14120
13216,14121
13216,14122
13216,14123
13216,14124
13216,14125
13216,14126
13216,14127
13216,14128
13216,14129
13216,14130
13216,14131
13216,14132
13216,14133
13216,14134
13216,14135
13216,14136
13216,14137
13216,14138
13216,14139
13216,14140
13216,14141
13216,14142
13216,14143
13216,14144
13216,14145
13216,14146
13216,14147
13216,14148
13216,14149
13216,14150
13216,14151
13216,14152
13216,14153
13216,14154
13216,14155
13216,14156
13216,14157
13216,14158
13216,14159
13216,14160
13216,14161
13216,14162
13216,14163
13216,14164
13216,14165
13216,14166
13216,14167
13216,14168
13216,14169
13216,14170
13216,14171
13216,14172
13216,14173
13216,14174
13216,14175
13216,14176
13216,14177
13216,14178
13216,14179
13216,14180
13216,14181
13216,14182
13216,14183
13216,14184
13216,14185
13216,14186
13216,14187
13216,14188
13216,14189
13216,14190
13216,14191
13216,14192
13216,14193
13216,14194
13216,14195
13216,14196
13216,14197
13216,14198
13216,14199
13216,14200
13216,14201
13216,14202
13217,13991
13217,13992
13217,13993
13217,13994
13217,13995
13217,13996
13217,13997
13217,13998
13217,13999
13217,14000
13217,14001
13217,14002
13217,14003
13217,14004
13217,14005
13217,14006
13217,14007
13217,14008
13217,14009
13217,14010
13217,14011
13217,14012
13217,14013
13217,14014
13217,14015
13217,14016
13217,14017
13217,14018
13217,14019
13217,14020
13217,14021
13217,14022
13217,14023
13217,14024
13217,14025
13217,14026
13217,14027
13217,14028
13217,14029
13217,14030
13217,14031
13217,14032
13217,14033
13217,14034
13217,14035
13217,14036
13217,14037
13217,14038
13217,14039
13217,14040
13217,14041
13217,14042
13217,14043
13217,14044
13217,14045
13217,14046
13217,14047
13217,14048
13217,14049
13217,14050
13217,14051
13217,14052
13217,14053
13217,14054
13217,14055
13217,14056
13217,14057
13217,14058
13217,14059
13217,14060
13217,14061
13217,14062
13217,14063
13217,14064
13217,14065
13217,14066
13217,14067
13217,14068
13217,14069
13217,14070
13217,14071
13217,14072
13217,14073
13217,14074
13217,14075
13217,14076
13217,14077
13217,14078
13217,14079
13217,14080
13217,14081
13217,14082
13217,14083
13217,14084
13217,14085
13217,14086
13217,14087
13217,14088
13217,14089
13217,14090
13217,14091
13217,14092
13217,14093
13217,14094
13217,14095
13217,14096
13217,14097
13217,14098
13217,14099
13217,14100
13217,14101
13217,14102
13217,14103
13217,14104
13217,14105
13217,14106
13217,14107
13217,14108
13217,14109
13217,14110
13217,14111
13217,14112
13217,14113
13217,14114
13217,14115
13217,14116
13217,14117
13217,14118
13217,14119
13217,14120
13217,14121
13217,14122
13217,14123
13217,14124
13217,14125
13217,14126
13217,14127
13217,14128
13217,14129
13217,14130
13217,14131
13217,14132
13217,14133
13217,14134
13217,14135
13217,14136
13217,14137
13217,14138
13217,14139
13217,14140
13217,14141
13217,14142
13217,14143
13217,14144
13217,14145
13217,14146
13217,14147
13217,14148
13217,14149
13217,14150
13217,14151
13217,14152
13217,14153
13217,14154
13217,14155
13217,14156
13217,14157
13217,14158
13217,14159
13217,14160
13217,14161
13217,14162
13217,14163
13217,14164
13217,14165
13217,14166
13217,14167
13217,14168
13217,14169
13217,14170
13217,14171
13217,14172
13217,14173
13217,14174
13217,14175
13217,14176
13217,14177
13217,14178
13217,14179
13217,14180
13217,14181
13217,14182
13217,14183
13217,14184
13217,14185
13217,14186
13217,14187
13217,14188
13217,14189
13217,14190
13217,14191
13217,14192
13217,14193
13217,14194
13217,14195
13217,14196
13217,14197
13217,14198
13217,14199
13217,14200
13217,14201
13217,14202
13218,13992
13218,13993
13218,13994
13218,13995
13218,13996
13218,13997
13218,13998
13218,13999
13218,14000
13218,14001
13218,14002
13218,14003
13218,14004
13218,14005
13218,14006
13218,14007
13218,14008
13218,14009
13218,14010
13218,14011
13218,14012
13218,14013
13218,14014
13218,14015
13218,14016
13218,14017
13218,14018
13218,14019
13218,14020
13218,14021
13218,14022
13218,14023
13218,14024
13218,14025
13218,14026
13218,14027
13218,14028
13218,14029
13218,14030
13218,14031
13218,14032
13218,14033
13218,14034
13218,14035
13218,14036
13218,14037
13218,14038
13218,14039
13218,14040
13218,14041
13218,14042
13218,14043
13218,14044
13218,14045
13218,14046
13218,14047
13218,14048
13218,14049
13218,14050
13218,14051
13218,14052
13218,14053
13218,14054
13218,14055
13218,14056
13218,14057
13218,14058
13218,14059
13218,14060
13218,14061
13218,14062
13218,14063
13218,14064
13218,14065
13218,14066
13218,14067
13218,14068
13218,14069
13218,14070
13218,14071
13218,14072
13218,14073
13218,14074
13218,14075
13218,14076
13218,14077
13218,14078
13218,14079
13218,14080
13218,14081
13218,14082
13218,14083
13218,14084
13218,14085
13218,14086
13218,14087
13218,14088
13218,14089
13218,14090
13218,14091
13218,14092
13218,14093
13218,14094
13218,14095
13218,14096
13218,14097
13218,14098
13218,14099
13218,14100
13218,14101
13218,14102
13218,14103
13218,14104
13218,14105
13218,14106
13218,14107
13218,14108
13218,14109
13218,14110
13218,14111
13218,14112
13218,14113
13218,14114
13218,14115
13218,14116
13218,14117
13218,14118
13218,14119
13218,14120
13218,14121
13218,14122
13218,14123
13218,14124
13218,14125
13218,14126
13218,14127
13218,14128
13218,14129
13218,14130
13218,14131
13218,14132
13218,14133
13218,14134
13218,14135
13218,14136
13218,14137
13218,14138
13218,14139
13218,14140
13218,14141
13218,14142
13218,14143
13218,14144
13218,14145
13218,14146
13218,14147
13218,14148
13218,14149
13218,14150
13218,14151
13218,14152
13218,14153
13218,14154
13218,14155
13218,14156
13218,14157
13218,14158
13218,14159
13218,14160
13218,14161
13218,14162
13218,14163
13218,14164
13218,14165
13218,14166
13218,14167
13218,14168
13218,14169
13218,14170
13218,14171
13218,14172
13218,14173
13218,14174
13218,14175
13218,14176
13218,14177
13218,14178
13218,14179
13218,14180
13218,14181
13218,14182
13218,14183
13218,14184
13218,14185
13218,14186
13218,14187
13218,14188
13218,14189
13218,14190
13218,14191
13218,14192
13218,14193
13218,14194
13218,14195
13218,14196
13218,14197
13218,14198
13218,14199
13218,14200
13218,14201
13218,14202
13219,13992
13219,13993
13219,13994
13219,13995
13219,13996
13219,13997
13219,13998
13219,13999
13219,14000
13219,14001
13219,14002
13219,14003
13219,14004
13219,14005
13219,14006
13219,14007
13219,14008
13219,14009
13219,14010
13219,14011
13219,14012
13219,14013
13219,14014
13219,14015
13219,14016
13219,14017
13219,14018
13219,14019
13219,14020
13219,14021
13219,14022
13219,14023
13219,14024
13219,14025
13219,14026
13219,14027
13219,14028
13219,14029
13219,14030
13219,14031
13219,14032
13219,14033
13219,14034
13219,14035
13219,14036
13219,14037
13219,14038
13219,14039
13219,14040
13219,14041
13219,14042
13219,14043
13219,14044
13219,14045
13219,14046
13219,14047
13219,14048
13219,14049
13219,14050
13219,14051
13219,14052
13219,14053
13219,14054
13219,14055
13219,14056
13219,14057
13219,14058
13219,14059
13219,14060
13219,14061
13219,14062
13219,14063
13219,14064
13219,14065
13219,14066
13219,14067
13219,14068
13219,14069
13219,14070
13219,14071
13219,14072
13219,14073
13219,14074
13219,14075
13219,14076
13219,14077
13219,14078
13219,14079
13219,14080
13219,14081
13219,14082
13219,14083
13219,14084
13219,14085
13219,14086
13219,14087
13219,14088
13219,14089
13219,14090
13219,14091
13219,14092
13219,14093
13219,14094
13219,14095
13219,14096
13219,14097
13219,14098
13219,14099
13219,14100
13219,14101
13219,14102
13219,14103
13219,14104
13219,14105
13219,14106
13219,14107
13219,14108
13219,14109
13219,14110
13219,14111
13219,14112
13219,14113
13219,14114
13219,14115
13219,14116
13219,14117
13219,14118
13219,14119
13219,14120
13219,14121
13219,14122
13219,14123
13219,14124
13219,14125
13219,14126
13219,14127
13219,14128
13219,14129
13219,14130
13219,14131
13219,14132
13219,14133
13219,14134
13219,14135
13219,14136
13219,14137
13219,14138
13219,14139
13219,14140
13219,14141
13219,14142
13219,14143
13219,14144
13219,14145
13219,14146
13219,14147
13219,14148
13219,14149
13219,14150
13219,14151
13219,14152
13219,14153
13219,14154
13219,14155
13219,14156
13219,14157
13219,14158
13219,14159
13219,14160
13219,14161
13219,14162
13219,14163
13219,14164
13219,14165
13219,14166
13219,14167
13219,14168
13219,14169
13219,14170
13219,14171
13219,14172
13219,14173
13219,14174
13219,14175
13219,14176
13219,14177
13219,14178
13219,14179
13219,14180
13219,14181
13219,14182
13219,14183
13219,14184
13219,14185
13219,14186
13219,14187
13219,14188
13219,14189
13219,14190
13219,14191
13219,14192
13219,14193
13219,14194
13219,14195
13219,14196
13219,14197
13219,14198
13219,14199
13219,14200
13219,14201
13219,14202
13219,14203
13220,13993
13220,13994
13220,13995
13220,13996
13220,13997
13220,13998
13220,13999
13220,14000
13220,14001
13220,14002
13220,14003
13220,14004
13220,14005
13220,14006
13220,14007
13220,14008
13220,14009
13220,14010
13220,14011
13220,14012
13220,14013
13220,14014
13220,14015
13220,14016
13220,14017
13220,14018
13220,14019
13220,14020
13220,14021
13220,14022
13220,14023
13220,14024
13220,14025
13220,14026
13220,14027
13220,14028
13220,14029
13220,14030
13220,14031
13220,14032
13220,14033
13220,14034
13220,14035
13220,14036
13220,14037
13220,14038
13220,14039
13220,14040
13220,14041
13220,14042
13220,14043
13220,14044
13220,14045
13220,14046
13220,14047
13220,14048
13220,14049
13220,14050
13220,14051
13220,14052
13220,14053
13220,14054
13220,14055
13220,14056
13220,14057
13220,14058
13220,14059
13220,14060
13220,14061
13220,14062
13220,14063
13220,14064
13220,14065
13220,14066
13220,14067
13220,14068
13220,14069
13220,14070
13220,14071
13220,14072
13220,14073
13220,14074
13220,14075
13220,14076
13220,14077
13220,14078
13220,14079
13220,14080
13220,14081
13220,14082
13220,14083
13220,14084
13220,14085
13220,14086
13220,14087
13220,14088
13220,14089
13220,14090
13220,14091
13220,14092
13220,14093
13220,14094
13220,14095
13220,14096
13220,14097
13220,14098
13220,14099
13220,14100
13220,14101
13220,14102
13220,14103
13220,14104
13220,14105
13220,14106
13220,14107
13220,14108
13220,14109
13220,14110
13220,14111
13220,14112
13220,14113
13220,14114
13220,14115
13220,14116
13220,14117
13220,14118
13220,14119
13220,14120
13220,14121
13220,14122
13220,14123
13220,14124
13220,14125
13220,14126
13220,14127
13220,14128
13220,14129
13220,14130
13220,14131
13220,14132
13220,14133
13220,14134
13220,14135
13220,14136
13220,14137
13220,14138
13220,14139
13220,14140
13220,14141
13220,14142
13220,14143
13220,14144
13220,14145
13220,14146
13220,14147
13220,14148
13220,14149
13220,14150
13220,14151
13220,14152
13220,14153
13220,14154
13220,14155
13220,14156
13220,14157
13220,14158
13220,14159
13220,14160
13220,14161
13220,14162
13220,14163
13220,14164
13220,14165
13220,14166
13220,14167
13220,14168
13220,14169
13220,14170
13220,14171
13220,14172
13220,14173
13220,14174
13220,14175
13220,14176
13220,14177
13220,14178
13220,14179
13220,14180
13220,14181
13220,14182
13220,14183
13220,14184
13220,14185
13220,14186
13220,14187
13220,14188
13220,14189
13220,14190
13220,14191
13220,14192
13220,14193
13220,14194
13220,14195
13220,14196
13220,14197
13220,14198
13220,14199
13220,14200
13220,14201
13220,14202
13221,13994
13221,13995
13221,13996
13221,13997
13221,13998
13221,13999
13221,14000
13221,14001
13221,14002
13221,14003
13221,14004
13221,14005
13221,14006
13221,14007
13221,14008
13221,14009
13221,14010
13221,14011
13221,14012
13221,14013
13221,14014
13221,14015
13221,14016
13221,14017
13221,14018
13221,14019
13221,14020
13221,14021
13221,14022
13221,14023
13221,14024
13221,14025
13221,14026
13221,14027
13221,14028
13221,14029
13221,14030
13221,14031
13221,14032
13221,14033
13221,14034
13221,14035
13221,14036
13221,14037
13221,14038
13221,14039
13221,14040
13221,14041
13221,14042
13221,14043
13221,14044
13221,14045
13221,14046
13221,14047
13221,14048
13221,14049
13221,14050
13221,14051
13221,14052
13221,14053
13221,14054
13221,14055
13221,14056
13221,14057
13221,14058
13221,14059
13221,14060
13221,14061
13221,14062
13221,14063
13221,14064
13221,14065
13221,14066
13221,14067
13221,14068
13221,14069
13221,14070
13221,14071
13221,14072
13221,14073
13221,14074
13221,14075
13221,14076
13221,14077
13221,14078
13221,14079
13221,14080
13221,14081
13221,14082
13221,14083
13221,14084
13221,14085
13221,14086
13221,14087
13221,14088
13221,14089
13221,14090
13221,14091
13221,14092
13221,14093
13221,14094
13221,14095
13221,14096
13221,14097
13221,14098
13221,14099
13221,14100
13221,14101
13221,14102
13221,14103
13221,14104
13221,14105
13221,14106
13221,14107
13221,14108
13221,14109
13221,14110
13221,14111
13221,14112
13221,14113
13221,14114
13221,14115
13221,14116
13221,14117
13221,14118
13221,14119
13221,14120
13221,14121
13221,14122
13221,14123
13221,14124
13221,14125
13221,14126
13221,14127
13221,14128
13221,14129
13221,14130
13221,14131
13221,14132
13221,14133
13221,14134
13221,14135
13221,14136
13221,14137
13221,14138
13221,14139
13221,14140
13221,14141
13221,14142
13221,14143
13221,14144
13221,14145
13221,14146
13221,14147
13221,14148
13221,14149
13221,14150
13221,14151
13221,14152
13221,14153
13221,14154
13221,14155
13221,14156
13221,14157
13221,14158
13221,14159
13221,14160
13221,14161
13221,14162
13221,14163
13221,14164
13221,14165
13221,14166
13221,14167
13221,14168
13221,14169
13221,14170
13221,14171
13221,14172
13221,14173
13221,14174
13221,14175
13221,14176
13221,14177
13221,14178
13221,14179
13221,14180
13221,14181
13221,14182
13221,14183
13221,14184
13221,14185
13221,14186
13221,14187
13221,14188
13221,14189
13221,14190
13221,14191
13221,14192
13221,14193
13221,14194
13221,14195
13221,14196
13221,14197
13221,14198
13221,14199
13221,14200
13221,14201
13221,14202
13222,13996
13222,13998
13222,13999
13222,14000
13222,14001
13222,14002
13222,14003
13222,14004
13222,14005
13222,14006
13222,14007
13222,14008
13222,14009
13222,14010
13222,14011
13222,14012
13222,14013
13222,14014
13222,14015
13222,14016
13222,14017
13222,14018
13222,14019
13222,14020
13222,14021
13222,14022
13222,14023
13222,14024
13222,14025
13222,14026
13222,14027
13222,14028
13222,14029
13222,14030
13222,14031
13222,14032
13222,14033
13222,14034
13222,14035
13222,14036
13222,14037
13222,14038
13222,14039
13222,14040
13222,14041
13222,14042
13222,14043
13222,14044
13222,14045
13222,14046
13222,14047
13222,14048
13222,14049
13222,14050
13222,14051
13222,14052
13222,14053
13222,14054
13222,14055
13222,14056
13222,14057
13222,14058
13222,14059
13222,14060
13222,14061
13222,14062
13222,14063
13222,14064
13222,14065
13222,14066
13222,14067
13222,14068
13222,14069
13222,14070
13222,14071
13222,14072
13222,14073
13222,14074
13222,14075
13222,14076
13222,14077
13222,14078
13222,14079
13222,14080
13222,14081
13222,14082
13222,14083
13222,14084
13222,14085
13222,14086
13222,14087
13222,14088
13222,14089
13222,14090
13222,14091
13222,14092
13222,14093
13222,14094
13222,14095
13222,14096
13222,14097
13222,14098
13222,14099
13222,14100
13222,14101
13222,14102
13222,14103
13222,14104
13222,14105
13222,14106
13222,14107
13222,14108
13222,14109
13222,14110
13222,14111
13222,14112
13222,14113
13222,14114
13222,14115
13222,14116
13222,14117
13222,14118
13222,14119
13222,14120
13222,14121
13222,14122
13222,14123
13222,14124
13222,14125
13222,14126
13222,14127
13222,14128
13222,14129
13222,14130
13222,14131
13222,14132
13222,14133
13222,14134
13222,14135
13222,14136
13222,14137
13222,14138
13222,14139
13222,14140
13222,14141
13222,14142
13222,14143
13222,14144
13222,14145
13222,14146
13222,14147
13222,14148
13222,14149
13222,14150
13222,14151
13222,14152
13222,14153
13222,14154
13222,14155
13222,14156
13222,14157
13222,14158
13222,14159
13222,14160
13222,14161
13222,14162
13222,14163
13222,14164
13222,14165
13222,14166
13222,14167
13222,14168
13222,14169
13222,14170
13222,14171
13222,14172
13222,14173
13222,14174
13222,14175
13222,14176
13222,14177
13222,14178
13222,14179
13222,14180
13222,14181
13222,14182
13222,14183
13222,14184
13222,14185
13222,14186
13222,14187
13222,14188
13222,14189
13222,14190
13222,14191
13222,14192
13222,14193
13222,14194
13222,14195
13222,14196
13222,14197
13222,14198
13222,14199
13222,14200
13222,14201
13222,14202
13223,13998
13223,13999
13223,14000
13223,14001
13223,14002
13223,14003
13223,14004
13223,14005
13223,14006
13223,14007
13223,14008
13223,14009
13223,14010
13223,14011
13223,14012
13223,14013
13223,14014
13223,14015
13223,14016
13223,14017
13223,14018
13223,14019
13223,14020
13223,14021
13223,14022
13223,14023
13223,14024
13223,14025
13223,14026
13223,14027
13223,14028
13223,14029
13223,14030
13223,14031
13223,14032
13223,14033
13223,14034
13223,14035
13223,14036
13223,14037
13223,14038
13223,14039
13223,14040
13223,14041
13223,14042
13223,14043
13223,14044
13223,14045
13223,14046
13223,14047
13223,14048
13223,14049
13223,14050
13223,14051
13223,14052
13223,14053
13223,14054
13223,14055
13223,14056
13223,14057
13223,14058
13223,14059
13223,14060
13223,14061
13223,14062
13223,14063
13223,14064
13223,14065
13223,14066
13223,14067
13223,14068
13223,14069
13223,14070
13223,14071
13223,14072
13223,14073
13223,14074
13223,14075
13223,14076
13223,14077
13223,14078
13223,14079
13223,14080
13223,14081
13223,14082
13223,14083
13223,14084
13223,14085
13223,14086
13223,14087
13223,14088
13223,14089
13223,14090
13223,14091
13223,14092
13223,14093
13223,14094
13223,14095
13223,14096
13223,14097
13223,14098
13223,14099
13223,14100
13223,14101
13223,14102
13223,14103
13223,14104
13223,14105
13223,14106
13223,14107
13223,14108
13223,14109
13223,14110
13223,14111
13223,14112
13223,14113
13223,14114
13223,14115
13223,14116
13223,14117
13223,14118
13223,14119
13223,14120
13223,14121
13223,14122
13223,14123
13223,14124
13223,14125
13223,14126
13223,14127
13223,14128
13223,14129
13223,14130
13223,14131
13223,14132
13223,14133
13223,14134
13223,14135
13223,14136
13223,14137
13223,14138
13223,14139
13223,14140
13223,14141
13223,14142
13223,14143
13223,14144
13223,14145
13223,14146
13223,14147
13223,14148
13223,14149
13223,14150
13223,14151
13223,14152
13223,14153
13223,14154
13223,14155
13223,14156
13223,14157
13223,14158
13223,14159
13223,14160
13223,14161
13223,14162
13223,14163
13223,14164
13223,14165
13223,14166
13223,14167
13223,14168
13223,14169
13223,14170
13223,14171
13223,14172
13223,14173
13223,14174
13223,14175
13223,14176
13223,14177
13223,14178
13223,14179
13223,14180
13223,14181
13223,14182
13223,14183
13223,14184
13223,14185
13223,14186
13223,14187
13223,14188
13223,14189
13223,14190
13223,14191
13223,14192
13223,14193
13223,14194
13223,14195
13223,14196
13223,14197
13223,14198
13223,14199
13223,14200
13223,14201
13223,14202
13224,13998
13224,13999
13224,14000
13224,14001
13224,14002
13224,14003
13224,14004
13224,14005
13224,14006
13224,14007
13224,14008
13224,14009
13224,14010
13224,14011
13224,14012
13224,14013
13224,14014
13224,14015
13224,14016
13224,14017
13224,14018
13224,14019
13224,14020
13224,14021
13224,14022
13224,14023
13224,14024
13224,14025
13224,14026
13224,14027
13224,14028
13224,14029
13224,14030
13224,14031
13224,14032
13224,14033
13224,14034
13224,14035
13224,14036
13224,14037
13224,14038
13224,14039
13224,14040
13224,14041
13224,14042
13224,14043
13224,14044
13224,14045
13224,14046
13224,14047
13224,14048
13224,14049
13224,14050
13224,14051
13224,14052
13224,14053
13224,14054
13224,14055
13224,14056
13224,14057
13224,14058
13224,14059
13224,14060
13224,14061
13224,14062
13224,14063
13224,14064
13224,14065
13224,14066
13224,14067
13224,14068
13224,14069
13224,14070
13224,14071
13224,14072
13224,14073
13224,14074
13224,14075
13224,14076
13224,14077
13224,14078
13224,14079
13224,14080
13224,14081
13224,14082
13224,14083
13224,14084
13224,14085
13224,14086
13224,14087
13224,14088
13224,14089
13224,14090
13224,14091
13224,14092
13224,14093
13224,14094
13224,14095
13224,14096
13224,14097
13224,14098
13224,14099
13224,14100
13224,14101
13224,14102
13224,14103
13224,14104
13224,14105
13224,14106
13224,14107
13224,14108
13224,14109
13224,14110
13224,14111
13224,14112
13224,14113
13224,14114
13224,14115
13224,14116
13224,14117
13224,14118
13224,14119
13224,14120
13224,14121
13224,14122
13224,14123
13224,14124
13224,14125
13224,14126
13224,14127
13224,14128
13224,14129
13224,14130
13224,14131
13224,14132
13224,14133
13224,14134
13224,14135
13224,14136
13224,14137
13224,14138
13224,14139
13224,14140
13224,14141
13224,14142
13224,14143
13224,14144
13224,14145
13224,14146
13224,14147
13224,14148
13224,14149
13224,14150
13224,14151
13224,14152
13224,14153
13224,14154
13224,14155
13224,14156
13224,14157
13224,14158
13224,14159
13224,14160
13224,14161
13224,14162
13224,14163
13224,14164
13224,14165
13224,14166
13224,14167
13224,14168
13224,14169
13224,14170
13224,14171
13224,14172
13224,14173
13224,14174
13224,14175
13224,14176
13224,14177
13224,14178
13224,14179
13224,14180
13224,14181
13224,14182
13224,14183
13224,14184
13224,14185
13224,14186
13224,14187
13224,14188
13224,14189
13224,14190
13224,14191
13224,14192
13224,14193
13224,14194
13224,14195
13224,14196
13224,14197
13224,14198
13224,14199
13224,14200
13224,14201
13224,14202
13225,13997
13225,13998
13225,13999
13225,14000
13225,14001
13225,14002
13225,14003
13225,14004
13225,14005
13225,14006
13225,14007
13225,14008
13225,14009
13225,14010
13225,14011
13225,14012
13225,14013
13225,14014
13225,14015
13225,14016
13225,14017
13225,14018
13225,14019
13225,14020
13225,14021
13225,14022
13225,14023
13225,14024
13225,14025
13225,14026
13225,14027
13225,14028
13225,14029
13225,14030
13225,14031
13225,14032
13225,14033
13225,14034
13225,14035
13225,14036
13225,14037
13225,14038
13225,14039
13225,14040
13225,14041
13225,14042
13225,14043
13225,14044
13225,14045
13225,14046
13225,14047
13225,14048
13225,14049
13225,14050
13225,14051
13225,14052
13225,14053
13225,14054
13225,14055
13225,14056
13225,14057
13225,14058
13225,14059
13225,14060
13225,14061
13225,14062
13225,14063
13225,14064
13225,14065
13225,14066
13225,14067
13225,14068
13225,14069
13225,14070
13225,14071
13225,14072
13225,14073
13225,14074
13225,14075
13225,14076
13225,14077
13225,14078
13225,14079
13225,14080
13225,14081
13225,14082
13225,14083
13225,14084
13225,14085
13225,14086
13225,14087
13225,14088
13225,14089
13225,14090
13225,14091
13225,14092
13225,14093
13225,14094
13225,14095
13225,14096
13225,14097
13225,14098
13225,14099
13225,14100
13225,14101
13225,14102
13225,14103
13225,14104
13225,14105
13225,14106
13225,14107
13225,14108
13225,14109
13225,14110
13225,14111
13225,14112
13225,14113
13225,14114
13225,14115
13225,14116
13225,14117
13225,14118
13225,14119
13225,14120
13225,14121
13225,14122
13225,14123
13225,14124
13225,14125
13225,14126
13225,14127
13225,14128
13225,14129
13225,14130
13225,14131
13225,14132
13225,14133
13225,14134
13225,14135
13225,14136
13225,14137
13225,14138
13225,14139
13225,14140
13225,14141
13225,14142
13225,14143
13225,14144
13225,14145
13225,14146
13225,14147
13225,14148
13225,14149
13225,14150
13225,14151
13225,14152
13225,14153
13225,14154
13225,14155
13225,14156
13225,14157
13225,14158
13225,14159
13225,14160
13225,14161
13225,14162
13225,14163
13225,14164
13225,14165
13225,14166
13225,14167
13225,14168
13225,14169
13225,14170
13225,14171
13225,14172
13225,14173
13225,14174
13225,14175
13225,14176
13225,14177
13225,14178
13225,14179
13225,14180
13225,14181
13225,14182
13225,14183
13225,14184
13225,14185
13225,14186
13225,14187
13225,14188
13225,14189
13225,14190
13225,14191
13225,14192
13225,14193
13225,14194
13225,14195
13225,14196
13225,14197
13225,14198
13225,14199
13225,14200
13225,14201
13225,14202
13225,14203
13226,13997
13226,13998
13226,13999
13226,14000
13226,14001
13226,14002
13226,14003
13226,14004
13226,14005
13226,14006
13226,14007
13226,14008
13226,14009
13226,14010
13226,14011
13226,14012
13226,14013
13226,14014
13226,14015
13226,14016
13226,14017
13226,14018
13226,14019
13226,14020
13226,14021
13226,14022
13226,14023
13226,14024
13226,14025
13226,14026
13226,14027
13226,14028
13226,14029
13226,14030
13226,14031
13226,14032
13226,14033
13226,14034
13226,14035
13226,14036
13226,14037
13226,14038
13226,14039
13226,14040
13226,14041
13226,14042
13226,14043
13226,14044
13226,14045
13226,14046
13226,14047
13226,14048
13226,14049
13226,14050
13226,14051
13226,14052
13226,14053
13226,14054
13226,14055
13226,14056
13226,14057
13226,14058
13226,14059
13226,14060
13226,14061
13226,14062
13226,14063
13226,14064
13226,14065
13226,14066
13226,14067
13226,14068
13226,14069
13226,14070
13226,14071
13226,14072
13226,14073
13226,14074
13226,14075
13226,14076
13226,14077
13226,14078
13226,14079
13226,14080
13226,14081
13226,14082
13226,14083
13226,14084
13226,14085
13226,14086
13226,14087
13226,14088
13226,14089
13226,14090
13226,14091
13226,14092
13226,14093
13226,14094
13226,14095
13226,14096
13226,14097
13226,14098
13226,14099
13226,14100
13226,14101
13226,14102
13226,14103
13226,14104
13226,14105
13226,14106
13226,14107
13226,14108
13226,14109
13226,14110
13226,14111
13226,14112
13226,14113
13226,14114
13226,14115
13226,14116
13226,14117
13226,14118
13226,14119
13226,14120
13226,14121
13226,14122
13226,14123
13226,14124
13226,14125
13226,14126
13226,14127
13226,14128
13226,14129
13226,14130
13226,14131
13226,14132
13226,14133
13226,14134
13226,14135
13226,14136
13226,14137
13226,14138
13226,14139
13226,14140
13226,14141
13226,14142
13226,14143
13226,14144
13226,14145
13226,14146
13226,14147
13226,14148
13226,14149
13226,14150
13226,14151
13226,14152
13226,14153
13226,14154
13226,14155
13226,14156
13226,14157
13226,14158
13226,14159
13226,14160
13226,14161
13226,14162
13226,14163
13226,14164
13226,14165
13226,14166
13226,14167
13226,14168
13226,14169
13226,14170
13226,14171
13226,14172
13226,14173
13226,14174
13226,14175
13226,14176
13226,14177
13226,14178
13226,14179
13226,14180
13226,14181
13226,14182
13226,14183
13226,14184
13226,14185
13226,14186
13226,14187
13226,14188
13226,14189
13226,14190
13226,14191
13226,14192
13226,14193
13226,14194
13226,14195
13226,14196
13226,14197
13226,14198
13226,14199
13226,14200
13226,14201
13226,14202
13227,13996
13227,13997
13227,13998
13227,13999
13227,14000
13227,14001
13227,14002
13227,14003
13227,14004
13227,14005
13227,14006
13227,14007
13227,14008
13227,14009
13227,14010
13227,14011
13227,14012
13227,14013
13227,14014
13227,14015
13227,14016
13227,14017
13227,14018
13227,14019
13227,14020
13227,14021
13227,14022
13227,14023
13227,14024
13227,14025
13227,14026
13227,14027
13227,14028
13227,14029
13227,14030
13227,14031
13227,14032
13227,14033
13227,14034
13227,14035
13227,14036
13227,14037
13227,14038
13227,14039
13227,14040
13227,14041
13227,14042
13227,14043
13227,14044
13227,14045
13227,14046
13227,14047
13227,14048
13227,14049
13227,14050
13227,14051
13227,14052
13227,14053
13227,14054
13227,14055
13227,14056
13227,14057
13227,14058
13227,14059
13227,14060
13227,14061
13227,14062
13227,14063
13227,14064
13227,14065
13227,14066
13227,14067
13227,14068
13227,14069
13227,14070
13227,14071
13227,14072
13227,14073
13227,14074
13227,14075
13227,14076
13227,14077
13227,14078
13227,14079
13227,14080
13227,14081
13227,14082
13227,14083
13227,14084
13227,14085
13227,14086
13227,14087
13227,14088
13227,14089
13227,14090
13227,14091
13227,14092
13227,14093
13227,14094
13227,14095
13227,14096
13227,14097
13227,14098
13227,14099
13227,14100
13227,14101
13227,14102
13227,14103
13227,14104
13227,14105
13227,14106
13227,14107
13227,14108
13227,14109
13227,14110
13227,14111
13227,14112
13227,14113
13227,14114
13227,14115
13227,14116
13227,14117
13227,14118
13227,14119
13227,14120
13227,14121
13227,14122
13227,14123
13227,14124
13227,14125
13227,14126
13227,14127
13227,14128
13227,14129
13227,14130
13227,14131
13227,14132
13227,14133
13227,14134
13227,14135
13227,14136
13227,14137
13227,14138
13227,14139
13227,14140
13227,14141
13227,14142
13227,14143
13227,14144
13227,14145
13227,14146
13227,14147
13227,14148
13227,14149
13227,14150
13227,14151
13227,14152
13227,14153
13227,14154
13227,14155
13227,14156
13227,14157
13227,14158
13227,14159
13227,14160
13227,14161
13227,14162
13227,14163
13227,14164
13227,14165
13227,14166
13227,14167
13227,14168
13227,14169
13227,14170
13227,14171
13227,14172
13227,14173
13227,14174
13227,14175
13227,14176
13227,14177
13227,14178
13227,14179
13227,14180
13227,14181
13227,14182
13227,14183
13227,14184
13227,14185
13227,14186
13227,14187
13227,14188
13227,14189
13227,14190
13227,14191
13227,14192
13227,14193
13227,14194
13227,14195
13227,14196
13227,14197
13227,14198
13227,14199
13227,14200
13227,14201
13227,14202
13228,13996
13228,13997
13228,13998
13228,13999
13228,14000
13228,14001
13228,14002
13228,14003
13228,14004
13228,14005
13228,14006
13228,14007
13228,14008
13228,14009
13228,14010
13228,14011
13228,14012
13228,14013
13228,14014
13228,14015
13228,14016
13228,14017
13228,14018
13228,14019
13228,14020
13228,14021
13228,14022
13228,14023
13228,14024
13228,14025
13228,14026
13228,14027
13228,14028
13228,14029
13228,14030
13228,14031
13228,14032
13228,14033
13228,14034
13228,14035
13228,14036
13228,14037
13228,14038
13228,14039
13228,14040
13228,14041
13228,14042
13228,14043
13228,14044
13228,14045
13228,14046
13228,14047
13228,14048
13228,14049
13228,14050
13228,14051
13228,14052
13228,14053
13228,14054
13228,14055
13228,14056
13228,14057
13228,14058
13228,14059
13228,14060
13228,14061
13228,14062
13228,14063
13228,14064
13228,14065
13228,14066
13228,14067
13228,14068
13228,14069
13228,14070
13228,14071
13228,14072
13228,14073
13228,14074
13228,14075
13228,14076
13228,14077
13228,14078
13228,14079
13228,14080
13228,14081
13228,14082
13228,14083
13228,14084
13228,14085
13228,14086
13228,14087
13228,14088
13228,14089
13228,14090
13228,14091
13228,14092
13228,14093
13228,14094
13228,14095
13228,14096
13228,14097
13228,14098
13228,14099
13228,14100
13228,14101
13228,14102
13228,14103
13228,14104
13228,14105
13228,14106
13228,14107
13228,14108
13228,14109
13228,14110
13228,14111
13228,14112
13228,14113
13228,14114
13228,14115
13228,14116
13228,14117
13228,14118
13228,14119
13228,14120
13228,14121
13228,14122
13228,14123
13228,14124
13228,14125
13228,14126
13228,14127
13228,14128
13228,14129
13228,14130
13228,14131
13228,14132
13228,14133
13228,14134
13228,14135
13228,14136
13228,14137
13228,14138
13228,14139
13228,14140
13228,14141
13228,14142
13228,14143
13228,14144
13228,14145
13228,14146
13228,14147
13228,14148
13228,14149
13228,14150
13228,14151
13228,14152
13228,14153
13228,14154
13228,14155
13228,14156
13228,14157
13228,14158
13228,14159
13228,14160
13228,14161
13228,14162
13228,14163
13228,14164
13228,14165
13228,14166
13228,14167
13228,14168
13228,14169
13228,14170
13228,14171
13228,14172
13228,14173
13228,14174
13228,14175
13228,14176
13228,14177
13228,14178
13228,14179
13228,14180
13228,14181
13228,14182
13228,14183
13228,14184
13228,14185
13228,14186
13228,14187
13228,14188
13228,14189
13228,14190
13228,14191
13228,14192
13228,14193
13228,14194
13228,14195
13228,14196
13228,14197
13228,14198
13228,14199
13228,14200
13228,14201
13228,14202
13228,14203
13229,13996
13229,13997
13229,13998
13229,13999
13229,14000
13229,14001
13229,14002
13229,14003
13229,14004
13229,14005
13229,14006
13229,14007
13229,14008
13229,14009
13229,14010
13229,14011
13229,14012
13229,14013
13229,14014
13229,14015
13229,14016
13229,14017
13229,14018
13229,14019
13229,14020
13229,14021
13229,14022
13229,14023
13229,14024
13229,14025
13229,14026
13229,14027
13229,14028
13229,14029
13229,14030
13229,14031
13229,14032
13229,14033
13229,14034
13229,14035
13229,14036
13229,14037
13229,14038
13229,14039
13229,14040
13229,14041
13229,14042
13229,14043
13229,14044
13229,14045
13229,14046
13229,14047
13229,14048
13229,14049
13229,14050
13229,14051
13229,14052
13229,14053
13229,14054
13229,14055
13229,14056
13229,14057
13229,14058
13229,14059
13229,14060
13229,14061
13229,14062
13229,14063
13229,14064
13229,14065
13229,14066
13229,14067
13229,14068
13229,14069
13229,14070
13229,14071
13229,14072
13229,14073
13229,14074
13229,14075
13229,14076
13229,14077
13229,14078
13229,14079
13229,14080
13229,14081
13229,14082
13229,14083
13229,14084
13229,14085
13229,14086
13229,14087
13229,14088
13229,14089
13229,14090
13229,14091
13229,14092
13229,14093
13229,14094
13229,14095
13229,14096
13229,14097
13229,14098
13229,14099
13229,14100
13229,14101
13229,14102
13229,14103
13229,14104
13229,14105
13229,14106
13229,14107
13229,14108
13229,14109
13229,14110
13229,14111
13229,14112
13229,14113
13229,14114
13229,14115
13229,14116
13229,14117
13229,14118
13229,14119
13229,14120
13229,14121
13229,14122
13229,14123
13229,14124
13229,14125
13229,14126
13229,14127
13229,14128
13229,14129
13229,14130
13229,14131
13229,14132
13229,14133
13229,14134
13229,14135
13229,14136
13229,14137
13229,14138
13229,14139
13229,14140
13229,14141
13229,14142
13229,14143
13229,14144
13229,14145
13229,14146
13229,14147
13229,14148
13229,14149
13229,14150
13229,14151
13229,14152
13229,14153
13229,14154
13229,14155
13229,14156
13229,14157
13229,14158
13229,14159
13229,14160
13229,14161
13229,14162
13229,14163
13229,14164
13229,14165
13229,14166
13229,14167
13229,14168
13229,14169
13229,14170
13229,14171
13229,14172
13229,14173
13229,14174
13229,14175
13229,14176
13229,14177
13229,14178
13229,14179
13229,14180
13229,14181
13229,14182
13229,14183
13229,14184
13229,14185
13229,14186
13229,14187
13229,14188
13229,14189
13229,14190
13229,14191
13229,14192
13229,14193
13229,14194
13229,14195
13229,14196
13229,14197
13229,14198
13229,14199
13229,14200
13229,14201
13229,14202
13229,14203
13230,13995
13230,13996
13230,13997
13230,13998
13230,13999
13230,14000
13230,14001
13230,14002
13230,14003
13230,14004
13230,14005
13230,14006
13230,14007
13230,14008
13230,14009
13230,14010
13230,14011
13230,14012
13230,14013
13230,14014
13230,14015
13230,14016
13230,14017
13230,14018
13230,14019
13230,14020
13230,14021
13230,14022
13230,14023
13230,14024
13230,14025
13230,14026
13230,14027
13230,14028
13230,14029
13230,14030
13230,14031
13230,14032
13230,14033
13230,14034
13230,14035
13230,14036
13230,14037
13230,14038
13230,14039
13230,14040
13230,14041
13230,14042
13230,14043
13230,14044
13230,14045
13230,14046
13230,14047
13230,14048
13230,14049
13230,14050
13230,14051
13230,14052
13230,14053
13230,14054
13230,14055
13230,14056
13230,14057
13230,14058
13230,14059
13230,14060
13230,14061
13230,14062
13230,14063
13230,14064
13230,14065
13230,14066
13230,14067
13230,14068
13230,14069
13230,14070
13230,14071
13230,14072
13230,14073
13230,14074
13230,14075
13230,14076
13230,14077
13230,14078
13230,14079
13230,14080
13230,14081
13230,14082
13230,14083
13230,14084
13230,14085
13230,14086
13230,14087
13230,14088
13230,14089
13230,14090
13230,14091
13230,14092
13230,14093
13230,14094
13230,14095
13230,14096
13230,14097
13230,14098
13230,14099
13230,14100
13230,14101
13230,14102
13230,14103
13230,14104
13230,14105
13230,14106
13230,14107
13230,14108
13230,14109
13230,14110
13230,14111
13230,14112
13230,14113
13230,14114
13230,14115
13230,14116
13230,14117
13230,14118
13230,14119
13230,14120
13230,14121
13230,14122
13230,14123
13230,14124
13230,14125
13230,14126
13230,14127
13230,14128
13230,14129
13230,14130
13230,14131
13230,14132
13230,14133
13230,14134
13230,14135
13230,14136
13230,14137
13230,14138
13230,14139
13230,14140
13230,14141
13230,14142
13230,14143
13230,14144
13230,14145
13230,14146
13230,14147
13230,14148
13230,14149
13230,14150
13230,14151
13230,14152
13230,14153
13230,14154
13230,14155
13230,14156
13230,14157
13230,14158
13230,14159
13230,14160
13230,14161
13230,14162
13230,14163
13230,14164
13230,14165
13230,14166
13230,14167
13230,14168
13230,14169
13230,14170
13230,14171
13230,14172
13230,14173
13230,14174
13230,14175
13230,14176
13230,14177
13230,14178
13230,14179
13230,14180
13230,14181
13230,14182
13230,14183
13230,14184
13230,14185
13230,14186
13230,14187
13230,14188
13230,14189
13230,14190
13230,14191
13230,14192
13230,14193
13230,14194
13230,14195
13230,14196
13230,14197
13230,14198
13230,14199
13230,14200
13230,14201
13230,14202
13230,14203
13231,13995
13231,13996
13231,13997
13231,13998
13231,13999
13231,14000
13231,14001
13231,14002
13231,14003
13231,14004
13231,14005
13231,14006
13231,14007
13231,14008
13231,14009
13231,14010
13231,14011
13231,14012
13231,14013
13231,14014
13231,14015
13231,14016
13231,14017
13231,14018
13231,14019
13231,14020
13231,14021
13231,14022
13231,14023
13231,14024
13231,14025
13231,14026
13231,14027
13231,14028
13231,14029
13231,14030
13231,14031
13231,14032
13231,14033
13231,14034
13231,14035
13231,14036
13231,14037
13231,14038
13231,14039
13231,14040
13231,14041
13231,14042
13231,14043
13231,14044
13231,14045
13231,14046
13231,14047
13231,14048
13231,14049
13231,14050
13231,14051
13231,14052
13231,14053
13231,14054
13231,14055
13231,14056
13231,14057
13231,14058
13231,14059
13231,14060
13231,14061
13231,14062
13231,14063
13231,14064
13231,14065
13231,14066
13231,14067
13231,14068
13231,14069
13231,14070
13231,14071
13231,14072
13231,14073
13231,14074
13231,14075
13231,14076
13231,14077
13231,14078
13231,14079
13231,14080
13231,14081
13231,14082
13231,14083
13231,14084
13231,14085
13231,14086
13231,14087
13231,14088
13231,14089
13231,14090
13231,14091
13231,14092
13231,14093
13231,14094
13231,14095
13231,14096
13231,14097
13231,14098
13231,14099
13231,14100
13231,14101
13231,14102
13231,14103
13231,14104
13231,14105
13231,14106
13231,14107
13231,14108
13231,14109
13231,14110
13231,14111
13231,14112
13231,14113
13231,14114
13231,14115
13231,14116
13231,14117
13231,14118
13231,14119
13231,14120
13231,14121
13231,14122
13231,14123
13231,14124
13231,14125
13231,14126
13231,14127
13231,14128
13231,14129
13231,14130
13231,14131
13231,14132
13231,14133
13231,14134
13231,14135
13231,14136
13231,14137
13231,14138
13231,14139
13231,14140
13231,14141
13231,14142
13231,14143
13231,14144
13231,14145
13231,14146
13231,14147
13231,14148
13231,14149
13231,14150
13231,14151
13231,14152
13231,14153
13231,14154
13231,14155
13231,14156
13231,14157
13231,14158
13231,14159
13231,14160
13231,14161
13231,14162
13231,14163
13231,14164
13231,14165
13231,14166
13231,14167
13231,14168
13231,14169
13231,14170
13231,14171
13231,14172
13231,14173
13231,14174
13231,14175
13231,14176
13231,14177
13231,14178
13231,14179
13231,14180
13231,14181
13231,14182
13231,14183
13231,14184
13231,14185
13231,14186
13231,14187
13231,14188
13231,14189
13231,14190
13231,14191
13231,14192
13231,14193
13231,14194
13231,14195
13231,14196
13231,14197
13231,14198
13231,14199
13231,14200
13231,14201
13231,14202
13231,14203
13231,14204
13232,13995
13232,13996
13232,13997
13232,13998
13232,13999
13232,14000
13232,14001
13232,14002
13232,14003
13232,14004
13232,14005
13232,14006
13232,14007
13232,14008
13232,14009
13232,14010
13232,14011
13232,14012
13232,14013
13232,14014
13232,14015
13232,14016
13232,14017
13232,14018
13232,14019
13232,14020
13232,14021
13232,14022
13232,14023
13232,14024
13232,14025
13232,14026
13232,14027
13232,14028
13232,14029
13232,14030
13232,14031
13232,14032
13232,14033
13232,14034
13232,14035
13232,14036
13232,14037
13232,14038
13232,14039
13232,14040
13232,14041
13232,14042
13232,14043
13232,14044
13232,14045
13232,14046
13232,14047
13232,14048
13232,14049
13232,14050
13232,14051
13232,14052
13232,14053
13232,14054
13232,14055
13232,14056
13232,14057
13232,14058
13232,14059
13232,14060
13232,14061
13232,14062
13232,14063
13232,14064
13232,14065
13232,14066
13232,14067
13232,14068
13232,14069
13232,14070
13232,14071
13232,14072
13232,14073
13232,14074
13232,14075
13232,14076
13232,14077
13232,14078
13232,14079
13232,14080
13232,14081
13232,14082
13232,14083
13232,14084
13232,14085
13232,14086
13232,14087
13232,14088
13232,14089
13232,14090
13232,14091
13232,14092
13232,14093
13232,14094
13232,14095
13232,14096
13232,14097
13232,14098
13232,14099
13232,14100
13232,14101
13232,14102
13232,14103
13232,14104
13232,14105
13232,14106
13232,14107
13232,14108
13232,14109
13232,14110
13232,14111
13232,14112
13232,14113
13232,14114
13232,14115
13232,14116
13232,14117
13232,14118
13232,14119
13232,14120
13232,14121
13232,14122
13232,14123
13232,14124
13232,14125
13232,14126
13232,14127
13232,14128
13232,14129
13232,14130
13232,14131
13232,14132
13232,14133
13232,14134
13232,14135
13232,14136
13232,14137
13232,14138
13232,14139
13232,14140
13232,14141
13232,14142
13232,14143
13232,14144
13232,14145
13232,14146
13232,14147
13232,14148
13232,14149
13232,14150
13232,14151
13232,14152
13232,14153
13232,14154
13232,14155
13232,14156
13232,14157
13232,14158
13232,14159
13232,14160
13232,14161
13232,14162
13232,14163
13232,14164
13232,14165
13232,14166
13232,14167
13232,14168
13232,14169
13232,14170
13232,14171
13232,14172
13232,14173
13232,14174
13232,14175
13232,14176
13232,14177
13232,14178
13232,14179
13232,14180
13232,14181
13232,14182
13232,14183
13232,14184
13232,14185
13232,14186
13232,14187
13232,14188
13232,14189
13232,14190
13232,14191
13232,14192
13232,14193
13232,14194
13232,14195
13232,14196
13232,14197
13232,14198
13232,14199
13232,14200
13232,14201
13232,14202
13232,14203
13232,14204
13233,13995
13233,13996
13233,13997
13233,13998
13233,13999
13233,14000
13233,14001
13233,14002
13233,14003
13233,14004
13233,14005
13233,14006
13233,14007
13233,14008
13233,14009
13233,14010
13233,14011
13233,14012
13233,14013
13233,14014
13233,14015
13233,14016
13233,14017
13233,14018
13233,14019
13233,14020
13233,14021
13233,14022
13233,14023
13233,14024
13233,14025
13233,14026
13233,14027
13233,14028
13233,14029
13233,14030
13233,14031
13233,14032
13233,14033
13233,14034
13233,14035
13233,14036
13233,14037
13233,14038
13233,14039
13233,14040
13233,14041
13233,14042
13233,14043
13233,14044
13233,14045
13233,14046
13233,14047
13233,14048
13233,14049
13233,14050
13233,14051
13233,14052
13233,14053
13233,14054
13233,14055
13233,14056
13233,14057
13233,14058
13233,14059
13233,14060
13233,14061
13233,14062
13233,14063
13233,14064
13233,14065
13233,14066
13233,14067
13233,14068
13233,14069
13233,14070
13233,14071
13233,14072
13233,14073
13233,14074
13233,14075
13233,14076
13233,14077
13233,14078
13233,14079
13233,14080
13233,14081
13233,14082
13233,14083
13233,14084
13233,14085
13233,14086
13233,14087
13233,14088
13233,14089
13233,14090
13233,14091
13233,14092
13233,14093
13233,14094
13233,14095
13233,14096
13233,14097
13233,14098
13233,14099
13233,14100
13233,14101
13233,14102
13233,14103
13233,14104
13233,14105
13233,14106
13233,14107
13233,14108
13233,14109
13233,14110
13233,14111
13233,14112
13233,14113
13233,14114
13233,14115
13233,14116
13233,14117
13233,14118
13233,14119
13233,14120
13233,14121
13233,14122
13233,14123
13233,14124
13233,14125
13233,14126
13233,14127
13233,14128
13233,14129
13233,14130
13233,14131
13233,14132
13233,14133
13233,14134
13233,14135
13233,14136
13233,14137
13233,14138
13233,14139
13233,14140
13233,14141
13233,14142
13233,14143
13233,14144
13233,14145
13233,14146
13233,14147
13233,14148
13233,14149
13233,14150
13233,14151
13233,14152
13233,14153
13233,14154
13233,14155
13233,14156
13233,14157
13233,14158
13233,14159
13233,14160
13233,14161
13233,14162
13233,14163
13233,14164
13233,14165
13233,14166
13233,14167
13233,14168
13233,14169
13233,14170
13233,14171
13233,14172
13233,14173
13233,14174
13233,14175
13233,14176
13233,14177
13233,14178
13233,14179
13233,14180
13233,14181
13233,14182
13233,14183
13233,14184
13233,14185
13233,14186
13233,14187
13233,14188
13233,14189
13233,14190
13233,14191
13233,14192
13233,14193
13233,14194
13233,14195
13233,14196
13233,14197
13233,14198
13233,14199
13233,14200
13233,14201
13233,14202
13233,14203
13233,14204
13233,14205
13234,13996
13234,13997
13234,13998
13234,13999
13234,14000
13234,14001
13234,14002
13234,14003
13234,14004
13234,14005
13234,14006
13234,14007
13234,14008
13234,14009
13234,14010
13234,14011
13234,14012
13234,14013
13234,14014
13234,14015
13234,14016
13234,14017
13234,14018
13234,14019
13234,14020
13234,14021
13234,14022
13234,14023
13234,14024
13234,14025
13234,14026
13234,14027
13234,14028
13234,14029
13234,14030
13234,14031
13234,14032
13234,14033
13234,14034
13234,14035
13234,14036
13234,14037
13234,14038
13234,14039
13234,14040
13234,14041
13234,14042
13234,14043
13234,14044
13234,14045
13234,14046
13234,14047
13234,14048
13234,14049
13234,14050
13234,14051
13234,14052
13234,14053
13234,14054
13234,14055
13234,14056
13234,14057
13234,14058
13234,14059
13234,14060
13234,14061
13234,14062
13234,14063
13234,14064
13234,14065
13234,14066
13234,14067
13234,14068
13234,14069
13234,14070
13234,14071
13234,14072
13234,14073
13234,14074
13234,14075
13234,14076
13234,14077
13234,14078
13234,14079
13234,14080
13234,14081
13234,14082
13234,14083
13234,14084
13234,14085
13234,14086
13234,14087
13234,14088
13234,14089
13234,14090
13234,14091
13234,14092
13234,14093
13234,14094
13234,14095
13234,14096
13234,14097
13234,14098
13234,14099
13234,14100
13234,14101
13234,14102
13234,14103
13234,14104
13234,14105
13234,14106
13234,14107
13234,14108
13234,14109
13234,14110
13234,14111
13234,14112
13234,14113
13234,14114
13234,14115
13234,14116
13234,14117
13234,14118
13234,14119
13234,14120
13234,14121
13234,14122
13234,14123
13234,14124
13234,14125
13234,14126
13234,14127
13234,14128
13234,14129
13234,14130
13234,14131
13234,14132
13234,14133
13234,14134
13234,14135
13234,14136
13234,14137
13234,14138
13234,14139
13234,14140
13234,14141
13234,14142
13234,14143
13234,14144
13234,14145
13234,14146
13234,14147
13234,14148
13234,14149
13234,14150
13234,14151
13234,14152
13234,14153
13234,14154
13234,14155
13234,14156
13234,14157
13234,14158
13234,14159
13234,14160
13234,14161
13234,14162
13234,14163
13234,14164
13234,14165
13234,14166
13234,14167
13234,14168
13234,14169
13234,14170
13234,14171
13234,14172
13234,14173
13234,14174
13234,14175
13234,14176
13234,14177
13234,14178
13234,14179
13234,14180
13234,14181
13234,14182
13234,14183
13234,14184
13234,14185
13234,14186
13234,14187
13234,14188
13234,14189
13234,14190
13234,14191
13234,14192
13234,14193
13234,14194
13234,14195
13234,14196
13234,14197
13234,14198
13234,14199
13234,14200
13234,14201
13234,14202
13234,14203
13234,14204
13234,14205
13235,13996
13235,13997
13235,13998
13235,13999
13235,14000
13235,14001
13235,14002
13235,14003
13235,14004
13235,14005
13235,14006
13235,14007
13235,14008
13235,14009
13235,14010
13235,14011
13235,14012
13235,14013
13235,14014
13235,14015
13235,14016
13235,14017
13235,14018
13235,14019
13235,14020
13235,14021
13235,14022
13235,14023
13235,14024
13235,14025
13235,14026
13235,14027
13235,14028
13235,14029
13235,14030
13235,14031
13235,14032
13235,14033
13235,14034
13235,14035
13235,14036
13235,14037
13235,14038
13235,14039
13235,14040
13235,14041
13235,14042
13235,14043
13235,14044
13235,14045
13235,14046
13235,14047
13235,14048
13235,14049
13235,14050
13235,14051
13235,14052
13235,14053
13235,14054
13235,14055
13235,14056
13235,14057
13235,14058
13235,14059
13235,14060
13235,14061
13235,14062
13235,14063
13235,14064
13235,14065
13235,14066
13235,14067
13235,14068
13235,14069
13235,14070
13235,14071
13235,14072
13235,14073
13235,14074
13235,14075
13235,14076
13235,14077
13235,14078
13235,14079
13235,14080
13235,14081
13235,14082
13235,14083
13235,14084
13235,14085
13235,14086
13235,14087
13235,14088
13235,14089
13235,14090
13235,14091
13235,14092
13235,14093
13235,14094
13235,14095
13235,14096
13235,14097
13235,14098
13235,14099
13235,14100
13235,14101
13235,14102
13235,14103
13235,14104
13235,14105
13235,14106
13235,14107
13235,14108
13235,14109
13235,14110
13235,14111
13235,14112
13235,14113
13235,14114
13235,14115
13235,14116
13235,14117
13235,14118
13235,14119
13235,14120
13235,14121
13235,14122
13235,14123
13235,14124
13235,14125
13235,14126
13235,14127
13235,14128
13235,14129
13235,14130
13235,14131
13235,14132
13235,14133
13235,14134
13235,14135
13235,14136
13235,14137
13235,14138
13235,14139
13235,14140
13235,14141
13235,14142
13235,14143
13235,14144
13235,14145
13235,14146
13235,14147
13235,14148
13235,14149
13235,14150
13235,14151
13235,14152
13235,14153
13235,14154
13235,14155
13235,14156
13235,14157
13235,14158
13235,14159
13235,14160
13235,14161
13235,14162
13235,14163
13235,14164
13235,14165
13235,14166
13235,14167
13235,14168
13235,14169
13235,14170
13235,14171
13235,14172
13235,14173
13235,14174
13235,14175
13235,14176
13235,14177
13235,14178
13235,14179
13235,14180
13235,14181
13235,14182
13235,14183
13235,14184
13235,14185
13235,14186
13235,14187
13235,14188
13235,14189
13235,14190
13235,14191
13235,14192
13235,14193
13235,14194
13235,14195
13235,14196
13235,14197
13235,14198
13235,14199
13235,14200
13235,14201
13235,14202
13235,14203
13235,14204
13235,14205
13236,13997
13236,13998
13236,13999
13236,14000
13236,14001
13236,14002
13236,14003
13236,14004
13236,14005
13236,14006
13236,14007
13236,14008
13236,14009
13236,14010
13236,14011
13236,14012
13236,14013
13236,14014
13236,14015
13236,14016
13236,14017
13236,14018
13236,14019
13236,14020
13236,14021
13236,14022
13236,14023
13236,14024
13236,14025
13236,14026
13236,14027
13236,14028
13236,14029
13236,14030
13236,14031
13236,14032
13236,14033
13236,14034
13236,14035
13236,14036
13236,14037
13236,14038
13236,14039
13236,14040
13236,14041
13236,14042
13236,14043
13236,14044
13236,14045
13236,14046
13236,14047
13236,14048
13236,14049
13236,14050
13236,14051
13236,14052
13236,14053
13236,14054
13236,14055
13236,14056
13236,14057
13236,14058
13236,14059
13236,14060
13236,14061
13236,14062
13236,14063
13236,14064
13236,14065
13236,14066
13236,14067
13236,14068
13236,14069
13236,14070
13236,14071
13236,14072
13236,14073
13236,14074
13236,14075
13236,14076
13236,14077
13236,14078
13236,14079
13236,14080
13236,14081
13236,14082
13236,14083
13236,14084
13236,14085
13236,14086
13236,14087
13236,14088
13236,14089
13236,14090
13236,14091
13236,14092
13236,14093
13236,14094
13236,14095
13236,14096
13236,14097
13236,14098
13236,14099
13236,14100
13236,14101
13236,14102
13236,14103
13236,14104
13236,14105
13236,14106
13236,14107
13236,14108
13236,14109
13236,14110
13236,14111
13236,14112
13236,14113
13236,14114
13236,14115
13236,14116
13236,14117
13236,14118
13236,14119
13236,14120
13236,14121
13236,14122
13236,14123
13236,14124
13236,14125
13236,14126
13236,14127
13236,14128
13236,14129
13236,14130
13236,14131
13236,14132
13236,14133
13236,14134
13236,14135
13236,14136
13236,14137
13236,14138
13236,14139
13236,14140
13236,14141
13236,14142
13236,14143
13236,14144
13236,14145
13236,14146
13236,14147
13236,14148
13236,14149
13236,14150
13236,14151
13236,14152
13236,14153
13236,14154
13236,14155
13236,14156
13236,14157
13236,14158
13236,14159
13236,14160
13236,14161
13236,14162
13236,14163
13236,14164
13236,14165
13236,14166
13236,14167
13236,14168
13236,14169
13236,14170
13236,14171
13236,14172
13236,14173
13236,14174
13236,14175
13236,14176
13236,14177
13236,14178
13236,14179
13236,14180
13236,14181
13236,14182
13236,14183
13236,14184
13236,14185
13236,14186
13236,14187
13236,14188
13236,14189
13236,14190
13236,14191
13236,14192
13236,14193
13236,14194
13236,14195
13236,14196
13236,14197
13236,14198
13236,14199
13236,14200
13236,14201
13236,14202
13236,14203
13236,14204
13236,14205
13236,14206
13237,13998
13237,13999
13237,14000
13237,14001
13237,14002
13237,14003
13237,14004
13237,14005
13237,14006
13237,14007
13237,14008
13237,14009
13237,14010
13237,14011
13237,14012
13237,14013
13237,14014
13237,14015
13237,14016
13237,14017
13237,14018
13237,14019
13237,14020
13237,14021
13237,14022
13237,14023
13237,14024
13237,14025
13237,14026
13237,14027
13237,14028
13237,14029
13237,14030
13237,14031
13237,14032
13237,14033
13237,14034
13237,14035
13237,14036
13237,14037
13237,14038
13237,14039
13237,14040
13237,14041
13237,14042
13237,14043
13237,14044
13237,14045
13237,14046
13237,14047
13237,14048
13237,14049
13237,14050
13237,14051
13237,14052
13237,14053
13237,14054
13237,14055
13237,14056
13237,14057
13237,14058
13237,14059
13237,14060
13237,14061
13237,14062
13237,14063
13237,14064
13237,14065
13237,14066
13237,14067
13237,14068
13237,14069
13237,14070
13237,14071
13237,14072
13237,14073
13237,14074
13237,14075
13237,14076
13237,14077
13237,14078
13237,14079
13237,14080
13237,14081
13237,14082
13237,14083
13237,14084
13237,14085
13237,14086
13237,14087
13237,14088
13237,14089
13237,14090
13237,14091
13237,14092
13237,14093
13237,14094
13237,14095
13237,14096
13237,14097
13237,14098
13237,14099
13237,14100
13237,14101
13237,14102
13237,14103
13237,14104
13237,14105
13237,14106
13237,14107
13237,14108
13237,14109
13237,14110
13237,14111
13237,14112
13237,14113
13237,14114
13237,14115
13237,14116
13237,14117
13237,14118
13237,14119
13237,14120
13237,14121
13237,14122
13237,14123
13237,14124
13237,14125
13237,14126
13237,14127
13237,14128
13237,14129
13237,14130
13237,14131
13237,14132
13237,14133
13237,14134
13237,14135
13237,14136
13237,14137
13237,14138
13237,14139
13237,14140
13237,14141
13237,14142
13237,14143
13237,14144
13237,14145
13237,14146
13237,14147
13237,14148
13237,14149
13237,14150
13237,14151
13237,14152
13237,14153
13237,14154
13237,14155
13237,14156
13237,14157
13237,14158
13237,14159
13237,14160
13237,14161
13237,14162
13237,14163
13237,14164
13237,14165
13237,14166
13237,14167
13237,14168
13237,14169
13237,14170
13237,14171
13237,14172
13237,14173
13237,14174
13237,14175
13237,14176
13237,14177
13237,14178
13237,14179
13237,14180
13237,14181
13237,14182
13237,14183
13237,14184
13237,14185
13237,14186
13237,14187
13237,14188
13237,14189
13237,14190
13237,14191
13237,14192
13237,14193
13237,14194
13237,14195
13237,14196
13237,14197
13237,14198
13237,14199
13237,14200
13237,14201
13237,14202
13237,14203
13237,14204
13237,14205
13238,14000
13238,14001
13238,14002
13238,14003
13238,14004
13238,14005
13238,14006
13238,14007
13238,14008
13238,14009
13238,14010
13238,14011
13238,14012
13238,14013
13238,14014
13238,14015
13238,14016
13238,14017
13238,14018
13238,14019
13238,14020
13238,14021
13238,14022
13238,14023
13238,14024
13238,14025
13238,14026
13238,14027
13238,14028
13238,14029
13238,14030
13238,14031
13238,14032
13238,14033
13238,14034
13238,14035
13238,14036
13238,14037
13238,14038
13238,14039
13238,14040
13238,14041
13238,14042
13238,14043
13238,14044
13238,14045
13238,14046
13238,14047
13238,14048
13238,14049
13238,14050
13238,14051
13238,14052
13238,14053
13238,14054
13238,14055
13238,14056
13238,14057
13238,14058
13238,14059
13238,14060
13238,14061
13238,14062
13238,14063
13238,14064
13238,14065
13238,14066
13238,14067
13238,14068
13238,14069
13238,14070
13238,14071
13238,14072
13238,14073
13238,14074
13238,14075
13238,14076
13238,14077
13238,14078
13238,14079
13238,14080
13238,14081
13238,14082
13238,14083
13238,14084
13238,14085
13238,14086
13238,14087
13238,14088
13238,14089
13238,14090
13238,14091
13238,14092
13238,14093
13238,14094
13238,14095
13238,14096
13238,14097
13238,14098
13238,14099
13238,14100
13238,14101
13238,14102
13238,14103
13238,14104
13238,14105
13238,14106
13238,14107
13238,14108
13238,14109
13238,14110
13238,14111
13238,14112
13238,14113
13238,14114
13238,14115
13238,14116
13238,14117
13238,14118
13238,14119
13238,14120
13238,14121
13238,14122
13238,14123
13238,14124
13238,14125
13238,14126
13238,14127
13238,14128
13238,14129
13238,14130
13238,14131
13238,14132
13238,14133
13238,14134
13238,14135
13238,14136
13238,14137
13238,14138
13238,14139
13238,14140
13238,14141
13238,14142
13238,14143
13238,14144
13238,14145
13238,14146
13238,14147
13238,14148
13238,14149
13238,14150
13238,14151
13238,14152
13238,14153
13238,14154
13238,14155
13238,14156
13238,14157
13238,14158
13238,14159
13238,14160
13238,14161
13238,14162
13238,14163
13238,14164
13238,14165
13238,14166
13238,14167
13238,14168
13238,14169
13238,14170
13238,14171
13238,14172
13238,14173
13238,14174
13238,14175
13238,14176
13238,14177
13238,14178
13238,14179
13238,14180
13238,14181
13238,14182
13238,14183
13238,14184
13238,14185
13238,14186
13238,14187
13238,14188
13238,14189
13238,14190
13238,14191
13238,14192
13238,14193
13238,14194
13238,14195
13238,14196
13238,14197
13238,14198
13238,14199
13238,14200
13238,14201
13238,14202
13238,14203
13238,14204
13238,14205
13239,14001
13239,14002
13239,14003
13239,14004
13239,14005
13239,14006
13239,14007
13239,14011
13239,14012
13239,14013
13239,14014
13239,14015
13239,14016
13239,14017
13239,14018
13239,14019
13239,14020
13239,14021
13239,14022
13239,14023
13239,14024
13239,14025
13239,14026
13239,14027
13239,14028
13239,14029
13239,14030
13239,14031
13239,14032
13239,14033
13239,14034
13239,14035
13239,14036
13239,14037
13239,14038
13239,14039
13239,14040
13239,14041
13239,14042
13239,14043
13239,14044
13239,14045
13239,14046
13239,14047
13239,14048
13239,14049
13239,14050
13239,14051
13239,14052
13239,14053
13239,14054
13239,14055
13239,14056
13239,14057
13239,14058
13239,14059
13239,14060
13239,14061
13239,14062
13239,14063
13239,14064
13239,14065
13239,14066
13239,14067
13239,14068
13239,14069
13239,14070
13239,14071
13239,14072
13239,14073
13239,14074
13239,14075
13239,14076
13239,14077
13239,14078
13239,14079
13239,14080
13239,14081
13239,14082
13239,14083
13239,14084
13239,14085
13239,14086
13239,14087
13239,14088
13239,14089
13239,14090
13239,14091
13239,14092
13239,14093
13239,14094
13239,14095
13239,14096
13239,14097
13239,14098
13239,14099
13239,14100
13239,14101
13239,14102
13239,14103
13239,14104
13239,14105
13239,14106
13239,14107
13239,14108
13239,14109
13239,14110
13239,14111
13239,14112
13239,14113
13239,14114
13239,14115
13239,14116
13239,14117
13239,14118
13239,14119
13239,14120
13239,14121
13239,14122
13239,14123
13239,14124
13239,14125
13239,14126
13239,14127
13239,14128
13239,14129
13239,14130
13239,14131
13239,14132
13239,14133
13239,14134
13239,14135
13239,14136
13239,14137
13239,14138
13239,14139
13239,14140
13239,14141
13239,14142
13239,14143
13239,14144
13239,14145
13239,14146
13239,14147
13239,14148
13239,14149
13239,14150
13239,14151
13239,14152
13239,14153
13239,14154
13239,14155
13239,14156
13239,14157
13239,14158
13239,14159
13239,14160
13239,14161
13239,14162
13239,14163
13239,14164
13239,14165
13239,14166
13239,14167
13239,14168
13239,14169
13239,14170
13239,14171
13239,14172
13239,14173
13239,14174
13239,14175
13239,14176
13239,14177
13239,14178
13239,14179
13239,14180
13239,14181
13239,14182
13239,14183
13239,14184
13239,14185
13239,14186
13239,14187
13239,14188
13239,14189
13239,14190
13239,14191
13239,14192
13239,14193
13239,14194
13239,14195
13239,14196
13239,14197
13239,14198
13239,14199
13239,14200
13239,14201
13239,14202
13239,14203
13239,14204
13240,14004
13240,14014
13240,14017
13240,14018
13240,14019
13240,14020
13240,14021
13240,14022
13240,14023
13240,14024
13240,14025
13240,14026
13240,14027
13240,14028
13240,14029
13240,14030
13240,14031
13240,14032
13240,14033
13240,14034
13240,14035
13240,14036
13240,14037
13240,14038
13240,14039
13240,14040
13240,14041
13240,14042
13240,14043
13240,14044
13240,14045
13240,14046
13240,14047
13240,14048
13240,14049
13240,14050
13240,14051
13240,14052
13240,14053
13240,14054
13240,14055
13240,14056
13240,14057
13240,14058
13240,14059
13240,14060
13240,14061
13240,14062
13240,14063
13240,14064
13240,14065
13240,14066
13240,14067
13240,14068
13240,14069
13240,14070
13240,14071
13240,14072
13240,14073
13240,14074
13240,14075
13240,14076
13240,14077
13240,14078
13240,14079
13240,14080
13240,14081
13240,14082
13240,14083
13240,14084
13240,14085
13240,14086
13240,14087
13240,14088
13240,14089
13240,14090
13240,14091
13240,14092
13240,14093
13240,14094
13240,14095
13240,14096
13240,14097
13240,14098
13240,14099
13240,14100
13240,14101
13240,14102
13240,14103
13240,14104
13240,14105
13240,14106
13240,14107
13240,14108
13240,14109
13240,14110
13240,14111
13240,14112
13240,14113
13240,14114
13240,14115
13240,14116
13240,14117
13240,14118
13240,14119
13240,14120
13240,14121
13240,14122
13240,14123
13240,14124
13240,14125
13240,14126
13240,14127
13240,14128
13240,14129
13240,14130
13240,14131
13240,14132
13240,14133
13240,14134
13240,14135
13240,14136
13240,14137
13240,14138
13240,14139
13240,14140
13240,14141
13240,14142
13240,14143
13240,14144
13240,14145
13240,14146
13240,14147
13240,14148
13240,14149
13240,14150
13240,14151
13240,14152
13240,14153
13240,14154
13240,14155
13240,14156
13240,14157
13240,14158
13240,14159
13240,14160
13240,14161
13240,14162
13240,14163
13240,14164
13240,14165
13240,14166
13240,14167
13240,14168
13240,14169
13240,14170
13240,14171
13240,14172
13240,14173
13240,14174
13240,14175
13240,14176
13240,14177
13240,14178
13240,14179
13240,14180
13240,14181
13240,14182
13240,14183
13240,14184
13240,14185
13240,14186
13240,14187
13240,14188
13240,14189
13240,14190
13240,14191
13240,14192
13240,14193
13240,14194
13240,14195
13240,14196
13240,14197
13240,14198
13240,14199
13240,14200
13240,14201
13240,14202
13240,14203
13241,14019
13241,14020
13241,14021
13241,14022
13241,14023
13241,14024
13241,14025
13241,14026
13241,14027
13241,14028
13241,14029
13241,14030
13241,14031
13241,14032
13241,14033
13241,14034
13241,14035
13241,14036
13241,14037
13241,14038
13241,14039
13241,14040
13241,14041
13241,14042
13241,14043
13241,14044
13241,14045
13241,14046
13241,14047
13241,14048
13241,14049
13241,14050
13241,14051
13241,14052
13241,14053
13241,14054
13241,14055
13241,14056
13241,14057
13241,14058
13241,14059
13241,14060
13241,14061
13241,14062
13241,14063
13241,14064
13241,14065
13241,14066
13241,14067
13241,14068
13241,14069
13241,14070
13241,14071
13241,14072
13241,14073
13241,14074
13241,14075
13241,14076
13241,14077
13241,14078
13241,14079
13241,14080
13241,14081
13241,14082
13241,14083
13241,14084
13241,14085
13241,14086
13241,14087
13241,14088
13241,14089
13241,14090
13241,14091
13241,14092
13241,14093
13241,14094
13241,14095
13241,14096
13241,14097
13241,14098
13241,14099
13241,14100
13241,14101
13241,14102
13241,14103
13241,14104
13241,14105
13241,14106
13241,14107
13241,14108
13241,14109
13241,14110
13241,14111
13241,14112
13241,14113
13241,14114
13241,14115
13241,14116
13241,14117
13241,14118
13241,14119
13241,14120
13241,14121
13241,14122
13241,14123
13241,14124
13241,14125
13241,14126
13241,14127
13241,14128
13241,14129
13241,14130
13241,14131
13241,14132
13241,14133
13241,14134
13241,14135
13241,14136
13241,14137
13241,14138
13241,14139
13241,14140
13241,14141
13241,14142
13241,14143
13241,14144
13241,14145
13241,14146
13241,14147
13241,14148
13241,14149
13241,14150
13241,14151
13241,14152
13241,14153
13241,14154
13241,14155
13241,14156
13241,14157
13241,14158
13241,14159
13241,14160
13241,14161
13241,14162
13241,14163
13241,14164
13241,14165
13241,14166
13241,14167
13241,14168
13241,14169
13241,14170
13241,14171
13241,14172
13241,14173
13241,14174
13241,14175
13241,14176
13241,14177
13241,14178
13241,14179
13241,14180
13241,14181
13241,14182
13241,14183
13241,14184
13241,14185
13241,14186
13241,14187
13241,14188
13241,14189
13241,14190
13241,14191
13241,14192
13241,14193
13241,14194
13241,14195
13241,14196
13241,14197
13241,14198
13241,14199
13241,14200
13241,14201
13241,14202
13242,14020
13242,14021
13242,14022
13242,14023
13242,14024
13242,14025
13242,14026
13242,14027
13242,14028
13242,14029
13242,14030
13242,14031
13242,14032
13242,14033
13242,14034
13242,14035
13242,14036
13242,14037
13242,14038
13242,14039
13242,14040
13242,14041
13242,14042
13242,14043
13242,14044
13242,14045
13242,14046
13242,14047
13242,14048
13242,14049
13242,14050
13242,14051
13242,14052
13242,14053
13242,14054
13242,14055
13242,14056
13242,14057
13242,14058
13242,14059
13242,14060
13242,14061
13242,14062
13242,14063
13242,14064
13242,14065
13242,14066
13242,14067
13242,14068
13242,14069
13242,14070
13242,14071
13242,14072
13242,14073
13242,14074
13242,14075
13242,14076
13242,14077
13242,14078
13242,14079
13242,14080
13242,14081
13242,14082
13242,14083
13242,14084
13242,14085
13242,14086
13242,14087
13242,14088
13242,14089
13242,14090
13242,14091
13242,14092
13242,14093
13242,14094
13242,14095
13242,14096
13242,14097
13242,14098
13242,14099
13242,14100
13242,14101
13242,14102
13242,14103
13242,14104
13242,14105
13242,14106
13242,14107
13242,14108
13242,14109
13242,14110
13242,14111
13242,14112
13242,14113
13242,14114
13242,14115
13242,14116
13242,14117
13242,14118
13242,14119
13242,14120
13242,14121
13242,14122
13242,14123
13242,14124
13242,14125
13242,14126
13242,14127
13242,14128
13242,14129
13242,14130
13242,14131
13242,14132
13242,14133
13242,14134
13242,14135
13242,14136
13242,14137
13242,14138
13242,14139
13242,14140
13242,14141
13242,14142
13242,14143
13242,14144
13242,14145
13242,14146
13242,14147
13242,14148
13242,14149
13242,14150
13242,14151
13242,14152
13242,14153
13242,14154
13242,14155
13242,14156
13242,14157
13242,14158
13242,14159
13242,14160
13242,14161
13242,14162
13242,14163
13242,14164
13242,14165
13242,14166
13242,14167
13242,14168
13242,14169
13242,14170
13242,14171
13242,14172
13242,14173
13242,14174
13242,14175
13242,14176
13242,14177
13242,14178
13242,14179
13242,14180
13242,14181
13242,14182
13242,14183
13242,14184
13242,14185
13242,14186
13242,14187
13242,14188
13242,14189
13242,14190
13242,14191
13242,14192
13242,14193
13242,14194
13242,14195
13242,14196
13242,14197
13242,14198
13242,14199
13242,14200
13242,14201
13243,14021
13243,14022
13243,14023
13243,14024
13243,14025
13243,14026
13243,14027
13243,14028
13243,14029
13243,14030
13243,14031
13243,14032
13243,14033
13243,14034
13243,14035
13243,14036
13243,14037
13243,14038
13243,14039
13243,14040
13243,14041
13243,14042
13243,14043
13243,14044
13243,14045
13243,14046
13243,14047
13243,14048
13243,14049
13243,14050
13243,14051
13243,14052
13243,14053
13243,14054
13243,14055
13243,14056
13243,14057
13243,14058
13243,14059
13243,14060
13243,14061
13243,14062
13243,14063
13243,14064
13243,14065
13243,14066
13243,14067
13243,14068
13243,14069
13243,14070
13243,14071
13243,14072
13243,14073
13243,14074
13243,14075
13243,14076
13243,14077
13243,14078
13243,14079
13243,14080
13243,14081
13243,14082
13243,14083
13243,14084
13243,14085
13243,14086
13243,14087
13243,14088
13243,14089
13243,14090
13243,14091
13243,14092
13243,14093
13243,14094
13243,14095
13243,14096
13243,14097
13243,14098
13243,14099
13243,14100
13243,14101
13243,14102
13243,14103
13243,14104
13243,14105
13243,14106
13243,14107
13243,14108
13243,14109
13243,14110
13243,14111
13243,14112
13243,14113
13243,14114
13243,14115
13243,14116
13243,14117
13243,14118
13243,14119
13243,14120
13243,14121
13243,14122
13243,14123
13243,14124
13243,14125
13243,14126
13243,14127
13243,14128
13243,14129
13243,14130
13243,14131
13243,14132
13243,14133
13243,14134
13243,14135
13243,14136
13243,14137
13243,14138
13243,14139
13243,14140
13243,14141
13243,14142
13243,14143
13243,14144
13243,14145
13243,14146
13243,14147
13243,14148
13243,14149
13243,14150
13243,14151
13243,14152
13243,14153
13243,14154
13243,14155
13243,14156
13243,14157
13243,14158
13243,14159
13243,14160
13243,14161
13243,14162
13243,14163
13243,14164
13243,14165
13243,14166
13243,14167
13243,14168
13243,14169
13243,14170
13243,14171
13243,14172
13243,14173
13243,14174
13243,14175
13243,14176
13243,14177
13243,14178
13243,14179
13243,14180
13243,14181
13243,14182
13243,14183
13243,14184
13243,14185
13243,14186
13243,14187
13243,14188
13243,14189
13243,14190
13243,14191
13243,14192
13243,14193
13243,14194
13243,14195
13243,14196
13243,14197
13243,14198
13243,14199
13243,14200
13244,14021
13244,14022
13244,14023
13244,14024
13244,14025
13244,14026
13244,14027
13244,14028
13244,14029
13244,14030
13244,14031
13244,14032
13244,14033
13244,14034
13244,14035
13244,14036
13244,14037
13244,14038
13244,14039
13244,14040
13244,14041
13244,14042
13244,14043
13244,14044
13244,14045
13244,14046
13244,14047
13244,14048
13244,14049
13244,14050
13244,14051
13244,14052
13244,14053
13244,14054
13244,14055
13244,14056
13244,14057
13244,14058
13244,14059
13244,14060
13244,14061
13244,14062
13244,14063
13244,14064
13244,14065
13244,14066
13244,14067
13244,14068
13244,14069
13244,14070
13244,14071
13244,14072
13244,14073
13244,14074
13244,14075
13244,14076
13244,14077
13244,14078
13244,14079
13244,14080
13244,14081
13244,14082
13244,14083
13244,14084
13244,14085
13244,14086
13244,14087
13244,14088
13244,14089
13244,14090
13244,14091
13244,14092
13244,14093
13244,14094
13244,14095
13244,14096
13244,14097
13244,14098
13244,14099
13244,14100
13244,14101
13244,14102
13244,14103
13244,14104
13244,14105
13244,14106
13244,14107
13244,14108
13244,14109
13244,14110
13244,14111
13244,14112
13244,14113
13244,14114
13244,14115
13244,14116
13244,14117
13244,14118
13244,14119
13244,14120
13244,14121
13244,14122
13244,14123
13244,14124
13244,14125
13244,14126
13244,14127
13244,14128
13244,14129
13244,14130
13244,14131
13244,14132
13244,14133
13244,14134
13244,14135
13244,14136
13244,14137
13244,14138
13244,14139
13244,14140
13244,14141
13244,14142
13244,14143
13244,14144
13244,14145
13244,14146
13244,14147
13244,14148
13244,14149
13244,14150
13244,14151
13244,14152
13244,14153
13244,14154
13244,14155
13244,14156
13244,14157
13244,14158
13244,14159
13244,14160
13244,14161
13244,14162
13244,14163
13244,14164
13244,14165
13244,14166
13244,14167
13244,14168
13244,14169
13244,14170
13244,14171
13244,14172
13244,14173
13244,14174
13244,14175
13244,14176
13244,14177
13244,14178
13244,14179
13244,14180
13244,14181
13244,14182
13244,14183
13244,14184
13244,14185
13244,14186
13244,14187
13244,14188
13244,14189
13244,14190
13244,14191
13244,14192
13244,14193
13244,14194
13244,14195
13244,14196
13244,14197
13244,14198
13244,14199
13245,14022
13245,14023
13245,14024
13245,14025
13245,14026
13245,14027
13245,14028
13245,14029
13245,14030
13245,14031
13245,14032
13245,14033
13245,14034
13245,14035
13245,14036
13245,14037
13245,14038
13245,14039
13245,14040
13245,14041
13245,14042
13245,14043
13245,14044
13245,14045
13245,14046
13245,14047
13245,14048
13245,14049
13245,14050
13245,14051
13245,14052
13245,14053
13245,14054
13245,14055
13245,14056
13245,14057
13245,14058
13245,14059
13245,14060
13245,14061
13245,14062
13245,14063
13245,14064
13245,14065
13245,14066
13245,14067
13245,14068
13245,14069
13245,14070
13245,14071
13245,14072
13245,14073
13245,14074
13245,14075
13245,14076
13245,14077
13245,14078
13245,14079
13245,14080
13245,14081
13245,14082
13245,14083
13245,14084
13245,14085
13245,14086
13245,14087
13245,14088
13245,14089
13245,14090
13245,14091
13245,14092
13245,14093
13245,14094
13245,14095
13245,14096
13245,14097
13245,14098
13245,14099
13245,14100
13245,14101
13245,14102
13245,14103
13245,14104
13245,14105
13245,14106
13245,14107
13245,14108
13245,14109
13245,14110
13245,14111
13245,14112
13245,14113
13245,14114
13245,14115
13245,14116
13245,14117
13245,14118
13245,14119
13245,14120
13245,14121
13245,14122
13245,14123
13245,14124
13245,14125
13245,14126
13245,14127
13245,14128
13245,14129
13245,14130
13245,14131
13245,14132
13245,14133
13245,14134
13245,14135
13245,14136
13245,14137
13245,14138
13245,14139
13245,14140
13245,14141
13245,14142
13245,14143
13245,14144
13245,14145
13245,14146
13245,14147
13245,14148
13245,14149
13245,14150
13245,14151
13245,14152
13245,14153
13245,14154
13245,14155
13245,14156
13245,14157
13245,14158
13245,14159
13245,14160
13245,14161
13245,14162
13245,14163
13245,14164
13245,14165
13245,14166
13245,14167
13245,14168
13245,14169
13245,14170
13245,14171
13245,14172
13245,14173
13245,14174
13245,14175
13245,14176
13245,14177
13245,14178
13245,14179
13245,14180
13245,14181
13245,14182
13245,14183
13245,14184
13245,14185
13245,14186
13245,14187
13245,14188
13245,14189
13245,14190
13245,14191
13245,14192
13245,14193
13245,14194
13245,14195
13245,14196
13245,14197
13245,14198
13246,14023
13246,14024
13246,14025
13246,14026
13246,14027
13246,14028
13246,14029
13246,14030
13246,14031
13246,14032
13246,14033
13246,14034
13246,14035
13246,14036
13246,14037
13246,14038
13246,14039
13246,14040
13246,14041
13246,14042
13246,14043
13246,14044
13246,14045
13246,14046
13246,14047
13246,14048
13246,14049
13246,14050
13246,14051
13246,14052
13246,14053
13246,14054
13246,14055
13246,14056
13246,14057
13246,14058
13246,14059
13246,14060
13246,14061
13246,14062
13246,14063
13246,14064
13246,14065
13246,14066
13246,14067
13246,14068
13246,14069
13246,14070
13246,14071
13246,14072
13246,14073
13246,14074
13246,14075
13246,14076
13246,14077
13246,14078
13246,14079
13246,14080
13246,14081
13246,14082
13246,14083
13246,14084
13246,14085
13246,14086
13246,14087
13246,14088
13246,14089
13246,14090
13246,14091
13246,14092
13246,14093
13246,14094
13246,14095
13246,14096
13246,14097
13246,14098
13246,14099
13246,14100
13246,14101
13246,14102
13246,14103
13246,14104
13246,14105
13246,14106
13246,14107
13246,14108
13246,14109
13246,14110
13246,14111
13246,14112
13246,14113
13246,14114
13246,14115
13246,14116
13246,14117
13246,14118
13246,14119
13246,14120
13246,14121
13246,14122
13246,14123
13246,14124
13246,14125
13246,14126
13246,14127
13246,14128
13246,14129
13246,14130
13246,14131
13246,14132
13246,14133
13246,14134
13246,14135
13246,14136
13246,14137
13246,14138
13246,14139
13246,14140
13246,14141
13246,14142
13246,14143
13246,14144
13246,14145
13246,14146
13246,14147
13246,14148
13246,14149
13246,14150
13246,14151
13246,14152
13246,14153
13246,14154
13246,14155
13246,14156
13246,14157
13246,14158
13246,14159
13246,14160
13246,14161
13246,14162
13246,14163
13246,14164
13246,14165
13246,14166
13246,14167
13246,14168
13246,14169
13246,14170
13246,14171
13246,14172
13246,14173
13246,14174
13246,14175
13246,14176
13246,14177
13246,14178
13246,14179
13246,14180
13246,14181
13246,14182
13246,14183
13246,14184
13246,14185
13246,14186
13246,14187
13246,14188
13246,14189
13246,14190
13246,14191
13246,14192
13246,14193
13246,14194
13246,14195
13246,14196
13246,14197
13246,14198
13247,14025
13247,14026
13247,14027
13247,14028
13247,14029
13247,14030
13247,14031
13247,14032
13247,14033
13247,14034
13247,14035
13247,14036
13247,14037
13247,14038
13247,14039
13247,14040
13247,14041
13247,14042
13247,14043
13247,14044
13247,14045
13247,14046
13247,14047
13247,14048
13247,14049
13247,14050
13247,14051
13247,14052
13247,14053
13247,14054
13247,14055
13247,14056
13247,14057
13247,14058
13247,14059
13247,14060
13247,14061
13247,14062
13247,14063
13247,14064
13247,14065
13247,14066
13247,14067
13247,14068
13247,14069
13247,14070
13247,14071
13247,14072
13247,14073
13247,14074
13247,14075
13247,14076
13247,14077
13247,14078
13247,14079
13247,14080
13247,14081
13247,14082
13247,14083
13247,14084
13247,14085
13247,14086
13247,14087
13247,14088
13247,14089
13247,14090
13247,14091
13247,14092
13247,14093
13247,14094
13247,14095
13247,14096
13247,14097
13247,14098
13247,14099
13247,14100
13247,14101
13247,14102
13247,14103
13247,14104
13247,14105
13247,14106
13247,14107
13247,14108
13247,14109
13247,14110
13247,14111
13247,14112
13247,14113
13247,14114
13247,14115
13247,14116
13247,14117
13247,14118
13247,14119
13247,14120
13247,14121
13247,14122
13247,14123
13247,14124
13247,14125
13247,14126
13247,14127
13247,14128
13247,14129
13247,14130
13247,14131
13247,14132
13247,14133
13247,14134
13247,14135
13247,14136
13247,14137
13247,14138
13247,14139
13247,14140
13247,14141
13247,14142
13247,14143
13247,14144
13247,14145
13247,14146
13247,14147
13247,14148
13247,14149
13247,14150
13247,14151
13247,14152
13247,14153
13247,14154
13247,14155
13247,14156
13247,14157
13247,14158
13247,14159
13247,14160
13247,14161
13247,14162
13247,14163
13247,14164
13247,14165
13247,14166
13247,14167
13247,14168
13247,14169
13247,14170
13247,14171
13247,14172
13247,14173
13247,14174
13247,14175
13247,14176
13247,14177
13247,14178
13247,14179
13247,14180
13247,14181
13247,14182
13247,14183
13247,14184
13247,14185
13247,14186
13247,14187
13247,14188
13247,14189
13247,14190
13247,14191
13247,14192
13247,14193
13247,14194
13247,14195
13247,14196
13247,14197
13247,14198
13248,14026
13248,14027
13248,14028
13248,14029
13248,14030
13248,14031
13248,14032
13248,14033
13248,14034
13248,14035
13248,14036
13248,14037
13248,14038
13248,14039
13248,14040
13248,14041
13248,14042
13248,14043
13248,14044
13248,14045
13248,14046
13248,14047
13248,14048
13248,14049
13248,14050
13248,14051
13248,14052
13248,14053
13248,14054
13248,14055
13248,14056
13248,14057
13248,14058
13248,14059
13248,14060
13248,14061
13248,14062
13248,14063
13248,14064
13248,14065
13248,14066
13248,14067
13248,14068
13248,14069
13248,14070
13248,14071
13248,14072
13248,14073
13248,14074
13248,14075
13248,14076
13248,14077
13248,14078
13248,14079
13248,14080
13248,14081
13248,14082
13248,14083
13248,14084
13248,14085
13248,14086
13248,14087
13248,14088
13248,14089
13248,14090
13248,14091
13248,14092
13248,14093
13248,14094
13248,14095
13248,14096
13248,14097
13248,14098
13248,14099
13248,14100
13248,14101
13248,14102
13248,14103
13248,14104
13248,14105
13248,14106
13248,14107
13248,14108
13248,14109
13248,14110
13248,14111
13248,14112
13248,14113
13248,14114
13248,14115
13248,14116
13248,14117
13248,14118
13248,14119
13248,14120
13248,14121
13248,14122
13248,14123
13248,14124
13248,14125
13248,14126
13248,14127
13248,14128
13248,14129
13248,14130
13248,14131
13248,14132
13248,14133
13248,14134
13248,14135
13248,14136
13248,14137
13248,14138
13248,14139
13248,14140
13248,14141
13248,14142
13248,14143
13248,14144
13248,14145
13248,14146
13248,14147
13248,14148
13248,14149
13248,14150
13248,14151
13248,14152
13248,14153
13248,14154
13248,14155
13248,14156
13248,14157
13248,14158
13248,14159
13248,14160
13248,14161
13248,14162
13248,14163
13248,14164
13248,14165
13248,14166
13248,14167
13248,14168
13248,14169
13248,14170
13248,14171
13248,14172
13248,14173
13248,14174
13248,14175
13248,14176
13248,14177
13248,14178
13248,14179
13248,14180
13248,14181
13248,14182
13248,14183
13248,14184
13248,14185
13248,14186
13248,14187
13248,14188
13248,14189
13248,14190
13248,14191
13248,14192
13248,14193
13248,14194
13248,14195
13248,14196
13248,14197
13249,14026
13249,14027
13249,14028
13249,14029
13249,14030
13249,14031
13249,14032
13249,14033
13249,14034
13249,14035
13249,14036
13249,14037
13249,14038
13249,14039
13249,14040
13249,14041
13249,14042
13249,14043
13249,14044
13249,14045
13249,14046
13249,14047
13249,14048
13249,14049
13249,14050
13249,14051
13249,14052
13249,14053
13249,14054
13249,14055
13249,14056
13249,14057
13249,14058
13249,14059
13249,14060
13249,14061
13249,14062
13249,14063
13249,14064
13249,14065
13249,14066
13249,14067
13249,14068
13249,14069
13249,14070
13249,14071
13249,14072
13249,14073
13249,14074
13249,14075
13249,14076
13249,14077
13249,14078
13249,14079
13249,14080
13249,14081
13249,14082
13249,14083
13249,14084
13249,14085
13249,14086
13249,14087
13249,14088
13249,14089
13249,14090
13249,14091
13249,14092
13249,14093
13249,14094
13249,14095
13249,14096
13249,14097
13249,14098
13249,14099
13249,14100
13249,14101
13249,14102
13249,14103
13249,14104
13249,14105
13249,14106
13249,14107
13249,14108
13249,14109
13249,14110
13249,14111
13249,14112
13249,14113
13249,14114
13249,14115
13249,14116
13249,14117
13249,14118
13249,14119
13249,14120
13249,14121
13249,14122
13249,14123
13249,14124
13249,14125
13249,14126
13249,14127
13249,14128
13249,14129
13249,14130
13249,14131
13249,14132
13249,14133
13249,14134
13249,14135
13249,14136
13249,14137
13249,14138
13249,14139
13249,14140
13249,14141
13249,14142
13249,14143
13249,14144
13249,14145
13249,14146
13249,14147
13249,14148
13249,14149
13249,14150
13249,14151
13249,14152
13249,14153
13249,14154
13249,14155
13249,14156
13249,14157
13249,14158
13249,14159
13249,14160
13249,14161
13249,14162
13249,14163
13249,14164
13249,14165
13249,14166
13249,14167
13249,14168
13249,14169
13249,14170
13249,14171
13249,14172
13249,14173
13249,14174
13249,14175
13249,14176
13249,14177
13249,14178
13249,14179
13249,14180
13249,14181
13249,14182
13249,14183
13249,14184
13249,14185
13249,14186
13249,14187
13249,14188
13249,14189
13249,14190
13249,14191
13249,14192
13249,14193
13249,14194
13249,14195
13249,14196
13249,14197
13250,14026
13250,14027
13250,14028
13250,14029
13250,14030
13250,14031
13250,14032
13250,14033
13250,14034
13250,14035
13250,14036
13250,14037
13250,14038
13250,14039
13250,14040
13250,14041
13250,14042
13250,14043
13250,14044
13250,14045
13250,14046
13250,14047
13250,14048
13250,14049
13250,14050
13250,14051
13250,14052
13250,14053
13250,14054
13250,14055
13250,14056
13250,14057
13250,14058
13250,14059
13250,14060
13250,14061
13250,14062
13250,14063
13250,14064
13250,14065
13250,14066
13250,14067
13250,14068
13250,14069
13250,14070
13250,14071
13250,14072
13250,14073
13250,14074
13250,14075
13250,14076
13250,14077
13250,14078
13250,14079
13250,14080
13250,14081
13250,14082
13250,14083
13250,14084
13250,14085
13250,14086
13250,14087
13250,14088
13250,14089
13250,14090
13250,14091
13250,14092
13250,14093
13250,14094
13250,14095
13250,14096
13250,14097
13250,14098
13250,14099
13250,14100
13250,14101
13250,14102
13250,14103
13250,14104
13250,14105
13250,14106
13250,14107
13250,14108
13250,14109
13250,14110
13250,14111
13250,14112
13250,14113
13250,14114
13250,14115
13250,14116
13250,14117
13250,14118
13250,14119
13250,14120
13250,14121
13250,14122
13250,14123
13250,14124
13250,14125
13250,14126
13250,14127
13250,14128
13250,14129
13250,14130
13250,14131
13250,14132
13250,14133
13250,14134
13250,14135
13250,14136
13250,14137
13250,14138
13250,14139
13250,14140
13250,14141
13250,14142
13250,14143
13250,14144
13250,14145
13250,14146
13250,14147
13250,14148
13250,14149
13250,14150
13250,14151
13250,14152
13250,14153
13250,14154
13250,14155
13250,14156
13250,14157
13250,14158
13250,14159
13250,14160
13250,14161
13250,14162
13250,14163
13250,14164
13250,14165
13250,14166
13250,14167
13250,14168
13250,14169
13250,14170
13250,14171
13250,14172
13250,14173
13250,14174
13250,14175
13250,14176
13250,14177
13250,14178
13250,14179
13250,14180
13250,14181
13250,14182
13250,14183
13250,14184
13250,14185
13250,14186
13250,14187
13250,14188
13250,14189
13250,14190
13250,14191
13250,14192
13250,14193
13250,14194
13250,14195
13250,14196
13250,14197
13251,14027
13251,14028
13251,14029
13251,14030
13251,14031
13251,14032
13251,14033
13251,14034
13251,14035
13251,14036
13251,14037
13251,14038
13251,14039
13251,14040
13251,14041
13251,14042
13251,14043
13251,14044
13251,14045
13251,14046
13251,14047
13251,14048
13251,14049
13251,14050
13251,14051
13251,14052
13251,14053
13251,14054
13251,14055
13251,14056
13251,14057
13251,14058
13251,14059
13251,14060
13251,14061
13251,14062
13251,14063
13251,14064
13251,14065
13251,14066
13251,14067
13251,14068
13251,14069
13251,14070
13251,14071
13251,14072
13251,14073
13251,14074
13251,14075
13251,14076
13251,14077
13251,14078
13251,14079
13251,14080
13251,14081
13251,14082
13251,14083
13251,14084
13251,14085
13251,14086
13251,14087
13251,14088
13251,14089
13251,14090
13251,14091
13251,14092
13251,14093
13251,14094
13251,14095
13251,14096
13251,14097
13251,14098
13251,14099
13251,14100
13251,14101
13251,14102
13251,14103
13251,14104
13251,14105
13251,14106
13251,14107
13251,14108
13251,14109
13251,14110
13251,14111
13251,14112
13251,14113
13251,14114
13251,14115
13251,14116
13251,14117
13251,14118
13251,14119
13251,14120
13251,14121
13251,14122
13251,14123
13251,14124
13251,14125
13251,14126
13251,14127
13251,14128
13251,14129
13251,14130
13251,14131
13251,14132
13251,14133
13251,14134
13251,14135
13251,14136
13251,14137
13251,14138
13251,14139
13251,14140
13251,14141
13251,14142
13251,14143
13251,14144
13251,14145
13251,14146
13251,14147
13251,14148
13251,14149
13251,14150
13251,14151
13251,14152
13251,14153
13251,14154
13251,14155
13251,14156
13251,14157
13251,14158
13251,14159
13251,14160
13251,14161
13251,14162
13251,14163
13251,14164
13251,14165
13251,14166
13251,14167
13251,14168
13251,14169
13251,14170
13251,14171
13251,14172
13251,14173
13251,14174
13251,14175
13251,14176
13251,14177
13251,14178
13251,14179
13251,14180
13251,14181
13251,14182
13251,14183
13251,14184
13251,14185
13251,14186
13251,14187
13251,14188
13251,14189
13251,14190
13251,14191
13251,14192
13251,14193
13251,14194
13251,14195
13251,14196
13252,14027
13252,14028
13252,14029
13252,14030
13252,14031
13252,14032
13252,14033
13252,14034
13252,14035
13252,14036
13252,14037
13252,14038
13252,14039
13252,14040
13252,14041
13252,14042
13252,14043
13252,14044
13252,14045
13252,14046
13252,14047
13252,14048
13252,14049
13252,14050
13252,14051
13252,14052
13252,14053
13252,14054
13252,14055
13252,14056
13252,14057
13252,14058
13252,14059
13252,14060
13252,14061
13252,14062
13252,14063
13252,14064
13252,14065
13252,14066
13252,14067
13252,14068
13252,14069
13252,14070
13252,14071
13252,14072
13252,14073
13252,14074
13252,14075
13252,14076
13252,14077
13252,14078
13252,14079
13252,14080
13252,14081
13252,14082
13252,14083
13252,14084
13252,14085
13252,14086
13252,14087
13252,14088
13252,14089
13252,14090
13252,14091
13252,14092
13252,14093
13252,14094
13252,14095
13252,14096
13252,14097
13252,14098
13252,14099
13252,14100
13252,14101
13252,14102
13252,14103
13252,14104
13252,14105
13252,14106
13252,14107
13252,14108
13252,14109
13252,14110
13252,14111
13252,14112
13252,14113
13252,14114
13252,14115
13252,14116
13252,14117
13252,14118
13252,14119
13252,14120
13252,14121
13252,14122
13252,14123
13252,14124
13252,14125
13252,14126
13252,14127
13252,14128
13252,14129
13252,14130
13252,14131
13252,14132
13252,14133
13252,14134
13252,14135
13252,14136
13252,14137
13252,14138
13252,14139
13252,14140
13252,14141
13252,14142
13252,14143
13252,14144
13252,14145
13252,14146
13252,14147
13252,14148
13252,14149
13252,14150
13252,14151
13252,14152
13252,14153
13252,14154
13252,14155
13252,14156
13252,14157
13252,14158
13252,14159
13252,14160
13252,14161
13252,14162
13252,14163
13252,14164
13252,14165
13252,14166
13252,14167
13252,14168
13252,14169
13252,14170
13252,14171
13252,14172
13252,14173
13252,14174
13252,14175
13252,14176
13252,14177
13252,14178
13252,14179
13252,14180
13252,14181
13252,14182
13252,14183
13252,14184
13252,14185
13252,14186
13252,14187
13252,14188
13252,14189
13252,14190
13252,14191
13252,14192
13252,14193
13252,14194
13252,14195
13252,14196
13253,14028
13253,14029
13253,14030
13253,14031
13253,14032
13253,14033
13253,14034
13253,14035
13253,14036
13253,14037
13253,14038
13253,14039
13253,14040
13253,14041
13253,14042
13253,14043
13253,14044
13253,14045
13253,14046
13253,14047
13253,14048
13253,14049
13253,14050
13253,14051
13253,14052
13253,14053
13253,14054
13253,14055
13253,14056
13253,14057
13253,14058
13253,14059
13253,14060
13253,14061
13253,14062
13253,14063
13253,14064
13253,14065
13253,14066
13253,14067
13253,14068
13253,14069
13253,14070
13253,14071
13253,14072
13253,14073
13253,14074
13253,14075
13253,14076
13253,14077
13253,14078
13253,14079
13253,14080
13253,14081
13253,14082
13253,14083
13253,14084
13253,14085
13253,14086
13253,14087
13253,14088
13253,14089
13253,14090
13253,14091
13253,14092
13253,14093
13253,14094
13253,14095
13253,14096
13253,14097
13253,14098
13253,14099
13253,14100
13253,14101
13253,14102
13253,14103
13253,14104
13253,14105
13253,14106
13253,14107
13253,14108
13253,14109
13253,14110
13253,14111
13253,14112
13253,14113
13253,14114
13253,14115
13253,14116
13253,14117
13253,14118
13253,14119
13253,14120
13253,14121
13253,14122
13253,14123
13253,14124
13253,14125
13253,14126
13253,14127
13253,14128
13253,14129
13253,14130
13253,14131
13253,14132
13253,14133
13253,14134
13253,14135
13253,14136
13253,14137
13253,14138
13253,14139
13253,14140
13253,14141
13253,14142
13253,14143
13253,14144
13253,14145
13253,14146
13253,14147
13253,14148
13253,14149
13253,14150
13253,14151
13253,14152
13253,14153
13253,14154
13253,14155
13253,14156
13253,14157
13253,14158
13253,14159
13253,14160
13253,14161
13253,14162
13253,14163
13253,14164
13253,14165
13253,14166
13253,14167
13253,14168
13253,14169
13253,14170
13253,14171
13253,14172
13253,14173
13253,14174
13253,14175
13253,14176
13253,14177
13253,14178
13253,14179
13253,14180
13253,14181
13253,14182
13253,14183
13253,14184
13253,14185
13253,14186
13253,14187
13253,14188
13253,14189
13253,14190
13253,14191
13253,14192
13253,14193
13253,14194
13253,14195
13254,14029
13254,14030
13254,14031
13254,14032
13254,14033
13254,14034
13254,14035
13254,14036
13254,14037
13254,14038
13254,14039
13254,14040
13254,14041
13254,14042
13254,14043
13254,14044
13254,14045
13254,14046
13254,14047
13254,14048
13254,14049
13254,14050
13254,14051
13254,14052
13254,14053
13254,14054
13254,14055
13254,14056
13254,14057
13254,14058
13254,14059
13254,14060
13254,14061
13254,14062
13254,14063
13254,14064
13254,14065
13254,14066
13254,14067
13254,14068
13254,14069
13254,14070
13254,14071
13254,14072
13254,14073
13254,14074
13254,14075
13254,14076
13254,14077
13254,14078
13254,14079
13254,14080
13254,14081
13254,14082
13254,14083
13254,14084
13254,14085
13254,14086
13254,14087
13254,14088
13254,14089
13254,14090
13254,14091
13254,14092
13254,14093
13254,14094
13254,14095
13254,14096
13254,14097
13254,14098
13254,14099
13254,14100
13254,14101
13254,14102
13254,14103
13254,14104
13254,14105
13254,14106
13254,14107
13254,14108
13254,14109
13254,14110
13254,14111
13254,14112
13254,14113
13254,14114
13254,14115
13254,14116
13254,14117
13254,14118
13254,14119
13254,14120
13254,14121
13254,14122
13254,14123
13254,14124
13254,14125
13254,14126
13254,14127
13254,14128
13254,14129
13254,14130
13254,14131
13254,14132
13254,14133
13254,14134
13254,14135
13254,14136
13254,14137
13254,14138
13254,14139
13254,14140
13254,14141
13254,14142
13254,14143
13254,14144
13254,14145
13254,14146
13254,14147
13254,14148
13254,14149
13254,14150
13254,14151
13254,14152
13254,14153
13254,14154
13254,14155
13254,14156
13254,14157
13254,14158
13254,14159
13254,14160
13254,14161
13254,14162
13254,14163
13254,14164
13254,14165
13254,14166
13254,14167
13254,14168
13254,14169
13254,14170
13254,14171
13254,14172
13254,14173
13254,14174
13254,14175
13254,14176
13254,14177
13254,14178
13254,14179
13254,14180
13254,14181
13254,14182
13254,14183
13254,14184
13254,14185
13254,14186
13254,14187
13254,14188
13254,14189
13254,14190
13254,14191
13254,14192
13254,14193
13254,14194
13254,14195
13255,14030
13255,14031
13255,14032
13255,14033
13255,14034
13255,14035
13255,14036
13255,14037
13255,14038
13255,14039
13255,14040
13255,14041
13255,14042
13255,14043
13255,14044
13255,14045
13255,14046
13255,14047
13255,14048
13255,14049
13255,14050
13255,14051
13255,14052
13255,14053
13255,14054
13255,14055
13255,14056
13255,14057
13255,14058
13255,14059
13255,14060
13255,14061
13255,14062
13255,14063
13255,14064
13255,14065
13255,14066
13255,14067
13255,14068
13255,14069
13255,14070
13255,14071
13255,14072
13255,14073
13255,14074
13255,14075
13255,14076
13255,14077
13255,14078
13255,14079
13255,14080
13255,14081
13255,14082
13255,14083
13255,14084
13255,14085
13255,14086
13255,14087
13255,14088
13255,14089
13255,14090
13255,14091
13255,14092
13255,14093
13255,14094
13255,14095
13255,14096
13255,14097
13255,14098
13255,14099
13255,14100
13255,14101
13255,14102
13255,14103
13255,14104
13255,14105
13255,14106
13255,14107
13255,14108
13255,14109
13255,14110
13255,14111
13255,14112
13255,14113
13255,14114
13255,14115
13255,14116
13255,14117
13255,14118
13255,14119
13255,14120
13255,14121
13255,14122
13255,14123
13255,14124
13255,14125
13255,14126
13255,14127
13255,14128
13255,14129
13255,14130
13255,14131
13255,14132
13255,14133
13255,14134
13255,14135
13255,14136
13255,14137
13255,14138
13255,14139
13255,14140
13255,14141
13255,14142
13255,14143
13255,14144
13255,14145
13255,14146
13255,14147
13255,14148
13255,14149
13255,14150
13255,14151
13255,14152
13255,14153
13255,14154
13255,14155
13255,14156
13255,14157
13255,14158
13255,14159
13255,14160
13255,14161
13255,14162
13255,14163
13255,14164
13255,14165
13255,14166
13255,14167
13255,14168
13255,14169
13255,14170
13255,14171
13255,14172
13255,14173
13255,14174
13255,14175
13255,14176
13255,14177
13255,14178
13255,14179
13255,14180
13255,14181
13255,14182
13255,14183
13255,14184
13255,14185
13255,14186
13255,14187
13255,14188
13255,14189
13255,14190
13255,14191
13255,14192
13255,14193
13255,14194
13255,14195
13255,14196
13256,14031
13256,14032
13256,14033
13256,14034
13256,14035
13256,14036
13256,14037
13256,14038
13256,14039
13256,14040
13256,14041
13256,14042
13256,14043
13256,14044
13256,14045
13256,14046
13256,14047
13256,14048
13256,14049
13256,14050
13256,14051
13256,14052
13256,14053
13256,14054
13256,14055
13256,14056
13256,14057
13256,14058
13256,14059
13256,14060
13256,14061
13256,14062
13256,14063
13256,14064
13256,14065
13256,14066
13256,14067
13256,14068
13256,14069
13256,14070
13256,14071
13256,14072
13256,14073
13256,14074
13256,14075
13256,14076
13256,14077
13256,14078
13256,14079
13256,14080
13256,14081
13256,14082
13256,14083
13256,14084
13256,14085
13256,14086
13256,14087
13256,14088
13256,14089
13256,14090
13256,14091
13256,14092
13256,14093
13256,14094
13256,14095
13256,14096
13256,14097
13256,14098
13256,14099
13256,14100
13256,14101
13256,14102
13256,14103
13256,14104
13256,14105
13256,14106
13256,14107
13256,14108
13256,14109
13256,14110
13256,14111
13256,14112
13256,14113
13256,14114
13256,14115
13256,14116
13256,14117
13256,14118
13256,14119
13256,14120
13256,14121
13256,14122
13256,14123
13256,14124
13256,14125
13256,14126
13256,14127
13256,14128
13256,14129
13256,14130
13256,14131
13256,14132
13256,14133
13256,14134
13256,14135
13256,14136
13256,14137
13256,14138
13256,14139
13256,14140
13256,14141
13256,14142
13256,14143
13256,14144
13256,14145
13256,14146
13256,14147
13256,14148
13256,14149
13256,14150
13256,14151
13256,14152
13256,14153
13256,14154
13256,14155
13256,14156
13256,14157
13256,14158
13256,14159
13256,14160
13256,14161
13256,14162
13256,14163
13256,14164
13256,14165
13256,14166
13256,14167
13256,14168
13256,14169
13256,14170
13256,14171
13256,14172
13256,14173
13256,14174
13256,14175
13256,14176
13256,14177
13256,14178
13256,14179
13256,14180
13256,14181
13256,14182
13256,14183
13256,14184
13256,14185
13256,14186
13256,14187
13256,14188
13256,14189
13256,14190
13256,14191
13256,14192
13256,14193
13256,14194
13256,14195
13257,14033
13257,14034
13257,14035
13257,14036
13257,14037
13257,14038
13257,14039
13257,14040
13257,14041
13257,14042
13257,14043
13257,14044
13257,14045
13257,14046
13257,14047
13257,14048
13257,14049
13257,14050
13257,14051
13257,14052
13257,14053
13257,14054
13257,14055
13257,14056
13257,14057
13257,14058
13257,14059
13257,14060
13257,14061
13257,14062
13257,14063
13257,14064
13257,14065
13257,14066
13257,14067
13257,14068
13257,14069
13257,14070
13257,14071
13257,14072
13257,14073
13257,14074
13257,14075
13257,14076
13257,14077
13257,14078
13257,14079
13257,14080
13257,14081
13257,14082
13257,14083
13257,14084
13257,14085
13257,14086
13257,14087
13257,14088
13257,14089
13257,14090
13257,14091
13257,14092
13257,14093
13257,14094
13257,14095
13257,14096
13257,14097
13257,14098
13257,14099
13257,14100
13257,14101
13257,14102
13257,14103
13257,14104
13257,14105
13257,14106
13257,14107
13257,14108
13257,14109
13257,14110
13257,14111
13257,14112
13257,14113
13257,14114
13257,14115
13257,14116
13257,14117
13257,14118
13257,14119
13257,14120
13257,14121
13257,14122
13257,14123
13257,14124
13257,14125
13257,14126
13257,14127
13257,14128
13257,14129
13257,14130
13257,14131
13257,14132
13257,14133
13257,14134
13257,14135
13257,14136
13257,14137
13257,14138
13257,14139
13257,14140
13257,14141
13257,14142
13257,14143
13257,14144
13257,14145
13257,14146
13257,14147
13257,14148
13257,14149
13257,14150
13257,14151
13257,14152
13257,14153
13257,14154
13257,14155
13257,14156
13257,14157
13257,14158
13257,14159
13257,14160
13257,14161
13257,14162
13257,14163
13257,14164
13257,14165
13257,14166
13257,14167
13257,14168
13257,14169
13257,14170
13257,14171
13257,14172
13257,14173
13257,14174
13257,14175
13257,14176
13257,14177
13257,14178
13257,14179
13257,14180
13257,14181
13257,14182
13257,14183
13257,14184
13257,14185
13257,14186
13257,14187
13257,14188
13257,14189
13257,14190
13257,14191
13257,14192
13257,14193
13257,14194
13257,14195
13258,14033
13258,14034
13258,14035
13258,14036
13258,14037
13258,14038
13258,14039
13258,14040
13258,14041
13258,14042
13258,14043
13258,14044
13258,14045
13258,14046
13258,14047
13258,14048
13258,14049
13258,14050
13258,14051
13258,14052
13258,14053
13258,14054
13258,14055
13258,14056
13258,14057
13258,14058
13258,14059
13258,14060
13258,14061
13258,14062
13258,14063
13258,14064
13258,14065
13258,14066
13258,14067
13258,14068
13258,14069
13258,14070
13258,14071
13258,14072
13258,14073
13258,14074
13258,14075
13258,14076
13258,14077
13258,14078
13258,14079
13258,14080
13258,14081
13258,14082
13258,14083
13258,14084
13258,14085
13258,14086
13258,14087
13258,14088
13258,14089
13258,14090
13258,14091
13258,14092
13258,14093
13258,14094
13258,14095
13258,14096
13258,14097
13258,14098
13258,14099
13258,14100
13258,14101
13258,14102
13258,14103
13258,14104
13258,14105
13258,14106
13258,14107
13258,14108
13258,14109
13258,14110
13258,14111
13258,14112
13258,14113
13258,14114
13258,14115
13258,14116
13258,14117
13258,14118
13258,14119
13258,14120
13258,14121
13258,14122
13258,14123
13258,14124
13258,14125
13258,14126
13258,14127
13258,14128
13258,14129
13258,14130
13258,14131
13258,14132
13258,14133
13258,14134
13258,14135
13258,14136
13258,14137
13258,14138
13258,14139
13258,14140
13258,14141
13258,14142
13258,14143
13258,14144
13258,14145
13258,14146
13258,14147
13258,14148
13258,14149
13258,14150
13258,14151
13258,14152
13258,14153
13258,14154
13258,14155
13258,14156
13258,14157
13258,14158
13258,14159
13258,14160
13258,14161
13258,14162
13258,14163
13258,14164
13258,14165
13258,14166
13258,14167
13258,14168
13258,14169
13258,14170
13258,14171
13258,14172
13258,14173
13258,14174
13258,14175
13258,14176
13258,14177
13258,14178
13258,14179
13258,14180
13258,14181
13258,14182
13258,14183
13258,14184
13258,14185
13258,14186
13258,14187
13258,14188
13258,14189
13258,14190
13258,14191
13258,14192
13258,14193
13258,14194
13258,14195
13259,14034
13259,14035
13259,14036
13259,14037
13259,14038
13259,14039
13259,14040
13259,14041
13259,14042
13259,14043
13259,14044
13259,14045
13259,14046
13259,14047
13259,14048
13259,14049
13259,14050
13259,14051
13259,14052
13259,14053
13259,14054
13259,14055
13259,14056
13259,14057
13259,14058
13259,14059
13259,14060
13259,14061
13259,14062
13259,14063
13259,14064
13259,14065
13259,14066
13259,14067
13259,14068
13259,14069
13259,14070
13259,14071
13259,14072
13259,14073
13259,14074
13259,14075
13259,14076
13259,14077
13259,14078
13259,14079
13259,14080
13259,14081
13259,14082
13259,14083
13259,14084
13259,14085
13259,14086
13259,14087
13259,14088
13259,14089
13259,14090
13259,14091
13259,14092
13259,14093
13259,14094
13259,14095
13259,14096
13259,14097
13259,14098
13259,14099
13259,14100
13259,14101
13259,14102
13259,14103
13259,14104
13259,14105
13259,14106
13259,14107
13259,14108
13259,14109
13259,14110
13259,14111
13259,14112
13259,14113
13259,14114
13259,14115
13259,14116
13259,14117
13259,14118
13259,14119
13259,14120
13259,14121
13259,14122
13259,14123
13259,14124
13259,14125
13259,14126
13259,14127
13259,14128
13259,14129
13259,14130
13259,14131
13259,14132
13259,14133
13259,14134
13259,14135
13259,14136
13259,14137
13259,14138
13259,14139
13259,14140
13259,14141
13259,14142
13259,14143
13259,14144
13259,14145
13259,14146
13259,14147
13259,14148
13259,14149
13259,14150
13259,14151
13259,14152
13259,14153
13259,14154
13259,14155
13259,14156
13259,14157
13259,14158
13259,14159
13259,14160
13259,14161
13259,14162
13259,14163
13259,14164
13259,14165
13259,14166
13259,14167
13259,14168
13259,14169
13259,14170
13259,14171
13259,14172
13259,14173
13259,14174
13259,14175
13259,14176
13259,14177
13259,14178
13259,14179
13259,14180
13259,14181
13259,14182
13259,14183
13259,14184
13259,14185
13259,14186
13259,14187
13259,14188
13259,14189
13259,14190
13259,14191
13259,14192
13259,14193
13259,14194
13260,14035
13260,14036
13260,14037
13260,14038
13260,14039
13260,14040
13260,14041
13260,14042
13260,14043
13260,14044
13260,14045
13260,14046
13260,14047
13260,14048
13260,14049
13260,14050
13260,14051
13260,14052
13260,14053
13260,14054
13260,14055
13260,14056
13260,14057
13260,14058
13260,14059
13260,14060
13260,14061
13260,14062
13260,14063
13260,14064
13260,14065
13260,14066
13260,14067
13260,14068
13260,14069
13260,14070
13260,14071
13260,14072
13260,14073
13260,14074
13260,14075
13260,14076
13260,14077
13260,14078
13260,14079
13260,14080
13260,14081
13260,14082
13260,14083
13260,14084
13260,14085
13260,14086
13260,14087
13260,14088
13260,14089
13260,14090
13260,14091
13260,14092
13260,14093
13260,14094
13260,14095
13260,14096
13260,14097
13260,14098
13260,14099
13260,14100
13260,14101
13260,14102
13260,14103
13260,14104
13260,14105
13260,14106
13260,14107
13260,14108
13260,14109
13260,14110
13260,14111
13260,14112
13260,14113
13260,14114
13260,14115
13260,14116
13260,14117
13260,14118
13260,14119
13260,14120
13260,14121
13260,14122
13260,14123
13260,14124
13260,14125
13260,14126
13260,14127
13260,14128
13260,14129
13260,14130
13260,14131
13260,14132
13260,14133
13260,14134
13260,14135
13260,14136
13260,14137
13260,14138
13260,14139
13260,14140
13260,14141
13260,14142
13260,14143
13260,14144
13260,14145
13260,14146
13260,14147
13260,14148
13260,14149
13260,14150
13260,14151
13260,14152
13260,14153
13260,14154
13260,14155
13260,14156
13260,14157
13260,14158
13260,14159
13260,14160
13260,14161
13260,14162
13260,14163
13260,14164
13260,14165
13260,14166
13260,14167
13260,14168
13260,14169
13260,14170
13260,14171
13260,14172
13260,14173
13260,14174
13260,14175
13260,14176
13260,14177
13260,14178
13260,14179
13260,14180
13260,14181
13260,14182
13260,14183
13260,14184
13260,14185
13260,14186
13260,14187
13260,14188
13260,14189
13260,14190
13260,14191
13260,14192
13260,14193
13260,14194
13261,14036
13261,14037
13261,14038
13261,14039
13261,14040
13261,14041
13261,14042
13261,14043
13261,14044
13261,14045
13261,14046
13261,14047
13261,14048
13261,14049
13261,14050
13261,14051
13261,14052
13261,14053
13261,14054
13261,14055
13261,14056
13261,14057
13261,14058
13261,14059
13261,14060
13261,14061
13261,14062
13261,14063
13261,14064
13261,14065
13261,14066
13261,14067
13261,14068
13261,14069
13261,14070
13261,14071
13261,14072
13261,14073
13261,14074
13261,14075
13261,14076
13261,14077
13261,14078
13261,14079
13261,14080
13261,14081
13261,14082
13261,14083
13261,14084
13261,14085
13261,14086
13261,14087
13261,14088
13261,14089
13261,14090
13261,14091
13261,14092
13261,14093
13261,14094
13261,14095
13261,14096
13261,14097
13261,14098
13261,14099
13261,14100
13261,14101
13261,14102
13261,14103
13261,14104
13261,14105
13261,14106
13261,14107
13261,14108
13261,14109
13261,14110
13261,14111
13261,14112
13261,14113
13261,14114
13261,14115
13261,14116
13261,14117
13261,14118
13261,14119
13261,14120
13261,14121
13261,14122
13261,14123
13261,14124
13261,14125
13261,14126
13261,14127
13261,14128
13261,14129
13261,14130
13261,14131
13261,14132
13261,14133
13261,14134
13261,14135
13261,14136
13261,14137
13261,14138
13261,14139
13261,14140
13261,14141
13261,14142
13261,14143
13261,14144
13261,14145
13261,14146
13261,14147
13261,14148
13261,14149
13261,14150
13261,14151
13261,14152
13261,14153
13261,14154
13261,14155
13261,14156
13261,14157
13261,14158
13261,14159
13261,14160
13261,14161
13261,14162
13261,14163
13261,14164
13261,14165
13261,14166
13261,14167
13261,14168
13261,14169
13261,14170
13261,14171
13261,14172
13261,14173
13261,14174
13261,14175
13261,14176
13261,14177
13261,14178
13261,14179
13261,14180
13261,14181
13261,14182
13261,14183
13261,14184
13261,14185
13261,14186
13261,14187
13261,14188
13261,14189
13261,14190
13261,14191
13261,14192
13261,14193
13262,14036
13262,14037
13262,14038
13262,14039
13262,14040
13262,14041
13262,14042
13262,14043
13262,14044
13262,14045
13262,14046
13262,14047
13262,14048
13262,14049
13262,14050
13262,14051
13262,14052
13262,14053
13262,14054
13262,14055
13262,14056
13262,14057
13262,14058
13262,14059
13262,14060
13262,14061
13262,14062
13262,14063
13262,14064
13262,14065
13262,14066
13262,14067
13262,14068
13262,14069
13262,14070
13262,14071
13262,14072
13262,14073
13262,14074
13262,14075
13262,14076
13262,14077
13262,14078
13262,14079
13262,14080
13262,14081
13262,14082
13262,14083
13262,14084
13262,14085
13262,14086
13262,14087
13262,14088
13262,14089
13262,14090
13262,14091
13262,14092
13262,14093
13262,14094
13262,14095
13262,14096
13262,14097
13262,14098
13262,14099
13262,14100
13262,14101
13262,14102
13262,14103
13262,14104
13262,14105
13262,14106
13262,14107
13262,14108
13262,14109
13262,14110
13262,14111
13262,14112
13262,14113
13262,14114
13262,14115
13262,14116
13262,14117
13262,14118
13262,14119
13262,14120
13262,14121
13262,14122
13262,14123
13262,14124
13262,14125
13262,14126
13262,14127
13262,14128
13262,14129
13262,14130
13262,14131
13262,14132
13262,14133
13262,14134
13262,14135
13262,14136
13262,14137
13262,14138
13262,14139
13262,14140
13262,14141
13262,14142
13262,14143
13262,14144
13262,14145
13262,14146
13262,14147
13262,14148
13262,14149
13262,14150
13262,14151
13262,14152
13262,14153
13262,14154
13262,14155
13262,14156
13262,14157
13262,14158
13262,14159
13262,14160
13262,14161
13262,14162
13262,14163
13262,14164
13262,14165
13262,14166
13262,14167
13262,14168
13262,14169
13262,14170
13262,14171
13262,14172
13262,14173
13262,14174
13262,14175
13262,14176
13262,14177
13262,14178
13262,14179
13262,14180
13262,14181
13262,14182
13262,14183
13262,14184
13262,14185
13262,14186
13262,14187
13262,14188
13262,14189
13262,14190
13262,14191
13262,14192
13263,14037
13263,14038
13263,14039
13263,14040
13263,14041
13263,14042
13263,14043
13263,14044
13263,14045
13263,14046
13263,14047
13263,14048
13263,14049
13263,14050
13263,14051
13263,14052
13263,14053
13263,14054
13263,14055
13263,14056
13263,14057
13263,14058
13263,14059
13263,14060
13263,14061
13263,14062
13263,14063
13263,14064
13263,14065
13263,14066
13263,14067
13263,14068
13263,14069
13263,14070
13263,14071
13263,14072
13263,14073
13263,14074
13263,14075
13263,14076
13263,14077
13263,14078
13263,14079
13263,14080
13263,14081
13263,14082
13263,14083
13263,14084
13263,14085
13263,14086
13263,14087
13263,14088
13263,14089
13263,14090
13263,14091
13263,14092
13263,14093
13263,14094
13263,14095
13263,14096
13263,14097
13263,14098
13263,14099
13263,14100
13263,14101
13263,14102
13263,14103
13263,14104
13263,14105
13263,14106
13263,14107
13263,14108
13263,14109
13263,14110
13263,14111
13263,14112
13263,14113
13263,14114
13263,14115
13263,14116
13263,14117
13263,14118
13263,14119
13263,14120
13263,14121
13263,14122
13263,14123
13263,14124
13263,14125
13263,14126
13263,14127
13263,14128
13263,14129
13263,14130
13263,14131
13263,14132
13263,14133
13263,14134
13263,14135
13263,14136
13263,14137
13263,14138
13263,14139
13263,14140
13263,14141
13263,14142
13263,14143
13263,14144
13263,14145
13263,14146
13263,14147
13263,14148
13263,14149
13263,14150
13263,14151
13263,14152
13263,14153
13263,14154
13263,14155
13263,14156
13263,14157
13263,14158
13263,14159
13263,14160
13263,14161
13263,14162
13263,14163
13263,14164
13263,14165
13263,14166
13263,14167
13263,14168
13263,14169
13263,14170
13263,14171
13263,14172
13263,14173
13263,14174
13263,14175
13263,14176
13263,14177
13263,14178
13263,14179
13263,14180
13263,14181
13263,14182
13263,14183
13263,14184
13263,14185
13263,14186
13263,14187
13263,14188
13263,14189
13263,14190
13263,14191
13263,14192
13264,14038
13264,14039
13264,14040
13264,14041
13264,14042
13264,14043
13264,14044
13264,14045
13264,14046
13264,14047
13264,14048
13264,14049
13264,14050
13264,14051
13264,14052
13264,14053
13264,14054
13264,14055
13264,14056
13264,14057
13264,14058
13264,14059
13264,14060
13264,14061
13264,14062
13264,14063
13264,14064
13264,14065
13264,14066
13264,14067
13264,14068
13264,14069
13264,14070
13264,14071
13264,14072
13264,14073
13264,14074
13264,14075
13264,14076
13264,14077
13264,14078
13264,14079
13264,14080
13264,14081
13264,14082
13264,14083
13264,14084
13264,14085
13264,14086
13264,14087
13264,14088
13264,14089
13264,14090
13264,14091
13264,14092
13264,14093
13264,14094
13264,14095
13264,14096
13264,14097
13264,14098
13264,14099
13264,14100
13264,14101
13264,14102
13264,14103
13264,14104
13264,14105
13264,14106
13264,14107
13264,14108
13264,14109
13264,14110
13264,14111
13264,14112
13264,14113
13264,14114
13264,14115
13264,14116
13264,14117
13264,14118
13264,14119
13264,14120
13264,14121
13264,14122
13264,14123
13264,14124
13264,14125
13264,14126
13264,14127
13264,14128
13264,14129
13264,14130
13264,14131
13264,14132
13264,14133
13264,14134
13264,14135
13264,14136
13264,14137
13264,14138
13264,14139
13264,14140
13264,14141
13264,14142
13264,14143
13264,14144
13264,14145
13264,14146
13264,14147
13264,14148
13264,14149
13264,14150
13264,14151
13264,14152
13264,14153
13264,14154
13264,14155
13264,14156
13264,14157
13264,14158
13264,14159
13264,14160
13264,14161
13264,14162
13264,14163
13264,14164
13264,14165
13264,14166
13264,14167
13264,14168
13264,14169
13264,14170
13264,14171
13264,14172
13264,14173
13264,14174
13264,14175
13264,14176
13264,14177
13264,14178
13264,14179
13264,14180
13264,14181
13264,14182
13264,14183
13264,14184
13264,14185
13264,14186
13264,14187
13264,14188
13264,14189
13264,14190
13264,14191
13264,14192
13265,14040
13265,14041
13265,14042
13265,14043
13265,14044
13265,14045
13265,14046
13265,14047
13265,14048
13265,14049
13265,14050
13265,14051
13265,14052
13265,14053
13265,14054
13265,14055
13265,14056
13265,14057
13265,14058
13265,14059
13265,14060
13265,14061
13265,14062
13265,14063
13265,14064
13265,14065
13265,14066
13265,14067
13265,14068
13265,14069
13265,14070
13265,14071
13265,14072
13265,14073
13265,14074
13265,14075
13265,14076
13265,14077
13265,14078
13265,14079
13265,14080
13265,14081
13265,14082
13265,14083
13265,14084
13265,14085
13265,14086
13265,14087
13265,14088
13265,14089
13265,14090
13265,14091
13265,14092
13265,14093
13265,14094
13265,14095
13265,14096
13265,14097
13265,14098
13265,14099
13265,14100
13265,14101
13265,14102
13265,14103
13265,14104
13265,14105
13265,14106
13265,14107
13265,14108
13265,14109
13265,14110
13265,14111
13265,14112
13265,14113
13265,14114
13265,14115
13265,14116
13265,14117
13265,14118
13265,14119
13265,14120
13265,14121
13265,14122
13265,14123
13265,14124
13265,14125
13265,14126
13265,14127
13265,14128
13265,14129
13265,14130
13265,14131
13265,14132
13265,14133
13265,14134
13265,14135
13265,14136
13265,14137
13265,14138
13265,14139
13265,14140
13265,14141
13265,14142
13265,14143
13265,14144
13265,14145
13265,14146
13265,14147
13265,14148
13265,14149
13265,14150
13265,14151
13265,14152
13265,14153
13265,14154
13265,14155
13265,14156
13265,14157
13265,14158
13265,14159
13265,14160
13265,14161
13265,14162
13265,14163
13265,14164
13265,14165
13265,14166
13265,14167
13265,14168
13265,14169
13265,14170
13265,14171
13265,14172
13265,14173
13265,14174
13265,14175
13265,14176
13265,14177
13265,14178
13265,14179
13265,14180
13265,14181
13265,14182
13265,14183
13265,14184
13265,14185
13265,14186
13265,14187
13265,14188
13265,14189
13265,14190
13265,14191
13266,14042
13266,14043
13266,14044
13266,14045
13266,14046
13266,14047
13266,14048
13266,14049
13266,14050
13266,14051
13266,14052
13266,14053
13266,14054
13266,14055
13266,14056
13266,14057
13266,14058
13266,14059
13266,14060
13266,14061
13266,14062
13266,14063
13266,14064
13266,14065
13266,14066
13266,14067
13266,14068
13266,14069
13266,14070
13266,14071
13266,14072
13266,14073
13266,14074
13266,14075
13266,14076
13266,14077
13266,14078
13266,14079
13266,14080
13266,14081
13266,14082
13266,14083
13266,14084
13266,14085
13266,14086
13266,14087
13266,14088
13266,14089
13266,14090
13266,14091
13266,14092
13266,14093
13266,14094
13266,14095
13266,14096
13266,14097
13266,14098
13266,14099
13266,14100
13266,14101
13266,14102
13266,14103
13266,14104
13266,14105
13266,14106
13266,14107
13266,14108
13266,14109
13266,14110
13266,14111
13266,14112
13266,14113
13266,14114
13266,14115
13266,14116
13266,14117
13266,14118
13266,14119
13266,14120
13266,14121
13266,14122
13266,14123
13266,14124
13266,14125
13266,14126
13266,14127
13266,14128
13266,14129
13266,14130
13266,14131
13266,14132
13266,14133
13266,14134
13266,14135
13266,14136
13266,14137
13266,14138
13266,14139
13266,14140
13266,14141
13266,14142
13266,14143
13266,14144
13266,14145
13266,14146
13266,14147
13266,14148
13266,14149
13266,14150
13266,14151
13266,14152
13266,14153
13266,14154
13266,14155
13266,14156
13266,14157
13266,14158
13266,14159
13266,14160
13266,14161
13266,14162
13266,14163
13266,14164
13266,14165
13266,14166
13266,14167
13266,14168
13266,14169
13266,14170
13266,14171
13266,14172
13266,14173
13266,14174
13266,14175
13266,14176
13266,14177
13266,14178
13266,14179
13266,14180
13266,14181
13266,14182
13266,14183
13266,14184
13266,14185
13266,14186
13266,14187
13266,14188
13266,14189
13266,14190
13266,14191
13267,14042
13267,14043
13267,14044
13267,14045
13267,14046
13267,14047
13267,14048
13267,14049
13267,14050
13267,14051
13267,14052
13267,14053
13267,14054
13267,14055
13267,14056
13267,14057
13267,14058
13267,14059
13267,14060
13267,14061
13267,14062
13267,14063
13267,14064
13267,14065
13267,14066
13267,14067
13267,14068
13267,14069
13267,14070
13267,14071
13267,14072
13267,14073
13267,14074
13267,14075
13267,14076
13267,14077
13267,14078
13267,14079
13267,14080
13267,14081
13267,14082
13267,14083
13267,14084
13267,14085
13267,14086
13267,14087
13267,14088
13267,14089
13267,14090
13267,14091
13267,14092
13267,14093
13267,14094
13267,14095
13267,14096
13267,14097
13267,14098
13267,14099
13267,14100
13267,14101
13267,14102
13267,14103
13267,14104
13267,14105
13267,14106
13267,14107
13267,14108
13267,14109
13267,14110
13267,14111
13267,14112
13267,14113
13267,14114
13267,14115
13267,14116
13267,14117
13267,14118
13267,14119
13267,14120
13267,14121
13267,14122
13267,14123
13267,14124
13267,14125
13267,14126
13267,14127
13267,14128
13267,14129
13267,14130
13267,14131
13267,14132
13267,14133
13267,14134
13267,14135
13267,14136
13267,14137
13267,14138
13267,14139
13267,14140
13267,14141
13267,14142
13267,14143
13267,14144
13267,14145
13267,14146
13267,14147
13267,14148
13267,14149
13267,14150
13267,14151
13267,14152
13267,14153
13267,14154
13267,14155
13267,14156
13267,14157
13267,14158
13267,14159
13267,14160
13267,14161
13267,14162
13267,14163
13267,14164
13267,14165
13267,14166
13267,14167
13267,14168
13267,14169
13267,14170
13267,14171
13267,14172
13267,14173
13267,14174
13267,14175
13267,14176
13267,14177
13267,14178
13267,14179
13267,14180
13267,14181
13267,14182
13267,14183
13267,14184
13267,14185
13267,14186
13267,14187
13267,14188
13267,14189
13267,14190
13268,14042
13268,14043
13268,14044
13268,14045
13268,14046
13268,14047
13268,14048
13268,14049
13268,14050
13268,14051
13268,14052
13268,14053
13268,14054
13268,14055
13268,14056
13268,14057
13268,14058
13268,14059
13268,14060
13268,14061
13268,14062
13268,14063
13268,14064
13268,14065
13268,14066
13268,14067
13268,14068
13268,14069
13268,14070
13268,14071
13268,14072
13268,14073
13268,14074
13268,14075
13268,14076
13268,14077
13268,14078
13268,14079
13268,14080
13268,14081
13268,14082
13268,14083
13268,14084
13268,14085
13268,14086
13268,14087
13268,14088
13268,14089
13268,14090
13268,14091
13268,14092
13268,14093
13268,14094
13268,14095
13268,14096
13268,14097
13268,14098
13268,14099
13268,14100
13268,14101
13268,14102
13268,14103
13268,14104
13268,14105
13268,14106
13268,14107
13268,14108
13268,14109
13268,14110
13268,14111
13268,14112
13268,14113
13268,14114
13268,14115
13268,14116
13268,14117
13268,14118
13268,14119
13268,14120
13268,14121
13268,14122
13268,14123
13268,14124
13268,14125
13268,14126
13268,14127
13268,14128
13268,14129
13268,14130
13268,14131
13268,14132
13268,14133
13268,14134
13268,14135
13268,14136
13268,14137
13268,14138
13268,14139
13268,14140
13268,14141
13268,14142
13268,14143
13268,14144
13268,14145
13268,14146
13268,14147
13268,14148
13268,14149
13268,14150
13268,14151
13268,14152
13268,14153
13268,14154
13268,14155
13268,14156
13268,14157
13268,14158
13268,14159
13268,14160
13268,14161
13268,14162
13268,14163
13268,14164
13268,14165
13268,14166
13268,14167
13268,14168
13268,14169
13268,14170
13268,14171
13268,14172
13268,14173
13268,14174
13268,14175
13268,14176
13268,14177
13268,14178
13268,14179
13268,14180
13268,14181
13268,14182
13268,14183
13268,14184
13268,14185
13268,14186
13268,14187
13268,14188
13268,14189
13268,14190
13269,14042
13269,14043
13269,14044
13269,14045
13269,14046
13269,14047
13269,14048
13269,14049
13269,14050
13269,14051
13269,14052
13269,14053
13269,14054
13269,14055
13269,14056
13269,14057
13269,14058
13269,14059
13269,14060
13269,14061
13269,14062
13269,14063
13269,14064
13269,14065
13269,14066
13269,14067
13269,14068
13269,14069
13269,14070
13269,14071
13269,14072
13269,14073
13269,14074
13269,14075
13269,14076
13269,14077
13269,14078
13269,14079
13269,14080
13269,14081
13269,14082
13269,14083
13269,14084
13269,14085
13269,14086
13269,14087
13269,14088
13269,14089
13269,14090
13269,14091
13269,14092
13269,14093
13269,14094
13269,14095
13269,14096
13269,14097
13269,14098
13269,14099
13269,14100
13269,14101
13269,14102
13269,14103
13269,14104
13269,14105
13269,14106
13269,14107
13269,14108
13269,14109
13269,14110
13269,14111
13269,14112
13269,14113
13269,14114
13269,14115
13269,14116
13269,14117
13269,14118
13269,14119
13269,14120
13269,14121
13269,14122
13269,14123
13269,14124
13269,14125
13269,14126
13269,14127
13269,14128
13269,14129
13269,14130
13269,14131
13269,14132
13269,14133
13269,14134
13269,14135
13269,14136
13269,14137
13269,14138
13269,14139
13269,14140
13269,14141
13269,14142
13269,14143
13269,14144
13269,14145
13269,14146
13269,14147
13269,14148
13269,14149
13269,14150
13269,14151
13269,14152
13269,14153
13269,14154
13269,14155
13269,14156
13269,14157
13269,14158
13269,14159
13269,14160
13269,14161
13269,14162
13269,14163
13269,14164
13269,14165
13269,14166
13269,14167
13269,14168
13269,14169
13269,14170
13269,14171
13269,14172
13269,14173
13269,14174
13269,14175
13269,14176
13269,14177
13269,14178
13269,14179
13269,14180
13269,14181
13269,14182
13269,14183
13269,14184
13269,14185
13269,14186
13269,14187
13269,14188
13269,14189
13270,14042
13270,14043
13270,14044
13270,14045
13270,14046
13270,14047
13270,14048
13270,14049
13270,14050
13270,14051
13270,14052
13270,14053
13270,14054
13270,14055
13270,14056
13270,14057
13270,14058
13270,14059
13270,14060
13270,14061
13270,14062
13270,14063
13270,14064
13270,14065
13270,14066
13270,14067
13270,14068
13270,14069
13270,14070
13270,14071
13270,14072
13270,14073
13270,14074
13270,14075
13270,14076
13270,14077
13270,14078
13270,14079
13270,14080
13270,14081
13270,14082
13270,14083
13270,14084
13270,14085
13270,14086
13270,14087
13270,14088
13270,14089
13270,14090
13270,14091
13270,14092
13270,14093
13270,14094
13270,14095
13270,14096
13270,14097
13270,14098
13270,14099
13270,14100
13270,14101
13270,14102
13270,14103
13270,14104
13270,14105
13270,14106
13270,14107
13270,14108
13270,14109
13270,14110
13270,14111
13270,14112
13270,14113
13270,14114
13270,14115
13270,14116
13270,14117
13270,14118
13270,14119
13270,14120
13270,14121
13270,14122
13270,14123
13270,14124
13270,14125
13270,14126
13270,14127
13270,14128
13270,14129
13270,14130
13270,14131
13270,14132
13270,14133
13270,14134
13270,14135
13270,14136
13270,14137
13270,14138
13270,14139
13270,14140
13270,14141
13270,14142
13270,14143
13270,14144
13270,14145
13270,14146
13270,14147
13270,14148
13270,14149
13270,14150
13270,14151
13270,14152
13270,14153
13270,14154
13270,14155
13270,14156
13270,14157
13270,14158
13270,14159
13270,14160
13270,14161
13270,14162
13270,14163
13270,14164
13270,14165
13270,14166
13270,14167
13270,14168
13270,14169
13270,14170
13270,14171
13270,14172
13270,14173
13270,14174
13270,14175
13270,14176
13270,14177
13270,14178
13270,14179
13270,14180
13270,14181
13270,14182
13270,14183
13270,14184
13270,14185
13270,14186
13270,14187
13270,14188
13270,14189
13271,14042
13271,14043
13271,14044
13271,14045
13271,14046
13271,14047
13271,14048
13271,14049
13271,14050
13271,14051
13271,14052
13271,14053
13271,14054
13271,14055
13271,14056
13271,14057
13271,14058
13271,14059
13271,14060
13271,14061
13271,14062
13271,14063
13271,14064
13271,14065
13271,14066
13271,14067
13271,14068
13271,14069
13271,14070
13271,14071
13271,14072
13271,14073
13271,14074
13271,14075
13271,14076
13271,14077
13271,14078
13271,14079
13271,14080
13271,14081
13271,14082
13271,14083
13271,14084
13271,14085
13271,14086
13271,14087
13271,14088
13271,14089
13271,14090
13271,14091
13271,14092
13271,14093
13271,14094
13271,14095
13271,14096
13271,14097
13271,14098
13271,14099
13271,14100
13271,14101
13271,14102
13271,14103
13271,14104
13271,14105
13271,14106
13271,14107
13271,14108
13271,14109
13271,14110
13271,14111
13271,14112
13271,14113
13271,14114
13271,14115
13271,14116
13271,14117
13271,14118
13271,14119
13271,14120
13271,14121
13271,14122
13271,14123
13271,14124
13271,14125
13271,14126
13271,14127
13271,14128
13271,14129
13271,14130
13271,14131
13271,14132
13271,14133
13271,14134
13271,14135
13271,14136
13271,14137
13271,14138
13271,14139
13271,14140
13271,14141
13271,14142
13271,14143
13271,14144
13271,14145
13271,14146
13271,14147
13271,14148
13271,14149
13271,14150
13271,14151
13271,14152
13271,14153
13271,14154
13271,14155
13271,14156
13271,14157
13271,14158
13271,14159
13271,14160
13271,14161
13271,14162
13271,14163
13271,14164
13271,14165
13271,14166
13271,14167
13271,14168
13271,14169
13271,14170
13271,14171
13271,14172
13271,14173
13271,14174
13271,14175
13271,14176
13271,14177
13271,14178
13271,14179
13271,14180
13271,14181
13271,14182
13271,14183
13271,14184
13271,14185
13271,14186
13271,14187
13271,14188
13272,14042
13272,14043
13272,14044
13272,14045
13272,14046
13272,14047
13272,14048
13272,14049
13272,14050
13272,14051
13272,14052
13272,14053
13272,14054
13272,14055
13272,14056
13272,14057
13272,14058
13272,14059
13272,14060
13272,14061
13272,14062
13272,14063
13272,14064
13272,14065
13272,14066
13272,14067
13272,14068
13272,14069
13272,14070
13272,14071
13272,14072
13272,14073
13272,14074
13272,14075
13272,14076
13272,14077
13272,14078
13272,14079
13272,14080
13272,14081
13272,14082
13272,14083
13272,14084
13272,14085
13272,14086
13272,14087
13272,14088
13272,14089
13272,14090
13272,14091
13272,14092
13272,14093
13272,14094
13272,14095
13272,14096
13272,14097
13272,14098
13272,14099
13272,14100
13272,14101
13272,14102
13272,14103
13272,14104
13272,14105
13272,14106
13272,14107
13272,14108
13272,14109
13272,14110
13272,14111
13272,14112
13272,14113
13272,14114
13272,14115
13272,14116
13272,14117
13272,14118
13272,14119
13272,14120
13272,14121
13272,14122
13272,14123
13272,14124
13272,14125
13272,14126
13272,14127
13272,14128
13272,14129
13272,14130
13272,14131
13272,14132
13272,14133
13272,14134
13272,14135
13272,14136
13272,14137
13272,14138
13272,14139
13272,14140
13272,14141
13272,14142
13272,14143
13272,14144
13272,14145
13272,14146
13272,14147
13272,14148
13272,14149
13272,14150
13272,14151
13272,14152
13272,14153
13272,14154
13272,14155
13272,14156
13272,14157
13272,14158
13272,14159
13272,14160
13272,14161
13272,14162
13272,14163
13272,14164
13272,14165
13272,14166
13272,14167
13272,14168
13272,14169
13272,14170
13272,14171
13272,14172
13272,14173
13272,14174
13272,14175
13272,14176
13272,14177
13272,14178
13272,14179
13272,14180
13272,14181
13272,14182
13272,14183
13272,14184
13272,14185
13272,14186
13272,14187
13272,14188
13273,14042
13273,14043
13273,14044
13273,14045
13273,14046
13273,14047
13273,14048
13273,14049
13273,14050
13273,14051
13273,14052
13273,14053
13273,14054
13273,14055
13273,14056
13273,14057
13273,14058
13273,14059
13273,14060
13273,14061
13273,14062
13273,14063
13273,14064
13273,14065
13273,14066
13273,14067
13273,14068
13273,14069
13273,14070
13273,14071
13273,14072
13273,14073
13273,14074
13273,14075
13273,14076
13273,14077
13273,14078
13273,14079
13273,14080
13273,14081
13273,14082
13273,14083
13273,14084
13273,14085
13273,14086
13273,14087
13273,14088
13273,14089
13273,14090
13273,14091
13273,14092
13273,14093
13273,14094
13273,14095
13273,14096
13273,14097
13273,14098
13273,14099
13273,14100
13273,14101
13273,14102
13273,14103
13273,14104
13273,14105
13273,14106
13273,14107
13273,14108
13273,14109
13273,14110
13273,14111
13273,14112
13273,14113
13273,14114
13273,14115
13273,14116
13273,14117
13273,14118
13273,14119
13273,14120
13273,14121
13273,14122
13273,14123
13273,14124
13273,14125
13273,14126
13273,14127
13273,14128
13273,14129
13273,14130
13273,14131
13273,14132
13273,14133
13273,14134
13273,14135
13273,14136
13273,14137
13273,14138
13273,14139
13273,14140
13273,14141
13273,14142
13273,14143
13273,14144
13273,14145
13273,14146
13273,14147
13273,14148
13273,14149
13273,14150
13273,14151
13273,14152
13273,14153
13273,14154
13273,14155
13273,14156
13273,14157
13273,14158
13273,14159
13273,14160
13273,14161
13273,14162
13273,14163
13273,14164
13273,14165
13273,14166
13273,14167
13273,14168
13273,14169
13273,14170
13273,14171
13273,14172
13273,14173
13273,14174
13273,14175
13273,14176
13273,14177
13273,14178
13273,14179
13273,14180
13273,14181
13273,14182
13273,14183
13273,14184
13273,14185
13273,14186
13273,14187
13274,14042
13274,14043
13274,14044
13274,14045
13274,14046
13274,14047
13274,14048
13274,14049
13274,14050
13274,14051
13274,14052
13274,14053
13274,14054
13274,14055
13274,14056
13274,14057
13274,14058
13274,14059
13274,14060
13274,14061
13274,14062
13274,14063
13274,14064
13274,14065
13274,14066
13274,14067
13274,14068
13274,14069
13274,14070
13274,14071
13274,14072
13274,14073
13274,14074
13274,14075
13274,14076
13274,14077
13274,14078
13274,14079
13274,14080
13274,14081
13274,14082
13274,14083
13274,14084
13274,14085
13274,14086
13274,14087
13274,14088
13274,14089
13274,14090
13274,14091
13274,14092
13274,14093
13274,14094
13274,14095
13274,14096
13274,14097
13274,14098
13274,14099
13274,14100
13274,14101
13274,14102
13274,14103
13274,14104
13274,14105
13274,14106
13274,14107
13274,14108
13274,14109
13274,14110
13274,14111
13274,14112
13274,14113
13274,14114
13274,14115
13274,14116
13274,14117
13274,14118
13274,14119
13274,14120
13274,14121
13274,14122
13274,14123
13274,14124
13274,14125
13274,14126
13274,14127
13274,14128
13274,14129
13274,14130
13274,14131
13274,14132
13274,14133
13274,14134
13274,14135
13274,14136
13274,14137
13274,14138
13274,14139
13274,14140
13274,14141
13274,14142
13274,14143
13274,14144
13274,14145
13274,14146
13274,14147
13274,14148
13274,14149
13274,14150
13274,14151
13274,14152
13274,14153
13274,14154
13274,14155
13274,14156
13274,14157
13274,14158
13274,14159
13274,14160
13274,14161
13274,14162
13274,14163
13274,14164
13274,14165
13274,14166
13274,14167
13274,14168
13274,14169
13274,14170
13274,14171
13274,14172
13274,14173
13274,14174
13274,14175
13274,14176
13274,14177
13274,14178
13274,14179
13274,14180
13274,14181
13274,14182
13274,14183
13274,14184
13274,14185
13274,14186
13275,14043
13275,14044
13275,14045
13275,14046
13275,14047
13275,14048
13275,14049
13275,14050
13275,14051
13275,14052
13275,14053
13275,14054
13275,14055
13275,14056
13275,14057
13275,14058
13275,14059
13275,14060
13275,14061
13275,14062
13275,14063
13275,14064
13275,14065
13275,14066
13275,14067
13275,14068
13275,14069
13275,14070
13275,14071
13275,14072
13275,14073
13275,14074
13275,14075
13275,14076
13275,14077
13275,14078
13275,14079
13275,14080
13275,14081
13275,14082
13275,14083
13275,14084
13275,14085
13275,14086
13275,14087
13275,14088
13275,14089
13275,14090
13275,14091
13275,14092
13275,14093
13275,14094
13275,14095
13275,14096
13275,14097
13275,14098
13275,14099
13275,14100
13275,14101
13275,14102
13275,14103
13275,14104
13275,14105
13275,14106
13275,14107
13275,14108
13275,14109
13275,14110
13275,14111
13275,14112
13275,14113
13275,14114
13275,14115
13275,14116
13275,14117
13275,14118
13275,14119
13275,14120
13275,14121
13275,14122
13275,14123
13275,14124
13275,14125
13275,14126
13275,14127
13275,14128
13275,14129
13275,14130
13275,14131
13275,14132
13275,14133
13275,14134
13275,14135
13275,14136
13275,14137
13275,14138
13275,14139
13275,14140
13275,14141
13275,14142
13275,14143
13275,14144
13275,14145
13275,14146
13275,14147
13275,14148
13275,14149
13275,14150
13275,14151
13275,14152
13275,14153
13275,14154
13275,14155
13275,14156
13275,14157
13275,14158
13275,14159
13275,14160
13275,14161
13275,14162
13275,14163
13275,14164
13275,14165
13275,14166
13275,14167
13275,14168
13275,14169
13275,14170
13275,14171
13275,14172
13275,14173
13275,14174
13275,14175
13275,14176
13275,14177
13275,14178
13275,14179
13275,14180
13275,14181
13275,14182
13275,14183
13275,14184
13275,14185
13276,14043
13276,14044
13276,14045
13276,14046
13276,14047
13276,14048
13276,14049
13276,14050
13276,14051
13276,14052
13276,14053
13276,14054
13276,14055
13276,14056
13276,14057
13276,14058
13276,14059
13276,14060
13276,14061
13276,14062
13276,14063
13276,14064
13276,14065
13276,14066
13276,14067
13276,14068
13276,14069
13276,14070
13276,14071
13276,14072
13276,14073
13276,14074
13276,14075
13276,14076
13276,14077
13276,14078
13276,14079
13276,14080
13276,14081
13276,14082
13276,14083
13276,14084
13276,14085
13276,14086
13276,14087
13276,14088
13276,14089
13276,14090
13276,14091
13276,14092
13276,14093
13276,14094
13276,14095
13276,14096
13276,14097
13276,14098
13276,14099
13276,14100
13276,14101
13276,14102
13276,14103
13276,14104
13276,14105
13276,14106
13276,14107
13276,14108
13276,14109
13276,14110
13276,14111
13276,14112
13276,14113
13276,14114
13276,14115
13276,14116
13276,14117
13276,14118
13276,14119
13276,14120
13276,14121
13276,14122
13276,14123
13276,14124
13276,14125
13276,14126
13276,14127
13276,14128
13276,14129
13276,14130
13276,14131
13276,14132
13276,14133
13276,14134
13276,14135
13276,14136
13276,14137
13276,14138
13276,14139
13276,14140
13276,14141
13276,14142
13276,14143
13276,14144
13276,14145
13276,14146
13276,14147
13276,14148
13276,14149
13276,14150
13276,14151
13276,14152
13276,14153
13276,14154
13276,14155
13276,14156
13276,14157
13276,14158
13276,14159
13276,14160
13276,14161
13276,14162
13276,14163
13276,14164
13276,14165
13276,14166
13276,14167
13276,14168
13276,14169
13276,14170
13276,14171
13276,14172
13276,14173
13276,14174
13276,14175
13276,14176
13276,14177
13276,14178
13276,14179
13276,14180
13276,14181
13276,14182
13276,14183
13276,14184
13277,14044
13277,14045
13277,14046
13277,14047
13277,14048
13277,14049
13277,14050
13277,14051
13277,14052
13277,14053
13277,14054
13277,14055
13277,14056
13277,14057
13277,14058
13277,14059
13277,14060
13277,14061
13277,14062
13277,14063
13277,14064
13277,14065
13277,14066
13277,14067
13277,14068
13277,14069
13277,14070
13277,14071
13277,14072
13277,14073
13277,14074
13277,14075
13277,14076
13277,14077
13277,14078
13277,14079
13277,14080
13277,14081
13277,14082
13277,14083
13277,14084
13277,14085
13277,14086
13277,14087
13277,14088
13277,14089
13277,14090
13277,14091
13277,14092
13277,14093
13277,14094
13277,14095
13277,14096
13277,14097
13277,14098
13277,14099
13277,14100
13277,14101
13277,14102
13277,14103
13277,14104
13277,14105
13277,14106
13277,14107
13277,14108
13277,14109
13277,14110
13277,14111
13277,14112
13277,14113
13277,14114
13277,14115
13277,14116
13277,14117
13277,14118
13277,14119
13277,14120
13277,14121
13277,14122
13277,14123
13277,14124
13277,14125
13277,14126
13277,14127
13277,14128
13277,14129
13277,14130
13277,14131
13277,14132
13277,14133
13277,14134
13277,14135
13277,14136
13277,14137
13277,14138
13277,14139
13277,14140
13277,14141
13277,14142
13277,14143
13277,14144
13277,14145
13277,14146
13277,14147
13277,14148
13277,14149
13277,14150
13277,14151
13277,14152
13277,14153
13277,14154
13277,14155
13277,14156
13277,14157
13277,14158
13277,14159
13277,14160
13277,14161
13277,14162
13277,14163
13277,14164
13277,14165
13277,14166
13277,14167
13277,14168
13277,14169
13277,14170
13277,14171
13277,14172
13277,14173
13277,14174
13277,14175
13277,14176
13277,14177
13277,14178
13277,14179
13277,14180
13277,14181
13277,14182
13277,14183
13277,14184
13278,14045
13278,14046
13278,14047
13278,14048
13278,14049
13278,14050
13278,14051
13278,14052
13278,14053
13278,14054
13278,14055
13278,14056
13278,14057
13278,14058
13278,14059
13278,14060
13278,14061
13278,14062
13278,14063
13278,14064
13278,14065
13278,14066
13278,14067
13278,14068
13278,14069
13278,14070
13278,14071
13278,14072
13278,14073
13278,14074
13278,14075
13278,14076
13278,14077
13278,14078
13278,14079
13278,14080
13278,14081
13278,14082
13278,14083
13278,14084
13278,14085
13278,14086
13278,14087
13278,14088
13278,14089
13278,14090
13278,14091
13278,14092
13278,14093
13278,14094
13278,14095
13278,14096
13278,14097
13278,14098
13278,14099
13278,14100
13278,14101
13278,14102
13278,14103
13278,14104
13278,14105
13278,14106
13278,14107
13278,14108
13278,14109
13278,14110
13278,14111
13278,14112
13278,14113
13278,14114
13278,14115
13278,14116
13278,14117
13278,14118
13278,14119
13278,14120
13278,14121
13278,14122
13278,14123
13278,14124
13278,14125
13278,14126
13278,14127
13278,14128
13278,14129
13278,14130
13278,14131
13278,14132
13278,14133
13278,14134
13278,14135
13278,14136
13278,14137
13278,14138
13278,14139
13278,14140
13278,14141
13278,14142
13278,14143
13278,14144
13278,14145
13278,14146
13278,14147
13278,14148
13278,14149
13278,14150
13278,14151
13278,14152
13278,14153
13278,14154
13278,14155
13278,14156
13278,14157
13278,14158
13278,14159
13278,14160
13278,14161
13278,14162
13278,14163
13278,14164
13278,14165
13278,14166
13278,14167
13278,14168
13278,14169
13278,14170
13278,14171
13278,14172
13278,14173
13278,14174
13278,14175
13278,14176
13278,14177
13278,14178
13278,14179
13278,14180
13278,14181
13278,14182
13278,14183
13278,14184
13279,14047
13279,14048
13279,14049
13279,14050
13279,14051
13279,14052
13279,14053
13279,14054
13279,14055
13279,14056
13279,14057
13279,14058
13279,14059
13279,14060
13279,14061
13279,14062
13279,14063
13279,14064
13279,14065
13279,14066
13279,14067
13279,14068
13279,14069
13279,14070
13279,14071
13279,14072
13279,14073
13279,14074
13279,14075
13279,14076
13279,14077
13279,14078
13279,14079
13279,14080
13279,14081
13279,14082
13279,14083
13279,14084
13279,14085
13279,14086
13279,14087
13279,14088
13279,14089
13279,14090
13279,14091
13279,14092
13279,14093
13279,14094
13279,14095
13279,14096
13279,14097
13279,14098
13279,14099
13279,14100
13279,14101
13279,14102
13279,14103
13279,14104
13279,14105
13279,14106
13279,14107
13279,14108
13279,14109
13279,14110
13279,14111
13279,14112
13279,14113
13279,14114
13279,14115
13279,14116
13279,14117
13279,14118
13279,14119
13279,14120
13279,14121
13279,14122
13279,14123
13279,14124
13279,14125
13279,14126
13279,14127
13279,14128
13279,14129
13279,14130
13279,14131
13279,14132
13279,14133
13279,14134
13279,14135
13279,14136
13279,14137
13279,14138
13279,14139
13279,14140
13279,14141
13279,14142
13279,14143
13279,14144
13279,14145
13279,14146
13279,14147
13279,14148
13279,14149
13279,14150
13279,14151
13279,14152
13279,14153
13279,14154
13279,14155
13279,14156
13279,14157
13279,14158
13279,14159
13279,14160
13279,14161
13279,14162
13279,14163
13279,14164
13279,14165
13279,14166
13279,14167
13279,14168
13279,14169
13279,14170
13279,14171
13279,14172
13279,14173
13279,14174
13279,14175
13279,14176
13279,14177
13279,14178
13279,14179
13279,14180
13279,14181
13279,14182
13279,14183
13279,14184
13280,14048
13280,14049
13280,14050
13280,14051
13280,14052
13280,14053
13280,14054
13280,14055
13280,14056
13280,14057
13280,14058
13280,14059
13280,14060
13280,14061
13280,14062
13280,14063
13280,14064
13280,14065
13280,14066
13280,14067
13280,14068
13280,14069
13280,14070
13280,14071
13280,14072
13280,14073
13280,14074
13280,14075
13280,14076
13280,14077
13280,14078
13280,14079
13280,14080
13280,14081
13280,14082
13280,14083
13280,14084
13280,14085
13280,14086
13280,14087
13280,14088
13280,14089
13280,14090
13280,14091
13280,14092
13280,14093
13280,14094
13280,14095
13280,14096
13280,14097
13280,14098
13280,14099
13280,14100
13280,14101
13280,14102
13280,14103
13280,14104
13280,14105
13280,14106
13280,14107
13280,14108
13280,14109
13280,14110
13280,14111
13280,14112
13280,14113
13280,14114
13280,14115
13280,14116
13280,14117
13280,14118
13280,14119
13280,14120
13280,14121
13280,14122
13280,14123
13280,14124
13280,14125
13280,14126
13280,14127
13280,14128
13280,14129
13280,14130
13280,14131
13280,14132
13280,14133
13280,14134
13280,14135
13280,14136
13280,14137
13280,14138
13280,14139
13280,14140
13280,14141
13280,14142
13280,14143
13280,14144
13280,14145
13280,14146
13280,14147
13280,14148
13280,14149
13280,14150
13280,14151
13280,14152
13280,14153
13280,14154
13280,14155
13280,14156
13280,14157
13280,14158
13280,14159
13280,14160
13280,14161
13280,14162
13280,14163
13280,14164
13280,14165
13280,14166
13280,14167
13280,14168
13280,14169
13280,14170
13280,14171
13280,14172
13280,14173
13280,14174
13280,14175
13280,14176
13280,14177
13280,14178
13280,14179
13280,14180
13280,14181
13280,14182
13280,14183
13280,14184
13281,14048
13281,14049
13281,14050
13281,14051
13281,14052
13281,14053
13281,14054
13281,14055
13281,14056
13281,14057
13281,14058
13281,14059
13281,14060
13281,14061
13281,14062
13281,14063
13281,14064
13281,14065
13281,14066
13281,14067
13281,14068
13281,14069
13281,14070
13281,14071
13281,14072
13281,14073
13281,14074
13281,14075
13281,14076
13281,14077
13281,14078
13281,14079
13281,14080
13281,14081
13281,14082
13281,14083
13281,14084
13281,14085
13281,14086
13281,14087
13281,14088
13281,14089
13281,14090
13281,14091
13281,14092
13281,14093
13281,14094
13281,14095
13281,14096
13281,14097
13281,14098
13281,14099
13281,14100
13281,14101
13281,14102
13281,14103
13281,14104
13281,14105
13281,14106
13281,14107
13281,14108
13281,14109
13281,14110
13281,14111
13281,14112
13281,14113
13281,14114
13281,14115
13281,14116
13281,14117
13281,14118
13281,14119
13281,14120
13281,14121
13281,14122
13281,14123
13281,14124
13281,14125
13281,14126
13281,14127
13281,14128
13281,14129
13281,14130
13281,14131
13281,14132
13281,14133
13281,14134
13281,14135
13281,14136
13281,14137
13281,14138
13281,14139
13281,14140
13281,14141
13281,14142
13281,14143
13281,14144
13281,14145
13281,14146
13281,14147
13281,14148
13281,14149
13281,14150
13281,14151
13281,14152
13281,14153
13281,14154
13281,14155
13281,14156
13281,14157
13281,14158
13281,14159
13281,14160
13281,14161
13281,14162
13281,14163
13281,14164
13281,14165
13281,14166
13281,14167
13281,14168
13281,14169
13281,14170
13281,14171
13281,14172
13281,14173
13281,14174
13281,14175
13281,14176
13281,14177
13281,14178
13281,14179
13281,14180
13281,14181
13281,14182
13281,14183
13282,14035
13282,14047
13282,14048
13282,14049
13282,14050
13282,14051
13282,14052
13282,14053
13282,14054
13282,14055
13282,14056
13282,14057
13282,14058
13282,14059
13282,14060
13282,14061
13282,14062
13282,14063
13282,14064
13282,14065
13282,14066
13282,14067
13282,14068
13282,14069
13282,14070
13282,14071
13282,14072
13282,14073
13282,14074
13282,14075
13282,14076
13282,14077
13282,14078
13282,14079
13282,14080
13282,14081
13282,14082
13282,14083
13282,14084
13282,14085
13282,14086
13282,14087
13282,14088
13282,14089
13282,14090
13282,14091
13282,14092
13282,14093
13282,14094
13282,14095
13282,14096
13282,14097
13282,14098
13282,14099
13282,14100
13282,14101
13282,14102
13282,14103
13282,14104
13282,14105
13282,14106
13282,14107
13282,14108
13282,14109
13282,14110
13282,14111
13282,14112
13282,14113
13282,14114
13282,14115
13282,14116
13282,14117
13282,14118
13282,14119
13282,14120
13282,14121
13282,14122
13282,14123
13282,14124
13282,14125
13282,14126
13282,14127
13282,14128
13282,14129
13282,14130
13282,14131
13282,14132
13282,14133
13282,14134
13282,14135
13282,14136
13282,14137
13282,14138
13282,14139
13282,14140
13282,14141
13282,14142
13282,14143
13282,14144
13282,14145
13282,14146
13282,14147
13282,14148
13282,14149
13282,14150
13282,14151
13282,14152
13282,14153
13282,14154
13282,14155
13282,14156
13282,14157
13282,14158
13282,14159
13282,14160
13282,14161
13282,14162
13282,14163
13282,14164
13282,14165
13282,14166
13282,14167
13282,14168
13282,14169
13282,14170
13282,14171
13282,14172
13282,14173
13282,14174
13282,14175
13282,14176
13282,14177
13282,14178
13282,14179
13282,14180
13282,14181
13282,14182
13282,14183
13283,14033
13283,14034
13283,14035
13283,14036
13283,14037
13283,14038
13283,14045
13283,14046
13283,14047
13283,14048
13283,14049
13283,14050
13283,14051
13283,14052
13283,14053
13283,14054
13283,14055
13283,14056
13283,14057
13283,14058
13283,14059
13283,14060
13283,14061
13283,14062
13283,14063
13283,14064
13283,14065
13283,14066
13283,14067
13283,14068
13283,14069
13283,14070
13283,14071
13283,14072
13283,14073
13283,14074
13283,14075
13283,14076
13283,14077
13283,14078
13283,14079
13283,14080
13283,14081
13283,14082
13283,14083
13283,14084
13283,14085
13283,14086
13283,14087
13283,14088
13283,14089
13283,14090
13283,14091
13283,14092
13283,14093
13283,14094
13283,14095
13283,14096
13283,14097
13283,14098
13283,14099
13283,14100
13283,14101
13283,14102
13283,14103
13283,14104
13283,14105
13283,14106
13283,14107
13283,14108
13283,14109
13283,14110
13283,14111
13283,14112
13283,14113
13283,14114
13283,14115
13283,14116
13283,14117
13283,14118
13283,14119
13283,14120
13283,14121
13283,14122
13283,14123
13283,14124
13283,14125
13283,14126
13283,14127
13283,14128
13283,14129
13283,14130
13283,14131
13283,14132
13283,14133
13283,14134
13283,14135
13283,14136
13283,14137
13283,14138
13283,14139
13283,14140
13283,14141
13283,14142
13283,14143
13283,14144
13283,14145
13283,14146
13283,14147
13283,14148
13283,14149
13283,14150
13283,14151
13283,14152
13283,14153
13283,14154
13283,14155
13283,14156
13283,14157
13283,14158
13283,14159
13283,14160
13283,14161
13283,14162
13283,14163
13283,14164
13283,14165
13283,14166
13283,14167
13283,14168
13283,14169
13283,14170
13283,14171
13283,14172
13283,14173
13283,14174
13283,14175
13283,14176
13283,14177
13283,14178
13283,14179
13283,14180
13283,14181
13283,14182
13283,14183
13284,14032
13284,14033
13284,14034
13284,14035
13284,14036
13284,14037
13284,14038
13284,14039
13284,14043
13284,14044
13284,14045
13284,14046
13284,14047
13284,14048
13284,14049
13284,14050
13284,14051
13284,14052
13284,14053
13284,14054
13284,14055
13284,14056
13284,14057
13284,14058
13284,14059
13284,14060
13284,14061
13284,14062
13284,14063
13284,14064
13284,14065
13284,14066
13284,14067
13284,14068
13284,14069
13284,14070
13284,14071
13284,14072
13284,14073
13284,14074
13284,14075
13284,14076
13284,14077
13284,14078
13284,14079
13284,14080
13284,14081
13284,14082
13284,14083
13284,14084
13284,14085
13284,14086
13284,14087
13284,14088
13284,14089
13284,14090
13284,14091
13284,14092
13284,14093
13284,14094
13284,14095
13284,14096
13284,14097
13284,14098
13284,14099
13284,14100
13284,14101
13284,14102
13284,14103
13284,14104
13284,14105
13284,14106
13284,14107
13284,14108
13284,14109
13284,14110
13284,14111
13284,14112
13284,14113
13284,14114
13284,14115
13284,14116
13284,14117
13284,14118
13284,14119
13284,14120
13284,14121
13284,14122
13284,14123
13284,14124
13284,14125
13284,14126
13284,14127
13284,14128
13284,14129
13284,14130
13284,14131
13284,14132
13284,14133
13284,14134
13284,14135
13284,14136
13284,14137
13284,14138
13284,14139
13284,14140
13284,14141
13284,14142
13284,14143
13284,14144
13284,14145
13284,14146
13284,14147
13284,14148
13284,14149
13284,14150
13284,14151
13284,14152
13284,14153
13284,14154
13284,14155
13284,14156
13284,14157
13284,14158
13284,14159
13284,14160
13284,14161
13284,14162
13284,14163
13284,14164
13284,14165
13284,14166
13284,14167
13284,14168
13284,14169
13284,14170
13284,14171
13284,14172
13284,14173
13284,14174
13284,14175
13284,14176
13284,14177
13284,14178
13284,14179
13284,14180
13284,14181
13284,14182
13285,14031
13285,14032
13285,14033
13285,14034
13285,14035
13285,14036
13285,14037
13285,14038
13285,14039
13285,14040
13285,14041
13285,14042
13285,14043
13285,14044
13285,14045
13285,14046
13285,14047
13285,14048
13285,14049
13285,14050
13285,14051
13285,14052
13285,14053
13285,14054
13285,14055
13285,14056
13285,14057
13285,14058
13285,14059
13285,14060
13285,14061
13285,14062
13285,14063
13285,14064
13285,14065
13285,14066
13285,14067
13285,14068
13285,14069
13285,14070
13285,14071
13285,14072
13285,14073
13285,14074
13285,14075
13285,14076
13285,14077
13285,14078
13285,14079
13285,14080
13285,14081
13285,14082
13285,14083
13285,14084
13285,14085
13285,14086
13285,14087
13285,14088
13285,14089
13285,14090
13285,14091
13285,14092
13285,14093
13285,14094
13285,14095
13285,14096
13285,14097
13285,14098
13285,14099
13285,14100
13285,14101
13285,14102
13285,14103
13285,14104
13285,14105
13285,14106
13285,14107
13285,14108
13285,14109
13285,14110
13285,14111
13285,14112
13285,14113
13285,14114
13285,14115
13285,14116
13285,14117
13285,14118
13285,14119
13285,14120
13285,14121
13285,14122
13285,14123
13285,14124
13285,14125
13285,14126
13285,14127
13285,14128
13285,14129
13285,14130
13285,14131
13285,14132
13285,14133
13285,14134
13285,14135
13285,14136
13285,14137
13285,14138
13285,14139
13285,14140
13285,14141
13285,14142
13285,14143
13285,14144
13285,14145
13285,14146
13285,14147
13285,14148
13285,14149
13285,14150
13285,14151
13285,14152
13285,14153
13285,14154
13285,14155
13285,14156
13285,14157
13285,14158
13285,14159
13285,14160
13285,14161
13285,14162
13285,14163
13285,14164
13285,14165
13285,14166
13285,14167
13285,14168
13285,14169
13285,14170
13285,14171
13285,14172
13285,14173
13285,14174
13285,14175
13285,14176
13285,14177
13285,14178
13285,14179
13285,14180
13285,14181
13286,14031
13286,14032
13286,14033
13286,14034
13286,14035
13286,14036
13286,14037
13286,14038
13286,14039
13286,14040
13286,14041
13286,14042
13286,14043
13286,14044
13286,14045
13286,14046
13286,14047
13286,14048
13286,14049
13286,14050
13286,14051
13286,14052
13286,14053
13286,14054
13286,14055
13286,14056
13286,14057
13286,14058
13286,14059
13286,14060
13286,14061
13286,14062
13286,14063
13286,14064
13286,14065
13286,14066
13286,14067
13286,14068
13286,14069
13286,14070
13286,14071
13286,14072
13286,14073
13286,14074
13286,14075
13286,14076
13286,14077
13286,14078
13286,14079
13286,14080
13286,14081
13286,14082
13286,14083
13286,14084
13286,14085
13286,14086
13286,14087
13286,14088
13286,14089
13286,14090
13286,14091
13286,14092
13286,14093
13286,14094
13286,14095
13286,14096
13286,14097
13286,14098
13286,14099
13286,14100
13286,14101
13286,14102
13286,14103
13286,14104
13286,14105
13286,14106
13286,14107
13286,14108
13286,14109
13286,14110
13286,14111
13286,14112
13286,14113
13286,14114
13286,14115
13286,14116
13286,14117
13286,14118
13286,14119
13286,14120
13286,14121
13286,14122
13286,14123
13286,14124
13286,14125
13286,14126
13286,14127
13286,14128
13286,14129
13286,14130
13286,14131
13286,14132
13286,14133
13286,14134
13286,14135
13286,14136
13286,14137
13286,14138
13286,14139
13286,14140
13286,14141
13286,14142
13286,14143
13286,14144
13286,14145
13286,14146
13286,14147
13286,14148
13286,14149
13286,14150
13286,14151
13286,14152
13286,14153
13286,14154
13286,14155
13286,14156
13286,14157
13286,14158
13286,14159
13286,14160
13286,14161
13286,14162
13286,14163
13286,14164
13286,14165
13286,14166
13286,14167
13286,14168
13286,14169
13286,14170
13286,14171
13286,14172
13286,14173
13286,14174
13286,14175
13286,14176
13286,14177
13286,14178
13286,14179
13286,14180
13286,14181
13287,14030
13287,14031
13287,14032
13287,14033
13287,14034
13287,14035
13287,14036
13287,14037
13287,14038
13287,14039
13287,14040
13287,14041
13287,14042
13287,14043
13287,14044
13287,14045
13287,14046
13287,14047
13287,14048
13287,14049
13287,14050
13287,14051
13287,14052
13287,14053
13287,14054
13287,14055
13287,14056
13287,14057
13287,14058
13287,14059
13287,14060
13287,14061
13287,14062
13287,14063
13287,14064
13287,14065
13287,14066
13287,14067
13287,14068
13287,14069
13287,14070
13287,14071
13287,14072
13287,14073
13287,14074
13287,14075
13287,14076
13287,14077
13287,14078
13287,14079
13287,14080
13287,14081
13287,14082
13287,14083
13287,14084
13287,14085
13287,14086
13287,14087
13287,14088
13287,14089
13287,14090
13287,14091
13287,14092
13287,14093
13287,14094
13287,14095
13287,14096
13287,14097
13287,14098
13287,14099
13287,14100
13287,14101
13287,14102
13287,14103
13287,14104
13287,14105
13287,14106
13287,14107
13287,14108
13287,14109
13287,14110
13287,14111
13287,14112
13287,14113
13287,14114
13287,14115
13287,14116
13287,14117
13287,14118
13287,14119
13287,14120
13287,14121
13287,14122
13287,14123
13287,14124
13287,14125
13287,14126
13287,14127
13287,14128
13287,14129
13287,14130
13287,14131
13287,14132
13287,14133
13287,14134
13287,14135
13287,14136
13287,14137
13287,14138
13287,14139
13287,14140
13287,14141
13287,14142
13287,14143
13287,14144
13287,14145
13287,14146
13287,14147
13287,14148
13287,14149
13287,14150
13287,14151
13287,14152
13287,14153
13287,14154
13287,14155
13287,14156
13287,14157
13287,14158
13287,14159
13287,14160
13287,14161
13287,14162
13287,14163
13287,14164
13287,14165
13287,14166
13287,14167
13287,14168
13287,14169
13287,14170
13287,14171
13287,14172
13287,14173
13287,14174
13287,14175
13287,14176
13287,14177
13287,14178
13287,14179
13287,14180
13287,14181
13288,14030
13288,14031
13288,14032
13288,14033
13288,14034
13288,14035
13288,14036
13288,14037
13288,14038
13288,14039
13288,14040
13288,14041
13288,14042
13288,14043
13288,14044
13288,14045
13288,14046
13288,14047
13288,14048
13288,14049
13288,14050
13288,14051
13288,14052
13288,14053
13288,14054
13288,14055
13288,14056
13288,14057
13288,14058
13288,14059
13288,14060
13288,14061
13288,14062
13288,14063
13288,14064
13288,14065
13288,14066
13288,14067
13288,14068
13288,14069
13288,14070
13288,14071
13288,14072
13288,14073
13288,14074
13288,14075
13288,14076
13288,14077
13288,14078
13288,14079
13288,14080
13288,14081
13288,14082
13288,14083
13288,14084
13288,14085
13288,14086
13288,14087
13288,14088
13288,14089
13288,14090
13288,14091
13288,14092
13288,14093
13288,14094
13288,14095
13288,14096
13288,14097
13288,14098
13288,14099
13288,14100
13288,14101
13288,14102
13288,14103
13288,14104
13288,14105
13288,14106
13288,14107
13288,14108
13288,14109
13288,14110
13288,14111
13288,14112
13288,14113
13288,14114
13288,14115
13288,14116
13288,14117
13288,14118
13288,14119
13288,14120
13288,14121
13288,14122
13288,14123
13288,14124
13288,14125
13288,14126
13288,14127
13288,14128
13288,14129
13288,14130
13288,14131
13288,14132
13288,14133
13288,14134
13288,14135
13288,14136
13288,14137
13288,14138
13288,14139
13288,14140
13288,14141
13288,14142
13288,14143
13288,14144
13288,14145
13288,14146
13288,14147
13288,14148
13288,14149
13288,14150
13288,14151
13288,14152
13288,14153
13288,14154
13288,14155
13288,14156
13288,14157
13288,14158
13288,14159
13288,14160
13288,14161
13288,14162
13288,14163
13288,14164
13288,14165
13288,14166
13288,14167
13288,14168
13288,14169
13288,14170
13288,14171
13288,14172
13288,14173
13288,14174
13288,14175
13288,14176
13288,14177
13288,14178
13288,14179
13288,14180
13289,14030
13289,14031
13289,14032
13289,14033
13289,14034
13289,14035
13289,14036
13289,14037
13289,14038
13289,14039
13289,14040
13289,14041
13289,14042
13289,14043
13289,14044
13289,14045
13289,14046
13289,14047
13289,14048
13289,14049
13289,14050
13289,14051
13289,14052
13289,14053
13289,14054
13289,14055
13289,14056
13289,14057
13289,14058
13289,14059
13289,14060
13289,14061
13289,14062
13289,14063
13289,14064
13289,14065
13289,14066
13289,14067
13289,14068
13289,14069
13289,14070
13289,14071
13289,14072
13289,14073
13289,14074
13289,14075
13289,14076
13289,14077
13289,14078
13289,14079
13289,14080
13289,14081
13289,14082
13289,14083
13289,14084
13289,14085
13289,14086
13289,14087
13289,14088
13289,14089
13289,14090
13289,14091
13289,14092
13289,14093
13289,14094
13289,14095
13289,14096
13289,14097
13289,14098
13289,14099
13289,14100
13289,14101
13289,14102
13289,14103
13289,14104
13289,14105
13289,14106
13289,14107
13289,14108
13289,14109
13289,14110
13289,14111
13289,14112
13289,14113
13289,14114
13289,14115
13289,14116
13289,14117
13289,14118
13289,14119
13289,14120
13289,14121
13289,14122
13289,14123
13289,14124
13289,14125
13289,14126
13289,14127
13289,14128
13289,14129
13289,14130
13289,14131
13289,14132
13289,14133
13289,14134
13289,14135
13289,14136
13289,14137
13289,14138
13289,14139
13289,14140
13289,14141
13289,14142
13289,14143
13289,14144
13289,14145
13289,14146
13289,14147
13289,14148
13289,14149
13289,14150
13289,14151
13289,14152
13289,14153
13289,14154
13289,14155
13289,14156
13289,14157
13289,14158
13289,14159
13289,14160
13289,14161
13289,14162
13289,14163
13289,14164
13289,14165
13289,14166
13289,14167
13289,14168
13289,14169
13289,14170
13289,14171
13289,14172
13289,14173
13289,14174
13289,14175
13289,14176
13289,14177
13289,14178
13289,14179
13289,14180
13290,14030
13290,14031
13290,14032
13290,14033
13290,14034
13290,14035
13290,14036
13290,14037
13290,14038
13290,14039
13290,14040
13290,14041
13290,14042
13290,14043
13290,14044
13290,14045
13290,14046
13290,14047
13290,14048
13290,14049
13290,14050
13290,14051
13290,14052
13290,14053
13290,14054
13290,14055
13290,14056
13290,14057
13290,14058
13290,14059
13290,14060
13290,14061
13290,14062
13290,14063
13290,14064
13290,14065
13290,14066
13290,14067
13290,14068
13290,14069
13290,14070
13290,14071
13290,14072
13290,14073
13290,14074
13290,14075
13290,14076
13290,14077
13290,14078
13290,14079
13290,14080
13290,14081
13290,14082
13290,14083
13290,14084
13290,14085
13290,14086
13290,14087
13290,14088
13290,14089
13290,14090
13290,14091
13290,14092
13290,14093
13290,14094
13290,14095
13290,14096
13290,14097
13290,14098
13290,14099
13290,14100
13290,14101
13290,14102
13290,14103
13290,14104
13290,14105
13290,14106
13290,14107
13290,14108
13290,14109
13290,14110
13290,14111
13290,14112
13290,14113
13290,14114
13290,14115
13290,14116
13290,14117
13290,14118
13290,14119
13290,14120
13290,14121
13290,14122
13290,14123
13290,14124
13290,14125
13290,14126
13290,14127
13290,14128
13290,14129
13290,14130
13290,14131
13290,14132
13290,14133
13290,14134
13290,14135
13290,14136
13290,14137
13290,14138
13290,14139
13290,14140
13290,14141
13290,14142
13290,14143
13290,14144
13290,14145
13290,14146
13290,14147
13290,14148
13290,14149
13290,14150
13290,14151
13290,14152
13290,14153
13290,14154
13290,14155
13290,14156
13290,14157
13290,14158
13290,14159
13290,14160
13290,14161
13290,14162
13290,14163
13290,14164
13290,14165
13290,14166
13290,14167
13290,14168
13290,14169
13290,14170
13290,14171
13290,14172
13290,14173
13290,14174
13290,14175
13290,14176
13290,14177
13290,14178
13290,14179
13291,14029
13291,14030
13291,14031
13291,14032
13291,14033
13291,14034
13291,14035
13291,14036
13291,14037
13291,14038
13291,14039
13291,14040
13291,14041
13291,14042
13291,14043
13291,14044
13291,14045
13291,14046
13291,14047
13291,14048
13291,14049
13291,14050
13291,14051
13291,14052
13291,14053
13291,14054
13291,14055
13291,14056
13291,14057
13291,14058
13291,14059
13291,14060
13291,14061
13291,14062
13291,14063
13291,14064
13291,14065
13291,14066
13291,14067
13291,14068
13291,14069
13291,14070
13291,14071
13291,14072
13291,14073
13291,14074
13291,14075
13291,14076
13291,14077
13291,14078
13291,14079
13291,14080
13291,14081
13291,14082
13291,14083
13291,14084
13291,14085
13291,14086
13291,14087
13291,14088
13291,14089
13291,14090
13291,14091
13291,14092
13291,14093
13291,14094
13291,14095
13291,14096
13291,14097
13291,14098
13291,14099
13291,14100
13291,14101
13291,14102
13291,14103
13291,14104
13291,14105
13291,14106
13291,14107
13291,14108
13291,14109
13291,14110
13291,14111
13291,14112
13291,14113
13291,14114
13291,14115
13291,14116
13291,14117
13291,14118
13291,14119
13291,14120
13291,14121
13291,14122
13291,14123
13291,14124
13291,14125
13291,14126
13291,14127
13291,14128
13291,14129
13291,14130
13291,14131
13291,14132
13291,14133
13291,14134
13291,14135
13291,14136
13291,14137
13291,14138
13291,14139
13291,14140
13291,14141
13291,14142
13291,14143
13291,14144
13291,14145
13291,14146
13291,14147
13291,14148
13291,14149
13291,14150
13291,14151
13291,14152
13291,14153
13291,14154
13291,14155
13291,14156
13291,14157
13291,14158
13291,14159
13291,14160
13291,14161
13291,14162
13291,14163
13291,14164
13291,14165
13291,14166
13291,14167
13291,14168
13291,14169
13291,14170
13291,14171
13291,14172
13291,14173
13291,14174
13291,14175
13291,14176
13291,14177
13291,14178
13291,14179
13292,14029
13292,14030
13292,14031
13292,14032
13292,14033
13292,14034
13292,14035
13292,14036
13292,14037
13292,14038
13292,14039
13292,14040
13292,14041
13292,14042
13292,14043
13292,14044
13292,14045
13292,14046
13292,14047
13292,14048
13292,14049
13292,14050
13292,14051
13292,14052
13292,14053
13292,14054
13292,14055
13292,14056
13292,14057
13292,14058
13292,14059
13292,14060
13292,14061
13292,14062
13292,14063
13292,14064
13292,14065
13292,14066
13292,14067
13292,14068
13292,14069
13292,14070
13292,14071
13292,14072
13292,14073
13292,14074
13292,14075
13292,14076
13292,14077
13292,14078
13292,14079
13292,14080
13292,14081
13292,14082
13292,14083
13292,14084
13292,14085
13292,14086
13292,14087
13292,14088
13292,14089
13292,14090
13292,14091
13292,14092
13292,14093
13292,14094
13292,14095
13292,14096
13292,14097
13292,14098
13292,14099
13292,14100
13292,14101
13292,14102
13292,14103
13292,14104
13292,14105
13292,14106
13292,14107
13292,14108
13292,14109
13292,14110
13292,14111
13292,14112
13292,14113
13292,14114
13292,14115
13292,14116
13292,14117
13292,14118
13292,14119
13292,14120
13292,14121
13292,14122
13292,14123
13292,14124
13292,14125
13292,14126
13292,14127
13292,14128
13292,14129
13292,14130
13292,14131
13292,14132
13292,14133
13292,14134
13292,14135
13292,14136
13292,14137
13292,14138
13292,14139
13292,14140
13292,14141
13292,14142
13292,14143
13292,14144
13292,14145
13292,14146
13292,14147
13292,14148
13292,14149
13292,14150
13292,14151
13292,14152
13292,14153
13292,14154
13292,14155
13292,14156
13292,14157
13292,14158
13292,14159
13292,14160
13292,14161
13292,14162
13292,14163
13292,14164
13292,14165
13292,14166
13292,14167
13292,14168
13292,14169
13292,14170
13292,14171
13292,14172
13292,14173
13292,14174
13292,14175
13292,14176
13292,14177
13292,14178
13292,14179
13293,14029
13293,14030
13293,14031
13293,14032
13293,14033
13293,14034
13293,14035
13293,14036
13293,14037
13293,14038
13293,14039
13293,14040
13293,14041
13293,14042
13293,14043
13293,14044
13293,14045
13293,14046
13293,14047
13293,14048
13293,14049
13293,14050
13293,14051
13293,14052
13293,14053
13293,14054
13293,14055
13293,14056
13293,14057
13293,14058
13293,14059
13293,14060
13293,14061
13293,14062
13293,14063
13293,14064
13293,14065
13293,14066
13293,14067
13293,14068
13293,14069
13293,14070
13293,14071
13293,14072
13293,14073
13293,14074
13293,14075
13293,14076
13293,14077
13293,14078
13293,14079
13293,14080
13293,14081
13293,14082
13293,14083
13293,14084
13293,14085
13293,14086
13293,14087
13293,14088
13293,14089
13293,14090
13293,14091
13293,14092
13293,14093
13293,14094
13293,14095
13293,14096
13293,14097
13293,14098
13293,14099
13293,14100
13293,14101
13293,14102
13293,14103
13293,14104
13293,14105
13293,14106
13293,14107
13293,14108
13293,14109
13293,14110
13293,14111
13293,14112
13293,14113
13293,14114
13293,14115
13293,14116
13293,14117
13293,14118
13293,14119
13293,14120
13293,14121
13293,14122
13293,14123
13293,14124
13293,14125
13293,14126
13293,14127
13293,14128
13293,14129
13293,14130
13293,14131
13293,14132
13293,14133
13293,14134
13293,14135
13293,14136
13293,14137
13293,14138
13293,14139
13293,14140
13293,14141
13293,14142
13293,14143
13293,14144
13293,14145
13293,14146
13293,14147
13293,14148
13293,14149
13293,14150
13293,14151
13293,14152
13293,14153
13293,14154
13293,14155
13293,14156
13293,14157
13293,14158
13293,14159
13293,14160
13293,14161
13293,14162
13293,14163
13293,14164
13293,14165
13293,14166
13293,14167
13293,14168
13293,14169
13293,14170
13293,14171
13293,14172
13293,14173
13293,14174
13293,14175
13293,14176
13293,14177
13293,14178
13294,14028
13294,14029
13294,14030
13294,14031
13294,14032
13294,14033
13294,14034
13294,14035
13294,14036
13294,14037
13294,14038
13294,14039
13294,14040
13294,14041
13294,14042
13294,14043
13294,14044
13294,14045
13294,14046
13294,14047
13294,14048
13294,14049
13294,14050
13294,14051
13294,14052
13294,14053
13294,14054
13294,14055
13294,14056
13294,14057
13294,14058
13294,14059
13294,14060
13294,14061
13294,14062
13294,14063
13294,14064
13294,14065
13294,14066
13294,14067
13294,14068
13294,14069
13294,14070
13294,14071
13294,14072
13294,14073
13294,14074
13294,14075
13294,14076
13294,14077
13294,14078
13294,14079
13294,14080
13294,14081
13294,14082
13294,14083
13294,14084
13294,14085
13294,14086
13294,14087
13294,14088
13294,14089
13294,14090
13294,14091
13294,14092
13294,14093
13294,14094
13294,14095
13294,14096
13294,14097
13294,14098
13294,14099
13294,14100
13294,14101
13294,14102
13294,14103
13294,14104
13294,14105
13294,14106
13294,14107
13294,14108
13294,14109
13294,14110
13294,14111
13294,14112
13294,14113
13294,14114
13294,14115
13294,14116
13294,14117
13294,14118
13294,14119
13294,14120
13294,14121
13294,14122
13294,14123
13294,14124
13294,14125
13294,14126
13294,14127
13294,14128
13294,14129
13294,14130
13294,14131
13294,14132
13294,14133
13294,14134
13294,14135
13294,14136
13294,14137
13294,14138
13294,14139
13294,14140
13294,14141
13294,14142
13294,14143
13294,14144
13294,14145
13294,14146
13294,14147
13294,14148
13294,14149
13294,14150
13294,14151
13294,14152
13294,14153
13294,14154
13294,14155
13294,14156
13294,14157
13294,14158
13294,14159
13294,14160
13294,14161
13294,14162
13294,14163
13294,14164
13294,14165
13294,14166
13294,14167
13294,14168
13294,14169
13294,14170
13294,14171
13294,14172
13294,14173
13294,14174
13294,14175
13294,14176
13294,14177
13294,14178
13295,14029
13295,14030
13295,14031
13295,14032
13295,14033
13295,14034
13295,14035
13295,14036
13295,14037
13295,14038
13295,14039
13295,14040
13295,14041
13295,14042
13295,14043
13295,14044
13295,14045
13295,14046
13295,14047
13295,14048
13295,14049
13295,14050
13295,14051
13295,14052
13295,14053
13295,14054
13295,14055
13295,14056
13295,14057
13295,14058
13295,14059
13295,14060
13295,14061
13295,14062
13295,14063
13295,14064
13295,14065
13295,14066
13295,14067
13295,14068
13295,14069
13295,14070
13295,14071
13295,14072
13295,14073
13295,14074
13295,14075
13295,14076
13295,14077
13295,14078
13295,14079
13295,14080
13295,14081
13295,14082
13295,14083
13295,14084
13295,14085
13295,14086
13295,14087
13295,14088
13295,14089
13295,14090
13295,14091
13295,14092
13295,14093
13295,14094
13295,14095
13295,14096
13295,14097
13295,14098
13295,14099
13295,14100
13295,14101
13295,14102
13295,14103
13295,14104
13295,14105
13295,14106
13295,14107
13295,14108
13295,14109
13295,14110
13295,14111
13295,14112
13295,14113
13295,14114
13295,14115
13295,14116
13295,14117
13295,14118
13295,14119
13295,14120
13295,14121
13295,14122
13295,14123
13295,14124
13295,14125
13295,14126
13295,14127
13295,14128
13295,14129
13295,14130
13295,14131
13295,14132
13295,14133
13295,14134
13295,14135
13295,14136
13295,14137
13295,14138
13295,14139
13295,14140
13295,14141
13295,14142
13295,14143
13295,14144
13295,14145
13295,14146
13295,14147
13295,14148
13295,14149
13295,14150
13295,14151
13295,14152
13295,14153
13295,14154
13295,14155
13295,14156
13295,14157
13295,14158
13295,14159
13295,14160
13295,14161
13295,14162
13295,14163
13295,14164
13295,14165
13295,14166
13295,14167
13295,14168
13295,14169
13295,14170
13295,14171
13295,14172
13295,14173
13295,14174
13295,14175
13295,14176
13295,14177
13296,14029
13296,14030
13296,14031
13296,14032
13296,14033
13296,14034
13296,14035
13296,14036
13296,14037
13296,14038
13296,14039
13296,14040
13296,14041
13296,14042
13296,14043
13296,14044
13296,14045
13296,14046
13296,14047
13296,14048
13296,14049
13296,14050
13296,14051
13296,14052
13296,14053
13296,14054
13296,14055
13296,14056
13296,14057
13296,14058
13296,14059
13296,14060
13296,14061
13296,14062
13296,14063
13296,14064
13296,14065
13296,14066
13296,14067
13296,14068
13296,14069
13296,14070
13296,14071
13296,14072
13296,14073
13296,14074
13296,14075
13296,14076
13296,14077
13296,14078
13296,14079
13296,14080
13296,14081
13296,14082
13296,14083
13296,14084
13296,14085
13296,14086
13296,14087
13296,14088
13296,14089
13296,14090
13296,14091
13296,14092
13296,14093
13296,14094
13296,14095
13296,14096
13296,14097
13296,14098
13296,14099
13296,14100
13296,14101
13296,14102
13296,14103
13296,14104
13296,14105
13296,14106
13296,14107
13296,14108
13296,14109
13296,14110
13296,14111
13296,14112
13296,14113
13296,14114
13296,14115
13296,14116
13296,14117
13296,14118
13296,14119
13296,14120
13296,14121
13296,14122
13296,14123
13296,14124
13296,14125
13296,14126
13296,14127
13296,14128
13296,14129
13296,14130
13296,14131
13296,14132
13296,14133
13296,14134
13296,14135
13296,14136
13296,14137
13296,14138
13296,14139
13296,14140
13296,14141
13296,14142
13296,14143
13296,14144
13296,14145
13296,14146
13296,14147
13296,14148
13296,14149
13296,14150
13296,14151
13296,14152
13296,14153
13296,14154
13296,14155
13296,14156
13296,14157
13296,14158
13296,14159
13296,14160
13296,14161
13296,14162
13296,14163
13296,14164
13296,14165
13296,14166
13296,14167
13296,14168
13296,14169
13296,14170
13296,14171
13296,14172
13296,14173
13296,14174
13296,14175
13296,14176
13297,14030
13297,14031
13297,14032
13297,14033
13297,14034
13297,14035
13297,14036
13297,14037
13297,14038
13297,14039
13297,14040
13297,14041
13297,14042
13297,14043
13297,14044
13297,14045
13297,14046
13297,14047
13297,14048
13297,14049
13297,14050
13297,14051
13297,14052
13297,14053
13297,14054
13297,14055
13297,14056
13297,14057
13297,14058
13297,14059
13297,14060
13297,14061
13297,14062
13297,14063
13297,14064
13297,14065
13297,14066
13297,14067
13297,14068
13297,14069
13297,14070
13297,14071
13297,14072
13297,14073
13297,14074
13297,14075
13297,14076
13297,14077
13297,14078
13297,14079
13297,14080
13297,14081
13297,14082
13297,14083
13297,14084
13297,14085
13297,14086
13297,14087
13297,14088
13297,14089
13297,14090
13297,14091
13297,14092
13297,14093
13297,14094
13297,14095
13297,14096
13297,14097
13297,14098
13297,14099
13297,14100
13297,14101
13297,14102
13297,14103
13297,14104
13297,14105
13297,14106
13297,14107
13297,14108
13297,14109
13297,14110
13297,14111
13297,14112
13297,14113
13297,14114
13297,14115
13297,14116
13297,14117
13297,14118
13297,14119
13297,14120
13297,14121
13297,14122
13297,14123
13297,14124
13297,14125
13297,14126
13297,14127
13297,14128
13297,14129
13297,14130
13297,14131
13297,14132
13297,14133
13297,14134
13297,14135
13297,14136
13297,14137
13297,14138
13297,14139
13297,14140
13297,14141
13297,14142
13297,14143
13297,14144
13297,14145
13297,14146
13297,14147
13297,14148
13297,14149
13297,14150
13297,14151
13297,14152
13297,14153
13297,14154
13297,14155
13297,14156
13297,14157
13297,14158
13297,14159
13297,14160
13297,14161
13297,14162
13297,14163
13297,14164
13297,14165
13297,14166
13297,14167
13297,14168
13297,14169
13297,14170
13297,14171
13297,14172
13297,14173
13297,14174
13297,14175
13298,14031
13298,14032
13298,14033
13298,14034
13298,14035
13298,14036
13298,14037
13298,14038
13298,14040
13298,14044
13298,14045
13298,14046
13298,14047
13298,14052
13298,14053
13298,14054
13298,14055
13298,14056
13298,14057
13298,14058
13298,14059
13298,14060
13298,14061
13298,14062
13298,14063
13298,14064
13298,14065
13298,14066
13298,14067
13298,14068
13298,14069
13298,14070
13298,14071
13298,14072
13298,14073
13298,14074
13298,14075
13298,14076
13298,14077
13298,14078
13298,14079
13298,14080
13298,14081
13298,14082
13298,14083
13298,14084
13298,14085
13298,14086
13298,14087
13298,14088
13298,14089
13298,14090
13298,14091
13298,14092
13298,14093
13298,14094
13298,14095
13298,14096
13298,14097
13298,14098
13298,14099
13298,14100
13298,14101
13298,14102
13298,14103
13298,14104
13298,14105
13298,14106
13298,14107
13298,14108
13298,14109
13298,14110
13298,14111
13298,14112
13298,14113
13298,14114
13298,14115
13298,14116
13298,14117
13298,14118
13298,14119
13298,14120
13298,14121
13298,14122
13298,14123
13298,14124
13298,14125
13298,14126
13298,14127
13298,14128
13298,14129
13298,14130
13298,14131
13298,14132
13298,14133
13298,14134
13298,14135
13298,14136
13298,14137
13298,14138
13298,14139
13298,14140
13298,14141
13298,14142
13298,14143
13298,14144
13298,14145
13298,14146
13298,14147
13298,14148
13298,14149
13298,14150
13298,14151
13298,14152
13298,14153
13298,14154
13298,14155
13298,14156
13298,14157
13298,14158
13298,14159
13298,14160
13298,14161
13298,14162
13298,14163
13298,14164
13298,14165
13298,14166
13298,14167
13298,14168
13298,14169
13298,14170
13298,14171
13298,14172
13298,14173
13298,14174
13299,14033
13299,14035
13299,14056
13299,14058
13299,14059
13299,14060
13299,14061
13299,14062
13299,14063
13299,14064
13299,14065
13299,14066
13299,14067
13299,14068
13299,14069
13299,14070
13299,14071
13299,14072
13299,14073
13299,14074
13299,14075
13299,14076
13299,14077
13299,14078
13299,14079
13299,14080
13299,14081
13299,14082
13299,14083
13299,14084
13299,14085
13299,14086
13299,14087
13299,14088
13299,14089
13299,14090
13299,14091
13299,14092
13299,14093
13299,14094
13299,14095
13299,14096
13299,14097
13299,14098
13299,14099
13299,14100
13299,14101
13299,14102
13299,14103
13299,14104
13299,14105
13299,14106
13299,14107
13299,14108
13299,14109
13299,14110
13299,14111
13299,14112
13299,14113
13299,14114
13299,14115
13299,14116
13299,14117
13299,14118
13299,14119
13299,14120
13299,14121
13299,14122
13299,14123
13299,14124
13299,14125
13299,14126
13299,14127
13299,14128
13299,14129
13299,14130
13299,14131
13299,14132
13299,14133
13299,14134
13299,14135
13299,14136
13299,14137
13299,14138
13299,14139
13299,14140
13299,14141
13299,14142
13299,14143
13299,14144
13299,14145
13299,14146
13299,14147
13299,14148
13299,14149
13299,14150
13299,14151
13299,14152
13299,14153
13299,14154
13299,14155
13299,14156
13299,14157
13299,14158
13299,14159
13299,14160
13299,14161
13299,14162
13299,14163
13299,14164
13299,14165
13299,14166
13299,14167
13299,14168
13299,14169
13299,14170
13299,14171
13299,14172
13299,14173
13300,14060
13300,14061
13300,14062
13300,14063
13300,14064
13300,14065
13300,14066
13300,14067
13300,14068
13300,14069
13300,14070
13300,14071
13300,14072
13300,14073
13300,14074
13300,14075
13300,14076
13300,14077
13300,14078
13300,14079
13300,14080
13300,14081
13300,14082
13300,14083
13300,14084
13300,14085
13300,14086
13300,14087
13300,14088
13300,14089
13300,14090
13300,14091
13300,14092
13300,14093
13300,14094
13300,14095
13300,14096
13300,14097
13300,14098
13300,14099
13300,14100
13300,14101
13300,14102
13300,14103
13300,14104
13300,14105
13300,14106
13300,14107
13300,14108
13300,14109
13300,14110
13300,14111
13300,14112
13300,14113
13300,14114
13300,14115
13300,14116
13300,14117
13300,14118
13300,14119
13300,14120
13300,14121
13300,14122
13300,14123
13300,14124
13300,14125
13300,14126
13300,14127
13300,14128
13300,14129
13300,14130
13300,14131
13300,14132
13300,14133
13300,14134
13300,14135
13300,14136
13300,14137
13300,14138
13300,14139
13300,14140
13300,14141
13300,14142
13300,14143
13300,14144
13300,14145
13300,14146
13300,14147
13300,14148
13300,14149
13300,14150
13300,14151
13300,14152
13300,14153
13300,14154
13300,14155
13300,14156
13300,14157
13300,14158
13300,14159
13300,14160
13300,14161
13300,14162
13300,14163
13300,14164
13300,14165
13300,14166
13300,14167
13300,14168
13300,14169
13300,14170
13300,14171
13300,14172
13301,14060
13301,14061
13301,14062
13301,14063
13301,14064
13301,14065
13301,14066
13301,14067
13301,14068
13301,14069
13301,14070
13301,14071
13301,14072
13301,14073
13301,14074
13301,14075
13301,14076
13301,14077
13301,14078
13301,14079
13301,14080
13301,14081
13301,14082
13301,14083
13301,14084
13301,14085
13301,14086
13301,14087
13301,14088
13301,14089
13301,14090
13301,14091
13301,14092
13301,14093
13301,14094
13301,14095
13301,14096
13301,14097
13301,14098
13301,14099
13301,14100
13301,14101
13301,14102
13301,14103
13301,14104
13301,14105
13301,14106
13301,14107
13301,14108
13301,14109
13301,14110
13301,14111
13301,14112
13301,14113
13301,14114
13301,14115
13301,14116
13301,14117
13301,14118
13301,14119
13301,14120
13301,14121
13301,14122
13301,14123
13301,14124
13301,14125
13301,14126
13301,14127
13301,14128
13301,14129
13301,14130
13301,14131
13301,14132
13301,14133
13301,14134
13301,14135
13301,14136
13301,14137
13301,14138
13301,14139
13301,14140
13301,14141
13301,14142
13301,14143
13301,14144
13301,14145
13301,14146
13301,14147
13301,14148
13301,14149
13301,14150
13301,14151
13301,14152
13301,14153
13301,14154
13301,14155
13301,14156
13301,14157
13301,14158
13301,14159
13301,14160
13301,14161
13301,14162
13301,14163
13301,14164
13301,14165
13301,14166
13301,14167
13301,14168
13301,14169
13301,14170
13301,14171
13302,14060
13302,14061
13302,14062
13302,14063
13302,14064
13302,14065
13302,14066
13302,14067
13302,14068
13302,14069
13302,14070
13302,14071
13302,14072
13302,14073
13302,14074
13302,14075
13302,14076
13302,14077
13302,14078
13302,14079
13302,14080
13302,14081
13302,14082
13302,14083
13302,14084
13302,14085
13302,14086
13302,14087
13302,14088
13302,14089
13302,14090
13302,14091
13302,14092
13302,14093
13302,14094
13302,14095
13302,14096
13302,14097
13302,14098
13302,14099
13302,14100
13302,14101
13302,14102
13302,14103
13302,14104
13302,14105
13302,14106
13302,14107
13302,14108
13302,14109
13302,14110
13302,14111
13302,14112
13302,14113
13302,14114
13302,14115
13302,14116
13302,14117
13302,14118
13302,14119
13302,14120
13302,14121
13302,14122
13302,14123
13302,14124
13302,14125
13302,14126
13302,14127
13302,14128
13302,14129
13302,14130
13302,14131
13302,14132
13302,14133
13302,14134
13302,14135
13302,14136
13302,14137
13302,14138
13302,14139
13302,14140
13302,14141
13302,14142
13302,14143
13302,14144
13302,14145
13302,14146
13302,14147
13302,14148
13302,14149
13302,14150
13302,14151
13302,14152
13302,14153
13302,14154
13302,14155
13302,14156
13302,14157
13302,14158
13302,14159
13302,14160
13302,14161
13302,14162
13302,14163
13302,14164
13302,14165
13302,14166
13302,14167
13302,14168
13302,14169
13302,14170
13303,14061
13303,14062
13303,14063
13303,14064
13303,14065
13303,14066
13303,14067
13303,14068
13303,14069
13303,14070
13303,14071
13303,14072
13303,14073
13303,14074
13303,14075
13303,14076
13303,14077
13303,14078
13303,14079
13303,14080
13303,14081
13303,14082
13303,14083
13303,14084
13303,14085
13303,14086
13303,14087
13303,14088
13303,14089
13303,14090
13303,14091
13303,14092
13303,14093
13303,14094
13303,14095
13303,14096
13303,14097
13303,14098
13303,14099
13303,14100
13303,14101
13303,14102
13303,14103
13303,14104
13303,14105
13303,14106
13303,14107
13303,14108
13303,14109
13303,14110
13303,14111
13303,14112
13303,14113
13303,14114
13303,14115
13303,14116
13303,14117
13303,14118
13303,14119
13303,14120
13303,14121
13303,14122
13303,14123
13303,14124
13303,14125
13303,14126
13303,14127
13303,14128
13303,14129
13303,14130
13303,14131
13303,14132
13303,14133
13303,14134
13303,14135
13303,14136
13303,14137
13303,14138
13303,14139
13303,14140
13303,14141
13303,14142
13303,14143
13303,14144
13303,14145
13303,14146
13303,14147
13303,14148
13303,14149
13303,14150
13303,14151
13303,14152
13303,14153
13303,14154
13303,14155
13303,14156
13303,14157
13303,14158
13303,14159
13303,14160
13303,14161
13303,14162
13303,14163
13303,14164
13303,14165
13303,14166
13303,14167
13303,14168
13303,14169
13304,14062
13304,14063
13304,14064
13304,14065
13304,14066
13304,14067
13304,14068
13304,14069
13304,14070
13304,14071
13304,14072
13304,14073
13304,14074
13304,14075
13304,14076
13304,14077
13304,14078
13304,14079
13304,14080
13304,14081
13304,14082
13304,14083
13304,14084
13304,14085
13304,14086
13304,14087
13304,14088
13304,14089
13304,14090
13304,14091
13304,14092
13304,14093
13304,14094
13304,14095
13304,14096
13304,14097
13304,14098
13304,14099
13304,14100
13304,14101
13304,14102
13304,14103
13304,14104
13304,14105
13304,14106
13304,14107
13304,14108
13304,14109
13304,14110
13304,14111
13304,14112
13304,14113
13304,14114
13304,14115
13304,14116
13304,14117
13304,14118
13304,14119
13304,14120
13304,14121
13304,14122
13304,14123
13304,14124
13304,14125
13304,14126
13304,14127
13304,14128
13304,14129
13304,14130
13304,14131
13304,14132
13304,14133
13304,14134
13304,14135
13304,14136
13304,14137
13304,14138
13304,14139
13304,14140
13304,14141
13304,14142
13304,14143
13304,14144
13304,14145
13304,14146
13304,14147
13304,14148
13304,14149
13304,14150
13304,14151
13304,14152
13304,14153
13304,14154
13304,14155
13304,14156
13304,14157
13304,14158
13304,14159
13304,14160
13304,14161
13304,14162
13304,14163
13304,14164
13304,14165
13304,14166
13304,14167
13304,14168
13305,14063
13305,14064
13305,14065
13305,14066
13305,14067
13305,14068
13305,14069
13305,14070
13305,14071
13305,14072
13305,14073
13305,14074
13305,14075
13305,14076
13305,14077
13305,14078
13305,14079
13305,14080
13305,14081
13305,14082
13305,14083
13305,14084
13305,14085
13305,14086
13305,14087
13305,14088
13305,14089
13305,14090
13305,14091
13305,14092
13305,14093
13305,14094
13305,14095
13305,14096
13305,14097
13305,14098
13305,14099
13305,14100
13305,14101
13305,14102
13305,14103
13305,14104
13305,14105
13305,14106
13305,14107
13305,14108
13305,14109
13305,14110
13305,14111
13305,14112
13305,14113
13305,14114
13305,14115
13305,14116
13305,14117
13305,14118
13305,14119
13305,14120
13305,14121
13305,14122
13305,14123
13305,14124
13305,14125
13305,14126
13305,14127
13305,14128
13305,14129
13305,14130
13305,14131
13305,14132
13305,14133
13305,14134
13305,14135
13305,14136
13305,14137
13305,14138
13305,14139
13305,14140
13305,14141
13305,14142
13305,14143
13305,14144
13305,14145
13305,14146
13305,14147
13305,14148
13305,14149
13305,14150
13305,14151
13305,14152
13305,14153
13305,14154
13305,14155
13305,14156
13305,14157
13305,14158
13305,14159
13305,14160
13305,14161
13305,14162
13305,14163
13305,14164
13305,14165
13305,14166
13305,14167
13306,14065
13306,14066
13306,14067
13306,14068
13306,14069
13306,14070
13306,14071
13306,14072
13306,14073
13306,14074
13306,14075
13306,14076
13306,14077
13306,14078
13306,14079
13306,14080
13306,14081
13306,14082
13306,14083
13306,14084
13306,14085
13306,14086
13306,14087
13306,14088
13306,14089
13306,14090
13306,14091
13306,14092
13306,14093
13306,14094
13306,14095
13306,14096
13306,14097
13306,14098
13306,14099
13306,14100
13306,14101
13306,14102
13306,14103
13306,14104
13306,14105
13306,14106
13306,14107
13306,14108
13306,14109
13306,14110
13306,14111
13306,14112
13306,14113
13306,14114
13306,14115
13306,14116
13306,14117
13306,14118
13306,14119
13306,14120
13306,14121
13306,14122
13306,14123
13306,14124
13306,14125
13306,14126
13306,14127
13306,14128
13306,14129
13306,14130
13306,14131
13306,14132
13306,14133
13306,14134
13306,14135
13306,14136
13306,14137
13306,14138
13306,14139
13306,14140
13306,14141
13306,14142
13306,14143
13306,14144
13306,14145
13306,14146
13306,14147
13306,14148
13306,14149
13306,14150
13306,14151
13306,14152
13306,14153
13306,14154
13306,14155
13306,14156
13306,14157
13306,14158
13306,14159
13306,14160
13306,14161
13306,14162
13306,14163
13306,14164
13307,14066
13307,14067
13307,14068
13307,14069
13307,14070
13307,14071
13307,14072
13307,14073
13307,14074
13307,14075
13307,14076
13307,14077
13307,14078
13307,14079
13307,14080
13307,14081
13307,14082
13307,14083
13307,14084
13307,14085
13307,14086
13307,14087
13307,14088
13307,14089
13307,14090
13307,14091
13307,14092
13307,14093
13307,14094
13307,14095
13307,14096
13307,14097
13307,14098
13307,14099
13307,14100
13307,14101
13307,14102
13307,14103
13307,14104
13307,14105
13307,14106
13307,14107
13307,14108
13307,14109
13307,14110
13307,14111
13307,14112
13307,14113
13307,14114
13307,14115
13307,14116
13307,14117
13307,14118
13307,14119
13307,14120
13307,14121
13307,14122
13307,14123
13307,14124
13307,14125
13307,14126
13307,14127
13307,14128
13307,14129
13307,14130
13307,14131
13307,14132
13307,14133
13307,14134
13307,14135
13307,14136
13307,14137
13307,14138
13307,14139
13307,14140
13307,14141
13307,14142
13307,14143
13307,14144
13307,14145
13307,14146
13307,14147
13307,14148
13307,14149
13307,14150
13307,14151
13307,14152
13307,14153
13307,14154
13307,14155
13307,14156
13307,14157
13307,14158
13307,14159
13307,14160
13307,14161
13308,14067
13308,14068
13308,14069
13308,14070
13308,14071
13308,14072
13308,14073
13308,14074
13308,14075
13308,14076
13308,14077
13308,14078
13308,14079
13308,14080
13308,14081
13308,14082
13308,14083
13308,14084
13308,14085
13308,14086
13308,14087
13308,14088
13308,14089
13308,14090
13308,14091
13308,14092
13308,14093
13308,14094
13308,14095
13308,14096
13308,14097
13308,14098
13308,14099
13308,14100
13308,14101
13308,14102
13308,14103
13308,14104
13308,14105
13308,14106
13308,14107
13308,14108
13308,14109
13308,14110
13308,14111
13308,14112
13308,14113
13308,14114
13308,14115
13308,14116
13308,14117
13308,14118
13308,14119
13308,14120
13308,14121
13308,14122
13308,14123
13308,14124
13308,14125
13308,14126
13308,14127
13308,14128
13308,14129
13308,14130
13308,14131
13308,14132
13308,14134
13308,14140
13308,14141
13308,14142
13308,14143
13308,14144
13308,14145
13308,14146
13308,14147
13308,14148
13308,14149
13308,14150
13308,14151
13308,14152
13308,14153
13308,14154
13308,14155
13308,14156
13308,14157
13308,14158
13308,14159
13308,14160
13309,14070
13309,14071
13309,14072
13309,14073
13309,14074
13309,14076
13309,14077
13309,14078
13309,14080
13309,14082
13309,14086
13309,14087
13309,14088
13309,14089
13309,14090
13309,14091
13309,14092
13309,14093
13309,14094
13309,14095
13309,14096
13309,14097
13309,14098
13309,14099
13309,14100
13309,14101
13309,14102
13309,14103
13309,14104
13309,14105
13309,14106
13309,14107
13309,14108
13309,14109
13309,14110
13309,14111
13309,14112
13309,14113
13309,14114
13309,14115
13309,14116
13309,14117
13309,14118
13309,14119
13309,14120
13309,14121
13309,14122
13309,14123
13309,14124
13309,14125
13309,14126
13309,14127
13309,14128
13309,14129
13309,14145
13309,14146
13309,14149
13309,14150
13309,14151
13309,14152
13309,14153
13309,14154
13309,14155
13309,14156
13309,14157
13309,14158
13310,14088
13310,14089
13310,14090
13310,14091
13310,14092
13310,14093
13310,14094
13310,14095
13310,14096
13310,14097
13310,14098
13310,14099
13310,14100
13310,14101
13310,14102
13310,14103
13310,14104
13310,14105
13310,14106
13310,14107
13310,14108
13310,14109
13310,14110
13310,14111
13310,14112
13310,14113
13310,14114
13310,14115
13310,14116
13310,14117
13310,14118
13310,14119
13310,14120
13310,14121
13310,14122
13310,14123
13310,14124
13310,14125
13310,14154
13310,14155
13311,14091
13311,14092
13311,14093
13311,14094
13311,14095
13311,14096
13311,14097
13311,14098
13311,14099
13311,14100
13311,14101
13311,14102
13311,14103
13311,14104
13311,14105
13311,14106
13311,14107
13311,14108
13311,14109
13311,14110
13311,14111
13311,14112
13311,14113
13311,14114
13311,14115
13311,14116
13311,14117
13311,14118
13311,14119
13311,14121
13312,14095
13312,14097
13312,14099
13312,14100
13312,14101
13312,14102
13312,14103
13312,14104
13312,14105
13312,14108
13312,14109
13312,14110
13312,14111
13312,14112
13312,14113
13312,14114
13312,14115
13312,14116
13313,14112
