"X","Y"
3999,16541
4000,16538
4000,16539
4000,16540
4000,16541
4000,16542
4000,16543
4000,16544
4000,16546
4000,16547
4001,16534
4001,16535
4001,16536
4001,16537
4001,16538
4001,16539
4001,16540
4001,16541
4001,16542
4001,16543
4001,16544
4001,16545
4001,16546
4001,16547
4001,16548
4001,16549
4001,16550
4002,16531
4002,16532
4002,16533
4002,16534
4002,16535
4002,16536
4002,16537
4002,16538
4002,16539
4002,16540
4002,16541
4002,16542
4002,16543
4002,16544
4002,16545
4002,16546
4002,16547
4002,16548
4002,16549
4002,16550
4002,16551
4003,16528
4003,16529
4003,16530
4003,16531
4003,16532
4003,16533
4003,16534
4003,16535
4003,16536
4003,16537
4003,16538
4003,16539
4003,16540
4003,16541
4003,16542
4003,16543
4003,16544
4003,16545
4003,16546
4003,16547
4003,16548
4003,16549
4003,16550
4003,16551
4003,16552
4004,16525
4004,16526
4004,16527
4004,16528
4004,16529
4004,16530
4004,16531
4004,16532
4004,16533
4004,16534
4004,16535
4004,16536
4004,16537
4004,16538
4004,16539
4004,16540
4004,16541
4004,16542
4004,16543
4004,16544
4004,16545
4004,16546
4004,16547
4004,16548
4004,16549
4004,16550
4004,16551
4004,16552
4004,16553
4004,16554
4004,16555
4005,16524
4005,16525
4005,16526
4005,16527
4005,16528
4005,16529
4005,16530
4005,16531
4005,16532
4005,16533
4005,16534
4005,16535
4005,16536
4005,16537
4005,16538
4005,16539
4005,16540
4005,16541
4005,16542
4005,16543
4005,16544
4005,16545
4005,16546
4005,16547
4005,16548
4005,16549
4005,16550
4005,16551
4005,16552
4005,16553
4005,16554
4005,16555
4005,16556
4006,16523
4006,16524
4006,16525
4006,16526
4006,16527
4006,16528
4006,16529
4006,16530
4006,16531
4006,16532
4006,16533
4006,16534
4006,16535
4006,16536
4006,16537
4006,16538
4006,16539
4006,16540
4006,16541
4006,16542
4006,16543
4006,16544
4006,16545
4006,16546
4006,16547
4006,16548
4006,16549
4006,16550
4006,16551
4006,16552
4006,16553
4006,16554
4006,16555
4006,16556
4006,16557
4007,16521
4007,16522
4007,16523
4007,16524
4007,16525
4007,16526
4007,16527
4007,16528
4007,16529
4007,16530
4007,16531
4007,16532
4007,16533
4007,16534
4007,16535
4007,16536
4007,16537
4007,16538
4007,16539
4007,16540
4007,16541
4007,16542
4007,16543
4007,16544
4007,16545
4007,16546
4007,16547
4007,16548
4007,16549
4007,16550
4007,16551
4007,16552
4007,16553
4007,16554
4007,16555
4007,16556
4007,16557
4007,16558
4007,16559
4007,16560
4008,16519
4008,16520
4008,16521
4008,16522
4008,16523
4008,16524
4008,16525
4008,16526
4008,16527
4008,16528
4008,16529
4008,16530
4008,16531
4008,16532
4008,16533
4008,16534
4008,16535
4008,16536
4008,16537
4008,16538
4008,16539
4008,16540
4008,16541
4008,16542
4008,16543
4008,16544
4008,16545
4008,16546
4008,16547
4008,16548
4008,16549
4008,16550
4008,16551
4008,16552
4008,16553
4008,16554
4008,16555
4008,16556
4008,16557
4008,16558
4008,16559
4008,16560
4008,16561
4009,16518
4009,16519
4009,16520
4009,16521
4009,16522
4009,16523
4009,16524
4009,16525
4009,16526
4009,16527
4009,16528
4009,16529
4009,16530
4009,16531
4009,16532
4009,16533
4009,16534
4009,16535
4009,16536
4009,16537
4009,16538
4009,16539
4009,16540
4009,16541
4009,16542
4009,16543
4009,16544
4009,16545
4009,16546
4009,16547
4009,16548
4009,16549
4009,16550
4009,16551
4009,16552
4009,16553
4009,16554
4009,16555
4009,16556
4009,16557
4009,16558
4009,16559
4009,16560
4009,16561
4009,16562
4009,16563
4009,16564
4010,16517
4010,16518
4010,16519
4010,16520
4010,16521
4010,16522
4010,16523
4010,16524
4010,16525
4010,16526
4010,16527
4010,16528
4010,16529
4010,16530
4010,16531
4010,16532
4010,16533
4010,16534
4010,16535
4010,16536
4010,16537
4010,16538
4010,16539
4010,16540
4010,16541
4010,16542
4010,16543
4010,16544
4010,16545
4010,16546
4010,16547
4010,16548
4010,16549
4010,16550
4010,16551
4010,16552
4010,16553
4010,16554
4010,16555
4010,16556
4010,16557
4010,16558
4010,16559
4010,16560
4010,16561
4010,16562
4010,16563
4010,16564
4010,16565
4011,16517
4011,16518
4011,16519
4011,16520
4011,16521
4011,16522
4011,16523
4011,16524
4011,16525
4011,16526
4011,16527
4011,16528
4011,16529
4011,16530
4011,16531
4011,16532
4011,16533
4011,16534
4011,16535
4011,16536
4011,16537
4011,16538
4011,16539
4011,16540
4011,16541
4011,16542
4011,16543
4011,16544
4011,16545
4011,16546
4011,16547
4011,16548
4011,16549
4011,16550
4011,16551
4011,16552
4011,16553
4011,16554
4011,16555
4011,16556
4011,16557
4011,16558
4011,16559
4011,16560
4011,16561
4011,16562
4011,16563
4011,16564
4011,16565
4011,16566
4012,16516
4012,16517
4012,16518
4012,16519
4012,16520
4012,16521
4012,16522
4012,16523
4012,16524
4012,16525
4012,16526
4012,16527
4012,16528
4012,16529
4012,16530
4012,16531
4012,16532
4012,16533
4012,16534
4012,16535
4012,16536
4012,16537
4012,16538
4012,16539
4012,16540
4012,16541
4012,16542
4012,16543
4012,16544
4012,16545
4012,16546
4012,16547
4012,16548
4012,16549
4012,16550
4012,16551
4012,16552
4012,16553
4012,16554
4012,16555
4012,16556
4012,16557
4012,16558
4012,16559
4012,16560
4012,16561
4012,16562
4012,16563
4012,16564
4012,16565
4012,16566
4012,16567
4013,16516
4013,16517
4013,16518
4013,16519
4013,16520
4013,16521
4013,16522
4013,16523
4013,16524
4013,16525
4013,16526
4013,16527
4013,16528
4013,16529
4013,16530
4013,16531
4013,16532
4013,16533
4013,16534
4013,16535
4013,16536
4013,16537
4013,16538
4013,16539
4013,16540
4013,16541
4013,16542
4013,16543
4013,16544
4013,16545
4013,16546
4013,16547
4013,16548
4013,16549
4013,16550
4013,16551
4013,16552
4013,16553
4013,16554
4013,16555
4013,16556
4013,16557
4013,16558
4013,16559
4013,16560
4013,16561
4013,16562
4013,16563
4013,16564
4013,16565
4013,16566
4013,16567
4013,16571
4014,16516
4014,16517
4014,16518
4014,16519
4014,16520
4014,16521
4014,16522
4014,16523
4014,16524
4014,16525
4014,16526
4014,16527
4014,16528
4014,16529
4014,16530
4014,16531
4014,16532
4014,16533
4014,16534
4014,16535
4014,16536
4014,16537
4014,16538
4014,16539
4014,16540
4014,16541
4014,16542
4014,16543
4014,16544
4014,16545
4014,16546
4014,16547
4014,16548
4014,16549
4014,16550
4014,16551
4014,16552
4014,16553
4014,16554
4014,16555
4014,16556
4014,16557
4014,16558
4014,16559
4014,16560
4014,16561
4014,16562
4014,16563
4014,16564
4014,16565
4014,16566
4014,16567
4014,16568
4014,16569
4014,16570
4014,16571
4014,16572
4014,16573
4015,16515
4015,16516
4015,16517
4015,16518
4015,16519
4015,16520
4015,16521
4015,16522
4015,16523
4015,16524
4015,16525
4015,16526
4015,16527
4015,16528
4015,16529
4015,16530
4015,16531
4015,16532
4015,16533
4015,16534
4015,16535
4015,16536
4015,16537
4015,16538
4015,16539
4015,16540
4015,16541
4015,16542
4015,16543
4015,16544
4015,16545
4015,16546
4015,16547
4015,16548
4015,16549
4015,16550
4015,16551
4015,16552
4015,16553
4015,16554
4015,16555
4015,16556
4015,16557
4015,16558
4015,16559
4015,16560
4015,16561
4015,16562
4015,16563
4015,16564
4015,16565
4015,16566
4015,16567
4015,16568
4015,16569
4015,16570
4015,16571
4015,16572
4015,16573
4015,16574
4016,16515
4016,16516
4016,16517
4016,16518
4016,16519
4016,16520
4016,16521
4016,16522
4016,16523
4016,16524
4016,16525
4016,16526
4016,16527
4016,16528
4016,16529
4016,16530
4016,16531
4016,16532
4016,16533
4016,16534
4016,16535
4016,16536
4016,16537
4016,16538
4016,16539
4016,16540
4016,16541
4016,16542
4016,16543
4016,16544
4016,16545
4016,16546
4016,16547
4016,16548
4016,16549
4016,16550
4016,16551
4016,16552
4016,16553
4016,16554
4016,16555
4016,16556
4016,16557
4016,16558
4016,16559
4016,16560
4016,16561
4016,16562
4016,16563
4016,16564
4016,16565
4016,16566
4016,16567
4016,16568
4016,16569
4016,16570
4016,16571
4016,16572
4016,16573
4016,16574
4016,16575
4017,16515
4017,16516
4017,16517
4017,16518
4017,16519
4017,16520
4017,16521
4017,16522
4017,16523
4017,16524
4017,16525
4017,16526
4017,16527
4017,16528
4017,16529
4017,16530
4017,16531
4017,16532
4017,16533
4017,16534
4017,16535
4017,16536
4017,16537
4017,16538
4017,16539
4017,16540
4017,16541
4017,16542
4017,16543
4017,16544
4017,16545
4017,16546
4017,16547
4017,16548
4017,16549
4017,16550
4017,16551
4017,16552
4017,16553
4017,16554
4017,16555
4017,16556
4017,16557
4017,16558
4017,16559
4017,16560
4017,16561
4017,16562
4017,16563
4017,16564
4017,16565
4017,16566
4017,16567
4017,16568
4017,16569
4017,16570
4017,16571
4017,16572
4017,16573
4017,16574
4017,16575
4017,16576
4017,16577
4017,16578
4018,16513
4018,16514
4018,16515
4018,16516
4018,16517
4018,16518
4018,16519
4018,16520
4018,16521
4018,16522
4018,16523
4018,16524
4018,16525
4018,16526
4018,16527
4018,16528
4018,16529
4018,16530
4018,16531
4018,16532
4018,16533
4018,16534
4018,16535
4018,16536
4018,16537
4018,16538
4018,16539
4018,16540
4018,16541
4018,16542
4018,16543
4018,16544
4018,16545
4018,16546
4018,16547
4018,16548
4018,16549
4018,16550
4018,16551
4018,16552
4018,16553
4018,16554
4018,16555
4018,16556
4018,16557
4018,16558
4018,16559
4018,16560
4018,16561
4018,16562
4018,16563
4018,16564
4018,16565
4018,16566
4018,16567
4018,16568
4018,16569
4018,16570
4018,16571
4018,16572
4018,16573
4018,16574
4018,16575
4018,16576
4018,16577
4018,16578
4018,16579
4019,16510
4019,16511
4019,16512
4019,16513
4019,16514
4019,16515
4019,16516
4019,16517
4019,16518
4019,16519
4019,16520
4019,16521
4019,16522
4019,16523
4019,16524
4019,16525
4019,16526
4019,16527
4019,16528
4019,16529
4019,16530
4019,16531
4019,16532
4019,16533
4019,16534
4019,16535
4019,16536
4019,16537
4019,16538
4019,16539
4019,16540
4019,16541
4019,16542
4019,16543
4019,16544
4019,16545
4019,16546
4019,16547
4019,16548
4019,16549
4019,16550
4019,16551
4019,16552
4019,16553
4019,16554
4019,16555
4019,16556
4019,16557
4019,16558
4019,16559
4019,16560
4019,16561
4019,16562
4019,16563
4019,16564
4019,16565
4019,16566
4019,16567
4019,16568
4019,16569
4019,16570
4019,16571
4019,16572
4019,16573
4019,16574
4019,16575
4019,16576
4019,16577
4019,16578
4019,16579
4019,16580
4020,16509
4020,16510
4020,16511
4020,16512
4020,16513
4020,16514
4020,16515
4020,16516
4020,16517
4020,16518
4020,16519
4020,16520
4020,16521
4020,16522
4020,16523
4020,16524
4020,16525
4020,16526
4020,16527
4020,16528
4020,16529
4020,16530
4020,16531
4020,16532
4020,16533
4020,16534
4020,16535
4020,16536
4020,16537
4020,16538
4020,16539
4020,16540
4020,16541
4020,16542
4020,16543
4020,16544
4020,16545
4020,16546
4020,16547
4020,16548
4020,16549
4020,16550
4020,16551
4020,16552
4020,16553
4020,16554
4020,16555
4020,16556
4020,16557
4020,16558
4020,16559
4020,16560
4020,16561
4020,16562
4020,16563
4020,16564
4020,16565
4020,16566
4020,16567
4020,16568
4020,16569
4020,16570
4020,16571
4020,16572
4020,16573
4020,16574
4020,16575
4020,16576
4020,16577
4020,16578
4020,16579
4020,16580
4020,16581
4021,16508
4021,16509
4021,16510
4021,16511
4021,16512
4021,16513
4021,16514
4021,16515
4021,16516
4021,16517
4021,16518
4021,16519
4021,16520
4021,16521
4021,16522
4021,16523
4021,16524
4021,16525
4021,16526
4021,16527
4021,16528
4021,16529
4021,16530
4021,16531
4021,16532
4021,16533
4021,16534
4021,16535
4021,16536
4021,16537
4021,16538
4021,16539
4021,16540
4021,16541
4021,16542
4021,16543
4021,16544
4021,16545
4021,16546
4021,16547
4021,16548
4021,16549
4021,16550
4021,16551
4021,16552
4021,16553
4021,16554
4021,16555
4021,16556
4021,16557
4021,16558
4021,16559
4021,16560
4021,16561
4021,16562
4021,16563
4021,16564
4021,16565
4021,16566
4021,16567
4021,16568
4021,16569
4021,16570
4021,16571
4021,16572
4021,16573
4021,16574
4021,16575
4021,16576
4021,16577
4021,16578
4021,16579
4021,16580
4021,16581
4022,16507
4022,16508
4022,16509
4022,16510
4022,16511
4022,16512
4022,16513
4022,16514
4022,16515
4022,16516
4022,16517
4022,16518
4022,16519
4022,16520
4022,16521
4022,16522
4022,16523
4022,16524
4022,16525
4022,16526
4022,16527
4022,16528
4022,16529
4022,16530
4022,16531
4022,16532
4022,16533
4022,16534
4022,16535
4022,16536
4022,16537
4022,16538
4022,16539
4022,16540
4022,16541
4022,16542
4022,16543
4022,16544
4022,16545
4022,16546
4022,16547
4022,16548
4022,16549
4022,16550
4022,16551
4022,16552
4022,16553
4022,16554
4022,16555
4022,16556
4022,16557
4022,16558
4022,16559
4022,16560
4022,16561
4022,16562
4022,16563
4022,16564
4022,16565
4022,16566
4022,16567
4022,16568
4022,16569
4022,16570
4022,16571
4022,16572
4022,16573
4022,16574
4022,16575
4022,16576
4022,16577
4022,16578
4022,16579
4022,16580
4022,16581
4022,16582
4023,16506
4023,16507
4023,16508
4023,16509
4023,16510
4023,16511
4023,16512
4023,16513
4023,16514
4023,16515
4023,16516
4023,16517
4023,16518
4023,16519
4023,16520
4023,16521
4023,16522
4023,16523
4023,16524
4023,16525
4023,16526
4023,16527
4023,16528
4023,16529
4023,16530
4023,16531
4023,16532
4023,16533
4023,16534
4023,16535
4023,16536
4023,16537
4023,16538
4023,16539
4023,16540
4023,16541
4023,16542
4023,16543
4023,16544
4023,16545
4023,16546
4023,16547
4023,16548
4023,16549
4023,16550
4023,16551
4023,16552
4023,16553
4023,16554
4023,16555
4023,16556
4023,16557
4023,16558
4023,16559
4023,16560
4023,16561
4023,16562
4023,16563
4023,16564
4023,16565
4023,16566
4023,16567
4023,16568
4023,16569
4023,16570
4023,16571
4023,16572
4023,16573
4023,16574
4023,16575
4023,16576
4023,16577
4023,16578
4023,16579
4023,16580
4023,16581
4023,16582
4024,16505
4024,16506
4024,16507
4024,16508
4024,16509
4024,16510
4024,16511
4024,16512
4024,16513
4024,16514
4024,16515
4024,16516
4024,16517
4024,16518
4024,16519
4024,16520
4024,16521
4024,16522
4024,16523
4024,16524
4024,16525
4024,16526
4024,16527
4024,16528
4024,16529
4024,16530
4024,16531
4024,16532
4024,16533
4024,16534
4024,16535
4024,16536
4024,16537
4024,16538
4024,16539
4024,16540
4024,16541
4024,16542
4024,16543
4024,16544
4024,16545
4024,16546
4024,16547
4024,16548
4024,16549
4024,16550
4024,16551
4024,16552
4024,16553
4024,16554
4024,16555
4024,16556
4024,16557
4024,16558
4024,16559
4024,16560
4024,16561
4024,16562
4024,16563
4024,16564
4024,16565
4024,16566
4024,16567
4024,16568
4024,16569
4024,16570
4024,16571
4024,16572
4024,16573
4024,16574
4024,16575
4024,16576
4024,16577
4024,16578
4024,16579
4024,16580
4024,16581
4024,16582
4025,16491
4025,16492
4025,16505
4025,16506
4025,16507
4025,16508
4025,16509
4025,16510
4025,16511
4025,16512
4025,16513
4025,16514
4025,16515
4025,16516
4025,16517
4025,16518
4025,16519
4025,16520
4025,16521
4025,16522
4025,16523
4025,16524
4025,16525
4025,16526
4025,16527
4025,16528
4025,16529
4025,16530
4025,16531
4025,16532
4025,16533
4025,16534
4025,16535
4025,16536
4025,16537
4025,16538
4025,16539
4025,16540
4025,16541
4025,16542
4025,16543
4025,16544
4025,16545
4025,16546
4025,16547
4025,16548
4025,16549
4025,16550
4025,16551
4025,16552
4025,16553
4025,16554
4025,16555
4025,16556
4025,16557
4025,16558
4025,16559
4025,16560
4025,16561
4025,16562
4025,16563
4025,16564
4025,16565
4025,16566
4025,16567
4025,16568
4025,16569
4025,16570
4025,16571
4025,16572
4025,16573
4025,16574
4025,16575
4025,16576
4025,16577
4025,16578
4025,16579
4025,16580
4025,16581
4025,16582
4026,16488
4026,16489
4026,16490
4026,16491
4026,16492
4026,16493
4026,16494
4026,16495
4026,16505
4026,16506
4026,16507
4026,16508
4026,16509
4026,16510
4026,16511
4026,16512
4026,16513
4026,16514
4026,16515
4026,16516
4026,16517
4026,16518
4026,16519
4026,16520
4026,16521
4026,16522
4026,16523
4026,16524
4026,16525
4026,16526
4026,16527
4026,16528
4026,16529
4026,16530
4026,16531
4026,16532
4026,16533
4026,16534
4026,16535
4026,16536
4026,16537
4026,16538
4026,16539
4026,16540
4026,16541
4026,16542
4026,16543
4026,16544
4026,16545
4026,16546
4026,16547
4026,16548
4026,16549
4026,16550
4026,16551
4026,16552
4026,16553
4026,16554
4026,16555
4026,16556
4026,16557
4026,16558
4026,16559
4026,16560
4026,16561
4026,16562
4026,16563
4026,16564
4026,16565
4026,16566
4026,16567
4026,16568
4026,16569
4026,16570
4026,16571
4026,16572
4026,16573
4026,16574
4026,16575
4026,16576
4026,16577
4026,16578
4026,16579
4026,16580
4026,16581
4026,16582
4027,16487
4027,16488
4027,16489
4027,16490
4027,16491
4027,16492
4027,16493
4027,16494
4027,16495
4027,16496
4027,16497
4027,16504
4027,16505
4027,16506
4027,16507
4027,16508
4027,16509
4027,16510
4027,16511
4027,16512
4027,16513
4027,16514
4027,16515
4027,16516
4027,16517
4027,16518
4027,16519
4027,16520
4027,16521
4027,16522
4027,16523
4027,16524
4027,16525
4027,16526
4027,16527
4027,16528
4027,16529
4027,16530
4027,16531
4027,16532
4027,16533
4027,16534
4027,16535
4027,16536
4027,16537
4027,16538
4027,16539
4027,16540
4027,16541
4027,16542
4027,16543
4027,16544
4027,16545
4027,16546
4027,16547
4027,16548
4027,16549
4027,16550
4027,16551
4027,16552
4027,16553
4027,16554
4027,16555
4027,16556
4027,16557
4027,16558
4027,16559
4027,16560
4027,16561
4027,16562
4027,16563
4027,16564
4027,16565
4027,16566
4027,16567
4027,16568
4027,16569
4027,16570
4027,16571
4027,16572
4027,16573
4027,16574
4027,16575
4027,16576
4027,16577
4027,16578
4027,16579
4027,16580
4027,16581
4027,16582
4028,16486
4028,16487
4028,16488
4028,16489
4028,16490
4028,16491
4028,16492
4028,16493
4028,16494
4028,16495
4028,16496
4028,16497
4028,16498
4028,16504
4028,16505
4028,16506
4028,16507
4028,16508
4028,16509
4028,16510
4028,16511
4028,16512
4028,16513
4028,16514
4028,16515
4028,16516
4028,16517
4028,16518
4028,16519
4028,16520
4028,16521
4028,16522
4028,16523
4028,16524
4028,16525
4028,16526
4028,16527
4028,16528
4028,16529
4028,16530
4028,16531
4028,16532
4028,16533
4028,16534
4028,16535
4028,16536
4028,16537
4028,16538
4028,16539
4028,16540
4028,16541
4028,16542
4028,16543
4028,16544
4028,16545
4028,16546
4028,16547
4028,16548
4028,16549
4028,16550
4028,16551
4028,16552
4028,16553
4028,16554
4028,16555
4028,16556
4028,16557
4028,16558
4028,16559
4028,16560
4028,16561
4028,16562
4028,16563
4028,16564
4028,16565
4028,16566
4028,16567
4028,16568
4028,16569
4028,16570
4028,16571
4028,16572
4028,16573
4028,16574
4028,16575
4028,16576
4028,16577
4028,16578
4028,16579
4028,16580
4028,16581
4028,16582
4029,16486
4029,16487
4029,16488
4029,16489
4029,16490
4029,16491
4029,16492
4029,16493
4029,16494
4029,16495
4029,16496
4029,16497
4029,16498
4029,16499
4029,16504
4029,16505
4029,16506
4029,16507
4029,16508
4029,16509
4029,16510
4029,16511
4029,16512
4029,16513
4029,16514
4029,16515
4029,16516
4029,16517
4029,16518
4029,16519
4029,16520
4029,16521
4029,16522
4029,16523
4029,16524
4029,16525
4029,16526
4029,16527
4029,16528
4029,16529
4029,16530
4029,16531
4029,16532
4029,16533
4029,16534
4029,16535
4029,16536
4029,16537
4029,16538
4029,16539
4029,16540
4029,16541
4029,16542
4029,16543
4029,16544
4029,16545
4029,16546
4029,16547
4029,16548
4029,16549
4029,16550
4029,16551
4029,16552
4029,16553
4029,16554
4029,16555
4029,16556
4029,16557
4029,16558
4029,16559
4029,16560
4029,16561
4029,16562
4029,16563
4029,16564
4029,16565
4029,16566
4029,16567
4029,16568
4029,16569
4029,16570
4029,16571
4029,16572
4029,16573
4029,16574
4029,16575
4029,16576
4029,16577
4029,16578
4029,16579
4029,16580
4029,16581
4029,16582
4030,16485
4030,16486
4030,16487
4030,16488
4030,16489
4030,16490
4030,16491
4030,16492
4030,16493
4030,16494
4030,16495
4030,16496
4030,16497
4030,16498
4030,16499
4030,16500
4030,16504
4030,16505
4030,16506
4030,16507
4030,16508
4030,16509
4030,16510
4030,16511
4030,16512
4030,16513
4030,16514
4030,16515
4030,16516
4030,16517
4030,16518
4030,16519
4030,16520
4030,16521
4030,16522
4030,16523
4030,16524
4030,16525
4030,16526
4030,16527
4030,16528
4030,16529
4030,16530
4030,16531
4030,16532
4030,16533
4030,16534
4030,16535
4030,16536
4030,16537
4030,16538
4030,16539
4030,16540
4030,16541
4030,16542
4030,16543
4030,16544
4030,16545
4030,16546
4030,16547
4030,16548
4030,16549
4030,16550
4030,16551
4030,16552
4030,16553
4030,16554
4030,16555
4030,16556
4030,16557
4030,16558
4030,16559
4030,16560
4030,16561
4030,16562
4030,16563
4030,16564
4030,16565
4030,16566
4030,16567
4030,16568
4030,16569
4030,16570
4030,16571
4030,16572
4030,16573
4030,16574
4030,16575
4030,16576
4030,16577
4030,16578
4030,16579
4030,16580
4030,16581
4030,16582
4031,16485
4031,16486
4031,16487
4031,16488
4031,16489
4031,16490
4031,16491
4031,16492
4031,16493
4031,16494
4031,16495
4031,16496
4031,16497
4031,16498
4031,16499
4031,16500
4031,16503
4031,16504
4031,16505
4031,16506
4031,16507
4031,16508
4031,16509
4031,16510
4031,16511
4031,16512
4031,16513
4031,16514
4031,16515
4031,16516
4031,16517
4031,16518
4031,16519
4031,16520
4031,16521
4031,16522
4031,16523
4031,16524
4031,16525
4031,16526
4031,16527
4031,16528
4031,16529
4031,16530
4031,16531
4031,16532
4031,16533
4031,16534
4031,16535
4031,16536
4031,16537
4031,16538
4031,16539
4031,16540
4031,16541
4031,16542
4031,16543
4031,16544
4031,16545
4031,16546
4031,16547
4031,16548
4031,16549
4031,16550
4031,16551
4031,16552
4031,16553
4031,16554
4031,16555
4031,16556
4031,16557
4031,16558
4031,16559
4031,16560
4031,16561
4031,16562
4031,16563
4031,16564
4031,16565
4031,16566
4031,16567
4031,16568
4031,16569
4031,16570
4031,16571
4031,16572
4031,16573
4031,16574
4031,16575
4031,16576
4031,16577
4031,16578
4031,16579
4031,16580
4031,16581
4031,16582
4032,16485
4032,16486
4032,16487
4032,16488
4032,16489
4032,16490
4032,16491
4032,16492
4032,16493
4032,16494
4032,16495
4032,16496
4032,16497
4032,16498
4032,16499
4032,16500
4032,16501
4032,16504
4032,16505
4032,16506
4032,16507
4032,16508
4032,16509
4032,16510
4032,16511
4032,16512
4032,16513
4032,16514
4032,16515
4032,16516
4032,16517
4032,16518
4032,16519
4032,16520
4032,16521
4032,16522
4032,16523
4032,16524
4032,16525
4032,16526
4032,16527
4032,16528
4032,16529
4032,16530
4032,16531
4032,16532
4032,16533
4032,16534
4032,16535
4032,16536
4032,16537
4032,16538
4032,16539
4032,16540
4032,16541
4032,16542
4032,16543
4032,16544
4032,16545
4032,16546
4032,16547
4032,16548
4032,16549
4032,16550
4032,16551
4032,16552
4032,16553
4032,16554
4032,16555
4032,16556
4032,16557
4032,16558
4032,16559
4032,16560
4032,16561
4032,16562
4032,16563
4032,16564
4032,16565
4032,16566
4032,16567
4032,16568
4032,16569
4032,16570
4032,16571
4032,16572
4032,16573
4032,16574
4032,16575
4032,16576
4032,16577
4032,16578
4032,16579
4032,16580
4032,16581
4032,16582
4033,16484
4033,16485
4033,16486
4033,16487
4033,16488
4033,16489
4033,16490
4033,16491
4033,16492
4033,16493
4033,16494
4033,16495
4033,16496
4033,16497
4033,16498
4033,16499
4033,16500
4033,16504
4033,16505
4033,16506
4033,16507
4033,16508
4033,16509
4033,16510
4033,16511
4033,16512
4033,16513
4033,16514
4033,16515
4033,16516
4033,16517
4033,16518
4033,16519
4033,16520
4033,16521
4033,16522
4033,16523
4033,16524
4033,16525
4033,16526
4033,16527
4033,16528
4033,16529
4033,16530
4033,16531
4033,16532
4033,16533
4033,16534
4033,16535
4033,16536
4033,16537
4033,16538
4033,16539
4033,16540
4033,16541
4033,16542
4033,16543
4033,16544
4033,16545
4033,16546
4033,16547
4033,16548
4033,16549
4033,16550
4033,16551
4033,16552
4033,16553
4033,16554
4033,16555
4033,16556
4033,16557
4033,16558
4033,16559
4033,16560
4033,16561
4033,16562
4033,16563
4033,16564
4033,16565
4033,16566
4033,16567
4033,16568
4033,16569
4033,16570
4033,16571
4033,16572
4033,16573
4033,16574
4033,16575
4033,16576
4033,16577
4033,16578
4033,16579
4033,16580
4033,16581
4033,16582
4034,16484
4034,16485
4034,16486
4034,16487
4034,16488
4034,16489
4034,16490
4034,16491
4034,16492
4034,16493
4034,16494
4034,16495
4034,16496
4034,16497
4034,16498
4034,16499
4034,16500
4034,16504
4034,16505
4034,16506
4034,16507
4034,16508
4034,16509
4034,16510
4034,16511
4034,16512
4034,16513
4034,16514
4034,16515
4034,16516
4034,16517
4034,16518
4034,16519
4034,16520
4034,16521
4034,16522
4034,16523
4034,16524
4034,16525
4034,16526
4034,16527
4034,16528
4034,16529
4034,16530
4034,16531
4034,16532
4034,16533
4034,16534
4034,16535
4034,16536
4034,16537
4034,16538
4034,16539
4034,16540
4034,16541
4034,16542
4034,16543
4034,16544
4034,16545
4034,16546
4034,16547
4034,16548
4034,16549
4034,16550
4034,16551
4034,16552
4034,16553
4034,16554
4034,16555
4034,16556
4034,16557
4034,16558
4034,16559
4034,16560
4034,16561
4034,16562
4034,16563
4034,16564
4034,16565
4034,16566
4034,16567
4034,16568
4034,16569
4034,16570
4034,16571
4034,16572
4034,16573
4034,16574
4034,16575
4034,16576
4034,16577
4034,16578
4034,16579
4034,16580
4034,16581
4034,16582
4035,16485
4035,16486
4035,16487
4035,16488
4035,16489
4035,16490
4035,16491
4035,16492
4035,16493
4035,16494
4035,16495
4035,16496
4035,16497
4035,16498
4035,16499
4035,16500
4035,16504
4035,16505
4035,16506
4035,16507
4035,16508
4035,16509
4035,16510
4035,16511
4035,16512
4035,16513
4035,16514
4035,16515
4035,16516
4035,16517
4035,16518
4035,16519
4035,16520
4035,16521
4035,16522
4035,16523
4035,16524
4035,16525
4035,16526
4035,16527
4035,16528
4035,16529
4035,16530
4035,16531
4035,16532
4035,16533
4035,16534
4035,16535
4035,16536
4035,16537
4035,16538
4035,16539
4035,16540
4035,16541
4035,16542
4035,16543
4035,16544
4035,16545
4035,16546
4035,16547
4035,16548
4035,16549
4035,16550
4035,16551
4035,16552
4035,16553
4035,16554
4035,16555
4035,16556
4035,16557
4035,16558
4035,16559
4035,16560
4035,16561
4035,16562
4035,16563
4035,16564
4035,16565
4035,16566
4035,16567
4035,16568
4035,16569
4035,16570
4035,16571
4035,16572
4035,16573
4035,16574
4035,16575
4035,16576
4035,16577
4035,16578
4035,16579
4035,16580
4035,16581
4035,16582
4036,16485
4036,16486
4036,16487
4036,16488
4036,16489
4036,16490
4036,16491
4036,16492
4036,16493
4036,16494
4036,16495
4036,16496
4036,16497
4036,16498
4036,16499
4036,16503
4036,16504
4036,16505
4036,16506
4036,16507
4036,16508
4036,16509
4036,16510
4036,16511
4036,16512
4036,16513
4036,16514
4036,16515
4036,16516
4036,16517
4036,16518
4036,16519
4036,16520
4036,16521
4036,16522
4036,16523
4036,16524
4036,16525
4036,16526
4036,16527
4036,16528
4036,16529
4036,16530
4036,16531
4036,16532
4036,16533
4036,16534
4036,16535
4036,16536
4036,16537
4036,16538
4036,16539
4036,16540
4036,16541
4036,16542
4036,16543
4036,16544
4036,16545
4036,16546
4036,16547
4036,16548
4036,16549
4036,16550
4036,16551
4036,16552
4036,16553
4036,16554
4036,16555
4036,16556
4036,16557
4036,16558
4036,16559
4036,16560
4036,16561
4036,16562
4036,16563
4036,16564
4036,16565
4036,16566
4036,16567
4036,16568
4036,16569
4036,16570
4036,16571
4036,16572
4036,16573
4036,16574
4036,16575
4036,16576
4036,16577
4036,16578
4036,16579
4036,16580
4036,16581
4037,16486
4037,16487
4037,16488
4037,16489
4037,16490
4037,16491
4037,16492
4037,16493
4037,16494
4037,16495
4037,16496
4037,16497
4037,16498
4037,16499
4037,16503
4037,16504
4037,16505
4037,16506
4037,16507
4037,16508
4037,16509
4037,16510
4037,16511
4037,16512
4037,16513
4037,16514
4037,16515
4037,16516
4037,16517
4037,16518
4037,16519
4037,16520
4037,16521
4037,16522
4037,16523
4037,16524
4037,16525
4037,16526
4037,16527
4037,16528
4037,16529
4037,16530
4037,16531
4037,16532
4037,16533
4037,16534
4037,16535
4037,16536
4037,16537
4037,16538
4037,16539
4037,16540
4037,16541
4037,16542
4037,16543
4037,16544
4037,16545
4037,16546
4037,16547
4037,16548
4037,16549
4037,16550
4037,16551
4037,16552
4037,16553
4037,16554
4037,16555
4037,16556
4037,16557
4037,16558
4037,16559
4037,16560
4037,16561
4037,16562
4037,16563
4037,16564
4037,16565
4037,16566
4037,16567
4037,16568
4037,16569
4037,16570
4037,16571
4037,16572
4037,16573
4037,16574
4037,16575
4037,16576
4037,16577
4037,16578
4037,16579
4037,16580
4037,16581
4038,16487
4038,16488
4038,16489
4038,16490
4038,16491
4038,16492
4038,16493
4038,16494
4038,16495
4038,16496
4038,16497
4038,16498
4038,16499
4038,16500
4038,16503
4038,16504
4038,16505
4038,16506
4038,16507
4038,16508
4038,16509
4038,16510
4038,16511
4038,16512
4038,16513
4038,16514
4038,16515
4038,16516
4038,16517
4038,16518
4038,16519
4038,16520
4038,16521
4038,16522
4038,16523
4038,16524
4038,16525
4038,16526
4038,16527
4038,16528
4038,16529
4038,16530
4038,16531
4038,16532
4038,16533
4038,16534
4038,16535
4038,16536
4038,16537
4038,16538
4038,16539
4038,16540
4038,16541
4038,16542
4038,16543
4038,16544
4038,16545
4038,16546
4038,16547
4038,16548
4038,16549
4038,16550
4038,16551
4038,16552
4038,16553
4038,16554
4038,16555
4038,16556
4038,16557
4038,16558
4038,16559
4038,16560
4038,16561
4038,16562
4038,16563
4038,16564
4038,16565
4038,16566
4038,16567
4038,16568
4038,16569
4038,16570
4038,16571
4038,16572
4038,16573
4038,16574
4038,16575
4038,16576
4038,16577
4038,16578
4038,16579
4038,16580
4038,16581
4039,16489
4039,16490
4039,16491
4039,16492
4039,16493
4039,16494
4039,16495
4039,16496
4039,16497
4039,16498
4039,16499
4039,16500
4039,16501
4039,16502
4039,16503
4039,16504
4039,16505
4039,16506
4039,16507
4039,16508
4039,16509
4039,16510
4039,16511
4039,16512
4039,16513
4039,16514
4039,16515
4039,16516
4039,16517
4039,16518
4039,16519
4039,16520
4039,16521
4039,16522
4039,16523
4039,16524
4039,16525
4039,16526
4039,16527
4039,16528
4039,16529
4039,16530
4039,16531
4039,16532
4039,16533
4039,16534
4039,16535
4039,16536
4039,16537
4039,16538
4039,16539
4039,16540
4039,16541
4039,16542
4039,16543
4039,16544
4039,16545
4039,16546
4039,16547
4039,16548
4039,16549
4039,16550
4039,16551
4039,16552
4039,16553
4039,16554
4039,16555
4039,16556
4039,16557
4039,16558
4039,16559
4039,16560
4039,16561
4039,16562
4039,16563
4039,16564
4039,16565
4039,16566
4039,16567
4039,16568
4039,16569
4039,16570
4039,16571
4039,16572
4039,16573
4039,16574
4039,16575
4039,16576
4039,16577
4039,16578
4039,16579
4039,16580
4039,16581
4040,16491
4040,16492
4040,16493
4040,16494
4040,16495
4040,16496
4040,16497
4040,16498
4040,16499
4040,16500
4040,16501
4040,16502
4040,16503
4040,16504
4040,16505
4040,16506
4040,16507
4040,16508
4040,16509
4040,16510
4040,16511
4040,16512
4040,16513
4040,16514
4040,16515
4040,16516
4040,16517
4040,16518
4040,16519
4040,16520
4040,16521
4040,16522
4040,16523
4040,16524
4040,16525
4040,16526
4040,16527
4040,16528
4040,16529
4040,16530
4040,16531
4040,16532
4040,16533
4040,16534
4040,16535
4040,16536
4040,16537
4040,16538
4040,16539
4040,16540
4040,16541
4040,16542
4040,16543
4040,16544
4040,16545
4040,16546
4040,16547
4040,16548
4040,16549
4040,16550
4040,16551
4040,16552
4040,16553
4040,16554
4040,16555
4040,16556
4040,16557
4040,16558
4040,16559
4040,16560
4040,16561
4040,16562
4040,16563
4040,16564
4040,16565
4040,16566
4040,16567
4040,16568
4040,16569
4040,16570
4040,16571
4040,16572
4040,16573
4040,16574
4040,16575
4040,16576
4040,16577
4040,16578
4040,16579
4040,16580
4040,16581
4041,16490
4041,16491
4041,16492
4041,16493
4041,16494
4041,16495
4041,16496
4041,16497
4041,16498
4041,16499
4041,16500
4041,16501
4041,16502
4041,16503
4041,16504
4041,16505
4041,16506
4041,16507
4041,16508
4041,16509
4041,16510
4041,16511
4041,16512
4041,16513
4041,16514
4041,16515
4041,16516
4041,16517
4041,16518
4041,16519
4041,16520
4041,16521
4041,16522
4041,16523
4041,16524
4041,16525
4041,16526
4041,16527
4041,16528
4041,16529
4041,16530
4041,16531
4041,16532
4041,16533
4041,16534
4041,16535
4041,16536
4041,16537
4041,16538
4041,16539
4041,16540
4041,16541
4041,16542
4041,16543
4041,16544
4041,16545
4041,16546
4041,16547
4041,16548
4041,16549
4041,16550
4041,16551
4041,16552
4041,16553
4041,16554
4041,16555
4041,16556
4041,16557
4041,16558
4041,16559
4041,16560
4041,16561
4041,16562
4041,16563
4041,16564
4041,16565
4041,16566
4041,16567
4041,16568
4041,16569
4041,16570
4041,16571
4041,16572
4041,16573
4041,16574
4041,16575
4041,16576
4041,16577
4041,16578
4041,16579
4041,16580
4041,16581
4042,16490
4042,16491
4042,16492
4042,16493
4042,16494
4042,16495
4042,16496
4042,16497
4042,16498
4042,16499
4042,16500
4042,16501
4042,16502
4042,16503
4042,16504
4042,16505
4042,16506
4042,16507
4042,16508
4042,16509
4042,16510
4042,16511
4042,16512
4042,16513
4042,16514
4042,16515
4042,16516
4042,16517
4042,16518
4042,16519
4042,16520
4042,16521
4042,16522
4042,16523
4042,16524
4042,16525
4042,16526
4042,16527
4042,16528
4042,16529
4042,16530
4042,16531
4042,16532
4042,16533
4042,16534
4042,16535
4042,16536
4042,16537
4042,16538
4042,16539
4042,16540
4042,16541
4042,16542
4042,16543
4042,16544
4042,16545
4042,16546
4042,16547
4042,16548
4042,16549
4042,16550
4042,16551
4042,16552
4042,16553
4042,16554
4042,16555
4042,16556
4042,16557
4042,16558
4042,16559
4042,16560
4042,16561
4042,16562
4042,16563
4042,16564
4042,16565
4042,16566
4042,16567
4042,16568
4042,16569
4042,16570
4042,16571
4042,16572
4042,16573
4042,16574
4042,16575
4042,16576
4042,16577
4042,16578
4042,16579
4042,16580
4042,16581
4043,16491
4043,16492
4043,16493
4043,16494
4043,16495
4043,16496
4043,16497
4043,16498
4043,16499
4043,16500
4043,16501
4043,16502
4043,16503
4043,16504
4043,16505
4043,16506
4043,16507
4043,16508
4043,16509
4043,16510
4043,16511
4043,16512
4043,16513
4043,16514
4043,16515
4043,16516
4043,16517
4043,16518
4043,16519
4043,16520
4043,16521
4043,16522
4043,16523
4043,16524
4043,16525
4043,16526
4043,16527
4043,16528
4043,16529
4043,16530
4043,16531
4043,16532
4043,16533
4043,16534
4043,16535
4043,16536
4043,16537
4043,16538
4043,16539
4043,16540
4043,16541
4043,16542
4043,16543
4043,16544
4043,16545
4043,16546
4043,16547
4043,16548
4043,16549
4043,16550
4043,16551
4043,16552
4043,16553
4043,16554
4043,16555
4043,16556
4043,16557
4043,16558
4043,16559
4043,16560
4043,16561
4043,16562
4043,16563
4043,16564
4043,16565
4043,16566
4043,16567
4043,16568
4043,16569
4043,16570
4043,16571
4043,16572
4043,16573
4043,16574
4043,16575
4043,16576
4043,16577
4043,16578
4043,16579
4043,16580
4043,16581
4044,16489
4044,16490
4044,16491
4044,16492
4044,16493
4044,16494
4044,16495
4044,16496
4044,16497
4044,16498
4044,16499
4044,16500
4044,16501
4044,16502
4044,16503
4044,16504
4044,16505
4044,16506
4044,16507
4044,16508
4044,16509
4044,16510
4044,16511
4044,16512
4044,16513
4044,16514
4044,16515
4044,16516
4044,16517
4044,16518
4044,16519
4044,16520
4044,16521
4044,16522
4044,16523
4044,16524
4044,16525
4044,16526
4044,16527
4044,16528
4044,16529
4044,16530
4044,16531
4044,16532
4044,16533
4044,16534
4044,16535
4044,16536
4044,16537
4044,16538
4044,16539
4044,16540
4044,16541
4044,16542
4044,16543
4044,16544
4044,16545
4044,16546
4044,16547
4044,16548
4044,16549
4044,16550
4044,16551
4044,16552
4044,16553
4044,16554
4044,16555
4044,16556
4044,16557
4044,16558
4044,16559
4044,16560
4044,16561
4044,16562
4044,16563
4044,16564
4044,16565
4044,16566
4044,16567
4044,16568
4044,16569
4044,16570
4044,16571
4044,16572
4044,16573
4044,16574
4044,16575
4044,16576
4044,16577
4044,16578
4044,16579
4044,16580
4044,16581
4045,16487
4045,16488
4045,16489
4045,16490
4045,16491
4045,16492
4045,16493
4045,16494
4045,16495
4045,16496
4045,16497
4045,16498
4045,16499
4045,16500
4045,16501
4045,16502
4045,16503
4045,16504
4045,16505
4045,16506
4045,16507
4045,16508
4045,16509
4045,16510
4045,16511
4045,16512
4045,16513
4045,16514
4045,16515
4045,16516
4045,16517
4045,16518
4045,16519
4045,16520
4045,16521
4045,16522
4045,16523
4045,16524
4045,16525
4045,16526
4045,16527
4045,16528
4045,16529
4045,16530
4045,16531
4045,16532
4045,16533
4045,16534
4045,16535
4045,16536
4045,16537
4045,16538
4045,16539
4045,16540
4045,16541
4045,16542
4045,16543
4045,16544
4045,16545
4045,16546
4045,16547
4045,16548
4045,16549
4045,16550
4045,16551
4045,16552
4045,16553
4045,16554
4045,16555
4045,16556
4045,16557
4045,16558
4045,16559
4045,16560
4045,16561
4045,16562
4045,16563
4045,16564
4045,16565
4045,16566
4045,16567
4045,16568
4045,16569
4045,16570
4045,16571
4045,16572
4045,16573
4045,16574
4045,16575
4045,16576
4045,16577
4045,16578
4045,16579
4045,16580
4045,16581
4046,16484
4046,16485
4046,16486
4046,16487
4046,16488
4046,16489
4046,16490
4046,16491
4046,16492
4046,16493
4046,16494
4046,16495
4046,16496
4046,16497
4046,16498
4046,16499
4046,16500
4046,16501
4046,16502
4046,16503
4046,16504
4046,16505
4046,16506
4046,16507
4046,16508
4046,16509
4046,16510
4046,16511
4046,16512
4046,16513
4046,16514
4046,16515
4046,16516
4046,16517
4046,16518
4046,16519
4046,16520
4046,16521
4046,16522
4046,16523
4046,16524
4046,16525
4046,16526
4046,16527
4046,16528
4046,16529
4046,16530
4046,16531
4046,16532
4046,16533
4046,16534
4046,16535
4046,16536
4046,16537
4046,16538
4046,16539
4046,16540
4046,16541
4046,16542
4046,16543
4046,16544
4046,16545
4046,16546
4046,16547
4046,16548
4046,16549
4046,16550
4046,16551
4046,16552
4046,16553
4046,16554
4046,16555
4046,16556
4046,16557
4046,16558
4046,16559
4046,16560
4046,16561
4046,16562
4046,16563
4046,16564
4046,16565
4046,16566
4046,16567
4046,16568
4046,16569
4046,16570
4046,16571
4046,16572
4046,16573
4046,16574
4046,16575
4046,16576
4046,16577
4046,16578
4046,16579
4046,16580
4046,16581
4047,16483
4047,16484
4047,16485
4047,16486
4047,16487
4047,16488
4047,16489
4047,16490
4047,16491
4047,16492
4047,16493
4047,16494
4047,16495
4047,16496
4047,16497
4047,16498
4047,16499
4047,16500
4047,16501
4047,16502
4047,16503
4047,16504
4047,16505
4047,16506
4047,16507
4047,16508
4047,16509
4047,16510
4047,16511
4047,16512
4047,16513
4047,16514
4047,16515
4047,16516
4047,16517
4047,16518
4047,16519
4047,16520
4047,16521
4047,16522
4047,16523
4047,16524
4047,16525
4047,16526
4047,16527
4047,16528
4047,16529
4047,16530
4047,16531
4047,16532
4047,16533
4047,16534
4047,16535
4047,16536
4047,16537
4047,16538
4047,16539
4047,16540
4047,16541
4047,16542
4047,16543
4047,16544
4047,16545
4047,16546
4047,16547
4047,16548
4047,16549
4047,16550
4047,16551
4047,16552
4047,16553
4047,16554
4047,16555
4047,16556
4047,16557
4047,16558
4047,16559
4047,16560
4047,16561
4047,16562
4047,16563
4047,16564
4047,16565
4047,16566
4047,16567
4047,16568
4047,16569
4047,16570
4047,16571
4047,16572
4047,16573
4047,16574
4047,16575
4047,16576
4047,16577
4047,16578
4047,16579
4047,16580
4047,16581
4048,16482
4048,16483
4048,16484
4048,16485
4048,16486
4048,16487
4048,16488
4048,16489
4048,16490
4048,16491
4048,16492
4048,16493
4048,16494
4048,16495
4048,16496
4048,16497
4048,16498
4048,16499
4048,16500
4048,16501
4048,16502
4048,16503
4048,16504
4048,16505
4048,16506
4048,16507
4048,16508
4048,16509
4048,16510
4048,16511
4048,16512
4048,16513
4048,16514
4048,16515
4048,16516
4048,16517
4048,16518
4048,16519
4048,16520
4048,16521
4048,16522
4048,16523
4048,16524
4048,16525
4048,16526
4048,16527
4048,16528
4048,16529
4048,16530
4048,16531
4048,16532
4048,16533
4048,16534
4048,16535
4048,16536
4048,16537
4048,16538
4048,16539
4048,16540
4048,16541
4048,16542
4048,16543
4048,16544
4048,16545
4048,16546
4048,16547
4048,16548
4048,16549
4048,16550
4048,16551
4048,16552
4048,16553
4048,16554
4048,16555
4048,16556
4048,16557
4048,16558
4048,16559
4048,16560
4048,16561
4048,16562
4048,16563
4048,16564
4048,16565
4048,16566
4048,16567
4048,16568
4048,16569
4048,16570
4048,16571
4048,16572
4048,16573
4048,16574
4048,16575
4048,16576
4048,16577
4048,16578
4048,16579
4048,16580
4048,16581
4049,16480
4049,16481
4049,16482
4049,16483
4049,16484
4049,16485
4049,16486
4049,16487
4049,16488
4049,16489
4049,16490
4049,16491
4049,16492
4049,16493
4049,16494
4049,16495
4049,16496
4049,16497
4049,16498
4049,16499
4049,16500
4049,16501
4049,16502
4049,16503
4049,16504
4049,16505
4049,16506
4049,16507
4049,16508
4049,16509
4049,16510
4049,16511
4049,16512
4049,16513
4049,16514
4049,16515
4049,16516
4049,16517
4049,16518
4049,16519
4049,16520
4049,16521
4049,16522
4049,16523
4049,16524
4049,16525
4049,16526
4049,16527
4049,16528
4049,16529
4049,16530
4049,16531
4049,16532
4049,16533
4049,16534
4049,16535
4049,16536
4049,16537
4049,16538
4049,16539
4049,16540
4049,16541
4049,16542
4049,16543
4049,16544
4049,16545
4049,16546
4049,16547
4049,16548
4049,16549
4049,16550
4049,16551
4049,16552
4049,16553
4049,16554
4049,16555
4049,16556
4049,16557
4049,16558
4049,16559
4049,16560
4049,16561
4049,16562
4049,16563
4049,16564
4049,16565
4049,16566
4049,16567
4049,16568
4049,16569
4049,16570
4049,16571
4049,16572
4049,16573
4049,16574
4049,16575
4049,16576
4049,16577
4049,16578
4049,16579
4049,16580
4049,16581
4050,16479
4050,16480
4050,16481
4050,16482
4050,16483
4050,16484
4050,16485
4050,16486
4050,16487
4050,16488
4050,16489
4050,16490
4050,16491
4050,16492
4050,16493
4050,16494
4050,16495
4050,16496
4050,16497
4050,16498
4050,16499
4050,16500
4050,16501
4050,16502
4050,16503
4050,16504
4050,16505
4050,16506
4050,16507
4050,16508
4050,16509
4050,16510
4050,16511
4050,16512
4050,16513
4050,16514
4050,16515
4050,16516
4050,16517
4050,16518
4050,16519
4050,16520
4050,16521
4050,16522
4050,16523
4050,16524
4050,16525
4050,16526
4050,16527
4050,16528
4050,16529
4050,16530
4050,16531
4050,16532
4050,16533
4050,16534
4050,16535
4050,16536
4050,16537
4050,16538
4050,16539
4050,16540
4050,16541
4050,16542
4050,16543
4050,16544
4050,16545
4050,16546
4050,16547
4050,16548
4050,16549
4050,16550
4050,16551
4050,16552
4050,16553
4050,16554
4050,16555
4050,16556
4050,16557
4050,16558
4050,16559
4050,16560
4050,16561
4050,16562
4050,16563
4050,16564
4050,16565
4050,16566
4050,16567
4050,16568
4050,16569
4050,16570
4050,16571
4050,16572
4050,16573
4050,16574
4050,16575
4050,16576
4050,16577
4050,16578
4050,16579
4050,16580
4051,16478
4051,16479
4051,16480
4051,16481
4051,16482
4051,16483
4051,16484
4051,16485
4051,16486
4051,16487
4051,16488
4051,16489
4051,16490
4051,16491
4051,16492
4051,16493
4051,16494
4051,16495
4051,16496
4051,16497
4051,16498
4051,16499
4051,16500
4051,16501
4051,16502
4051,16503
4051,16504
4051,16505
4051,16506
4051,16507
4051,16508
4051,16509
4051,16510
4051,16511
4051,16512
4051,16513
4051,16514
4051,16515
4051,16516
4051,16517
4051,16518
4051,16519
4051,16520
4051,16521
4051,16522
4051,16523
4051,16524
4051,16525
4051,16526
4051,16527
4051,16528
4051,16529
4051,16530
4051,16531
4051,16532
4051,16533
4051,16534
4051,16535
4051,16536
4051,16537
4051,16538
4051,16539
4051,16540
4051,16541
4051,16542
4051,16543
4051,16544
4051,16545
4051,16546
4051,16547
4051,16548
4051,16549
4051,16550
4051,16551
4051,16552
4051,16553
4051,16554
4051,16555
4051,16556
4051,16557
4051,16558
4051,16559
4051,16560
4051,16561
4051,16562
4051,16563
4051,16564
4051,16565
4051,16566
4051,16567
4051,16568
4051,16569
4051,16570
4051,16571
4051,16572
4051,16573
4051,16574
4051,16575
4051,16576
4051,16577
4051,16578
4051,16579
4051,16580
4052,16477
4052,16478
4052,16479
4052,16480
4052,16481
4052,16482
4052,16483
4052,16484
4052,16485
4052,16486
4052,16487
4052,16488
4052,16489
4052,16490
4052,16491
4052,16492
4052,16493
4052,16494
4052,16495
4052,16496
4052,16497
4052,16498
4052,16499
4052,16500
4052,16501
4052,16502
4052,16503
4052,16504
4052,16505
4052,16506
4052,16507
4052,16508
4052,16509
4052,16510
4052,16511
4052,16512
4052,16513
4052,16514
4052,16515
4052,16516
4052,16517
4052,16518
4052,16519
4052,16520
4052,16521
4052,16522
4052,16523
4052,16524
4052,16525
4052,16526
4052,16527
4052,16528
4052,16529
4052,16530
4052,16531
4052,16532
4052,16533
4052,16534
4052,16535
4052,16536
4052,16537
4052,16538
4052,16539
4052,16540
4052,16541
4052,16542
4052,16543
4052,16544
4052,16545
4052,16546
4052,16547
4052,16548
4052,16549
4052,16550
4052,16551
4052,16552
4052,16553
4052,16554
4052,16555
4052,16556
4052,16557
4052,16558
4052,16559
4052,16560
4052,16561
4052,16562
4052,16563
4052,16564
4052,16565
4052,16566
4052,16567
4052,16568
4052,16569
4052,16570
4052,16571
4052,16572
4052,16573
4052,16574
4052,16575
4052,16576
4052,16577
4052,16578
4052,16579
4052,16580
4053,16477
4053,16478
4053,16479
4053,16480
4053,16481
4053,16482
4053,16483
4053,16484
4053,16485
4053,16486
4053,16487
4053,16488
4053,16489
4053,16490
4053,16491
4053,16492
4053,16493
4053,16494
4053,16495
4053,16496
4053,16497
4053,16498
4053,16499
4053,16500
4053,16501
4053,16502
4053,16503
4053,16504
4053,16505
4053,16506
4053,16507
4053,16508
4053,16509
4053,16510
4053,16511
4053,16512
4053,16513
4053,16514
4053,16515
4053,16516
4053,16517
4053,16518
4053,16519
4053,16520
4053,16521
4053,16522
4053,16523
4053,16524
4053,16525
4053,16526
4053,16527
4053,16528
4053,16529
4053,16530
4053,16531
4053,16532
4053,16533
4053,16534
4053,16535
4053,16536
4053,16537
4053,16538
4053,16539
4053,16540
4053,16541
4053,16542
4053,16543
4053,16544
4053,16545
4053,16546
4053,16547
4053,16548
4053,16549
4053,16550
4053,16551
4053,16552
4053,16553
4053,16554
4053,16555
4053,16556
4053,16557
4053,16558
4053,16559
4053,16560
4053,16561
4053,16562
4053,16563
4053,16564
4053,16565
4053,16566
4053,16567
4053,16568
4053,16569
4053,16570
4053,16571
4053,16572
4053,16573
4053,16574
4053,16575
4053,16576
4053,16577
4053,16578
4053,16579
4053,16580
4054,16477
4054,16478
4054,16479
4054,16480
4054,16481
4054,16482
4054,16483
4054,16484
4054,16485
4054,16486
4054,16487
4054,16488
4054,16489
4054,16490
4054,16491
4054,16492
4054,16493
4054,16494
4054,16495
4054,16496
4054,16497
4054,16498
4054,16499
4054,16500
4054,16501
4054,16502
4054,16503
4054,16504
4054,16505
4054,16506
4054,16507
4054,16508
4054,16509
4054,16510
4054,16511
4054,16512
4054,16513
4054,16514
4054,16515
4054,16516
4054,16517
4054,16518
4054,16519
4054,16520
4054,16521
4054,16522
4054,16523
4054,16524
4054,16525
4054,16526
4054,16527
4054,16528
4054,16529
4054,16530
4054,16531
4054,16532
4054,16533
4054,16534
4054,16535
4054,16536
4054,16537
4054,16538
4054,16539
4054,16540
4054,16541
4054,16542
4054,16543
4054,16544
4054,16545
4054,16546
4054,16547
4054,16548
4054,16549
4054,16550
4054,16551
4054,16552
4054,16553
4054,16554
4054,16555
4054,16556
4054,16557
4054,16558
4054,16559
4054,16560
4054,16561
4054,16562
4054,16563
4054,16564
4054,16565
4054,16566
4054,16567
4054,16568
4054,16569
4054,16570
4054,16571
4054,16572
4054,16573
4054,16574
4054,16575
4054,16576
4054,16577
4054,16578
4054,16579
4054,16580
4054,16581
4054,16582
4055,16476
4055,16477
4055,16478
4055,16479
4055,16480
4055,16481
4055,16482
4055,16483
4055,16484
4055,16485
4055,16486
4055,16487
4055,16488
4055,16489
4055,16490
4055,16491
4055,16492
4055,16493
4055,16494
4055,16495
4055,16496
4055,16497
4055,16498
4055,16499
4055,16500
4055,16501
4055,16502
4055,16503
4055,16504
4055,16505
4055,16506
4055,16507
4055,16508
4055,16509
4055,16510
4055,16511
4055,16512
4055,16513
4055,16514
4055,16515
4055,16516
4055,16517
4055,16518
4055,16519
4055,16520
4055,16521
4055,16522
4055,16523
4055,16524
4055,16525
4055,16526
4055,16527
4055,16528
4055,16529
4055,16530
4055,16531
4055,16532
4055,16533
4055,16534
4055,16535
4055,16536
4055,16537
4055,16538
4055,16539
4055,16540
4055,16541
4055,16542
4055,16543
4055,16544
4055,16545
4055,16546
4055,16547
4055,16548
4055,16549
4055,16550
4055,16551
4055,16552
4055,16553
4055,16554
4055,16555
4055,16556
4055,16557
4055,16558
4055,16559
4055,16560
4055,16561
4055,16562
4055,16563
4055,16564
4055,16565
4055,16566
4055,16567
4055,16568
4055,16569
4055,16570
4055,16571
4055,16572
4055,16573
4055,16574
4055,16575
4055,16576
4055,16577
4055,16578
4055,16579
4055,16580
4055,16581
4055,16582
4055,16583
4056,16477
4056,16478
4056,16479
4056,16480
4056,16481
4056,16482
4056,16483
4056,16484
4056,16485
4056,16486
4056,16487
4056,16488
4056,16489
4056,16490
4056,16491
4056,16492
4056,16493
4056,16494
4056,16495
4056,16496
4056,16497
4056,16498
4056,16499
4056,16500
4056,16501
4056,16502
4056,16503
4056,16504
4056,16505
4056,16506
4056,16507
4056,16508
4056,16509
4056,16510
4056,16511
4056,16512
4056,16513
4056,16514
4056,16515
4056,16516
4056,16517
4056,16518
4056,16519
4056,16520
4056,16521
4056,16522
4056,16523
4056,16524
4056,16525
4056,16526
4056,16527
4056,16528
4056,16529
4056,16530
4056,16531
4056,16532
4056,16533
4056,16534
4056,16535
4056,16536
4056,16537
4056,16538
4056,16539
4056,16540
4056,16541
4056,16542
4056,16543
4056,16544
4056,16545
4056,16546
4056,16547
4056,16548
4056,16549
4056,16550
4056,16551
4056,16552
4056,16553
4056,16554
4056,16555
4056,16556
4056,16557
4056,16558
4056,16559
4056,16560
4056,16561
4056,16562
4056,16563
4056,16564
4056,16565
4056,16566
4056,16567
4056,16568
4056,16569
4056,16570
4056,16571
4056,16572
4056,16573
4056,16574
4056,16575
4056,16576
4056,16577
4056,16578
4056,16579
4056,16580
4056,16581
4056,16582
4056,16583
4056,16584
4057,16476
4057,16477
4057,16478
4057,16479
4057,16480
4057,16481
4057,16482
4057,16483
4057,16484
4057,16485
4057,16486
4057,16487
4057,16488
4057,16489
4057,16490
4057,16491
4057,16492
4057,16493
4057,16494
4057,16495
4057,16496
4057,16497
4057,16498
4057,16499
4057,16500
4057,16501
4057,16502
4057,16503
4057,16504
4057,16505
4057,16506
4057,16507
4057,16508
4057,16509
4057,16510
4057,16511
4057,16512
4057,16513
4057,16514
4057,16515
4057,16516
4057,16517
4057,16518
4057,16519
4057,16520
4057,16521
4057,16522
4057,16523
4057,16524
4057,16525
4057,16526
4057,16527
4057,16528
4057,16529
4057,16530
4057,16531
4057,16532
4057,16533
4057,16534
4057,16535
4057,16536
4057,16537
4057,16538
4057,16539
4057,16540
4057,16541
4057,16542
4057,16543
4057,16544
4057,16545
4057,16546
4057,16547
4057,16548
4057,16549
4057,16550
4057,16551
4057,16552
4057,16553
4057,16554
4057,16555
4057,16556
4057,16557
4057,16558
4057,16559
4057,16560
4057,16561
4057,16562
4057,16563
4057,16564
4057,16565
4057,16566
4057,16567
4057,16568
4057,16569
4057,16570
4057,16571
4057,16572
4057,16573
4057,16574
4057,16575
4057,16576
4057,16577
4057,16578
4057,16579
4057,16580
4057,16581
4057,16582
4057,16583
4057,16584
4058,16477
4058,16478
4058,16479
4058,16480
4058,16481
4058,16482
4058,16483
4058,16484
4058,16485
4058,16486
4058,16487
4058,16488
4058,16489
4058,16490
4058,16491
4058,16492
4058,16493
4058,16494
4058,16495
4058,16496
4058,16497
4058,16498
4058,16499
4058,16500
4058,16501
4058,16502
4058,16503
4058,16504
4058,16505
4058,16506
4058,16507
4058,16508
4058,16509
4058,16510
4058,16511
4058,16512
4058,16513
4058,16514
4058,16515
4058,16516
4058,16517
4058,16518
4058,16519
4058,16520
4058,16521
4058,16522
4058,16523
4058,16524
4058,16525
4058,16526
4058,16527
4058,16528
4058,16529
4058,16530
4058,16531
4058,16532
4058,16533
4058,16534
4058,16535
4058,16536
4058,16537
4058,16538
4058,16539
4058,16540
4058,16541
4058,16542
4058,16543
4058,16544
4058,16545
4058,16546
4058,16547
4058,16548
4058,16549
4058,16550
4058,16551
4058,16552
4058,16553
4058,16554
4058,16555
4058,16556
4058,16557
4058,16558
4058,16559
4058,16560
4058,16561
4058,16562
4058,16563
4058,16564
4058,16565
4058,16566
4058,16567
4058,16568
4058,16569
4058,16570
4058,16571
4058,16572
4058,16573
4058,16574
4058,16575
4058,16576
4058,16577
4058,16578
4058,16579
4058,16580
4058,16581
4058,16582
4058,16583
4058,16584
4058,16585
4059,16477
4059,16478
4059,16479
4059,16480
4059,16481
4059,16482
4059,16483
4059,16484
4059,16485
4059,16486
4059,16487
4059,16488
4059,16489
4059,16490
4059,16491
4059,16492
4059,16493
4059,16494
4059,16495
4059,16496
4059,16497
4059,16498
4059,16499
4059,16500
4059,16501
4059,16502
4059,16503
4059,16504
4059,16505
4059,16506
4059,16507
4059,16508
4059,16509
4059,16510
4059,16511
4059,16512
4059,16513
4059,16514
4059,16515
4059,16516
4059,16517
4059,16518
4059,16519
4059,16520
4059,16521
4059,16522
4059,16523
4059,16524
4059,16525
4059,16526
4059,16527
4059,16528
4059,16529
4059,16530
4059,16531
4059,16532
4059,16533
4059,16534
4059,16535
4059,16536
4059,16537
4059,16538
4059,16539
4059,16540
4059,16541
4059,16542
4059,16543
4059,16544
4059,16545
4059,16546
4059,16547
4059,16548
4059,16549
4059,16550
4059,16551
4059,16552
4059,16553
4059,16554
4059,16555
4059,16556
4059,16557
4059,16558
4059,16559
4059,16560
4059,16561
4059,16562
4059,16563
4059,16564
4059,16565
4059,16566
4059,16567
4059,16568
4059,16569
4059,16570
4059,16571
4059,16572
4059,16573
4059,16574
4059,16575
4059,16576
4059,16577
4059,16578
4059,16579
4059,16580
4059,16581
4059,16582
4059,16583
4059,16584
4060,16477
4060,16478
4060,16479
4060,16480
4060,16481
4060,16482
4060,16483
4060,16484
4060,16485
4060,16486
4060,16487
4060,16488
4060,16489
4060,16490
4060,16491
4060,16492
4060,16493
4060,16494
4060,16495
4060,16496
4060,16497
4060,16498
4060,16499
4060,16500
4060,16501
4060,16502
4060,16503
4060,16504
4060,16505
4060,16506
4060,16507
4060,16508
4060,16509
4060,16510
4060,16511
4060,16512
4060,16513
4060,16514
4060,16515
4060,16516
4060,16517
4060,16518
4060,16519
4060,16520
4060,16521
4060,16522
4060,16523
4060,16524
4060,16525
4060,16526
4060,16527
4060,16528
4060,16529
4060,16530
4060,16531
4060,16532
4060,16533
4060,16534
4060,16535
4060,16536
4060,16537
4060,16538
4060,16539
4060,16540
4060,16541
4060,16542
4060,16543
4060,16544
4060,16545
4060,16546
4060,16547
4060,16548
4060,16549
4060,16550
4060,16551
4060,16552
4060,16553
4060,16554
4060,16555
4060,16556
4060,16557
4060,16558
4060,16559
4060,16560
4060,16561
4060,16562
4060,16563
4060,16564
4060,16565
4060,16566
4060,16567
4060,16568
4060,16569
4060,16570
4060,16571
4060,16572
4060,16573
4060,16574
4060,16575
4060,16576
4060,16577
4060,16578
4060,16579
4060,16580
4060,16581
4060,16582
4060,16583
4060,16584
4060,16585
4061,16478
4061,16479
4061,16480
4061,16481
4061,16482
4061,16483
4061,16484
4061,16485
4061,16486
4061,16487
4061,16488
4061,16489
4061,16490
4061,16491
4061,16492
4061,16493
4061,16494
4061,16495
4061,16496
4061,16497
4061,16498
4061,16499
4061,16500
4061,16501
4061,16502
4061,16503
4061,16504
4061,16505
4061,16506
4061,16507
4061,16508
4061,16509
4061,16510
4061,16511
4061,16512
4061,16513
4061,16514
4061,16515
4061,16516
4061,16517
4061,16518
4061,16519
4061,16520
4061,16521
4061,16522
4061,16523
4061,16524
4061,16525
4061,16526
4061,16527
4061,16528
4061,16529
4061,16530
4061,16531
4061,16532
4061,16533
4061,16534
4061,16535
4061,16536
4061,16537
4061,16538
4061,16539
4061,16540
4061,16541
4061,16542
4061,16543
4061,16544
4061,16545
4061,16546
4061,16547
4061,16548
4061,16549
4061,16550
4061,16551
4061,16552
4061,16553
4061,16554
4061,16555
4061,16556
4061,16557
4061,16558
4061,16559
4061,16560
4061,16561
4061,16562
4061,16563
4061,16564
4061,16565
4061,16566
4061,16567
4061,16568
4061,16569
4061,16570
4061,16571
4061,16572
4061,16573
4061,16574
4061,16575
4061,16576
4061,16577
4061,16578
4061,16579
4061,16580
4061,16581
4061,16582
4061,16583
4061,16584
4062,16478
4062,16479
4062,16480
4062,16481
4062,16482
4062,16483
4062,16484
4062,16485
4062,16486
4062,16487
4062,16488
4062,16489
4062,16490
4062,16491
4062,16492
4062,16493
4062,16494
4062,16495
4062,16496
4062,16497
4062,16498
4062,16499
4062,16500
4062,16501
4062,16502
4062,16503
4062,16504
4062,16505
4062,16506
4062,16507
4062,16508
4062,16509
4062,16510
4062,16511
4062,16512
4062,16513
4062,16514
4062,16515
4062,16516
4062,16517
4062,16518
4062,16519
4062,16520
4062,16521
4062,16522
4062,16523
4062,16524
4062,16525
4062,16526
4062,16527
4062,16528
4062,16529
4062,16530
4062,16531
4062,16532
4062,16533
4062,16534
4062,16535
4062,16536
4062,16537
4062,16538
4062,16539
4062,16540
4062,16541
4062,16542
4062,16543
4062,16544
4062,16545
4062,16546
4062,16547
4062,16548
4062,16549
4062,16550
4062,16551
4062,16552
4062,16553
4062,16554
4062,16555
4062,16556
4062,16557
4062,16558
4062,16559
4062,16560
4062,16561
4062,16562
4062,16563
4062,16564
4062,16565
4062,16566
4062,16567
4062,16568
4062,16569
4062,16570
4062,16571
4062,16572
4062,16573
4062,16574
4062,16575
4062,16576
4062,16577
4062,16578
4062,16579
4062,16580
4062,16581
4062,16582
4062,16583
4062,16584
4062,16585
4063,16477
4063,16478
4063,16479
4063,16480
4063,16481
4063,16482
4063,16483
4063,16484
4063,16485
4063,16486
4063,16487
4063,16488
4063,16489
4063,16490
4063,16491
4063,16492
4063,16493
4063,16494
4063,16495
4063,16496
4063,16497
4063,16498
4063,16499
4063,16500
4063,16501
4063,16502
4063,16503
4063,16504
4063,16505
4063,16506
4063,16507
4063,16508
4063,16509
4063,16510
4063,16511
4063,16512
4063,16513
4063,16514
4063,16515
4063,16516
4063,16517
4063,16518
4063,16519
4063,16520
4063,16521
4063,16522
4063,16523
4063,16524
4063,16525
4063,16526
4063,16527
4063,16528
4063,16529
4063,16530
4063,16531
4063,16532
4063,16533
4063,16534
4063,16535
4063,16536
4063,16537
4063,16538
4063,16539
4063,16540
4063,16541
4063,16542
4063,16543
4063,16544
4063,16545
4063,16546
4063,16547
4063,16548
4063,16549
4063,16550
4063,16551
4063,16552
4063,16553
4063,16554
4063,16555
4063,16556
4063,16557
4063,16558
4063,16559
4063,16560
4063,16561
4063,16562
4063,16563
4063,16564
4063,16565
4063,16566
4063,16567
4063,16568
4063,16569
4063,16570
4063,16571
4063,16572
4063,16573
4063,16574
4063,16575
4063,16576
4063,16577
4063,16578
4063,16579
4063,16580
4063,16581
4063,16582
4063,16583
4063,16584
4063,16585
4063,16586
4063,16587
4063,16588
4064,16477
4064,16478
4064,16479
4064,16480
4064,16481
4064,16482
4064,16483
4064,16484
4064,16485
4064,16486
4064,16487
4064,16488
4064,16489
4064,16490
4064,16491
4064,16492
4064,16493
4064,16494
4064,16495
4064,16496
4064,16497
4064,16498
4064,16499
4064,16500
4064,16501
4064,16502
4064,16503
4064,16504
4064,16505
4064,16506
4064,16507
4064,16508
4064,16509
4064,16510
4064,16511
4064,16512
4064,16513
4064,16514
4064,16515
4064,16516
4064,16517
4064,16518
4064,16519
4064,16520
4064,16521
4064,16522
4064,16523
4064,16524
4064,16525
4064,16526
4064,16527
4064,16528
4064,16529
4064,16530
4064,16531
4064,16532
4064,16533
4064,16534
4064,16535
4064,16536
4064,16537
4064,16538
4064,16539
4064,16540
4064,16541
4064,16542
4064,16543
4064,16544
4064,16545
4064,16546
4064,16547
4064,16548
4064,16549
4064,16550
4064,16551
4064,16552
4064,16553
4064,16554
4064,16555
4064,16556
4064,16557
4064,16558
4064,16559
4064,16560
4064,16561
4064,16562
4064,16563
4064,16564
4064,16565
4064,16566
4064,16567
4064,16568
4064,16569
4064,16570
4064,16571
4064,16572
4064,16573
4064,16574
4064,16575
4064,16576
4064,16577
4064,16578
4064,16579
4064,16580
4064,16581
4064,16582
4064,16583
4064,16584
4064,16585
4064,16586
4064,16587
4064,16588
4064,16589
4065,16477
4065,16478
4065,16479
4065,16480
4065,16481
4065,16482
4065,16483
4065,16484
4065,16485
4065,16486
4065,16487
4065,16488
4065,16489
4065,16490
4065,16491
4065,16492
4065,16493
4065,16494
4065,16495
4065,16496
4065,16497
4065,16498
4065,16499
4065,16500
4065,16501
4065,16502
4065,16503
4065,16504
4065,16505
4065,16506
4065,16507
4065,16508
4065,16509
4065,16510
4065,16511
4065,16512
4065,16513
4065,16514
4065,16515
4065,16516
4065,16517
4065,16518
4065,16519
4065,16520
4065,16521
4065,16522
4065,16523
4065,16524
4065,16525
4065,16526
4065,16527
4065,16528
4065,16529
4065,16530
4065,16531
4065,16532
4065,16533
4065,16534
4065,16535
4065,16536
4065,16537
4065,16538
4065,16539
4065,16540
4065,16541
4065,16542
4065,16543
4065,16544
4065,16545
4065,16546
4065,16547
4065,16548
4065,16549
4065,16550
4065,16551
4065,16552
4065,16553
4065,16554
4065,16555
4065,16556
4065,16557
4065,16558
4065,16559
4065,16560
4065,16561
4065,16562
4065,16563
4065,16564
4065,16565
4065,16566
4065,16567
4065,16568
4065,16569
4065,16570
4065,16571
4065,16572
4065,16573
4065,16574
4065,16575
4065,16576
4065,16577
4065,16578
4065,16579
4065,16580
4065,16581
4065,16582
4065,16583
4065,16584
4065,16585
4065,16586
4065,16587
4065,16588
4065,16589
4065,16590
4066,16476
4066,16477
4066,16478
4066,16479
4066,16480
4066,16481
4066,16482
4066,16483
4066,16484
4066,16485
4066,16486
4066,16487
4066,16488
4066,16489
4066,16490
4066,16491
4066,16492
4066,16493
4066,16494
4066,16495
4066,16496
4066,16497
4066,16498
4066,16499
4066,16500
4066,16501
4066,16502
4066,16503
4066,16504
4066,16505
4066,16506
4066,16507
4066,16508
4066,16509
4066,16510
4066,16511
4066,16512
4066,16513
4066,16514
4066,16515
4066,16516
4066,16517
4066,16518
4066,16519
4066,16520
4066,16521
4066,16522
4066,16523
4066,16524
4066,16525
4066,16526
4066,16527
4066,16528
4066,16529
4066,16530
4066,16531
4066,16532
4066,16533
4066,16534
4066,16535
4066,16536
4066,16537
4066,16538
4066,16539
4066,16540
4066,16541
4066,16542
4066,16543
4066,16544
4066,16545
4066,16546
4066,16547
4066,16548
4066,16549
4066,16550
4066,16551
4066,16552
4066,16553
4066,16554
4066,16555
4066,16556
4066,16557
4066,16558
4066,16559
4066,16560
4066,16561
4066,16562
4066,16563
4066,16564
4066,16565
4066,16566
4066,16567
4066,16568
4066,16569
4066,16570
4066,16571
4066,16572
4066,16573
4066,16574
4066,16575
4066,16576
4066,16577
4066,16578
4066,16579
4066,16580
4066,16581
4066,16582
4066,16583
4066,16584
4066,16585
4066,16586
4066,16587
4066,16588
4066,16589
4066,16590
4067,16476
4067,16477
4067,16478
4067,16479
4067,16480
4067,16481
4067,16482
4067,16483
4067,16484
4067,16485
4067,16486
4067,16487
4067,16488
4067,16489
4067,16490
4067,16491
4067,16492
4067,16493
4067,16494
4067,16495
4067,16496
4067,16497
4067,16498
4067,16499
4067,16500
4067,16501
4067,16502
4067,16503
4067,16504
4067,16505
4067,16506
4067,16507
4067,16508
4067,16509
4067,16510
4067,16511
4067,16512
4067,16513
4067,16514
4067,16515
4067,16516
4067,16517
4067,16518
4067,16519
4067,16520
4067,16521
4067,16522
4067,16523
4067,16524
4067,16525
4067,16526
4067,16527
4067,16528
4067,16529
4067,16530
4067,16531
4067,16532
4067,16533
4067,16534
4067,16535
4067,16536
4067,16537
4067,16538
4067,16539
4067,16540
4067,16541
4067,16542
4067,16543
4067,16544
4067,16545
4067,16546
4067,16547
4067,16548
4067,16549
4067,16550
4067,16551
4067,16552
4067,16553
4067,16554
4067,16555
4067,16556
4067,16557
4067,16558
4067,16559
4067,16560
4067,16561
4067,16562
4067,16563
4067,16564
4067,16565
4067,16566
4067,16567
4067,16568
4067,16569
4067,16570
4067,16571
4067,16572
4067,16573
4067,16574
4067,16575
4067,16576
4067,16577
4067,16578
4067,16579
4067,16580
4067,16581
4067,16582
4067,16583
4067,16584
4067,16585
4067,16586
4067,16587
4067,16588
4067,16589
4067,16590
4067,16591
4067,16592
4067,16593
4068,16477
4068,16478
4068,16479
4068,16480
4068,16481
4068,16482
4068,16483
4068,16484
4068,16485
4068,16486
4068,16487
4068,16488
4068,16489
4068,16490
4068,16491
4068,16492
4068,16493
4068,16494
4068,16495
4068,16496
4068,16497
4068,16498
4068,16499
4068,16500
4068,16501
4068,16502
4068,16503
4068,16504
4068,16505
4068,16506
4068,16507
4068,16508
4068,16509
4068,16510
4068,16511
4068,16512
4068,16513
4068,16514
4068,16515
4068,16516
4068,16517
4068,16518
4068,16519
4068,16520
4068,16521
4068,16522
4068,16523
4068,16524
4068,16525
4068,16526
4068,16527
4068,16528
4068,16529
4068,16530
4068,16531
4068,16532
4068,16533
4068,16534
4068,16535
4068,16536
4068,16537
4068,16538
4068,16539
4068,16540
4068,16541
4068,16542
4068,16543
4068,16544
4068,16545
4068,16546
4068,16547
4068,16548
4068,16549
4068,16550
4068,16551
4068,16552
4068,16553
4068,16554
4068,16555
4068,16556
4068,16557
4068,16558
4068,16559
4068,16560
4068,16561
4068,16562
4068,16563
4068,16564
4068,16565
4068,16566
4068,16567
4068,16568
4068,16569
4068,16570
4068,16571
4068,16572
4068,16573
4068,16574
4068,16575
4068,16576
4068,16577
4068,16578
4068,16579
4068,16580
4068,16581
4068,16582
4068,16583
4068,16584
4068,16585
4068,16586
4068,16587
4068,16588
4068,16589
4068,16590
4068,16591
4068,16592
4068,16593
4068,16594
4069,16476
4069,16477
4069,16478
4069,16479
4069,16480
4069,16481
4069,16482
4069,16483
4069,16484
4069,16485
4069,16486
4069,16487
4069,16488
4069,16489
4069,16490
4069,16491
4069,16492
4069,16493
4069,16494
4069,16495
4069,16496
4069,16497
4069,16498
4069,16499
4069,16500
4069,16501
4069,16502
4069,16503
4069,16504
4069,16505
4069,16506
4069,16507
4069,16508
4069,16509
4069,16510
4069,16511
4069,16512
4069,16513
4069,16514
4069,16515
4069,16516
4069,16517
4069,16518
4069,16519
4069,16520
4069,16521
4069,16522
4069,16523
4069,16524
4069,16525
4069,16526
4069,16527
4069,16528
4069,16529
4069,16530
4069,16531
4069,16532
4069,16533
4069,16534
4069,16535
4069,16536
4069,16537
4069,16538
4069,16539
4069,16540
4069,16541
4069,16542
4069,16543
4069,16544
4069,16545
4069,16546
4069,16547
4069,16548
4069,16549
4069,16550
4069,16551
4069,16552
4069,16553
4069,16554
4069,16555
4069,16556
4069,16557
4069,16558
4069,16559
4069,16560
4069,16561
4069,16562
4069,16563
4069,16564
4069,16565
4069,16566
4069,16567
4069,16568
4069,16569
4069,16570
4069,16571
4069,16572
4069,16573
4069,16574
4069,16575
4069,16576
4069,16577
4069,16578
4069,16579
4069,16580
4069,16581
4069,16582
4069,16583
4069,16584
4069,16585
4069,16586
4069,16587
4069,16588
4069,16589
4069,16590
4069,16591
4069,16592
4069,16593
4069,16594
4069,16595
4070,16477
4070,16478
4070,16479
4070,16480
4070,16481
4070,16482
4070,16483
4070,16484
4070,16485
4070,16486
4070,16487
4070,16488
4070,16489
4070,16490
4070,16491
4070,16492
4070,16493
4070,16494
4070,16495
4070,16496
4070,16497
4070,16498
4070,16499
4070,16500
4070,16501
4070,16502
4070,16503
4070,16504
4070,16505
4070,16506
4070,16507
4070,16508
4070,16509
4070,16510
4070,16511
4070,16512
4070,16513
4070,16514
4070,16515
4070,16516
4070,16517
4070,16518
4070,16519
4070,16520
4070,16521
4070,16522
4070,16523
4070,16524
4070,16525
4070,16526
4070,16527
4070,16528
4070,16529
4070,16530
4070,16531
4070,16532
4070,16533
4070,16534
4070,16535
4070,16536
4070,16537
4070,16538
4070,16539
4070,16540
4070,16541
4070,16542
4070,16543
4070,16544
4070,16545
4070,16546
4070,16547
4070,16548
4070,16549
4070,16550
4070,16551
4070,16552
4070,16553
4070,16554
4070,16555
4070,16556
4070,16557
4070,16558
4070,16559
4070,16560
4070,16561
4070,16562
4070,16563
4070,16564
4070,16565
4070,16566
4070,16567
4070,16568
4070,16569
4070,16570
4070,16571
4070,16572
4070,16573
4070,16574
4070,16575
4070,16576
4070,16577
4070,16578
4070,16579
4070,16580
4070,16581
4070,16582
4070,16583
4070,16584
4070,16585
4070,16586
4070,16587
4070,16588
4070,16589
4070,16590
4070,16591
4070,16592
4070,16593
4070,16594
4070,16595
4070,16596
4071,16477
4071,16478
4071,16479
4071,16480
4071,16481
4071,16482
4071,16483
4071,16484
4071,16485
4071,16486
4071,16487
4071,16488
4071,16489
4071,16490
4071,16491
4071,16492
4071,16493
4071,16494
4071,16495
4071,16496
4071,16497
4071,16498
4071,16499
4071,16500
4071,16501
4071,16502
4071,16503
4071,16504
4071,16505
4071,16506
4071,16507
4071,16508
4071,16509
4071,16510
4071,16511
4071,16512
4071,16513
4071,16514
4071,16515
4071,16516
4071,16517
4071,16518
4071,16519
4071,16520
4071,16521
4071,16522
4071,16523
4071,16524
4071,16525
4071,16526
4071,16527
4071,16528
4071,16529
4071,16530
4071,16531
4071,16532
4071,16533
4071,16534
4071,16535
4071,16536
4071,16537
4071,16538
4071,16539
4071,16540
4071,16541
4071,16542
4071,16543
4071,16544
4071,16545
4071,16546
4071,16547
4071,16548
4071,16549
4071,16550
4071,16551
4071,16552
4071,16553
4071,16554
4071,16555
4071,16556
4071,16557
4071,16558
4071,16559
4071,16560
4071,16561
4071,16562
4071,16563
4071,16564
4071,16565
4071,16566
4071,16567
4071,16568
4071,16569
4071,16570
4071,16571
4071,16572
4071,16573
4071,16574
4071,16575
4071,16576
4071,16577
4071,16578
4071,16579
4071,16580
4071,16581
4071,16582
4071,16583
4071,16584
4071,16585
4071,16586
4071,16587
4071,16588
4071,16589
4071,16590
4071,16591
4071,16592
4071,16593
4071,16594
4071,16595
4071,16596
4071,16597
4072,16478
4072,16479
4072,16480
4072,16481
4072,16482
4072,16483
4072,16484
4072,16485
4072,16486
4072,16487
4072,16488
4072,16489
4072,16490
4072,16491
4072,16492
4072,16493
4072,16494
4072,16495
4072,16496
4072,16497
4072,16498
4072,16499
4072,16500
4072,16501
4072,16502
4072,16503
4072,16504
4072,16505
4072,16506
4072,16507
4072,16508
4072,16509
4072,16510
4072,16511
4072,16512
4072,16513
4072,16514
4072,16515
4072,16516
4072,16517
4072,16518
4072,16519
4072,16520
4072,16521
4072,16522
4072,16523
4072,16524
4072,16525
4072,16526
4072,16527
4072,16528
4072,16529
4072,16530
4072,16531
4072,16532
4072,16533
4072,16534
4072,16535
4072,16536
4072,16537
4072,16538
4072,16539
4072,16540
4072,16541
4072,16542
4072,16543
4072,16544
4072,16545
4072,16546
4072,16547
4072,16548
4072,16549
4072,16550
4072,16551
4072,16552
4072,16553
4072,16554
4072,16555
4072,16556
4072,16557
4072,16558
4072,16559
4072,16560
4072,16561
4072,16562
4072,16563
4072,16564
4072,16565
4072,16566
4072,16567
4072,16568
4072,16569
4072,16570
4072,16571
4072,16572
4072,16573
4072,16574
4072,16575
4072,16576
4072,16577
4072,16578
4072,16579
4072,16580
4072,16581
4072,16582
4072,16583
4072,16584
4072,16585
4072,16586
4072,16587
4072,16588
4072,16589
4072,16590
4072,16591
4072,16592
4072,16593
4072,16594
4072,16595
4072,16596
4072,16597
4073,16479
4073,16480
4073,16481
4073,16482
4073,16483
4073,16484
4073,16485
4073,16486
4073,16487
4073,16488
4073,16489
4073,16490
4073,16491
4073,16492
4073,16493
4073,16494
4073,16495
4073,16496
4073,16497
4073,16498
4073,16499
4073,16500
4073,16501
4073,16502
4073,16503
4073,16504
4073,16505
4073,16506
4073,16507
4073,16508
4073,16509
4073,16510
4073,16511
4073,16512
4073,16513
4073,16514
4073,16515
4073,16516
4073,16517
4073,16518
4073,16519
4073,16520
4073,16521
4073,16522
4073,16523
4073,16524
4073,16525
4073,16526
4073,16527
4073,16528
4073,16529
4073,16530
4073,16531
4073,16532
4073,16533
4073,16534
4073,16535
4073,16536
4073,16537
4073,16538
4073,16539
4073,16540
4073,16541
4073,16542
4073,16543
4073,16544
4073,16545
4073,16546
4073,16547
4073,16548
4073,16549
4073,16550
4073,16551
4073,16552
4073,16553
4073,16554
4073,16555
4073,16556
4073,16557
4073,16558
4073,16559
4073,16560
4073,16561
4073,16562
4073,16563
4073,16564
4073,16565
4073,16566
4073,16567
4073,16568
4073,16569
4073,16570
4073,16571
4073,16572
4073,16573
4073,16574
4073,16575
4073,16576
4073,16577
4073,16578
4073,16579
4073,16580
4073,16581
4073,16582
4073,16583
4073,16584
4073,16585
4073,16586
4073,16587
4073,16588
4073,16589
4073,16590
4073,16591
4073,16592
4073,16593
4073,16594
4073,16595
4073,16596
4073,16597
4074,16480
4074,16481
4074,16482
4074,16483
4074,16484
4074,16485
4074,16486
4074,16487
4074,16488
4074,16489
4074,16490
4074,16491
4074,16492
4074,16493
4074,16494
4074,16495
4074,16496
4074,16497
4074,16498
4074,16499
4074,16500
4074,16501
4074,16502
4074,16503
4074,16504
4074,16505
4074,16506
4074,16507
4074,16508
4074,16509
4074,16510
4074,16511
4074,16512
4074,16513
4074,16514
4074,16515
4074,16516
4074,16517
4074,16518
4074,16519
4074,16520
4074,16521
4074,16522
4074,16523
4074,16524
4074,16525
4074,16526
4074,16527
4074,16528
4074,16529
4074,16530
4074,16531
4074,16532
4074,16533
4074,16534
4074,16535
4074,16536
4074,16537
4074,16538
4074,16539
4074,16540
4074,16541
4074,16542
4074,16543
4074,16544
4074,16545
4074,16546
4074,16547
4074,16548
4074,16549
4074,16550
4074,16551
4074,16552
4074,16553
4074,16554
4074,16555
4074,16556
4074,16557
4074,16558
4074,16559
4074,16560
4074,16561
4074,16562
4074,16563
4074,16564
4074,16565
4074,16566
4074,16567
4074,16568
4074,16569
4074,16570
4074,16571
4074,16572
4074,16573
4074,16574
4074,16575
4074,16576
4074,16577
4074,16578
4074,16579
4074,16580
4074,16581
4074,16582
4074,16583
4074,16584
4074,16585
4074,16586
4074,16587
4074,16588
4074,16589
4074,16590
4074,16591
4074,16592
4074,16593
4074,16594
4074,16595
4074,16596
4074,16597
4074,16598
4075,16479
4075,16480
4075,16481
4075,16482
4075,16483
4075,16484
4075,16485
4075,16486
4075,16487
4075,16488
4075,16489
4075,16490
4075,16491
4075,16492
4075,16493
4075,16494
4075,16495
4075,16496
4075,16497
4075,16498
4075,16499
4075,16500
4075,16501
4075,16502
4075,16503
4075,16504
4075,16505
4075,16506
4075,16507
4075,16508
4075,16509
4075,16510
4075,16511
4075,16512
4075,16513
4075,16514
4075,16515
4075,16516
4075,16517
4075,16518
4075,16519
4075,16520
4075,16521
4075,16522
4075,16523
4075,16524
4075,16525
4075,16526
4075,16527
4075,16528
4075,16529
4075,16530
4075,16531
4075,16532
4075,16533
4075,16534
4075,16535
4075,16536
4075,16537
4075,16538
4075,16539
4075,16540
4075,16541
4075,16542
4075,16543
4075,16544
4075,16545
4075,16546
4075,16547
4075,16548
4075,16549
4075,16550
4075,16551
4075,16552
4075,16553
4075,16554
4075,16555
4075,16556
4075,16557
4075,16558
4075,16559
4075,16560
4075,16561
4075,16562
4075,16563
4075,16564
4075,16565
4075,16566
4075,16567
4075,16568
4075,16569
4075,16570
4075,16571
4075,16572
4075,16573
4075,16574
4075,16575
4075,16576
4075,16577
4075,16578
4075,16579
4075,16580
4075,16581
4075,16582
4075,16583
4075,16584
4075,16585
4075,16586
4075,16587
4075,16588
4075,16589
4075,16590
4075,16591
4075,16592
4075,16593
4075,16594
4075,16595
4075,16596
4075,16597
4075,16598
4076,16479
4076,16480
4076,16481
4076,16482
4076,16483
4076,16484
4076,16485
4076,16486
4076,16487
4076,16488
4076,16489
4076,16490
4076,16491
4076,16492
4076,16493
4076,16494
4076,16495
4076,16496
4076,16497
4076,16498
4076,16499
4076,16500
4076,16501
4076,16502
4076,16503
4076,16504
4076,16505
4076,16506
4076,16507
4076,16508
4076,16509
4076,16510
4076,16511
4076,16512
4076,16513
4076,16514
4076,16515
4076,16516
4076,16517
4076,16518
4076,16519
4076,16520
4076,16521
4076,16522
4076,16523
4076,16524
4076,16525
4076,16526
4076,16527
4076,16528
4076,16529
4076,16530
4076,16531
4076,16532
4076,16533
4076,16534
4076,16535
4076,16536
4076,16537
4076,16538
4076,16539
4076,16540
4076,16541
4076,16542
4076,16543
4076,16544
4076,16545
4076,16546
4076,16547
4076,16548
4076,16549
4076,16550
4076,16551
4076,16552
4076,16553
4076,16554
4076,16555
4076,16556
4076,16557
4076,16558
4076,16559
4076,16560
4076,16561
4076,16562
4076,16563
4076,16564
4076,16565
4076,16566
4076,16567
4076,16568
4076,16569
4076,16570
4076,16571
4076,16572
4076,16573
4076,16574
4076,16575
4076,16576
4076,16577
4076,16578
4076,16579
4076,16580
4076,16581
4076,16582
4076,16583
4076,16584
4076,16585
4076,16586
4076,16587
4076,16588
4076,16589
4076,16590
4076,16591
4076,16592
4076,16593
4076,16594
4076,16595
4076,16596
4076,16597
4076,16598
4077,16479
4077,16480
4077,16481
4077,16482
4077,16483
4077,16484
4077,16485
4077,16486
4077,16487
4077,16488
4077,16489
4077,16490
4077,16491
4077,16492
4077,16493
4077,16494
4077,16495
4077,16496
4077,16497
4077,16498
4077,16499
4077,16500
4077,16501
4077,16502
4077,16503
4077,16504
4077,16505
4077,16506
4077,16507
4077,16508
4077,16509
4077,16510
4077,16511
4077,16512
4077,16513
4077,16514
4077,16515
4077,16516
4077,16517
4077,16518
4077,16519
4077,16520
4077,16521
4077,16522
4077,16523
4077,16524
4077,16525
4077,16526
4077,16527
4077,16528
4077,16529
4077,16530
4077,16531
4077,16532
4077,16533
4077,16534
4077,16535
4077,16536
4077,16537
4077,16538
4077,16539
4077,16540
4077,16541
4077,16542
4077,16543
4077,16544
4077,16545
4077,16546
4077,16547
4077,16548
4077,16549
4077,16550
4077,16551
4077,16552
4077,16553
4077,16554
4077,16555
4077,16556
4077,16557
4077,16558
4077,16559
4077,16560
4077,16561
4077,16562
4077,16563
4077,16564
4077,16565
4077,16566
4077,16567
4077,16568
4077,16569
4077,16570
4077,16571
4077,16572
4077,16573
4077,16574
4077,16575
4077,16576
4077,16577
4077,16578
4077,16579
4077,16580
4077,16581
4077,16582
4077,16583
4077,16584
4077,16585
4077,16586
4077,16587
4077,16588
4077,16589
4077,16590
4077,16591
4077,16592
4077,16593
4077,16594
4077,16595
4077,16596
4077,16597
4077,16598
4078,16478
4078,16479
4078,16480
4078,16481
4078,16482
4078,16483
4078,16484
4078,16485
4078,16486
4078,16487
4078,16488
4078,16489
4078,16490
4078,16491
4078,16492
4078,16493
4078,16494
4078,16495
4078,16496
4078,16497
4078,16498
4078,16499
4078,16500
4078,16501
4078,16502
4078,16503
4078,16504
4078,16505
4078,16506
4078,16507
4078,16508
4078,16509
4078,16510
4078,16511
4078,16512
4078,16513
4078,16514
4078,16515
4078,16516
4078,16517
4078,16518
4078,16519
4078,16520
4078,16521
4078,16522
4078,16523
4078,16524
4078,16525
4078,16526
4078,16527
4078,16528
4078,16529
4078,16530
4078,16531
4078,16532
4078,16533
4078,16534
4078,16535
4078,16536
4078,16537
4078,16538
4078,16539
4078,16540
4078,16541
4078,16542
4078,16543
4078,16544
4078,16545
4078,16546
4078,16547
4078,16548
4078,16549
4078,16550
4078,16551
4078,16552
4078,16553
4078,16554
4078,16555
4078,16556
4078,16557
4078,16558
4078,16559
4078,16560
4078,16561
4078,16562
4078,16563
4078,16564
4078,16565
4078,16566
4078,16567
4078,16568
4078,16569
4078,16570
4078,16571
4078,16572
4078,16573
4078,16574
4078,16575
4078,16576
4078,16577
4078,16578
4078,16579
4078,16580
4078,16581
4078,16582
4078,16583
4078,16584
4078,16585
4078,16586
4078,16587
4078,16588
4078,16589
4078,16590
4078,16591
4078,16592
4078,16593
4078,16594
4078,16595
4078,16596
4078,16597
4078,16598
4078,16599
4079,16479
4079,16480
4079,16481
4079,16482
4079,16483
4079,16484
4079,16485
4079,16486
4079,16487
4079,16488
4079,16489
4079,16490
4079,16491
4079,16492
4079,16493
4079,16494
4079,16495
4079,16496
4079,16497
4079,16498
4079,16499
4079,16500
4079,16501
4079,16502
4079,16503
4079,16504
4079,16505
4079,16506
4079,16507
4079,16508
4079,16509
4079,16510
4079,16511
4079,16512
4079,16513
4079,16514
4079,16515
4079,16516
4079,16517
4079,16518
4079,16519
4079,16520
4079,16521
4079,16522
4079,16523
4079,16524
4079,16525
4079,16526
4079,16527
4079,16528
4079,16529
4079,16530
4079,16531
4079,16532
4079,16533
4079,16534
4079,16535
4079,16536
4079,16537
4079,16538
4079,16539
4079,16540
4079,16541
4079,16542
4079,16543
4079,16544
4079,16545
4079,16546
4079,16547
4079,16548
4079,16549
4079,16550
4079,16551
4079,16552
4079,16553
4079,16554
4079,16555
4079,16556
4079,16557
4079,16558
4079,16559
4079,16560
4079,16561
4079,16562
4079,16563
4079,16564
4079,16565
4079,16566
4079,16567
4079,16568
4079,16569
4079,16570
4079,16571
4079,16572
4079,16573
4079,16574
4079,16575
4079,16576
4079,16577
4079,16578
4079,16579
4079,16580
4079,16581
4079,16582
4079,16583
4079,16584
4079,16585
4079,16586
4079,16587
4079,16588
4079,16589
4079,16590
4079,16591
4079,16592
4079,16593
4079,16594
4079,16595
4079,16596
4079,16597
4079,16598
4079,16599
4080,16479
4080,16480
4080,16481
4080,16482
4080,16483
4080,16484
4080,16485
4080,16486
4080,16487
4080,16488
4080,16489
4080,16490
4080,16491
4080,16492
4080,16493
4080,16494
4080,16495
4080,16496
4080,16497
4080,16498
4080,16499
4080,16500
4080,16501
4080,16502
4080,16503
4080,16504
4080,16505
4080,16506
4080,16507
4080,16508
4080,16509
4080,16510
4080,16511
4080,16512
4080,16513
4080,16514
4080,16515
4080,16516
4080,16517
4080,16518
4080,16519
4080,16520
4080,16521
4080,16522
4080,16523
4080,16524
4080,16525
4080,16526
4080,16527
4080,16528
4080,16529
4080,16530
4080,16531
4080,16532
4080,16533
4080,16534
4080,16535
4080,16536
4080,16537
4080,16538
4080,16539
4080,16540
4080,16541
4080,16542
4080,16543
4080,16544
4080,16545
4080,16546
4080,16547
4080,16548
4080,16549
4080,16550
4080,16551
4080,16552
4080,16553
4080,16554
4080,16555
4080,16556
4080,16557
4080,16558
4080,16559
4080,16560
4080,16561
4080,16562
4080,16563
4080,16564
4080,16565
4080,16566
4080,16567
4080,16568
4080,16569
4080,16570
4080,16571
4080,16572
4080,16573
4080,16574
4080,16575
4080,16576
4080,16577
4080,16578
4080,16579
4080,16580
4080,16581
4080,16582
4080,16583
4080,16584
4080,16585
4080,16586
4080,16587
4080,16588
4080,16589
4080,16590
4080,16591
4080,16592
4080,16593
4080,16594
4080,16595
4080,16596
4080,16597
4080,16598
4080,16599
4081,16480
4081,16481
4081,16482
4081,16483
4081,16484
4081,16485
4081,16486
4081,16487
4081,16488
4081,16489
4081,16490
4081,16491
4081,16492
4081,16493
4081,16494
4081,16495
4081,16496
4081,16497
4081,16498
4081,16499
4081,16500
4081,16501
4081,16502
4081,16503
4081,16504
4081,16505
4081,16506
4081,16507
4081,16508
4081,16509
4081,16510
4081,16511
4081,16512
4081,16513
4081,16514
4081,16515
4081,16516
4081,16517
4081,16518
4081,16519
4081,16520
4081,16521
4081,16522
4081,16523
4081,16524
4081,16525
4081,16526
4081,16527
4081,16528
4081,16529
4081,16530
4081,16531
4081,16532
4081,16533
4081,16534
4081,16535
4081,16536
4081,16537
4081,16538
4081,16539
4081,16540
4081,16541
4081,16542
4081,16543
4081,16544
4081,16545
4081,16546
4081,16547
4081,16548
4081,16549
4081,16550
4081,16551
4081,16552
4081,16553
4081,16554
4081,16555
4081,16556
4081,16557
4081,16558
4081,16559
4081,16560
4081,16561
4081,16562
4081,16563
4081,16564
4081,16565
4081,16566
4081,16567
4081,16568
4081,16569
4081,16570
4081,16571
4081,16572
4081,16573
4081,16574
4081,16575
4081,16576
4081,16577
4081,16578
4081,16579
4081,16580
4081,16581
4081,16582
4081,16583
4081,16584
4081,16585
4081,16586
4081,16587
4081,16588
4081,16589
4081,16590
4081,16591
4081,16592
4081,16593
4081,16594
4081,16595
4081,16596
4081,16597
4081,16598
4081,16599
4082,16481
4082,16482
4082,16483
4082,16484
4082,16485
4082,16486
4082,16487
4082,16488
4082,16489
4082,16490
4082,16491
4082,16492
4082,16493
4082,16494
4082,16495
4082,16496
4082,16497
4082,16498
4082,16499
4082,16500
4082,16501
4082,16502
4082,16503
4082,16504
4082,16505
4082,16506
4082,16507
4082,16508
4082,16509
4082,16510
4082,16511
4082,16512
4082,16513
4082,16514
4082,16515
4082,16516
4082,16517
4082,16518
4082,16519
4082,16520
4082,16521
4082,16522
4082,16523
4082,16524
4082,16525
4082,16526
4082,16527
4082,16528
4082,16529
4082,16530
4082,16531
4082,16532
4082,16533
4082,16534
4082,16535
4082,16536
4082,16537
4082,16538
4082,16539
4082,16540
4082,16541
4082,16542
4082,16543
4082,16544
4082,16545
4082,16546
4082,16547
4082,16548
4082,16549
4082,16550
4082,16551
4082,16552
4082,16553
4082,16554
4082,16555
4082,16556
4082,16557
4082,16558
4082,16559
4082,16560
4082,16561
4082,16562
4082,16563
4082,16564
4082,16565
4082,16566
4082,16567
4082,16568
4082,16569
4082,16570
4082,16571
4082,16572
4082,16573
4082,16574
4082,16575
4082,16576
4082,16577
4082,16578
4082,16579
4082,16580
4082,16581
4082,16582
4082,16583
4082,16584
4082,16585
4082,16586
4082,16587
4082,16588
4082,16589
4082,16590
4082,16591
4082,16592
4082,16593
4082,16594
4082,16595
4082,16596
4082,16597
4082,16598
4082,16599
4082,16600
4083,16482
4083,16483
4083,16484
4083,16485
4083,16486
4083,16487
4083,16488
4083,16489
4083,16490
4083,16491
4083,16492
4083,16493
4083,16494
4083,16495
4083,16496
4083,16497
4083,16498
4083,16499
4083,16500
4083,16501
4083,16502
4083,16503
4083,16504
4083,16505
4083,16506
4083,16507
4083,16508
4083,16509
4083,16510
4083,16511
4083,16512
4083,16513
4083,16514
4083,16515
4083,16516
4083,16517
4083,16518
4083,16519
4083,16520
4083,16521
4083,16522
4083,16523
4083,16524
4083,16525
4083,16526
4083,16527
4083,16528
4083,16529
4083,16530
4083,16531
4083,16532
4083,16533
4083,16534
4083,16535
4083,16536
4083,16537
4083,16538
4083,16539
4083,16540
4083,16541
4083,16542
4083,16543
4083,16544
4083,16545
4083,16546
4083,16547
4083,16548
4083,16549
4083,16550
4083,16551
4083,16552
4083,16553
4083,16554
4083,16555
4083,16556
4083,16557
4083,16558
4083,16559
4083,16560
4083,16561
4083,16562
4083,16563
4083,16564
4083,16565
4083,16566
4083,16567
4083,16568
4083,16569
4083,16570
4083,16571
4083,16572
4083,16573
4083,16574
4083,16575
4083,16576
4083,16577
4083,16578
4083,16579
4083,16580
4083,16581
4083,16582
4083,16583
4083,16584
4083,16585
4083,16586
4083,16587
4083,16588
4083,16589
4083,16590
4083,16591
4083,16592
4083,16593
4083,16594
4083,16595
4083,16596
4083,16597
4083,16598
4083,16599
4084,16482
4084,16483
4084,16484
4084,16485
4084,16486
4084,16487
4084,16488
4084,16489
4084,16490
4084,16491
4084,16492
4084,16493
4084,16494
4084,16495
4084,16496
4084,16497
4084,16498
4084,16499
4084,16500
4084,16501
4084,16502
4084,16503
4084,16504
4084,16505
4084,16506
4084,16507
4084,16508
4084,16509
4084,16510
4084,16511
4084,16512
4084,16513
4084,16514
4084,16515
4084,16516
4084,16517
4084,16518
4084,16519
4084,16520
4084,16521
4084,16522
4084,16523
4084,16524
4084,16525
4084,16526
4084,16527
4084,16528
4084,16529
4084,16530
4084,16531
4084,16532
4084,16533
4084,16534
4084,16535
4084,16536
4084,16537
4084,16538
4084,16539
4084,16540
4084,16541
4084,16542
4084,16543
4084,16544
4084,16545
4084,16546
4084,16547
4084,16548
4084,16549
4084,16550
4084,16551
4084,16552
4084,16553
4084,16554
4084,16555
4084,16556
4084,16557
4084,16558
4084,16559
4084,16560
4084,16561
4084,16562
4084,16563
4084,16564
4084,16565
4084,16566
4084,16567
4084,16568
4084,16569
4084,16570
4084,16571
4084,16572
4084,16573
4084,16574
4084,16575
4084,16576
4084,16577
4084,16578
4084,16579
4084,16580
4084,16581
4084,16582
4084,16583
4084,16584
4084,16585
4084,16586
4084,16587
4084,16588
4084,16589
4084,16590
4084,16591
4084,16592
4084,16593
4084,16594
4084,16595
4084,16596
4084,16597
4084,16598
4084,16599
4084,16600
4085,16483
4085,16484
4085,16485
4085,16486
4085,16487
4085,16488
4085,16489
4085,16490
4085,16491
4085,16492
4085,16493
4085,16494
4085,16495
4085,16496
4085,16497
4085,16498
4085,16499
4085,16500
4085,16501
4085,16502
4085,16503
4085,16504
4085,16505
4085,16506
4085,16507
4085,16508
4085,16509
4085,16510
4085,16511
4085,16512
4085,16513
4085,16514
4085,16515
4085,16516
4085,16517
4085,16518
4085,16519
4085,16520
4085,16521
4085,16522
4085,16523
4085,16524
4085,16525
4085,16526
4085,16527
4085,16528
4085,16529
4085,16530
4085,16531
4085,16532
4085,16533
4085,16534
4085,16535
4085,16536
4085,16537
4085,16538
4085,16539
4085,16540
4085,16541
4085,16542
4085,16543
4085,16544
4085,16545
4085,16546
4085,16547
4085,16548
4085,16549
4085,16550
4085,16551
4085,16552
4085,16553
4085,16554
4085,16555
4085,16556
4085,16557
4085,16558
4085,16559
4085,16560
4085,16561
4085,16562
4085,16563
4085,16564
4085,16565
4085,16566
4085,16567
4085,16568
4085,16569
4085,16570
4085,16571
4085,16572
4085,16573
4085,16574
4085,16575
4085,16576
4085,16577
4085,16578
4085,16579
4085,16580
4085,16581
4085,16582
4085,16583
4085,16584
4085,16585
4085,16586
4085,16587
4085,16588
4085,16589
4085,16590
4085,16591
4085,16592
4085,16593
4085,16594
4085,16595
4085,16596
4085,16597
4085,16598
4085,16599
4085,16600
4085,16601
4086,16482
4086,16483
4086,16484
4086,16485
4086,16486
4086,16487
4086,16488
4086,16489
4086,16490
4086,16491
4086,16492
4086,16493
4086,16494
4086,16495
4086,16496
4086,16497
4086,16498
4086,16499
4086,16500
4086,16501
4086,16502
4086,16503
4086,16504
4086,16505
4086,16506
4086,16507
4086,16508
4086,16509
4086,16510
4086,16511
4086,16512
4086,16513
4086,16514
4086,16515
4086,16516
4086,16517
4086,16518
4086,16519
4086,16520
4086,16521
4086,16522
4086,16523
4086,16524
4086,16525
4086,16526
4086,16527
4086,16528
4086,16529
4086,16530
4086,16531
4086,16532
4086,16533
4086,16534
4086,16535
4086,16536
4086,16537
4086,16538
4086,16539
4086,16540
4086,16541
4086,16542
4086,16543
4086,16544
4086,16545
4086,16546
4086,16547
4086,16548
4086,16549
4086,16550
4086,16551
4086,16552
4086,16553
4086,16554
4086,16555
4086,16556
4086,16557
4086,16558
4086,16559
4086,16560
4086,16561
4086,16562
4086,16563
4086,16564
4086,16565
4086,16566
4086,16567
4086,16568
4086,16569
4086,16570
4086,16571
4086,16572
4086,16573
4086,16574
4086,16575
4086,16576
4086,16577
4086,16578
4086,16579
4086,16580
4086,16581
4086,16582
4086,16583
4086,16584
4086,16585
4086,16586
4086,16587
4086,16588
4086,16589
4086,16590
4086,16591
4086,16592
4086,16593
4086,16594
4086,16595
4086,16596
4086,16597
4086,16598
4086,16599
4086,16600
4086,16601
4086,16632
4087,16481
4087,16482
4087,16483
4087,16484
4087,16485
4087,16486
4087,16487
4087,16488
4087,16489
4087,16490
4087,16491
4087,16492
4087,16493
4087,16494
4087,16495
4087,16496
4087,16497
4087,16498
4087,16499
4087,16500
4087,16501
4087,16502
4087,16503
4087,16504
4087,16505
4087,16506
4087,16507
4087,16508
4087,16509
4087,16510
4087,16511
4087,16512
4087,16513
4087,16514
4087,16515
4087,16516
4087,16517
4087,16518
4087,16519
4087,16520
4087,16521
4087,16522
4087,16523
4087,16524
4087,16525
4087,16526
4087,16527
4087,16528
4087,16529
4087,16530
4087,16531
4087,16532
4087,16533
4087,16534
4087,16535
4087,16536
4087,16537
4087,16538
4087,16539
4087,16540
4087,16541
4087,16542
4087,16543
4087,16544
4087,16545
4087,16546
4087,16547
4087,16548
4087,16549
4087,16550
4087,16551
4087,16552
4087,16553
4087,16554
4087,16555
4087,16556
4087,16557
4087,16558
4087,16559
4087,16560
4087,16561
4087,16562
4087,16563
4087,16564
4087,16565
4087,16566
4087,16567
4087,16568
4087,16569
4087,16570
4087,16571
4087,16572
4087,16573
4087,16574
4087,16575
4087,16576
4087,16577
4087,16578
4087,16579
4087,16580
4087,16581
4087,16582
4087,16583
4087,16584
4087,16585
4087,16586
4087,16587
4087,16588
4087,16589
4087,16590
4087,16591
4087,16592
4087,16593
4087,16594
4087,16595
4087,16596
4087,16597
4087,16598
4087,16599
4087,16600
4087,16601
4087,16602
4087,16629
4087,16630
4087,16631
4087,16632
4087,16633
4087,16634
4088,16481
4088,16482
4088,16483
4088,16484
4088,16485
4088,16486
4088,16487
4088,16488
4088,16489
4088,16490
4088,16491
4088,16492
4088,16493
4088,16494
4088,16495
4088,16496
4088,16497
4088,16498
4088,16499
4088,16500
4088,16501
4088,16502
4088,16503
4088,16504
4088,16505
4088,16506
4088,16507
4088,16508
4088,16509
4088,16510
4088,16511
4088,16512
4088,16513
4088,16514
4088,16515
4088,16516
4088,16517
4088,16518
4088,16519
4088,16520
4088,16521
4088,16522
4088,16523
4088,16524
4088,16525
4088,16526
4088,16527
4088,16528
4088,16529
4088,16530
4088,16531
4088,16532
4088,16533
4088,16534
4088,16535
4088,16536
4088,16537
4088,16538
4088,16539
4088,16540
4088,16541
4088,16542
4088,16543
4088,16544
4088,16545
4088,16546
4088,16547
4088,16548
4088,16549
4088,16550
4088,16551
4088,16552
4088,16553
4088,16554
4088,16555
4088,16556
4088,16557
4088,16558
4088,16559
4088,16560
4088,16561
4088,16562
4088,16563
4088,16564
4088,16565
4088,16566
4088,16567
4088,16568
4088,16569
4088,16570
4088,16571
4088,16572
4088,16573
4088,16574
4088,16575
4088,16576
4088,16577
4088,16578
4088,16579
4088,16580
4088,16581
4088,16582
4088,16583
4088,16584
4088,16585
4088,16586
4088,16587
4088,16588
4088,16589
4088,16590
4088,16591
4088,16592
4088,16593
4088,16594
4088,16595
4088,16596
4088,16597
4088,16598
4088,16599
4088,16600
4088,16601
4088,16602
4088,16626
4088,16627
4088,16628
4088,16629
4088,16630
4088,16631
4088,16632
4088,16633
4088,16634
4088,16635
4089,16481
4089,16482
4089,16483
4089,16484
4089,16485
4089,16486
4089,16487
4089,16488
4089,16489
4089,16490
4089,16491
4089,16492
4089,16493
4089,16494
4089,16495
4089,16496
4089,16497
4089,16498
4089,16499
4089,16500
4089,16501
4089,16502
4089,16503
4089,16504
4089,16505
4089,16506
4089,16507
4089,16508
4089,16509
4089,16510
4089,16511
4089,16512
4089,16513
4089,16514
4089,16515
4089,16516
4089,16517
4089,16518
4089,16519
4089,16520
4089,16521
4089,16522
4089,16523
4089,16524
4089,16525
4089,16526
4089,16527
4089,16528
4089,16529
4089,16530
4089,16531
4089,16532
4089,16533
4089,16534
4089,16535
4089,16536
4089,16537
4089,16538
4089,16539
4089,16540
4089,16541
4089,16542
4089,16543
4089,16544
4089,16545
4089,16546
4089,16547
4089,16548
4089,16549
4089,16550
4089,16551
4089,16552
4089,16553
4089,16554
4089,16555
4089,16556
4089,16557
4089,16558
4089,16559
4089,16560
4089,16561
4089,16562
4089,16563
4089,16564
4089,16565
4089,16566
4089,16567
4089,16568
4089,16569
4089,16570
4089,16571
4089,16572
4089,16573
4089,16574
4089,16575
4089,16576
4089,16577
4089,16578
4089,16579
4089,16580
4089,16581
4089,16582
4089,16583
4089,16584
4089,16585
4089,16586
4089,16587
4089,16588
4089,16589
4089,16590
4089,16591
4089,16592
4089,16593
4089,16594
4089,16595
4089,16596
4089,16597
4089,16598
4089,16599
4089,16600
4089,16601
4089,16602
4089,16603
4089,16625
4089,16626
4089,16627
4089,16628
4089,16629
4089,16630
4089,16631
4089,16632
4089,16633
4089,16634
4089,16635
4089,16636
4090,16480
4090,16481
4090,16482
4090,16483
4090,16484
4090,16485
4090,16486
4090,16487
4090,16488
4090,16489
4090,16490
4090,16491
4090,16492
4090,16493
4090,16494
4090,16495
4090,16496
4090,16497
4090,16498
4090,16499
4090,16500
4090,16501
4090,16502
4090,16503
4090,16504
4090,16505
4090,16506
4090,16507
4090,16508
4090,16509
4090,16510
4090,16511
4090,16512
4090,16513
4090,16514
4090,16515
4090,16516
4090,16517
4090,16518
4090,16519
4090,16520
4090,16521
4090,16522
4090,16523
4090,16524
4090,16525
4090,16526
4090,16527
4090,16528
4090,16529
4090,16530
4090,16531
4090,16532
4090,16533
4090,16534
4090,16535
4090,16536
4090,16537
4090,16538
4090,16539
4090,16540
4090,16541
4090,16542
4090,16543
4090,16544
4090,16545
4090,16546
4090,16547
4090,16548
4090,16549
4090,16550
4090,16551
4090,16552
4090,16553
4090,16554
4090,16555
4090,16556
4090,16557
4090,16558
4090,16559
4090,16560
4090,16561
4090,16562
4090,16563
4090,16564
4090,16565
4090,16566
4090,16567
4090,16568
4090,16569
4090,16570
4090,16571
4090,16572
4090,16573
4090,16574
4090,16575
4090,16576
4090,16577
4090,16578
4090,16579
4090,16580
4090,16581
4090,16582
4090,16583
4090,16584
4090,16585
4090,16586
4090,16587
4090,16588
4090,16589
4090,16590
4090,16591
4090,16592
4090,16593
4090,16594
4090,16595
4090,16596
4090,16597
4090,16598
4090,16599
4090,16600
4090,16601
4090,16602
4090,16603
4090,16624
4090,16625
4090,16626
4090,16627
4090,16628
4090,16629
4090,16630
4090,16631
4090,16632
4090,16633
4090,16634
4090,16635
4090,16636
4091,16480
4091,16481
4091,16482
4091,16483
4091,16484
4091,16485
4091,16486
4091,16487
4091,16488
4091,16489
4091,16490
4091,16491
4091,16492
4091,16493
4091,16494
4091,16495
4091,16496
4091,16497
4091,16498
4091,16499
4091,16500
4091,16501
4091,16502
4091,16503
4091,16504
4091,16505
4091,16506
4091,16507
4091,16508
4091,16509
4091,16510
4091,16511
4091,16512
4091,16513
4091,16514
4091,16515
4091,16516
4091,16517
4091,16518
4091,16519
4091,16520
4091,16521
4091,16522
4091,16523
4091,16524
4091,16525
4091,16526
4091,16527
4091,16528
4091,16529
4091,16530
4091,16531
4091,16532
4091,16533
4091,16534
4091,16535
4091,16536
4091,16537
4091,16538
4091,16539
4091,16540
4091,16541
4091,16542
4091,16543
4091,16544
4091,16545
4091,16546
4091,16547
4091,16548
4091,16549
4091,16550
4091,16551
4091,16552
4091,16553
4091,16554
4091,16555
4091,16556
4091,16557
4091,16558
4091,16559
4091,16560
4091,16561
4091,16562
4091,16563
4091,16564
4091,16565
4091,16566
4091,16567
4091,16568
4091,16569
4091,16570
4091,16571
4091,16572
4091,16573
4091,16574
4091,16575
4091,16576
4091,16577
4091,16578
4091,16579
4091,16580
4091,16581
4091,16582
4091,16583
4091,16584
4091,16585
4091,16586
4091,16587
4091,16588
4091,16589
4091,16590
4091,16591
4091,16592
4091,16593
4091,16594
4091,16595
4091,16596
4091,16597
4091,16598
4091,16599
4091,16600
4091,16601
4091,16602
4091,16603
4091,16604
4091,16624
4091,16625
4091,16626
4091,16627
4091,16628
4091,16629
4091,16630
4091,16631
4091,16632
4091,16633
4091,16634
4091,16635
4091,16636
4091,16637
4092,16480
4092,16481
4092,16482
4092,16483
4092,16484
4092,16485
4092,16486
4092,16487
4092,16488
4092,16489
4092,16490
4092,16491
4092,16492
4092,16493
4092,16494
4092,16495
4092,16496
4092,16497
4092,16498
4092,16499
4092,16500
4092,16501
4092,16502
4092,16503
4092,16504
4092,16505
4092,16506
4092,16507
4092,16508
4092,16509
4092,16510
4092,16511
4092,16512
4092,16513
4092,16514
4092,16515
4092,16516
4092,16517
4092,16518
4092,16519
4092,16520
4092,16521
4092,16522
4092,16523
4092,16524
4092,16525
4092,16526
4092,16527
4092,16528
4092,16529
4092,16530
4092,16531
4092,16532
4092,16533
4092,16534
4092,16535
4092,16536
4092,16537
4092,16538
4092,16539
4092,16540
4092,16541
4092,16542
4092,16543
4092,16544
4092,16545
4092,16546
4092,16547
4092,16548
4092,16549
4092,16550
4092,16551
4092,16552
4092,16553
4092,16554
4092,16555
4092,16556
4092,16557
4092,16558
4092,16559
4092,16560
4092,16561
4092,16562
4092,16563
4092,16564
4092,16565
4092,16566
4092,16567
4092,16568
4092,16569
4092,16570
4092,16571
4092,16572
4092,16573
4092,16574
4092,16575
4092,16576
4092,16577
4092,16578
4092,16579
4092,16580
4092,16581
4092,16582
4092,16583
4092,16584
4092,16585
4092,16586
4092,16587
4092,16588
4092,16589
4092,16590
4092,16591
4092,16592
4092,16593
4092,16594
4092,16595
4092,16596
4092,16597
4092,16598
4092,16599
4092,16600
4092,16601
4092,16602
4092,16603
4092,16604
4092,16605
4092,16624
4092,16625
4092,16626
4092,16627
4092,16628
4092,16629
4092,16630
4092,16631
4092,16632
4092,16633
4092,16634
4092,16635
4092,16636
4092,16637
4093,16480
4093,16481
4093,16482
4093,16483
4093,16484
4093,16485
4093,16486
4093,16487
4093,16488
4093,16489
4093,16490
4093,16491
4093,16492
4093,16493
4093,16494
4093,16495
4093,16496
4093,16497
4093,16498
4093,16499
4093,16500
4093,16501
4093,16502
4093,16503
4093,16504
4093,16505
4093,16506
4093,16507
4093,16508
4093,16509
4093,16510
4093,16511
4093,16512
4093,16513
4093,16514
4093,16515
4093,16516
4093,16517
4093,16518
4093,16519
4093,16520
4093,16521
4093,16522
4093,16523
4093,16524
4093,16525
4093,16526
4093,16527
4093,16528
4093,16529
4093,16530
4093,16531
4093,16532
4093,16533
4093,16534
4093,16535
4093,16536
4093,16537
4093,16538
4093,16539
4093,16540
4093,16541
4093,16542
4093,16543
4093,16544
4093,16545
4093,16546
4093,16547
4093,16548
4093,16549
4093,16550
4093,16551
4093,16552
4093,16553
4093,16554
4093,16555
4093,16556
4093,16557
4093,16558
4093,16559
4093,16560
4093,16561
4093,16562
4093,16563
4093,16564
4093,16565
4093,16566
4093,16567
4093,16568
4093,16569
4093,16570
4093,16571
4093,16572
4093,16573
4093,16574
4093,16575
4093,16576
4093,16577
4093,16578
4093,16579
4093,16580
4093,16581
4093,16582
4093,16583
4093,16584
4093,16585
4093,16586
4093,16587
4093,16588
4093,16589
4093,16590
4093,16591
4093,16592
4093,16593
4093,16594
4093,16595
4093,16596
4093,16597
4093,16598
4093,16599
4093,16600
4093,16601
4093,16602
4093,16603
4093,16604
4093,16605
4093,16606
4093,16623
4093,16624
4093,16625
4093,16626
4093,16627
4093,16628
4093,16629
4093,16630
4093,16631
4093,16632
4093,16633
4093,16634
4093,16635
4093,16636
4094,16479
4094,16480
4094,16481
4094,16482
4094,16483
4094,16484
4094,16485
4094,16486
4094,16487
4094,16488
4094,16489
4094,16490
4094,16491
4094,16492
4094,16493
4094,16494
4094,16495
4094,16496
4094,16497
4094,16498
4094,16499
4094,16500
4094,16501
4094,16502
4094,16503
4094,16504
4094,16505
4094,16506
4094,16507
4094,16508
4094,16509
4094,16510
4094,16511
4094,16512
4094,16513
4094,16514
4094,16515
4094,16516
4094,16517
4094,16518
4094,16519
4094,16520
4094,16521
4094,16522
4094,16523
4094,16524
4094,16525
4094,16526
4094,16527
4094,16528
4094,16529
4094,16530
4094,16531
4094,16532
4094,16533
4094,16534
4094,16535
4094,16536
4094,16537
4094,16538
4094,16539
4094,16540
4094,16541
4094,16542
4094,16543
4094,16544
4094,16545
4094,16546
4094,16547
4094,16548
4094,16549
4094,16550
4094,16551
4094,16552
4094,16553
4094,16554
4094,16555
4094,16556
4094,16557
4094,16558
4094,16559
4094,16560
4094,16561
4094,16562
4094,16563
4094,16564
4094,16565
4094,16566
4094,16567
4094,16568
4094,16569
4094,16570
4094,16571
4094,16572
4094,16573
4094,16574
4094,16575
4094,16576
4094,16577
4094,16578
4094,16579
4094,16580
4094,16581
4094,16582
4094,16583
4094,16584
4094,16585
4094,16586
4094,16587
4094,16588
4094,16589
4094,16590
4094,16591
4094,16592
4094,16593
4094,16594
4094,16595
4094,16596
4094,16597
4094,16598
4094,16599
4094,16600
4094,16601
4094,16602
4094,16603
4094,16604
4094,16605
4094,16606
4094,16607
4094,16623
4094,16624
4094,16625
4094,16626
4094,16627
4094,16628
4094,16629
4094,16630
4094,16631
4094,16632
4094,16633
4094,16634
4094,16635
4094,16636
4095,16480
4095,16481
4095,16482
4095,16483
4095,16484
4095,16485
4095,16486
4095,16487
4095,16488
4095,16489
4095,16490
4095,16491
4095,16492
4095,16493
4095,16494
4095,16495
4095,16496
4095,16497
4095,16498
4095,16499
4095,16500
4095,16501
4095,16502
4095,16503
4095,16504
4095,16505
4095,16506
4095,16507
4095,16508
4095,16509
4095,16510
4095,16511
4095,16512
4095,16513
4095,16514
4095,16515
4095,16516
4095,16517
4095,16518
4095,16519
4095,16520
4095,16521
4095,16522
4095,16523
4095,16524
4095,16525
4095,16526
4095,16527
4095,16528
4095,16529
4095,16530
4095,16531
4095,16532
4095,16533
4095,16534
4095,16535
4095,16536
4095,16537
4095,16538
4095,16539
4095,16540
4095,16541
4095,16542
4095,16543
4095,16544
4095,16545
4095,16546
4095,16547
4095,16548
4095,16549
4095,16550
4095,16551
4095,16552
4095,16553
4095,16554
4095,16555
4095,16556
4095,16557
4095,16558
4095,16559
4095,16560
4095,16561
4095,16562
4095,16563
4095,16564
4095,16565
4095,16566
4095,16567
4095,16568
4095,16569
4095,16570
4095,16571
4095,16572
4095,16573
4095,16574
4095,16575
4095,16576
4095,16577
4095,16578
4095,16579
4095,16580
4095,16581
4095,16582
4095,16583
4095,16584
4095,16585
4095,16586
4095,16587
4095,16588
4095,16589
4095,16590
4095,16591
4095,16592
4095,16593
4095,16594
4095,16595
4095,16596
4095,16597
4095,16598
4095,16599
4095,16600
4095,16601
4095,16602
4095,16603
4095,16604
4095,16605
4095,16606
4095,16607
4095,16624
4095,16625
4095,16626
4095,16627
4095,16628
4095,16629
4095,16630
4095,16631
4095,16632
4095,16633
4095,16634
4095,16635
4095,16636
4096,16480
4096,16481
4096,16482
4096,16483
4096,16484
4096,16485
4096,16486
4096,16487
4096,16488
4096,16489
4096,16490
4096,16491
4096,16492
4096,16493
4096,16494
4096,16495
4096,16496
4096,16497
4096,16498
4096,16499
4096,16500
4096,16501
4096,16502
4096,16503
4096,16504
4096,16505
4096,16506
4096,16507
4096,16508
4096,16509
4096,16510
4096,16511
4096,16512
4096,16513
4096,16514
4096,16515
4096,16516
4096,16517
4096,16518
4096,16519
4096,16520
4096,16521
4096,16522
4096,16523
4096,16524
4096,16525
4096,16526
4096,16527
4096,16528
4096,16529
4096,16530
4096,16531
4096,16532
4096,16533
4096,16534
4096,16535
4096,16536
4096,16537
4096,16538
4096,16539
4096,16540
4096,16541
4096,16542
4096,16543
4096,16544
4096,16545
4096,16546
4096,16547
4096,16548
4096,16549
4096,16550
4096,16551
4096,16552
4096,16553
4096,16554
4096,16555
4096,16556
4096,16557
4096,16558
4096,16559
4096,16560
4096,16561
4096,16562
4096,16563
4096,16564
4096,16565
4096,16566
4096,16567
4096,16568
4096,16569
4096,16570
4096,16571
4096,16572
4096,16573
4096,16574
4096,16575
4096,16576
4096,16577
4096,16578
4096,16579
4096,16580
4096,16581
4096,16582
4096,16583
4096,16584
4096,16585
4096,16586
4096,16587
4096,16588
4096,16589
4096,16590
4096,16591
4096,16592
4096,16593
4096,16594
4096,16595
4096,16596
4096,16597
4096,16598
4096,16599
4096,16600
4096,16601
4096,16602
4096,16603
4096,16604
4096,16605
4096,16606
4096,16607
4096,16613
4096,16624
4096,16625
4096,16626
4096,16627
4096,16628
4096,16629
4096,16630
4096,16631
4096,16632
4096,16633
4096,16634
4096,16635
4097,16480
4097,16481
4097,16482
4097,16483
4097,16484
4097,16485
4097,16486
4097,16487
4097,16488
4097,16489
4097,16490
4097,16491
4097,16492
4097,16493
4097,16494
4097,16495
4097,16496
4097,16497
4097,16498
4097,16499
4097,16500
4097,16501
4097,16502
4097,16503
4097,16504
4097,16505
4097,16506
4097,16507
4097,16508
4097,16509
4097,16510
4097,16511
4097,16512
4097,16513
4097,16514
4097,16515
4097,16516
4097,16517
4097,16518
4097,16519
4097,16520
4097,16521
4097,16522
4097,16523
4097,16524
4097,16525
4097,16526
4097,16527
4097,16528
4097,16529
4097,16530
4097,16531
4097,16532
4097,16533
4097,16534
4097,16535
4097,16536
4097,16537
4097,16538
4097,16539
4097,16540
4097,16541
4097,16542
4097,16543
4097,16544
4097,16545
4097,16546
4097,16547
4097,16548
4097,16549
4097,16550
4097,16551
4097,16552
4097,16553
4097,16554
4097,16555
4097,16556
4097,16557
4097,16558
4097,16559
4097,16560
4097,16561
4097,16562
4097,16563
4097,16564
4097,16565
4097,16566
4097,16567
4097,16568
4097,16569
4097,16570
4097,16571
4097,16572
4097,16573
4097,16574
4097,16575
4097,16576
4097,16577
4097,16578
4097,16579
4097,16580
4097,16581
4097,16582
4097,16583
4097,16584
4097,16585
4097,16586
4097,16587
4097,16588
4097,16589
4097,16590
4097,16591
4097,16592
4097,16593
4097,16594
4097,16595
4097,16596
4097,16597
4097,16598
4097,16599
4097,16600
4097,16601
4097,16602
4097,16603
4097,16604
4097,16605
4097,16606
4097,16607
4097,16608
4097,16610
4097,16611
4097,16612
4097,16613
4097,16614
4097,16615
4097,16616
4097,16622
4097,16623
4097,16624
4097,16625
4097,16626
4097,16627
4097,16628
4097,16629
4097,16630
4097,16631
4097,16632
4097,16633
4097,16634
4097,16635
4098,16481
4098,16482
4098,16483
4098,16484
4098,16485
4098,16486
4098,16487
4098,16488
4098,16489
4098,16490
4098,16491
4098,16492
4098,16493
4098,16494
4098,16495
4098,16496
4098,16497
4098,16498
4098,16499
4098,16500
4098,16501
4098,16502
4098,16503
4098,16504
4098,16505
4098,16506
4098,16507
4098,16508
4098,16509
4098,16510
4098,16511
4098,16512
4098,16513
4098,16514
4098,16515
4098,16516
4098,16517
4098,16518
4098,16519
4098,16520
4098,16521
4098,16522
4098,16523
4098,16524
4098,16525
4098,16526
4098,16527
4098,16528
4098,16529
4098,16530
4098,16531
4098,16532
4098,16533
4098,16534
4098,16535
4098,16536
4098,16537
4098,16538
4098,16539
4098,16540
4098,16541
4098,16542
4098,16543
4098,16544
4098,16545
4098,16546
4098,16547
4098,16548
4098,16549
4098,16550
4098,16551
4098,16552
4098,16553
4098,16554
4098,16555
4098,16556
4098,16557
4098,16558
4098,16559
4098,16560
4098,16561
4098,16562
4098,16563
4098,16564
4098,16565
4098,16566
4098,16567
4098,16568
4098,16569
4098,16570
4098,16571
4098,16572
4098,16573
4098,16574
4098,16575
4098,16576
4098,16577
4098,16578
4098,16579
4098,16580
4098,16581
4098,16582
4098,16583
4098,16584
4098,16585
4098,16586
4098,16587
4098,16588
4098,16589
4098,16590
4098,16591
4098,16592
4098,16593
4098,16594
4098,16595
4098,16596
4098,16597
4098,16598
4098,16599
4098,16600
4098,16601
4098,16602
4098,16603
4098,16604
4098,16605
4098,16606
4098,16607
4098,16608
4098,16609
4098,16610
4098,16611
4098,16612
4098,16613
4098,16614
4098,16615
4098,16616
4098,16617
4098,16619
4098,16620
4098,16621
4098,16622
4098,16623
4098,16624
4098,16625
4098,16626
4098,16627
4098,16628
4098,16629
4098,16630
4098,16631
4098,16632
4098,16633
4098,16634
4098,16635
4099,16481
4099,16482
4099,16483
4099,16484
4099,16485
4099,16486
4099,16487
4099,16488
4099,16489
4099,16490
4099,16491
4099,16492
4099,16493
4099,16494
4099,16495
4099,16496
4099,16497
4099,16498
4099,16499
4099,16500
4099,16501
4099,16502
4099,16503
4099,16504
4099,16505
4099,16506
4099,16507
4099,16508
4099,16509
4099,16510
4099,16511
4099,16512
4099,16513
4099,16514
4099,16515
4099,16516
4099,16517
4099,16518
4099,16519
4099,16520
4099,16521
4099,16522
4099,16523
4099,16524
4099,16525
4099,16526
4099,16527
4099,16528
4099,16529
4099,16530
4099,16531
4099,16532
4099,16533
4099,16534
4099,16535
4099,16536
4099,16537
4099,16538
4099,16539
4099,16540
4099,16541
4099,16542
4099,16543
4099,16544
4099,16545
4099,16546
4099,16547
4099,16548
4099,16549
4099,16550
4099,16551
4099,16552
4099,16553
4099,16554
4099,16555
4099,16556
4099,16557
4099,16558
4099,16559
4099,16560
4099,16561
4099,16562
4099,16563
4099,16564
4099,16565
4099,16566
4099,16567
4099,16568
4099,16569
4099,16570
4099,16571
4099,16572
4099,16573
4099,16574
4099,16575
4099,16576
4099,16577
4099,16578
4099,16579
4099,16580
4099,16581
4099,16582
4099,16583
4099,16584
4099,16585
4099,16586
4099,16587
4099,16588
4099,16589
4099,16590
4099,16591
4099,16592
4099,16593
4099,16594
4099,16595
4099,16596
4099,16597
4099,16598
4099,16599
4099,16600
4099,16601
4099,16602
4099,16603
4099,16604
4099,16605
4099,16606
4099,16607
4099,16608
4099,16609
4099,16610
4099,16611
4099,16612
4099,16613
4099,16614
4099,16615
4099,16616
4099,16617
4099,16618
4099,16619
4099,16620
4099,16621
4099,16622
4099,16623
4099,16624
4099,16625
4099,16626
4099,16627
4099,16628
4099,16629
4099,16630
4099,16631
4099,16632
4099,16633
4099,16634
4099,16635
4099,16636
4099,16637
4100,16482
4100,16483
4100,16484
4100,16485
4100,16486
4100,16487
4100,16488
4100,16489
4100,16490
4100,16491
4100,16492
4100,16493
4100,16494
4100,16495
4100,16496
4100,16497
4100,16498
4100,16499
4100,16500
4100,16501
4100,16502
4100,16503
4100,16504
4100,16505
4100,16506
4100,16507
4100,16508
4100,16509
4100,16510
4100,16511
4100,16512
4100,16513
4100,16514
4100,16515
4100,16516
4100,16517
4100,16518
4100,16519
4100,16520
4100,16521
4100,16522
4100,16523
4100,16524
4100,16525
4100,16526
4100,16527
4100,16528
4100,16529
4100,16530
4100,16531
4100,16532
4100,16533
4100,16534
4100,16535
4100,16536
4100,16537
4100,16538
4100,16539
4100,16540
4100,16541
4100,16542
4100,16543
4100,16544
4100,16545
4100,16546
4100,16547
4100,16548
4100,16549
4100,16550
4100,16551
4100,16552
4100,16553
4100,16554
4100,16555
4100,16556
4100,16557
4100,16558
4100,16559
4100,16560
4100,16561
4100,16562
4100,16563
4100,16564
4100,16565
4100,16566
4100,16567
4100,16568
4100,16569
4100,16570
4100,16571
4100,16572
4100,16573
4100,16574
4100,16575
4100,16576
4100,16577
4100,16578
4100,16579
4100,16580
4100,16581
4100,16582
4100,16583
4100,16584
4100,16585
4100,16586
4100,16587
4100,16588
4100,16589
4100,16590
4100,16591
4100,16592
4100,16593
4100,16594
4100,16595
4100,16596
4100,16597
4100,16598
4100,16599
4100,16600
4100,16601
4100,16602
4100,16603
4100,16604
4100,16605
4100,16606
4100,16607
4100,16608
4100,16609
4100,16610
4100,16611
4100,16612
4100,16613
4100,16614
4100,16615
4100,16616
4100,16617
4100,16618
4100,16619
4100,16620
4100,16621
4100,16622
4100,16623
4100,16624
4100,16625
4100,16626
4100,16627
4100,16628
4100,16629
4100,16630
4100,16631
4100,16632
4100,16633
4100,16634
4100,16635
4100,16636
4100,16637
4100,16638
4101,16483
4101,16484
4101,16485
4101,16486
4101,16487
4101,16488
4101,16489
4101,16490
4101,16491
4101,16492
4101,16493
4101,16494
4101,16495
4101,16496
4101,16497
4101,16498
4101,16499
4101,16500
4101,16501
4101,16502
4101,16503
4101,16504
4101,16505
4101,16506
4101,16507
4101,16508
4101,16509
4101,16510
4101,16511
4101,16512
4101,16513
4101,16514
4101,16515
4101,16516
4101,16517
4101,16518
4101,16519
4101,16520
4101,16521
4101,16522
4101,16523
4101,16524
4101,16525
4101,16526
4101,16527
4101,16528
4101,16529
4101,16530
4101,16531
4101,16532
4101,16533
4101,16534
4101,16535
4101,16536
4101,16537
4101,16538
4101,16539
4101,16540
4101,16541
4101,16542
4101,16543
4101,16544
4101,16545
4101,16546
4101,16547
4101,16548
4101,16549
4101,16550
4101,16551
4101,16552
4101,16553
4101,16554
4101,16555
4101,16556
4101,16557
4101,16558
4101,16559
4101,16560
4101,16561
4101,16562
4101,16563
4101,16564
4101,16565
4101,16566
4101,16567
4101,16568
4101,16569
4101,16570
4101,16571
4101,16572
4101,16573
4101,16574
4101,16575
4101,16576
4101,16577
4101,16578
4101,16579
4101,16580
4101,16581
4101,16582
4101,16583
4101,16584
4101,16585
4101,16586
4101,16587
4101,16588
4101,16589
4101,16590
4101,16591
4101,16592
4101,16593
4101,16594
4101,16595
4101,16596
4101,16597
4101,16598
4101,16599
4101,16600
4101,16601
4101,16602
4101,16603
4101,16604
4101,16605
4101,16606
4101,16607
4101,16608
4101,16609
4101,16610
4101,16611
4101,16612
4101,16613
4101,16614
4101,16615
4101,16616
4101,16617
4101,16618
4101,16619
4101,16620
4101,16621
4101,16622
4101,16623
4101,16624
4101,16625
4101,16626
4101,16627
4101,16628
4101,16629
4101,16630
4101,16631
4101,16632
4101,16633
4101,16634
4101,16635
4101,16636
4101,16637
4101,16638
4101,16639
4102,16484
4102,16485
4102,16486
4102,16487
4102,16488
4102,16489
4102,16490
4102,16491
4102,16492
4102,16493
4102,16494
4102,16495
4102,16496
4102,16497
4102,16498
4102,16499
4102,16500
4102,16501
4102,16502
4102,16503
4102,16504
4102,16505
4102,16506
4102,16507
4102,16508
4102,16509
4102,16510
4102,16511
4102,16512
4102,16513
4102,16514
4102,16515
4102,16516
4102,16517
4102,16518
4102,16519
4102,16520
4102,16521
4102,16522
4102,16523
4102,16524
4102,16525
4102,16526
4102,16527
4102,16528
4102,16529
4102,16530
4102,16531
4102,16532
4102,16533
4102,16534
4102,16535
4102,16536
4102,16537
4102,16538
4102,16539
4102,16540
4102,16541
4102,16542
4102,16543
4102,16544
4102,16545
4102,16546
4102,16547
4102,16548
4102,16549
4102,16550
4102,16551
4102,16552
4102,16553
4102,16554
4102,16555
4102,16556
4102,16557
4102,16558
4102,16559
4102,16560
4102,16561
4102,16562
4102,16563
4102,16564
4102,16565
4102,16566
4102,16567
4102,16568
4102,16569
4102,16570
4102,16571
4102,16572
4102,16573
4102,16574
4102,16575
4102,16576
4102,16577
4102,16578
4102,16579
4102,16580
4102,16581
4102,16582
4102,16583
4102,16584
4102,16585
4102,16586
4102,16587
4102,16588
4102,16589
4102,16590
4102,16591
4102,16592
4102,16593
4102,16594
4102,16595
4102,16596
4102,16597
4102,16598
4102,16599
4102,16600
4102,16601
4102,16602
4102,16603
4102,16604
4102,16605
4102,16606
4102,16607
4102,16608
4102,16609
4102,16610
4102,16611
4102,16612
4102,16613
4102,16614
4102,16615
4102,16616
4102,16617
4102,16618
4102,16619
4102,16620
4102,16621
4102,16622
4102,16623
4102,16624
4102,16625
4102,16626
4102,16627
4102,16628
4102,16629
4102,16630
4102,16631
4102,16632
4102,16633
4102,16634
4102,16635
4102,16636
4102,16637
4102,16638
4102,16639
4103,16485
4103,16486
4103,16487
4103,16488
4103,16489
4103,16490
4103,16491
4103,16492
4103,16493
4103,16494
4103,16495
4103,16496
4103,16497
4103,16498
4103,16499
4103,16500
4103,16501
4103,16502
4103,16503
4103,16504
4103,16505
4103,16506
4103,16507
4103,16508
4103,16509
4103,16510
4103,16511
4103,16512
4103,16513
4103,16514
4103,16515
4103,16516
4103,16517
4103,16518
4103,16519
4103,16520
4103,16521
4103,16522
4103,16523
4103,16524
4103,16525
4103,16526
4103,16527
4103,16528
4103,16529
4103,16530
4103,16531
4103,16532
4103,16533
4103,16534
4103,16535
4103,16536
4103,16537
4103,16538
4103,16539
4103,16540
4103,16541
4103,16542
4103,16543
4103,16544
4103,16545
4103,16546
4103,16547
4103,16548
4103,16549
4103,16550
4103,16551
4103,16552
4103,16553
4103,16554
4103,16555
4103,16556
4103,16557
4103,16558
4103,16559
4103,16560
4103,16561
4103,16562
4103,16563
4103,16564
4103,16565
4103,16566
4103,16567
4103,16568
4103,16569
4103,16570
4103,16571
4103,16572
4103,16573
4103,16574
4103,16575
4103,16576
4103,16577
4103,16578
4103,16579
4103,16580
4103,16581
4103,16582
4103,16583
4103,16584
4103,16585
4103,16586
4103,16587
4103,16588
4103,16589
4103,16590
4103,16591
4103,16592
4103,16593
4103,16594
4103,16595
4103,16596
4103,16597
4103,16598
4103,16599
4103,16600
4103,16601
4103,16602
4103,16603
4103,16604
4103,16605
4103,16606
4103,16607
4103,16608
4103,16609
4103,16610
4103,16611
4103,16612
4103,16613
4103,16614
4103,16615
4103,16616
4103,16617
4103,16618
4103,16619
4103,16620
4103,16621
4103,16622
4103,16623
4103,16624
4103,16625
4103,16626
4103,16627
4103,16628
4103,16629
4103,16630
4103,16631
4103,16632
4103,16633
4103,16634
4103,16635
4103,16636
4103,16637
4103,16638
4103,16639
4104,16486
4104,16487
4104,16488
4104,16489
4104,16490
4104,16491
4104,16492
4104,16493
4104,16494
4104,16495
4104,16496
4104,16497
4104,16498
4104,16499
4104,16500
4104,16501
4104,16502
4104,16503
4104,16504
4104,16505
4104,16506
4104,16507
4104,16508
4104,16509
4104,16510
4104,16511
4104,16512
4104,16513
4104,16514
4104,16515
4104,16516
4104,16517
4104,16518
4104,16519
4104,16520
4104,16521
4104,16522
4104,16523
4104,16524
4104,16525
4104,16526
4104,16527
4104,16528
4104,16529
4104,16530
4104,16531
4104,16532
4104,16533
4104,16534
4104,16535
4104,16536
4104,16537
4104,16538
4104,16539
4104,16540
4104,16541
4104,16542
4104,16543
4104,16544
4104,16545
4104,16546
4104,16547
4104,16548
4104,16549
4104,16550
4104,16551
4104,16552
4104,16553
4104,16554
4104,16555
4104,16556
4104,16557
4104,16558
4104,16559
4104,16560
4104,16561
4104,16562
4104,16563
4104,16564
4104,16565
4104,16566
4104,16567
4104,16568
4104,16569
4104,16570
4104,16571
4104,16572
4104,16573
4104,16574
4104,16575
4104,16576
4104,16577
4104,16578
4104,16579
4104,16580
4104,16581
4104,16582
4104,16583
4104,16584
4104,16585
4104,16586
4104,16587
4104,16588
4104,16589
4104,16590
4104,16591
4104,16592
4104,16593
4104,16594
4104,16595
4104,16596
4104,16597
4104,16598
4104,16599
4104,16600
4104,16601
4104,16602
4104,16603
4104,16604
4104,16605
4104,16606
4104,16607
4104,16608
4104,16609
4104,16610
4104,16611
4104,16612
4104,16613
4104,16614
4104,16615
4104,16616
4104,16617
4104,16618
4104,16619
4104,16620
4104,16621
4104,16622
4104,16623
4104,16624
4104,16625
4104,16626
4104,16627
4104,16628
4104,16629
4104,16630
4104,16631
4104,16632
4104,16633
4104,16634
4104,16635
4104,16636
4104,16637
4104,16638
4104,16639
4104,16640
4105,16485
4105,16486
4105,16487
4105,16488
4105,16489
4105,16490
4105,16491
4105,16492
4105,16493
4105,16494
4105,16495
4105,16496
4105,16497
4105,16498
4105,16499
4105,16500
4105,16501
4105,16502
4105,16503
4105,16504
4105,16505
4105,16506
4105,16507
4105,16508
4105,16509
4105,16510
4105,16511
4105,16512
4105,16513
4105,16514
4105,16515
4105,16516
4105,16517
4105,16518
4105,16519
4105,16520
4105,16521
4105,16522
4105,16523
4105,16524
4105,16525
4105,16526
4105,16527
4105,16528
4105,16529
4105,16530
4105,16531
4105,16532
4105,16533
4105,16534
4105,16535
4105,16536
4105,16537
4105,16538
4105,16539
4105,16540
4105,16541
4105,16542
4105,16543
4105,16544
4105,16545
4105,16546
4105,16547
4105,16548
4105,16549
4105,16550
4105,16551
4105,16552
4105,16553
4105,16554
4105,16555
4105,16556
4105,16557
4105,16558
4105,16559
4105,16560
4105,16561
4105,16562
4105,16563
4105,16564
4105,16565
4105,16566
4105,16567
4105,16568
4105,16569
4105,16570
4105,16571
4105,16572
4105,16573
4105,16574
4105,16575
4105,16576
4105,16577
4105,16578
4105,16579
4105,16580
4105,16581
4105,16582
4105,16583
4105,16584
4105,16585
4105,16586
4105,16587
4105,16588
4105,16589
4105,16590
4105,16591
4105,16592
4105,16593
4105,16594
4105,16595
4105,16596
4105,16597
4105,16598
4105,16599
4105,16600
4105,16601
4105,16602
4105,16603
4105,16604
4105,16605
4105,16606
4105,16607
4105,16608
4105,16609
4105,16610
4105,16611
4105,16612
4105,16613
4105,16614
4105,16615
4105,16616
4105,16617
4105,16618
4105,16619
4105,16620
4105,16621
4105,16622
4105,16623
4105,16624
4105,16625
4105,16626
4105,16627
4105,16628
4105,16629
4105,16630
4105,16631
4105,16632
4105,16633
4105,16634
4105,16635
4105,16636
4105,16637
4105,16638
4105,16639
4106,16485
4106,16486
4106,16487
4106,16488
4106,16489
4106,16490
4106,16491
4106,16492
4106,16493
4106,16494
4106,16495
4106,16496
4106,16497
4106,16498
4106,16499
4106,16500
4106,16501
4106,16502
4106,16503
4106,16504
4106,16505
4106,16506
4106,16507
4106,16508
4106,16509
4106,16510
4106,16511
4106,16512
4106,16513
4106,16514
4106,16515
4106,16516
4106,16517
4106,16518
4106,16519
4106,16520
4106,16521
4106,16522
4106,16523
4106,16524
4106,16525
4106,16526
4106,16527
4106,16528
4106,16529
4106,16530
4106,16531
4106,16532
4106,16533
4106,16534
4106,16535
4106,16536
4106,16537
4106,16538
4106,16539
4106,16540
4106,16541
4106,16542
4106,16543
4106,16544
4106,16545
4106,16546
4106,16547
4106,16548
4106,16549
4106,16550
4106,16551
4106,16552
4106,16553
4106,16554
4106,16555
4106,16556
4106,16557
4106,16558
4106,16559
4106,16560
4106,16561
4106,16562
4106,16563
4106,16564
4106,16565
4106,16566
4106,16567
4106,16568
4106,16569
4106,16570
4106,16571
4106,16572
4106,16573
4106,16574
4106,16575
4106,16576
4106,16577
4106,16578
4106,16579
4106,16580
4106,16581
4106,16582
4106,16583
4106,16584
4106,16585
4106,16586
4106,16587
4106,16588
4106,16589
4106,16590
4106,16591
4106,16592
4106,16593
4106,16594
4106,16595
4106,16596
4106,16597
4106,16598
4106,16599
4106,16600
4106,16601
4106,16602
4106,16603
4106,16604
4106,16605
4106,16606
4106,16607
4106,16608
4106,16609
4106,16610
4106,16611
4106,16612
4106,16613
4106,16614
4106,16615
4106,16616
4106,16617
4106,16618
4106,16619
4106,16620
4106,16621
4106,16622
4106,16623
4106,16624
4106,16625
4106,16626
4106,16627
4106,16628
4106,16629
4106,16630
4106,16631
4106,16632
4106,16633
4106,16634
4106,16635
4106,16636
4106,16637
4106,16638
4106,16639
4107,16484
4107,16485
4107,16486
4107,16487
4107,16488
4107,16489
4107,16490
4107,16491
4107,16492
4107,16493
4107,16494
4107,16495
4107,16496
4107,16497
4107,16498
4107,16499
4107,16500
4107,16501
4107,16502
4107,16503
4107,16504
4107,16505
4107,16506
4107,16507
4107,16508
4107,16509
4107,16510
4107,16511
4107,16512
4107,16513
4107,16514
4107,16515
4107,16516
4107,16517
4107,16518
4107,16519
4107,16520
4107,16521
4107,16522
4107,16523
4107,16524
4107,16525
4107,16526
4107,16527
4107,16528
4107,16529
4107,16530
4107,16531
4107,16532
4107,16533
4107,16534
4107,16535
4107,16536
4107,16537
4107,16538
4107,16539
4107,16540
4107,16541
4107,16542
4107,16543
4107,16544
4107,16545
4107,16546
4107,16547
4107,16548
4107,16549
4107,16550
4107,16551
4107,16552
4107,16553
4107,16554
4107,16555
4107,16556
4107,16557
4107,16558
4107,16559
4107,16560
4107,16561
4107,16562
4107,16563
4107,16564
4107,16565
4107,16566
4107,16567
4107,16568
4107,16569
4107,16570
4107,16571
4107,16572
4107,16573
4107,16574
4107,16575
4107,16576
4107,16577
4107,16578
4107,16579
4107,16580
4107,16581
4107,16582
4107,16583
4107,16584
4107,16585
4107,16586
4107,16587
4107,16588
4107,16589
4107,16590
4107,16591
4107,16592
4107,16593
4107,16594
4107,16595
4107,16596
4107,16597
4107,16598
4107,16599
4107,16600
4107,16601
4107,16602
4107,16603
4107,16604
4107,16605
4107,16606
4107,16607
4107,16608
4107,16609
4107,16610
4107,16611
4107,16612
4107,16613
4107,16614
4107,16615
4107,16616
4107,16617
4107,16618
4107,16619
4107,16620
4107,16621
4107,16622
4107,16623
4107,16624
4107,16625
4107,16626
4107,16627
4107,16628
4107,16629
4107,16630
4107,16631
4107,16632
4107,16633
4107,16634
4107,16635
4107,16636
4107,16637
4107,16638
4107,16639
4108,16484
4108,16485
4108,16486
4108,16487
4108,16488
4108,16489
4108,16490
4108,16491
4108,16492
4108,16493
4108,16494
4108,16495
4108,16496
4108,16497
4108,16498
4108,16499
4108,16500
4108,16501
4108,16502
4108,16503
4108,16504
4108,16505
4108,16506
4108,16507
4108,16508
4108,16509
4108,16510
4108,16511
4108,16512
4108,16513
4108,16514
4108,16515
4108,16516
4108,16517
4108,16518
4108,16519
4108,16520
4108,16521
4108,16522
4108,16523
4108,16524
4108,16525
4108,16526
4108,16527
4108,16528
4108,16529
4108,16530
4108,16531
4108,16532
4108,16533
4108,16534
4108,16535
4108,16536
4108,16537
4108,16538
4108,16539
4108,16540
4108,16541
4108,16542
4108,16543
4108,16544
4108,16545
4108,16546
4108,16547
4108,16548
4108,16549
4108,16550
4108,16551
4108,16552
4108,16553
4108,16554
4108,16555
4108,16556
4108,16557
4108,16558
4108,16559
4108,16560
4108,16561
4108,16562
4108,16563
4108,16564
4108,16565
4108,16566
4108,16567
4108,16568
4108,16569
4108,16570
4108,16571
4108,16572
4108,16573
4108,16574
4108,16575
4108,16576
4108,16577
4108,16578
4108,16579
4108,16580
4108,16581
4108,16582
4108,16583
4108,16584
4108,16585
4108,16586
4108,16587
4108,16588
4108,16589
4108,16590
4108,16591
4108,16592
4108,16593
4108,16594
4108,16595
4108,16596
4108,16597
4108,16598
4108,16599
4108,16600
4108,16601
4108,16602
4108,16603
4108,16604
4108,16605
4108,16606
4108,16607
4108,16608
4108,16609
4108,16610
4108,16611
4108,16612
4108,16613
4108,16614
4108,16615
4108,16616
4108,16617
4108,16618
4108,16619
4108,16620
4108,16621
4108,16622
4108,16623
4108,16624
4108,16625
4108,16626
4108,16627
4108,16628
4108,16629
4108,16630
4108,16631
4108,16632
4108,16633
4108,16634
4108,16635
4108,16636
4108,16637
4108,16638
4109,16483
4109,16484
4109,16485
4109,16486
4109,16487
4109,16488
4109,16489
4109,16490
4109,16491
4109,16492
4109,16493
4109,16494
4109,16495
4109,16496
4109,16497
4109,16498
4109,16499
4109,16500
4109,16501
4109,16502
4109,16503
4109,16504
4109,16505
4109,16506
4109,16507
4109,16508
4109,16509
4109,16510
4109,16511
4109,16512
4109,16513
4109,16514
4109,16515
4109,16516
4109,16517
4109,16518
4109,16519
4109,16520
4109,16521
4109,16522
4109,16523
4109,16524
4109,16525
4109,16526
4109,16527
4109,16528
4109,16529
4109,16530
4109,16531
4109,16532
4109,16533
4109,16534
4109,16535
4109,16536
4109,16537
4109,16538
4109,16539
4109,16540
4109,16541
4109,16542
4109,16543
4109,16544
4109,16545
4109,16546
4109,16547
4109,16548
4109,16549
4109,16550
4109,16551
4109,16552
4109,16553
4109,16554
4109,16555
4109,16556
4109,16557
4109,16558
4109,16559
4109,16560
4109,16561
4109,16562
4109,16563
4109,16564
4109,16565
4109,16566
4109,16567
4109,16568
4109,16569
4109,16570
4109,16571
4109,16572
4109,16573
4109,16574
4109,16575
4109,16576
4109,16577
4109,16578
4109,16579
4109,16580
4109,16581
4109,16582
4109,16583
4109,16584
4109,16585
4109,16586
4109,16587
4109,16588
4109,16589
4109,16590
4109,16591
4109,16592
4109,16593
4109,16594
4109,16595
4109,16596
4109,16597
4109,16598
4109,16599
4109,16600
4109,16601
4109,16602
4109,16603
4109,16604
4109,16605
4109,16606
4109,16607
4109,16608
4109,16609
4109,16610
4109,16611
4109,16612
4109,16613
4109,16614
4109,16615
4109,16616
4109,16617
4109,16618
4109,16619
4109,16620
4109,16621
4109,16622
4109,16623
4109,16624
4109,16625
4109,16626
4109,16627
4109,16628
4109,16629
4109,16630
4109,16631
4109,16632
4109,16633
4109,16634
4109,16635
4109,16636
4109,16637
4109,16638
4110,16483
4110,16484
4110,16485
4110,16486
4110,16487
4110,16488
4110,16489
4110,16490
4110,16491
4110,16492
4110,16493
4110,16494
4110,16495
4110,16496
4110,16497
4110,16498
4110,16499
4110,16500
4110,16501
4110,16502
4110,16503
4110,16504
4110,16505
4110,16506
4110,16507
4110,16508
4110,16509
4110,16510
4110,16511
4110,16512
4110,16513
4110,16514
4110,16515
4110,16516
4110,16517
4110,16518
4110,16519
4110,16520
4110,16521
4110,16522
4110,16523
4110,16524
4110,16525
4110,16526
4110,16527
4110,16528
4110,16529
4110,16530
4110,16531
4110,16532
4110,16533
4110,16534
4110,16535
4110,16536
4110,16537
4110,16538
4110,16539
4110,16540
4110,16541
4110,16542
4110,16543
4110,16544
4110,16545
4110,16546
4110,16547
4110,16548
4110,16549
4110,16550
4110,16551
4110,16552
4110,16553
4110,16554
4110,16555
4110,16556
4110,16557
4110,16558
4110,16559
4110,16560
4110,16561
4110,16562
4110,16563
4110,16564
4110,16565
4110,16566
4110,16567
4110,16568
4110,16569
4110,16570
4110,16571
4110,16572
4110,16573
4110,16574
4110,16575
4110,16576
4110,16577
4110,16578
4110,16579
4110,16580
4110,16581
4110,16582
4110,16583
4110,16584
4110,16585
4110,16586
4110,16587
4110,16588
4110,16589
4110,16590
4110,16591
4110,16592
4110,16593
4110,16594
4110,16595
4110,16596
4110,16597
4110,16598
4110,16599
4110,16600
4110,16601
4110,16602
4110,16603
4110,16604
4110,16605
4110,16606
4110,16607
4110,16608
4110,16609
4110,16610
4110,16611
4110,16612
4110,16613
4110,16614
4110,16615
4110,16616
4110,16617
4110,16618
4110,16619
4110,16620
4110,16621
4110,16622
4110,16623
4110,16624
4110,16625
4110,16626
4110,16627
4110,16628
4110,16629
4110,16630
4110,16631
4110,16632
4110,16633
4110,16634
4110,16635
4110,16636
4110,16637
4110,16638
4111,16483
4111,16484
4111,16485
4111,16486
4111,16487
4111,16488
4111,16489
4111,16490
4111,16491
4111,16492
4111,16493
4111,16494
4111,16495
4111,16496
4111,16497
4111,16498
4111,16499
4111,16500
4111,16501
4111,16502
4111,16503
4111,16504
4111,16505
4111,16506
4111,16507
4111,16508
4111,16509
4111,16510
4111,16511
4111,16512
4111,16513
4111,16514
4111,16515
4111,16516
4111,16517
4111,16518
4111,16519
4111,16520
4111,16521
4111,16522
4111,16523
4111,16524
4111,16525
4111,16526
4111,16527
4111,16528
4111,16529
4111,16530
4111,16531
4111,16532
4111,16533
4111,16534
4111,16535
4111,16536
4111,16537
4111,16538
4111,16539
4111,16540
4111,16541
4111,16542
4111,16543
4111,16544
4111,16545
4111,16546
4111,16547
4111,16548
4111,16549
4111,16550
4111,16551
4111,16552
4111,16553
4111,16554
4111,16555
4111,16556
4111,16557
4111,16558
4111,16559
4111,16560
4111,16561
4111,16562
4111,16563
4111,16564
4111,16565
4111,16566
4111,16567
4111,16568
4111,16569
4111,16570
4111,16571
4111,16572
4111,16573
4111,16574
4111,16575
4111,16576
4111,16577
4111,16578
4111,16579
4111,16580
4111,16581
4111,16582
4111,16583
4111,16584
4111,16585
4111,16586
4111,16587
4111,16588
4111,16589
4111,16590
4111,16591
4111,16592
4111,16593
4111,16594
4111,16595
4111,16596
4111,16597
4111,16598
4111,16599
4111,16600
4111,16601
4111,16602
4111,16603
4111,16604
4111,16605
4111,16606
4111,16607
4111,16608
4111,16609
4111,16610
4111,16611
4111,16612
4111,16613
4111,16614
4111,16615
4111,16616
4111,16617
4111,16618
4111,16619
4111,16620
4111,16621
4111,16622
4111,16623
4111,16624
4111,16625
4111,16626
4111,16627
4111,16628
4111,16629
4111,16630
4111,16631
4111,16632
4111,16633
4111,16634
4111,16635
4111,16636
4111,16637
4112,16482
4112,16483
4112,16484
4112,16485
4112,16486
4112,16487
4112,16488
4112,16489
4112,16490
4112,16491
4112,16492
4112,16493
4112,16494
4112,16495
4112,16496
4112,16497
4112,16498
4112,16499
4112,16500
4112,16501
4112,16502
4112,16503
4112,16504
4112,16505
4112,16506
4112,16507
4112,16508
4112,16509
4112,16510
4112,16511
4112,16512
4112,16513
4112,16514
4112,16515
4112,16516
4112,16517
4112,16518
4112,16519
4112,16520
4112,16521
4112,16522
4112,16523
4112,16524
4112,16525
4112,16526
4112,16527
4112,16528
4112,16529
4112,16530
4112,16531
4112,16532
4112,16533
4112,16534
4112,16535
4112,16536
4112,16537
4112,16538
4112,16539
4112,16540
4112,16541
4112,16542
4112,16543
4112,16544
4112,16545
4112,16546
4112,16547
4112,16548
4112,16549
4112,16550
4112,16551
4112,16552
4112,16553
4112,16554
4112,16555
4112,16556
4112,16557
4112,16558
4112,16559
4112,16560
4112,16561
4112,16562
4112,16563
4112,16564
4112,16565
4112,16566
4112,16567
4112,16568
4112,16569
4112,16570
4112,16571
4112,16572
4112,16573
4112,16574
4112,16575
4112,16576
4112,16577
4112,16578
4112,16579
4112,16580
4112,16581
4112,16582
4112,16583
4112,16584
4112,16585
4112,16586
4112,16587
4112,16588
4112,16589
4112,16590
4112,16591
4112,16592
4112,16593
4112,16594
4112,16595
4112,16596
4112,16597
4112,16598
4112,16599
4112,16600
4112,16601
4112,16602
4112,16603
4112,16604
4112,16605
4112,16606
4112,16607
4112,16608
4112,16609
4112,16610
4112,16611
4112,16612
4112,16613
4112,16614
4112,16615
4112,16616
4112,16617
4112,16618
4112,16619
4112,16620
4112,16621
4112,16622
4112,16623
4112,16624
4112,16625
4112,16626
4112,16627
4112,16628
4112,16629
4112,16630
4112,16631
4112,16632
4112,16633
4112,16634
4112,16635
4112,16636
4113,16483
4113,16484
4113,16485
4113,16486
4113,16487
4113,16488
4113,16489
4113,16490
4113,16491
4113,16492
4113,16493
4113,16494
4113,16495
4113,16496
4113,16497
4113,16498
4113,16499
4113,16500
4113,16501
4113,16502
4113,16503
4113,16504
4113,16505
4113,16506
4113,16507
4113,16508
4113,16509
4113,16510
4113,16511
4113,16512
4113,16513
4113,16514
4113,16515
4113,16516
4113,16517
4113,16518
4113,16519
4113,16520
4113,16521
4113,16522
4113,16523
4113,16524
4113,16525
4113,16526
4113,16527
4113,16528
4113,16529
4113,16530
4113,16531
4113,16532
4113,16533
4113,16534
4113,16535
4113,16536
4113,16537
4113,16538
4113,16539
4113,16540
4113,16541
4113,16542
4113,16543
4113,16544
4113,16545
4113,16546
4113,16547
4113,16548
4113,16549
4113,16550
4113,16551
4113,16552
4113,16553
4113,16554
4113,16555
4113,16556
4113,16557
4113,16558
4113,16559
4113,16560
4113,16561
4113,16562
4113,16563
4113,16564
4113,16565
4113,16566
4113,16567
4113,16568
4113,16569
4113,16570
4113,16571
4113,16572
4113,16573
4113,16574
4113,16575
4113,16576
4113,16577
4113,16578
4113,16579
4113,16580
4113,16581
4113,16582
4113,16583
4113,16584
4113,16585
4113,16586
4113,16587
4113,16588
4113,16589
4113,16590
4113,16591
4113,16592
4113,16593
4113,16594
4113,16595
4113,16596
4113,16597
4113,16598
4113,16599
4113,16600
4113,16601
4113,16602
4113,16603
4113,16604
4113,16605
4113,16606
4113,16607
4113,16608
4113,16609
4113,16610
4113,16611
4113,16612
4113,16613
4113,16614
4113,16615
4113,16616
4113,16617
4113,16618
4113,16619
4113,16620
4113,16621
4113,16622
4113,16623
4113,16624
4113,16625
4113,16626
4113,16627
4113,16628
4113,16629
4113,16630
4113,16631
4113,16632
4113,16633
4113,16634
4114,16483
4114,16484
4114,16485
4114,16486
4114,16487
4114,16488
4114,16489
4114,16490
4114,16491
4114,16492
4114,16493
4114,16494
4114,16495
4114,16496
4114,16497
4114,16498
4114,16499
4114,16500
4114,16501
4114,16502
4114,16503
4114,16504
4114,16505
4114,16506
4114,16507
4114,16508
4114,16509
4114,16510
4114,16511
4114,16512
4114,16513
4114,16514
4114,16515
4114,16516
4114,16517
4114,16518
4114,16519
4114,16520
4114,16521
4114,16522
4114,16523
4114,16524
4114,16525
4114,16526
4114,16527
4114,16528
4114,16529
4114,16530
4114,16531
4114,16532
4114,16533
4114,16534
4114,16535
4114,16536
4114,16537
4114,16538
4114,16539
4114,16540
4114,16541
4114,16542
4114,16543
4114,16544
4114,16545
4114,16546
4114,16547
4114,16548
4114,16549
4114,16550
4114,16551
4114,16552
4114,16553
4114,16554
4114,16555
4114,16556
4114,16557
4114,16558
4114,16559
4114,16560
4114,16561
4114,16562
4114,16563
4114,16564
4114,16565
4114,16566
4114,16567
4114,16568
4114,16569
4114,16570
4114,16571
4114,16572
4114,16573
4114,16574
4114,16575
4114,16576
4114,16577
4114,16578
4114,16579
4114,16580
4114,16581
4114,16582
4114,16583
4114,16584
4114,16585
4114,16586
4114,16587
4114,16588
4114,16589
4114,16590
4114,16591
4114,16592
4114,16593
4114,16594
4114,16595
4114,16596
4114,16597
4114,16598
4114,16599
4114,16600
4114,16601
4114,16602
4114,16603
4114,16604
4114,16605
4114,16606
4114,16607
4114,16608
4114,16609
4114,16610
4114,16611
4114,16612
4114,16613
4114,16614
4114,16615
4114,16616
4114,16617
4114,16618
4114,16619
4114,16620
4114,16621
4114,16622
4114,16623
4114,16624
4114,16626
4114,16627
4114,16628
4114,16629
4114,16630
4114,16631
4115,16483
4115,16484
4115,16485
4115,16486
4115,16487
4115,16488
4115,16489
4115,16490
4115,16491
4115,16492
4115,16493
4115,16494
4115,16495
4115,16496
4115,16497
4115,16498
4115,16499
4115,16500
4115,16501
4115,16502
4115,16503
4115,16504
4115,16505
4115,16506
4115,16507
4115,16508
4115,16509
4115,16510
4115,16511
4115,16512
4115,16513
4115,16514
4115,16515
4115,16516
4115,16517
4115,16518
4115,16519
4115,16520
4115,16521
4115,16522
4115,16523
4115,16524
4115,16525
4115,16526
4115,16527
4115,16528
4115,16529
4115,16530
4115,16531
4115,16532
4115,16533
4115,16534
4115,16535
4115,16536
4115,16537
4115,16538
4115,16539
4115,16540
4115,16541
4115,16542
4115,16543
4115,16544
4115,16545
4115,16546
4115,16547
4115,16548
4115,16549
4115,16550
4115,16551
4115,16552
4115,16553
4115,16554
4115,16555
4115,16556
4115,16557
4115,16558
4115,16559
4115,16560
4115,16561
4115,16562
4115,16563
4115,16564
4115,16565
4115,16566
4115,16567
4115,16568
4115,16569
4115,16570
4115,16571
4115,16572
4115,16573
4115,16574
4115,16575
4115,16576
4115,16577
4115,16578
4115,16579
4115,16580
4115,16581
4115,16582
4115,16583
4115,16584
4115,16585
4115,16586
4115,16587
4115,16588
4115,16589
4115,16590
4115,16591
4115,16592
4115,16593
4115,16594
4115,16595
4115,16596
4115,16597
4115,16598
4115,16599
4115,16600
4115,16601
4115,16602
4115,16603
4115,16604
4115,16605
4115,16606
4115,16607
4115,16608
4115,16609
4115,16610
4115,16611
4115,16612
4115,16613
4115,16614
4115,16615
4115,16616
4115,16617
4115,16618
4115,16619
4115,16620
4115,16621
4115,16622
4115,16623
4116,16484
4116,16485
4116,16486
4116,16487
4116,16488
4116,16489
4116,16490
4116,16491
4116,16492
4116,16493
4116,16494
4116,16495
4116,16496
4116,16497
4116,16498
4116,16499
4116,16500
4116,16501
4116,16502
4116,16503
4116,16504
4116,16505
4116,16506
4116,16507
4116,16508
4116,16509
4116,16510
4116,16511
4116,16512
4116,16513
4116,16514
4116,16515
4116,16516
4116,16517
4116,16518
4116,16519
4116,16520
4116,16521
4116,16522
4116,16523
4116,16524
4116,16525
4116,16526
4116,16527
4116,16528
4116,16529
4116,16530
4116,16531
4116,16532
4116,16533
4116,16534
4116,16535
4116,16536
4116,16537
4116,16538
4116,16539
4116,16540
4116,16541
4116,16542
4116,16543
4116,16544
4116,16545
4116,16546
4116,16547
4116,16548
4116,16549
4116,16550
4116,16551
4116,16552
4116,16553
4116,16554
4116,16555
4116,16556
4116,16557
4116,16558
4116,16559
4116,16560
4116,16561
4116,16562
4116,16563
4116,16564
4116,16565
4116,16566
4116,16567
4116,16568
4116,16569
4116,16570
4116,16571
4116,16572
4116,16573
4116,16574
4116,16575
4116,16576
4116,16577
4116,16578
4116,16579
4116,16580
4116,16581
4116,16582
4116,16583
4116,16584
4116,16585
4116,16586
4116,16587
4116,16588
4116,16589
4116,16590
4116,16591
4116,16592
4116,16593
4116,16594
4116,16595
4116,16596
4116,16597
4116,16598
4116,16599
4116,16600
4116,16601
4116,16602
4116,16603
4116,16604
4116,16605
4116,16606
4116,16607
4116,16608
4116,16609
4116,16610
4116,16611
4116,16612
4116,16613
4116,16614
4116,16615
4116,16616
4116,16617
4116,16618
4116,16619
4116,16620
4116,16621
4116,16622
4116,16623
4117,16485
4117,16486
4117,16487
4117,16488
4117,16489
4117,16490
4117,16491
4117,16492
4117,16493
4117,16494
4117,16495
4117,16496
4117,16497
4117,16498
4117,16499
4117,16500
4117,16501
4117,16502
4117,16503
4117,16504
4117,16505
4117,16506
4117,16507
4117,16508
4117,16509
4117,16510
4117,16511
4117,16512
4117,16513
4117,16514
4117,16515
4117,16516
4117,16517
4117,16518
4117,16519
4117,16520
4117,16521
4117,16522
4117,16523
4117,16524
4117,16525
4117,16526
4117,16527
4117,16528
4117,16529
4117,16530
4117,16531
4117,16532
4117,16533
4117,16534
4117,16535
4117,16536
4117,16537
4117,16538
4117,16539
4117,16540
4117,16541
4117,16542
4117,16543
4117,16544
4117,16545
4117,16546
4117,16547
4117,16548
4117,16549
4117,16550
4117,16551
4117,16552
4117,16553
4117,16554
4117,16555
4117,16556
4117,16557
4117,16558
4117,16559
4117,16560
4117,16561
4117,16562
4117,16563
4117,16564
4117,16565
4117,16566
4117,16567
4117,16568
4117,16569
4117,16570
4117,16571
4117,16572
4117,16573
4117,16574
4117,16575
4117,16576
4117,16577
4117,16578
4117,16579
4117,16580
4117,16581
4117,16582
4117,16583
4117,16584
4117,16585
4117,16586
4117,16587
4117,16588
4117,16589
4117,16590
4117,16591
4117,16592
4117,16593
4117,16594
4117,16595
4117,16596
4117,16597
4117,16598
4117,16599
4117,16600
4117,16601
4117,16602
4117,16603
4117,16604
4117,16605
4117,16606
4117,16607
4117,16608
4117,16609
4117,16610
4117,16611
4117,16612
4117,16613
4117,16614
4117,16615
4117,16616
4117,16617
4117,16618
4117,16619
4117,16620
4117,16621
4117,16622
4117,16623
4118,16488
4118,16489
4118,16490
4118,16491
4118,16492
4118,16493
4118,16494
4118,16495
4118,16496
4118,16497
4118,16498
4118,16499
4118,16500
4118,16501
4118,16502
4118,16503
4118,16504
4118,16505
4118,16506
4118,16507
4118,16508
4118,16509
4118,16510
4118,16511
4118,16512
4118,16513
4118,16514
4118,16515
4118,16516
4118,16517
4118,16518
4118,16519
4118,16520
4118,16521
4118,16522
4118,16523
4118,16524
4118,16525
4118,16526
4118,16527
4118,16528
4118,16529
4118,16530
4118,16531
4118,16532
4118,16533
4118,16534
4118,16535
4118,16536
4118,16537
4118,16538
4118,16539
4118,16540
4118,16541
4118,16542
4118,16543
4118,16544
4118,16545
4118,16546
4118,16547
4118,16548
4118,16549
4118,16550
4118,16551
4118,16552
4118,16553
4118,16554
4118,16555
4118,16556
4118,16557
4118,16558
4118,16559
4118,16560
4118,16561
4118,16562
4118,16563
4118,16564
4118,16565
4118,16566
4118,16567
4118,16568
4118,16569
4118,16570
4118,16571
4118,16572
4118,16573
4118,16574
4118,16575
4118,16576
4118,16577
4118,16578
4118,16579
4118,16580
4118,16581
4118,16582
4118,16583
4118,16584
4118,16585
4118,16586
4118,16587
4118,16588
4118,16589
4118,16590
4118,16591
4118,16592
4118,16593
4118,16594
4118,16595
4118,16596
4118,16597
4118,16598
4118,16599
4118,16600
4118,16601
4118,16602
4118,16603
4118,16604
4118,16605
4118,16606
4118,16607
4118,16608
4118,16609
4118,16610
4118,16611
4118,16612
4118,16613
4118,16614
4118,16615
4118,16616
4118,16617
4118,16618
4118,16619
4118,16620
4118,16621
4118,16622
4118,16623
4119,16489
4119,16490
4119,16491
4119,16492
4119,16493
4119,16494
4119,16495
4119,16496
4119,16497
4119,16498
4119,16499
4119,16500
4119,16501
4119,16502
4119,16503
4119,16504
4119,16505
4119,16506
4119,16507
4119,16508
4119,16509
4119,16510
4119,16511
4119,16512
4119,16513
4119,16514
4119,16515
4119,16516
4119,16517
4119,16518
4119,16519
4119,16520
4119,16521
4119,16522
4119,16523
4119,16524
4119,16525
4119,16526
4119,16527
4119,16528
4119,16529
4119,16530
4119,16531
4119,16532
4119,16533
4119,16534
4119,16535
4119,16536
4119,16537
4119,16538
4119,16539
4119,16540
4119,16541
4119,16542
4119,16543
4119,16544
4119,16545
4119,16546
4119,16547
4119,16548
4119,16549
4119,16550
4119,16551
4119,16552
4119,16553
4119,16554
4119,16555
4119,16556
4119,16557
4119,16558
4119,16559
4119,16560
4119,16561
4119,16562
4119,16563
4119,16564
4119,16565
4119,16566
4119,16567
4119,16568
4119,16569
4119,16570
4119,16571
4119,16572
4119,16573
4119,16574
4119,16575
4119,16576
4119,16577
4119,16578
4119,16579
4119,16580
4119,16581
4119,16582
4119,16583
4119,16584
4119,16585
4119,16586
4119,16587
4119,16588
4119,16589
4119,16590
4119,16591
4119,16592
4119,16593
4119,16594
4119,16595
4119,16596
4119,16597
4119,16598
4119,16599
4119,16600
4119,16601
4119,16602
4119,16603
4119,16604
4119,16605
4119,16606
4119,16607
4119,16608
4119,16609
4119,16610
4119,16611
4119,16612
4119,16613
4119,16614
4119,16615
4119,16616
4119,16617
4119,16618
4119,16619
4119,16620
4119,16621
4119,16622
4119,16623
4119,16624
4120,16489
4120,16490
4120,16491
4120,16492
4120,16493
4120,16494
4120,16495
4120,16496
4120,16497
4120,16498
4120,16499
4120,16500
4120,16501
4120,16502
4120,16503
4120,16504
4120,16505
4120,16506
4120,16507
4120,16508
4120,16509
4120,16510
4120,16511
4120,16512
4120,16513
4120,16514
4120,16515
4120,16516
4120,16517
4120,16518
4120,16519
4120,16520
4120,16521
4120,16522
4120,16523
4120,16524
4120,16525
4120,16526
4120,16527
4120,16528
4120,16529
4120,16530
4120,16531
4120,16532
4120,16533
4120,16534
4120,16535
4120,16536
4120,16537
4120,16538
4120,16539
4120,16540
4120,16541
4120,16542
4120,16543
4120,16544
4120,16545
4120,16546
4120,16547
4120,16548
4120,16549
4120,16550
4120,16551
4120,16552
4120,16553
4120,16554
4120,16555
4120,16556
4120,16557
4120,16558
4120,16559
4120,16560
4120,16561
4120,16562
4120,16563
4120,16564
4120,16565
4120,16566
4120,16567
4120,16568
4120,16569
4120,16570
4120,16571
4120,16572
4120,16573
4120,16574
4120,16575
4120,16576
4120,16577
4120,16578
4120,16579
4120,16580
4120,16581
4120,16582
4120,16583
4120,16584
4120,16585
4120,16586
4120,16587
4120,16588
4120,16589
4120,16590
4120,16591
4120,16592
4120,16593
4120,16594
4120,16595
4120,16596
4120,16597
4120,16598
4120,16599
4120,16600
4120,16601
4120,16602
4120,16603
4120,16604
4120,16605
4120,16606
4120,16607
4120,16608
4120,16609
4120,16610
4120,16611
4120,16612
4120,16613
4120,16614
4120,16615
4120,16616
4120,16617
4120,16618
4120,16619
4120,16620
4120,16621
4120,16622
4120,16623
4120,16624
4121,16488
4121,16489
4121,16490
4121,16491
4121,16492
4121,16493
4121,16494
4121,16495
4121,16496
4121,16497
4121,16498
4121,16499
4121,16500
4121,16501
4121,16502
4121,16503
4121,16504
4121,16505
4121,16506
4121,16507
4121,16508
4121,16509
4121,16510
4121,16511
4121,16512
4121,16513
4121,16514
4121,16515
4121,16516
4121,16517
4121,16518
4121,16519
4121,16520
4121,16521
4121,16522
4121,16523
4121,16524
4121,16525
4121,16526
4121,16527
4121,16528
4121,16529
4121,16530
4121,16531
4121,16532
4121,16533
4121,16534
4121,16535
4121,16536
4121,16537
4121,16538
4121,16539
4121,16540
4121,16541
4121,16542
4121,16543
4121,16544
4121,16545
4121,16546
4121,16547
4121,16548
4121,16549
4121,16550
4121,16551
4121,16552
4121,16553
4121,16554
4121,16555
4121,16556
4121,16557
4121,16558
4121,16559
4121,16560
4121,16561
4121,16562
4121,16563
4121,16564
4121,16565
4121,16566
4121,16567
4121,16568
4121,16569
4121,16570
4121,16571
4121,16572
4121,16573
4121,16574
4121,16575
4121,16576
4121,16577
4121,16578
4121,16579
4121,16580
4121,16581
4121,16582
4121,16583
4121,16584
4121,16585
4121,16586
4121,16587
4121,16588
4121,16589
4121,16590
4121,16591
4121,16592
4121,16593
4121,16594
4121,16595
4121,16596
4121,16597
4121,16598
4121,16599
4121,16600
4121,16601
4121,16602
4121,16603
4121,16604
4121,16605
4121,16606
4121,16607
4121,16608
4121,16609
4121,16610
4121,16611
4121,16612
4121,16613
4121,16614
4121,16615
4121,16616
4121,16617
4121,16618
4121,16619
4121,16620
4121,16621
4121,16622
4121,16623
4121,16624
4122,16488
4122,16489
4122,16490
4122,16491
4122,16492
4122,16493
4122,16494
4122,16495
4122,16496
4122,16497
4122,16498
4122,16499
4122,16500
4122,16501
4122,16502
4122,16503
4122,16504
4122,16505
4122,16506
4122,16507
4122,16508
4122,16509
4122,16510
4122,16511
4122,16512
4122,16513
4122,16514
4122,16515
4122,16516
4122,16517
4122,16518
4122,16519
4122,16520
4122,16521
4122,16522
4122,16523
4122,16524
4122,16525
4122,16526
4122,16527
4122,16528
4122,16529
4122,16530
4122,16531
4122,16532
4122,16533
4122,16534
4122,16535
4122,16536
4122,16537
4122,16538
4122,16539
4122,16540
4122,16541
4122,16542
4122,16543
4122,16544
4122,16545
4122,16546
4122,16547
4122,16548
4122,16549
4122,16550
4122,16551
4122,16552
4122,16553
4122,16554
4122,16555
4122,16556
4122,16557
4122,16558
4122,16559
4122,16560
4122,16561
4122,16562
4122,16563
4122,16564
4122,16565
4122,16566
4122,16567
4122,16568
4122,16569
4122,16570
4122,16571
4122,16572
4122,16573
4122,16574
4122,16575
4122,16576
4122,16577
4122,16578
4122,16579
4122,16580
4122,16581
4122,16582
4122,16583
4122,16584
4122,16585
4122,16586
4122,16587
4122,16588
4122,16589
4122,16590
4122,16591
4122,16592
4122,16593
4122,16594
4122,16595
4122,16596
4122,16597
4122,16598
4122,16599
4122,16600
4122,16601
4122,16602
4122,16603
4122,16604
4122,16605
4122,16606
4122,16607
4122,16608
4122,16609
4122,16610
4122,16611
4122,16612
4122,16613
4122,16614
4122,16615
4122,16616
4122,16617
4122,16618
4122,16619
4122,16620
4122,16621
4122,16622
4122,16623
4122,16624
4123,16488
4123,16489
4123,16490
4123,16491
4123,16492
4123,16493
4123,16494
4123,16495
4123,16496
4123,16497
4123,16498
4123,16499
4123,16500
4123,16501
4123,16502
4123,16503
4123,16504
4123,16505
4123,16506
4123,16507
4123,16508
4123,16509
4123,16510
4123,16511
4123,16512
4123,16513
4123,16514
4123,16515
4123,16516
4123,16517
4123,16518
4123,16519
4123,16520
4123,16521
4123,16522
4123,16523
4123,16524
4123,16525
4123,16526
4123,16527
4123,16528
4123,16529
4123,16530
4123,16531
4123,16532
4123,16533
4123,16534
4123,16535
4123,16536
4123,16537
4123,16538
4123,16539
4123,16540
4123,16541
4123,16542
4123,16543
4123,16544
4123,16545
4123,16546
4123,16547
4123,16548
4123,16549
4123,16550
4123,16551
4123,16552
4123,16553
4123,16554
4123,16555
4123,16556
4123,16557
4123,16558
4123,16559
4123,16560
4123,16561
4123,16562
4123,16563
4123,16564
4123,16565
4123,16566
4123,16567
4123,16568
4123,16569
4123,16570
4123,16571
4123,16572
4123,16573
4123,16574
4123,16575
4123,16576
4123,16577
4123,16578
4123,16579
4123,16580
4123,16581
4123,16582
4123,16583
4123,16584
4123,16585
4123,16586
4123,16587
4123,16588
4123,16589
4123,16590
4123,16591
4123,16592
4123,16593
4123,16594
4123,16595
4123,16596
4123,16597
4123,16598
4123,16599
4123,16600
4123,16601
4123,16602
4123,16603
4123,16604
4123,16605
4123,16606
4123,16607
4123,16608
4123,16609
4123,16610
4123,16611
4123,16612
4123,16613
4123,16614
4123,16615
4123,16616
4123,16617
4123,16618
4123,16619
4123,16620
4123,16621
4123,16622
4123,16623
4123,16624
4124,16489
4124,16490
4124,16491
4124,16492
4124,16493
4124,16494
4124,16495
4124,16496
4124,16497
4124,16498
4124,16499
4124,16500
4124,16501
4124,16502
4124,16503
4124,16504
4124,16505
4124,16506
4124,16507
4124,16508
4124,16509
4124,16510
4124,16511
4124,16512
4124,16513
4124,16514
4124,16515
4124,16516
4124,16517
4124,16518
4124,16519
4124,16520
4124,16521
4124,16522
4124,16523
4124,16524
4124,16525
4124,16526
4124,16527
4124,16528
4124,16529
4124,16530
4124,16531
4124,16532
4124,16533
4124,16534
4124,16535
4124,16536
4124,16537
4124,16538
4124,16539
4124,16540
4124,16541
4124,16542
4124,16543
4124,16544
4124,16545
4124,16546
4124,16547
4124,16548
4124,16549
4124,16550
4124,16551
4124,16552
4124,16553
4124,16554
4124,16555
4124,16556
4124,16557
4124,16558
4124,16559
4124,16560
4124,16561
4124,16562
4124,16563
4124,16564
4124,16565
4124,16566
4124,16567
4124,16568
4124,16569
4124,16570
4124,16571
4124,16572
4124,16573
4124,16574
4124,16575
4124,16576
4124,16577
4124,16578
4124,16579
4124,16580
4124,16581
4124,16582
4124,16583
4124,16584
4124,16585
4124,16586
4124,16587
4124,16588
4124,16589
4124,16590
4124,16591
4124,16592
4124,16593
4124,16594
4124,16595
4124,16596
4124,16597
4124,16598
4124,16599
4124,16600
4124,16601
4124,16602
4124,16603
4124,16604
4124,16605
4124,16606
4124,16607
4124,16608
4124,16609
4124,16610
4124,16611
4124,16612
4124,16613
4124,16614
4124,16615
4124,16616
4124,16617
4124,16618
4124,16619
4124,16620
4124,16621
4124,16622
4124,16623
4124,16624
4124,16625
4125,16489
4125,16490
4125,16491
4125,16492
4125,16493
4125,16494
4125,16495
4125,16496
4125,16497
4125,16498
4125,16499
4125,16500
4125,16501
4125,16502
4125,16503
4125,16504
4125,16505
4125,16506
4125,16507
4125,16508
4125,16509
4125,16510
4125,16511
4125,16512
4125,16513
4125,16514
4125,16515
4125,16516
4125,16517
4125,16518
4125,16519
4125,16520
4125,16521
4125,16522
4125,16523
4125,16524
4125,16525
4125,16526
4125,16527
4125,16528
4125,16529
4125,16530
4125,16531
4125,16532
4125,16533
4125,16534
4125,16535
4125,16536
4125,16537
4125,16538
4125,16539
4125,16540
4125,16541
4125,16542
4125,16543
4125,16544
4125,16545
4125,16546
4125,16547
4125,16548
4125,16549
4125,16550
4125,16551
4125,16552
4125,16553
4125,16554
4125,16555
4125,16556
4125,16557
4125,16558
4125,16559
4125,16560
4125,16561
4125,16562
4125,16563
4125,16564
4125,16565
4125,16566
4125,16567
4125,16568
4125,16569
4125,16570
4125,16571
4125,16572
4125,16573
4125,16574
4125,16575
4125,16576
4125,16577
4125,16578
4125,16579
4125,16580
4125,16581
4125,16582
4125,16583
4125,16584
4125,16585
4125,16586
4125,16587
4125,16588
4125,16589
4125,16590
4125,16591
4125,16592
4125,16593
4125,16594
4125,16595
4125,16596
4125,16597
4125,16598
4125,16599
4125,16600
4125,16601
4125,16602
4125,16603
4125,16604
4125,16605
4125,16606
4125,16607
4125,16608
4125,16609
4125,16610
4125,16611
4125,16612
4125,16613
4125,16614
4125,16615
4125,16616
4125,16617
4125,16618
4125,16619
4125,16620
4125,16621
4125,16622
4125,16623
4125,16624
4125,16625
4125,16626
4126,16489
4126,16490
4126,16491
4126,16492
4126,16493
4126,16494
4126,16495
4126,16496
4126,16497
4126,16498
4126,16499
4126,16500
4126,16501
4126,16502
4126,16503
4126,16504
4126,16505
4126,16506
4126,16507
4126,16508
4126,16509
4126,16510
4126,16511
4126,16512
4126,16513
4126,16514
4126,16515
4126,16516
4126,16517
4126,16518
4126,16519
4126,16520
4126,16521
4126,16522
4126,16523
4126,16524
4126,16525
4126,16526
4126,16527
4126,16528
4126,16529
4126,16530
4126,16531
4126,16532
4126,16533
4126,16534
4126,16535
4126,16536
4126,16537
4126,16538
4126,16539
4126,16540
4126,16541
4126,16542
4126,16543
4126,16544
4126,16545
4126,16546
4126,16547
4126,16548
4126,16549
4126,16550
4126,16551
4126,16552
4126,16553
4126,16554
4126,16555
4126,16556
4126,16557
4126,16558
4126,16559
4126,16560
4126,16561
4126,16562
4126,16563
4126,16564
4126,16565
4126,16566
4126,16567
4126,16568
4126,16569
4126,16570
4126,16571
4126,16572
4126,16573
4126,16574
4126,16575
4126,16576
4126,16577
4126,16578
4126,16579
4126,16580
4126,16581
4126,16582
4126,16583
4126,16584
4126,16585
4126,16586
4126,16587
4126,16588
4126,16589
4126,16590
4126,16591
4126,16592
4126,16593
4126,16594
4126,16595
4126,16596
4126,16597
4126,16598
4126,16599
4126,16600
4126,16601
4126,16602
4126,16603
4126,16604
4126,16605
4126,16606
4126,16607
4126,16608
4126,16609
4126,16610
4126,16611
4126,16612
4126,16613
4126,16614
4126,16615
4126,16616
4126,16617
4126,16618
4126,16619
4126,16620
4126,16621
4126,16622
4126,16623
4126,16624
4126,16625
4126,16626
4126,16627
4126,16628
4126,16635
4127,16490
4127,16491
4127,16492
4127,16493
4127,16494
4127,16495
4127,16496
4127,16497
4127,16498
4127,16499
4127,16500
4127,16501
4127,16502
4127,16503
4127,16504
4127,16505
4127,16506
4127,16507
4127,16508
4127,16509
4127,16510
4127,16511
4127,16512
4127,16513
4127,16514
4127,16515
4127,16516
4127,16517
4127,16518
4127,16519
4127,16520
4127,16521
4127,16522
4127,16523
4127,16524
4127,16525
4127,16526
4127,16527
4127,16528
4127,16529
4127,16530
4127,16531
4127,16532
4127,16533
4127,16534
4127,16535
4127,16536
4127,16537
4127,16538
4127,16539
4127,16540
4127,16541
4127,16542
4127,16543
4127,16544
4127,16545
4127,16546
4127,16547
4127,16548
4127,16549
4127,16550
4127,16551
4127,16552
4127,16553
4127,16554
4127,16555
4127,16556
4127,16557
4127,16558
4127,16559
4127,16560
4127,16561
4127,16562
4127,16563
4127,16564
4127,16565
4127,16566
4127,16567
4127,16568
4127,16569
4127,16570
4127,16571
4127,16572
4127,16573
4127,16574
4127,16575
4127,16576
4127,16577
4127,16578
4127,16579
4127,16580
4127,16581
4127,16582
4127,16583
4127,16584
4127,16585
4127,16586
4127,16587
4127,16588
4127,16589
4127,16590
4127,16591
4127,16592
4127,16593
4127,16594
4127,16595
4127,16596
4127,16597
4127,16598
4127,16599
4127,16600
4127,16601
4127,16602
4127,16603
4127,16604
4127,16605
4127,16606
4127,16607
4127,16608
4127,16609
4127,16610
4127,16611
4127,16612
4127,16613
4127,16614
4127,16615
4127,16616
4127,16617
4127,16618
4127,16619
4127,16620
4127,16621
4127,16622
4127,16623
4127,16624
4127,16625
4127,16626
4127,16627
4127,16628
4127,16629
4127,16630
4127,16632
4127,16633
4127,16634
4127,16635
4127,16636
4127,16637
4127,16638
4128,16491
4128,16492
4128,16493
4128,16494
4128,16495
4128,16496
4128,16497
4128,16498
4128,16499
4128,16500
4128,16501
4128,16502
4128,16503
4128,16504
4128,16505
4128,16506
4128,16507
4128,16508
4128,16509
4128,16510
4128,16511
4128,16512
4128,16513
4128,16514
4128,16515
4128,16516
4128,16517
4128,16518
4128,16519
4128,16520
4128,16521
4128,16522
4128,16523
4128,16524
4128,16525
4128,16526
4128,16527
4128,16528
4128,16529
4128,16530
4128,16531
4128,16532
4128,16533
4128,16534
4128,16535
4128,16536
4128,16537
4128,16538
4128,16539
4128,16540
4128,16541
4128,16542
4128,16543
4128,16544
4128,16545
4128,16546
4128,16547
4128,16548
4128,16549
4128,16550
4128,16551
4128,16552
4128,16553
4128,16554
4128,16555
4128,16556
4128,16557
4128,16558
4128,16559
4128,16560
4128,16561
4128,16562
4128,16563
4128,16564
4128,16565
4128,16566
4128,16567
4128,16568
4128,16569
4128,16570
4128,16571
4128,16572
4128,16573
4128,16574
4128,16575
4128,16576
4128,16577
4128,16578
4128,16579
4128,16580
4128,16581
4128,16582
4128,16583
4128,16584
4128,16585
4128,16586
4128,16587
4128,16588
4128,16589
4128,16590
4128,16591
4128,16592
4128,16593
4128,16594
4128,16595
4128,16596
4128,16597
4128,16598
4128,16599
4128,16600
4128,16601
4128,16602
4128,16603
4128,16604
4128,16605
4128,16606
4128,16607
4128,16608
4128,16609
4128,16610
4128,16611
4128,16612
4128,16613
4128,16614
4128,16615
4128,16616
4128,16617
4128,16618
4128,16619
4128,16620
4128,16621
4128,16622
4128,16623
4128,16624
4128,16625
4128,16626
4128,16627
4128,16628
4128,16629
4128,16630
4128,16631
4128,16632
4128,16633
4128,16634
4128,16635
4128,16636
4128,16637
4128,16638
4128,16639
4128,16640
4129,16490
4129,16491
4129,16492
4129,16493
4129,16494
4129,16495
4129,16496
4129,16497
4129,16498
4129,16499
4129,16500
4129,16501
4129,16502
4129,16503
4129,16504
4129,16505
4129,16506
4129,16507
4129,16508
4129,16509
4129,16510
4129,16511
4129,16512
4129,16513
4129,16514
4129,16515
4129,16516
4129,16517
4129,16518
4129,16519
4129,16520
4129,16521
4129,16522
4129,16523
4129,16524
4129,16525
4129,16526
4129,16527
4129,16528
4129,16529
4129,16530
4129,16531
4129,16532
4129,16533
4129,16534
4129,16535
4129,16536
4129,16537
4129,16538
4129,16539
4129,16540
4129,16541
4129,16542
4129,16543
4129,16544
4129,16545
4129,16546
4129,16547
4129,16548
4129,16549
4129,16550
4129,16551
4129,16552
4129,16553
4129,16554
4129,16555
4129,16556
4129,16557
4129,16558
4129,16559
4129,16560
4129,16561
4129,16562
4129,16563
4129,16564
4129,16565
4129,16566
4129,16567
4129,16568
4129,16569
4129,16570
4129,16571
4129,16572
4129,16573
4129,16574
4129,16575
4129,16576
4129,16577
4129,16578
4129,16579
4129,16580
4129,16581
4129,16582
4129,16583
4129,16584
4129,16585
4129,16586
4129,16587
4129,16588
4129,16589
4129,16590
4129,16591
4129,16592
4129,16593
4129,16594
4129,16595
4129,16596
4129,16597
4129,16598
4129,16599
4129,16600
4129,16601
4129,16602
4129,16603
4129,16604
4129,16605
4129,16606
4129,16607
4129,16608
4129,16609
4129,16610
4129,16611
4129,16612
4129,16613
4129,16614
4129,16615
4129,16616
4129,16617
4129,16618
4129,16619
4129,16620
4129,16621
4129,16622
4129,16623
4129,16624
4129,16625
4129,16626
4129,16627
4129,16628
4129,16629
4129,16630
4129,16631
4129,16632
4129,16633
4129,16634
4129,16635
4129,16636
4129,16637
4129,16638
4129,16639
4129,16640
4129,16641
4129,16642
4130,16489
4130,16490
4130,16491
4130,16492
4130,16493
4130,16494
4130,16495
4130,16496
4130,16497
4130,16498
4130,16499
4130,16500
4130,16501
4130,16502
4130,16503
4130,16504
4130,16505
4130,16506
4130,16507
4130,16508
4130,16509
4130,16510
4130,16511
4130,16512
4130,16513
4130,16514
4130,16515
4130,16516
4130,16517
4130,16518
4130,16519
4130,16520
4130,16521
4130,16522
4130,16523
4130,16524
4130,16525
4130,16526
4130,16527
4130,16528
4130,16529
4130,16530
4130,16531
4130,16532
4130,16533
4130,16534
4130,16535
4130,16536
4130,16537
4130,16538
4130,16539
4130,16540
4130,16541
4130,16542
4130,16543
4130,16544
4130,16545
4130,16546
4130,16547
4130,16548
4130,16549
4130,16550
4130,16551
4130,16552
4130,16553
4130,16554
4130,16555
4130,16556
4130,16557
4130,16558
4130,16559
4130,16560
4130,16561
4130,16562
4130,16563
4130,16564
4130,16565
4130,16566
4130,16567
4130,16568
4130,16569
4130,16570
4130,16571
4130,16572
4130,16573
4130,16574
4130,16575
4130,16576
4130,16577
4130,16578
4130,16579
4130,16580
4130,16581
4130,16582
4130,16583
4130,16584
4130,16585
4130,16586
4130,16587
4130,16588
4130,16589
4130,16590
4130,16591
4130,16592
4130,16593
4130,16594
4130,16595
4130,16596
4130,16597
4130,16598
4130,16599
4130,16600
4130,16601
4130,16602
4130,16603
4130,16604
4130,16605
4130,16606
4130,16607
4130,16608
4130,16609
4130,16610
4130,16611
4130,16612
4130,16613
4130,16614
4130,16615
4130,16616
4130,16617
4130,16618
4130,16619
4130,16620
4130,16621
4130,16622
4130,16623
4130,16624
4130,16625
4130,16626
4130,16627
4130,16628
4130,16629
4130,16630
4130,16631
4130,16632
4130,16633
4130,16634
4130,16635
4130,16636
4130,16637
4130,16638
4130,16639
4130,16640
4130,16641
4130,16642
4130,16643
4131,16489
4131,16490
4131,16491
4131,16492
4131,16493
4131,16494
4131,16495
4131,16496
4131,16497
4131,16498
4131,16499
4131,16500
4131,16501
4131,16502
4131,16503
4131,16504
4131,16505
4131,16506
4131,16507
4131,16508
4131,16509
4131,16510
4131,16511
4131,16512
4131,16513
4131,16514
4131,16515
4131,16516
4131,16517
4131,16518
4131,16519
4131,16520
4131,16521
4131,16522
4131,16523
4131,16524
4131,16525
4131,16526
4131,16527
4131,16528
4131,16529
4131,16530
4131,16531
4131,16532
4131,16533
4131,16534
4131,16535
4131,16536
4131,16537
4131,16538
4131,16539
4131,16540
4131,16541
4131,16542
4131,16543
4131,16544
4131,16545
4131,16546
4131,16547
4131,16548
4131,16549
4131,16550
4131,16551
4131,16552
4131,16553
4131,16554
4131,16555
4131,16556
4131,16557
4131,16558
4131,16559
4131,16560
4131,16561
4131,16562
4131,16563
4131,16564
4131,16565
4131,16566
4131,16567
4131,16568
4131,16569
4131,16570
4131,16571
4131,16572
4131,16573
4131,16574
4131,16575
4131,16576
4131,16577
4131,16578
4131,16579
4131,16580
4131,16581
4131,16582
4131,16583
4131,16584
4131,16585
4131,16586
4131,16587
4131,16588
4131,16589
4131,16590
4131,16591
4131,16592
4131,16593
4131,16594
4131,16595
4131,16596
4131,16597
4131,16598
4131,16599
4131,16600
4131,16601
4131,16602
4131,16603
4131,16604
4131,16605
4131,16606
4131,16607
4131,16608
4131,16609
4131,16610
4131,16611
4131,16612
4131,16613
4131,16614
4131,16615
4131,16616
4131,16617
4131,16618
4131,16619
4131,16620
4131,16621
4131,16622
4131,16623
4131,16624
4131,16625
4131,16626
4131,16627
4131,16628
4131,16629
4131,16630
4131,16631
4131,16632
4131,16633
4131,16634
4131,16635
4131,16636
4131,16637
4131,16638
4131,16639
4131,16640
4131,16641
4131,16642
4131,16643
4131,16644
4132,16486
4132,16487
4132,16488
4132,16489
4132,16490
4132,16491
4132,16492
4132,16493
4132,16494
4132,16495
4132,16496
4132,16497
4132,16498
4132,16499
4132,16500
4132,16501
4132,16502
4132,16503
4132,16504
4132,16505
4132,16506
4132,16507
4132,16508
4132,16509
4132,16510
4132,16511
4132,16512
4132,16513
4132,16514
4132,16515
4132,16516
4132,16517
4132,16518
4132,16519
4132,16520
4132,16521
4132,16522
4132,16523
4132,16524
4132,16525
4132,16526
4132,16527
4132,16528
4132,16529
4132,16530
4132,16531
4132,16532
4132,16533
4132,16534
4132,16535
4132,16536
4132,16537
4132,16538
4132,16539
4132,16540
4132,16541
4132,16542
4132,16543
4132,16544
4132,16545
4132,16546
4132,16547
4132,16548
4132,16549
4132,16550
4132,16551
4132,16552
4132,16553
4132,16554
4132,16555
4132,16556
4132,16557
4132,16558
4132,16559
4132,16560
4132,16561
4132,16562
4132,16563
4132,16564
4132,16565
4132,16566
4132,16567
4132,16568
4132,16569
4132,16570
4132,16571
4132,16572
4132,16573
4132,16574
4132,16575
4132,16576
4132,16577
4132,16578
4132,16579
4132,16580
4132,16581
4132,16582
4132,16583
4132,16584
4132,16585
4132,16586
4132,16587
4132,16588
4132,16589
4132,16590
4132,16591
4132,16592
4132,16593
4132,16594
4132,16595
4132,16596
4132,16597
4132,16598
4132,16599
4132,16600
4132,16601
4132,16602
4132,16603
4132,16604
4132,16605
4132,16606
4132,16607
4132,16608
4132,16609
4132,16610
4132,16611
4132,16612
4132,16613
4132,16614
4132,16615
4132,16616
4132,16617
4132,16618
4132,16619
4132,16620
4132,16621
4132,16622
4132,16623
4132,16624
4132,16625
4132,16626
4132,16627
4132,16628
4132,16629
4132,16630
4132,16631
4132,16632
4132,16633
4132,16634
4132,16635
4132,16636
4132,16637
4132,16638
4132,16639
4132,16640
4132,16641
4132,16642
4132,16643
4132,16644
4133,16484
4133,16485
4133,16486
4133,16487
4133,16488
4133,16489
4133,16490
4133,16491
4133,16492
4133,16493
4133,16494
4133,16495
4133,16496
4133,16497
4133,16498
4133,16499
4133,16500
4133,16501
4133,16502
4133,16503
4133,16504
4133,16505
4133,16506
4133,16507
4133,16508
4133,16509
4133,16510
4133,16511
4133,16512
4133,16513
4133,16514
4133,16515
4133,16516
4133,16517
4133,16518
4133,16519
4133,16520
4133,16521
4133,16522
4133,16523
4133,16524
4133,16525
4133,16526
4133,16527
4133,16528
4133,16529
4133,16530
4133,16531
4133,16532
4133,16533
4133,16534
4133,16535
4133,16536
4133,16537
4133,16538
4133,16539
4133,16540
4133,16541
4133,16542
4133,16543
4133,16544
4133,16545
4133,16546
4133,16547
4133,16548
4133,16549
4133,16550
4133,16551
4133,16552
4133,16553
4133,16554
4133,16555
4133,16556
4133,16557
4133,16558
4133,16559
4133,16560
4133,16561
4133,16562
4133,16563
4133,16564
4133,16565
4133,16566
4133,16567
4133,16568
4133,16569
4133,16570
4133,16571
4133,16572
4133,16573
4133,16574
4133,16575
4133,16576
4133,16577
4133,16578
4133,16579
4133,16580
4133,16581
4133,16582
4133,16583
4133,16584
4133,16585
4133,16586
4133,16587
4133,16588
4133,16589
4133,16590
4133,16591
4133,16592
4133,16593
4133,16594
4133,16595
4133,16596
4133,16597
4133,16598
4133,16599
4133,16600
4133,16601
4133,16602
4133,16603
4133,16604
4133,16605
4133,16606
4133,16607
4133,16608
4133,16609
4133,16610
4133,16611
4133,16612
4133,16613
4133,16614
4133,16615
4133,16616
4133,16617
4133,16618
4133,16619
4133,16620
4133,16621
4133,16622
4133,16623
4133,16624
4133,16625
4133,16626
4133,16627
4133,16628
4133,16629
4133,16630
4133,16631
4133,16632
4133,16633
4133,16634
4133,16635
4133,16636
4133,16637
4133,16638
4133,16639
4133,16640
4133,16641
4133,16642
4133,16643
4133,16644
4133,16645
4134,16483
4134,16484
4134,16485
4134,16486
4134,16487
4134,16488
4134,16489
4134,16490
4134,16491
4134,16492
4134,16493
4134,16494
4134,16495
4134,16496
4134,16497
4134,16498
4134,16499
4134,16500
4134,16501
4134,16502
4134,16503
4134,16504
4134,16505
4134,16506
4134,16507
4134,16508
4134,16509
4134,16510
4134,16511
4134,16512
4134,16513
4134,16514
4134,16515
4134,16516
4134,16517
4134,16518
4134,16519
4134,16520
4134,16521
4134,16522
4134,16523
4134,16524
4134,16525
4134,16526
4134,16527
4134,16528
4134,16529
4134,16530
4134,16531
4134,16532
4134,16533
4134,16534
4134,16535
4134,16536
4134,16537
4134,16538
4134,16539
4134,16540
4134,16541
4134,16542
4134,16543
4134,16544
4134,16545
4134,16546
4134,16547
4134,16548
4134,16549
4134,16550
4134,16551
4134,16552
4134,16553
4134,16554
4134,16555
4134,16556
4134,16557
4134,16558
4134,16559
4134,16560
4134,16561
4134,16562
4134,16563
4134,16564
4134,16565
4134,16566
4134,16567
4134,16568
4134,16569
4134,16570
4134,16571
4134,16572
4134,16573
4134,16574
4134,16575
4134,16576
4134,16577
4134,16578
4134,16579
4134,16580
4134,16581
4134,16582
4134,16583
4134,16584
4134,16585
4134,16586
4134,16587
4134,16588
4134,16589
4134,16590
4134,16591
4134,16592
4134,16593
4134,16594
4134,16595
4134,16596
4134,16597
4134,16598
4134,16599
4134,16600
4134,16601
4134,16602
4134,16603
4134,16604
4134,16605
4134,16606
4134,16607
4134,16608
4134,16609
4134,16610
4134,16611
4134,16612
4134,16613
4134,16614
4134,16615
4134,16616
4134,16617
4134,16618
4134,16619
4134,16620
4134,16621
4134,16622
4134,16623
4134,16624
4134,16625
4134,16626
4134,16627
4134,16628
4134,16629
4134,16630
4134,16631
4134,16632
4134,16633
4134,16634
4134,16635
4134,16636
4134,16637
4134,16638
4134,16639
4134,16640
4134,16641
4134,16642
4134,16643
4134,16644
4134,16645
4135,16482
4135,16483
4135,16484
4135,16485
4135,16486
4135,16487
4135,16488
4135,16489
4135,16490
4135,16491
4135,16492
4135,16493
4135,16494
4135,16495
4135,16496
4135,16497
4135,16498
4135,16499
4135,16500
4135,16501
4135,16502
4135,16503
4135,16504
4135,16505
4135,16506
4135,16507
4135,16508
4135,16509
4135,16510
4135,16511
4135,16512
4135,16513
4135,16514
4135,16515
4135,16516
4135,16517
4135,16518
4135,16519
4135,16520
4135,16521
4135,16522
4135,16523
4135,16524
4135,16525
4135,16526
4135,16527
4135,16528
4135,16529
4135,16530
4135,16531
4135,16532
4135,16533
4135,16534
4135,16535
4135,16536
4135,16537
4135,16538
4135,16539
4135,16540
4135,16541
4135,16542
4135,16543
4135,16544
4135,16545
4135,16546
4135,16547
4135,16548
4135,16549
4135,16550
4135,16551
4135,16552
4135,16553
4135,16554
4135,16555
4135,16556
4135,16557
4135,16558
4135,16559
4135,16560
4135,16561
4135,16562
4135,16563
4135,16564
4135,16565
4135,16566
4135,16567
4135,16568
4135,16569
4135,16570
4135,16571
4135,16572
4135,16573
4135,16574
4135,16575
4135,16576
4135,16577
4135,16578
4135,16579
4135,16580
4135,16581
4135,16582
4135,16583
4135,16584
4135,16585
4135,16586
4135,16587
4135,16588
4135,16589
4135,16590
4135,16591
4135,16592
4135,16593
4135,16594
4135,16595
4135,16596
4135,16597
4135,16598
4135,16599
4135,16600
4135,16601
4135,16602
4135,16603
4135,16604
4135,16605
4135,16606
4135,16607
4135,16608
4135,16609
4135,16610
4135,16611
4135,16612
4135,16613
4135,16614
4135,16615
4135,16616
4135,16617
4135,16618
4135,16619
4135,16620
4135,16621
4135,16622
4135,16623
4135,16624
4135,16625
4135,16626
4135,16627
4135,16628
4135,16629
4135,16630
4135,16631
4135,16632
4135,16633
4135,16634
4135,16635
4135,16636
4135,16637
4135,16638
4135,16639
4135,16640
4135,16641
4135,16642
4135,16643
4135,16644
4135,16645
4136,16481
4136,16482
4136,16483
4136,16484
4136,16485
4136,16486
4136,16487
4136,16488
4136,16489
4136,16490
4136,16491
4136,16492
4136,16493
4136,16494
4136,16495
4136,16496
4136,16497
4136,16498
4136,16499
4136,16500
4136,16501
4136,16502
4136,16503
4136,16504
4136,16505
4136,16506
4136,16507
4136,16508
4136,16509
4136,16510
4136,16511
4136,16512
4136,16513
4136,16514
4136,16515
4136,16516
4136,16517
4136,16518
4136,16519
4136,16520
4136,16521
4136,16522
4136,16523
4136,16524
4136,16525
4136,16526
4136,16527
4136,16528
4136,16529
4136,16530
4136,16531
4136,16532
4136,16533
4136,16534
4136,16535
4136,16536
4136,16537
4136,16538
4136,16539
4136,16540
4136,16541
4136,16542
4136,16543
4136,16544
4136,16545
4136,16546
4136,16547
4136,16548
4136,16549
4136,16550
4136,16551
4136,16552
4136,16553
4136,16554
4136,16555
4136,16556
4136,16557
4136,16558
4136,16559
4136,16560
4136,16561
4136,16562
4136,16563
4136,16564
4136,16565
4136,16566
4136,16567
4136,16568
4136,16569
4136,16570
4136,16571
4136,16572
4136,16573
4136,16574
4136,16575
4136,16576
4136,16577
4136,16578
4136,16579
4136,16580
4136,16581
4136,16582
4136,16583
4136,16584
4136,16585
4136,16586
4136,16587
4136,16588
4136,16589
4136,16590
4136,16591
4136,16592
4136,16593
4136,16594
4136,16595
4136,16596
4136,16597
4136,16598
4136,16599
4136,16600
4136,16601
4136,16602
4136,16603
4136,16604
4136,16605
4136,16606
4136,16607
4136,16608
4136,16609
4136,16610
4136,16611
4136,16612
4136,16613
4136,16614
4136,16615
4136,16616
4136,16617
4136,16618
4136,16619
4136,16620
4136,16621
4136,16622
4136,16623
4136,16624
4136,16625
4136,16626
4136,16627
4136,16628
4136,16629
4136,16630
4136,16631
4136,16632
4136,16633
4136,16634
4136,16635
4136,16636
4136,16637
4136,16638
4136,16639
4136,16640
4136,16641
4136,16642
4136,16643
4136,16644
4136,16645
4136,16646
4137,16480
4137,16481
4137,16482
4137,16483
4137,16484
4137,16485
4137,16486
4137,16487
4137,16488
4137,16489
4137,16490
4137,16491
4137,16492
4137,16493
4137,16494
4137,16495
4137,16496
4137,16497
4137,16498
4137,16499
4137,16500
4137,16501
4137,16502
4137,16503
4137,16504
4137,16505
4137,16506
4137,16507
4137,16508
4137,16509
4137,16510
4137,16511
4137,16512
4137,16513
4137,16514
4137,16515
4137,16516
4137,16517
4137,16518
4137,16519
4137,16520
4137,16521
4137,16522
4137,16523
4137,16524
4137,16525
4137,16526
4137,16527
4137,16528
4137,16529
4137,16530
4137,16531
4137,16532
4137,16533
4137,16534
4137,16535
4137,16536
4137,16537
4137,16538
4137,16539
4137,16540
4137,16541
4137,16542
4137,16543
4137,16544
4137,16545
4137,16546
4137,16547
4137,16548
4137,16549
4137,16550
4137,16551
4137,16552
4137,16553
4137,16554
4137,16555
4137,16556
4137,16557
4137,16558
4137,16559
4137,16560
4137,16561
4137,16562
4137,16563
4137,16564
4137,16565
4137,16566
4137,16567
4137,16568
4137,16569
4137,16570
4137,16571
4137,16572
4137,16573
4137,16574
4137,16575
4137,16576
4137,16577
4137,16578
4137,16579
4137,16580
4137,16581
4137,16582
4137,16583
4137,16584
4137,16585
4137,16586
4137,16587
4137,16588
4137,16589
4137,16590
4137,16591
4137,16592
4137,16593
4137,16594
4137,16595
4137,16596
4137,16597
4137,16598
4137,16599
4137,16600
4137,16601
4137,16602
4137,16603
4137,16604
4137,16605
4137,16606
4137,16607
4137,16608
4137,16609
4137,16610
4137,16611
4137,16612
4137,16613
4137,16614
4137,16615
4137,16616
4137,16617
4137,16618
4137,16619
4137,16620
4137,16621
4137,16622
4137,16623
4137,16624
4137,16625
4137,16626
4137,16627
4137,16628
4137,16629
4137,16630
4137,16631
4137,16632
4137,16633
4137,16634
4137,16635
4137,16636
4137,16637
4137,16638
4137,16639
4137,16640
4137,16641
4137,16642
4137,16643
4137,16644
4137,16645
4138,16480
4138,16481
4138,16482
4138,16483
4138,16484
4138,16485
4138,16486
4138,16487
4138,16488
4138,16489
4138,16490
4138,16491
4138,16492
4138,16493
4138,16494
4138,16495
4138,16496
4138,16497
4138,16498
4138,16499
4138,16500
4138,16501
4138,16502
4138,16503
4138,16504
4138,16505
4138,16506
4138,16507
4138,16508
4138,16509
4138,16510
4138,16511
4138,16512
4138,16513
4138,16514
4138,16515
4138,16516
4138,16517
4138,16518
4138,16519
4138,16520
4138,16521
4138,16522
4138,16523
4138,16524
4138,16525
4138,16526
4138,16527
4138,16528
4138,16529
4138,16530
4138,16531
4138,16532
4138,16533
4138,16534
4138,16535
4138,16536
4138,16537
4138,16538
4138,16539
4138,16540
4138,16541
4138,16542
4138,16543
4138,16544
4138,16545
4138,16546
4138,16547
4138,16548
4138,16549
4138,16550
4138,16551
4138,16552
4138,16553
4138,16554
4138,16555
4138,16556
4138,16557
4138,16558
4138,16559
4138,16560
4138,16561
4138,16562
4138,16563
4138,16564
4138,16565
4138,16566
4138,16567
4138,16568
4138,16569
4138,16570
4138,16571
4138,16572
4138,16573
4138,16574
4138,16575
4138,16576
4138,16577
4138,16578
4138,16579
4138,16580
4138,16581
4138,16582
4138,16583
4138,16584
4138,16585
4138,16586
4138,16587
4138,16588
4138,16589
4138,16590
4138,16591
4138,16592
4138,16593
4138,16594
4138,16595
4138,16596
4138,16597
4138,16598
4138,16599
4138,16600
4138,16601
4138,16602
4138,16603
4138,16604
4138,16605
4138,16606
4138,16607
4138,16608
4138,16609
4138,16610
4138,16611
4138,16612
4138,16613
4138,16614
4138,16615
4138,16616
4138,16617
4138,16618
4138,16619
4138,16620
4138,16621
4138,16622
4138,16623
4138,16624
4138,16625
4138,16626
4138,16627
4138,16628
4138,16629
4138,16630
4138,16631
4138,16632
4138,16633
4138,16634
4138,16635
4138,16636
4138,16637
4138,16638
4138,16639
4138,16640
4138,16641
4138,16642
4138,16643
4138,16644
4138,16645
4139,16480
4139,16481
4139,16482
4139,16483
4139,16484
4139,16485
4139,16486
4139,16487
4139,16488
4139,16489
4139,16490
4139,16491
4139,16492
4139,16493
4139,16494
4139,16495
4139,16496
4139,16497
4139,16498
4139,16499
4139,16500
4139,16501
4139,16502
4139,16503
4139,16504
4139,16505
4139,16506
4139,16507
4139,16508
4139,16509
4139,16510
4139,16511
4139,16512
4139,16513
4139,16514
4139,16515
4139,16516
4139,16517
4139,16518
4139,16519
4139,16520
4139,16521
4139,16522
4139,16523
4139,16524
4139,16525
4139,16526
4139,16527
4139,16528
4139,16529
4139,16530
4139,16531
4139,16532
4139,16533
4139,16534
4139,16535
4139,16536
4139,16537
4139,16538
4139,16539
4139,16540
4139,16541
4139,16542
4139,16543
4139,16544
4139,16545
4139,16546
4139,16547
4139,16548
4139,16549
4139,16550
4139,16551
4139,16552
4139,16553
4139,16554
4139,16555
4139,16556
4139,16557
4139,16558
4139,16559
4139,16560
4139,16561
4139,16562
4139,16563
4139,16564
4139,16565
4139,16566
4139,16567
4139,16568
4139,16569
4139,16570
4139,16571
4139,16572
4139,16573
4139,16574
4139,16575
4139,16576
4139,16577
4139,16578
4139,16579
4139,16580
4139,16581
4139,16582
4139,16583
4139,16584
4139,16585
4139,16586
4139,16587
4139,16588
4139,16589
4139,16590
4139,16591
4139,16592
4139,16593
4139,16594
4139,16595
4139,16596
4139,16597
4139,16598
4139,16599
4139,16600
4139,16601
4139,16602
4139,16603
4139,16604
4139,16605
4139,16606
4139,16607
4139,16608
4139,16609
4139,16610
4139,16611
4139,16612
4139,16613
4139,16614
4139,16615
4139,16616
4139,16617
4139,16618
4139,16619
4139,16620
4139,16621
4139,16622
4139,16623
4139,16624
4139,16625
4139,16626
4139,16627
4139,16628
4139,16629
4139,16630
4139,16631
4139,16632
4139,16633
4139,16634
4139,16635
4139,16636
4139,16637
4139,16638
4139,16639
4139,16640
4139,16641
4139,16642
4139,16643
4139,16644
4139,16645
4140,16479
4140,16480
4140,16481
4140,16482
4140,16483
4140,16484
4140,16485
4140,16486
4140,16487
4140,16488
4140,16489
4140,16490
4140,16491
4140,16492
4140,16493
4140,16494
4140,16495
4140,16496
4140,16497
4140,16498
4140,16499
4140,16500
4140,16501
4140,16502
4140,16503
4140,16504
4140,16505
4140,16506
4140,16507
4140,16508
4140,16509
4140,16510
4140,16511
4140,16512
4140,16513
4140,16514
4140,16515
4140,16516
4140,16517
4140,16518
4140,16519
4140,16520
4140,16521
4140,16522
4140,16523
4140,16524
4140,16525
4140,16526
4140,16527
4140,16528
4140,16529
4140,16530
4140,16531
4140,16532
4140,16533
4140,16534
4140,16535
4140,16536
4140,16537
4140,16538
4140,16539
4140,16540
4140,16541
4140,16542
4140,16543
4140,16544
4140,16545
4140,16546
4140,16547
4140,16548
4140,16549
4140,16550
4140,16551
4140,16552
4140,16553
4140,16554
4140,16555
4140,16556
4140,16557
4140,16558
4140,16559
4140,16560
4140,16561
4140,16562
4140,16563
4140,16564
4140,16565
4140,16566
4140,16567
4140,16568
4140,16569
4140,16570
4140,16571
4140,16572
4140,16573
4140,16574
4140,16575
4140,16576
4140,16577
4140,16578
4140,16579
4140,16580
4140,16581
4140,16582
4140,16583
4140,16584
4140,16585
4140,16586
4140,16587
4140,16588
4140,16589
4140,16590
4140,16591
4140,16592
4140,16593
4140,16594
4140,16595
4140,16596
4140,16597
4140,16598
4140,16599
4140,16600
4140,16601
4140,16602
4140,16603
4140,16604
4140,16605
4140,16606
4140,16607
4140,16608
4140,16609
4140,16610
4140,16611
4140,16612
4140,16613
4140,16614
4140,16615
4140,16616
4140,16617
4140,16618
4140,16619
4140,16620
4140,16621
4140,16622
4140,16623
4140,16624
4140,16625
4140,16626
4140,16627
4140,16628
4140,16629
4140,16630
4140,16631
4140,16632
4140,16633
4140,16634
4140,16635
4140,16636
4140,16637
4140,16638
4140,16639
4140,16640
4140,16641
4140,16642
4140,16643
4140,16644
4141,16479
4141,16480
4141,16481
4141,16482
4141,16483
4141,16484
4141,16485
4141,16486
4141,16487
4141,16488
4141,16489
4141,16490
4141,16491
4141,16492
4141,16493
4141,16494
4141,16495
4141,16496
4141,16497
4141,16498
4141,16499
4141,16500
4141,16501
4141,16502
4141,16503
4141,16504
4141,16505
4141,16506
4141,16507
4141,16508
4141,16509
4141,16510
4141,16511
4141,16512
4141,16513
4141,16514
4141,16515
4141,16516
4141,16517
4141,16518
4141,16519
4141,16520
4141,16521
4141,16522
4141,16523
4141,16524
4141,16525
4141,16526
4141,16527
4141,16528
4141,16529
4141,16530
4141,16531
4141,16532
4141,16533
4141,16534
4141,16535
4141,16536
4141,16537
4141,16538
4141,16539
4141,16540
4141,16541
4141,16542
4141,16543
4141,16544
4141,16545
4141,16546
4141,16547
4141,16548
4141,16549
4141,16550
4141,16551
4141,16552
4141,16553
4141,16554
4141,16555
4141,16556
4141,16557
4141,16558
4141,16559
4141,16560
4141,16561
4141,16562
4141,16563
4141,16564
4141,16565
4141,16566
4141,16567
4141,16568
4141,16569
4141,16570
4141,16571
4141,16572
4141,16573
4141,16574
4141,16575
4141,16576
4141,16577
4141,16578
4141,16579
4141,16580
4141,16581
4141,16582
4141,16583
4141,16584
4141,16585
4141,16586
4141,16587
4141,16588
4141,16589
4141,16590
4141,16591
4141,16592
4141,16593
4141,16594
4141,16595
4141,16596
4141,16597
4141,16598
4141,16599
4141,16600
4141,16601
4141,16602
4141,16603
4141,16604
4141,16605
4141,16606
4141,16607
4141,16608
4141,16609
4141,16610
4141,16611
4141,16612
4141,16613
4141,16614
4141,16615
4141,16616
4141,16617
4141,16618
4141,16619
4141,16620
4141,16621
4141,16622
4141,16623
4141,16624
4141,16625
4141,16626
4141,16627
4141,16628
4141,16629
4141,16630
4141,16631
4141,16632
4141,16633
4141,16634
4141,16635
4141,16636
4141,16637
4141,16638
4141,16639
4141,16640
4141,16641
4141,16642
4141,16643
4141,16644
4141,16645
4141,16646
4142,16479
4142,16480
4142,16481
4142,16482
4142,16483
4142,16484
4142,16485
4142,16486
4142,16487
4142,16488
4142,16489
4142,16490
4142,16491
4142,16492
4142,16493
4142,16494
4142,16495
4142,16496
4142,16497
4142,16498
4142,16499
4142,16500
4142,16501
4142,16502
4142,16503
4142,16504
4142,16505
4142,16506
4142,16507
4142,16508
4142,16509
4142,16510
4142,16511
4142,16512
4142,16513
4142,16514
4142,16515
4142,16516
4142,16517
4142,16518
4142,16519
4142,16520
4142,16521
4142,16522
4142,16523
4142,16524
4142,16525
4142,16526
4142,16527
4142,16528
4142,16529
4142,16530
4142,16531
4142,16532
4142,16533
4142,16534
4142,16535
4142,16536
4142,16537
4142,16538
4142,16539
4142,16540
4142,16541
4142,16542
4142,16543
4142,16544
4142,16545
4142,16546
4142,16547
4142,16548
4142,16549
4142,16550
4142,16551
4142,16552
4142,16553
4142,16554
4142,16555
4142,16556
4142,16557
4142,16558
4142,16559
4142,16560
4142,16561
4142,16562
4142,16563
4142,16564
4142,16565
4142,16566
4142,16567
4142,16568
4142,16569
4142,16570
4142,16571
4142,16572
4142,16573
4142,16574
4142,16575
4142,16576
4142,16577
4142,16578
4142,16579
4142,16580
4142,16581
4142,16582
4142,16583
4142,16584
4142,16585
4142,16586
4142,16587
4142,16588
4142,16589
4142,16590
4142,16591
4142,16592
4142,16593
4142,16594
4142,16595
4142,16596
4142,16597
4142,16598
4142,16599
4142,16600
4142,16601
4142,16602
4142,16603
4142,16604
4142,16605
4142,16606
4142,16607
4142,16608
4142,16609
4142,16610
4142,16611
4142,16612
4142,16613
4142,16614
4142,16615
4142,16616
4142,16617
4142,16618
4142,16619
4142,16620
4142,16621
4142,16622
4142,16623
4142,16624
4142,16625
4142,16626
4142,16627
4142,16628
4142,16629
4142,16630
4142,16631
4142,16632
4142,16633
4142,16634
4142,16635
4142,16636
4142,16637
4142,16638
4142,16639
4142,16640
4142,16641
4142,16642
4142,16643
4142,16644
4142,16645
4142,16646
4142,16647
4143,16480
4143,16481
4143,16482
4143,16483
4143,16484
4143,16485
4143,16486
4143,16487
4143,16488
4143,16489
4143,16490
4143,16491
4143,16492
4143,16493
4143,16494
4143,16495
4143,16496
4143,16497
4143,16498
4143,16499
4143,16500
4143,16501
4143,16502
4143,16503
4143,16504
4143,16505
4143,16506
4143,16507
4143,16508
4143,16509
4143,16510
4143,16511
4143,16512
4143,16513
4143,16514
4143,16515
4143,16516
4143,16517
4143,16518
4143,16519
4143,16520
4143,16521
4143,16522
4143,16523
4143,16524
4143,16525
4143,16526
4143,16527
4143,16528
4143,16529
4143,16530
4143,16531
4143,16532
4143,16533
4143,16534
4143,16535
4143,16536
4143,16537
4143,16538
4143,16539
4143,16540
4143,16541
4143,16542
4143,16543
4143,16544
4143,16545
4143,16546
4143,16547
4143,16548
4143,16549
4143,16550
4143,16551
4143,16552
4143,16553
4143,16554
4143,16555
4143,16556
4143,16557
4143,16558
4143,16559
4143,16560
4143,16561
4143,16562
4143,16563
4143,16564
4143,16565
4143,16566
4143,16567
4143,16568
4143,16569
4143,16570
4143,16571
4143,16572
4143,16573
4143,16574
4143,16575
4143,16576
4143,16577
4143,16578
4143,16579
4143,16580
4143,16581
4143,16582
4143,16583
4143,16584
4143,16585
4143,16586
4143,16587
4143,16588
4143,16589
4143,16590
4143,16591
4143,16592
4143,16593
4143,16594
4143,16595
4143,16596
4143,16597
4143,16598
4143,16599
4143,16600
4143,16601
4143,16602
4143,16603
4143,16604
4143,16605
4143,16606
4143,16607
4143,16608
4143,16609
4143,16610
4143,16611
4143,16612
4143,16613
4143,16614
4143,16615
4143,16616
4143,16617
4143,16618
4143,16619
4143,16620
4143,16621
4143,16622
4143,16623
4143,16624
4143,16625
4143,16626
4143,16627
4143,16628
4143,16629
4143,16630
4143,16631
4143,16632
4143,16633
4143,16634
4143,16635
4143,16636
4143,16637
4143,16638
4143,16639
4143,16640
4143,16641
4143,16642
4143,16643
4143,16644
4143,16645
4143,16646
4143,16647
4143,16648
4144,16480
4144,16481
4144,16482
4144,16483
4144,16484
4144,16485
4144,16486
4144,16487
4144,16488
4144,16489
4144,16490
4144,16491
4144,16492
4144,16493
4144,16494
4144,16495
4144,16496
4144,16497
4144,16498
4144,16499
4144,16500
4144,16501
4144,16502
4144,16503
4144,16504
4144,16505
4144,16506
4144,16507
4144,16508
4144,16509
4144,16510
4144,16511
4144,16512
4144,16513
4144,16514
4144,16515
4144,16516
4144,16517
4144,16518
4144,16519
4144,16520
4144,16521
4144,16522
4144,16523
4144,16524
4144,16525
4144,16526
4144,16527
4144,16528
4144,16529
4144,16530
4144,16531
4144,16532
4144,16533
4144,16534
4144,16535
4144,16536
4144,16537
4144,16538
4144,16539
4144,16540
4144,16541
4144,16542
4144,16543
4144,16544
4144,16545
4144,16546
4144,16547
4144,16548
4144,16549
4144,16550
4144,16551
4144,16552
4144,16553
4144,16554
4144,16555
4144,16556
4144,16557
4144,16558
4144,16559
4144,16560
4144,16561
4144,16562
4144,16563
4144,16564
4144,16565
4144,16566
4144,16567
4144,16568
4144,16569
4144,16570
4144,16571
4144,16572
4144,16573
4144,16574
4144,16575
4144,16576
4144,16577
4144,16578
4144,16579
4144,16580
4144,16581
4144,16582
4144,16583
4144,16584
4144,16585
4144,16586
4144,16587
4144,16588
4144,16589
4144,16590
4144,16591
4144,16592
4144,16593
4144,16594
4144,16595
4144,16596
4144,16597
4144,16598
4144,16599
4144,16600
4144,16601
4144,16602
4144,16603
4144,16604
4144,16605
4144,16606
4144,16607
4144,16608
4144,16609
4144,16610
4144,16611
4144,16612
4144,16613
4144,16614
4144,16615
4144,16616
4144,16617
4144,16618
4144,16619
4144,16620
4144,16621
4144,16622
4144,16623
4144,16624
4144,16625
4144,16626
4144,16627
4144,16628
4144,16629
4144,16630
4144,16631
4144,16632
4144,16633
4144,16634
4144,16635
4144,16636
4144,16637
4144,16638
4144,16639
4144,16640
4144,16641
4144,16642
4144,16643
4144,16644
4144,16645
4144,16646
4144,16647
4144,16648
4145,16480
4145,16481
4145,16482
4145,16483
4145,16484
4145,16485
4145,16486
4145,16487
4145,16488
4145,16489
4145,16490
4145,16491
4145,16492
4145,16493
4145,16494
4145,16495
4145,16496
4145,16497
4145,16498
4145,16499
4145,16500
4145,16501
4145,16502
4145,16503
4145,16504
4145,16505
4145,16506
4145,16507
4145,16508
4145,16509
4145,16510
4145,16511
4145,16512
4145,16513
4145,16514
4145,16515
4145,16516
4145,16517
4145,16518
4145,16519
4145,16520
4145,16521
4145,16522
4145,16523
4145,16524
4145,16525
4145,16526
4145,16527
4145,16528
4145,16529
4145,16530
4145,16531
4145,16532
4145,16533
4145,16534
4145,16535
4145,16536
4145,16537
4145,16538
4145,16539
4145,16540
4145,16541
4145,16542
4145,16543
4145,16544
4145,16545
4145,16546
4145,16547
4145,16548
4145,16549
4145,16550
4145,16551
4145,16552
4145,16553
4145,16554
4145,16555
4145,16556
4145,16557
4145,16558
4145,16559
4145,16560
4145,16561
4145,16562
4145,16563
4145,16564
4145,16565
4145,16566
4145,16567
4145,16568
4145,16569
4145,16570
4145,16571
4145,16572
4145,16573
4145,16574
4145,16575
4145,16576
4145,16577
4145,16578
4145,16579
4145,16580
4145,16581
4145,16582
4145,16583
4145,16584
4145,16585
4145,16586
4145,16587
4145,16588
4145,16589
4145,16590
4145,16591
4145,16592
4145,16593
4145,16594
4145,16595
4145,16596
4145,16597
4145,16598
4145,16599
4145,16600
4145,16601
4145,16602
4145,16603
4145,16604
4145,16605
4145,16606
4145,16607
4145,16608
4145,16609
4145,16610
4145,16611
4145,16612
4145,16613
4145,16614
4145,16615
4145,16616
4145,16617
4145,16618
4145,16619
4145,16620
4145,16621
4145,16622
4145,16623
4145,16624
4145,16625
4145,16626
4145,16627
4145,16628
4145,16629
4145,16630
4145,16631
4145,16632
4145,16633
4145,16634
4145,16635
4145,16636
4145,16637
4145,16638
4145,16639
4145,16640
4145,16641
4145,16642
4145,16643
4145,16644
4145,16645
4145,16646
4145,16647
4145,16648
4146,16481
4146,16482
4146,16483
4146,16484
4146,16485
4146,16486
4146,16487
4146,16488
4146,16489
4146,16490
4146,16491
4146,16492
4146,16493
4146,16494
4146,16495
4146,16496
4146,16497
4146,16498
4146,16499
4146,16500
4146,16501
4146,16502
4146,16503
4146,16504
4146,16505
4146,16506
4146,16507
4146,16508
4146,16509
4146,16510
4146,16511
4146,16512
4146,16513
4146,16514
4146,16515
4146,16516
4146,16517
4146,16518
4146,16519
4146,16520
4146,16521
4146,16522
4146,16523
4146,16524
4146,16525
4146,16526
4146,16527
4146,16528
4146,16529
4146,16530
4146,16531
4146,16532
4146,16533
4146,16534
4146,16535
4146,16536
4146,16537
4146,16538
4146,16539
4146,16540
4146,16541
4146,16542
4146,16543
4146,16544
4146,16545
4146,16546
4146,16547
4146,16548
4146,16549
4146,16550
4146,16551
4146,16552
4146,16553
4146,16554
4146,16555
4146,16556
4146,16557
4146,16558
4146,16559
4146,16560
4146,16561
4146,16562
4146,16563
4146,16564
4146,16565
4146,16566
4146,16567
4146,16568
4146,16569
4146,16570
4146,16571
4146,16572
4146,16573
4146,16574
4146,16575
4146,16576
4146,16577
4146,16578
4146,16579
4146,16580
4146,16581
4146,16582
4146,16583
4146,16584
4146,16585
4146,16586
4146,16587
4146,16588
4146,16589
4146,16590
4146,16591
4146,16592
4146,16593
4146,16594
4146,16595
4146,16596
4146,16597
4146,16598
4146,16599
4146,16600
4146,16601
4146,16602
4146,16603
4146,16604
4146,16605
4146,16606
4146,16607
4146,16608
4146,16609
4146,16610
4146,16611
4146,16612
4146,16613
4146,16614
4146,16615
4146,16616
4146,16617
4146,16618
4146,16619
4146,16620
4146,16621
4146,16622
4146,16623
4146,16624
4146,16625
4146,16626
4146,16627
4146,16628
4146,16629
4146,16630
4146,16631
4146,16632
4146,16633
4146,16634
4146,16635
4146,16636
4146,16637
4146,16638
4146,16639
4146,16640
4146,16641
4146,16642
4146,16643
4146,16644
4146,16645
4146,16646
4146,16647
4146,16648
4146,16649
4147,16482
4147,16483
4147,16484
4147,16485
4147,16486
4147,16487
4147,16488
4147,16489
4147,16490
4147,16491
4147,16492
4147,16493
4147,16494
4147,16495
4147,16496
4147,16497
4147,16498
4147,16499
4147,16500
4147,16501
4147,16502
4147,16503
4147,16504
4147,16505
4147,16506
4147,16507
4147,16508
4147,16509
4147,16510
4147,16511
4147,16512
4147,16513
4147,16514
4147,16515
4147,16516
4147,16517
4147,16518
4147,16519
4147,16520
4147,16521
4147,16522
4147,16523
4147,16524
4147,16525
4147,16526
4147,16527
4147,16528
4147,16529
4147,16530
4147,16531
4147,16532
4147,16533
4147,16534
4147,16535
4147,16536
4147,16537
4147,16538
4147,16539
4147,16540
4147,16541
4147,16542
4147,16543
4147,16544
4147,16545
4147,16546
4147,16547
4147,16548
4147,16549
4147,16550
4147,16551
4147,16552
4147,16553
4147,16554
4147,16555
4147,16556
4147,16557
4147,16558
4147,16559
4147,16560
4147,16561
4147,16562
4147,16563
4147,16564
4147,16565
4147,16566
4147,16567
4147,16568
4147,16569
4147,16570
4147,16571
4147,16572
4147,16573
4147,16574
4147,16575
4147,16576
4147,16577
4147,16578
4147,16579
4147,16580
4147,16581
4147,16582
4147,16583
4147,16584
4147,16585
4147,16586
4147,16587
4147,16588
4147,16589
4147,16590
4147,16591
4147,16592
4147,16593
4147,16594
4147,16595
4147,16596
4147,16597
4147,16598
4147,16599
4147,16600
4147,16601
4147,16602
4147,16603
4147,16604
4147,16605
4147,16606
4147,16607
4147,16608
4147,16609
4147,16610
4147,16611
4147,16612
4147,16613
4147,16614
4147,16615
4147,16616
4147,16617
4147,16618
4147,16619
4147,16620
4147,16621
4147,16622
4147,16623
4147,16624
4147,16625
4147,16626
4147,16627
4147,16628
4147,16629
4147,16630
4147,16631
4147,16632
4147,16633
4147,16634
4147,16635
4147,16636
4147,16637
4147,16638
4147,16639
4147,16640
4147,16641
4147,16642
4147,16643
4147,16644
4147,16645
4147,16646
4147,16647
4147,16648
4147,16649
4148,16483
4148,16484
4148,16485
4148,16486
4148,16487
4148,16488
4148,16489
4148,16490
4148,16491
4148,16492
4148,16493
4148,16494
4148,16495
4148,16496
4148,16497
4148,16498
4148,16499
4148,16500
4148,16501
4148,16502
4148,16503
4148,16504
4148,16505
4148,16506
4148,16507
4148,16508
4148,16509
4148,16510
4148,16511
4148,16512
4148,16513
4148,16514
4148,16515
4148,16516
4148,16517
4148,16518
4148,16519
4148,16520
4148,16521
4148,16522
4148,16523
4148,16524
4148,16525
4148,16526
4148,16527
4148,16528
4148,16529
4148,16530
4148,16531
4148,16532
4148,16533
4148,16534
4148,16535
4148,16536
4148,16537
4148,16538
4148,16539
4148,16540
4148,16541
4148,16542
4148,16543
4148,16544
4148,16545
4148,16546
4148,16547
4148,16548
4148,16549
4148,16550
4148,16551
4148,16552
4148,16553
4148,16554
4148,16555
4148,16556
4148,16557
4148,16558
4148,16559
4148,16560
4148,16561
4148,16562
4148,16563
4148,16564
4148,16565
4148,16566
4148,16567
4148,16568
4148,16569
4148,16570
4148,16571
4148,16572
4148,16573
4148,16574
4148,16575
4148,16576
4148,16577
4148,16578
4148,16579
4148,16580
4148,16581
4148,16582
4148,16583
4148,16584
4148,16585
4148,16586
4148,16587
4148,16588
4148,16589
4148,16590
4148,16591
4148,16592
4148,16593
4148,16594
4148,16595
4148,16596
4148,16597
4148,16598
4148,16599
4148,16600
4148,16601
4148,16602
4148,16603
4148,16604
4148,16605
4148,16606
4148,16607
4148,16608
4148,16609
4148,16610
4148,16611
4148,16612
4148,16613
4148,16614
4148,16615
4148,16616
4148,16617
4148,16618
4148,16619
4148,16620
4148,16621
4148,16622
4148,16623
4148,16624
4148,16625
4148,16626
4148,16627
4148,16628
4148,16629
4148,16630
4148,16631
4148,16632
4148,16633
4148,16634
4148,16635
4148,16636
4148,16637
4148,16638
4148,16639
4148,16640
4148,16641
4148,16642
4148,16643
4148,16644
4148,16645
4148,16646
4148,16647
4148,16648
4148,16649
4149,16484
4149,16485
4149,16486
4149,16487
4149,16488
4149,16489
4149,16490
4149,16491
4149,16492
4149,16493
4149,16494
4149,16495
4149,16496
4149,16497
4149,16498
4149,16499
4149,16500
4149,16501
4149,16502
4149,16503
4149,16504
4149,16505
4149,16506
4149,16507
4149,16508
4149,16509
4149,16510
4149,16511
4149,16512
4149,16513
4149,16514
4149,16515
4149,16516
4149,16517
4149,16518
4149,16519
4149,16520
4149,16521
4149,16522
4149,16523
4149,16524
4149,16525
4149,16526
4149,16527
4149,16528
4149,16529
4149,16530
4149,16531
4149,16532
4149,16533
4149,16534
4149,16535
4149,16536
4149,16537
4149,16538
4149,16539
4149,16540
4149,16541
4149,16542
4149,16543
4149,16544
4149,16545
4149,16546
4149,16547
4149,16548
4149,16549
4149,16550
4149,16551
4149,16552
4149,16553
4149,16554
4149,16555
4149,16556
4149,16557
4149,16558
4149,16559
4149,16560
4149,16561
4149,16562
4149,16563
4149,16564
4149,16565
4149,16566
4149,16567
4149,16568
4149,16569
4149,16570
4149,16571
4149,16572
4149,16573
4149,16574
4149,16575
4149,16576
4149,16577
4149,16578
4149,16579
4149,16580
4149,16581
4149,16582
4149,16583
4149,16584
4149,16585
4149,16586
4149,16587
4149,16588
4149,16589
4149,16590
4149,16591
4149,16592
4149,16593
4149,16594
4149,16595
4149,16596
4149,16597
4149,16598
4149,16599
4149,16600
4149,16601
4149,16602
4149,16603
4149,16604
4149,16605
4149,16606
4149,16607
4149,16608
4149,16609
4149,16610
4149,16611
4149,16612
4149,16613
4149,16614
4149,16615
4149,16616
4149,16617
4149,16618
4149,16619
4149,16620
4149,16621
4149,16622
4149,16623
4149,16624
4149,16625
4149,16626
4149,16627
4149,16628
4149,16629
4149,16630
4149,16631
4149,16632
4149,16633
4149,16634
4149,16635
4149,16636
4149,16637
4149,16638
4149,16639
4149,16640
4149,16641
4149,16642
4149,16643
4149,16644
4149,16645
4149,16646
4149,16647
4149,16648
4149,16649
4149,16650
4150,16485
4150,16486
4150,16487
4150,16488
4150,16489
4150,16490
4150,16491
4150,16492
4150,16493
4150,16494
4150,16495
4150,16496
4150,16497
4150,16498
4150,16499
4150,16500
4150,16501
4150,16502
4150,16503
4150,16504
4150,16505
4150,16506
4150,16507
4150,16508
4150,16509
4150,16510
4150,16511
4150,16512
4150,16513
4150,16514
4150,16515
4150,16516
4150,16517
4150,16518
4150,16519
4150,16520
4150,16521
4150,16522
4150,16523
4150,16524
4150,16525
4150,16526
4150,16527
4150,16528
4150,16529
4150,16530
4150,16531
4150,16532
4150,16533
4150,16534
4150,16535
4150,16536
4150,16537
4150,16538
4150,16539
4150,16540
4150,16541
4150,16542
4150,16543
4150,16544
4150,16545
4150,16546
4150,16547
4150,16548
4150,16549
4150,16550
4150,16551
4150,16552
4150,16553
4150,16554
4150,16555
4150,16556
4150,16557
4150,16558
4150,16559
4150,16560
4150,16561
4150,16562
4150,16563
4150,16564
4150,16565
4150,16566
4150,16567
4150,16568
4150,16569
4150,16570
4150,16571
4150,16572
4150,16573
4150,16574
4150,16575
4150,16576
4150,16577
4150,16578
4150,16579
4150,16580
4150,16581
4150,16582
4150,16583
4150,16584
4150,16585
4150,16586
4150,16587
4150,16588
4150,16589
4150,16590
4150,16591
4150,16592
4150,16593
4150,16594
4150,16595
4150,16596
4150,16597
4150,16598
4150,16599
4150,16600
4150,16601
4150,16602
4150,16603
4150,16604
4150,16605
4150,16606
4150,16607
4150,16608
4150,16609
4150,16610
4150,16611
4150,16612
4150,16613
4150,16614
4150,16615
4150,16616
4150,16617
4150,16618
4150,16619
4150,16620
4150,16621
4150,16622
4150,16623
4150,16624
4150,16625
4150,16626
4150,16627
4150,16628
4150,16629
4150,16630
4150,16631
4150,16632
4150,16633
4150,16634
4150,16635
4150,16636
4150,16637
4150,16638
4150,16639
4150,16640
4150,16641
4150,16642
4150,16643
4150,16644
4150,16645
4150,16646
4150,16647
4150,16648
4150,16649
4150,16650
4151,16486
4151,16487
4151,16488
4151,16489
4151,16490
4151,16491
4151,16492
4151,16493
4151,16494
4151,16495
4151,16496
4151,16497
4151,16498
4151,16499
4151,16500
4151,16501
4151,16502
4151,16503
4151,16504
4151,16505
4151,16506
4151,16507
4151,16508
4151,16509
4151,16510
4151,16511
4151,16512
4151,16513
4151,16514
4151,16515
4151,16516
4151,16517
4151,16518
4151,16519
4151,16520
4151,16521
4151,16522
4151,16523
4151,16524
4151,16525
4151,16526
4151,16527
4151,16528
4151,16529
4151,16530
4151,16531
4151,16532
4151,16533
4151,16534
4151,16535
4151,16536
4151,16537
4151,16538
4151,16539
4151,16540
4151,16541
4151,16542
4151,16543
4151,16544
4151,16545
4151,16546
4151,16547
4151,16548
4151,16549
4151,16550
4151,16551
4151,16552
4151,16553
4151,16554
4151,16555
4151,16556
4151,16557
4151,16558
4151,16559
4151,16560
4151,16561
4151,16562
4151,16563
4151,16564
4151,16565
4151,16566
4151,16567
4151,16568
4151,16569
4151,16570
4151,16571
4151,16572
4151,16573
4151,16574
4151,16575
4151,16576
4151,16577
4151,16578
4151,16579
4151,16580
4151,16581
4151,16582
4151,16583
4151,16584
4151,16585
4151,16586
4151,16587
4151,16588
4151,16589
4151,16590
4151,16591
4151,16592
4151,16593
4151,16594
4151,16595
4151,16596
4151,16597
4151,16598
4151,16599
4151,16600
4151,16601
4151,16602
4151,16603
4151,16604
4151,16605
4151,16606
4151,16607
4151,16608
4151,16609
4151,16610
4151,16611
4151,16612
4151,16613
4151,16614
4151,16615
4151,16616
4151,16617
4151,16618
4151,16619
4151,16620
4151,16621
4151,16622
4151,16623
4151,16624
4151,16625
4151,16626
4151,16627
4151,16628
4151,16629
4151,16630
4151,16631
4151,16632
4151,16633
4151,16634
4151,16635
4151,16636
4151,16637
4151,16638
4151,16639
4151,16640
4151,16641
4151,16642
4151,16643
4151,16644
4151,16645
4151,16646
4151,16647
4151,16648
4151,16649
4151,16650
4152,16486
4152,16487
4152,16488
4152,16489
4152,16490
4152,16491
4152,16492
4152,16493
4152,16494
4152,16495
4152,16496
4152,16497
4152,16498
4152,16499
4152,16500
4152,16501
4152,16502
4152,16503
4152,16504
4152,16505
4152,16506
4152,16507
4152,16508
4152,16509
4152,16510
4152,16511
4152,16512
4152,16513
4152,16514
4152,16515
4152,16516
4152,16517
4152,16518
4152,16519
4152,16520
4152,16521
4152,16522
4152,16523
4152,16524
4152,16525
4152,16526
4152,16527
4152,16528
4152,16529
4152,16530
4152,16531
4152,16532
4152,16533
4152,16534
4152,16535
4152,16536
4152,16537
4152,16538
4152,16539
4152,16540
4152,16541
4152,16542
4152,16543
4152,16544
4152,16545
4152,16546
4152,16547
4152,16548
4152,16549
4152,16550
4152,16551
4152,16552
4152,16553
4152,16554
4152,16555
4152,16556
4152,16557
4152,16558
4152,16559
4152,16560
4152,16561
4152,16562
4152,16563
4152,16564
4152,16565
4152,16566
4152,16567
4152,16568
4152,16569
4152,16570
4152,16571
4152,16572
4152,16573
4152,16574
4152,16575
4152,16576
4152,16577
4152,16578
4152,16579
4152,16580
4152,16581
4152,16582
4152,16583
4152,16584
4152,16585
4152,16586
4152,16587
4152,16588
4152,16589
4152,16590
4152,16591
4152,16592
4152,16593
4152,16594
4152,16595
4152,16596
4152,16597
4152,16598
4152,16599
4152,16600
4152,16601
4152,16602
4152,16603
4152,16604
4152,16605
4152,16606
4152,16607
4152,16608
4152,16609
4152,16610
4152,16611
4152,16612
4152,16613
4152,16614
4152,16615
4152,16616
4152,16617
4152,16618
4152,16619
4152,16620
4152,16621
4152,16622
4152,16623
4152,16624
4152,16625
4152,16626
4152,16627
4152,16628
4152,16629
4152,16630
4152,16631
4152,16632
4152,16633
4152,16634
4152,16635
4152,16636
4152,16637
4152,16638
4152,16639
4152,16640
4152,16641
4152,16642
4152,16643
4152,16644
4152,16645
4152,16646
4152,16647
4152,16648
4152,16649
4152,16650
4152,16651
4153,16486
4153,16487
4153,16488
4153,16489
4153,16490
4153,16491
4153,16492
4153,16493
4153,16494
4153,16495
4153,16496
4153,16497
4153,16498
4153,16499
4153,16500
4153,16501
4153,16502
4153,16503
4153,16504
4153,16505
4153,16506
4153,16507
4153,16508
4153,16509
4153,16510
4153,16511
4153,16512
4153,16513
4153,16514
4153,16515
4153,16516
4153,16517
4153,16518
4153,16519
4153,16520
4153,16521
4153,16522
4153,16523
4153,16524
4153,16525
4153,16526
4153,16527
4153,16528
4153,16529
4153,16530
4153,16531
4153,16532
4153,16533
4153,16534
4153,16535
4153,16536
4153,16537
4153,16538
4153,16539
4153,16540
4153,16541
4153,16542
4153,16543
4153,16544
4153,16545
4153,16546
4153,16547
4153,16548
4153,16549
4153,16550
4153,16551
4153,16552
4153,16553
4153,16554
4153,16555
4153,16556
4153,16557
4153,16558
4153,16559
4153,16560
4153,16561
4153,16562
4153,16563
4153,16564
4153,16565
4153,16566
4153,16567
4153,16568
4153,16569
4153,16570
4153,16571
4153,16572
4153,16573
4153,16574
4153,16575
4153,16576
4153,16577
4153,16578
4153,16579
4153,16580
4153,16581
4153,16582
4153,16583
4153,16584
4153,16585
4153,16586
4153,16587
4153,16588
4153,16589
4153,16590
4153,16591
4153,16592
4153,16593
4153,16594
4153,16595
4153,16596
4153,16597
4153,16598
4153,16599
4153,16600
4153,16601
4153,16602
4153,16603
4153,16604
4153,16605
4153,16606
4153,16607
4153,16608
4153,16609
4153,16610
4153,16611
4153,16612
4153,16613
4153,16614
4153,16615
4153,16616
4153,16617
4153,16618
4153,16619
4153,16620
4153,16621
4153,16622
4153,16623
4153,16624
4153,16625
4153,16626
4153,16627
4153,16628
4153,16629
4153,16630
4153,16631
4153,16632
4153,16633
4153,16634
4153,16635
4153,16636
4153,16637
4153,16638
4153,16639
4153,16640
4153,16641
4153,16642
4153,16643
4153,16644
4153,16645
4153,16646
4153,16647
4153,16648
4153,16649
4153,16650
4153,16651
4153,16652
4154,16486
4154,16487
4154,16488
4154,16489
4154,16490
4154,16491
4154,16492
4154,16493
4154,16494
4154,16495
4154,16496
4154,16497
4154,16498
4154,16499
4154,16500
4154,16501
4154,16502
4154,16503
4154,16504
4154,16505
4154,16506
4154,16507
4154,16508
4154,16509
4154,16510
4154,16511
4154,16512
4154,16513
4154,16514
4154,16515
4154,16516
4154,16517
4154,16518
4154,16519
4154,16520
4154,16521
4154,16522
4154,16523
4154,16524
4154,16525
4154,16526
4154,16527
4154,16528
4154,16529
4154,16530
4154,16531
4154,16532
4154,16533
4154,16534
4154,16535
4154,16536
4154,16537
4154,16538
4154,16539
4154,16540
4154,16541
4154,16542
4154,16543
4154,16544
4154,16545
4154,16546
4154,16547
4154,16548
4154,16549
4154,16550
4154,16551
4154,16552
4154,16553
4154,16554
4154,16555
4154,16556
4154,16557
4154,16558
4154,16559
4154,16560
4154,16561
4154,16562
4154,16563
4154,16564
4154,16565
4154,16566
4154,16567
4154,16568
4154,16569
4154,16570
4154,16571
4154,16572
4154,16573
4154,16574
4154,16575
4154,16576
4154,16577
4154,16578
4154,16579
4154,16580
4154,16581
4154,16582
4154,16583
4154,16584
4154,16585
4154,16586
4154,16587
4154,16588
4154,16589
4154,16590
4154,16591
4154,16592
4154,16593
4154,16594
4154,16595
4154,16596
4154,16597
4154,16598
4154,16599
4154,16600
4154,16601
4154,16602
4154,16603
4154,16604
4154,16605
4154,16606
4154,16607
4154,16608
4154,16609
4154,16610
4154,16611
4154,16612
4154,16613
4154,16614
4154,16615
4154,16616
4154,16617
4154,16618
4154,16619
4154,16620
4154,16621
4154,16622
4154,16623
4154,16624
4154,16625
4154,16626
4154,16627
4154,16628
4154,16629
4154,16630
4154,16631
4154,16632
4154,16633
4154,16634
4154,16635
4154,16636
4154,16637
4154,16638
4154,16639
4154,16640
4154,16641
4154,16642
4154,16643
4154,16644
4154,16645
4154,16646
4154,16647
4154,16648
4154,16649
4154,16650
4154,16651
4154,16652
4155,16486
4155,16487
4155,16488
4155,16489
4155,16490
4155,16491
4155,16492
4155,16493
4155,16494
4155,16495
4155,16496
4155,16497
4155,16498
4155,16499
4155,16500
4155,16501
4155,16502
4155,16503
4155,16504
4155,16505
4155,16506
4155,16507
4155,16508
4155,16509
4155,16510
4155,16511
4155,16512
4155,16513
4155,16514
4155,16515
4155,16516
4155,16517
4155,16518
4155,16519
4155,16520
4155,16521
4155,16522
4155,16523
4155,16524
4155,16525
4155,16526
4155,16527
4155,16528
4155,16529
4155,16530
4155,16531
4155,16532
4155,16533
4155,16534
4155,16535
4155,16536
4155,16537
4155,16538
4155,16539
4155,16540
4155,16541
4155,16542
4155,16543
4155,16544
4155,16545
4155,16546
4155,16547
4155,16548
4155,16549
4155,16550
4155,16551
4155,16552
4155,16553
4155,16554
4155,16555
4155,16556
4155,16557
4155,16558
4155,16559
4155,16560
4155,16561
4155,16562
4155,16563
4155,16564
4155,16565
4155,16566
4155,16567
4155,16568
4155,16569
4155,16570
4155,16571
4155,16572
4155,16573
4155,16574
4155,16575
4155,16576
4155,16577
4155,16578
4155,16579
4155,16580
4155,16581
4155,16582
4155,16583
4155,16584
4155,16585
4155,16586
4155,16587
4155,16588
4155,16589
4155,16590
4155,16591
4155,16592
4155,16593
4155,16594
4155,16595
4155,16596
4155,16597
4155,16598
4155,16599
4155,16600
4155,16601
4155,16602
4155,16603
4155,16604
4155,16605
4155,16606
4155,16607
4155,16608
4155,16609
4155,16610
4155,16611
4155,16612
4155,16613
4155,16614
4155,16615
4155,16616
4155,16617
4155,16618
4155,16619
4155,16620
4155,16621
4155,16622
4155,16623
4155,16624
4155,16625
4155,16626
4155,16627
4155,16628
4155,16629
4155,16630
4155,16631
4155,16632
4155,16633
4155,16634
4155,16635
4155,16636
4155,16637
4155,16638
4155,16639
4155,16640
4155,16641
4155,16642
4155,16643
4155,16644
4155,16645
4155,16646
4155,16647
4155,16648
4155,16649
4155,16650
4155,16651
4155,16652
4156,16486
4156,16487
4156,16488
4156,16489
4156,16490
4156,16491
4156,16492
4156,16493
4156,16494
4156,16495
4156,16496
4156,16497
4156,16498
4156,16499
4156,16500
4156,16501
4156,16502
4156,16503
4156,16504
4156,16505
4156,16506
4156,16507
4156,16508
4156,16509
4156,16510
4156,16511
4156,16512
4156,16513
4156,16514
4156,16515
4156,16516
4156,16517
4156,16518
4156,16519
4156,16520
4156,16521
4156,16522
4156,16523
4156,16524
4156,16525
4156,16526
4156,16527
4156,16528
4156,16529
4156,16530
4156,16531
4156,16532
4156,16533
4156,16534
4156,16535
4156,16536
4156,16537
4156,16538
4156,16539
4156,16540
4156,16541
4156,16542
4156,16543
4156,16544
4156,16545
4156,16546
4156,16547
4156,16548
4156,16549
4156,16550
4156,16551
4156,16552
4156,16553
4156,16554
4156,16555
4156,16556
4156,16557
4156,16558
4156,16559
4156,16560
4156,16561
4156,16562
4156,16563
4156,16564
4156,16565
4156,16566
4156,16567
4156,16568
4156,16569
4156,16570
4156,16571
4156,16572
4156,16573
4156,16574
4156,16575
4156,16576
4156,16577
4156,16578
4156,16579
4156,16580
4156,16581
4156,16582
4156,16583
4156,16584
4156,16585
4156,16586
4156,16587
4156,16588
4156,16589
4156,16590
4156,16591
4156,16592
4156,16593
4156,16594
4156,16595
4156,16596
4156,16597
4156,16598
4156,16599
4156,16600
4156,16601
4156,16602
4156,16603
4156,16604
4156,16605
4156,16606
4156,16607
4156,16608
4156,16609
4156,16610
4156,16611
4156,16612
4156,16613
4156,16614
4156,16615
4156,16616
4156,16617
4156,16618
4156,16619
4156,16620
4156,16621
4156,16622
4156,16623
4156,16624
4156,16625
4156,16626
4156,16627
4156,16628
4156,16629
4156,16630
4156,16631
4156,16632
4156,16633
4156,16634
4156,16635
4156,16636
4156,16637
4156,16638
4156,16639
4156,16640
4156,16641
4156,16642
4156,16643
4156,16644
4156,16645
4156,16646
4156,16647
4156,16648
4156,16649
4156,16650
4156,16651
4156,16652
4156,16653
4157,16486
4157,16487
4157,16488
4157,16489
4157,16490
4157,16491
4157,16492
4157,16493
4157,16494
4157,16495
4157,16496
4157,16497
4157,16498
4157,16499
4157,16500
4157,16501
4157,16502
4157,16503
4157,16504
4157,16505
4157,16506
4157,16507
4157,16508
4157,16509
4157,16510
4157,16511
4157,16512
4157,16513
4157,16514
4157,16515
4157,16516
4157,16517
4157,16518
4157,16519
4157,16520
4157,16521
4157,16522
4157,16523
4157,16524
4157,16525
4157,16526
4157,16527
4157,16528
4157,16529
4157,16530
4157,16531
4157,16532
4157,16533
4157,16534
4157,16535
4157,16536
4157,16537
4157,16538
4157,16539
4157,16540
4157,16541
4157,16542
4157,16543
4157,16544
4157,16545
4157,16546
4157,16547
4157,16548
4157,16549
4157,16550
4157,16551
4157,16552
4157,16553
4157,16554
4157,16555
4157,16556
4157,16557
4157,16558
4157,16559
4157,16560
4157,16561
4157,16562
4157,16563
4157,16564
4157,16565
4157,16566
4157,16567
4157,16568
4157,16569
4157,16570
4157,16571
4157,16572
4157,16573
4157,16574
4157,16575
4157,16576
4157,16577
4157,16578
4157,16579
4157,16580
4157,16581
4157,16582
4157,16583
4157,16584
4157,16585
4157,16586
4157,16587
4157,16588
4157,16589
4157,16590
4157,16591
4157,16592
4157,16593
4157,16594
4157,16595
4157,16596
4157,16597
4157,16598
4157,16599
4157,16600
4157,16601
4157,16602
4157,16603
4157,16604
4157,16605
4157,16606
4157,16607
4157,16608
4157,16609
4157,16610
4157,16611
4157,16612
4157,16613
4157,16614
4157,16615
4157,16616
4157,16617
4157,16618
4157,16619
4157,16620
4157,16621
4157,16622
4157,16623
4157,16624
4157,16625
4157,16626
4157,16627
4157,16628
4157,16629
4157,16630
4157,16631
4157,16632
4157,16633
4157,16634
4157,16635
4157,16636
4157,16637
4157,16638
4157,16639
4157,16640
4157,16641
4157,16642
4157,16643
4157,16644
4157,16645
4157,16646
4157,16647
4157,16648
4157,16649
4157,16650
4157,16651
4157,16652
4157,16653
4157,16654
4158,16485
4158,16486
4158,16487
4158,16488
4158,16489
4158,16490
4158,16491
4158,16492
4158,16493
4158,16494
4158,16495
4158,16496
4158,16497
4158,16498
4158,16499
4158,16500
4158,16501
4158,16502
4158,16503
4158,16504
4158,16505
4158,16506
4158,16507
4158,16508
4158,16509
4158,16510
4158,16511
4158,16512
4158,16513
4158,16514
4158,16515
4158,16516
4158,16517
4158,16518
4158,16519
4158,16520
4158,16521
4158,16522
4158,16523
4158,16524
4158,16525
4158,16526
4158,16527
4158,16528
4158,16529
4158,16530
4158,16531
4158,16532
4158,16533
4158,16534
4158,16535
4158,16536
4158,16537
4158,16538
4158,16539
4158,16540
4158,16541
4158,16542
4158,16543
4158,16544
4158,16545
4158,16546
4158,16547
4158,16548
4158,16549
4158,16550
4158,16551
4158,16552
4158,16553
4158,16554
4158,16555
4158,16556
4158,16557
4158,16558
4158,16559
4158,16560
4158,16561
4158,16562
4158,16563
4158,16564
4158,16565
4158,16566
4158,16567
4158,16568
4158,16569
4158,16570
4158,16571
4158,16572
4158,16573
4158,16574
4158,16575
4158,16576
4158,16577
4158,16578
4158,16579
4158,16580
4158,16581
4158,16582
4158,16583
4158,16584
4158,16585
4158,16586
4158,16587
4158,16588
4158,16589
4158,16590
4158,16591
4158,16592
4158,16593
4158,16594
4158,16595
4158,16596
4158,16597
4158,16598
4158,16599
4158,16600
4158,16601
4158,16602
4158,16603
4158,16604
4158,16605
4158,16606
4158,16607
4158,16608
4158,16609
4158,16610
4158,16611
4158,16612
4158,16613
4158,16614
4158,16615
4158,16616
4158,16617
4158,16618
4158,16619
4158,16620
4158,16621
4158,16622
4158,16623
4158,16624
4158,16625
4158,16626
4158,16627
4158,16628
4158,16629
4158,16630
4158,16631
4158,16632
4158,16633
4158,16634
4158,16635
4158,16636
4158,16637
4158,16638
4158,16639
4158,16640
4158,16641
4158,16642
4158,16643
4158,16644
4158,16645
4158,16646
4158,16647
4158,16648
4158,16649
4158,16650
4158,16651
4158,16652
4158,16653
4158,16654
4158,16655
4159,16484
4159,16485
4159,16486
4159,16487
4159,16488
4159,16489
4159,16490
4159,16491
4159,16492
4159,16493
4159,16494
4159,16495
4159,16496
4159,16497
4159,16498
4159,16499
4159,16500
4159,16501
4159,16502
4159,16503
4159,16504
4159,16505
4159,16506
4159,16507
4159,16508
4159,16509
4159,16510
4159,16511
4159,16512
4159,16513
4159,16514
4159,16515
4159,16516
4159,16517
4159,16518
4159,16519
4159,16520
4159,16521
4159,16522
4159,16523
4159,16524
4159,16525
4159,16526
4159,16527
4159,16528
4159,16529
4159,16530
4159,16531
4159,16532
4159,16533
4159,16534
4159,16535
4159,16536
4159,16537
4159,16538
4159,16539
4159,16540
4159,16541
4159,16542
4159,16543
4159,16544
4159,16545
4159,16546
4159,16547
4159,16548
4159,16549
4159,16550
4159,16551
4159,16552
4159,16553
4159,16554
4159,16555
4159,16556
4159,16557
4159,16558
4159,16559
4159,16560
4159,16561
4159,16562
4159,16563
4159,16564
4159,16565
4159,16566
4159,16567
4159,16568
4159,16569
4159,16570
4159,16571
4159,16572
4159,16573
4159,16574
4159,16575
4159,16576
4159,16577
4159,16578
4159,16579
4159,16580
4159,16581
4159,16582
4159,16583
4159,16584
4159,16585
4159,16586
4159,16587
4159,16588
4159,16589
4159,16590
4159,16591
4159,16592
4159,16593
4159,16594
4159,16595
4159,16596
4159,16597
4159,16598
4159,16599
4159,16600
4159,16601
4159,16602
4159,16603
4159,16604
4159,16605
4159,16606
4159,16607
4159,16608
4159,16609
4159,16610
4159,16611
4159,16612
4159,16613
4159,16614
4159,16615
4159,16616
4159,16617
4159,16618
4159,16619
4159,16620
4159,16621
4159,16622
4159,16623
4159,16624
4159,16625
4159,16626
4159,16627
4159,16628
4159,16629
4159,16630
4159,16631
4159,16632
4159,16633
4159,16634
4159,16635
4159,16636
4159,16637
4159,16638
4159,16639
4159,16640
4159,16641
4159,16642
4159,16643
4159,16644
4159,16645
4159,16646
4159,16647
4159,16648
4159,16649
4159,16650
4159,16651
4159,16652
4159,16653
4159,16654
4159,16655
4160,16483
4160,16484
4160,16485
4160,16486
4160,16487
4160,16488
4160,16489
4160,16490
4160,16491
4160,16492
4160,16493
4160,16494
4160,16495
4160,16496
4160,16497
4160,16498
4160,16499
4160,16500
4160,16501
4160,16502
4160,16503
4160,16504
4160,16505
4160,16506
4160,16507
4160,16508
4160,16509
4160,16510
4160,16511
4160,16512
4160,16513
4160,16514
4160,16515
4160,16516
4160,16517
4160,16518
4160,16519
4160,16520
4160,16521
4160,16522
4160,16523
4160,16524
4160,16525
4160,16526
4160,16527
4160,16528
4160,16529
4160,16530
4160,16531
4160,16532
4160,16533
4160,16534
4160,16535
4160,16536
4160,16537
4160,16538
4160,16539
4160,16540
4160,16541
4160,16542
4160,16543
4160,16544
4160,16545
4160,16546
4160,16547
4160,16548
4160,16549
4160,16550
4160,16551
4160,16552
4160,16553
4160,16554
4160,16555
4160,16556
4160,16557
4160,16558
4160,16559
4160,16560
4160,16561
4160,16562
4160,16563
4160,16564
4160,16565
4160,16566
4160,16567
4160,16568
4160,16569
4160,16570
4160,16571
4160,16572
4160,16573
4160,16574
4160,16575
4160,16576
4160,16577
4160,16578
4160,16579
4160,16580
4160,16581
4160,16582
4160,16583
4160,16584
4160,16585
4160,16586
4160,16587
4160,16588
4160,16589
4160,16590
4160,16591
4160,16592
4160,16593
4160,16594
4160,16595
4160,16596
4160,16597
4160,16598
4160,16599
4160,16600
4160,16601
4160,16602
4160,16603
4160,16604
4160,16605
4160,16606
4160,16607
4160,16608
4160,16609
4160,16610
4160,16611
4160,16612
4160,16613
4160,16614
4160,16615
4160,16616
4160,16617
4160,16618
4160,16619
4160,16620
4160,16621
4160,16622
4160,16623
4160,16624
4160,16625
4160,16626
4160,16627
4160,16628
4160,16629
4160,16630
4160,16631
4160,16632
4160,16633
4160,16634
4160,16635
4160,16636
4160,16637
4160,16638
4160,16639
4160,16640
4160,16641
4160,16642
4160,16643
4160,16644
4160,16645
4160,16646
4160,16647
4160,16648
4160,16649
4160,16650
4160,16651
4160,16652
4160,16653
4160,16654
4160,16655
4160,16656
4161,16482
4161,16483
4161,16484
4161,16485
4161,16486
4161,16487
4161,16488
4161,16489
4161,16490
4161,16491
4161,16492
4161,16493
4161,16494
4161,16495
4161,16496
4161,16497
4161,16498
4161,16499
4161,16500
4161,16501
4161,16502
4161,16503
4161,16504
4161,16505
4161,16506
4161,16507
4161,16508
4161,16509
4161,16510
4161,16511
4161,16512
4161,16513
4161,16514
4161,16515
4161,16516
4161,16517
4161,16518
4161,16519
4161,16520
4161,16521
4161,16522
4161,16523
4161,16524
4161,16525
4161,16526
4161,16527
4161,16528
4161,16529
4161,16530
4161,16531
4161,16532
4161,16533
4161,16534
4161,16535
4161,16536
4161,16537
4161,16538
4161,16539
4161,16540
4161,16541
4161,16542
4161,16543
4161,16544
4161,16545
4161,16546
4161,16547
4161,16548
4161,16549
4161,16550
4161,16551
4161,16552
4161,16553
4161,16554
4161,16555
4161,16556
4161,16557
4161,16558
4161,16559
4161,16560
4161,16561
4161,16562
4161,16563
4161,16564
4161,16565
4161,16566
4161,16567
4161,16568
4161,16569
4161,16570
4161,16571
4161,16572
4161,16573
4161,16574
4161,16575
4161,16576
4161,16577
4161,16578
4161,16579
4161,16580
4161,16581
4161,16582
4161,16583
4161,16584
4161,16585
4161,16586
4161,16587
4161,16588
4161,16589
4161,16590
4161,16591
4161,16592
4161,16593
4161,16594
4161,16595
4161,16596
4161,16597
4161,16598
4161,16599
4161,16600
4161,16601
4161,16602
4161,16603
4161,16604
4161,16605
4161,16606
4161,16607
4161,16608
4161,16609
4161,16610
4161,16611
4161,16612
4161,16613
4161,16614
4161,16615
4161,16616
4161,16617
4161,16618
4161,16619
4161,16620
4161,16621
4161,16622
4161,16623
4161,16624
4161,16625
4161,16626
4161,16627
4161,16628
4161,16629
4161,16630
4161,16631
4161,16632
4161,16633
4161,16634
4161,16635
4161,16636
4161,16637
4161,16638
4161,16639
4161,16640
4161,16641
4161,16642
4161,16643
4161,16644
4161,16645
4161,16646
4161,16647
4161,16648
4161,16649
4161,16650
4161,16651
4161,16652
4161,16653
4161,16654
4161,16655
4162,16482
4162,16483
4162,16484
4162,16485
4162,16486
4162,16487
4162,16488
4162,16489
4162,16490
4162,16491
4162,16492
4162,16493
4162,16494
4162,16495
4162,16496
4162,16497
4162,16498
4162,16499
4162,16500
4162,16501
4162,16502
4162,16503
4162,16504
4162,16505
4162,16506
4162,16507
4162,16508
4162,16509
4162,16510
4162,16511
4162,16512
4162,16513
4162,16514
4162,16515
4162,16516
4162,16517
4162,16518
4162,16519
4162,16520
4162,16521
4162,16522
4162,16523
4162,16524
4162,16525
4162,16526
4162,16527
4162,16528
4162,16529
4162,16530
4162,16531
4162,16532
4162,16533
4162,16534
4162,16535
4162,16536
4162,16537
4162,16538
4162,16539
4162,16540
4162,16541
4162,16542
4162,16543
4162,16544
4162,16545
4162,16546
4162,16547
4162,16548
4162,16549
4162,16550
4162,16551
4162,16552
4162,16553
4162,16554
4162,16555
4162,16556
4162,16557
4162,16558
4162,16559
4162,16560
4162,16561
4162,16562
4162,16563
4162,16564
4162,16565
4162,16566
4162,16567
4162,16568
4162,16569
4162,16570
4162,16571
4162,16572
4162,16573
4162,16574
4162,16575
4162,16576
4162,16577
4162,16578
4162,16579
4162,16580
4162,16581
4162,16582
4162,16583
4162,16584
4162,16585
4162,16586
4162,16587
4162,16588
4162,16589
4162,16590
4162,16591
4162,16592
4162,16593
4162,16594
4162,16595
4162,16596
4162,16597
4162,16598
4162,16599
4162,16600
4162,16601
4162,16602
4162,16603
4162,16604
4162,16605
4162,16606
4162,16607
4162,16608
4162,16609
4162,16610
4162,16611
4162,16612
4162,16613
4162,16614
4162,16615
4162,16616
4162,16617
4162,16618
4162,16619
4162,16620
4162,16621
4162,16622
4162,16623
4162,16624
4162,16625
4162,16626
4162,16627
4162,16628
4162,16629
4162,16630
4162,16631
4162,16632
4162,16633
4162,16634
4162,16635
4162,16636
4162,16637
4162,16638
4162,16639
4162,16640
4162,16641
4162,16642
4162,16643
4162,16644
4162,16645
4162,16646
4162,16647
4162,16648
4162,16649
4162,16650
4162,16651
4162,16652
4162,16653
4162,16654
4162,16655
4162,16656
4163,16481
4163,16482
4163,16483
4163,16484
4163,16485
4163,16486
4163,16487
4163,16488
4163,16489
4163,16490
4163,16491
4163,16492
4163,16493
4163,16494
4163,16495
4163,16496
4163,16497
4163,16498
4163,16499
4163,16500
4163,16501
4163,16502
4163,16503
4163,16504
4163,16505
4163,16506
4163,16507
4163,16508
4163,16509
4163,16510
4163,16511
4163,16512
4163,16513
4163,16514
4163,16515
4163,16516
4163,16517
4163,16518
4163,16519
4163,16520
4163,16521
4163,16522
4163,16523
4163,16524
4163,16525
4163,16526
4163,16527
4163,16528
4163,16529
4163,16530
4163,16531
4163,16532
4163,16533
4163,16534
4163,16535
4163,16536
4163,16537
4163,16538
4163,16539
4163,16540
4163,16541
4163,16542
4163,16543
4163,16544
4163,16545
4163,16546
4163,16547
4163,16548
4163,16549
4163,16550
4163,16551
4163,16552
4163,16553
4163,16554
4163,16555
4163,16556
4163,16557
4163,16558
4163,16559
4163,16560
4163,16561
4163,16562
4163,16563
4163,16564
4163,16565
4163,16566
4163,16567
4163,16568
4163,16569
4163,16570
4163,16571
4163,16572
4163,16573
4163,16574
4163,16575
4163,16576
4163,16577
4163,16578
4163,16579
4163,16580
4163,16581
4163,16582
4163,16583
4163,16584
4163,16585
4163,16586
4163,16587
4163,16588
4163,16589
4163,16590
4163,16591
4163,16592
4163,16593
4163,16594
4163,16595
4163,16596
4163,16597
4163,16598
4163,16599
4163,16600
4163,16601
4163,16602
4163,16603
4163,16604
4163,16605
4163,16606
4163,16607
4163,16608
4163,16609
4163,16610
4163,16611
4163,16612
4163,16613
4163,16614
4163,16615
4163,16616
4163,16617
4163,16618
4163,16619
4163,16620
4163,16621
4163,16622
4163,16623
4163,16624
4163,16625
4163,16626
4163,16627
4163,16628
4163,16629
4163,16630
4163,16631
4163,16632
4163,16633
4163,16634
4163,16635
4163,16636
4163,16637
4163,16638
4163,16639
4163,16640
4163,16641
4163,16642
4163,16643
4163,16644
4163,16645
4163,16646
4163,16647
4163,16648
4163,16649
4163,16650
4163,16651
4163,16652
4163,16653
4163,16654
4163,16655
4163,16656
4164,16481
4164,16482
4164,16483
4164,16484
4164,16485
4164,16486
4164,16487
4164,16488
4164,16489
4164,16490
4164,16491
4164,16492
4164,16493
4164,16494
4164,16495
4164,16496
4164,16497
4164,16498
4164,16499
4164,16500
4164,16501
4164,16502
4164,16503
4164,16504
4164,16505
4164,16506
4164,16507
4164,16508
4164,16509
4164,16510
4164,16511
4164,16512
4164,16513
4164,16514
4164,16515
4164,16516
4164,16517
4164,16518
4164,16519
4164,16520
4164,16521
4164,16522
4164,16523
4164,16524
4164,16525
4164,16526
4164,16527
4164,16528
4164,16529
4164,16530
4164,16531
4164,16532
4164,16533
4164,16534
4164,16535
4164,16536
4164,16537
4164,16538
4164,16539
4164,16540
4164,16541
4164,16542
4164,16543
4164,16544
4164,16545
4164,16546
4164,16547
4164,16548
4164,16549
4164,16550
4164,16551
4164,16552
4164,16553
4164,16554
4164,16555
4164,16556
4164,16557
4164,16558
4164,16559
4164,16560
4164,16561
4164,16562
4164,16563
4164,16564
4164,16565
4164,16566
4164,16567
4164,16568
4164,16569
4164,16570
4164,16571
4164,16572
4164,16573
4164,16574
4164,16575
4164,16576
4164,16577
4164,16578
4164,16579
4164,16580
4164,16581
4164,16582
4164,16583
4164,16584
4164,16585
4164,16586
4164,16587
4164,16588
4164,16589
4164,16590
4164,16591
4164,16592
4164,16593
4164,16594
4164,16595
4164,16596
4164,16597
4164,16598
4164,16599
4164,16600
4164,16601
4164,16602
4164,16603
4164,16604
4164,16605
4164,16606
4164,16607
4164,16608
4164,16609
4164,16610
4164,16611
4164,16612
4164,16613
4164,16614
4164,16615
4164,16616
4164,16617
4164,16618
4164,16619
4164,16620
4164,16621
4164,16622
4164,16623
4164,16624
4164,16625
4164,16626
4164,16627
4164,16628
4164,16629
4164,16630
4164,16631
4164,16632
4164,16633
4164,16634
4164,16635
4164,16636
4164,16637
4164,16638
4164,16639
4164,16640
4164,16641
4164,16642
4164,16643
4164,16644
4164,16645
4164,16646
4164,16647
4164,16648
4164,16649
4164,16650
4164,16651
4164,16652
4164,16653
4164,16654
4164,16655
4164,16656
4164,16657
4165,16481
4165,16482
4165,16483
4165,16484
4165,16485
4165,16486
4165,16487
4165,16488
4165,16489
4165,16490
4165,16491
4165,16492
4165,16493
4165,16494
4165,16495
4165,16496
4165,16497
4165,16498
4165,16499
4165,16500
4165,16501
4165,16502
4165,16503
4165,16504
4165,16505
4165,16506
4165,16507
4165,16508
4165,16509
4165,16510
4165,16511
4165,16512
4165,16513
4165,16514
4165,16515
4165,16516
4165,16517
4165,16518
4165,16519
4165,16520
4165,16521
4165,16522
4165,16523
4165,16524
4165,16525
4165,16526
4165,16527
4165,16528
4165,16529
4165,16530
4165,16531
4165,16532
4165,16533
4165,16534
4165,16535
4165,16536
4165,16537
4165,16538
4165,16539
4165,16540
4165,16541
4165,16542
4165,16543
4165,16544
4165,16545
4165,16546
4165,16547
4165,16548
4165,16549
4165,16550
4165,16551
4165,16552
4165,16553
4165,16554
4165,16555
4165,16556
4165,16557
4165,16558
4165,16559
4165,16560
4165,16561
4165,16562
4165,16563
4165,16564
4165,16565
4165,16566
4165,16567
4165,16568
4165,16569
4165,16570
4165,16571
4165,16572
4165,16573
4165,16574
4165,16575
4165,16576
4165,16577
4165,16578
4165,16579
4165,16580
4165,16581
4165,16582
4165,16583
4165,16584
4165,16585
4165,16586
4165,16587
4165,16588
4165,16589
4165,16590
4165,16591
4165,16592
4165,16593
4165,16594
4165,16595
4165,16596
4165,16597
4165,16598
4165,16599
4165,16600
4165,16601
4165,16602
4165,16603
4165,16604
4165,16605
4165,16606
4165,16607
4165,16608
4165,16609
4165,16610
4165,16611
4165,16612
4165,16613
4165,16614
4165,16615
4165,16616
4165,16617
4165,16618
4165,16619
4165,16620
4165,16621
4165,16622
4165,16623
4165,16624
4165,16625
4165,16626
4165,16627
4165,16628
4165,16629
4165,16630
4165,16631
4165,16632
4165,16633
4165,16634
4165,16635
4165,16636
4165,16637
4165,16638
4165,16639
4165,16640
4165,16641
4165,16642
4165,16643
4165,16644
4165,16645
4165,16646
4165,16647
4165,16648
4165,16649
4165,16650
4165,16651
4165,16652
4165,16653
4165,16654
4165,16655
4165,16656
4165,16657
4165,16658
4165,16659
4166,16480
4166,16481
4166,16482
4166,16483
4166,16484
4166,16485
4166,16486
4166,16487
4166,16488
4166,16489
4166,16490
4166,16491
4166,16492
4166,16493
4166,16494
4166,16495
4166,16496
4166,16497
4166,16498
4166,16499
4166,16500
4166,16501
4166,16502
4166,16503
4166,16504
4166,16505
4166,16506
4166,16507
4166,16508
4166,16509
4166,16510
4166,16511
4166,16512
4166,16513
4166,16514
4166,16515
4166,16516
4166,16517
4166,16518
4166,16519
4166,16520
4166,16521
4166,16522
4166,16523
4166,16524
4166,16525
4166,16526
4166,16527
4166,16528
4166,16529
4166,16530
4166,16531
4166,16532
4166,16533
4166,16534
4166,16535
4166,16536
4166,16537
4166,16538
4166,16539
4166,16540
4166,16541
4166,16542
4166,16543
4166,16544
4166,16545
4166,16546
4166,16547
4166,16548
4166,16549
4166,16550
4166,16551
4166,16552
4166,16553
4166,16554
4166,16555
4166,16556
4166,16557
4166,16558
4166,16559
4166,16560
4166,16561
4166,16562
4166,16563
4166,16564
4166,16565
4166,16566
4166,16567
4166,16568
4166,16569
4166,16570
4166,16571
4166,16572
4166,16573
4166,16574
4166,16575
4166,16576
4166,16577
4166,16578
4166,16579
4166,16580
4166,16581
4166,16582
4166,16583
4166,16584
4166,16585
4166,16586
4166,16587
4166,16588
4166,16589
4166,16590
4166,16591
4166,16592
4166,16593
4166,16594
4166,16595
4166,16596
4166,16597
4166,16598
4166,16599
4166,16600
4166,16601
4166,16602
4166,16603
4166,16604
4166,16605
4166,16606
4166,16607
4166,16608
4166,16609
4166,16610
4166,16611
4166,16612
4166,16613
4166,16614
4166,16615
4166,16616
4166,16617
4166,16618
4166,16619
4166,16620
4166,16621
4166,16622
4166,16623
4166,16624
4166,16625
4166,16626
4166,16627
4166,16628
4166,16629
4166,16630
4166,16631
4166,16632
4166,16633
4166,16634
4166,16635
4166,16636
4166,16637
4166,16638
4166,16639
4166,16640
4166,16641
4166,16642
4166,16643
4166,16644
4166,16645
4166,16646
4166,16647
4166,16648
4166,16649
4166,16650
4166,16651
4166,16652
4166,16653
4166,16654
4166,16655
4166,16656
4166,16657
4166,16658
4166,16659
4166,16660
4167,16480
4167,16481
4167,16482
4167,16483
4167,16484
4167,16485
4167,16486
4167,16487
4167,16488
4167,16489
4167,16490
4167,16491
4167,16492
4167,16493
4167,16494
4167,16495
4167,16496
4167,16497
4167,16498
4167,16499
4167,16500
4167,16501
4167,16502
4167,16503
4167,16504
4167,16505
4167,16506
4167,16507
4167,16508
4167,16509
4167,16510
4167,16511
4167,16512
4167,16513
4167,16514
4167,16515
4167,16516
4167,16517
4167,16518
4167,16519
4167,16520
4167,16521
4167,16522
4167,16523
4167,16524
4167,16525
4167,16526
4167,16527
4167,16528
4167,16529
4167,16530
4167,16531
4167,16532
4167,16533
4167,16534
4167,16535
4167,16536
4167,16537
4167,16538
4167,16539
4167,16540
4167,16541
4167,16542
4167,16543
4167,16544
4167,16545
4167,16546
4167,16547
4167,16548
4167,16549
4167,16550
4167,16551
4167,16552
4167,16553
4167,16554
4167,16555
4167,16556
4167,16557
4167,16558
4167,16559
4167,16560
4167,16561
4167,16562
4167,16563
4167,16564
4167,16565
4167,16566
4167,16567
4167,16568
4167,16569
4167,16570
4167,16571
4167,16572
4167,16573
4167,16574
4167,16575
4167,16576
4167,16577
4167,16578
4167,16579
4167,16580
4167,16581
4167,16582
4167,16583
4167,16584
4167,16585
4167,16586
4167,16587
4167,16588
4167,16589
4167,16590
4167,16591
4167,16592
4167,16593
4167,16594
4167,16595
4167,16596
4167,16597
4167,16598
4167,16599
4167,16600
4167,16601
4167,16602
4167,16603
4167,16604
4167,16605
4167,16606
4167,16607
4167,16608
4167,16609
4167,16610
4167,16611
4167,16612
4167,16613
4167,16614
4167,16615
4167,16616
4167,16617
4167,16618
4167,16619
4167,16620
4167,16621
4167,16622
4167,16623
4167,16624
4167,16625
4167,16626
4167,16627
4167,16628
4167,16629
4167,16630
4167,16631
4167,16632
4167,16633
4167,16634
4167,16635
4167,16636
4167,16637
4167,16638
4167,16639
4167,16640
4167,16641
4167,16642
4167,16643
4167,16644
4167,16645
4167,16646
4167,16647
4167,16648
4167,16649
4167,16650
4167,16651
4167,16652
4167,16653
4167,16654
4167,16655
4167,16656
4167,16657
4167,16658
4167,16659
4167,16660
4167,16661
4168,16480
4168,16481
4168,16482
4168,16483
4168,16484
4168,16485
4168,16486
4168,16487
4168,16488
4168,16489
4168,16490
4168,16491
4168,16492
4168,16493
4168,16494
4168,16495
4168,16496
4168,16497
4168,16498
4168,16499
4168,16500
4168,16501
4168,16502
4168,16503
4168,16504
4168,16505
4168,16506
4168,16507
4168,16508
4168,16509
4168,16510
4168,16511
4168,16512
4168,16513
4168,16514
4168,16515
4168,16516
4168,16517
4168,16518
4168,16519
4168,16520
4168,16521
4168,16522
4168,16523
4168,16524
4168,16525
4168,16526
4168,16527
4168,16528
4168,16529
4168,16530
4168,16531
4168,16532
4168,16533
4168,16534
4168,16535
4168,16536
4168,16537
4168,16538
4168,16539
4168,16540
4168,16541
4168,16542
4168,16543
4168,16544
4168,16545
4168,16546
4168,16547
4168,16548
4168,16549
4168,16550
4168,16551
4168,16552
4168,16553
4168,16554
4168,16555
4168,16556
4168,16557
4168,16558
4168,16559
4168,16560
4168,16561
4168,16562
4168,16563
4168,16564
4168,16565
4168,16566
4168,16567
4168,16568
4168,16569
4168,16570
4168,16571
4168,16572
4168,16573
4168,16574
4168,16575
4168,16576
4168,16577
4168,16578
4168,16579
4168,16580
4168,16581
4168,16582
4168,16583
4168,16584
4168,16585
4168,16586
4168,16587
4168,16588
4168,16589
4168,16590
4168,16591
4168,16592
4168,16593
4168,16594
4168,16595
4168,16596
4168,16597
4168,16598
4168,16599
4168,16600
4168,16601
4168,16602
4168,16603
4168,16604
4168,16605
4168,16606
4168,16607
4168,16608
4168,16609
4168,16610
4168,16611
4168,16612
4168,16613
4168,16614
4168,16615
4168,16616
4168,16617
4168,16618
4168,16619
4168,16620
4168,16621
4168,16622
4168,16623
4168,16624
4168,16625
4168,16626
4168,16627
4168,16628
4168,16629
4168,16630
4168,16631
4168,16632
4168,16633
4168,16634
4168,16635
4168,16636
4168,16637
4168,16638
4168,16639
4168,16640
4168,16641
4168,16642
4168,16643
4168,16644
4168,16645
4168,16646
4168,16647
4168,16648
4168,16649
4168,16650
4168,16651
4168,16652
4168,16653
4168,16654
4168,16655
4168,16656
4168,16657
4168,16658
4168,16659
4168,16660
4168,16661
4168,16662
4169,16479
4169,16480
4169,16481
4169,16482
4169,16483
4169,16484
4169,16485
4169,16486
4169,16487
4169,16488
4169,16489
4169,16490
4169,16491
4169,16492
4169,16493
4169,16494
4169,16495
4169,16496
4169,16497
4169,16498
4169,16499
4169,16500
4169,16501
4169,16502
4169,16503
4169,16504
4169,16505
4169,16506
4169,16507
4169,16508
4169,16509
4169,16510
4169,16511
4169,16512
4169,16513
4169,16514
4169,16515
4169,16516
4169,16517
4169,16518
4169,16519
4169,16520
4169,16521
4169,16522
4169,16523
4169,16524
4169,16525
4169,16526
4169,16527
4169,16528
4169,16529
4169,16530
4169,16531
4169,16532
4169,16533
4169,16534
4169,16535
4169,16536
4169,16537
4169,16538
4169,16539
4169,16540
4169,16541
4169,16542
4169,16543
4169,16544
4169,16545
4169,16546
4169,16547
4169,16548
4169,16549
4169,16550
4169,16551
4169,16552
4169,16553
4169,16554
4169,16555
4169,16556
4169,16557
4169,16558
4169,16559
4169,16560
4169,16561
4169,16562
4169,16563
4169,16564
4169,16565
4169,16566
4169,16567
4169,16568
4169,16569
4169,16570
4169,16571
4169,16572
4169,16573
4169,16574
4169,16575
4169,16576
4169,16577
4169,16578
4169,16579
4169,16580
4169,16581
4169,16582
4169,16583
4169,16584
4169,16585
4169,16586
4169,16587
4169,16588
4169,16589
4169,16590
4169,16591
4169,16592
4169,16593
4169,16594
4169,16595
4169,16596
4169,16597
4169,16598
4169,16599
4169,16600
4169,16601
4169,16602
4169,16603
4169,16604
4169,16605
4169,16606
4169,16607
4169,16608
4169,16609
4169,16610
4169,16611
4169,16612
4169,16613
4169,16614
4169,16615
4169,16616
4169,16617
4169,16618
4169,16619
4169,16620
4169,16621
4169,16622
4169,16623
4169,16624
4169,16625
4169,16626
4169,16627
4169,16628
4169,16629
4169,16630
4169,16631
4169,16632
4169,16633
4169,16634
4169,16635
4169,16636
4169,16637
4169,16638
4169,16639
4169,16640
4169,16641
4169,16642
4169,16643
4169,16644
4169,16645
4169,16646
4169,16647
4169,16648
4169,16649
4169,16650
4169,16651
4169,16652
4169,16653
4169,16654
4169,16655
4169,16656
4169,16657
4169,16658
4169,16659
4169,16660
4169,16661
4169,16662
4169,16663
4170,16479
4170,16480
4170,16481
4170,16482
4170,16483
4170,16484
4170,16485
4170,16486
4170,16487
4170,16488
4170,16489
4170,16490
4170,16491
4170,16492
4170,16493
4170,16494
4170,16495
4170,16496
4170,16497
4170,16498
4170,16499
4170,16500
4170,16501
4170,16502
4170,16503
4170,16504
4170,16505
4170,16506
4170,16507
4170,16508
4170,16509
4170,16510
4170,16511
4170,16512
4170,16513
4170,16514
4170,16515
4170,16516
4170,16517
4170,16518
4170,16519
4170,16520
4170,16521
4170,16522
4170,16523
4170,16524
4170,16525
4170,16526
4170,16527
4170,16528
4170,16529
4170,16530
4170,16531
4170,16532
4170,16533
4170,16534
4170,16535
4170,16536
4170,16537
4170,16538
4170,16539
4170,16540
4170,16541
4170,16542
4170,16543
4170,16544
4170,16545
4170,16546
4170,16547
4170,16548
4170,16549
4170,16550
4170,16551
4170,16552
4170,16553
4170,16554
4170,16555
4170,16556
4170,16557
4170,16558
4170,16559
4170,16560
4170,16561
4170,16562
4170,16563
4170,16564
4170,16565
4170,16566
4170,16567
4170,16568
4170,16569
4170,16570
4170,16571
4170,16572
4170,16573
4170,16574
4170,16575
4170,16576
4170,16577
4170,16578
4170,16579
4170,16580
4170,16581
4170,16582
4170,16583
4170,16584
4170,16585
4170,16586
4170,16587
4170,16588
4170,16589
4170,16590
4170,16591
4170,16592
4170,16593
4170,16594
4170,16595
4170,16596
4170,16597
4170,16598
4170,16599
4170,16600
4170,16601
4170,16602
4170,16603
4170,16604
4170,16605
4170,16606
4170,16607
4170,16608
4170,16609
4170,16610
4170,16611
4170,16612
4170,16613
4170,16614
4170,16615
4170,16616
4170,16617
4170,16618
4170,16619
4170,16620
4170,16621
4170,16622
4170,16623
4170,16624
4170,16625
4170,16626
4170,16627
4170,16628
4170,16629
4170,16630
4170,16631
4170,16632
4170,16633
4170,16634
4170,16635
4170,16636
4170,16637
4170,16638
4170,16639
4170,16640
4170,16641
4170,16642
4170,16643
4170,16644
4170,16645
4170,16646
4170,16647
4170,16648
4170,16649
4170,16650
4170,16651
4170,16652
4170,16653
4170,16654
4170,16655
4170,16656
4170,16657
4170,16658
4170,16659
4170,16660
4170,16661
4170,16662
4170,16663
4171,16480
4171,16481
4171,16482
4171,16483
4171,16484
4171,16485
4171,16486
4171,16487
4171,16488
4171,16489
4171,16490
4171,16491
4171,16492
4171,16493
4171,16494
4171,16495
4171,16496
4171,16497
4171,16498
4171,16499
4171,16500
4171,16501
4171,16502
4171,16503
4171,16504
4171,16505
4171,16506
4171,16507
4171,16508
4171,16509
4171,16510
4171,16511
4171,16512
4171,16513
4171,16514
4171,16515
4171,16516
4171,16517
4171,16518
4171,16519
4171,16520
4171,16521
4171,16522
4171,16523
4171,16524
4171,16525
4171,16526
4171,16527
4171,16528
4171,16529
4171,16530
4171,16531
4171,16532
4171,16533
4171,16534
4171,16535
4171,16536
4171,16537
4171,16538
4171,16539
4171,16540
4171,16541
4171,16542
4171,16543
4171,16544
4171,16545
4171,16546
4171,16547
4171,16548
4171,16549
4171,16550
4171,16551
4171,16552
4171,16553
4171,16554
4171,16555
4171,16556
4171,16557
4171,16558
4171,16559
4171,16560
4171,16561
4171,16562
4171,16563
4171,16564
4171,16565
4171,16566
4171,16567
4171,16568
4171,16569
4171,16570
4171,16571
4171,16572
4171,16573
4171,16574
4171,16575
4171,16576
4171,16577
4171,16578
4171,16579
4171,16580
4171,16581
4171,16582
4171,16583
4171,16584
4171,16585
4171,16586
4171,16587
4171,16588
4171,16589
4171,16590
4171,16591
4171,16592
4171,16593
4171,16594
4171,16595
4171,16596
4171,16597
4171,16598
4171,16599
4171,16600
4171,16601
4171,16602
4171,16603
4171,16604
4171,16605
4171,16606
4171,16607
4171,16608
4171,16609
4171,16610
4171,16611
4171,16612
4171,16613
4171,16614
4171,16615
4171,16616
4171,16617
4171,16618
4171,16619
4171,16620
4171,16621
4171,16622
4171,16623
4171,16624
4171,16625
4171,16626
4171,16627
4171,16628
4171,16629
4171,16630
4171,16631
4171,16632
4171,16633
4171,16634
4171,16635
4171,16636
4171,16637
4171,16638
4171,16639
4171,16640
4171,16641
4171,16642
4171,16643
4171,16644
4171,16645
4171,16646
4171,16647
4171,16648
4171,16649
4171,16650
4171,16651
4171,16652
4171,16653
4171,16654
4171,16655
4171,16656
4171,16657
4171,16658
4171,16659
4171,16660
4171,16661
4171,16662
4171,16663
4171,16664
4172,16480
4172,16481
4172,16482
4172,16483
4172,16484
4172,16485
4172,16486
4172,16487
4172,16488
4172,16489
4172,16490
4172,16491
4172,16492
4172,16493
4172,16494
4172,16495
4172,16496
4172,16497
4172,16498
4172,16499
4172,16500
4172,16501
4172,16502
4172,16503
4172,16504
4172,16505
4172,16506
4172,16507
4172,16508
4172,16509
4172,16510
4172,16511
4172,16512
4172,16513
4172,16514
4172,16515
4172,16516
4172,16517
4172,16518
4172,16519
4172,16520
4172,16521
4172,16522
4172,16523
4172,16524
4172,16525
4172,16526
4172,16527
4172,16528
4172,16529
4172,16530
4172,16531
4172,16532
4172,16533
4172,16534
4172,16535
4172,16536
4172,16537
4172,16538
4172,16539
4172,16540
4172,16541
4172,16542
4172,16543
4172,16544
4172,16545
4172,16546
4172,16547
4172,16548
4172,16549
4172,16550
4172,16551
4172,16552
4172,16553
4172,16554
4172,16555
4172,16556
4172,16557
4172,16558
4172,16559
4172,16560
4172,16561
4172,16562
4172,16563
4172,16564
4172,16565
4172,16566
4172,16567
4172,16568
4172,16569
4172,16570
4172,16571
4172,16572
4172,16573
4172,16574
4172,16575
4172,16576
4172,16577
4172,16578
4172,16579
4172,16580
4172,16581
4172,16582
4172,16583
4172,16584
4172,16585
4172,16586
4172,16587
4172,16588
4172,16589
4172,16590
4172,16591
4172,16592
4172,16593
4172,16594
4172,16595
4172,16596
4172,16597
4172,16598
4172,16599
4172,16600
4172,16601
4172,16602
4172,16603
4172,16604
4172,16605
4172,16606
4172,16607
4172,16608
4172,16609
4172,16610
4172,16611
4172,16612
4172,16613
4172,16614
4172,16615
4172,16616
4172,16617
4172,16618
4172,16619
4172,16620
4172,16621
4172,16622
4172,16623
4172,16624
4172,16625
4172,16626
4172,16627
4172,16628
4172,16629
4172,16630
4172,16631
4172,16632
4172,16633
4172,16634
4172,16635
4172,16636
4172,16637
4172,16638
4172,16639
4172,16640
4172,16641
4172,16642
4172,16643
4172,16644
4172,16645
4172,16646
4172,16647
4172,16648
4172,16649
4172,16650
4172,16651
4172,16652
4172,16653
4172,16654
4172,16655
4172,16656
4172,16657
4172,16658
4172,16659
4172,16660
4172,16661
4172,16662
4172,16663
4172,16664
4172,16665
4173,16479
4173,16480
4173,16481
4173,16482
4173,16483
4173,16484
4173,16485
4173,16486
4173,16487
4173,16488
4173,16489
4173,16490
4173,16491
4173,16492
4173,16493
4173,16494
4173,16495
4173,16496
4173,16497
4173,16498
4173,16499
4173,16500
4173,16501
4173,16502
4173,16503
4173,16504
4173,16505
4173,16506
4173,16507
4173,16508
4173,16509
4173,16510
4173,16511
4173,16512
4173,16513
4173,16514
4173,16515
4173,16516
4173,16517
4173,16518
4173,16519
4173,16520
4173,16521
4173,16522
4173,16523
4173,16524
4173,16525
4173,16526
4173,16527
4173,16528
4173,16529
4173,16530
4173,16531
4173,16532
4173,16533
4173,16534
4173,16535
4173,16536
4173,16537
4173,16538
4173,16539
4173,16540
4173,16541
4173,16542
4173,16543
4173,16544
4173,16545
4173,16546
4173,16547
4173,16548
4173,16549
4173,16550
4173,16551
4173,16552
4173,16553
4173,16554
4173,16555
4173,16556
4173,16557
4173,16558
4173,16559
4173,16560
4173,16561
4173,16562
4173,16563
4173,16564
4173,16565
4173,16566
4173,16567
4173,16568
4173,16569
4173,16570
4173,16571
4173,16572
4173,16573
4173,16574
4173,16575
4173,16576
4173,16577
4173,16578
4173,16579
4173,16580
4173,16581
4173,16582
4173,16583
4173,16584
4173,16585
4173,16586
4173,16587
4173,16588
4173,16589
4173,16590
4173,16591
4173,16592
4173,16593
4173,16594
4173,16595
4173,16596
4173,16597
4173,16598
4173,16599
4173,16600
4173,16601
4173,16602
4173,16603
4173,16604
4173,16605
4173,16606
4173,16607
4173,16608
4173,16609
4173,16610
4173,16611
4173,16612
4173,16613
4173,16614
4173,16615
4173,16616
4173,16617
4173,16618
4173,16619
4173,16620
4173,16621
4173,16622
4173,16623
4173,16624
4173,16625
4173,16626
4173,16627
4173,16628
4173,16629
4173,16630
4173,16631
4173,16632
4173,16633
4173,16634
4173,16635
4173,16636
4173,16637
4173,16638
4173,16639
4173,16640
4173,16641
4173,16642
4173,16643
4173,16644
4173,16645
4173,16646
4173,16647
4173,16648
4173,16649
4173,16650
4173,16651
4173,16652
4173,16653
4173,16654
4173,16655
4173,16656
4173,16657
4173,16658
4173,16659
4173,16660
4173,16661
4173,16662
4173,16663
4173,16664
4173,16665
4173,16666
4174,16479
4174,16480
4174,16481
4174,16482
4174,16483
4174,16484
4174,16485
4174,16486
4174,16487
4174,16488
4174,16489
4174,16490
4174,16491
4174,16492
4174,16493
4174,16494
4174,16495
4174,16496
4174,16497
4174,16498
4174,16499
4174,16500
4174,16501
4174,16502
4174,16503
4174,16504
4174,16505
4174,16506
4174,16507
4174,16508
4174,16509
4174,16510
4174,16511
4174,16512
4174,16513
4174,16514
4174,16515
4174,16516
4174,16517
4174,16518
4174,16519
4174,16520
4174,16521
4174,16522
4174,16523
4174,16524
4174,16525
4174,16526
4174,16527
4174,16528
4174,16529
4174,16530
4174,16531
4174,16532
4174,16533
4174,16534
4174,16535
4174,16536
4174,16537
4174,16538
4174,16539
4174,16540
4174,16541
4174,16542
4174,16543
4174,16544
4174,16545
4174,16546
4174,16547
4174,16548
4174,16549
4174,16550
4174,16551
4174,16552
4174,16553
4174,16554
4174,16555
4174,16556
4174,16557
4174,16558
4174,16559
4174,16560
4174,16561
4174,16562
4174,16563
4174,16564
4174,16565
4174,16566
4174,16567
4174,16568
4174,16569
4174,16570
4174,16571
4174,16572
4174,16573
4174,16574
4174,16575
4174,16576
4174,16577
4174,16578
4174,16579
4174,16580
4174,16581
4174,16582
4174,16583
4174,16584
4174,16585
4174,16586
4174,16587
4174,16588
4174,16589
4174,16590
4174,16591
4174,16592
4174,16593
4174,16594
4174,16595
4174,16596
4174,16597
4174,16598
4174,16599
4174,16600
4174,16601
4174,16602
4174,16603
4174,16604
4174,16605
4174,16606
4174,16607
4174,16608
4174,16609
4174,16610
4174,16611
4174,16612
4174,16613
4174,16614
4174,16615
4174,16616
4174,16617
4174,16618
4174,16619
4174,16620
4174,16621
4174,16622
4174,16623
4174,16624
4174,16625
4174,16626
4174,16627
4174,16628
4174,16629
4174,16630
4174,16631
4174,16632
4174,16633
4174,16634
4174,16635
4174,16636
4174,16637
4174,16638
4174,16639
4174,16640
4174,16641
4174,16642
4174,16643
4174,16644
4174,16645
4174,16646
4174,16647
4174,16648
4174,16649
4174,16650
4174,16651
4174,16652
4174,16653
4174,16654
4174,16655
4174,16656
4174,16657
4174,16658
4174,16659
4174,16660
4174,16661
4174,16662
4174,16663
4174,16664
4174,16665
4174,16666
4175,16477
4175,16478
4175,16479
4175,16480
4175,16481
4175,16482
4175,16483
4175,16484
4175,16485
4175,16486
4175,16487
4175,16488
4175,16489
4175,16490
4175,16491
4175,16492
4175,16493
4175,16494
4175,16495
4175,16496
4175,16497
4175,16498
4175,16499
4175,16500
4175,16501
4175,16502
4175,16503
4175,16504
4175,16505
4175,16506
4175,16507
4175,16508
4175,16509
4175,16510
4175,16511
4175,16512
4175,16513
4175,16514
4175,16515
4175,16516
4175,16517
4175,16518
4175,16519
4175,16520
4175,16521
4175,16522
4175,16523
4175,16524
4175,16525
4175,16526
4175,16527
4175,16528
4175,16529
4175,16530
4175,16531
4175,16532
4175,16533
4175,16534
4175,16535
4175,16536
4175,16537
4175,16538
4175,16539
4175,16540
4175,16541
4175,16542
4175,16543
4175,16544
4175,16545
4175,16546
4175,16547
4175,16548
4175,16549
4175,16550
4175,16551
4175,16552
4175,16553
4175,16554
4175,16555
4175,16556
4175,16557
4175,16558
4175,16559
4175,16560
4175,16561
4175,16562
4175,16563
4175,16564
4175,16565
4175,16566
4175,16567
4175,16568
4175,16569
4175,16570
4175,16571
4175,16572
4175,16573
4175,16574
4175,16575
4175,16576
4175,16577
4175,16578
4175,16579
4175,16580
4175,16581
4175,16582
4175,16583
4175,16584
4175,16585
4175,16586
4175,16587
4175,16588
4175,16589
4175,16590
4175,16591
4175,16592
4175,16593
4175,16594
4175,16595
4175,16596
4175,16597
4175,16598
4175,16599
4175,16600
4175,16601
4175,16602
4175,16603
4175,16604
4175,16605
4175,16606
4175,16607
4175,16608
4175,16609
4175,16610
4175,16611
4175,16612
4175,16613
4175,16614
4175,16615
4175,16616
4175,16617
4175,16618
4175,16619
4175,16620
4175,16621
4175,16622
4175,16623
4175,16624
4175,16625
4175,16626
4175,16627
4175,16628
4175,16629
4175,16630
4175,16631
4175,16632
4175,16633
4175,16634
4175,16635
4175,16636
4175,16637
4175,16638
4175,16639
4175,16640
4175,16641
4175,16642
4175,16643
4175,16644
4175,16645
4175,16646
4175,16647
4175,16648
4175,16649
4175,16650
4175,16651
4175,16652
4175,16653
4175,16654
4175,16655
4175,16656
4175,16657
4175,16658
4175,16659
4175,16660
4175,16661
4175,16662
4175,16663
4175,16664
4175,16665
4175,16666
4175,16667
4176,16476
4176,16477
4176,16478
4176,16479
4176,16480
4176,16481
4176,16482
4176,16483
4176,16484
4176,16485
4176,16486
4176,16487
4176,16488
4176,16489
4176,16490
4176,16491
4176,16492
4176,16493
4176,16494
4176,16495
4176,16496
4176,16497
4176,16498
4176,16499
4176,16500
4176,16501
4176,16502
4176,16503
4176,16504
4176,16505
4176,16506
4176,16507
4176,16508
4176,16509
4176,16510
4176,16511
4176,16512
4176,16513
4176,16514
4176,16515
4176,16516
4176,16517
4176,16518
4176,16519
4176,16520
4176,16521
4176,16522
4176,16523
4176,16524
4176,16525
4176,16526
4176,16527
4176,16528
4176,16529
4176,16530
4176,16531
4176,16532
4176,16533
4176,16534
4176,16535
4176,16536
4176,16537
4176,16538
4176,16539
4176,16540
4176,16541
4176,16542
4176,16543
4176,16544
4176,16545
4176,16546
4176,16547
4176,16548
4176,16549
4176,16550
4176,16551
4176,16552
4176,16553
4176,16554
4176,16555
4176,16556
4176,16557
4176,16558
4176,16559
4176,16560
4176,16561
4176,16562
4176,16563
4176,16564
4176,16565
4176,16566
4176,16567
4176,16568
4176,16569
4176,16570
4176,16571
4176,16572
4176,16573
4176,16574
4176,16575
4176,16576
4176,16577
4176,16578
4176,16579
4176,16580
4176,16581
4176,16582
4176,16583
4176,16584
4176,16585
4176,16586
4176,16587
4176,16588
4176,16589
4176,16590
4176,16591
4176,16592
4176,16593
4176,16594
4176,16595
4176,16596
4176,16597
4176,16598
4176,16599
4176,16600
4176,16601
4176,16602
4176,16603
4176,16604
4176,16605
4176,16606
4176,16607
4176,16608
4176,16609
4176,16610
4176,16611
4176,16612
4176,16613
4176,16614
4176,16615
4176,16616
4176,16617
4176,16618
4176,16619
4176,16620
4176,16621
4176,16622
4176,16623
4176,16624
4176,16625
4176,16626
4176,16627
4176,16628
4176,16629
4176,16630
4176,16631
4176,16632
4176,16633
4176,16634
4176,16635
4176,16636
4176,16637
4176,16638
4176,16639
4176,16640
4176,16641
4176,16642
4176,16643
4176,16644
4176,16645
4176,16646
4176,16647
4176,16648
4176,16649
4176,16650
4176,16651
4176,16652
4176,16653
4176,16654
4176,16655
4176,16656
4176,16657
4176,16658
4176,16659
4176,16660
4176,16661
4176,16662
4176,16663
4176,16664
4176,16665
4176,16666
4176,16667
4177,16475
4177,16476
4177,16477
4177,16478
4177,16479
4177,16480
4177,16481
4177,16482
4177,16483
4177,16484
4177,16485
4177,16486
4177,16487
4177,16488
4177,16489
4177,16490
4177,16491
4177,16492
4177,16493
4177,16494
4177,16495
4177,16496
4177,16497
4177,16498
4177,16499
4177,16500
4177,16501
4177,16502
4177,16503
4177,16504
4177,16505
4177,16506
4177,16507
4177,16508
4177,16509
4177,16510
4177,16511
4177,16512
4177,16513
4177,16514
4177,16515
4177,16516
4177,16517
4177,16518
4177,16519
4177,16520
4177,16521
4177,16522
4177,16523
4177,16524
4177,16525
4177,16526
4177,16527
4177,16528
4177,16529
4177,16530
4177,16531
4177,16532
4177,16533
4177,16534
4177,16535
4177,16536
4177,16537
4177,16538
4177,16539
4177,16540
4177,16541
4177,16542
4177,16543
4177,16544
4177,16545
4177,16546
4177,16547
4177,16548
4177,16549
4177,16550
4177,16551
4177,16552
4177,16553
4177,16554
4177,16555
4177,16556
4177,16557
4177,16558
4177,16559
4177,16560
4177,16561
4177,16562
4177,16563
4177,16564
4177,16565
4177,16566
4177,16567
4177,16568
4177,16569
4177,16570
4177,16571
4177,16572
4177,16573
4177,16574
4177,16575
4177,16576
4177,16577
4177,16578
4177,16579
4177,16580
4177,16581
4177,16582
4177,16583
4177,16584
4177,16585
4177,16586
4177,16587
4177,16588
4177,16589
4177,16590
4177,16591
4177,16592
4177,16593
4177,16594
4177,16595
4177,16596
4177,16597
4177,16598
4177,16599
4177,16600
4177,16601
4177,16602
4177,16603
4177,16604
4177,16605
4177,16606
4177,16607
4177,16608
4177,16609
4177,16610
4177,16611
4177,16612
4177,16613
4177,16614
4177,16615
4177,16616
4177,16617
4177,16618
4177,16619
4177,16620
4177,16621
4177,16622
4177,16623
4177,16624
4177,16625
4177,16626
4177,16627
4177,16628
4177,16629
4177,16630
4177,16631
4177,16632
4177,16633
4177,16634
4177,16635
4177,16636
4177,16637
4177,16638
4177,16639
4177,16640
4177,16641
4177,16642
4177,16643
4177,16644
4177,16645
4177,16646
4177,16647
4177,16648
4177,16649
4177,16650
4177,16651
4177,16652
4177,16653
4177,16654
4177,16655
4177,16656
4177,16657
4177,16658
4177,16659
4177,16660
4177,16661
4177,16662
4177,16663
4177,16664
4177,16665
4177,16666
4177,16667
4177,16668
4178,16475
4178,16476
4178,16477
4178,16478
4178,16479
4178,16480
4178,16481
4178,16482
4178,16483
4178,16484
4178,16485
4178,16486
4178,16487
4178,16488
4178,16489
4178,16490
4178,16491
4178,16492
4178,16493
4178,16494
4178,16495
4178,16496
4178,16497
4178,16498
4178,16499
4178,16500
4178,16501
4178,16502
4178,16503
4178,16504
4178,16505
4178,16506
4178,16507
4178,16508
4178,16509
4178,16510
4178,16511
4178,16512
4178,16513
4178,16514
4178,16515
4178,16516
4178,16517
4178,16518
4178,16519
4178,16520
4178,16521
4178,16522
4178,16523
4178,16524
4178,16525
4178,16526
4178,16527
4178,16528
4178,16529
4178,16530
4178,16531
4178,16532
4178,16533
4178,16534
4178,16535
4178,16536
4178,16537
4178,16538
4178,16539
4178,16540
4178,16541
4178,16542
4178,16543
4178,16544
4178,16545
4178,16546
4178,16547
4178,16548
4178,16549
4178,16550
4178,16551
4178,16552
4178,16553
4178,16554
4178,16555
4178,16556
4178,16557
4178,16558
4178,16559
4178,16560
4178,16561
4178,16562
4178,16563
4178,16564
4178,16565
4178,16566
4178,16567
4178,16568
4178,16569
4178,16570
4178,16571
4178,16572
4178,16573
4178,16574
4178,16575
4178,16576
4178,16577
4178,16578
4178,16579
4178,16580
4178,16581
4178,16582
4178,16583
4178,16584
4178,16585
4178,16586
4178,16587
4178,16588
4178,16589
4178,16590
4178,16591
4178,16592
4178,16593
4178,16594
4178,16595
4178,16596
4178,16597
4178,16598
4178,16599
4178,16600
4178,16601
4178,16602
4178,16603
4178,16604
4178,16605
4178,16606
4178,16607
4178,16608
4178,16609
4178,16610
4178,16611
4178,16612
4178,16613
4178,16614
4178,16615
4178,16616
4178,16617
4178,16618
4178,16619
4178,16620
4178,16621
4178,16622
4178,16623
4178,16624
4178,16625
4178,16626
4178,16627
4178,16628
4178,16629
4178,16630
4178,16631
4178,16632
4178,16633
4178,16634
4178,16635
4178,16636
4178,16637
4178,16638
4178,16639
4178,16640
4178,16641
4178,16642
4178,16643
4178,16644
4178,16645
4178,16646
4178,16647
4178,16648
4178,16649
4178,16650
4178,16651
4178,16652
4178,16653
4178,16654
4178,16655
4178,16656
4178,16657
4178,16658
4178,16659
4178,16660
4178,16661
4178,16662
4178,16663
4178,16664
4178,16665
4178,16666
4178,16667
4178,16668
4178,16669
4179,16475
4179,16476
4179,16477
4179,16478
4179,16479
4179,16480
4179,16481
4179,16482
4179,16483
4179,16484
4179,16485
4179,16486
4179,16487
4179,16488
4179,16489
4179,16490
4179,16491
4179,16492
4179,16493
4179,16494
4179,16495
4179,16496
4179,16497
4179,16498
4179,16499
4179,16500
4179,16501
4179,16502
4179,16503
4179,16504
4179,16505
4179,16506
4179,16507
4179,16508
4179,16509
4179,16510
4179,16511
4179,16512
4179,16513
4179,16514
4179,16515
4179,16516
4179,16517
4179,16518
4179,16519
4179,16520
4179,16521
4179,16522
4179,16523
4179,16524
4179,16525
4179,16526
4179,16527
4179,16528
4179,16529
4179,16530
4179,16531
4179,16532
4179,16533
4179,16534
4179,16535
4179,16536
4179,16537
4179,16538
4179,16539
4179,16540
4179,16541
4179,16542
4179,16543
4179,16544
4179,16545
4179,16546
4179,16547
4179,16548
4179,16549
4179,16550
4179,16551
4179,16552
4179,16553
4179,16554
4179,16555
4179,16556
4179,16557
4179,16558
4179,16559
4179,16560
4179,16561
4179,16562
4179,16563
4179,16564
4179,16565
4179,16566
4179,16567
4179,16568
4179,16569
4179,16570
4179,16571
4179,16572
4179,16573
4179,16574
4179,16575
4179,16576
4179,16577
4179,16578
4179,16579
4179,16580
4179,16581
4179,16582
4179,16583
4179,16584
4179,16585
4179,16586
4179,16587
4179,16588
4179,16589
4179,16590
4179,16591
4179,16592
4179,16593
4179,16594
4179,16595
4179,16596
4179,16597
4179,16598
4179,16599
4179,16600
4179,16601
4179,16602
4179,16603
4179,16604
4179,16605
4179,16606
4179,16607
4179,16608
4179,16609
4179,16610
4179,16611
4179,16612
4179,16613
4179,16614
4179,16615
4179,16616
4179,16617
4179,16618
4179,16619
4179,16620
4179,16621
4179,16622
4179,16623
4179,16624
4179,16625
4179,16626
4179,16627
4179,16628
4179,16629
4179,16630
4179,16631
4179,16632
4179,16633
4179,16634
4179,16635
4179,16636
4179,16637
4179,16638
4179,16639
4179,16640
4179,16641
4179,16642
4179,16643
4179,16644
4179,16645
4179,16646
4179,16647
4179,16648
4179,16649
4179,16650
4179,16651
4179,16652
4179,16653
4179,16654
4179,16655
4179,16656
4179,16657
4179,16658
4179,16659
4179,16660
4179,16661
4179,16662
4179,16663
4179,16664
4179,16665
4179,16666
4179,16667
4179,16668
4179,16669
4179,16670
4180,16474
4180,16475
4180,16476
4180,16477
4180,16478
4180,16479
4180,16480
4180,16481
4180,16482
4180,16483
4180,16484
4180,16485
4180,16486
4180,16487
4180,16488
4180,16489
4180,16490
4180,16491
4180,16492
4180,16493
4180,16494
4180,16495
4180,16496
4180,16497
4180,16498
4180,16499
4180,16500
4180,16501
4180,16502
4180,16503
4180,16504
4180,16505
4180,16506
4180,16507
4180,16508
4180,16509
4180,16510
4180,16511
4180,16512
4180,16513
4180,16514
4180,16515
4180,16516
4180,16517
4180,16518
4180,16519
4180,16520
4180,16521
4180,16522
4180,16523
4180,16524
4180,16525
4180,16526
4180,16527
4180,16528
4180,16529
4180,16530
4180,16531
4180,16532
4180,16533
4180,16534
4180,16535
4180,16536
4180,16537
4180,16538
4180,16539
4180,16540
4180,16541
4180,16542
4180,16543
4180,16544
4180,16545
4180,16546
4180,16547
4180,16548
4180,16549
4180,16550
4180,16551
4180,16552
4180,16553
4180,16554
4180,16555
4180,16556
4180,16557
4180,16558
4180,16559
4180,16560
4180,16561
4180,16562
4180,16563
4180,16564
4180,16565
4180,16566
4180,16567
4180,16568
4180,16569
4180,16570
4180,16571
4180,16572
4180,16573
4180,16574
4180,16575
4180,16576
4180,16577
4180,16578
4180,16579
4180,16580
4180,16581
4180,16582
4180,16583
4180,16584
4180,16585
4180,16586
4180,16587
4180,16588
4180,16589
4180,16590
4180,16591
4180,16592
4180,16593
4180,16594
4180,16595
4180,16596
4180,16597
4180,16598
4180,16599
4180,16600
4180,16601
4180,16602
4180,16603
4180,16604
4180,16605
4180,16606
4180,16607
4180,16608
4180,16609
4180,16610
4180,16611
4180,16612
4180,16613
4180,16614
4180,16615
4180,16616
4180,16617
4180,16618
4180,16619
4180,16620
4180,16621
4180,16622
4180,16623
4180,16624
4180,16625
4180,16626
4180,16627
4180,16628
4180,16629
4180,16630
4180,16631
4180,16632
4180,16633
4180,16634
4180,16635
4180,16636
4180,16637
4180,16638
4180,16639
4180,16640
4180,16641
4180,16642
4180,16643
4180,16644
4180,16645
4180,16646
4180,16647
4180,16648
4180,16649
4180,16650
4180,16651
4180,16652
4180,16653
4180,16654
4180,16655
4180,16656
4180,16657
4180,16658
4180,16659
4180,16660
4180,16661
4180,16662
4180,16663
4180,16664
4180,16665
4180,16666
4180,16667
4180,16668
4180,16669
4180,16670
4180,16671
4181,16475
4181,16476
4181,16477
4181,16478
4181,16479
4181,16480
4181,16481
4181,16482
4181,16483
4181,16484
4181,16485
4181,16486
4181,16487
4181,16488
4181,16489
4181,16490
4181,16491
4181,16492
4181,16493
4181,16494
4181,16495
4181,16496
4181,16497
4181,16498
4181,16499
4181,16500
4181,16501
4181,16502
4181,16503
4181,16504
4181,16505
4181,16506
4181,16507
4181,16508
4181,16509
4181,16510
4181,16511
4181,16512
4181,16513
4181,16514
4181,16515
4181,16516
4181,16517
4181,16518
4181,16519
4181,16520
4181,16521
4181,16522
4181,16523
4181,16524
4181,16525
4181,16526
4181,16527
4181,16528
4181,16529
4181,16530
4181,16531
4181,16532
4181,16533
4181,16534
4181,16535
4181,16536
4181,16537
4181,16538
4181,16539
4181,16540
4181,16541
4181,16542
4181,16543
4181,16544
4181,16545
4181,16546
4181,16547
4181,16548
4181,16549
4181,16550
4181,16551
4181,16552
4181,16553
4181,16554
4181,16555
4181,16556
4181,16557
4181,16558
4181,16559
4181,16560
4181,16561
4181,16562
4181,16563
4181,16564
4181,16565
4181,16566
4181,16567
4181,16568
4181,16569
4181,16570
4181,16571
4181,16572
4181,16573
4181,16574
4181,16575
4181,16576
4181,16577
4181,16578
4181,16579
4181,16580
4181,16581
4181,16582
4181,16583
4181,16584
4181,16585
4181,16586
4181,16587
4181,16588
4181,16589
4181,16590
4181,16591
4181,16592
4181,16593
4181,16594
4181,16595
4181,16596
4181,16597
4181,16598
4181,16599
4181,16600
4181,16601
4181,16602
4181,16603
4181,16604
4181,16605
4181,16606
4181,16607
4181,16608
4181,16609
4181,16610
4181,16611
4181,16612
4181,16613
4181,16614
4181,16615
4181,16616
4181,16617
4181,16618
4181,16619
4181,16620
4181,16621
4181,16622
4181,16623
4181,16624
4181,16625
4181,16626
4181,16627
4181,16628
4181,16629
4181,16630
4181,16631
4181,16632
4181,16633
4181,16634
4181,16635
4181,16636
4181,16637
4181,16638
4181,16639
4181,16640
4181,16641
4181,16642
4181,16643
4181,16644
4181,16645
4181,16646
4181,16647
4181,16648
4181,16649
4181,16650
4181,16651
4181,16652
4181,16653
4181,16654
4181,16655
4181,16656
4181,16657
4181,16658
4181,16659
4181,16660
4181,16661
4181,16662
4181,16663
4181,16664
4181,16665
4181,16666
4181,16667
4181,16668
4181,16669
4181,16670
4181,16671
4182,16475
4182,16476
4182,16477
4182,16478
4182,16479
4182,16480
4182,16481
4182,16482
4182,16483
4182,16484
4182,16485
4182,16486
4182,16487
4182,16488
4182,16489
4182,16490
4182,16491
4182,16492
4182,16493
4182,16494
4182,16495
4182,16496
4182,16497
4182,16498
4182,16499
4182,16500
4182,16501
4182,16502
4182,16503
4182,16504
4182,16505
4182,16506
4182,16507
4182,16508
4182,16509
4182,16510
4182,16511
4182,16512
4182,16513
4182,16514
4182,16515
4182,16516
4182,16517
4182,16518
4182,16519
4182,16520
4182,16521
4182,16522
4182,16523
4182,16524
4182,16525
4182,16526
4182,16527
4182,16528
4182,16529
4182,16530
4182,16531
4182,16532
4182,16533
4182,16534
4182,16535
4182,16536
4182,16537
4182,16538
4182,16539
4182,16540
4182,16541
4182,16542
4182,16543
4182,16544
4182,16545
4182,16546
4182,16547
4182,16548
4182,16549
4182,16550
4182,16551
4182,16552
4182,16553
4182,16554
4182,16555
4182,16556
4182,16557
4182,16558
4182,16559
4182,16560
4182,16561
4182,16562
4182,16563
4182,16564
4182,16565
4182,16566
4182,16567
4182,16568
4182,16569
4182,16570
4182,16571
4182,16572
4182,16573
4182,16574
4182,16575
4182,16576
4182,16577
4182,16578
4182,16579
4182,16580
4182,16581
4182,16582
4182,16583
4182,16584
4182,16585
4182,16586
4182,16587
4182,16588
4182,16589
4182,16590
4182,16591
4182,16592
4182,16593
4182,16594
4182,16595
4182,16596
4182,16597
4182,16598
4182,16599
4182,16600
4182,16601
4182,16602
4182,16603
4182,16604
4182,16605
4182,16606
4182,16607
4182,16608
4182,16609
4182,16610
4182,16611
4182,16612
4182,16613
4182,16614
4182,16615
4182,16616
4182,16617
4182,16618
4182,16619
4182,16620
4182,16621
4182,16622
4182,16623
4182,16624
4182,16625
4182,16626
4182,16627
4182,16628
4182,16629
4182,16630
4182,16631
4182,16632
4182,16633
4182,16634
4182,16635
4182,16636
4182,16637
4182,16638
4182,16639
4182,16640
4182,16641
4182,16642
4182,16643
4182,16644
4182,16645
4182,16646
4182,16647
4182,16648
4182,16649
4182,16650
4182,16651
4182,16652
4182,16653
4182,16654
4182,16655
4182,16656
4182,16657
4182,16658
4182,16659
4182,16660
4182,16661
4182,16662
4182,16663
4182,16664
4182,16665
4182,16666
4182,16667
4182,16668
4182,16669
4182,16670
4182,16671
4183,16475
4183,16476
4183,16477
4183,16478
4183,16479
4183,16480
4183,16481
4183,16482
4183,16483
4183,16484
4183,16485
4183,16486
4183,16487
4183,16488
4183,16489
4183,16490
4183,16491
4183,16492
4183,16493
4183,16494
4183,16495
4183,16496
4183,16497
4183,16498
4183,16499
4183,16500
4183,16501
4183,16502
4183,16503
4183,16504
4183,16505
4183,16506
4183,16507
4183,16508
4183,16509
4183,16510
4183,16511
4183,16512
4183,16513
4183,16514
4183,16515
4183,16516
4183,16517
4183,16518
4183,16519
4183,16520
4183,16521
4183,16522
4183,16523
4183,16524
4183,16525
4183,16526
4183,16527
4183,16528
4183,16529
4183,16530
4183,16531
4183,16532
4183,16533
4183,16534
4183,16535
4183,16536
4183,16537
4183,16538
4183,16539
4183,16540
4183,16541
4183,16542
4183,16543
4183,16544
4183,16545
4183,16546
4183,16547
4183,16548
4183,16549
4183,16550
4183,16551
4183,16552
4183,16553
4183,16554
4183,16555
4183,16556
4183,16557
4183,16558
4183,16559
4183,16560
4183,16561
4183,16562
4183,16563
4183,16564
4183,16565
4183,16566
4183,16567
4183,16568
4183,16569
4183,16570
4183,16571
4183,16572
4183,16573
4183,16574
4183,16575
4183,16576
4183,16577
4183,16578
4183,16579
4183,16580
4183,16581
4183,16582
4183,16583
4183,16584
4183,16585
4183,16586
4183,16587
4183,16588
4183,16589
4183,16590
4183,16591
4183,16592
4183,16593
4183,16594
4183,16595
4183,16596
4183,16597
4183,16598
4183,16599
4183,16600
4183,16601
4183,16602
4183,16603
4183,16604
4183,16605
4183,16606
4183,16607
4183,16608
4183,16609
4183,16610
4183,16611
4183,16612
4183,16613
4183,16614
4183,16615
4183,16616
4183,16617
4183,16618
4183,16619
4183,16620
4183,16621
4183,16622
4183,16623
4183,16624
4183,16625
4183,16626
4183,16627
4183,16628
4183,16629
4183,16630
4183,16631
4183,16632
4183,16633
4183,16634
4183,16635
4183,16636
4183,16637
4183,16638
4183,16639
4183,16640
4183,16641
4183,16642
4183,16643
4183,16644
4183,16645
4183,16646
4183,16647
4183,16648
4183,16649
4183,16650
4183,16651
4183,16652
4183,16653
4183,16654
4183,16655
4183,16656
4183,16657
4183,16658
4183,16659
4183,16660
4183,16661
4183,16662
4183,16663
4183,16664
4183,16665
4183,16666
4183,16667
4183,16668
4183,16669
4183,16670
4183,16671
4183,16672
4184,16476
4184,16477
4184,16478
4184,16479
4184,16480
4184,16481
4184,16482
4184,16483
4184,16484
4184,16485
4184,16486
4184,16487
4184,16488
4184,16489
4184,16490
4184,16491
4184,16492
4184,16493
4184,16494
4184,16495
4184,16496
4184,16497
4184,16498
4184,16499
4184,16500
4184,16501
4184,16502
4184,16503
4184,16504
4184,16505
4184,16506
4184,16507
4184,16508
4184,16509
4184,16510
4184,16511
4184,16512
4184,16513
4184,16514
4184,16515
4184,16516
4184,16517
4184,16518
4184,16519
4184,16520
4184,16521
4184,16522
4184,16523
4184,16524
4184,16525
4184,16526
4184,16527
4184,16528
4184,16529
4184,16530
4184,16531
4184,16532
4184,16533
4184,16534
4184,16535
4184,16536
4184,16537
4184,16538
4184,16539
4184,16540
4184,16541
4184,16542
4184,16543
4184,16544
4184,16545
4184,16546
4184,16547
4184,16548
4184,16549
4184,16550
4184,16551
4184,16552
4184,16553
4184,16554
4184,16555
4184,16556
4184,16557
4184,16558
4184,16559
4184,16560
4184,16561
4184,16562
4184,16563
4184,16564
4184,16565
4184,16566
4184,16567
4184,16568
4184,16569
4184,16570
4184,16571
4184,16572
4184,16573
4184,16574
4184,16575
4184,16576
4184,16577
4184,16578
4184,16579
4184,16580
4184,16581
4184,16582
4184,16583
4184,16584
4184,16585
4184,16586
4184,16587
4184,16588
4184,16589
4184,16590
4184,16591
4184,16592
4184,16593
4184,16594
4184,16595
4184,16596
4184,16597
4184,16598
4184,16599
4184,16600
4184,16601
4184,16602
4184,16603
4184,16604
4184,16605
4184,16606
4184,16607
4184,16608
4184,16609
4184,16610
4184,16611
4184,16612
4184,16613
4184,16614
4184,16615
4184,16616
4184,16617
4184,16618
4184,16619
4184,16620
4184,16621
4184,16622
4184,16623
4184,16624
4184,16625
4184,16626
4184,16627
4184,16628
4184,16629
4184,16630
4184,16631
4184,16632
4184,16633
4184,16634
4184,16635
4184,16636
4184,16637
4184,16638
4184,16639
4184,16640
4184,16641
4184,16642
4184,16643
4184,16644
4184,16645
4184,16646
4184,16647
4184,16648
4184,16649
4184,16650
4184,16651
4184,16652
4184,16653
4184,16654
4184,16655
4184,16656
4184,16657
4184,16658
4184,16659
4184,16660
4184,16661
4184,16662
4184,16663
4184,16664
4184,16665
4184,16666
4184,16667
4184,16668
4184,16669
4184,16670
4184,16671
4184,16672
4184,16673
4185,16477
4185,16478
4185,16479
4185,16480
4185,16481
4185,16482
4185,16483
4185,16484
4185,16485
4185,16486
4185,16487
4185,16488
4185,16489
4185,16490
4185,16491
4185,16492
4185,16493
4185,16494
4185,16495
4185,16496
4185,16497
4185,16498
4185,16499
4185,16500
4185,16501
4185,16502
4185,16503
4185,16504
4185,16505
4185,16506
4185,16507
4185,16508
4185,16509
4185,16510
4185,16511
4185,16512
4185,16513
4185,16514
4185,16515
4185,16516
4185,16517
4185,16518
4185,16519
4185,16520
4185,16521
4185,16522
4185,16523
4185,16524
4185,16525
4185,16526
4185,16527
4185,16528
4185,16529
4185,16530
4185,16531
4185,16532
4185,16533
4185,16534
4185,16535
4185,16536
4185,16537
4185,16538
4185,16539
4185,16540
4185,16541
4185,16542
4185,1