"X","Y"
11310,25453
11310,25454
11310,25455
11311,25435
11311,25438
11311,25450
11311,25451
11311,25452
11311,25453
11311,25454
11311,25455
11311,25456
11311,25457
11311,25458
11311,25460
11311,25465
11312,25433
11312,25434
11312,25435
11312,25436
11312,25437
11312,25438
11312,25439
11312,25440
11312,25449
11312,25450
11312,25451
11312,25452
11312,25453
11312,25454
11312,25455
11312,25456
11312,25457
11312,25458
11312,25459
11312,25460
11312,25461
11312,25462
11312,25463
11312,25464
11312,25465
11312,25466
11312,25467
11312,25468
11313,25432
11313,25433
11313,25434
11313,25435
11313,25436
11313,25437
11313,25438
11313,25439
11313,25440
11313,25441
11313,25448
11313,25449
11313,25450
11313,25451
11313,25452
11313,25453
11313,25454
11313,25455
11313,25456
11313,25457
11313,25458
11313,25459
11313,25460
11313,25461
11313,25462
11313,25463
11313,25464
11313,25465
11313,25466
11313,25467
11313,25468
11313,25469
11313,25470
11313,25471
11313,25472
11313,25473
11313,25474
11313,25475
11313,25476
11313,25477
11313,25478
11313,25479
11313,25480
11313,25481
11313,25482
11313,25483
11313,25484
11313,25485
11313,25486
11313,25487
11313,25488
11313,25489
11313,25490
11313,25491
11313,25492
11313,25493
11313,25494
11313,25495
11313,25496
11313,25497
11313,25498
11313,25499
11313,25500
11313,25501
11313,25502
11313,25503
11313,25504
11313,25505
11313,25506
11313,25507
11313,25508
11313,25509
11313,25510
11313,25511
11313,25512
11313,25513
11313,25514
11313,25515
11313,25516
11313,25517
11314,25431
11314,25432
11314,25433
11314,25434
11314,25435
11314,25436
11314,25437
11314,25438
11314,25439
11314,25440
11314,25441
11314,25442
11314,25447
11314,25448
11314,25449
11314,25450
11314,25451
11314,25452
11314,25453
11314,25454
11314,25455
11314,25456
11314,25457
11314,25458
11314,25459
11314,25460
11314,25461
11314,25462
11314,25463
11314,25464
11314,25465
11314,25466
11314,25467
11314,25468
11314,25469
11314,25470
11314,25471
11314,25472
11314,25473
11314,25474
11314,25475
11314,25476
11314,25477
11314,25478
11314,25479
11314,25480
11314,25481
11314,25482
11314,25483
11314,25484
11314,25485
11314,25486
11314,25487
11314,25488
11314,25489
11314,25490
11314,25491
11314,25492
11314,25493
11314,25494
11314,25495
11314,25496
11314,25497
11314,25498
11314,25499
11314,25500
11314,25501
11314,25502
11314,25503
11314,25504
11314,25505
11314,25506
11314,25507
11314,25508
11314,25509
11314,25510
11314,25511
11314,25512
11314,25513
11314,25514
11314,25515
11314,25516
11314,25517
11314,25518
11315,25431
11315,25432
11315,25433
11315,25434
11315,25435
11315,25436
11315,25437
11315,25438
11315,25439
11315,25440
11315,25441
11315,25442
11315,25446
11315,25447
11315,25448
11315,25449
11315,25450
11315,25451
11315,25452
11315,25453
11315,25454
11315,25455
11315,25456
11315,25457
11315,25458
11315,25459
11315,25460
11315,25461
11315,25462
11315,25463
11315,25464
11315,25465
11315,25466
11315,25467
11315,25468
11315,25469
11315,25470
11315,25471
11315,25472
11315,25473
11315,25474
11315,25475
11315,25476
11315,25477
11315,25478
11315,25479
11315,25480
11315,25481
11315,25482
11315,25483
11315,25484
11315,25485
11315,25486
11315,25487
11315,25488
11315,25489
11315,25490
11315,25491
11315,25492
11315,25493
11315,25494
11315,25495
11315,25496
11315,25497
11315,25498
11315,25499
11315,25500
11315,25501
11315,25502
11315,25503
11315,25504
11315,25505
11315,25506
11315,25507
11315,25508
11315,25509
11315,25510
11315,25511
11315,25512
11315,25513
11315,25514
11315,25515
11315,25516
11315,25517
11315,25518
11315,25519
11316,25430
11316,25431
11316,25432
11316,25433
11316,25434
11316,25435
11316,25436
11316,25437
11316,25438
11316,25439
11316,25440
11316,25441
11316,25442
11316,25443
11316,25444
11316,25445
11316,25446
11316,25447
11316,25448
11316,25449
11316,25450
11316,25451
11316,25452
11316,25453
11316,25454
11316,25455
11316,25456
11316,25457
11316,25458
11316,25459
11316,25460
11316,25461
11316,25462
11316,25463
11316,25464
11316,25465
11316,25466
11316,25467
11316,25468
11316,25469
11316,25470
11316,25471
11316,25472
11316,25473
11316,25474
11316,25475
11316,25476
11316,25477
11316,25478
11316,25479
11316,25480
11316,25481
11316,25482
11316,25483
11316,25484
11316,25485
11316,25486
11316,25487
11316,25488
11316,25489
11316,25490
11316,25491
11316,25492
11316,25493
11316,25494
11316,25495
11316,25496
11316,25497
11316,25498
11316,25499
11316,25500
11316,25501
11316,25502
11316,25503
11316,25504
11316,25505
11316,25506
11316,25507
11316,25508
11316,25509
11316,25510
11316,25511
11316,25512
11316,25513
11316,25514
11316,25515
11316,25516
11316,25517
11316,25518
11316,25519
11316,25520
11317,25349
11317,25431
11317,25432
11317,25433
11317,25434
11317,25435
11317,25436
11317,25437
11317,25438
11317,25439
11317,25440
11317,25441
11317,25442
11317,25443
11317,25444
11317,25445
11317,25446
11317,25447
11317,25448
11317,25449
11317,25450
11317,25451
11317,25452
11317,25453
11317,25454
11317,25455
11317,25456
11317,25457
11317,25458
11317,25459
11317,25460
11317,25461
11317,25462
11317,25463
11317,25464
11317,25465
11317,25466
11317,25467
11317,25468
11317,25469
11317,25470
11317,25471
11317,25472
11317,25473
11317,25474
11317,25475
11317,25476
11317,25477
11317,25478
11317,25479
11317,25480
11317,25481
11317,25482
11317,25483
11317,25484
11317,25485
11317,25486
11317,25487
11317,25488
11317,25489
11317,25490
11317,25491
11317,25492
11317,25493
11317,25494
11317,25495
11317,25496
11317,25497
11317,25498
11317,25499
11317,25500
11317,25501
11317,25502
11317,25503
11317,25504
11317,25505
11317,25506
11317,25507
11317,25508
11317,25509
11317,25510
11317,25511
11317,25512
11317,25513
11317,25514
11317,25515
11317,25516
11317,25517
11317,25518
11317,25519
11317,25520
11317,25521
11318,25344
11318,25346
11318,25347
11318,25348
11318,25349
11318,25350
11318,25351
11318,25352
11318,25431
11318,25432
11318,25433
11318,25434
11318,25435
11318,25436
11318,25437
11318,25438
11318,25439
11318,25440
11318,25441
11318,25442
11318,25443
11318,25444
11318,25445
11318,25446
11318,25447
11318,25448
11318,25449
11318,25450
11318,25451
11318,25452
11318,25453
11318,25454
11318,25455
11318,25456
11318,25457
11318,25458
11318,25459
11318,25460
11318,25461
11318,25462
11318,25463
11318,25464
11318,25465
11318,25466
11318,25467
11318,25468
11318,25469
11318,25470
11318,25471
11318,25472
11318,25473
11318,25474
11318,25475
11318,25476
11318,25477
11318,25478
11318,25479
11318,25480
11318,25481
11318,25482
11318,25483
11318,25484
11318,25485
11318,25486
11318,25487
11318,25488
11318,25489
11318,25490
11318,25491
11318,25492
11318,25493
11318,25494
11318,25495
11318,25496
11318,25497
11318,25498
11318,25499
11318,25500
11318,25501
11318,25502
11318,25503
11318,25504
11318,25505
11318,25506
11318,25507
11318,25508
11318,25509
11318,25510
11318,25511
11318,25512
11318,25513
11318,25514
11318,25515
11318,25516
11318,25517
11318,25518
11318,25519
11318,25520
11318,25521
11318,25522
11319,25331
11319,25332
11319,25341
11319,25342
11319,25343
11319,25344
11319,25345
11319,25346
11319,25347
11319,25348
11319,25349
11319,25350
11319,25351
11319,25352
11319,25353
11319,25354
11319,25360
11319,25431
11319,25432
11319,25433
11319,25434
11319,25435
11319,25436
11319,25437
11319,25438
11319,25439
11319,25440
11319,25441
11319,25442
11319,25443
11319,25444
11319,25445
11319,25446
11319,25447
11319,25448
11319,25449
11319,25450
11319,25451
11319,25452
11319,25453
11319,25454
11319,25455
11319,25456
11319,25457
11319,25458
11319,25459
11319,25460
11319,25461
11319,25462
11319,25463
11319,25464
11319,25465
11319,25466
11319,25467
11319,25468
11319,25469
11319,25470
11319,25471
11319,25472
11319,25473
11319,25474
11319,25475
11319,25476
11319,25477
11319,25478
11319,25479
11319,25480
11319,25481
11319,25482
11319,25483
11319,25484
11319,25485
11319,25486
11319,25487
11319,25488
11319,25489
11319,25490
11319,25491
11319,25492
11319,25493
11319,25494
11319,25495
11319,25496
11319,25497
11319,25498
11319,25499
11319,25500
11319,25501
11319,25502
11319,25503
11319,25504
11319,25505
11319,25506
11319,25507
11319,25508
11319,25509
11319,25510
11319,25511
11319,25512
11319,25513
11319,25514
11319,25515
11319,25516
11319,25517
11319,25518
11319,25519
11319,25520
11319,25521
11319,25522
11319,25523
11320,25328
11320,25329
11320,25330
11320,25331
11320,25332
11320,25333
11320,25334
11320,25335
11320,25337
11320,25338
11320,25339
11320,25340
11320,25341
11320,25342
11320,25343
11320,25344
11320,25345
11320,25346
11320,25347
11320,25348
11320,25349
11320,25350
11320,25351
11320,25352
11320,25353
11320,25354
11320,25355
11320,25357
11320,25358
11320,25359
11320,25360
11320,25361
11320,25362
11320,25363
11320,25431
11320,25432
11320,25433
11320,25434
11320,25435
11320,25436
11320,25437
11320,25438
11320,25439
11320,25440
11320,25441
11320,25442
11320,25443
11320,25444
11320,25445
11320,25446
11320,25447
11320,25448
11320,25449
11320,25450
11320,25451
11320,25452
11320,25453
11320,25454
11320,25455
11320,25456
11320,25457
11320,25458
11320,25459
11320,25460
11320,25461
11320,25462
11320,25463
11320,25464
11320,25465
11320,25466
11320,25467
11320,25468
11320,25469
11320,25470
11320,25471
11320,25472
11320,25473
11320,25474
11320,25475
11320,25476
11320,25477
11320,25478
11320,25479
11320,25480
11320,25481
11320,25482
11320,25483
11320,25484
11320,25485
11320,25486
11320,25487
11320,25488
11320,25489
11320,25490
11320,25491
11320,25492
11320,25493
11320,25494
11320,25495
11320,25496
11320,25497
11320,25498
11320,25499
11320,25500
11320,25501
11320,25502
11320,25503
11320,25504
11320,25505
11320,25506
11320,25507
11320,25508
11320,25509
11320,25510
11320,25511
11320,25512
11320,25513
11320,25514
11320,25515
11320,25516
11320,25517
11320,25518
11320,25519
11320,25520
11320,25521
11320,25522
11320,25523
11320,25524
11321,25319
11321,25320
11321,25327
11321,25328
11321,25329
11321,25330
11321,25331
11321,25332
11321,25333
11321,25334
11321,25335
11321,25336
11321,25337
11321,25338
11321,25339
11321,25340
11321,25341
11321,25342
11321,25343
11321,25344
11321,25345
11321,25346
11321,25347
11321,25348
11321,25349
11321,25350
11321,25351
11321,25352
11321,25353
11321,25354
11321,25355
11321,25356
11321,25357
11321,25358
11321,25359
11321,25360
11321,25361
11321,25362
11321,25363
11321,25364
11321,25430
11321,25431
11321,25432
11321,25433
11321,25434
11321,25435
11321,25436
11321,25437
11321,25438
11321,25439
11321,25440
11321,25441
11321,25442
11321,25443
11321,25444
11321,25445
11321,25446
11321,25447
11321,25448
11321,25449
11321,25450
11321,25451
11321,25452
11321,25453
11321,25454
11321,25455
11321,25456
11321,25457
11321,25458
11321,25459
11321,25460
11321,25461
11321,25462
11321,25463
11321,25464
11321,25465
11321,25466
11321,25467
11321,25468
11321,25469
11321,25470
11321,25471
11321,25472
11321,25473
11321,25474
11321,25475
11321,25476
11321,25477
11321,25478
11321,25479
11321,25480
11321,25481
11321,25482
11321,25483
11321,25484
11321,25485
11321,25486
11321,25487
11321,25488
11321,25489
11321,25490
11321,25491
11321,25492
11321,25493
11321,25494
11321,25495
11321,25496
11321,25497
11321,25498
11321,25499
11321,25500
11321,25501
11321,25502
11321,25503
11321,25504
11321,25505
11321,25506
11321,25507
11321,25508
11321,25509
11321,25510
11321,25511
11321,25512
11321,25513
11321,25514
11321,25515
11321,25516
11321,25517
11321,25518
11321,25519
11321,25520
11321,25521
11321,25522
11321,25523
11321,25524
11321,25525
11322,25312
11322,25313
11322,25316
11322,25317
11322,25318
11322,25319
11322,25320
11322,25321
11322,25322
11322,25323
11322,25324
11322,25325
11322,25326
11322,25327
11322,25328
11322,25329
11322,25330
11322,25331
11322,25332
11322,25333
11322,25334
11322,25335
11322,25336
11322,25337
11322,25338
11322,25339
11322,25340
11322,25341
11322,25342
11322,25343
11322,25344
11322,25345
11322,25346
11322,25347
11322,25348
11322,25349
11322,25350
11322,25351
11322,25352
11322,25353
11322,25354
11322,25355
11322,25356
11322,25357
11322,25358
11322,25359
11322,25360
11322,25361
11322,25362
11322,25363
11322,25364
11322,25365
11322,25431
11322,25432
11322,25433
11322,25434
11322,25435
11322,25436
11322,25437
11322,25438
11322,25439
11322,25440
11322,25441
11322,25442
11322,25443
11322,25444
11322,25445
11322,25446
11322,25447
11322,25448
11322,25449
11322,25450
11322,25451
11322,25452
11322,25453
11322,25454
11322,25455
11322,25456
11322,25457
11322,25458
11322,25459
11322,25460
11322,25461
11322,25462
11322,25463
11322,25464
11322,25465
11322,25466
11322,25467
11322,25468
11322,25469
11322,25470
11322,25471
11322,25472
11322,25473
11322,25474
11322,25475
11322,25476
11322,25477
11322,25478
11322,25479
11322,25480
11322,25481
11322,25482
11322,25483
11322,25484
11322,25485
11322,25486
11322,25487
11322,25488
11322,25489
11322,25490
11322,25491
11322,25492
11322,25493
11322,25494
11322,25495
11322,25496
11322,25497
11322,25498
11322,25499
11322,25500
11322,25501
11322,25502
11322,25503
11322,25504
11322,25505
11322,25506
11322,25507
11322,25508
11322,25509
11322,25510
11322,25511
11322,25512
11322,25513
11322,25514
11322,25515
11322,25516
11322,25517
11322,25518
11322,25519
11322,25520
11322,25521
11322,25522
11322,25523
11322,25524
11322,25525
11322,25526
11323,25277
11323,25309
11323,25310
11323,25311
11323,25312
11323,25313
11323,25314
11323,25315
11323,25316
11323,25317
11323,25318
11323,25319
11323,25320
11323,25321
11323,25322
11323,25323
11323,25324
11323,25325
11323,25326
11323,25327
11323,25328
11323,25329
11323,25330
11323,25331
11323,25332
11323,25333
11323,25334
11323,25335
11323,25336
11323,25337
11323,25338
11323,25339
11323,25340
11323,25341
11323,25342
11323,25343
11323,25344
11323,25345
11323,25346
11323,25347
11323,25348
11323,25349
11323,25350
11323,25351
11323,25352
11323,25353
11323,25354
11323,25355
11323,25356
11323,25357
11323,25358
11323,25359
11323,25360
11323,25361
11323,25362
11323,25363
11323,25364
11323,25365
11323,25366
11323,25431
11323,25432
11323,25433
11323,25434
11323,25435
11323,25436
11323,25437
11323,25438
11323,25439
11323,25440
11323,25441
11323,25442
11323,25443
11323,25444
11323,25445
11323,25446
11323,25447
11323,25448
11323,25449
11323,25450
11323,25451
11323,25452
11323,25453
11323,25454
11323,25455
11323,25456
11323,25457
11323,25458
11323,25459
11323,25460
11323,25461
11323,25462
11323,25463
11323,25464
11323,25465
11323,25466
11323,25467
11323,25468
11323,25469
11323,25470
11323,25471
11323,25472
11323,25473
11323,25474
11323,25475
11323,25476
11323,25477
11323,25478
11323,25479
11323,25480
11323,25481
11323,25482
11323,25483
11323,25484
11323,25485
11323,25486
11323,25487
11323,25488
11323,25489
11323,25490
11323,25491
11323,25492
11323,25493
11323,25494
11323,25495
11323,25496
11323,25497
11323,25498
11323,25499
11323,25500
11323,25501
11323,25502
11323,25503
11323,25504
11323,25505
11323,25506
11323,25507
11323,25508
11323,25509
11323,25510
11323,25511
11323,25512
11323,25513
11323,25514
11323,25515
11323,25516
11323,25517
11323,25518
11323,25519
11323,25520
11323,25521
11323,25522
11323,25523
11323,25524
11323,25525
11323,25526
11324,25275
11324,25276
11324,25277
11324,25278
11324,25279
11324,25280
11324,25286
11324,25287
11324,25298
11324,25299
11324,25300
11324,25308
11324,25309
11324,25310
11324,25311
11324,25312
11324,25313
11324,25314
11324,25315
11324,25316
11324,25317
11324,25318
11324,25319
11324,25320
11324,25321
11324,25322
11324,25323
11324,25324
11324,25325
11324,25326
11324,25327
11324,25328
11324,25329
11324,25330
11324,25331
11324,25332
11324,25333
11324,25334
11324,25335
11324,25336
11324,25337
11324,25338
11324,25339
11324,25340
11324,25341
11324,25342
11324,25343
11324,25344
11324,25345
11324,25346
11324,25347
11324,25348
11324,25349
11324,25350
11324,25351
11324,25352
11324,25353
11324,25354
11324,25355
11324,25356
11324,25357
11324,25358
11324,25359
11324,25360
11324,25361
11324,25362
11324,25363
11324,25364
11324,25365
11324,25366
11324,25367
11324,25368
11324,25369
11324,25431
11324,25432
11324,25433
11324,25434
11324,25435
11324,25436
11324,25437
11324,25438
11324,25439
11324,25440
11324,25441
11324,25442
11324,25443
11324,25444
11324,25445
11324,25446
11324,25447
11324,25448
11324,25449
11324,25450
11324,25451
11324,25452
11324,25453
11324,25454
11324,25455
11324,25456
11324,25457
11324,25458
11324,25459
11324,25460
11324,25461
11324,25462
11324,25463
11324,25464
11324,25465
11324,25466
11324,25467
11324,25468
11324,25469
11324,25470
11324,25471
11324,25472
11324,25473
11324,25474
11324,25475
11324,25476
11324,25477
11324,25478
11324,25479
11324,25480
11324,25481
11324,25482
11324,25483
11324,25484
11324,25485
11324,25486
11324,25487
11324,25488
11324,25489
11324,25490
11324,25491
11324,25492
11324,25493
11324,25494
11324,25495
11324,25496
11324,25497
11324,25498
11324,25499
11324,25500
11324,25501
11324,25502
11324,25503
11324,25504
11324,25505
11324,25506
11324,25507
11324,25508
11324,25509
11324,25510
11324,25511
11324,25512
11324,25513
11324,25514
11324,25515
11324,25516
11324,25517
11324,25518
11324,25519
11324,25520
11324,25521
11324,25522
11324,25523
11324,25524
11324,25525
11324,25526
11325,25274
11325,25275
11325,25276
11325,25277
11325,25278
11325,25279
11325,25280
11325,25281
11325,25282
11325,25283
11325,25284
11325,25285
11325,25286
11325,25287
11325,25288
11325,25289
11325,25290
11325,25294
11325,25295
11325,25296
11325,25297
11325,25298
11325,25299
11325,25300
11325,25301
11325,25302
11325,25303
11325,25307
11325,25308
11325,25309
11325,25310
11325,25311
11325,25312
11325,25313
11325,25314
11325,25315
11325,25316
11325,25317
11325,25318
11325,25319
11325,25320
11325,25321
11325,25322
11325,25323
11325,25324
11325,25325
11325,25326
11325,25327
11325,25328
11325,25329
11325,25330
11325,25331
11325,25332
11325,25333
11325,25334
11325,25335
11325,25336
11325,25337
11325,25338
11325,25339
11325,25340
11325,25341
11325,25342
11325,25343
11325,25344
11325,25345
11325,25346
11325,25347
11325,25348
11325,25349
11325,25350
11325,25351
11325,25352
11325,25353
11325,25354
11325,25355
11325,25356
11325,25357
11325,25358
11325,25359
11325,25360
11325,25361
11325,25362
11325,25363
11325,25364
11325,25365
11325,25366
11325,25367
11325,25368
11325,25369
11325,25370
11325,25431
11325,25432
11325,25433
11325,25434
11325,25435
11325,25436
11325,25437
11325,25438
11325,25439
11325,25440
11325,25441
11325,25442
11325,25443
11325,25444
11325,25445
11325,25446
11325,25447
11325,25448
11325,25449
11325,25450
11325,25451
11325,25452
11325,25453
11325,25454
11325,25455
11325,25456
11325,25457
11325,25458
11325,25459
11325,25460
11325,25461
11325,25462
11325,25463
11325,25464
11325,25465
11325,25466
11325,25467
11325,25468
11325,25469
11325,25470
11325,25471
11325,25472
11325,25473
11325,25474
11325,25475
11325,25476
11325,25477
11325,25478
11325,25479
11325,25480
11325,25481
11325,25482
11325,25483
11325,25484
11325,25485
11325,25486
11325,25487
11325,25488
11325,25489
11325,25490
11325,25491
11325,25492
11325,25493
11325,25494
11325,25495
11325,25496
11325,25497
11325,25498
11325,25499
11325,25500
11325,25501
11325,25502
11325,25503
11325,25504
11325,25505
11325,25506
11325,25507
11325,25508
11325,25509
11325,25510
11325,25511
11325,25512
11325,25513
11325,25514
11325,25515
11325,25516
11325,25517
11325,25518
11325,25519
11325,25520
11325,25521
11325,25522
11325,25523
11325,25524
11325,25525
11325,25526
11325,25527
11326,25273
11326,25274
11326,25275
11326,25276
11326,25277
11326,25278
11326,25279
11326,25280
11326,25281
11326,25282
11326,25283
11326,25284
11326,25285
11326,25286
11326,25287
11326,25288
11326,25289
11326,25290
11326,25291
11326,25292
11326,25293
11326,25294
11326,25295
11326,25296
11326,25297
11326,25298
11326,25299
11326,25300
11326,25301
11326,25302
11326,25303
11326,25304
11326,25305
11326,25306
11326,25307
11326,25308
11326,25309
11326,25310
11326,25311
11326,25312
11326,25313
11326,25314
11326,25315
11326,25316
11326,25317
11326,25318
11326,25319
11326,25320
11326,25321
11326,25322
11326,25323
11326,25324
11326,25325
11326,25326
11326,25327
11326,25328
11326,25329
11326,25330
11326,25331
11326,25332
11326,25333
11326,25334
11326,25335
11326,25336
11326,25337
11326,25338
11326,25339
11326,25340
11326,25341
11326,25342
11326,25343
11326,25344
11326,25345
11326,25346
11326,25347
11326,25348
11326,25349
11326,25350
11326,25351
11326,25352
11326,25353
11326,25354
11326,25355
11326,25356
11326,25357
11326,25358
11326,25359
11326,25360
11326,25361
11326,25362
11326,25363
11326,25364
11326,25365
11326,25366
11326,25367
11326,25368
11326,25369
11326,25370
11326,25371
11326,25424
11326,25425
11326,25426
11326,25430
11326,25431
11326,25432
11326,25433
11326,25434
11326,25435
11326,25436
11326,25437
11326,25438
11326,25439
11326,25440
11326,25441
11326,25442
11326,25443
11326,25444
11326,25445
11326,25446
11326,25447
11326,25448
11326,25449
11326,25450
11326,25451
11326,25452
11326,25453
11326,25454
11326,25455
11326,25456
11326,25457
11326,25458
11326,25459
11326,25460
11326,25461
11326,25462
11326,25463
11326,25464
11326,25465
11326,25466
11326,25467
11326,25468
11326,25469
11326,25470
11326,25471
11326,25472
11326,25473
11326,25474
11326,25475
11326,25476
11326,25477
11326,25478
11326,25479
11326,25480
11326,25481
11326,25482
11326,25483
11326,25484
11326,25485
11326,25486
11326,25487
11326,25488
11326,25489
11326,25490
11326,25491
11326,25492
11326,25493
11326,25494
11326,25495
11326,25496
11326,25497
11326,25498
11326,25499
11326,25500
11326,25501
11326,25502
11326,25503
11326,25504
11326,25505
11326,25506
11326,25507
11326,25508
11326,25509
11326,25510
11326,25511
11326,25512
11326,25513
11326,25514
11326,25515
11326,25516
11326,25517
11326,25518
11326,25519
11326,25520
11326,25521
11326,25522
11326,25523
11326,25524
11326,25525
11326,25526
11327,25273
11327,25274
11327,25275
11327,25276
11327,25277
11327,25278
11327,25279
11327,25280
11327,25281
11327,25282
11327,25283
11327,25284
11327,25285
11327,25286
11327,25287
11327,25288
11327,25289
11327,25290
11327,25291
11327,25292
11327,25293
11327,25294
11327,25295
11327,25296
11327,25297
11327,25298
11327,25299
11327,25300
11327,25301
11327,25302
11327,25303
11327,25304
11327,25305
11327,25306
11327,25307
11327,25308
11327,25309
11327,25310
11327,25311
11327,25312
11327,25313
11327,25314
11327,25315
11327,25316
11327,25317
11327,25318
11327,25319
11327,25320
11327,25321
11327,25322
11327,25323
11327,25324
11327,25325
11327,25326
11327,25327
11327,25328
11327,25329
11327,25330
11327,25331
11327,25332
11327,25333
11327,25334
11327,25335
11327,25336
11327,25337
11327,25338
11327,25339
11327,25340
11327,25341
11327,25342
11327,25343
11327,25344
11327,25345
11327,25346
11327,25347
11327,25348
11327,25349
11327,25350
11327,25351
11327,25352
11327,25353
11327,25354
11327,25355
11327,25356
11327,25357
11327,25358
11327,25359
11327,25360
11327,25361
11327,25362
11327,25363
11327,25364
11327,25365
11327,25366
11327,25367
11327,25368
11327,25369
11327,25370
11327,25371
11327,25421
11327,25422
11327,25423
11327,25424
11327,25425
11327,25426
11327,25427
11327,25428
11327,25429
11327,25430
11327,25431
11327,25432
11327,25433
11327,25434
11327,25435
11327,25436
11327,25437
11327,25438
11327,25439
11327,25440
11327,25441
11327,25442
11327,25443
11327,25444
11327,25445
11327,25446
11327,25447
11327,25448
11327,25449
11327,25450
11327,25451
11327,25452
11327,25453
11327,25454
11327,25455
11327,25456
11327,25457
11327,25458
11327,25459
11327,25460
11327,25461
11327,25462
11327,25463
11327,25464
11327,25465
11327,25466
11327,25467
11327,25468
11327,25469
11327,25470
11327,25471
11327,25472
11327,25473
11327,25474
11327,25475
11327,25476
11327,25477
11327,25478
11327,25479
11327,25480
11327,25481
11327,25482
11327,25483
11327,25484
11327,25485
11327,25486
11327,25487
11327,25488
11327,25489
11327,25490
11327,25491
11327,25492
11327,25493
11327,25494
11327,25495
11327,25496
11327,25497
11327,25498
11327,25499
11327,25500
11327,25501
11327,25502
11327,25503
11327,25504
11327,25505
11327,25506
11327,25507
11327,25508
11327,25509
11327,25510
11327,25511
11327,25512
11327,25513
11327,25514
11327,25515
11327,25516
11327,25517
11327,25518
11327,25519
11327,25520
11327,25521
11327,25522
11327,25523
11327,25524
11327,25525
11327,25526
11328,25272
11328,25273
11328,25274
11328,25275
11328,25276
11328,25277
11328,25278
11328,25279
11328,25280
11328,25281
11328,25282
11328,25283
11328,25284
11328,25285
11328,25286
11328,25287
11328,25288
11328,25289
11328,25290
11328,25291
11328,25292
11328,25293
11328,25294
11328,25295
11328,25296
11328,25297
11328,25298
11328,25299
11328,25300
11328,25301
11328,25302
11328,25303
11328,25304
11328,25305
11328,25306
11328,25307
11328,25308
11328,25309
11328,25310
11328,25311
11328,25312
11328,25313
11328,25314
11328,25315
11328,25316
11328,25317
11328,25318
11328,25319
11328,25320
11328,25321
11328,25322
11328,25323
11328,25324
11328,25325
11328,25326
11328,25327
11328,25328
11328,25329
11328,25330
11328,25331
11328,25332
11328,25333
11328,25334
11328,25335
11328,25336
11328,25337
11328,25338
11328,25339
11328,25340
11328,25341
11328,25342
11328,25343
11328,25344
11328,25345
11328,25346
11328,25347
11328,25348
11328,25349
11328,25350
11328,25351
11328,25352
11328,25353
11328,25354
11328,25355
11328,25356
11328,25357
11328,25358
11328,25359
11328,25360
11328,25361
11328,25362
11328,25363
11328,25364
11328,25365
11328,25366
11328,25367
11328,25368
11328,25369
11328,25370
11328,25371
11328,25412
11328,25413
11328,25414
11328,25415
11328,25417
11328,25420
11328,25421
11328,25422
11328,25423
11328,25424
11328,25425
11328,25426
11328,25427
11328,25428
11328,25429
11328,25430
11328,25431
11328,25432
11328,25433
11328,25434
11328,25435
11328,25436
11328,25437
11328,25438
11328,25439
11328,25440
11328,25441
11328,25442
11328,25443
11328,25444
11328,25445
11328,25446
11328,25447
11328,25448
11328,25449
11328,25450
11328,25451
11328,25452
11328,25453
11328,25454
11328,25455
11328,25456
11328,25457
11328,25458
11328,25459
11328,25460
11328,25461
11328,25462
11328,25463
11328,25464
11328,25465
11328,25466
11328,25467
11328,25468
11328,25469
11328,25470
11328,25471
11328,25472
11328,25473
11328,25474
11328,25475
11328,25476
11328,25477
11328,25478
11328,25479
11328,25480
11328,25481
11328,25482
11328,25483
11328,25484
11328,25485
11328,25486
11328,25487
11328,25488
11328,25489
11328,25490
11328,25491
11328,25492
11328,25493
11328,25494
11328,25495
11328,25496
11328,25497
11328,25498
11328,25499
11328,25500
11328,25501
11328,25502
11328,25503
11328,25504
11328,25505
11328,25506
11328,25507
11328,25508
11328,25509
11328,25510
11328,25511
11328,25512
11328,25513
11328,25514
11328,25515
11328,25516
11328,25517
11328,25518
11328,25519
11328,25520
11328,25521
11328,25522
11328,25523
11328,25524
11328,25525
11328,25526
11328,25527
11329,25272
11329,25273
11329,25274
11329,25275
11329,25276
11329,25277
11329,25278
11329,25279
11329,25280
11329,25281
11329,25282
11329,25283
11329,25284
11329,25285
11329,25286
11329,25287
11329,25288
11329,25289
11329,25290
11329,25291
11329,25292
11329,25293
11329,25294
11329,25295
11329,25296
11329,25297
11329,25298
11329,25299
11329,25300
11329,25301
11329,25302
11329,25303
11329,25304
11329,25305
11329,25306
11329,25307
11329,25308
11329,25309
11329,25310
11329,25311
11329,25312
11329,25313
11329,25314
11329,25315
11329,25316
11329,25317
11329,25318
11329,25319
11329,25320
11329,25321
11329,25322
11329,25323
11329,25324
11329,25325
11329,25326
11329,25327
11329,25328
11329,25329
11329,25330
11329,25331
11329,25332
11329,25333
11329,25334
11329,25335
11329,25336
11329,25337
11329,25338
11329,25339
11329,25340
11329,25341
11329,25342
11329,25343
11329,25344
11329,25345
11329,25346
11329,25347
11329,25348
11329,25349
11329,25350
11329,25351
11329,25352
11329,25353
11329,25354
11329,25355
11329,25356
11329,25357
11329,25358
11329,25359
11329,25360
11329,25361
11329,25362
11329,25363
11329,25364
11329,25365
11329,25366
11329,25367
11329,25368
11329,25369
11329,25370
11329,25371
11329,25372
11329,25395
11329,25409
11329,25410
11329,25411
11329,25412
11329,25413
11329,25414
11329,25415
11329,25416
11329,25417
11329,25418
11329,25419
11329,25420
11329,25421
11329,25422
11329,25423
11329,25424
11329,25425
11329,25426
11329,25427
11329,25428
11329,25429
11329,25430
11329,25431
11329,25432
11329,25433
11329,25434
11329,25435
11329,25436
11329,25437
11329,25438
11329,25439
11329,25440
11329,25441
11329,25442
11329,25443
11329,25444
11329,25445
11329,25446
11329,25447
11329,25448
11329,25449
11329,25450
11329,25451
11329,25452
11329,25453
11329,25454
11329,25455
11329,25456
11329,25457
11329,25458
11329,25459
11329,25460
11329,25461
11329,25462
11329,25463
11329,25464
11329,25465
11329,25466
11329,25467
11329,25468
11329,25469
11329,25470
11329,25471
11329,25472
11329,25473
11329,25474
11329,25475
11329,25476
11329,25477
11329,25478
11329,25479
11329,25480
11329,25481
11329,25482
11329,25483
11329,25484
11329,25485
11329,25486
11329,25487
11329,25488
11329,25489
11329,25490
11329,25491
11329,25492
11329,25493
11329,25494
11329,25495
11329,25496
11329,25497
11329,25498
11329,25499
11329,25500
11329,25501
11329,25502
11329,25503
11329,25504
11329,25505
11329,25506
11329,25507
11329,25508
11329,25509
11329,25510
11329,25511
11329,25512
11329,25513
11329,25514
11329,25515
11329,25516
11329,25517
11329,25518
11329,25519
11329,25520
11329,25521
11329,25522
11329,25523
11329,25524
11329,25525
11329,25526
11329,25527
11329,25528
11330,25272
11330,25273
11330,25274
11330,25275
11330,25276
11330,25277
11330,25278
11330,25279
11330,25280
11330,25281
11330,25282
11330,25283
11330,25284
11330,25285
11330,25286
11330,25287
11330,25288
11330,25289
11330,25290
11330,25291
11330,25292
11330,25293
11330,25294
11330,25295
11330,25296
11330,25297
11330,25298
11330,25299
11330,25300
11330,25301
11330,25302
11330,25303
11330,25304
11330,25305
11330,25306
11330,25307
11330,25308
11330,25309
11330,25310
11330,25311
11330,25312
11330,25313
11330,25314
11330,25315
11330,25316
11330,25317
11330,25318
11330,25319
11330,25320
11330,25321
11330,25322
11330,25323
11330,25324
11330,25325
11330,25326
11330,25327
11330,25328
11330,25329
11330,25330
11330,25331
11330,25332
11330,25333
11330,25334
11330,25335
11330,25336
11330,25337
11330,25338
11330,25339
11330,25340
11330,25341
11330,25342
11330,25343
11330,25344
11330,25345
11330,25346
11330,25347
11330,25348
11330,25349
11330,25350
11330,25351
11330,25352
11330,25353
11330,25354
11330,25355
11330,25356
11330,25357
11330,25358
11330,25359
11330,25360
11330,25361
11330,25362
11330,25363
11330,25364
11330,25365
11330,25366
11330,25367
11330,25368
11330,25369
11330,25370
11330,25371
11330,25392
11330,25393
11330,25394
11330,25395
11330,25396
11330,25397
11330,25398
11330,25408
11330,25409
11330,25410
11330,25411
11330,25412
11330,25413
11330,25414
11330,25415
11330,25416
11330,25417
11330,25418
11330,25419
11330,25420
11330,25421
11330,25422
11330,25423
11330,25424
11330,25425
11330,25426
11330,25427
11330,25428
11330,25429
11330,25430
11330,25431
11330,25432
11330,25433
11330,25434
11330,25435
11330,25436
11330,25437
11330,25438
11330,25439
11330,25440
11330,25441
11330,25442
11330,25443
11330,25444
11330,25445
11330,25446
11330,25447
11330,25448
11330,25449
11330,25450
11330,25451
11330,25452
11330,25453
11330,25454
11330,25455
11330,25456
11330,25457
11330,25458
11330,25459
11330,25460
11330,25461
11330,25462
11330,25463
11330,25464
11330,25465
11330,25466
11330,25467
11330,25468
11330,25469
11330,25470
11330,25471
11330,25472
11330,25473
11330,25474
11330,25475
11330,25476
11330,25477
11330,25478
11330,25479
11330,25480
11330,25481
11330,25482
11330,25483
11330,25484
11330,25485
11330,25486
11330,25487
11330,25488
11330,25489
11330,25490
11330,25491
11330,25492
11330,25493
11330,25494
11330,25495
11330,25496
11330,25497
11330,25498
11330,25499
11330,25500
11330,25501
11330,25502
11330,25503
11330,25504
11330,25505
11330,25506
11330,25507
11330,25508
11330,25509
11330,25510
11330,25511
11330,25512
11330,25513
11330,25514
11330,25515
11330,25516
11330,25517
11330,25518
11330,25519
11330,25520
11330,25521
11330,25522
11330,25523
11330,25524
11330,25525
11330,25526
11330,25527
11330,25528
11331,25271
11331,25272
11331,25273
11331,25274
11331,25275
11331,25276
11331,25277
11331,25278
11331,25279
11331,25280
11331,25281
11331,25282
11331,25283
11331,25284
11331,25285
11331,25286
11331,25287
11331,25288
11331,25289
11331,25290
11331,25291
11331,25292
11331,25293
11331,25294
11331,25295
11331,25296
11331,25297
11331,25298
11331,25299
11331,25300
11331,25301
11331,25302
11331,25303
11331,25304
11331,25305
11331,25306
11331,25307
11331,25308
11331,25309
11331,25310
11331,25311
11331,25312
11331,25313
11331,25314
11331,25315
11331,25316
11331,25317
11331,25318
11331,25319
11331,25320
11331,25321
11331,25322
11331,25323
11331,25324
11331,25325
11331,25326
11331,25327
11331,25328
11331,25329
11331,25330
11331,25331
11331,25332
11331,25333
11331,25334
11331,25335
11331,25336
11331,25337
11331,25338
11331,25339
11331,25340
11331,25341
11331,25342
11331,25343
11331,25344
11331,25345
11331,25346
11331,25347
11331,25348
11331,25349
11331,25350
11331,25351
11331,25352
11331,25353
11331,25354
11331,25355
11331,25356
11331,25357
11331,25358
11331,25359
11331,25360
11331,25361
11331,25362
11331,25363
11331,25364
11331,25365
11331,25366
11331,25367
11331,25368
11331,25369
11331,25370
11331,25371
11331,25372
11331,25377
11331,25391
11331,25392
11331,25393
11331,25394
11331,25395
11331,25396
11331,25397
11331,25398
11331,25399
11331,25400
11331,25403
11331,25406
11331,25407
11331,25408
11331,25409
11331,25410
11331,25411
11331,25412
11331,25413
11331,25414
11331,25415
11331,25416
11331,25417
11331,25418
11331,25419
11331,25420
11331,25421
11331,25422
11331,25423
11331,25424
11331,25425
11331,25426
11331,25427
11331,25428
11331,25429
11331,25430
11331,25431
11331,25432
11331,25433
11331,25434
11331,25435
11331,25436
11331,25437
11331,25438
11331,25439
11331,25440
11331,25441
11331,25442
11331,25443
11331,25444
11331,25445
11331,25446
11331,25447
11331,25448
11331,25449
11331,25450
11331,25451
11331,25452
11331,25453
11331,25454
11331,25455
11331,25456
11331,25457
11331,25458
11331,25459
11331,25460
11331,25461
11331,25462
11331,25463
11331,25464
11331,25465
11331,25466
11331,25467
11331,25468
11331,25469
11331,25470
11331,25471
11331,25472
11331,25473
11331,25474
11331,25475
11331,25476
11331,25477
11331,25478
11331,25479
11331,25480
11331,25481
11331,25482
11331,25483
11331,25484
11331,25485
11331,25486
11331,25487
11331,25488
11331,25489
11331,25490
11331,25491
11331,25492
11331,25493
11331,25494
11331,25495
11331,25496
11331,25497
11331,25498
11331,25499
11331,25500
11331,25501
11331,25502
11331,25503
11331,25504
11331,25505
11331,25506
11331,25507
11331,25508
11331,25509
11331,25510
11331,25511
11331,25512
11331,25513
11331,25514
11331,25515
11331,25516
11331,25517
11331,25518
11331,25519
11331,25520
11331,25521
11331,25522
11331,25523
11331,25524
11331,25525
11331,25526
11331,25527
11331,25528
11332,25264
11332,25271
11332,25272
11332,25273
11332,25274
11332,25275
11332,25276
11332,25277
11332,25278
11332,25279
11332,25280
11332,25281
11332,25282
11332,25283
11332,25284
11332,25285
11332,25286
11332,25287
11332,25288
11332,25289
11332,25290
11332,25291
11332,25292
11332,25293
11332,25294
11332,25295
11332,25296
11332,25297
11332,25298
11332,25299
11332,25300
11332,25301
11332,25302
11332,25303
11332,25304
11332,25305
11332,25306
11332,25307
11332,25308
11332,25309
11332,25310
11332,25311
11332,25312
11332,25313
11332,25314
11332,25315
11332,25316
11332,25317
11332,25318
11332,25319
11332,25320
11332,25321
11332,25322
11332,25323
11332,25324
11332,25325
11332,25326
11332,25327
11332,25328
11332,25329
11332,25330
11332,25331
11332,25332
11332,25333
11332,25334
11332,25335
11332,25336
11332,25337
11332,25338
11332,25339
11332,25340
11332,25341
11332,25342
11332,25343
11332,25344
11332,25345
11332,25346
11332,25347
11332,25348
11332,25349
11332,25350
11332,25351
11332,25352
11332,25353
11332,25354
11332,25355
11332,25356
11332,25357
11332,25358
11332,25359
11332,25360
11332,25361
11332,25362
11332,25363
11332,25364
11332,25365
11332,25366
11332,25367
11332,25368
11332,25369
11332,25370
11332,25371
11332,25372
11332,25373
11332,25374
11332,25375
11332,25376
11332,25377
11332,25378
11332,25379
11332,25380
11332,25389
11332,25390
11332,25391
11332,25392
11332,25393
11332,25394
11332,25395
11332,25396
11332,25397
11332,25398
11332,25399
11332,25400
11332,25401
11332,25402
11332,25403
11332,25404
11332,25405
11332,25406
11332,25407
11332,25408
11332,25409
11332,25410
11332,25411
11332,25412
11332,25413
11332,25414
11332,25415
11332,25416
11332,25417
11332,25418
11332,25419
11332,25420
11332,25421
11332,25422
11332,25423
11332,25424
11332,25425
11332,25426
11332,25427
11332,25428
11332,25429
11332,25430
11332,25431
11332,25432
11332,25433
11332,25434
11332,25435
11332,25436
11332,25437
11332,25438
11332,25439
11332,25440
11332,25441
11332,25442
11332,25443
11332,25444
11332,25445
11332,25446
11332,25447
11332,25448
11332,25449
11332,25450
11332,25451
11332,25452
11332,25453
11332,25454
11332,25455
11332,25456
11332,25457
11332,25458
11332,25459
11332,25460
11332,25461
11332,25462
11332,25463
11332,25464
11332,25465
11332,25466
11332,25467
11332,25468
11332,25469
11332,25470
11332,25471
11332,25472
11332,25473
11332,25474
11332,25475
11332,25476
11332,25477
11332,25478
11332,25479
11332,25480
11332,25481
11332,25482
11332,25483
11332,25484
11332,25485
11332,25486
11332,25487
11332,25488
11332,25489
11332,25490
11332,25491
11332,25492
11332,25493
11332,25494
11332,25495
11332,25496
11332,25497
11332,25498
11332,25499
11332,25500
11332,25501
11332,25502
11332,25503
11332,25504
11332,25505
11332,25506
11332,25507
11332,25508
11332,25509
11332,25510
11332,25511
11332,25512
11332,25513
11332,25514
11332,25515
11332,25516
11332,25517
11332,25518
11332,25519
11332,25520
11332,25521
11332,25522
11332,25523
11332,25524
11332,25525
11332,25526
11332,25527
11332,25528
11332,25529
11333,25261
11333,25262
11333,25263
11333,25264
11333,25265
11333,25266
11333,25267
11333,25269
11333,25270
11333,25271
11333,25272
11333,25273
11333,25274
11333,25275
11333,25276
11333,25277
11333,25278
11333,25279
11333,25280
11333,25281
11333,25282
11333,25283
11333,25284
11333,25285
11333,25286
11333,25287
11333,25288
11333,25289
11333,25290
11333,25291
11333,25292
11333,25293
11333,25294
11333,25295
11333,25296
11333,25297
11333,25298
11333,25299
11333,25300
11333,25301
11333,25302
11333,25303
11333,25304
11333,25305
11333,25306
11333,25307
11333,25308
11333,25309
11333,25310
11333,25311
11333,25312
11333,25313
11333,25314
11333,25315
11333,25316
11333,25317
11333,25318
11333,25319
11333,25320
11333,25321
11333,25322
11333,25323
11333,25324
11333,25325
11333,25326
11333,25327
11333,25328
11333,25329
11333,25330
11333,25331
11333,25332
11333,25333
11333,25334
11333,25335
11333,25336
11333,25337
11333,25338
11333,25339
11333,25340
11333,25341
11333,25342
11333,25343
11333,25344
11333,25345
11333,25346
11333,25347
11333,25348
11333,25349
11333,25350
11333,25351
11333,25352
11333,25353
11333,25354
11333,25355
11333,25356
11333,25357
11333,25358
11333,25359
11333,25360
11333,25361
11333,25362
11333,25363
11333,25364
11333,25365
11333,25366
11333,25367
11333,25368
11333,25369
11333,25370
11333,25371
11333,25372
11333,25373
11333,25374
11333,25375
11333,25376
11333,25377
11333,25378
11333,25379
11333,25380
11333,25381
11333,25384
11333,25386
11333,25388
11333,25389
11333,25390
11333,25391
11333,25392
11333,25393
11333,25394
11333,25395
11333,25396
11333,25397
11333,25398
11333,25399
11333,25400
11333,25401
11333,25402
11333,25403
11333,25404
11333,25405
11333,25406
11333,25407
11333,25408
11333,25409
11333,25410
11333,25411
11333,25412
11333,25413
11333,25414
11333,25415
11333,25416
11333,25417
11333,25418
11333,25419
11333,25420
11333,25421
11333,25422
11333,25423
11333,25424
11333,25425
11333,25426
11333,25427
11333,25428
11333,25429
11333,25430
11333,25431
11333,25432
11333,25433
11333,25434
11333,25435
11333,25436
11333,25437
11333,25438
11333,25439
11333,25440
11333,25441
11333,25442
11333,25443
11333,25444
11333,25445
11333,25446
11333,25447
11333,25448
11333,25449
11333,25450
11333,25451
11333,25452
11333,25453
11333,25454
11333,25455
11333,25456
11333,25457
11333,25458
11333,25459
11333,25460
11333,25461
11333,25462
11333,25463
11333,25464
11333,25465
11333,25466
11333,25467
11333,25468
11333,25469
11333,25470
11333,25471
11333,25472
11333,25473
11333,25474
11333,25475
11333,25476
11333,25477
11333,25478
11333,25479
11333,25480
11333,25481
11333,25482
11333,25483
11333,25484
11333,25485
11333,25486
11333,25487
11333,25488
11333,25489
11333,25490
11333,25491
11333,25492
11333,25493
11333,25494
11333,25495
11333,25496
11333,25497
11333,25498
11333,25499
11333,25500
11333,25501
11333,25502
11333,25503
11333,25504
11333,25505
11333,25506
11333,25507
11333,25508
11333,25509
11333,25510
11333,25511
11333,25512
11333,25513
11333,25514
11333,25515
11333,25516
11333,25517
11333,25518
11333,25519
11333,25520
11333,25521
11333,25522
11333,25523
11333,25524
11333,25525
11333,25526
11333,25527
11333,25528
11333,25529
11334,25260
11334,25261
11334,25262
11334,25263
11334,25264
11334,25265
11334,25266
11334,25267
11334,25268
11334,25269
11334,25270
11334,25271
11334,25272
11334,25273
11334,25274
11334,25275
11334,25276
11334,25277
11334,25278
11334,25279
11334,25280
11334,25281
11334,25282
11334,25283
11334,25284
11334,25285
11334,25286
11334,25287
11334,25288
11334,25289
11334,25290
11334,25291
11334,25292
11334,25293
11334,25294
11334,25295
11334,25296
11334,25297
11334,25298
11334,25299
11334,25300
11334,25301
11334,25302
11334,25303
11334,25304
11334,25305
11334,25306
11334,25307
11334,25308
11334,25309
11334,25310
11334,25311
11334,25312
11334,25313
11334,25314
11334,25315
11334,25316
11334,25317
11334,25318
11334,25319
11334,25320
11334,25321
11334,25322
11334,25323
11334,25324
11334,25325
11334,25326
11334,25327
11334,25328
11334,25329
11334,25330
11334,25331
11334,25332
11334,25333
11334,25334
11334,25335
11334,25336
11334,25337
11334,25338
11334,25339
11334,25340
11334,25341
11334,25342
11334,25343
11334,25344
11334,25345
11334,25346
11334,25347
11334,25348
11334,25349
11334,25350
11334,25351
11334,25352
11334,25353
11334,25354
11334,25355
11334,25356
11334,25357
11334,25358
11334,25359
11334,25360
11334,25361
11334,25362
11334,25363
11334,25364
11334,25365
11334,25366
11334,25367
11334,25368
11334,25369
11334,25370
11334,25371
11334,25372
11334,25373
11334,25374
11334,25375
11334,25376
11334,25377
11334,25378
11334,25379
11334,25380
11334,25381
11334,25382
11334,25383
11334,25384
11334,25385
11334,25386
11334,25387
11334,25388
11334,25389
11334,25390
11334,25391
11334,25392
11334,25393
11334,25394
11334,25395
11334,25396
11334,25397
11334,25398
11334,25399
11334,25400
11334,25401
11334,25402
11334,25403
11334,25404
11334,25405
11334,25406
11334,25407
11334,25408
11334,25409
11334,25410
11334,25411
11334,25412
11334,25413
11334,25414
11334,25415
11334,25416
11334,25417
11334,25418
11334,25419
11334,25420
11334,25421
11334,25422
11334,25423
11334,25424
11334,25425
11334,25426
11334,25427
11334,25428
11334,25429
11334,25430
11334,25431
11334,25432
11334,25433
11334,25434
11334,25435
11334,25436
11334,25437
11334,25438
11334,25439
11334,25440
11334,25441
11334,25442
11334,25443
11334,25444
11334,25445
11334,25446
11334,25447
11334,25448
11334,25449
11334,25450
11334,25451
11334,25452
11334,25453
11334,25454
11334,25455
11334,25456
11334,25457
11334,25458
11334,25459
11334,25460
11334,25461
11334,25462
11334,25463
11334,25464
11334,25465
11334,25466
11334,25467
11334,25468
11334,25469
11334,25470
11334,25471
11334,25472
11334,25473
11334,25474
11334,25475
11334,25476
11334,25477
11334,25478
11334,25479
11334,25480
11334,25481
11334,25482
11334,25483
11334,25484
11334,25485
11334,25486
11334,25487
11334,25488
11334,25489
11334,25490
11334,25491
11334,25492
11334,25493
11334,25494
11334,25495
11334,25496
11334,25497
11334,25498
11334,25499
11334,25500
11334,25501
11334,25502
11334,25503
11334,25504
11334,25505
11334,25506
11334,25507
11334,25508
11334,25509
11334,25510
11334,25511
11334,25512
11334,25513
11334,25514
11334,25515
11334,25516
11334,25517
11334,25518
11334,25519
11334,25520
11334,25521
11334,25522
11334,25523
11334,25524
11334,25525
11334,25526
11334,25527
11334,25528
11334,25529
11335,25259
11335,25260
11335,25261
11335,25262
11335,25263
11335,25264
11335,25265
11335,25266
11335,25267
11335,25268
11335,25269
11335,25270
11335,25271
11335,25272
11335,25273
11335,25274
11335,25275
11335,25276
11335,25277
11335,25278
11335,25279
11335,25280
11335,25281
11335,25282
11335,25283
11335,25284
11335,25285
11335,25286
11335,25287
11335,25288
11335,25289
11335,25290
11335,25291
11335,25292
11335,25293
11335,25294
11335,25295
11335,25296
11335,25297
11335,25298
11335,25299
11335,25300
11335,25301
11335,25302
11335,25303
11335,25304
11335,25305
11335,25306
11335,25307
11335,25308
11335,25309
11335,25310
11335,25311
11335,25312
11335,25313
11335,25314
11335,25315
11335,25316
11335,25317
11335,25318
11335,25319
11335,25320
11335,25321
11335,25322
11335,25323
11335,25324
11335,25325
11335,25326
11335,25327
11335,25328
11335,25329
11335,25330
11335,25331
11335,25332
11335,25333
11335,25334
11335,25335
11335,25336
11335,25337
11335,25338
11335,25339
11335,25340
11335,25341
11335,25342
11335,25343
11335,25344
11335,25345
11335,25346
11335,25347
11335,25348
11335,25349
11335,25350
11335,25351
11335,25352
11335,25353
11335,25354
11335,25355
11335,25356
11335,25357
11335,25358
11335,25359
11335,25360
11335,25361
11335,25362
11335,25363
11335,25364
11335,25365
11335,25366
11335,25367
11335,25368
11335,25369
11335,25370
11335,25371
11335,25372
11335,25373
11335,25374
11335,25375
11335,25376
11335,25377
11335,25378
11335,25379
11335,25380
11335,25381
11335,25382
11335,25383
11335,25384
11335,25385
11335,25386
11335,25387
11335,25388
11335,25389
11335,25390
11335,25391
11335,25392
11335,25393
11335,25394
11335,25395
11335,25396
11335,25397
11335,25398
11335,25399
11335,25400
11335,25401
11335,25402
11335,25403
11335,25404
11335,25405
11335,25406
11335,25407
11335,25408
11335,25409
11335,25410
11335,25411
11335,25412
11335,25413
11335,25414
11335,25415
11335,25416
11335,25417
11335,25418
11335,25419
11335,25420
11335,25421
11335,25422
11335,25423
11335,25424
11335,25425
11335,25426
11335,25427
11335,25428
11335,25429
11335,25430
11335,25431
11335,25432
11335,25433
11335,25434
11335,25435
11335,25436
11335,25437
11335,25438
11335,25439
11335,25440
11335,25441
11335,25442
11335,25443
11335,25444
11335,25445
11335,25446
11335,25447
11335,25448
11335,25449
11335,25450
11335,25451
11335,25452
11335,25453
11335,25454
11335,25455
11335,25456
11335,25457
11335,25458
11335,25459
11335,25460
11335,25461
11335,25462
11335,25463
11335,25464
11335,25465
11335,25466
11335,25467
11335,25468
11335,25469
11335,25470
11335,25471
11335,25472
11335,25473
11335,25474
11335,25475
11335,25476
11335,25477
11335,25478
11335,25479
11335,25480
11335,25481
11335,25482
11335,25483
11335,25484
11335,25485
11335,25486
11335,25487
11335,25488
11335,25489
11335,25490
11335,25491
11335,25492
11335,25493
11335,25494
11335,25495
11335,25496
11335,25497
11335,25498
11335,25499
11335,25500
11335,25501
11335,25502
11335,25503
11335,25504
11335,25505
11335,25506
11335,25507
11335,25508
11335,25509
11335,25510
11335,25511
11335,25512
11335,25513
11335,25514
11335,25515
11335,25516
11335,25517
11335,25518
11335,25519
11335,25520
11335,25521
11335,25522
11335,25523
11335,25524
11335,25525
11335,25526
11335,25527
11335,25528
11336,25258
11336,25259
11336,25260
11336,25261
11336,25262
11336,25263
11336,25264
11336,25265
11336,25266
11336,25267
11336,25268
11336,25269
11336,25270
11336,25271
11336,25272
11336,25273
11336,25274
11336,25275
11336,25276
11336,25277
11336,25278
11336,25279
11336,25280
11336,25281
11336,25282
11336,25283
11336,25284
11336,25285
11336,25286
11336,25287
11336,25288
11336,25289
11336,25290
11336,25291
11336,25292
11336,25293
11336,25294
11336,25295
11336,25296
11336,25297
11336,25298
11336,25299
11336,25300
11336,25301
11336,25302
11336,25303
11336,25304
11336,25305
11336,25306
11336,25307
11336,25308
11336,25309
11336,25310
11336,25311
11336,25312
11336,25313
11336,25314
11336,25315
11336,25316
11336,25317
11336,25318
11336,25319
11336,25320
11336,25321
11336,25322
11336,25323
11336,25324
11336,25325
11336,25326
11336,25327
11336,25328
11336,25329
11336,25330
11336,25331
11336,25332
11336,25333
11336,25334
11336,25335
11336,25336
11336,25337
11336,25338
11336,25339
11336,25340
11336,25341
11336,25342
11336,25343
11336,25344
11336,25345
11336,25346
11336,25347
11336,25348
11336,25349
11336,25350
11336,25351
11336,25352
11336,25353
11336,25354
11336,25355
11336,25356
11336,25357
11336,25358
11336,25359
11336,25360
11336,25361
11336,25362
11336,25363
11336,25364
11336,25365
11336,25366
11336,25367
11336,25368
11336,25369
11336,25370
11336,25371
11336,25372
11336,25373
11336,25374
11336,25375
11336,25376
11336,25377
11336,25378
11336,25379
11336,25380
11336,25381
11336,25382
11336,25383
11336,25384
11336,25385
11336,25386
11336,25387
11336,25388
11336,25389
11336,25390
11336,25391
11336,25392
11336,25393
11336,25394
11336,25395
11336,25396
11336,25397
11336,25398
11336,25399
11336,25400
11336,25401
11336,25402
11336,25403
11336,25404
11336,25405
11336,25406
11336,25407
11336,25408
11336,25409
11336,25410
11336,25411
11336,25412
11336,25413
11336,25414
11336,25415
11336,25416
11336,25417
11336,25418
11336,25419
11336,25420
11336,25421
11336,25422
11336,25423
11336,25424
11336,25425
11336,25426
11336,25427
11336,25428
11336,25429
11336,25430
11336,25431
11336,25432
11336,25433
11336,25434
11336,25435
11336,25436
11336,25437
11336,25438
11336,25439
11336,25440
11336,25441
11336,25442
11336,25443
11336,25444
11336,25445
11336,25446
11336,25447
11336,25448
11336,25449
11336,25450
11336,25451
11336,25452
11336,25453
11336,25454
11336,25455
11336,25456
11336,25457
11336,25458
11336,25459
11336,25460
11336,25461
11336,25462
11336,25463
11336,25464
11336,25465
11336,25466
11336,25467
11336,25468
11336,25469
11336,25470
11336,25471
11336,25472
11336,25473
11336,25474
11336,25475
11336,25476
11336,25477
11336,25478
11336,25479
11336,25480
11336,25481
11336,25482
11336,25483
11336,25484
11336,25485
11336,25486
11336,25487
11336,25488
11336,25489
11336,25490
11336,25491
11336,25492
11336,25493
11336,25494
11336,25495
11336,25496
11336,25497
11336,25498
11336,25499
11336,25500
11336,25501
11336,25502
11336,25503
11336,25504
11336,25505
11336,25506
11336,25507
11336,25508
11336,25509
11336,25510
11336,25511
11336,25512
11336,25513
11336,25514
11336,25515
11336,25516
11336,25517
11336,25518
11336,25519
11336,25520
11336,25521
11336,25522
11336,25523
11336,25524
11336,25525
11336,25526
11336,25527
11336,25528
11336,25529
11337,25256
11337,25258
11337,25259
11337,25260
11337,25261
11337,25262
11337,25263
11337,25264
11337,25265
11337,25266
11337,25267
11337,25268
11337,25269
11337,25270
11337,25271
11337,25272
11337,25273
11337,25274
11337,25275
11337,25276
11337,25277
11337,25278
11337,25279
11337,25280
11337,25281
11337,25282
11337,25283
11337,25284
11337,25285
11337,25286
11337,25287
11337,25288
11337,25289
11337,25290
11337,25291
11337,25292
11337,25293
11337,25294
11337,25295
11337,25296
11337,25297
11337,25298
11337,25299
11337,25300
11337,25301
11337,25302
11337,25303
11337,25304
11337,25305
11337,25306
11337,25307
11337,25308
11337,25309
11337,25310
11337,25311
11337,25312
11337,25313
11337,25314
11337,25315
11337,25316
11337,25317
11337,25318
11337,25319
11337,25320
11337,25321
11337,25322
11337,25323
11337,25324
11337,25325
11337,25326
11337,25327
11337,25328
11337,25329
11337,25330
11337,25331
11337,25332
11337,25333
11337,25334
11337,25335
11337,25336
11337,25337
11337,25338
11337,25339
11337,25340
11337,25341
11337,25342
11337,25343
11337,25344
11337,25345
11337,25346
11337,25347
11337,25348
11337,25349
11337,25350
11337,25351
11337,25352
11337,25353
11337,25354
11337,25355
11337,25356
11337,25357
11337,25358
11337,25359
11337,25360
11337,25361
11337,25362
11337,25363
11337,25364
11337,25365
11337,25366
11337,25367
11337,25368
11337,25369
11337,25370
11337,25371
11337,25372
11337,25373
11337,25374
11337,25375
11337,25376
11337,25377
11337,25378
11337,25379
11337,25380
11337,25381
11337,25382
11337,25383
11337,25384
11337,25385
11337,25386
11337,25387
11337,25388
11337,25389
11337,25390
11337,25391
11337,25392
11337,25393
11337,25394
11337,25395
11337,25396
11337,25397
11337,25398
11337,25399
11337,25400
11337,25401
11337,25402
11337,25403
11337,25404
11337,25405
11337,25406
11337,25407
11337,25408
11337,25409
11337,25410
11337,25411
11337,25412
11337,25413
11337,25414
11337,25415
11337,25416
11337,25417
11337,25418
11337,25419
11337,25420
11337,25421
11337,25422
11337,25423
11337,25424
11337,25425
11337,25426
11337,25427
11337,25428
11337,25429
11337,25430
11337,25431
11337,25432
11337,25433
11337,25434
11337,25435
11337,25436
11337,25437
11337,25438
11337,25439
11337,25440
11337,25441
11337,25442
11337,25443
11337,25444
11337,25445
11337,25446
11337,25447
11337,25448
11337,25449
11337,25450
11337,25451
11337,25452
11337,25453
11337,25454
11337,25455
11337,25456
11337,25457
11337,25458
11337,25459
11337,25460
11337,25461
11337,25462
11337,25463
11337,25464
11337,25465
11337,25466
11337,25467
11337,25468
11337,25469
11337,25470
11337,25471
11337,25472
11337,25473
11337,25474
11337,25475
11337,25476
11337,25477
11337,25478
11337,25479
11337,25480
11337,25481
11337,25482
11337,25483
11337,25484
11337,25485
11337,25486
11337,25487
11337,25488
11337,25489
11337,25490
11337,25491
11337,25492
11337,25493
11337,25494
11337,25495
11337,25496
11337,25497
11337,25498
11337,25499
11337,25500
11337,25501
11337,25502
11337,25503
11337,25504
11337,25505
11337,25506
11337,25507
11337,25508
11337,25509
11337,25510
11337,25511
11337,25512
11337,25513
11337,25514
11337,25515
11337,25516
11337,25517
11337,25518
11337,25519
11337,25520
11337,25521
11337,25522
11337,25523
11337,25524
11337,25525
11337,25526
11337,25527
11337,25528
11338,25254
11338,25255
11338,25256
11338,25257
11338,25258
11338,25259
11338,25260
11338,25261
11338,25262
11338,25263
11338,25264
11338,25265
11338,25266
11338,25267
11338,25268
11338,25269
11338,25270
11338,25271
11338,25272
11338,25273
11338,25274
11338,25275
11338,25276
11338,25277
11338,25278
11338,25279
11338,25280
11338,25281
11338,25282
11338,25283
11338,25284
11338,25285
11338,25286
11338,25287
11338,25288
11338,25289
11338,25290
11338,25291
11338,25292
11338,25293
11338,25294
11338,25295
11338,25296
11338,25297
11338,25298
11338,25299
11338,25300
11338,25301
11338,25302
11338,25303
11338,25304
11338,25305
11338,25306
11338,25307
11338,25308
11338,25309
11338,25310
11338,25311
11338,25312
11338,25313
11338,25314
11338,25315
11338,25316
11338,25317
11338,25318
11338,25319
11338,25320
11338,25321
11338,25322
11338,25323
11338,25324
11338,25325
11338,25326
11338,25327
11338,25328
11338,25329
11338,25330
11338,25331
11338,25332
11338,25333
11338,25334
11338,25335
11338,25336
11338,25337
11338,25338
11338,25339
11338,25340
11338,25341
11338,25342
11338,25343
11338,25344
11338,25345
11338,25346
11338,25347
11338,25348
11338,25349
11338,25350
11338,25351
11338,25352
11338,25353
11338,25354
11338,25355
11338,25356
11338,25357
11338,25358
11338,25359
11338,25360
11338,25361
11338,25362
11338,25363
11338,25364
11338,25365
11338,25366
11338,25367
11338,25368
11338,25369
11338,25370
11338,25371
11338,25372
11338,25373
11338,25374
11338,25375
11338,25376
11338,25377
11338,25378
11338,25379
11338,25380
11338,25381
11338,25382
11338,25383
11338,25384
11338,25385
11338,25386
11338,25387
11338,25388
11338,25389
11338,25390
11338,25391
11338,25392
11338,25393
11338,25394
11338,25395
11338,25396
11338,25397
11338,25398
11338,25399
11338,25400
11338,25401
11338,25402
11338,25403
11338,25404
11338,25405
11338,25406
11338,25407
11338,25408
11338,25409
11338,25410
11338,25411
11338,25412
11338,25413
11338,25414
11338,25415
11338,25416
11338,25417
11338,25418
11338,25419
11338,25420
11338,25421
11338,25422
11338,25423
11338,25424
11338,25425
11338,25426
11338,25427
11338,25428
11338,25429
11338,25430
11338,25431
11338,25432
11338,25433
11338,25434
11338,25435
11338,25436
11338,25437
11338,25438
11338,25439
11338,25440
11338,25441
11338,25442
11338,25443
11338,25444
11338,25445
11338,25446
11338,25447
11338,25448
11338,25449
11338,25450
11338,25451
11338,25452
11338,25453
11338,25454
11338,25455
11338,25456
11338,25457
11338,25458
11338,25459
11338,25460
11338,25461
11338,25462
11338,25463
11338,25464
11338,25465
11338,25466
11338,25467
11338,25468
11338,25469
11338,25470
11338,25471
11338,25472
11338,25473
11338,25474
11338,25475
11338,25476
11338,25477
11338,25478
11338,25479
11338,25480
11338,25481
11338,25482
11338,25483
11338,25484
11338,25485
11338,25486
11338,25487
11338,25488
11338,25489
11338,25490
11338,25491
11338,25492
11338,25493
11338,25494
11338,25495
11338,25496
11338,25497
11338,25498
11338,25499
11338,25500
11338,25501
11338,25502
11338,25503
11338,25504
11338,25505
11338,25506
11338,25507
11338,25508
11338,25509
11338,25510
11338,25511
11338,25512
11338,25513
11338,25514
11338,25515
11338,25516
11338,25517
11338,25518
11338,25519
11338,25520
11338,25521
11338,25522
11338,25523
11338,25524
11338,25525
11338,25526
11338,25527
11338,25528
11339,25253
11339,25254
11339,25255
11339,25256
11339,25257
11339,25258
11339,25259
11339,25260
11339,25261
11339,25262
11339,25263
11339,25264
11339,25265
11339,25266
11339,25267
11339,25268
11339,25269
11339,25270
11339,25271
11339,25272
11339,25273
11339,25274
11339,25275
11339,25276
11339,25277
11339,25278
11339,25279
11339,25280
11339,25281
11339,25282
11339,25283
11339,25284
11339,25285
11339,25286
11339,25287
11339,25288
11339,25289
11339,25290
11339,25291
11339,25292
11339,25293
11339,25294
11339,25295
11339,25296
11339,25297
11339,25298
11339,25299
11339,25300
11339,25301
11339,25302
11339,25303
11339,25304
11339,25305
11339,25306
11339,25307
11339,25308
11339,25309
11339,25310
11339,25311
11339,25312
11339,25313
11339,25314
11339,25315
11339,25316
11339,25317
11339,25318
11339,25319
11339,25320
11339,25321
11339,25322
11339,25323
11339,25324
11339,25325
11339,25326
11339,25327
11339,25328
11339,25329
11339,25330
11339,25331
11339,25332
11339,25333
11339,25334
11339,25335
11339,25336
11339,25337
11339,25338
11339,25339
11339,25340
11339,25341
11339,25342
11339,25343
11339,25344
11339,25345
11339,25346
11339,25347
11339,25348
11339,25349
11339,25350
11339,25351
11339,25352
11339,25353
11339,25354
11339,25355
11339,25356
11339,25357
11339,25358
11339,25359
11339,25360
11339,25361
11339,25362
11339,25363
11339,25364
11339,25365
11339,25366
11339,25367
11339,25368
11339,25369
11339,25370
11339,25371
11339,25372
11339,25373
11339,25374
11339,25375
11339,25376
11339,25377
11339,25378
11339,25379
11339,25380
11339,25381
11339,25382
11339,25383
11339,25384
11339,25385
11339,25386
11339,25387
11339,25388
11339,25389
11339,25390
11339,25391
11339,25392
11339,25393
11339,25394
11339,25395
11339,25396
11339,25397
11339,25398
11339,25399
11339,25400
11339,25401
11339,25402
11339,25403
11339,25404
11339,25405
11339,25406
11339,25407
11339,25408
11339,25409
11339,25410
11339,25411
11339,25412
11339,25413
11339,25414
11339,25415
11339,25416
11339,25417
11339,25418
11339,25419
11339,25420
11339,25421
11339,25422
11339,25423
11339,25424
11339,25425
11339,25426
11339,25427
11339,25428
11339,25429
11339,25430
11339,25431
11339,25432
11339,25433
11339,25434
11339,25435
11339,25436
11339,25437
11339,25438
11339,25439
11339,25440
11339,25441
11339,25442
11339,25443
11339,25444
11339,25445
11339,25446
11339,25447
11339,25448
11339,25449
11339,25450
11339,25451
11339,25452
11339,25453
11339,25454
11339,25455
11339,25456
11339,25457
11339,25458
11339,25459
11339,25460
11339,25461
11339,25462
11339,25463
11339,25464
11339,25465
11339,25466
11339,25467
11339,25468
11339,25469
11339,25470
11339,25471
11339,25472
11339,25473
11339,25474
11339,25475
11339,25476
11339,25477
11339,25478
11339,25479
11339,25480
11339,25481
11339,25482
11339,25483
11339,25484
11339,25485
11339,25486
11339,25487
11339,25488
11339,25489
11339,25490
11339,25491
11339,25492
11339,25493
11339,25494
11339,25495
11339,25496
11339,25497
11339,25498
11339,25499
11339,25500
11339,25501
11339,25502
11339,25503
11339,25504
11339,25505
11339,25506
11339,25507
11339,25508
11339,25509
11339,25510
11339,25511
11339,25512
11339,25513
11339,25514
11339,25515
11339,25516
11339,25517
11339,25518
11339,25519
11339,25520
11339,25521
11339,25522
11339,25523
11339,25524
11339,25525
11339,25526
11339,25527
11339,25528
11340,25252
11340,25253
11340,25254
11340,25255
11340,25256
11340,25257
11340,25258
11340,25259
11340,25260
11340,25261
11340,25262
11340,25263
11340,25264
11340,25265
11340,25266
11340,25267
11340,25268
11340,25269
11340,25270
11340,25271
11340,25272
11340,25273
11340,25274
11340,25275
11340,25276
11340,25277
11340,25278
11340,25279
11340,25280
11340,25281
11340,25282
11340,25283
11340,25284
11340,25285
11340,25286
11340,25287
11340,25288
11340,25289
11340,25290
11340,25291
11340,25292
11340,25293
11340,25294
11340,25295
11340,25296
11340,25297
11340,25298
11340,25299
11340,25300
11340,25301
11340,25302
11340,25303
11340,25304
11340,25305
11340,25306
11340,25307
11340,25308
11340,25309
11340,25310
11340,25311
11340,25312
11340,25313
11340,25314
11340,25315
11340,25316
11340,25317
11340,25318
11340,25319
11340,25320
11340,25321
11340,25322
11340,25323
11340,25324
11340,25325
11340,25326
11340,25327
11340,25328
11340,25329
11340,25330
11340,25331
11340,25332
11340,25333
11340,25334
11340,25335
11340,25336
11340,25337
11340,25338
11340,25339
11340,25340
11340,25341
11340,25342
11340,25343
11340,25344
11340,25345
11340,25346
11340,25347
11340,25348
11340,25349
11340,25350
11340,25351
11340,25352
11340,25353
11340,25354
11340,25355
11340,25356
11340,25357
11340,25358
11340,25359
11340,25360
11340,25361
11340,25362
11340,25363
11340,25364
11340,25365
11340,25366
11340,25367
11340,25368
11340,25369
11340,25370
11340,25371
11340,25372
11340,25373
11340,25374
11340,25375
11340,25376
11340,25377
11340,25378
11340,25379
11340,25380
11340,25381
11340,25382
11340,25383
11340,25384
11340,25385
11340,25386
11340,25387
11340,25388
11340,25389
11340,25390
11340,25391
11340,25392
11340,25393
11340,25394
11340,25395
11340,25396
11340,25397
11340,25398
11340,25399
11340,25400
11340,25401
11340,25402
11340,25403
11340,25404
11340,25405
11340,25406
11340,25407
11340,25408
11340,25409
11340,25410
11340,25411
11340,25412
11340,25413
11340,25414
11340,25415
11340,25416
11340,25417
11340,25418
11340,25419
11340,25420
11340,25421
11340,25422
11340,25423
11340,25424
11340,25425
11340,25426
11340,25427
11340,25428
11340,25429
11340,25430
11340,25431
11340,25432
11340,25433
11340,25434
11340,25435
11340,25436
11340,25437
11340,25438
11340,25439
11340,25440
11340,25441
11340,25442
11340,25443
11340,25444
11340,25445
11340,25446
11340,25447
11340,25448
11340,25449
11340,25450
11340,25451
11340,25452
11340,25453
11340,25454
11340,25455
11340,25456
11340,25457
11340,25458
11340,25459
11340,25460
11340,25461
11340,25462
11340,25463
11340,25464
11340,25465
11340,25466
11340,25467
11340,25468
11340,25469
11340,25470
11340,25471
11340,25472
11340,25473
11340,25474
11340,25475
11340,25476
11340,25477
11340,25478
11340,25479
11340,25480
11340,25481
11340,25482
11340,25483
11340,25484
11340,25485
11340,25486
11340,25487
11340,25488
11340,25489
11340,25490
11340,25491
11340,25492
11340,25493
11340,25494
11340,25495
11340,25496
11340,25497
11340,25498
11340,25499
11340,25500
11340,25501
11340,25502
11340,25503
11340,25504
11340,25505
11340,25506
11340,25507
11340,25508
11340,25509
11340,25510
11340,25511
11340,25512
11340,25513
11340,25514
11340,25515
11340,25516
11340,25517
11340,25518
11340,25519
11340,25520
11340,25521
11340,25522
11340,25523
11340,25524
11340,25525
11340,25526
11340,25527
11340,25528
11341,25252
11341,25253
11341,25254
11341,25255
11341,25256
11341,25257
11341,25258
11341,25259
11341,25260
11341,25261
11341,25262
11341,25263
11341,25264
11341,25265
11341,25266
11341,25267
11341,25268
11341,25269
11341,25270
11341,25271
11341,25272
11341,25273
11341,25274
11341,25275
11341,25276
11341,25277
11341,25278
11341,25279
11341,25280
11341,25281
11341,25282
11341,25283
11341,25284
11341,25285
11341,25286
11341,25287
11341,25288
11341,25289
11341,25290
11341,25291
11341,25292
11341,25293
11341,25294
11341,25295
11341,25296
11341,25297
11341,25298
11341,25299
11341,25300
11341,25301
11341,25302
11341,25303
11341,25304
11341,25305
11341,25306
11341,25307
11341,25308
11341,25309
11341,25310
11341,25311
11341,25312
11341,25313
11341,25314
11341,25315
11341,25316
11341,25317
11341,25318
11341,25319
11341,25320
11341,25321
11341,25322
11341,25323
11341,25324
11341,25325
11341,25326
11341,25327
11341,25328
11341,25329
11341,25330
11341,25331
11341,25332
11341,25333
11341,25334
11341,25335
11341,25336
11341,25337
11341,25338
11341,25339
11341,25340
11341,25341
11341,25342
11341,25343
11341,25344
11341,25345
11341,25346
11341,25347
11341,25348
11341,25349
11341,25350
11341,25351
11341,25352
11341,25353
11341,25354
11341,25355
11341,25356
11341,25357
11341,25358
11341,25359
11341,25360
11341,25361
11341,25362
11341,25363
11341,25364
11341,25365
11341,25366
11341,25367
11341,25368
11341,25369
11341,25370
11341,25371
11341,25372
11341,25373
11341,25374
11341,25375
11341,25376
11341,25377
11341,25378
11341,25379
11341,25380
11341,25381
11341,25382
11341,25383
11341,25384
11341,25385
11341,25386
11341,25387
11341,25388
11341,25389
11341,25390
11341,25391
11341,25392
11341,25393
11341,25394
11341,25395
11341,25396
11341,25397
11341,25398
11341,25399
11341,25400
11341,25401
11341,25402
11341,25403
11341,25404
11341,25405
11341,25406
11341,25407
11341,25408
11341,25409
11341,25410
11341,25411
11341,25412
11341,25413
11341,25414
11341,25415
11341,25416
11341,25417
11341,25418
11341,25419
11341,25420
11341,25421
11341,25422
11341,25423
11341,25424
11341,25425
11341,25426
11341,25427
11341,25428
11341,25429
11341,25430
11341,25431
11341,25432
11341,25433
11341,25434
11341,25435
11341,25436
11341,25437
11341,25438
11341,25439
11341,25440
11341,25441
11341,25442
11341,25443
11341,25444
11341,25445
11341,25446
11341,25447
11341,25448
11341,25449
11341,25450
11341,25451
11341,25452
11341,25453
11341,25454
11341,25455
11341,25456
11341,25457
11341,25458
11341,25459
11341,25460
11341,25461
11341,25462
11341,25463
11341,25464
11341,25465
11341,25466
11341,25467
11341,25468
11341,25469
11341,25470
11341,25471
11341,25472
11341,25473
11341,25474
11341,25475
11341,25476
11341,25477
11341,25478
11341,25479
11341,25480
11341,25481
11341,25482
11341,25483
11341,25484
11341,25485
11341,25486
11341,25487
11341,25488
11341,25489
11341,25490
11341,25491
11341,25492
11341,25493
11341,25494
11341,25495
11341,25496
11341,25497
11341,25498
11341,25499
11341,25500
11341,25501
11341,25502
11341,25503
11341,25504
11341,25505
11341,25506
11341,25507
11341,25508
11341,25509
11341,25510
11341,25511
11341,25512
11341,25513
11341,25514
11341,25515
11341,25516
11341,25517
11341,25518
11341,25519
11341,25520
11341,25521
11341,25522
11341,25523
11341,25524
11341,25525
11341,25526
11341,25527
11341,25528
11342,25251
11342,25252
11342,25253
11342,25254
11342,25255
11342,25256
11342,25257
11342,25258
11342,25259
11342,25260
11342,25261
11342,25262
11342,25263
11342,25264
11342,25265
11342,25266
11342,25267
11342,25268
11342,25269
11342,25270
11342,25271
11342,25272
11342,25273
11342,25274
11342,25275
11342,25276
11342,25277
11342,25278
11342,25279
11342,25280
11342,25281
11342,25282
11342,25283
11342,25284
11342,25285
11342,25286
11342,25287
11342,25288
11342,25289
11342,25290
11342,25291
11342,25292
11342,25293
11342,25294
11342,25295
11342,25296
11342,25297
11342,25298
11342,25299
11342,25300
11342,25301
11342,25302
11342,25303
11342,25304
11342,25305
11342,25306
11342,25307
11342,25308
11342,25309
11342,25310
11342,25311
11342,25312
11342,25313
11342,25314
11342,25315
11342,25316
11342,25317
11342,25318
11342,25319
11342,25320
11342,25321
11342,25322
11342,25323
11342,25324
11342,25325
11342,25326
11342,25327
11342,25328
11342,25329
11342,25330
11342,25331
11342,25332
11342,25333
11342,25334
11342,25335
11342,25336
11342,25337
11342,25338
11342,25339
11342,25340
11342,25341
11342,25342
11342,25343
11342,25344
11342,25345
11342,25346
11342,25347
11342,25348
11342,25349
11342,25350
11342,25351
11342,25352
11342,25353
11342,25354
11342,25355
11342,25356
11342,25357
11342,25358
11342,25359
11342,25360
11342,25361
11342,25362
11342,25363
11342,25364
11342,25365
11342,25366
11342,25367
11342,25368
11342,25369
11342,25370
11342,25371
11342,25372
11342,25373
11342,25374
11342,25375
11342,25376
11342,25377
11342,25378
11342,25379
11342,25380
11342,25381
11342,25382
11342,25383
11342,25384
11342,25385
11342,25386
11342,25387
11342,25388
11342,25389
11342,25390
11342,25391
11342,25392
11342,25393
11342,25394
11342,25395
11342,25396
11342,25397
11342,25398
11342,25399
11342,25400
11342,25401
11342,25402
11342,25403
11342,25404
11342,25405
11342,25406
11342,25407
11342,25408
11342,25409
11342,25410
11342,25411
11342,25412
11342,25413
11342,25414
11342,25415
11342,25416
11342,25417
11342,25418
11342,25419
11342,25420
11342,25421
11342,25422
11342,25423
11342,25424
11342,25425
11342,25426
11342,25427
11342,25428
11342,25429
11342,25430
11342,25431
11342,25432
11342,25433
11342,25434
11342,25435
11342,25436
11342,25437
11342,25438
11342,25439
11342,25440
11342,25441
11342,25442
11342,25443
11342,25444
11342,25445
11342,25446
11342,25447
11342,25448
11342,25449
11342,25450
11342,25451
11342,25452
11342,25453
11342,25454
11342,25455
11342,25456
11342,25457
11342,25458
11342,25459
11342,25460
11342,25461
11342,25462
11342,25463
11342,25464
11342,25465
11342,25466
11342,25467
11342,25468
11342,25469
11342,25470
11342,25471
11342,25472
11342,25473
11342,25474
11342,25475
11342,25476
11342,25477
11342,25478
11342,25479
11342,25480
11342,25481
11342,25482
11342,25483
11342,25484
11342,25485
11342,25486
11342,25487
11342,25488
11342,25489
11342,25490
11342,25491
11342,25492
11342,25493
11342,25494
11342,25495
11342,25496
11342,25497
11342,25498
11342,25499
11342,25500
11342,25501
11342,25502
11342,25503
11342,25504
11342,25505
11342,25506
11342,25507
11342,25508
11342,25509
11342,25510
11342,25511
11342,25512
11342,25513
11342,25514
11342,25515
11342,25516
11342,25517
11342,25518
11342,25519
11342,25520
11342,25521
11342,25522
11342,25523
11342,25524
11342,25525
11342,25526
11342,25527
11342,25528
11343,25251
11343,25252
11343,25253
11343,25254
11343,25255
11343,25256
11343,25257
11343,25258
11343,25259
11343,25260
11343,25261
11343,25262
11343,25263
11343,25264
11343,25265
11343,25266
11343,25267
11343,25268
11343,25269
11343,25270
11343,25271
11343,25272
11343,25273
11343,25274
11343,25275
11343,25276
11343,25277
11343,25278
11343,25279
11343,25280
11343,25281
11343,25282
11343,25283
11343,25284
11343,25285
11343,25286
11343,25287
11343,25288
11343,25289
11343,25290
11343,25291
11343,25292
11343,25293
11343,25294
11343,25295
11343,25296
11343,25297
11343,25298
11343,25299
11343,25300
11343,25301
11343,25302
11343,25303
11343,25304
11343,25305
11343,25306
11343,25307
11343,25308
11343,25309
11343,25310
11343,25311
11343,25312
11343,25313
11343,25314
11343,25315
11343,25316
11343,25317
11343,25318
11343,25319
11343,25320
11343,25321
11343,25322
11343,25323
11343,25324
11343,25325
11343,25326
11343,25327
11343,25328
11343,25329
11343,25330
11343,25331
11343,25332
11343,25333
11343,25334
11343,25335
11343,25336
11343,25337
11343,25338
11343,25339
11343,25340
11343,25341
11343,25342
11343,25343
11343,25344
11343,25345
11343,25346
11343,25347
11343,25348
11343,25349
11343,25350
11343,25351
11343,25352
11343,25353
11343,25354
11343,25355
11343,25356
11343,25357
11343,25358
11343,25359
11343,25360
11343,25361
11343,25362
11343,25363
11343,25364
11343,25365
11343,25366
11343,25367
11343,25368
11343,25369
11343,25370
11343,25371
11343,25372
11343,25373
11343,25374
11343,25375
11343,25376
11343,25377
11343,25378
11343,25379
11343,25380
11343,25381
11343,25382
11343,25383
11343,25384
11343,25385
11343,25386
11343,25387
11343,25388
11343,25389
11343,25390
11343,25391
11343,25392
11343,25393
11343,25394
11343,25395
11343,25396
11343,25397
11343,25398
11343,25399
11343,25400
11343,25401
11343,25402
11343,25403
11343,25404
11343,25405
11343,25406
11343,25407
11343,25408
11343,25409
11343,25410
11343,25411
11343,25412
11343,25413
11343,25414
11343,25415
11343,25416
11343,25417
11343,25418
11343,25419
11343,25420
11343,25421
11343,25422
11343,25423
11343,25424
11343,25425
11343,25426
11343,25427
11343,25428
11343,25429
11343,25430
11343,25431
11343,25432
11343,25433
11343,25434
11343,25435
11343,25436
11343,25437
11343,25438
11343,25439
11343,25440
11343,25441
11343,25442
11343,25443
11343,25444
11343,25445
11343,25446
11343,25447
11343,25448
11343,25449
11343,25450
11343,25451
11343,25452
11343,25453
11343,25454
11343,25455
11343,25456
11343,25457
11343,25458
11343,25459
11343,25460
11343,25461
11343,25462
11343,25463
11343,25464
11343,25465
11343,25466
11343,25467
11343,25468
11343,25469
11343,25470
11343,25471
11343,25472
11343,25473
11343,25474
11343,25475
11343,25476
11343,25477
11343,25478
11343,25479
11343,25480
11343,25481
11343,25482
11343,25483
11343,25484
11343,25485
11343,25486
11343,25487
11343,25488
11343,25489
11343,25490
11343,25491
11343,25492
11343,25493
11343,25494
11343,25495
11343,25496
11343,25497
11343,25498
11343,25499
11343,25500
11343,25501
11343,25502
11343,25503
11343,25504
11343,25505
11343,25506
11343,25507
11343,25508
11343,25509
11343,25510
11343,25511
11343,25512
11343,25513
11343,25514
11343,25515
11343,25516
11343,25517
11343,25518
11343,25519
11343,25520
11343,25521
11343,25522
11343,25523
11343,25524
11343,25525
11343,25526
11343,25527
11343,25528
11344,25252
11344,25253
11344,25254
11344,25255
11344,25256
11344,25257
11344,25258
11344,25259
11344,25260
11344,25261
11344,25262
11344,25263
11344,25264
11344,25265
11344,25266
11344,25267
11344,25268
11344,25269
11344,25270
11344,25271
11344,25272
11344,25273
11344,25274
11344,25275
11344,25276
11344,25277
11344,25278
11344,25279
11344,25280
11344,25281
11344,25282
11344,25283
11344,25284
11344,25285
11344,25286
11344,25287
11344,25288
11344,25289
11344,25290
11344,25291
11344,25292
11344,25293
11344,25294
11344,25295
11344,25296
11344,25297
11344,25298
11344,25299
11344,25300
11344,25301
11344,25302
11344,25303
11344,25304
11344,25305
11344,25306
11344,25307
11344,25308
11344,25309
11344,25310
11344,25311
11344,25312
11344,25313
11344,25314
11344,25315
11344,25316
11344,25317
11344,25318
11344,25319
11344,25320
11344,25321
11344,25322
11344,25323
11344,25324
11344,25325
11344,25326
11344,25327
11344,25328
11344,25329
11344,25330
11344,25331
11344,25332
11344,25333
11344,25334
11344,25335
11344,25336
11344,25337
11344,25338
11344,25339
11344,25340
11344,25341
11344,25342
11344,25343
11344,25344
11344,25345
11344,25346
11344,25347
11344,25348
11344,25349
11344,25350
11344,25351
11344,25352
11344,25353
11344,25354
11344,25355
11344,25356
11344,25357
11344,25358
11344,25359
11344,25360
11344,25361
11344,25362
11344,25363
11344,25364
11344,25365
11344,25366
11344,25367
11344,25368
11344,25369
11344,25370
11344,25371
11344,25372
11344,25373
11344,25374
11344,25375
11344,25376
11344,25377
11344,25378
11344,25379
11344,25380
11344,25381
11344,25382
11344,25383
11344,25384
11344,25385
11344,25386
11344,25387
11344,25388
11344,25389
11344,25390
11344,25391
11344,25392
11344,25393
11344,25394
11344,25395
11344,25396
11344,25397
11344,25398
11344,25399
11344,25400
11344,25401
11344,25402
11344,25403
11344,25404
11344,25405
11344,25406
11344,25407
11344,25408
11344,25409
11344,25410
11344,25411
11344,25412
11344,25413
11344,25414
11344,25415
11344,25416
11344,25417
11344,25418
11344,25419
11344,25420
11344,25421
11344,25422
11344,25423
11344,25424
11344,25425
11344,25426
11344,25427
11344,25428
11344,25429
11344,25430
11344,25431
11344,25432
11344,25433
11344,25434
11344,25435
11344,25436
11344,25437
11344,25438
11344,25439
11344,25440
11344,25441
11344,25442
11344,25443
11344,25444
11344,25445
11344,25446
11344,25447
11344,25448
11344,25449
11344,25450
11344,25451
11344,25452
11344,25453
11344,25454
11344,25455
11344,25456
11344,25457
11344,25458
11344,25459
11344,25460
11344,25461
11344,25462
11344,25463
11344,25464
11344,25465
11344,25466
11344,25467
11344,25468
11344,25469
11344,25470
11344,25471
11344,25472
11344,25473
11344,25474
11344,25475
11344,25476
11344,25477
11344,25478
11344,25479
11344,25480
11344,25481
11344,25482
11344,25483
11344,25484
11344,25485
11344,25486
11344,25487
11344,25488
11344,25489
11344,25490
11344,25491
11344,25492
11344,25493
11344,25494
11344,25495
11344,25496
11344,25497
11344,25498
11344,25499
11344,25500
11344,25501
11344,25502
11344,25503
11344,25504
11344,25505
11344,25506
11344,25507
11344,25508
11344,25509
11344,25510
11344,25511
11344,25512
11344,25513
11344,25514
11344,25515
11344,25516
11344,25517
11344,25518
11344,25519
11344,25520
11344,25521
11344,25522
11344,25523
11344,25524
11344,25525
11344,25526
11344,25527
11344,25528
11345,25252
11345,25253
11345,25254
11345,25255
11345,25256
11345,25257
11345,25258
11345,25259
11345,25260
11345,25261
11345,25262
11345,25263
11345,25264
11345,25265
11345,25266
11345,25267
11345,25268
11345,25269
11345,25270
11345,25271
11345,25272
11345,25273
11345,25274
11345,25275
11345,25276
11345,25277
11345,25278
11345,25279
11345,25280
11345,25281
11345,25282
11345,25283
11345,25284
11345,25285
11345,25286
11345,25287
11345,25288
11345,25289
11345,25290
11345,25291
11345,25292
11345,25293
11345,25294
11345,25295
11345,25296
11345,25297
11345,25298
11345,25299
11345,25300
11345,25301
11345,25302
11345,25303
11345,25304
11345,25305
11345,25306
11345,25307
11345,25308
11345,25309
11345,25310
11345,25311
11345,25312
11345,25313
11345,25314
11345,25315
11345,25316
11345,25317
11345,25318
11345,25319
11345,25320
11345,25321
11345,25322
11345,25323
11345,25324
11345,25325
11345,25326
11345,25327
11345,25328
11345,25329
11345,25330
11345,25331
11345,25332
11345,25333
11345,25334
11345,25335
11345,25336
11345,25337
11345,25338
11345,25339
11345,25340
11345,25341
11345,25342
11345,25343
11345,25344
11345,25345
11345,25346
11345,25347
11345,25348
11345,25349
11345,25350
11345,25351
11345,25352
11345,25353
11345,25354
11345,25355
11345,25356
11345,25357
11345,25358
11345,25359
11345,25360
11345,25361
11345,25362
11345,25363
11345,25364
11345,25365
11345,25366
11345,25367
11345,25368
11345,25369
11345,25370
11345,25371
11345,25372
11345,25373
11345,25374
11345,25375
11345,25376
11345,25377
11345,25378
11345,25379
11345,25380
11345,25381
11345,25382
11345,25383
11345,25384
11345,25385
11345,25386
11345,25387
11345,25388
11345,25389
11345,25390
11345,25391
11345,25392
11345,25393
11345,25394
11345,25395
11345,25396
11345,25397
11345,25398
11345,25399
11345,25400
11345,25401
11345,25402
11345,25403
11345,25404
11345,25405
11345,25406
11345,25407
11345,25408
11345,25409
11345,25410
11345,25411
11345,25412
11345,25413
11345,25414
11345,25415
11345,25416
11345,25417
11345,25418
11345,25419
11345,25420
11345,25421
11345,25422
11345,25423
11345,25424
11345,25425
11345,25426
11345,25427
11345,25428
11345,25429
11345,25430
11345,25431
11345,25432
11345,25433
11345,25434
11345,25435
11345,25436
11345,25437
11345,25438
11345,25439
11345,25440
11345,25441
11345,25442
11345,25443
11345,25444
11345,25445
11345,25446
11345,25447
11345,25448
11345,25449
11345,25450
11345,25451
11345,25452
11345,25453
11345,25454
11345,25455
11345,25456
11345,25457
11345,25458
11345,25459
11345,25460
11345,25461
11345,25462
11345,25463
11345,25464
11345,25465
11345,25466
11345,25467
11345,25468
11345,25469
11345,25470
11345,25471
11345,25472
11345,25473
11345,25474
11345,25475
11345,25476
11345,25477
11345,25478
11345,25479
11345,25480
11345,25481
11345,25482
11345,25483
11345,25484
11345,25485
11345,25486
11345,25487
11345,25488
11345,25489
11345,25490
11345,25491
11345,25492
11345,25493
11345,25494
11345,25495
11345,25496
11345,25497
11345,25498
11345,25499
11345,25500
11345,25501
11345,25502
11345,25503
11345,25504
11345,25505
11345,25506
11345,25507
11345,25508
11345,25509
11345,25510
11345,25511
11345,25512
11345,25513
11345,25514
11345,25515
11345,25516
11345,25517
11345,25518
11345,25519
11345,25520
11345,25521
11345,25522
11345,25523
11345,25524
11345,25525
11345,25526
11345,25527
11346,25252
11346,25253
11346,25254
11346,25255
11346,25256
11346,25257
11346,25258
11346,25259
11346,25260
11346,25261
11346,25262
11346,25263
11346,25264
11346,25265
11346,25266
11346,25267
11346,25268
11346,25269
11346,25270
11346,25271
11346,25272
11346,25273
11346,25274
11346,25275
11346,25276
11346,25277
11346,25278
11346,25279
11346,25280
11346,25281
11346,25282
11346,25283
11346,25284
11346,25285
11346,25286
11346,25287
11346,25288
11346,25289
11346,25290
11346,25291
11346,25292
11346,25293
11346,25294
11346,25295
11346,25296
11346,25297
11346,25298
11346,25299
11346,25300
11346,25301
11346,25302
11346,25303
11346,25304
11346,25305
11346,25306
11346,25307
11346,25308
11346,25309
11346,25310
11346,25311
11346,25312
11346,25313
11346,25314
11346,25315
11346,25316
11346,25317
11346,25318
11346,25319
11346,25320
11346,25321
11346,25322
11346,25323
11346,25324
11346,25325
11346,25326
11346,25327
11346,25328
11346,25329
11346,25330
11346,25331
11346,25332
11346,25333
11346,25334
11346,25335
11346,25336
11346,25337
11346,25338
11346,25339
11346,25340
11346,25341
11346,25342
11346,25343
11346,25344
11346,25345
11346,25346
11346,25347
11346,25348
11346,25349
11346,25350
11346,25351
11346,25352
11346,25353
11346,25354
11346,25355
11346,25356
11346,25357
11346,25358
11346,25359
11346,25360
11346,25361
11346,25362
11346,25363
11346,25364
11346,25365
11346,25366
11346,25367
11346,25368
11346,25369
11346,25370
11346,25371
11346,25372
11346,25373
11346,25374
11346,25375
11346,25376
11346,25377
11346,25378
11346,25379
11346,25380
11346,25381
11346,25382
11346,25383
11346,25384
11346,25385
11346,25386
11346,25387
11346,25388
11346,25389
11346,25390
11346,25391
11346,25392
11346,25393
11346,25394
11346,25395
11346,25396
11346,25397
11346,25398
11346,25399
11346,25400
11346,25401
11346,25402
11346,25403
11346,25404
11346,25405
11346,25406
11346,25407
11346,25408
11346,25409
11346,25410
11346,25411
11346,25412
11346,25413
11346,25414
11346,25415
11346,25416
11346,25417
11346,25418
11346,25419
11346,25420
11346,25421
11346,25422
11346,25423
11346,25424
11346,25425
11346,25426
11346,25427
11346,25428
11346,25429
11346,25430
11346,25431
11346,25432
11346,25433
11346,25434
11346,25435
11346,25436
11346,25437
11346,25438
11346,25439
11346,25440
11346,25441
11346,25442
11346,25443
11346,25444
11346,25445
11346,25446
11346,25447
11346,25448
11346,25449
11346,25450
11346,25451
11346,25452
11346,25453
11346,25454
11346,25455
11346,25456
11346,25457
11346,25458
11346,25459
11346,25460
11346,25461
11346,25462
11346,25463
11346,25464
11346,25465
11346,25466
11346,25467
11346,25468
11346,25469
11346,25470
11346,25471
11346,25472
11346,25473
11346,25474
11346,25475
11346,25476
11346,25477
11346,25478
11346,25479
11346,25480
11346,25481
11346,25482
11346,25483
11346,25484
11346,25485
11346,25486
11346,25487
11346,25488
11346,25489
11346,25490
11346,25491
11346,25492
11346,25493
11346,25494
11346,25495
11346,25496
11346,25497
11346,25498
11346,25499
11346,25500
11346,25501
11346,25502
11346,25503
11346,25504
11346,25505
11346,25506
11346,25507
11346,25508
11346,25509
11346,25510
11346,25511
11346,25512
11346,25513
11346,25514
11346,25515
11346,25516
11346,25517
11346,25518
11346,25519
11346,25520
11346,25521
11346,25522
11346,25523
11346,25524
11346,25525
11346,25526
11346,25527
11347,25253
11347,25254
11347,25255
11347,25256
11347,25257
11347,25258
11347,25259
11347,25260
11347,25261
11347,25262
11347,25263
11347,25264
11347,25265
11347,25266
11347,25267
11347,25268
11347,25269
11347,25270
11347,25271
11347,25272
11347,25273
11347,25274
11347,25275
11347,25276
11347,25277
11347,25278
11347,25279
11347,25280
11347,25281
11347,25282
11347,25283
11347,25284
11347,25285
11347,25286
11347,25287
11347,25288
11347,25289
11347,25290
11347,25291
11347,25292
11347,25293
11347,25294
11347,25295
11347,25296
11347,25297
11347,25298
11347,25299
11347,25300
11347,25301
11347,25302
11347,25303
11347,25304
11347,25305
11347,25306
11347,25307
11347,25308
11347,25309
11347,25310
11347,25311
11347,25312
11347,25313
11347,25314
11347,25315
11347,25316
11347,25317
11347,25318
11347,25319
11347,25320
11347,25321
11347,25322
11347,25323
11347,25324
11347,25325
11347,25326
11347,25327
11347,25328
11347,25329
11347,25330
11347,25331
11347,25332
11347,25333
11347,25334
11347,25335
11347,25336
11347,25337
11347,25338
11347,25339
11347,25340
11347,25341
11347,25342
11347,25343
11347,25344
11347,25345
11347,25346
11347,25347
11347,25348
11347,25349
11347,25350
11347,25351
11347,25352
11347,25353
11347,25354
11347,25355
11347,25356
11347,25357
11347,25358
11347,25359
11347,25360
11347,25361
11347,25362
11347,25363
11347,25364
11347,25365
11347,25366
11347,25367
11347,25368
11347,25369
11347,25370
11347,25371
11347,25372
11347,25373
11347,25374
11347,25375
11347,25376
11347,25377
11347,25378
11347,25379
11347,25380
11347,25381
11347,25382
11347,25383
11347,25384
11347,25385
11347,25386
11347,25387
11347,25388
11347,25389
11347,25390
11347,25391
11347,25392
11347,25393
11347,25394
11347,25395
11347,25396
11347,25397
11347,25398
11347,25399
11347,25400
11347,25401
11347,25402
11347,25403
11347,25404
11347,25405
11347,25406
11347,25407
11347,25408
11347,25409
11347,25410
11347,25411
11347,25412
11347,25413
11347,25414
11347,25415
11347,25416
11347,25417
11347,25418
11347,25419
11347,25420
11347,25421
11347,25422
11347,25423
11347,25424
11347,25425
11347,25426
11347,25427
11347,25428
11347,25429
11347,25430
11347,25431
11347,25432
11347,25433
11347,25434
11347,25435
11347,25436
11347,25437
11347,25438
11347,25439
11347,25440
11347,25441
11347,25442
11347,25443
11347,25444
11347,25445
11347,25446
11347,25447
11347,25448
11347,25449
11347,25450
11347,25451
11347,25452
11347,25453
11347,25454
11347,25455
11347,25456
11347,25457
11347,25458
11347,25459
11347,25460
11347,25461
11347,25462
11347,25463
11347,25464
11347,25465
11347,25466
11347,25467
11347,25468
11347,25469
11347,25470
11347,25471
11347,25472
11347,25473
11347,25474
11347,25475
11347,25476
11347,25477
11347,25478
11347,25479
11347,25480
11347,25481
11347,25482
11347,25483
11347,25484
11347,25485
11347,25486
11347,25487
11347,25488
11347,25489
11347,25490
11347,25491
11347,25492
11347,25493
11347,25494
11347,25495
11347,25496
11347,25497
11347,25498
11347,25499
11347,25500
11347,25501
11347,25502
11347,25503
11347,25504
11347,25505
11347,25506
11347,25507
11347,25508
11347,25509
11347,25510
11347,25511
11347,25512
11347,25513
11347,25514
11347,25515
11347,25516
11347,25517
11347,25518
11347,25519
11347,25520
11347,25521
11347,25522
11347,25523
11347,25524
11347,25525
11347,25526
11347,25527
11348,25254
11348,25255
11348,25256
11348,25257
11348,25258
11348,25259
11348,25260
11348,25261
11348,25262
11348,25263
11348,25264
11348,25265
11348,25266
11348,25267
11348,25268
11348,25269
11348,25270
11348,25271
11348,25272
11348,25273
11348,25274
11348,25275
11348,25276
11348,25277
11348,25278
11348,25279
11348,25280
11348,25281
11348,25282
11348,25283
11348,25284
11348,25285
11348,25286
11348,25287
11348,25288
11348,25289
11348,25290
11348,25291
11348,25292
11348,25293
11348,25294
11348,25295
11348,25296
11348,25297
11348,25298
11348,25299
11348,25300
11348,25301
11348,25302
11348,25303
11348,25304
11348,25305
11348,25306
11348,25307
11348,25308
11348,25309
11348,25310
11348,25311
11348,25312
11348,25313
11348,25314
11348,25315
11348,25316
11348,25317
11348,25318
11348,25319
11348,25320
11348,25321
11348,25322
11348,25323
11348,25324
11348,25325
11348,25326
11348,25327
11348,25328
11348,25329
11348,25330
11348,25331
11348,25332
11348,25333
11348,25334
11348,25335
11348,25336
11348,25337
11348,25338
11348,25339
11348,25340
11348,25341
11348,25342
11348,25343
11348,25344
11348,25345
11348,25346
11348,25347
11348,25348
11348,25349
11348,25350
11348,25351
11348,25352
11348,25353
11348,25354
11348,25355
11348,25356
11348,25357
11348,25358
11348,25359
11348,25360
11348,25361
11348,25362
11348,25363
11348,25364
11348,25365
11348,25366
11348,25367
11348,25368
11348,25369
11348,25370
11348,25371
11348,25372
11348,25373
11348,25374
11348,25375
11348,25376
11348,25377
11348,25378
11348,25379
11348,25380
11348,25381
11348,25382
11348,25383
11348,25384
11348,25385
11348,25386
11348,25387
11348,25388
11348,25389
11348,25390
11348,25391
11348,25392
11348,25393
11348,25394
11348,25395
11348,25396
11348,25397
11348,25398
11348,25399
11348,25400
11348,25401
11348,25402
11348,25403
11348,25404
11348,25405
11348,25406
11348,25407
11348,25408
11348,25409
11348,25410
11348,25411
11348,25412
11348,25413
11348,25414
11348,25415
11348,25416
11348,25417
11348,25418
11348,25419
11348,25420
11348,25421
11348,25422
11348,25423
11348,25424
11348,25425
11348,25426
11348,25427
11348,25428
11348,25429
11348,25430
11348,25431
11348,25432
11348,25433
11348,25434
11348,25435
11348,25436
11348,25437
11348,25438
11348,25439
11348,25440
11348,25441
11348,25442
11348,25443
11348,25444
11348,25445
11348,25446
11348,25447
11348,25448
11348,25449
11348,25450
11348,25451
11348,25452
11348,25453
11348,25454
11348,25455
11348,25456
11348,25457
11348,25458
11348,25459
11348,25460
11348,25461
11348,25462
11348,25463
11348,25464
11348,25465
11348,25466
11348,25467
11348,25468
11348,25469
11348,25470
11348,25471
11348,25472
11348,25473
11348,25474
11348,25475
11348,25476
11348,25477
11348,25478
11348,25479
11348,25480
11348,25481
11348,25482
11348,25483
11348,25484
11348,25485
11348,25486
11348,25487
11348,25488
11348,25489
11348,25490
11348,25491
11348,25492
11348,25493
11348,25494
11348,25495
11348,25496
11348,25497
11348,25498
11348,25499
11348,25500
11348,25501
11348,25502
11348,25503
11348,25504
11348,25505
11348,25506
11348,25507
11348,25508
11348,25509
11348,25510
11348,25511
11348,25512
11348,25513
11348,25514
11348,25515
11348,25516
11348,25517
11348,25518
11348,25519
11348,25520
11348,25521
11348,25522
11348,25523
11348,25524
11348,25525
11348,25526
11349,25257
11349,25260
11349,25261
11349,25262
11349,25263
11349,25264
11349,25265
11349,25266
11349,25267
11349,25268
11349,25269
11349,25270
11349,25271
11349,25272
11349,25273
11349,25274
11349,25275
11349,25276
11349,25277
11349,25278
11349,25279
11349,25280
11349,25281
11349,25282
11349,25283
11349,25284
11349,25285
11349,25286
11349,25287
11349,25288
11349,25289
11349,25290
11349,25291
11349,25292
11349,25293
11349,25294
11349,25295
11349,25296
11349,25297
11349,25298
11349,25299
11349,25300
11349,25301
11349,25302
11349,25303
11349,25304
11349,25305
11349,25306
11349,25307
11349,25308
11349,25309
11349,25310
11349,25311
11349,25312
11349,25313
11349,25314
11349,25315
11349,25316
11349,25317
11349,25318
11349,25319
11349,25320
11349,25321
11349,25322
11349,25323
11349,25324
11349,25325
11349,25326
11349,25327
11349,25328
11349,25329
11349,25330
11349,25331
11349,25332
11349,25333
11349,25334
11349,25335
11349,25336
11349,25337
11349,25338
11349,25339
11349,25340
11349,25341
11349,25342
11349,25343
11349,25344
11349,25345
11349,25346
11349,25347
11349,25348
11349,25349
11349,25350
11349,25351
11349,25352
11349,25353
11349,25354
11349,25355
11349,25356
11349,25357
11349,25358
11349,25359
11349,25360
11349,25361
11349,25362
11349,25363
11349,25364
11349,25365
11349,25366
11349,25367
11349,25368
11349,25369
11349,25370
11349,25371
11349,25372
11349,25373
11349,25374
11349,25375
11349,25376
11349,25377
11349,25378
11349,25379
11349,25380
11349,25381
11349,25382
11349,25383
11349,25384
11349,25385
11349,25386
11349,25387
11349,25388
11349,25389
11349,25390
11349,25391
11349,25392
11349,25393
11349,25394
11349,25395
11349,25396
11349,25397
11349,25398
11349,25399
11349,25400
11349,25401
11349,25402
11349,25403
11349,25404
11349,25405
11349,25406
11349,25407
11349,25408
11349,25409
11349,25410
11349,25411
11349,25412
11349,25413
11349,25414
11349,25415
11349,25416
11349,25417
11349,25418
11349,25419
11349,25420
11349,25421
11349,25422
11349,25423
11349,25424
11349,25425
11349,25426
11349,25427
11349,25428
11349,25429
11349,25430
11349,25431
11349,25432
11349,25433
11349,25434
11349,25435
11349,25436
11349,25437
11349,25438
11349,25439
11349,25440
11349,25441
11349,25442
11349,25443
11349,25444
11349,25445
11349,25446
11349,25447
11349,25448
11349,25449
11349,25450
11349,25451
11349,25452
11349,25453
11349,25454
11349,25455
11349,25456
11349,25457
11349,25458
11349,25459
11349,25460
11349,25461
11349,25462
11349,25463
11349,25464
11349,25465
11349,25466
11349,25467
11349,25468
11349,25469
11349,25470
11349,25471
11349,25472
11349,25473
11349,25474
11349,25475
11349,25476
11349,25477
11349,25478
11349,25479
11349,25480
11349,25481
11349,25482
11349,25483
11349,25484
11349,25485
11349,25486
11349,25487
11349,25488
11349,25489
11349,25490
11349,25491
11349,25492
11349,25493
11349,25494
11349,25495
11349,25496
11349,25497
11349,25498
11349,25499
11349,25500
11349,25501
11349,25502
11349,25503
11349,25504
11349,25505
11349,25506
11349,25507
11349,25508
11349,25509
11349,25510
11349,25511
11349,25512
11349,25513
11349,25514
11349,25515
11349,25516
11349,25517
11349,25518
11349,25519
11349,25520
11349,25521
11349,25522
11349,25523
11349,25524
11349,25525
11350,25259
11350,25260
11350,25261
11350,25262
11350,25263
11350,25264
11350,25265
11350,25266
11350,25267
11350,25268
11350,25269
11350,25270
11350,25271
11350,25272
11350,25273
11350,25274
11350,25275
11350,25276
11350,25277
11350,25278
11350,25279
11350,25280
11350,25281
11350,25282
11350,25283
11350,25284
11350,25285
11350,25286
11350,25287
11350,25288
11350,25289
11350,25290
11350,25291
11350,25292
11350,25293
11350,25294
11350,25295
11350,25296
11350,25297
11350,25298
11350,25299
11350,25300
11350,25301
11350,25302
11350,25303
11350,25304
11350,25305
11350,25306
11350,25307
11350,25308
11350,25309
11350,25310
11350,25311
11350,25312
11350,25313
11350,25314
11350,25315
11350,25316
11350,25317
11350,25318
11350,25319
11350,25320
11350,25321
11350,25322
11350,25323
11350,25324
11350,25325
11350,25326
11350,25327
11350,25328
11350,25329
11350,25330
11350,25331
11350,25332
11350,25333
11350,25334
11350,25335
11350,25336
11350,25337
11350,25338
11350,25339
11350,25340
11350,25341
11350,25342
11350,25343
11350,25344
11350,25345
11350,25346
11350,25347
11350,25348
11350,25349
11350,25350
11350,25351
11350,25352
11350,25353
11350,25354
11350,25355
11350,25356
11350,25357
11350,25358
11350,25359
11350,25360
11350,25361
11350,25362
11350,25363
11350,25364
11350,25365
11350,25366
11350,25367
11350,25368
11350,25369
11350,25370
11350,25371
11350,25372
11350,25373
11350,25374
11350,25375
11350,25376
11350,25377
11350,25378
11350,25379
11350,25380
11350,25381
11350,25382
11350,25383
11350,25384
11350,25385
11350,25386
11350,25387
11350,25388
11350,25389
11350,25390
11350,25391
11350,25392
11350,25393
11350,25394
11350,25395
11350,25396
11350,25397
11350,25398
11350,25399
11350,25400
11350,25401
11350,25402
11350,25403
11350,25404
11350,25405
11350,25406
11350,25407
11350,25408
11350,25409
11350,25410
11350,25411
11350,25412
11350,25413
11350,25414
11350,25415
11350,25416
11350,25417
11350,25418
11350,25419
11350,25420
11350,25421
11350,25422
11350,25423
11350,25424
11350,25425
11350,25426
11350,25427
11350,25428
11350,25429
11350,25430
11350,25431
11350,25432
11350,25433
11350,25434
11350,25435
11350,25436
11350,25437
11350,25438
11350,25439
11350,25440
11350,25441
11350,25442
11350,25443
11350,25444
11350,25445
11350,25446
11350,25447
11350,25448
11350,25449
11350,25450
11350,25451
11350,25452
11350,25453
11350,25454
11350,25455
11350,25456
11350,25457
11350,25458
11350,25459
11350,25460
11350,25461
11350,25462
11350,25463
11350,25464
11350,25465
11350,25466
11350,25467
11350,25468
11350,25469
11350,25470
11350,25471
11350,25472
11350,25473
11350,25474
11350,25475
11350,25476
11350,25477
11350,25478
11350,25479
11350,25480
11350,25481
11350,25482
11350,25483
11350,25484
11350,25485
11350,25486
11350,25487
11350,25488
11350,25489
11350,25490
11350,25491
11350,25492
11350,25493
11350,25494
11350,25495
11350,25496
11350,25497
11350,25498
11350,25499
11350,25500
11350,25501
11350,25502
11350,25503
11350,25504
11350,25505
11350,25506
11350,25507
11350,25508
11350,25509
11350,25510
11350,25511
11350,25512
11350,25513
11350,25514
11350,25515
11350,25516
11350,25517
11350,25518
11350,25519
11350,25520
11350,25521
11350,25522
11350,25523
11350,25524
11351,25260
11351,25261
11351,25262
11351,25263
11351,25264
11351,25265
11351,25266
11351,25267
11351,25268
11351,25269
11351,25270
11351,25271
11351,25272
11351,25273
11351,25274
11351,25275
11351,25276
11351,25277
11351,25278
11351,25279
11351,25280
11351,25281
11351,25282
11351,25283
11351,25284
11351,25285
11351,25286
11351,25287
11351,25288
11351,25289
11351,25290
11351,25291
11351,25292
11351,25293
11351,25294
11351,25295
11351,25296
11351,25297
11351,25298
11351,25299
11351,25300
11351,25301
11351,25302
11351,25303
11351,25304
11351,25305
11351,25306
11351,25307
11351,25308
11351,25309
11351,25310
11351,25311
11351,25312
11351,25313
11351,25314
11351,25315
11351,25316
11351,25317
11351,25318
11351,25319
11351,25320
11351,25321
11351,25322
11351,25323
11351,25324
11351,25325
11351,25326
11351,25327
11351,25328
11351,25329
11351,25330
11351,25331
11351,25332
11351,25333
11351,25334
11351,25335
11351,25336
11351,25337
11351,25338
11351,25339
11351,25340
11351,25341
11351,25342
11351,25343
11351,25344
11351,25345
11351,25346
11351,25347
11351,25348
11351,25349
11351,25350
11351,25351
11351,25352
11351,25353
11351,25354
11351,25355
11351,25356
11351,25357
11351,25358
11351,25359
11351,25360
11351,25361
11351,25362
11351,25363
11351,25364
11351,25365
11351,25366
11351,25367
11351,25368
11351,25369
11351,25370
11351,25371
11351,25372
11351,25373
11351,25374
11351,25375
11351,25376
11351,25377
11351,25378
11351,25379
11351,25380
11351,25381
11351,25382
11351,25383
11351,25384
11351,25385
11351,25386
11351,25387
11351,25388
11351,25389
11351,25390
11351,25391
11351,25392
11351,25393
11351,25394
11351,25395
11351,25396
11351,25397
11351,25398
11351,25399
11351,25400
11351,25401
11351,25402
11351,25403
11351,25404
11351,25405
11351,25406
11351,25407
11351,25408
11351,25409
11351,25410
11351,25411
11351,25412
11351,25413
11351,25414
11351,25415
11351,25416
11351,25417
11351,25418
11351,25419
11351,25420
11351,25421
11351,25422
11351,25423
11351,25424
11351,25425
11351,25426
11351,25427
11351,25428
11351,25429
11351,25430
11351,25431
11351,25432
11351,25433
11351,25434
11351,25435
11351,25436
11351,25437
11351,25438
11351,25439
11351,25440
11351,25441
11351,25442
11351,25443
11351,25444
11351,25445
11351,25446
11351,25447
11351,25448
11351,25449
11351,25450
11351,25451
11351,25452
11351,25453
11351,25454
11351,25455
11351,25456
11351,25457
11351,25458
11351,25459
11351,25460
11351,25461
11351,25462
11351,25463
11351,25464
11351,25465
11351,25466
11351,25467
11351,25468
11351,25469
11351,25470
11351,25471
11351,25472
11351,25473
11351,25474
11351,25475
11351,25476
11351,25477
11351,25478
11351,25479
11351,25480
11351,25481
11351,25482
11351,25483
11351,25484
11351,25485
11351,25486
11351,25487
11351,25488
11351,25489
11351,25490
11351,25491
11351,25492
11351,25493
11351,25494
11351,25495
11351,25496
11351,25497
11351,25498
11351,25499
11351,25500
11351,25501
11351,25502
11351,25503
11351,25504
11351,25505
11351,25506
11351,25507
11351,25508
11351,25509
11351,25510
11351,25511
11351,25512
11351,25513
11351,25514
11351,25515
11351,25516
11351,25517
11351,25518
11351,25519
11351,25520
11351,25521
11351,25522
11351,25523
11351,25524
11352,25260
11352,25261
11352,25262
11352,25263
11352,25264
11352,25265
11352,25266
11352,25267
11352,25268
11352,25269
11352,25270
11352,25271
11352,25272
11352,25273
11352,25274
11352,25275
11352,25276
11352,25277
11352,25278
11352,25279
11352,25280
11352,25281
11352,25282
11352,25283
11352,25284
11352,25285
11352,25286
11352,25287
11352,25288
11352,25289
11352,25290
11352,25291
11352,25292
11352,25293
11352,25294
11352,25295
11352,25296
11352,25297
11352,25298
11352,25299
11352,25300
11352,25301
11352,25302
11352,25303
11352,25304
11352,25305
11352,25306
11352,25307
11352,25308
11352,25309
11352,25310
11352,25311
11352,25312
11352,25313
11352,25314
11352,25315
11352,25316
11352,25317
11352,25318
11352,25319
11352,25320
11352,25321
11352,25322
11352,25323
11352,25324
11352,25325
11352,25326
11352,25327
11352,25328
11352,25329
11352,25330
11352,25331
11352,25332
11352,25333
11352,25334
11352,25335
11352,25336
11352,25337
11352,25338
11352,25339
11352,25340
11352,25341
11352,25342
11352,25343
11352,25344
11352,25345
11352,25346
11352,25347
11352,25348
11352,25349
11352,25350
11352,25351
11352,25352
11352,25353
11352,25354
11352,25355
11352,25356
11352,25357
11352,25358
11352,25359
11352,25360
11352,25361
11352,25362
11352,25363
11352,25364
11352,25365
11352,25366
11352,25367
11352,25368
11352,25369
11352,25370
11352,25371
11352,25372
11352,25373
11352,25374
11352,25375
11352,25376
11352,25377
11352,25378
11352,25379
11352,25380
11352,25381
11352,25382
11352,25383
11352,25384
11352,25385
11352,25386
11352,25387
11352,25388
11352,25389
11352,25390
11352,25391
11352,25392
11352,25393
11352,25394
11352,25395
11352,25396
11352,25397
11352,25398
11352,25399
11352,25400
11352,25401
11352,25402
11352,25403
11352,25404
11352,25405
11352,25406
11352,25407
11352,25408
11352,25409
11352,25410
11352,25411
11352,25412
11352,25413
11352,25414
11352,25415
11352,25416
11352,25417
11352,25418
11352,25419
11352,25420
11352,25421
11352,25422
11352,25423
11352,25424
11352,25425
11352,25426
11352,25427
11352,25428
11352,25429
11352,25430
11352,25431
11352,25432
11352,25433
11352,25434
11352,25435
11352,25436
11352,25437
11352,25438
11352,25439
11352,25440
11352,25441
11352,25442
11352,25443
11352,25444
11352,25445
11352,25446
11352,25447
11352,25448
11352,25449
11352,25450
11352,25451
11352,25452
11352,25453
11352,25454
11352,25455
11352,25456
11352,25457
11352,25458
11352,25459
11352,25460
11352,25461
11352,25462
11352,25463
11352,25464
11352,25465
11352,25466
11352,25467
11352,25468
11352,25469
11352,25470
11352,25471
11352,25472
11352,25473
11352,25474
11352,25475
11352,25476
11352,25477
11352,25478
11352,25479
11352,25480
11352,25481
11352,25482
11352,25483
11352,25484
11352,25485
11352,25486
11352,25487
11352,25488
11352,25489
11352,25490
11352,25491
11352,25492
11352,25493
11352,25494
11352,25495
11352,25496
11352,25497
11352,25498
11352,25499
11352,25500
11352,25501
11352,25502
11352,25503
11352,25504
11352,25505
11352,25506
11352,25507
11352,25508
11352,25509
11352,25510
11352,25511
11352,25512
11352,25513
11352,25514
11352,25515
11352,25516
11352,25517
11352,25518
11352,25519
11352,25520
11352,25521
11352,25522
11352,25523
11353,25260
11353,25261
11353,25262
11353,25263
11353,25264
11353,25265
11353,25266
11353,25267
11353,25268
11353,25269
11353,25270
11353,25271
11353,25272
11353,25273
11353,25274
11353,25275
11353,25276
11353,25277
11353,25278
11353,25279
11353,25280
11353,25281
11353,25282
11353,25283
11353,25284
11353,25285
11353,25286
11353,25287
11353,25288
11353,25289
11353,25290
11353,25291
11353,25292
11353,25293
11353,25294
11353,25295
11353,25296
11353,25297
11353,25298
11353,25299
11353,25300
11353,25301
11353,25302
11353,25303
11353,25304
11353,25305
11353,25306
11353,25307
11353,25308
11353,25309
11353,25310
11353,25311
11353,25312
11353,25313
11353,25314
11353,25315
11353,25316
11353,25317
11353,25318
11353,25319
11353,25320
11353,25321
11353,25322
11353,25323
11353,25324
11353,25325
11353,25326
11353,25327
11353,25328
11353,25329
11353,25330
11353,25331
11353,25332
11353,25333
11353,25334
11353,25335
11353,25336
11353,25337
11353,25338
11353,25339
11353,25340
11353,25341
11353,25342
11353,25343
11353,25344
11353,25345
11353,25346
11353,25347
11353,25348
11353,25349
11353,25350
11353,25351
11353,25352
11353,25353
11353,25354
11353,25355
11353,25356
11353,25357
11353,25358
11353,25359
11353,25360
11353,25361
11353,25362
11353,25363
11353,25364
11353,25365
11353,25366
11353,25367
11353,25368
11353,25369
11353,25370
11353,25371
11353,25372
11353,25373
11353,25374
11353,25375
11353,25376
11353,25377
11353,25378
11353,25379
11353,25380
11353,25381
11353,25382
11353,25383
11353,25384
11353,25385
11353,25386
11353,25387
11353,25388
11353,25389
11353,25390
11353,25391
11353,25392
11353,25393
11353,25394
11353,25395
11353,25396
11353,25397
11353,25398
11353,25399
11353,25400
11353,25401
11353,25402
11353,25403
11353,25404
11353,25405
11353,25406
11353,25407
11353,25408
11353,25409
11353,25410
11353,25411
11353,25412
11353,25413
11353,25414
11353,25415
11353,25416
11353,25417
11353,25418
11353,25419
11353,25420
11353,25421
11353,25422
11353,25423
11353,25424
11353,25425
11353,25426
11353,25427
11353,25428
11353,25429
11353,25430
11353,25431
11353,25432
11353,25433
11353,25434
11353,25435
11353,25436
11353,25437
11353,25438
11353,25439
11353,25440
11353,25441
11353,25442
11353,25443
11353,25444
11353,25445
11353,25446
11353,25447
11353,25448
11353,25449
11353,25450
11353,25451
11353,25452
11353,25453
11353,25454
11353,25455
11353,25456
11353,25457
11353,25458
11353,25459
11353,25460
11353,25461
11353,25462
11353,25463
11353,25464
11353,25465
11353,25466
11353,25467
11353,25468
11353,25469
11353,25470
11353,25471
11353,25472
11353,25473
11353,25474
11353,25475
11353,25476
11353,25477
11353,25478
11353,25479
11353,25480
11353,25481
11353,25482
11353,25483
11353,25484
11353,25485
11353,25486
11353,25487
11353,25488
11353,25489
11353,25490
11353,25491
11353,25492
11353,25493
11353,25494
11353,25495
11353,25496
11353,25497
11353,25498
11353,25499
11353,25500
11353,25501
11353,25502
11353,25503
11353,25504
11353,25505
11353,25506
11353,25507
11353,25508
11353,25509
11353,25510
11353,25511
11353,25512
11353,25513
11353,25514
11353,25515
11353,25516
11353,25517
11353,25518
11353,25519
11353,25520
11353,25521
11353,25522
11354,25261
11354,25262
11354,25263
11354,25264
11354,25265
11354,25266
11354,25267
11354,25268
11354,25269
11354,25270
11354,25271
11354,25272
11354,25273
11354,25274
11354,25275
11354,25276
11354,25277
11354,25278
11354,25279
11354,25280
11354,25281
11354,25282
11354,25283
11354,25284
11354,25285
11354,25286
11354,25287
11354,25288
11354,25289
11354,25290
11354,25291
11354,25292
11354,25293
11354,25294
11354,25295
11354,25296
11354,25297
11354,25298
11354,25299
11354,25300
11354,25301
11354,25302
11354,25303
11354,25304
11354,25305
11354,25306
11354,25307
11354,25308
11354,25309
11354,25310
11354,25311
11354,25312
11354,25313
11354,25314
11354,25315
11354,25316
11354,25317
11354,25318
11354,25319
11354,25320
11354,25321
11354,25322
11354,25323
11354,25324
11354,25325
11354,25326
11354,25327
11354,25328
11354,25329
11354,25330
11354,25331
11354,25332
11354,25333
11354,25334
11354,25335
11354,25336
11354,25337
11354,25338
11354,25339
11354,25340
11354,25341
11354,25342
11354,25343
11354,25344
11354,25345
11354,25346
11354,25347
11354,25348
11354,25349
11354,25350
11354,25351
11354,25352
11354,25353
11354,25354
11354,25355
11354,25356
11354,25357
11354,25358
11354,25359
11354,25360
11354,25361
11354,25362
11354,25363
11354,25364
11354,25365
11354,25366
11354,25367
11354,25368
11354,25369
11354,25370
11354,25371
11354,25372
11354,25373
11354,25374
11354,25375
11354,25376
11354,25377
11354,25378
11354,25379
11354,25380
11354,25381
11354,25382
11354,25383
11354,25384
11354,25385
11354,25386
11354,25387
11354,25388
11354,25389
11354,25390
11354,25391
11354,25392
11354,25393
11354,25394
11354,25395
11354,25396
11354,25397
11354,25398
11354,25399
11354,25400
11354,25401
11354,25402
11354,25403
11354,25404
11354,25405
11354,25406
11354,25407
11354,25408
11354,25409
11354,25410
11354,25411
11354,25412
11354,25413
11354,25414
11354,25415
11354,25416
11354,25417
11354,25418
11354,25419
11354,25420
11354,25421
11354,25422
11354,25423
11354,25424
11354,25425
11354,25426
11354,25427
11354,25428
11354,25429
11354,25430
11354,25431
11354,25432
11354,25433
11354,25434
11354,25435
11354,25436
11354,25437
11354,25438
11354,25439
11354,25440
11354,25441
11354,25442
11354,25443
11354,25444
11354,25445
11354,25446
11354,25447
11354,25448
11354,25449
11354,25450
11354,25451
11354,25452
11354,25453
11354,25454
11354,25455
11354,25456
11354,25457
11354,25458
11354,25459
11354,25460
11354,25461
11354,25462
11354,25463
11354,25464
11354,25465
11354,25466
11354,25467
11354,25468
11354,25469
11354,25470
11354,25471
11354,25472
11354,25473
11354,25474
11354,25475
11354,25476
11354,25477
11354,25478
11354,25479
11354,25480
11354,25481
11354,25482
11354,25483
11354,25484
11354,25485
11354,25486
11354,25487
11354,25488
11354,25489
11354,25490
11354,25491
11354,25492
11354,25493
11354,25494
11354,25495
11354,25496
11354,25497
11354,25498
11354,25499
11354,25500
11354,25501
11354,25502
11354,25503
11354,25504
11354,25505
11354,25506
11354,25507
11354,25508
11354,25509
11354,25510
11354,25511
11354,25512
11354,25513
11354,25514
11354,25515
11354,25516
11354,25517
11354,25518
11354,25519
11354,25520
11355,25262
11355,25263
11355,25264
11355,25265
11355,25266
11355,25267
11355,25268
11355,25269
11355,25270
11355,25271
11355,25272
11355,25273
11355,25274
11355,25275
11355,25276
11355,25277
11355,25278
11355,25279
11355,25280
11355,25281
11355,25282
11355,25283
11355,25284
11355,25285
11355,25286
11355,25287
11355,25288
11355,25289
11355,25290
11355,25291
11355,25292
11355,25293
11355,25294
11355,25295
11355,25296
11355,25297
11355,25298
11355,25299
11355,25300
11355,25301
11355,25302
11355,25303
11355,25304
11355,25305
11355,25306
11355,25307
11355,25308
11355,25309
11355,25310
11355,25311
11355,25312
11355,25313
11355,25314
11355,25315
11355,25316
11355,25317
11355,25318
11355,25319
11355,25320
11355,25321
11355,25322
11355,25323
11355,25324
11355,25325
11355,25326
11355,25327
11355,25328
11355,25329
11355,25330
11355,25331
11355,25332
11355,25333
11355,25334
11355,25335
11355,25336
11355,25337
11355,25338
11355,25339
11355,25340
11355,25341
11355,25342
11355,25343
11355,25344
11355,25345
11355,25346
11355,25347
11355,25348
11355,25349
11355,25350
11355,25351
11355,25352
11355,25353
11355,25354
11355,25355
11355,25356
11355,25357
11355,25358
11355,25359
11355,25360
11355,25361
11355,25362
11355,25363
11355,25364
11355,25365
11355,25366
11355,25367
11355,25368
11355,25369
11355,25370
11355,25371
11355,25372
11355,25373
11355,25374
11355,25375
11355,25376
11355,25377
11355,25378
11355,25379
11355,25380
11355,25381
11355,25382
11355,25383
11355,25384
11355,25385
11355,25386
11355,25387
11355,25388
11355,25389
11355,25390
11355,25391
11355,25392
11355,25393
11355,25394
11355,25395
11355,25396
11355,25397
11355,25398
11355,25399
11355,25400
11355,25401
11355,25402
11355,25403
11355,25404
11355,25405
11355,25406
11355,25407
11355,25408
11355,25409
11355,25410
11355,25411
11355,25412
11355,25413
11355,25414
11355,25415
11355,25416
11355,25417
11355,25418
11355,25419
11355,25420
11355,25421
11355,25422
11355,25423
11355,25424
11355,25425
11355,25426
11355,25427
11355,25428
11355,25429
11355,25430
11355,25431
11355,25432
11355,25433
11355,25434
11355,25435
11355,25436
11355,25437
11355,25438
11355,25439
11355,25440
11355,25441
11355,25442
11355,25443
11355,25444
11355,25445
11355,25446
11355,25447
11355,25448
11355,25449
11355,25450
11355,25451
11355,25452
11355,25453
11355,25454
11355,25455
11355,25456
11355,25457
11355,25458
11355,25459
11355,25460
11355,25461
11355,25462
11355,25463
11355,25464
11355,25465
11355,25466
11355,25467
11355,25468
11355,25469
11355,25470
11355,25471
11355,25472
11355,25473
11355,25474
11355,25475
11355,25476
11355,25477
11355,25478
11355,25479
11355,25480
11355,25481
11355,25482
11355,25483
11355,25484
11355,25485
11355,25486
11355,25487
11355,25488
11355,25489
11355,25490
11355,25491
11355,25492
11355,25493
11355,25494
11355,25495
11355,25496
11355,25497
11355,25498
11355,25499
11355,25500
11355,25501
11355,25502
11355,25503
11355,25504
11355,25505
11355,25506
11355,25507
11355,25508
11355,25509
11355,25510
11355,25511
11355,25512
11355,25513
11355,25514
11355,25515
11355,25516
11355,25517
11355,25518
11355,25519
11355,25520
11356,25263
11356,25264
11356,25265
11356,25266
11356,25267
11356,25268
11356,25269
11356,25270
11356,25271
11356,25272
11356,25273
11356,25274
11356,25275
11356,25276
11356,25277
11356,25278
11356,25279
11356,25280
11356,25281
11356,25282
11356,25283
11356,25284
11356,25285
11356,25286
11356,25287
11356,25288
11356,25289
11356,25290
11356,25291
11356,25292
11356,25293
11356,25294
11356,25295
11356,25296
11356,25297
11356,25298
11356,25299
11356,25300
11356,25301
11356,25302
11356,25303
11356,25304
11356,25305
11356,25306
11356,25307
11356,25308
11356,25309
11356,25310
11356,25311
11356,25312
11356,25313
11356,25314
11356,25315
11356,25316
11356,25317
11356,25318
11356,25319
11356,25320
11356,25321
11356,25322
11356,25323
11356,25324
11356,25325
11356,25326
11356,25327
11356,25328
11356,25329
11356,25330
11356,25331
11356,25332
11356,25333
11356,25334
11356,25335
11356,25336
11356,25337
11356,25338
11356,25339
11356,25340
11356,25341
11356,25342
11356,25343
11356,25344
11356,25345
11356,25346
11356,25347
11356,25348
11356,25349
11356,25350
11356,25351
11356,25352
11356,25353
11356,25354
11356,25355
11356,25356
11356,25357
11356,25358
11356,25359
11356,25360
11356,25361
11356,25362
11356,25363
11356,25364
11356,25365
11356,25366
11356,25367
11356,25368
11356,25369
11356,25370
11356,25371
11356,25372
11356,25373
11356,25374
11356,25375
11356,25376
11356,25377
11356,25378
11356,25379
11356,25380
11356,25381
11356,25382
11356,25383
11356,25384
11356,25385
11356,25386
11356,25387
11356,25388
11356,25389
11356,25390
11356,25391
11356,25392
11356,25393
11356,25394
11356,25395
11356,25396
11356,25397
11356,25398
11356,25399
11356,25400
11356,25401
11356,25402
11356,25403
11356,25404
11356,25405
11356,25406
11356,25407
11356,25408
11356,25409
11356,25410
11356,25411
11356,25412
11356,25413
11356,25414
11356,25415
11356,25416
11356,25417
11356,25418
11356,25419
11356,25420
11356,25421
11356,25422
11356,25423
11356,25424
11356,25425
11356,25426
11356,25427
11356,25428
11356,25429
11356,25430
11356,25431
11356,25432
11356,25433
11356,25434
11356,25435
11356,25436
11356,25437
11356,25438
11356,25439
11356,25440
11356,25441
11356,25442
11356,25443
11356,25444
11356,25445
11356,25446
11356,25447
11356,25448
11356,25449
11356,25450
11356,25451
11356,25452
11356,25453
11356,25454
11356,25455
11356,25456
11356,25457
11356,25458
11356,25459
11356,25460
11356,25461
11356,25462
11356,25463
11356,25464
11356,25465
11356,25466
11356,25467
11356,25468
11356,25469
11356,25470
11356,25471
11356,25472
11356,25473
11356,25474
11356,25475
11356,25476
11356,25477
11356,25478
11356,25479
11356,25480
11356,25481
11356,25482
11356,25483
11356,25484
11356,25485
11356,25486
11356,25487
11356,25488
11356,25489
11356,25490
11356,25491
11356,25492
11356,25493
11356,25494
11356,25495
11356,25496
11356,25497
11356,25498
11356,25499
11356,25500
11356,25501
11356,25502
11356,25503
11356,25504
11356,25505
11356,25506
11356,25507
11356,25508
11356,25509
11356,25510
11356,25511
11356,25512
11356,25513
11356,25514
11356,25515
11356,25516
11356,25517
11356,25518
11356,25519
11357,25265
11357,25266
11357,25267
11357,25271
11357,25272
11357,25273
11357,25274
11357,25275
11357,25276
11357,25277
11357,25278
11357,25279
11357,25280
11357,25281
11357,25282
11357,25283
11357,25284
11357,25285
11357,25286
11357,25287
11357,25288
11357,25289
11357,25290
11357,25291
11357,25292
11357,25293
11357,25294
11357,25295
11357,25296
11357,25297
11357,25298
11357,25299
11357,25300
11357,25301
11357,25302
11357,25303
11357,25304
11357,25305
11357,25306
11357,25307
11357,25308
11357,25309
11357,25310
11357,25311
11357,25312
11357,25313
11357,25314
11357,25315
11357,25316
11357,25317
11357,25318
11357,25319
11357,25320
11357,25321
11357,25322
11357,25323
11357,25324
11357,25325
11357,25326
11357,25327
11357,25328
11357,25329
11357,25330
11357,25331
11357,25332
11357,25333
11357,25334
11357,25335
11357,25336
11357,25337
11357,25338
11357,25339
11357,25340
11357,25341
11357,25342
11357,25343
11357,25344
11357,25345
11357,25346
11357,25347
11357,25348
11357,25349
11357,25350
11357,25351
11357,25352
11357,25353
11357,25354
11357,25355
11357,25356
11357,25357
11357,25358
11357,25359
11357,25360
11357,25361
11357,25362
11357,25363
11357,25364
11357,25365
11357,25366
11357,25367
11357,25368
11357,25369
11357,25370
11357,25371
11357,25372
11357,25373
11357,25374
11357,25375
11357,25376
11357,25377
11357,25378
11357,25379
11357,25380
11357,25381
11357,25382
11357,25383
11357,25384
11357,25385
11357,25386
11357,25387
11357,25388
11357,25389
11357,25390
11357,25391
11357,25392
11357,25393
11357,25394
11357,25395
11357,25396
11357,25397
11357,25398
11357,25399
11357,25400
11357,25401
11357,25402
11357,25403
11357,25404
11357,25405
11357,25406
11357,25407
11357,25408
11357,25409
11357,25410
11357,25411
11357,25412
11357,25413
11357,25414
11357,25415
11357,25416
11357,25417
11357,25418
11357,25419
11357,25420
11357,25421
11357,25422
11357,25423
11357,25424
11357,25425
11357,25426
11357,25427
11357,25428
11357,25429
11357,25430
11357,25431
11357,25432
11357,25433
11357,25434
11357,25435
11357,25436
11357,25437
11357,25438
11357,25439
11357,25440
11357,25441
11357,25442
11357,25443
11357,25444
11357,25445
11357,25446
11357,25447
11357,25448
11357,25449
11357,25450
11357,25451
11357,25452
11357,25453
11357,25454
11357,25455
11357,25456
11357,25457
11357,25458
11357,25459
11357,25460
11357,25461
11357,25462
11357,25463
11357,25464
11357,25465
11357,25466
11357,25467
11357,25468
11357,25469
11357,25470
11357,25471
11357,25472
11357,25473
11357,25474
11357,25475
11357,25476
11357,25477
11357,25478
11357,25479
11357,25480
11357,25481
11357,25482
11357,25483
11357,25484
11357,25485
11357,25486
11357,25487
11357,25488
11357,25489
11357,25490
11357,25491
11357,25492
11357,25493
11357,25494
11357,25495
11357,25496
11357,25497
11357,25498
11357,25499
11357,25500
11357,25501
11357,25502
11357,25503
11357,25504
11357,25505
11357,25506
11357,25507
11357,25508
11357,25509
11357,25510
11357,25511
11357,25512
11357,25513
11357,25514
11357,25515
11357,25516
11357,25517
11357,25518
11358,25274
11358,25275
11358,25276
11358,25278
11358,25280
11358,25283
11358,25284
11358,25285
11358,25286
11358,25287
11358,25288
11358,25289
11358,25290
11358,25291
11358,25292
11358,25293
11358,25294
11358,25295
11358,25296
11358,25297
11358,25298
11358,25299
11358,25300
11358,25301
11358,25302
11358,25303
11358,25304
11358,25305
11358,25306
11358,25307
11358,25308
11358,25309
11358,25310
11358,25311
11358,25312
11358,25313
11358,25314
11358,25315
11358,25316
11358,25317
11358,25318
11358,25319
11358,25320
11358,25321
11358,25322
11358,25323
11358,25324
11358,25325
11358,25326
11358,25327
11358,25328
11358,25329
11358,25330
11358,25331
11358,25332
11358,25333
11358,25334
11358,25335
11358,25336
11358,25337
11358,25338
11358,25339
11358,25340
11358,25341
11358,25342
11358,25343
11358,25344
11358,25345
11358,25346
11358,25347
11358,25348
11358,25349
11358,25350
11358,25351
11358,25352
11358,25353
11358,25354
11358,25355
11358,25356
11358,25357
11358,25358
11358,25359
11358,25360
11358,25361
11358,25362
11358,25363
11358,25364
11358,25365
11358,25366
11358,25367
11358,25368
11358,25369
11358,25370
11358,25371
11358,25372
11358,25373
11358,25374
11358,25375
11358,25376
11358,25377
11358,25378
11358,25379
11358,25380
11358,25381
11358,25382
11358,25383
11358,25384
11358,25385
11358,25386
11358,25387
11358,25388
11358,25389
11358,25390
11358,25391
11358,25392
11358,25393
11358,25394
11358,25395
11358,25396
11358,25397
11358,25398
11358,25399
11358,25400
11358,25401
11358,25402
11358,25403
11358,25404
11358,25405
11358,25406
11358,25407
11358,25408
11358,25409
11358,25410
11358,25411
11358,25412
11358,25413
11358,25414
11358,25415
11358,25416
11358,25417
11358,25418
11358,25419
11358,25420
11358,25421
11358,25422
11358,25423
11358,25424
11358,25425
11358,25426
11358,25427
11358,25428
11358,25429
11358,25430
11358,25431
11358,25432
11358,25433
11358,25434
11358,25435
11358,25436
11358,25437
11358,25438
11358,25439
11358,25440
11358,25441
11358,25442
11358,25443
11358,25444
11358,25445
11358,25446
11358,25447
11358,25448
11358,25449
11358,25450
11358,25451
11358,25452
11358,25453
11358,25454
11358,25455
11358,25456
11358,25457
11358,25458
11358,25459
11358,25460
11358,25461
11358,25462
11358,25463
11358,25464
11358,25465
11358,25466
11358,25467
11358,25468
11358,25469
11358,25470
11358,25471
11358,25472
11358,25473
11358,25474
11358,25475
11358,25476
11358,25477
11358,25478
11358,25479
11358,25480
11358,25481
11358,25482
11358,25483
11358,25484
11358,25485
11358,25486
11358,25487
11358,25488
11358,25489
11358,25490
11358,25491
11358,25492
11358,25493
11358,25494
11358,25495
11358,25496
11358,25497
11358,25498
11358,25499
11358,25500
11358,25501
11358,25502
11358,25503
11358,25504
11358,25505
11358,25506
11358,25507
11358,25508
11358,25509
11358,25510
11358,25511
11358,25512
11358,25513
11358,25514
11358,25515
11358,25516
11358,25517
11358,25518
11359,25284
11359,25285
11359,25286
11359,25287
11359,25288
11359,25289
11359,25290
11359,25291
11359,25292
11359,25293
11359,25294
11359,25295
11359,25296
11359,25297
11359,25298
11359,25299
11359,25300
11359,25301
11359,25302
11359,25303
11359,25304
11359,25305
11359,25306
11359,25307
11359,25308
11359,25309
11359,25310
11359,25311
11359,25312
11359,25313
11359,25314
11359,25315
11359,25316
11359,25317
11359,25318
11359,25319
11359,25320
11359,25321
11359,25322
11359,25323
11359,25324
11359,25325
11359,25326
11359,25327
11359,25328
11359,25329
11359,25330
11359,25331
11359,25332
11359,25333
11359,25334
11359,25335
11359,25336
11359,25337
11359,25338
11359,25339
11359,25340
11359,25341
11359,25342
11359,25343
11359,25344
11359,25345
11359,25346
11359,25347
11359,25348
11359,25349
11359,25350
11359,25351
11359,25352
11359,25353
11359,25354
11359,25355
11359,25356
11359,25357
11359,25358
11359,25359
11359,25360
11359,25361
11359,25362
11359,25363
11359,25364
11359,25365
11359,25366
11359,25367
11359,25368
11359,25369
11359,25370
11359,25371
11359,25372
11359,25373
11359,25374
11359,25375
11359,25376
11359,25377
11359,25378
11359,25379
11359,25380
11359,25381
11359,25382
11359,25383
11359,25384
11359,25385
11359,25386
11359,25387
11359,25388
11359,25389
11359,25390
11359,25391
11359,25392
11359,25393
11359,25394
11359,25395
11359,25396
11359,25397
11359,25398
11359,25399
11359,25400
11359,25401
11359,25402
11359,25403
11359,25404
11359,25405
11359,25406
11359,25407
11359,25408
11359,25409
11359,25410
11359,25411
11359,25412
11359,25413
11359,25414
11359,25415
11359,25416
11359,25417
11359,25418
11359,25419
11359,25420
11359,25421
11359,25422
11359,25423
11359,25424
11359,25425
11359,25426
11359,25427
11359,25428
11359,25429
11359,25430
11359,25431
11359,25432
11359,25433
11359,25434
11359,25435
11359,25436
11359,25437
11359,25438
11359,25439
11359,25440
11359,25441
11359,25442
11359,25443
11359,25444
11359,25445
11359,25446
11359,25447
11359,25448
11359,25449
11359,25450
11359,25451
11359,25452
11359,25453
11359,25454
11359,25455
11359,25456
11359,25457
11359,25458
11359,25459
11359,25460
11359,25461
11359,25462
11359,25463
11359,25464
11359,25465
11359,25466
11359,25467
11359,25468
11359,25469
11359,25470
11359,25471
11359,25472
11359,25473
11359,25474
11359,25475
11359,25476
11359,25477
11359,25478
11359,25479
11359,25480
11359,25481
11359,25482
11359,25483
11359,25484
11359,25485
11359,25486
11359,25487
11359,25488
11359,25489
11359,25490
11359,25491
11359,25492
11359,25493
11359,25494
11359,25495
11359,25496
11359,25497
11359,25498
11359,25499
11359,25500
11359,25501
11359,25502
11359,25503
11359,25504
11359,25505
11359,25506
11359,25507
11359,25508
11359,25509
11359,25510
11359,25511
11359,25512
11359,25513
11359,25514
11359,25515
11359,25516
11359,25517
11360,25284
11360,25285
11360,25286
11360,25287
11360,25288
11360,25289
11360,25290
11360,25291
11360,25292
11360,25293
11360,25294
11360,25295
11360,25296
11360,25297
11360,25298
11360,25299
11360,25300
11360,25301
11360,25302
11360,25303
11360,25304
11360,25305
11360,25306
11360,25307
11360,25308
11360,25309
11360,25310
11360,25311
11360,25312
11360,25313
11360,25314
11360,25315
11360,25316
11360,25317
11360,25318
11360,25319
11360,25320
11360,25321
11360,25322
11360,25323
11360,25324
11360,25325
11360,25326
11360,25327
11360,25328
11360,25329
11360,25330
11360,25331
11360,25332
11360,25333
11360,25334
11360,25335
11360,25336
11360,25337
11360,25338
11360,25339
11360,25340
11360,25341
11360,25342
11360,25343
11360,25344
11360,25345
11360,25346
11360,25347
11360,25348
11360,25349
11360,25350
11360,25351
11360,25352
11360,25353
11360,25354
11360,25355
11360,25356
11360,25357
11360,25358
11360,25359
11360,25360
11360,25361
11360,25362
11360,25363
11360,25364
11360,25365
11360,25366
11360,25367
11360,25368
11360,25369
11360,25370
11360,25371
11360,25372
11360,25373
11360,25374
11360,25375
11360,25376
11360,25377
11360,25378
11360,25379
11360,25380
11360,25381
11360,25382
11360,25383
11360,25384
11360,25385
11360,25386
11360,25387
11360,25388
11360,25389
11360,25390
11360,25391
11360,25392
11360,25393
11360,25394
11360,25395
11360,25396
11360,25397
11360,25398
11360,25399
11360,25400
11360,25401
11360,25402
11360,25403
11360,25404
11360,25405
11360,25406
11360,25407
11360,25408
11360,25409
11360,25410
11360,25411
11360,25412
11360,25413
11360,25414
11360,25415
11360,25416
11360,25417
11360,25418
11360,25419
11360,25420
11360,25421
11360,25422
11360,25423
11360,25424
11360,25425
11360,25426
11360,25427
11360,25428
11360,25429
11360,25430
11360,25431
11360,25432
11360,25433
11360,25434
11360,25435
11360,25436
11360,25437
11360,25438
11360,25439
11360,25440
11360,25441
11360,25442
11360,25443
11360,25444
11360,25445
11360,25446
11360,25447
11360,25448
11360,25449
11360,25450
11360,25451
11360,25452
11360,25453
11360,25454
11360,25455
11360,25456
11360,25457
11360,25458
11360,25459
11360,25460
11360,25461
11360,25462
11360,25463
11360,25464
11360,25465
11360,25466
11360,25467
11360,25468
11360,25469
11360,25470
11360,25471
11360,25472
11360,25473
11360,25474
11360,25475
11360,25476
11360,25477
11360,25478
11360,25479
11360,25480
11360,25481
11360,25482
11360,25483
11360,25484
11360,25485
11360,25486
11360,25487
11360,25488
11360,25489
11360,25490
11360,25491
11360,25492
11360,25493
11360,25494
11360,25495
11360,25496
11360,25497
11360,25498
11360,25499
11360,25500
11360,25501
11360,25502
11360,25503
11360,25504
11360,25505
11360,25506
11360,25507
11360,25508
11360,25509
11360,25510
11360,25511
11360,25512
11360,25513
11360,25514
11360,25515
11360,25516
11360,25517
11360,25518
11361,25285
11361,25286
11361,25287
11361,25288
11361,25289
11361,25290
11361,25291
11361,25292
11361,25293
11361,25294
11361,25295
11361,25296
11361,25297
11361,25298
11361,25299
11361,25300
11361,25301
11361,25302
11361,25303
11361,25304
11361,25305
11361,25306
11361,25307
11361,25308
11361,25309
11361,25310
11361,25311
11361,25312
11361,25313
11361,25314
11361,25315
11361,25316
11361,25317
11361,25318
11361,25319
11361,25320
11361,25321
11361,25322
11361,25323
11361,25324
11361,25325
11361,25326
11361,25327
11361,25328
11361,25329
11361,25330
11361,25331
11361,25332
11361,25333
11361,25334
11361,25335
11361,25336
11361,25337
11361,25338
11361,25339
11361,25340
11361,25341
11361,25342
11361,25343
11361,25344
11361,25345
11361,25346
11361,25347
11361,25348
11361,25349
11361,25350
11361,25351
11361,25352
11361,25353
11361,25354
11361,25355
11361,25356
11361,25357
11361,25358
11361,25359
11361,25360
11361,25361
11361,25362
11361,25363
11361,25364
11361,25365
11361,25366
11361,25367
11361,25368
11361,25369
11361,25370
11361,25371
11361,25372
11361,25373
11361,25374
11361,25375
11361,25376
11361,25377
11361,25378
11361,25379
11361,25380
11361,25381
11361,25382
11361,25383
11361,25384
11361,25385
11361,25386
11361,25387
11361,25388
11361,25389
11361,25390
11361,25391
11361,25392
11361,25393
11361,25394
11361,25395
11361,25396
11361,25397
11361,25398
11361,25399
11361,25400
11361,25401
11361,25402
11361,25403
11361,25404
11361,25405
11361,25406
11361,25407
11361,25408
11361,25409
11361,25410
11361,25411
11361,25412
11361,25413
11361,25414
11361,25415
11361,25416
11361,25417
11361,25418
11361,25419
11361,25420
11361,25421
11361,25422
11361,25423
11361,25424
11361,25425
11361,25426
11361,25427
11361,25428
11361,25429
11361,25430
11361,25431
11361,25432
11361,25433
11361,25434
11361,25435
11361,25436
11361,25437
11361,25438
11361,25439
11361,25440
11361,25441
11361,25442
11361,25443
11361,25444
11361,25445
11361,25446
11361,25447
11361,25448
11361,25449
11361,25450
11361,25451
11361,25452
11361,25453
11361,25454
11361,25455
11361,25456
11361,25457
11361,25458
11361,25459
11361,25460
11361,25461
11361,25462
11361,25463
11361,25464
11361,25465
11361,25466
11361,25467
11361,25468
11361,25469
11361,25470
11361,25471
11361,25472
11361,25473
11361,25474
11361,25475
11361,25476
11361,25477
11361,25478
11361,25479
11361,25480
11361,25481
11361,25482
11361,25483
11361,25484
11361,25485
11361,25486
11361,25487
11361,25488
11361,25489
11361,25490
11361,25491
11361,25492
11361,25493
11361,25494
11361,25495
11361,25496
11361,25497
11361,25498
11361,25499
11361,25500
11361,25501
11361,25502
11361,25503
11361,25504
11361,25505
11361,25506
11361,25507
11361,25508
11361,25509
11361,25510
11361,25511
11361,25512
11361,25513
11361,25514
11361,25515
11361,25516
11361,25517
11362,25286
11362,25287
11362,25288
11362,25289
11362,25290
11362,25291
11362,25292
11362,25293
11362,25294
11362,25295
11362,25296
11362,25297
11362,25298
11362,25299
11362,25300
11362,25301
11362,25302
11362,25303
11362,25304
11362,25305
11362,25306
11362,25307
11362,25308
11362,25309
11362,25310
11362,25311
11362,25312
11362,25313
11362,25314
11362,25315
11362,25316
11362,25317
11362,25318
11362,25319
11362,25320
11362,25321
11362,25322
11362,25323
11362,25324
11362,25325
11362,25326
11362,25327
11362,25328
11362,25329
11362,25330
11362,25331
11362,25332
11362,25333
11362,25334
11362,25335
11362,25336
11362,25337
11362,25338
11362,25339
11362,25340
11362,25341
11362,25342
11362,25343
11362,25344
11362,25345
11362,25346
11362,25347
11362,25348
11362,25349
11362,25350
11362,25351
11362,25352
11362,25353
11362,25354
11362,25355
11362,25356
11362,25357
11362,25358
11362,25359
11362,25360
11362,25361
11362,25362
11362,25363
11362,25364
11362,25365
11362,25366
11362,25367
11362,25368
11362,25369
11362,25370
11362,25371
11362,25372
11362,25373
11362,25374
11362,25375
11362,25376
11362,25377
11362,25378
11362,25379
11362,25380
11362,25381
11362,25382
11362,25383
11362,25384
11362,25385
11362,25386
11362,25387
11362,25388
11362,25389
11362,25390
11362,25391
11362,25392
11362,25393
11362,25394
11362,25395
11362,25396
11362,25397
11362,25398
11362,25399
11362,25400
11362,25401
11362,25402
11362,25403
11362,25404
11362,25405
11362,25406
11362,25407
11362,25408
11362,25409
11362,25410
11362,25411
11362,25412
11362,25413
11362,25414
11362,25415
11362,25416
11362,25417
11362,25418
11362,25419
11362,25420
11362,25421
11362,25422
11362,25423
11362,25424
11362,25425
11362,25426
11362,25427
11362,25428
11362,25429
11362,25430
11362,25431
11362,25432
11362,25433
11362,25434
11362,25435
11362,25436
11362,25437
11362,25438
11362,25439
11362,25440
11362,25441
11362,25442
11362,25443
11362,25444
11362,25445
11362,25446
11362,25447
11362,25448
11362,25449
11362,25450
11362,25451
11362,25452
11362,25453
11362,25454
11362,25455
11362,25456
11362,25457
11362,25458
11362,25459
11362,25460
11362,25461
11362,25462
11362,25463
11362,25464
11362,25465
11362,25466
11362,25467
11362,25468
11362,25469
11362,25470
11362,25471
11362,25472
11362,25473
11362,25474
11362,25475
11362,25476
11362,25477
11362,25478
11362,25479
11362,25480
11362,25481
11362,25482
11362,25483
11362,25484
11362,25485
11362,25486
11362,25487
11362,25488
11362,25489
11362,25490
11362,25491
11362,25492
11362,25493
11362,25494
11362,25495
11362,25496
11362,25497
11362,25498
11362,25499
11362,25500
11362,25501
11362,25502
11362,25503
11362,25504
11362,25505
11362,25506
11362,25507
11362,25508
11362,25509
11362,25510
11362,25511
11362,25512
11362,25513
11362,25514
11362,25515
11362,25516
11362,25517
11362,25518
11363,25287
11363,25288
11363,25289
11363,25290
11363,25291
11363,25292
11363,25293
11363,25294
11363,25295
11363,25296
11363,25297
11363,25298
11363,25299
11363,25300
11363,25301
11363,25302
11363,25303
11363,25304
11363,25305
11363,25306
11363,25307
11363,25308
11363,25309
11363,25310
11363,25311
11363,25312
11363,25313
11363,25314
11363,25315
11363,25316
11363,25317
11363,25318
11363,25319
11363,25320
11363,25321
11363,25322
11363,25323
11363,25324
11363,25325
11363,25326
11363,25327
11363,25328
11363,25329
11363,25330
11363,25331
11363,25332
11363,25333
11363,25334
11363,25335
11363,25336
11363,25337
11363,25338
11363,25339
11363,25340
11363,25341
11363,25342
11363,25343
11363,25344
11363,25345
11363,25346
11363,25347
11363,25348
11363,25349
11363,25350
11363,25351
11363,25352
11363,25353
11363,25354
11363,25355
11363,25356
11363,25357
11363,25358
11363,25359
11363,25360
11363,25361
11363,25362
11363,25363
11363,25364
11363,25365
11363,25366
11363,25367
11363,25368
11363,25369
11363,25370
11363,25371
11363,25372
11363,25373
11363,25374
11363,25375
11363,25376
11363,25377
11363,25378
11363,25379
11363,25380
11363,25381
11363,25382
11363,25383
11363,25384
11363,25385
11363,25386
11363,25387
11363,25388
11363,25389
11363,25390
11363,25391
11363,25392
11363,25393
11363,25394
11363,25395
11363,25396
11363,25397
11363,25398
11363,25399
11363,25400
11363,25401
11363,25402
11363,25403
11363,25404
11363,25405
11363,25406
11363,25407
11363,25408
11363,25409
11363,25410
11363,25411
11363,25412
11363,25413
11363,25414
11363,25415
11363,25416
11363,25417
11363,25418
11363,25419
11363,25420
11363,25421
11363,25422
11363,25423
11363,25424
11363,25425
11363,25426
11363,25427
11363,25428
11363,25429
11363,25430
11363,25431
11363,25432
11363,25433
11363,25434
11363,25435
11363,25436
11363,25437
11363,25438
11363,25439
11363,25440
11363,25441
11363,25442
11363,25443
11363,25444
11363,25445
11363,25446
11363,25447
11363,25448
11363,25449
11363,25450
11363,25451
11363,25452
11363,25453
11363,25454
11363,25455
11363,25456
11363,25457
11363,25458
11363,25459
11363,25460
11363,25461
11363,25462
11363,25463
11363,25464
11363,25465
11363,25466
11363,25467
11363,25468
11363,25469
11363,25470
11363,25471
11363,25472
11363,25473
11363,25474
11363,25475
11363,25476
11363,25477
11363,25478
11363,25479
11363,25480
11363,25481
11363,25482
11363,25483
11363,25484
11363,25485
11363,25486
11363,25487
11363,25488
11363,25489
11363,25490
11363,25491
11363,25492
11363,25493
11363,25494
11363,25495
11363,25496
11363,25497
11363,25498
11363,25499
11363,25500
11363,25501
11363,25502
11363,25503
11363,25504
11363,25505
11363,25506
11363,25507
11363,25508
11363,25509
11363,25510
11363,25511
11363,25512
11363,25513
11363,25514
11363,25515
11363,25516
11363,25517
11363,25518
11364,25288
11364,25289
11364,25290
11364,25291
11364,25292
11364,25293
11364,25294
11364,25295
11364,25296
11364,25297
11364,25298
11364,25299
11364,25300
11364,25301
11364,25302
11364,25303
11364,25304
11364,25305
11364,25306
11364,25307
11364,25308
11364,25309
11364,25310
11364,25311
11364,25312
11364,25313
11364,25314
11364,25315
11364,25316
11364,25317
11364,25318
11364,25319
11364,25320
11364,25321
11364,25322
11364,25323
11364,25324
11364,25325
11364,25326
11364,25327
11364,25328
11364,25329
11364,25330
11364,25331
11364,25332
11364,25333
11364,25334
11364,25335
11364,25336
11364,25337
11364,25338
11364,25339
11364,25340
11364,25341
11364,25342
11364,25343
11364,25344
11364,25345
11364,25346
11364,25347
11364,25348
11364,25349
11364,25350
11364,25351
11364,25352
11364,25353
11364,25354
11364,25355
11364,25356
11364,25357
11364,25358
11364,25359
11364,25360
11364,25361
11364,25362
11364,25363
11364,25364
11364,25365
11364,25366
11364,25367
11364,25368
11364,25369
11364,25370
11364,25371
11364,25372
11364,25373
11364,25374
11364,25375
11364,25376
11364,25377
11364,25378
11364,25379
11364,25380
11364,25381
11364,25382
11364,25383
11364,25384
11364,25385
11364,25386
11364,25387
11364,25388
11364,25389
11364,25390
11364,25391
11364,25392
11364,25393
11364,25394
11364,25395
11364,25396
11364,25397
11364,25398
11364,25399
11364,25400
11364,25401
11364,25402
11364,25403
11364,25404
11364,25405
11364,25406
11364,25407
11364,25408
11364,25409
11364,25410
11364,25411
11364,25412
11364,25413
11364,25414
11364,25415
11364,25416
11364,25417
11364,25418
11364,25419
11364,25420
11364,25421
11364,25422
11364,25423
11364,25424
11364,25425
11364,25426
11364,25427
11364,25428
11364,25429
11364,25430
11364,25431
11364,25432
11364,25433
11364,25434
11364,25435
11364,25436
11364,25437
11364,25438
11364,25439
11364,25440
11364,25441
11364,25442
11364,25443
11364,25444
11364,25445
11364,25446
11364,25447
11364,25448
11364,25449
11364,25450
11364,25451
11364,25452
11364,25453
11364,25454
11364,25455
11364,25456
11364,25457
11364,25458
11364,25459
11364,25460
11364,25461
11364,25462
11364,25463
11364,25464
11364,25465
11364,25466
11364,25467
11364,25468
11364,25469
11364,25470
11364,25471
11364,25472
11364,25473
11364,25474
11364,25475
11364,25476
11364,25477
11364,25478
11364,25479
11364,25480
11364,25481
11364,25482
11364,25483
11364,25484
11364,25485
11364,25486
11364,25487
11364,25488
11364,25489
11364,25490
11364,25491
11364,25492
11364,25493
11364,25494
11364,25495
11364,25496
11364,25497
11364,25498
11364,25499
11364,25500
11364,25501
11364,25502
11364,25503
11364,25504
11364,25505
11364,25506
11364,25507
11364,25508
11364,25509
11364,25510
11364,25511
11364,25512
11364,25513
11364,25514
11364,25515
11364,25516
11364,25517
11364,25518
11365,25288
11365,25289
11365,25290
11365,25291
11365,25292
11365,25293
11365,25294
11365,25295
11365,25296
11365,25297
11365,25298
11365,25299
11365,25300
11365,25301
11365,25302
11365,25303
11365,25304
11365,25305
11365,25306
11365,25307
11365,25308
11365,25309
11365,25310
11365,25311
11365,25312
11365,25313
11365,25314
11365,25315
11365,25316
11365,25317
11365,25318
11365,25319
11365,25320
11365,25321
11365,25322
11365,25323
11365,25324
11365,25325
11365,25326
11365,25327
11365,25328
11365,25329
11365,25330
11365,25331
11365,25332
11365,25333
11365,25334
11365,25335
11365,25336
11365,25337
11365,25338
11365,25339
11365,25340
11365,25341
11365,25342
11365,25343
11365,25344
11365,25345
11365,25346
11365,25347
11365,25348
11365,25349
11365,25350
11365,25351
11365,25352
11365,25353
11365,25354
11365,25355
11365,25356
11365,25357
11365,25358
11365,25359
11365,25360
11365,25361
11365,25362
11365,25363
11365,25364
11365,25365
11365,25366
11365,25367
11365,25368
11365,25369
11365,25370
11365,25371
11365,25372
11365,25373
11365,25374
11365,25375
11365,25376
11365,25377
11365,25378
11365,25379
11365,25380
11365,25381
11365,25382
11365,25383
11365,25384
11365,25385
11365,25386
11365,25387
11365,25388
11365,25389
11365,25390
11365,25391
11365,25392
11365,25393
11365,25394
11365,25395
11365,25396
11365,25397
11365,25398
11365,25399
11365,25400
11365,25401
11365,25402
11365,25403
11365,25404
11365,25405
11365,25406
11365,25407
11365,25408
11365,25409
11365,25410
11365,25411
11365,25412
11365,25413
11365,25414
11365,25415
11365,25416
11365,25417
11365,25418
11365,25419
11365,25420
11365,25421
11365,25422
11365,25423
11365,25424
11365,25425
11365,25426
11365,25427
11365,25428
11365,25429
11365,25430
11365,25431
11365,25432
11365,25433
11365,25434
11365,25435
11365,25436
11365,25437
11365,25438
11365,25439
11365,25440
11365,25441
11365,25442
11365,25443
11365,25444
11365,25445
11365,25446
11365,25447
11365,25448
11365,25449
11365,25450
11365,25451
11365,25452
11365,25453
11365,25454
11365,25455
11365,25456
11365,25457
11365,25458
11365,25459
11365,25460
11365,25461
11365,25462
11365,25463
11365,25464
11365,25465
11365,25466
11365,25467
11365,25468
11365,25469
11365,25470
11365,25471
11365,25472
11365,25473
11365,25474
11365,25475
11365,25476
11365,25477
11365,25478
11365,25479
11365,25480
11365,25481
11365,25482
11365,25483
11365,25484
11365,25485
11365,25486
11365,25487
11365,25488
11365,25489
11365,25490
11365,25491
11365,25492
11365,25493
11365,25494
11365,25495
11365,25496
11365,25497
11365,25498
11365,25499
11365,25500
11365,25501
11365,25502
11365,25503
11365,25504
11365,25505
11365,25506
11365,25507
11365,25508
11365,25509
11365,25510
11365,25511
11365,25512
11365,25513
11365,25514
11365,25515
11365,25516
11365,25517
11365,25518
11365,25519
11366,25288
11366,25289
11366,25290
11366,25291
11366,25292
11366,25293
11366,25294
11366,25295
11366,25296
11366,25297
11366,25298
11366,25299
11366,25300
11366,25301
11366,25302
11366,25303
11366,25304
11366,25305
11366,25306
11366,25307
11366,25308
11366,25309
11366,25310
11366,25311
11366,25312
11366,25313
11366,25314
11366,25315
11366,25316
11366,25317
11366,25318
11366,25319
11366,25320
11366,25321
11366,25322
11366,25323
11366,25324
11366,25325
11366,25326
11366,25327
11366,25328
11366,25329
11366,25330
11366,25331
11366,25332
11366,25333
11366,25334
11366,25335
11366,25336
11366,25337
11366,25338
11366,25339
11366,25340
11366,25341
11366,25342
11366,25343
11366,25344
11366,25345
11366,25346
11366,25347
11366,25348
11366,25349
11366,25350
11366,25351
11366,25352
11366,25353
11366,25354
11366,25355
11366,25356
11366,25357
11366,25358
11366,25359
11366,25360
11366,25361
11366,25362
11366,25363
11366,25364
11366,25365
11366,25366
11366,25367
11366,25368
11366,25369
11366,25370
11366,25371
11366,25372
11366,25373
11366,25374
11366,25375
11366,25376
11366,25377
11366,25378
11366,25379
11366,25380
11366,25381
11366,25382
11366,25383
11366,25384
11366,25385
11366,25386
11366,25387
11366,25388
11366,25389
11366,25390
11366,25391
11366,25392
11366,25393
11366,25394
11366,25395
11366,25396
11366,25397
11366,25398
11366,25399
11366,25400
11366,25401
11366,25402
11366,25403
11366,25404
11366,25405
11366,25406
11366,25407
11366,25408
11366,25409
11366,25410
11366,25411
11366,25412
11366,25413
11366,25414
11366,25415
11366,25416
11366,25417
11366,25418
11366,25419
11366,25420
11366,25421
11366,25422
11366,25423
11366,25424
11366,25425
11366,25426
11366,25427
11366,25428
11366,25429
11366,25430
11366,25431
11366,25432
11366,25433
11366,25434
11366,25435
11366,25436
11366,25437
11366,25438
11366,25439
11366,25440
11366,25441
11366,25442
11366,25443
11366,25444
11366,25445
11366,25446
11366,25447
11366,25448
11366,25449
11366,25450
11366,25451
11366,25452
11366,25453
11366,25454
11366,25455
11366,25456
11366,25457
11366,25458
11366,25459
11366,25460
11366,25461
11366,25462
11366,25463
11366,25464
11366,25465
11366,25466
11366,25467
11366,25468
11366,25469
11366,25470
11366,25471
11366,25472
11366,25473
11366,25474
11366,25475
11366,25476
11366,25477
11366,25478
11366,25479
11366,25480
11366,25481
11366,25482
11366,25483
11366,25484
11366,25485
11366,25486
11366,25487
11366,25488
11366,25489
11366,25490
11366,25491
11366,25492
11366,25493
11366,25494
11366,25495
11366,25496
11366,25497
11366,25498
11366,25499
11366,25500
11366,25501
11366,25502
11366,25503
11366,25504
11366,25505
11366,25506
11366,25507
11366,25508
11366,25509
11366,25510
11366,25511
11366,25512
11366,25513
11366,25514
11366,25515
11366,25516
11366,25517
11366,25518
11366,25519
11366,25520
11367,25287
11367,25288
11367,25289
11367,25290
11367,25291
11367,25292
11367,25293
11367,25294
11367,25295
11367,25296
11367,25297
11367,25298
11367,25299
11367,25300
11367,25301
11367,25302
11367,25303
11367,25304
11367,25305
11367,25306
11367,25307
11367,25308
11367,25309
11367,25310
11367,25311
11367,25312
11367,25313
11367,25314
11367,25315
11367,25316
11367,25317
11367,25318
11367,25319
11367,25320
11367,25321
11367,25322
11367,25323
11367,25324
11367,25325
11367,25326
11367,25327
11367,25328
11367,25329
11367,25330
11367,25331
11367,25332
11367,25333
11367,25334
11367,25335
11367,25336
11367,25337
11367,25338
11367,25339
11367,25340
11367,25341
11367,25342
11367,25343
11367,25344
11367,25345
11367,25346
11367,25347
11367,25348
11367,25349
11367,25350
11367,25351
11367,25352
11367,25353
11367,25354
11367,25355
11367,25356
11367,25357
11367,25358
11367,25359
11367,25360
11367,25361
11367,25362
11367,25363
11367,25364
11367,25365
11367,25366
11367,25367
11367,25368
11367,25369
11367,25370
11367,25371
11367,25372
11367,25373
11367,25374
11367,25375
11367,25376
11367,25377
11367,25378
11367,25379
11367,25380
11367,25381
11367,25382
11367,25383
11367,25384
11367,25385
11367,25386
11367,25387
11367,25388
11367,25389
11367,25390
11367,25391
11367,25392
11367,25393
11367,25394
11367,25395
11367,25396
11367,25397
11367,25398
11367,25399
11367,25400
11367,25401
11367,25402
11367,25403
11367,25404
11367,25405
11367,25406
11367,25407
11367,25408
11367,25409
11367,25410
11367,25411
11367,25412
11367,25413
11367,25414
11367,25415
11367,25416
11367,25417
11367,25418
11367,25419
11367,25420
11367,25421
11367,25422
11367,25423
11367,25424
11367,25425
11367,25426
11367,25427
11367,25428
11367,25429
11367,25430
11367,25431
11367,25432
11367,25433
11367,25434
11367,25435
11367,25436
11367,25437
11367,25438
11367,25439
11367,25440
11367,25441
11367,25442
11367,25443
11367,25444
11367,25445
11367,25446
11367,25447
11367,25448
11367,25449
11367,25450
11367,25451
11367,25452
11367,25453
11367,25454
11367,25455
11367,25456
11367,25457
11367,25458
11367,25459
11367,25460
11367,25461
11367,25462
11367,25463
11367,25464
11367,25465
11367,25466
11367,25467
11367,25468
11367,25469
11367,25470
11367,25471
11367,25472
11367,25473
11367,25474
11367,25475
11367,25476
11367,25477
11367,25478
11367,25479
11367,25480
11367,25481
11367,25482
11367,25483
11367,25484
11367,25485
11367,25486
11367,25487
11367,25488
11367,25489
11367,25490
11367,25491
11367,25492
11367,25493
11367,25494
11367,25495
11367,25496
11367,25497
11367,25498
11367,25499
11367,25500
11367,25501
11367,25502
11367,25503
11367,25504
11367,25505
11367,25506
11367,25507
11367,25508
11367,25509
11367,25510
11367,25511
11367,25512
11367,25513
11367,25514
11367,25515
11367,25516
11367,25517
11367,25518
11367,25519
11367,25520
11368,25287
11368,25288
11368,25289
11368,25290
11368,25291
11368,25292
11368,25293
11368,25294
11368,25295
11368,25296
11368,25297
11368,25298
11368,25299
11368,25300
11368,25301
11368,25302
11368,25303
11368,25304
11368,25305
11368,25306
11368,25307
11368,25308
11368,25309
11368,25310
11368,25311
11368,25312
11368,25313
11368,25314
11368,25315
11368,25316
11368,25317
11368,25318
11368,25319
11368,25320
11368,25321
11368,25322
11368,25323
11368,25324
11368,25325
11368,25326
11368,25327
11368,25328
11368,25329
11368,25330
11368,25331
11368,25332
11368,25333
11368,25334
11368,25335
11368,25336
11368,25337
11368,25338
11368,25339
11368,25340
11368,25341
11368,25342
11368,25343
11368,25344
11368,25345
11368,25346
11368,25347
11368,25348
11368,25349
11368,25350
11368,25351
11368,25352
11368,25353
11368,25354
11368,25355
11368,25356
11368,25357
11368,25358
11368,25359
11368,25360
11368,25361
11368,25362
11368,25363
11368,25364
11368,25365
11368,25366
11368,25367
11368,25368
11368,25369
11368,25370
11368,25371
11368,25372
11368,25373
11368,25374
11368,25375
11368,25376
11368,25377
11368,25378
11368,25379
11368,25380
11368,25381
11368,25382
11368,25383
11368,25384
11368,25385
11368,25386
11368,25387
11368,25388
11368,25389
11368,25390
11368,25391
11368,25392
11368,25393
11368,25394
11368,25395
11368,25396
11368,25397
11368,25398
11368,25399
11368,25400
11368,25401
11368,25402
11368,25403
11368,25404
11368,25405
11368,25406
11368,25407
11368,25408
11368,25409
11368,25410
11368,25411
11368,25412
11368,25413
11368,25414
11368,25415
11368,25416
11368,25417
11368,25418
11368,25419
11368,25420
11368,25421
11368,25422
11368,25423
11368,25424
11368,25425
11368,25426
11368,25427
11368,25428
11368,25429
11368,25430
11368,25431
11368,25432
11368,25433
11368,25434
11368,25435
11368,25436
11368,25437
11368,25438
11368,25439
11368,25440
11368,25441
11368,25442
11368,25443
11368,25444
11368,25445
11368,25446
11368,25447
11368,25448
11368,25449
11368,25450
11368,25451
11368,25452
11368,25453
11368,25454
11368,25455
11368,25456
11368,25457
11368,25458
11368,25459
11368,25460
11368,25461
11368,25462
11368,25463
11368,25464
11368,25465
11368,25466
11368,25467
11368,25468
11368,25469
11368,25470
11368,25471
11368,25472
11368,25473
11368,25474
11368,25475
11368,25476
11368,25477
11368,25478
11368,25479
11368,25480
11368,25481
11368,25482
11368,25483
11368,25484
11368,25485
11368,25486
11368,25487
11368,25488
11368,25489
11368,25490
11368,25491
11368,25492
11368,25493
11368,25494
11368,25495
11368,25496
11368,25497
11368,25498
11368,25499
11368,25500
11368,25501
11368,25502
11368,25503
11368,25504
11368,25505
11368,25506
11368,25507
11368,25508
11368,25509
11368,25510
11368,25511
11368,25512
11368,25513
11368,25514
11368,25515
11368,25516
11368,25517
11368,25518
11368,25519
11368,25520
11369,25287
11369,25288
11369,25289
11369,25290
11369,25291
11369,25292
11369,25293
11369,25294
11369,25295
11369,25296
11369,25297
11369,25298
11369,25299
11369,25300
11369,25301
11369,25302
11369,25303
11369,25304
11369,25305
11369,25306
11369,25307
11369,25308
11369,25309
11369,25310
11369,25311
11369,25312
11369,25313
11369,25314
11369,25315
11369,25316
11369,25317
11369,25318
11369,25319
11369,25320
11369,25321
11369,25322
11369,25323
11369,25324
11369,25325
11369,25326
11369,25327
11369,25328
11369,25329
11369,25330
11369,25331
11369,25332
11369,25333
11369,25334
11369,25335
11369,25336
11369,25337
11369,25338
11369,25339
11369,25340
11369,25341
11369,25342
11369,25343
11369,25344
11369,25345
11369,25346
11369,25347
11369,25348
11369,25349
11369,25350
11369,25351
11369,25352
11369,25353
11369,25354
11369,25355
11369,25356
11369,25357
11369,25358
11369,25359
11369,25360
11369,25361
11369,25362
11369,25363
11369,25364
11369,25365
11369,25366
11369,25367
11369,25368
11369,25369
11369,25370
11369,25371
11369,25372
11369,25373
11369,25374
11369,25375
11369,25376
11369,25377
11369,25378
11369,25379
11369,25380
11369,25381
11369,25382
11369,25383
11369,25384
11369,25385
11369,25386
11369,25387
11369,25388
11369,25389
11369,25390
11369,25391
11369,25392
11369,25393
11369,25394
11369,25395
11369,25396
11369,25397
11369,25398
11369,25399
11369,25400
11369,25401
11369,25402
11369,25403
11369,25404
11369,25405
11369,25406
11369,25407
11369,25408
11369,25409
11369,25410
11369,25411
11369,25412
11369,25413
11369,25414
11369,25415
11369,25416
11369,25417
11369,25418
11369,25419
11369,25420
11369,25421
11369,25422
11369,25423
11369,25424
11369,25425
11369,25426
11369,25427
11369,25428
11369,25429
11369,25430
11369,25431
11369,25432
11369,25433
11369,25434
11369,25435
11369,25436
11369,25437
11369,25438
11369,25439
11369,25440
11369,25441
11369,25442
11369,25443
11369,25444
11369,25445
11369,25446
11369,25447
11369,25448
11369,25449
11369,25450
11369,25451
11369,25452
11369,25453
11369,25454
11369,25455
11369,25456
11369,25457
11369,25458
11369,25459
11369,25460
11369,25461
11369,25462
11369,25463
11369,25464
11369,25465
11369,25466
11369,25467
11369,25468
11369,25469
11369,25470
11369,25471
11369,25472
11369,25473
11369,25474
11369,25475
11369,25476
11369,25477
11369,25478
11369,25479
11369,25480
11369,25481
11369,25482
11369,25483
11369,25484
11369,25485
11369,25486
11369,25487
11369,25488
11369,25489
11369,25490
11369,25491
11369,25492
11369,25493
11369,25494
11369,25495
11369,25496
11369,25497
11369,25498
11369,25499
11369,25500
11369,25501
11369,25502
11369,25503
11369,25504
11369,25505
11369,25506
11369,25507
11369,25508
11369,25509
11369,25510
11369,25511
11369,25512
11369,25513
11369,25514
11369,25515
11369,25516
11369,25517
11369,25518
11369,25519
11369,25520
11369,25521
11370,25286
11370,25287
11370,25288
11370,25289
11370,25290
11370,25291
11370,25292
11370,25293
11370,25294
11370,25295
11370,25296
11370,25297
11370,25298
11370,25299
11370,25300
11370,25301
11370,25302
11370,25303
11370,25304
11370,25305
11370,25306
11370,25307
11370,25308
11370,25309
11370,25310
11370,25311
11370,25312
11370,25313
11370,25314
11370,25315
11370,25316
11370,25317
11370,25318
11370,25319
11370,25320
11370,25321
11370,25322
11370,25323
11370,25324
11370,25325
11370,25326
11370,25327
11370,25328
11370,25329
11370,25330
11370,25331
11370,25332
11370,25333
11370,25334
11370,25335
11370,25336
11370,25337
11370,25338
11370,25339
11370,25340
11370,25341
11370,25342
11370,25343
11370,25344
11370,25345
11370,25346
11370,25347
11370,25348
11370,25349
11370,25350
11370,25351
11370,25352
11370,25353
11370,25354
11370,25355
11370,25356
11370,25357
11370,25358
11370,25359
11370,25360
11370,25361
11370,25362
11370,25363
11370,25364
11370,25365
11370,25366
11370,25367
11370,25368
11370,25369
11370,25370
11370,25371
11370,25372
11370,25373
11370,25374
11370,25375
11370,25376
11370,25377
11370,25378
11370,25379
11370,25380
11370,25381
11370,25382
11370,25383
11370,25384
11370,25385
11370,25386
11370,25387
11370,25388
11370,25389
11370,25390
11370,25391
11370,25392
11370,25393
11370,25394
11370,25395
11370,25396
11370,25397
11370,25398
11370,25399
11370,25400
11370,25401
11370,25402
11370,25403
11370,25404
11370,25405
11370,25406
11370,25407
11370,25408
11370,25409
11370,25410
11370,25411
11370,25412
11370,25413
11370,25414
11370,25415
11370,25416
11370,25417
11370,25418
11370,25419
11370,25420
11370,25421
11370,25422
11370,25423
11370,25424
11370,25425
11370,25426
11370,25427
11370,25428
11370,25429
11370,25430
11370,25431
11370,25432
11370,25433
11370,25434
11370,25435
11370,25436
11370,25437
11370,25438
11370,25439
11370,25440
11370,25441
11370,25442
11370,25443
11370,25444
11370,25445
11370,25446
11370,25447
11370,25448
11370,25449
11370,25450
11370,25451
11370,25452
11370,25453
11370,25454
11370,25455
11370,25456
11370,25457
11370,25458
11370,25459
11370,25460
11370,25461
11370,25462
11370,25463
11370,25464
11370,25465
11370,25466
11370,25467
11370,25468
11370,25469
11370,25470
11370,25471
11370,25472
11370,25473
11370,25474
11370,25475
11370,25476
11370,25477
11370,25478
11370,25479
11370,25480
11370,25481
11370,25482
11370,25483
11370,25484
11370,25485
11370,25486
11370,25487
11370,25488
11370,25489
11370,25490
11370,25491
11370,25492
11370,25493
11370,25494
11370,25495
11370,25496
11370,25497
11370,25498
11370,25499
11370,25500
11370,25501
11370,25502
11370,25503
11370,25504
11370,25505
11370,25506
11370,25507
11370,25508
11370,25509
11370,25510
11370,25511
11370,25512
11370,25513
11370,25514
11370,25515
11370,25516
11370,25517
11370,25518
11370,25519
11370,25520
11371,25287
11371,25288
11371,25289
11371,25290
11371,25291
11371,25292
11371,25293
11371,25294
11371,25295
11371,25296
11371,25297
11371,25298
11371,25299
11371,25300
11371,25301
11371,25302
11371,25303
11371,25304
11371,25305
11371,25306
11371,25307
11371,25308
11371,25309
11371,25310
11371,25311
11371,25312
11371,25313
11371,25314
11371,25315
11371,25316
11371,25317
11371,25318
11371,25319
11371,25320
11371,25321
11371,25322
11371,25323
11371,25324
11371,25325
11371,25326
11371,25327
11371,25328
11371,25329
11371,25330
11371,25331
11371,25332
11371,25333
11371,25334
11371,25335
11371,25336
11371,25337
11371,25338
11371,25339
11371,25340
11371,25341
11371,25342
11371,25343
11371,25344
11371,25345
11371,25346
11371,25347
11371,25348
11371,25349
11371,25350
11371,25351
11371,25352
11371,25353
11371,25354
11371,25355
11371,25356
11371,25357
11371,25358
11371,25359
11371,25360
11371,25361
11371,25362
11371,25363
11371,25364
11371,25365
11371,25366
11371,25367
11371,25368
11371,25369
11371,25370
11371,25371
11371,25372
11371,25373
11371,25374
11371,25375
11371,25376
11371,25377
11371,25378
11371,25379
11371,25380
11371,25381
11371,25382
11371,25383
11371,25384
11371,25385
11371,25386
11371,25387
11371,25388
11371,25389
11371,25390
11371,25391
11371,25392
11371,25393
11371,25394
11371,25395
11371,25396
11371,25397
11371,25398
11371,25399
11371,25400
11371,25401
11371,25402
11371,25403
11371,25404
11371,25405
11371,25406
11371,25407
11371,25408
11371,25409
11371,25410
11371,25411
11371,25412
11371,25413
11371,25414
11371,25415
11371,25416
11371,25417
11371,25418
11371,25419
11371,25420
11371,25421
11371,25422
11371,25423
11371,25424
11371,25425
11371,25426
11371,25427
11371,25428
11371,25429
11371,25430
11371,25431
11371,25432
11371,25433
11371,25434
11371,25435
11371,25436
11371,25437
11371,25438
11371,25439
11371,25440
11371,25441
11371,25442
11371,25443
11371,25444
11371,25445
11371,25446
11371,25447
11371,25448
11371,25449
11371,25450
11371,25451
11371,25452
11371,25453
11371,25454
11371,25455
11371,25456
11371,25457
11371,25458
11371,25459
11371,25460
11371,25461
11371,25462
11371,25463
11371,25464
11371,25465
11371,25466
11371,25467
11371,25468
11371,25469
11371,25470
11371,25471
11371,25472
11371,25473
11371,25474
11371,25475
11371,25476
11371,25477
11371,25478
11371,25479
11371,25480
11371,25481
11371,25482
11371,25483
11371,25484
11371,25485
11371,25486
11371,25487
11371,25488
11371,25489
11371,25490
11371,25491
11371,25492
11371,25493
11371,25494
11371,25495
11371,25496
11371,25497
11371,25498
11371,25499
11371,25500
11371,25501
11371,25502
11371,25503
11371,25504
11371,25505
11371,25506
11371,25507
11371,25508
11371,25509
11371,25510
11371,25511
11371,25512
11371,25513
11371,25514
11371,25515
11371,25516
11371,25517
11371,25518
11371,25519
11371,25520
11372,25287
11372,25288
11372,25289
11372,25290
11372,25291
11372,25292
11372,25293
11372,25294
11372,25295
11372,25296
11372,25297
11372,25298
11372,25299
11372,25300
11372,25301
11372,25302
11372,25303
11372,25304
11372,25305
11372,25306
11372,25307
11372,25308
11372,25309
11372,25310
11372,25311
11372,25312
11372,25313
11372,25314
11372,25315
11372,25316
11372,25317
11372,25318
11372,25319
11372,25320
11372,25321
11372,25322
11372,25323
11372,25324
11372,25325
11372,25326
11372,25327
11372,25328
11372,25329
11372,25330
11372,25331
11372,25332
11372,25333
11372,25334
11372,25335
11372,25336
11372,25337
11372,25338
11372,25339
11372,25340
11372,25341
11372,25342
11372,25343
11372,25344
11372,25345
11372,25346
11372,25347
11372,25348
11372,25349
11372,25350
11372,25351
11372,25352
11372,25353
11372,25354
11372,25355
11372,25356
11372,25357
11372,25358
11372,25359
11372,25360
11372,25361
11372,25362
11372,25363
11372,25364
11372,25365
11372,25366
11372,25367
11372,25368
11372,25369
11372,25370
11372,25371
11372,25372
11372,25373
11372,25374
11372,25375
11372,25376
11372,25377
11372,25378
11372,25379
11372,25380
11372,25381
11372,25382
11372,25383
11372,25384
11372,25385
11372,25386
11372,25387
11372,25388
11372,25389
11372,25390
11372,25391
11372,25392
11372,25393
11372,25394
11372,25395
11372,25396
11372,25397
11372,25398
11372,25399
11372,25400
11372,25401
11372,25402
11372,25403
11372,25404
11372,25405
11372,25406
11372,25407
11372,25408
11372,25409
11372,25410
11372,25411
11372,25412
11372,25413
11372,25414
11372,25415
11372,25416
11372,25417
11372,25418
11372,25419
11372,25420
11372,25421
11372,25422
11372,25423
11372,25424
11372,25425
11372,25426
11372,25427
11372,25428
11372,25429
11372,25430
11372,25431
11372,25432
11372,25433
11372,25434
11372,25435
11372,25436
11372,25437
11372,25438
11372,25439
11372,25440
11372,25441
11372,25442
11372,25443
11372,25444
11372,25445
11372,25446
11372,25447
11372,25448
11372,25449
11372,25450
11372,25451
11372,25452
11372,25453
11372,25454
11372,25455
11372,25456
11372,25457
11372,25458
11372,25459
11372,25460
11372,25461
11372,25462
11372,25463
11372,25464
11372,25465
11372,25466
11372,25467
11372,25468
11372,25469
11372,25470
11372,25471
11372,25472
11372,25473
11372,25474
11372,25475
11372,25476
11372,25477
11372,25478
11372,25479
11372,25480
11372,25481
11372,25482
11372,25483
11372,25484
11372,25485
11372,25486
11372,25487
11372,25488
11372,25489
11372,25490
11372,25491
11372,25492
11372,25493
11372,25494
11372,25495
11372,25496
11372,25497
11372,25498
11372,25499
11372,25500
11372,25501
11372,25502
11372,25503
11372,25504
11372,25505
11372,25506
11372,25507
11372,25508
11372,25509
11372,25510
11372,25511
11372,25512
11372,25513
11372,25514
11372,25515
11372,25516
11372,25517
11372,25518
11372,25519
11372,25520
11373,25288
11373,25289
11373,25290
11373,25291
11373,25292
11373,25293
11373,25294
11373,25295
11373,25296
11373,25297
11373,25298
11373,25299
11373,25300
11373,25301
11373,25302
11373,25303
11373,25304
11373,25305
11373,25306
11373,25307
11373,25308
11373,25309
11373,25310
11373,25311
11373,25312
11373,25313
11373,25314
11373,25315
11373,25316
11373,25317
11373,25318
11373,25319
11373,25320
11373,25321
11373,25322
11373,25323
11373,25324
11373,25325
11373,25326
11373,25327
11373,25328
11373,25329
11373,25330
11373,25331
11373,25332
11373,25333
11373,25334
11373,25335
11373,25336
11373,25337
11373,25338
11373,25339
11373,25340
11373,25341
11373,25342
11373,25343
11373,25344
11373,25345
11373,25346
11373,25347
11373,25348
11373,25349
11373,25350
11373,25351
11373,25352
11373,25353
11373,25354
11373,25355
11373,25356
11373,25357
11373,25358
11373,25359
11373,25360
11373,25361
11373,25362
11373,25363
11373,25364
11373,25365
11373,25366
11373,25367
11373,25368
11373,25369
11373,25370
11373,25371
11373,25372
11373,25373
11373,25374
11373,25375
11373,25376
11373,25377
11373,25378
11373,25379
11373,25380
11373,25381
11373,25382
11373,25383
11373,25384
11373,25385
11373,25386
11373,25387
11373,25388
11373,25389
11373,25390
11373,25391
11373,25392
11373,25393
11373,25394
11373,25395
11373,25396
11373,25397
11373,25398
11373,25399
11373,25400
11373,25401
11373,25402
11373,25403
11373,25404
11373,25405
11373,25406
11373,25407
11373,25408
11373,25409
11373,25410
11373,25411
11373,25412
11373,25413
11373,25414
11373,25415
11373,25416
11373,25417
11373,25418
11373,25419
11373,25420
11373,25421
11373,25422
11373,25423
11373,25424
11373,25425
11373,25426
11373,25427
11373,25428
11373,25429
11373,25430
11373,25431
11373,25432
11373,25433
11373,25434
11373,25435
11373,25436
11373,25437
11373,25438
11373,25439
11373,25440
11373,25441
11373,25442
11373,25443
11373,25444
11373,25445
11373,25446
11373,25447
11373,25448
11373,25449
11373,25450
11373,25451
11373,25452
11373,25453
11373,25454
11373,25455
11373,25456
11373,25457
11373,25458
11373,25459
11373,25460
11373,25461
11373,25462
11373,25463
11373,25464
11373,25465
11373,25466
11373,25467
11373,25468
11373,25469
11373,25470
11373,25471
11373,25472
11373,25473
11373,25474
11373,25475
11373,25476
11373,25477
11373,25478
11373,25479
11373,25480
11373,25481
11373,25482
11373,25483
11373,25484
11373,25485
11373,25486
11373,25487
11373,25488
11373,25489
11373,25490
11373,25491
11373,25492
11373,25493
11373,25494
11373,25495
11373,25496
11373,25497
11373,25498
11373,25499
11373,25500
11373,25501
11373,25502
11373,25503
11373,25504
11373,25505
11373,25506
11373,25507
11373,25508
11373,25509
11373,25510
11373,25511
11373,25512
11373,25513
11373,25514
11373,25515
11373,25516
11373,25517
11373,25518
11373,25519
11374,25289
11374,25290
11374,25291
11374,25292
11374,25293
11374,25294
11374,25295
11374,25296
11374,25297
11374,25298
11374,25299
11374,25300
11374,25301
11374,25302
11374,25303
11374,25304
11374,25305
11374,25306
11374,25307
11374,25308
11374,25309
11374,25310
11374,25311
11374,25312
11374,25313
11374,25314
11374,25315
11374,25316
11374,25317
11374,25318
11374,25319
11374,25320
11374,25321
11374,25322
11374,25323
11374,25324
11374,25325
11374,25326
11374,25327
11374,25328
11374,25329
11374,25330
11374,25331
11374,25332
11374,25333
11374,25334
11374,25335
11374,25336
11374,25337
11374,25338
11374,25339
11374,25340
11374,25341
11374,25342
11374,25343
11374,25344
11374,25345
11374,25346
11374,25347
11374,25348
11374,25349
11374,25350
11374,25351
11374,25352
11374,25353
11374,25354
11374,25355
11374,25356
11374,25357
11374,25358
11374,25359
11374,25360
11374,25361
11374,25362
11374,25363
11374,25364
11374,25365
11374,25366
11374,25367
11374,25368
11374,25369
11374,25370
11374,25371
11374,25372
11374,25373
11374,25374
11374,25375
11374,25376
11374,25377
11374,25378
11374,25379
11374,25380
11374,25381
11374,25382
11374,25383
11374,25384
11374,25385
11374,25386
11374,25387
11374,25388
11374,25389
11374,25390
11374,25391
11374,25392
11374,25393
11374,25394
11374,25395
11374,25396
11374,25397
11374,25398
11374,25399
11374,25400
11374,25401
11374,25402
11374,25403
11374,25404
11374,25405
11374,25406
11374,25407
11374,25408
11374,25409
11374,25410
11374,25411
11374,25412
11374,25413
11374,25414
11374,25415
11374,25416
11374,25417
11374,25418
11374,25419
11374,25420
11374,25421
11374,25422
11374,25423
11374,25424
11374,25425
11374,25426
11374,25427
11374,25428
11374,25429
11374,25430
11374,25431
11374,25432
11374,25433
11374,25434
11374,25435
11374,25436
11374,25437
11374,25438
11374,25439
11374,25440
11374,25441
11374,25442
11374,25443
11374,25444
11374,25445
11374,25446
11374,25447
11374,25448
11374,25449
11374,25450
11374,25451
11374,25452
11374,25453
11374,25454
11374,25455
11374,25456
11374,25457
11374,25458
11374,25459
11374,25460
11374,25461
11374,25462
11374,25463
11374,25464
11374,25465
11374,25466
11374,25467
11374,25468
11374,25469
11374,25470
11374,25471
11374,25472
11374,25473
11374,25474
11374,25475
11374,25476
11374,25477
11374,25478
11374,25479
11374,25480
11374,25481
11374,25482
11374,25483
11374,25484
11374,25485
11374,25486
11374,25487
11374,25488
11374,25489
11374,25490
11374,25491
11374,25492
11374,25493
11374,25494
11374,25495
11374,25496
11374,25497
11374,25498
11374,25499
11374,25500
11374,25501
11374,25502
11374,25503
11374,25504
11374,25505
11374,25506
11374,25507
11374,25508
11374,25509
11374,25510
11374,25511
11374,25512
11374,25513
11374,25514
11374,25515
11374,25516
11374,25517
11374,25518
11374,25519
11375,25290
11375,25291
11375,25292
11375,25293
11375,25294
11375,25295
11375,25296
11375,25297
11375,25298
11375,25299
11375,25300
11375,25301
11375,25302
11375,25303
11375,25304
11375,25305
11375,25306
11375,25307
11375,25308
11375,25309
11375,25310
11375,25311
11375,25312
11375,25313
11375,25314
11375,25315
11375,25316
11375,25317
11375,25318
11375,25319
11375,25320
11375,25321
11375,25322
11375,25323
11375,25324
11375,25325
11375,25326
11375,25327
11375,25328
11375,25329
11375,25330
11375,25331
11375,25332
11375,25333
11375,25334
11375,25335
11375,25336
11375,25337
11375,25338
11375,25339
11375,25340
11375,25341
11375,25342
11375,25343
11375,25344
11375,25345
11375,25346
11375,25347
11375,25348
11375,25349
11375,25350
11375,25351
11375,25352
11375,25353
11375,25354
11375,25355
11375,25356
11375,25357
11375,25358
11375,25359
11375,25360
11375,25361
11375,25362
11375,25363
11375,25364
11375,25365
11375,25366
11375,25367
11375,25368
11375,25369
11375,25370
11375,25371
11375,25372
11375,25373
11375,25374
11375,25375
11375,25376
11375,25377
11375,25378
11375,25379
11375,25380
11375,25381
11375,25382
11375,25383
11375,25384
11375,25385
11375,25386
11375,25387
11375,25388
11375,25389
11375,25390
11375,25391
11375,25392
11375,25393
11375,25394
11375,25395
11375,25396
11375,25397
11375,25398
11375,25399
11375,25400
11375,25401
11375,25402
11375,25403
11375,25404
11375,25405
11375,25406
11375,25407
11375,25408
11375,25409
11375,25410
11375,25411
11375,25412
11375,25413
11375,25414
11375,25415
11375,25416
11375,25417
11375,25418
11375,25419
11375,25420
11375,25421
11375,25422
11375,25423
11375,25424
11375,25425
11375,25426
11375,25427
11375,25428
11375,25429
11375,25430
11375,25431
11375,25432
11375,25433
11375,25434
11375,25435
11375,25436
11375,25437
11375,25438
11375,25439
11375,25440
11375,25441
11375,25442
11375,25443
11375,25444
11375,25445
11375,25446
11375,25447
11375,25448
11375,25449
11375,25450
11375,25451
11375,25452
11375,25453
11375,25454
11375,25455
11375,25456
11375,25457
11375,25458
11375,25459
11375,25460
11375,25461
11375,25462
11375,25463
11375,25464
11375,25465
11375,25466
11375,25467
11375,25468
11375,25469
11375,25470
11375,25471
11375,25472
11375,25473
11375,25474
11375,25475
11375,25476
11375,25477
11375,25478
11375,25479
11375,25480
11375,25481
11375,25482
11375,25483
11375,25484
11375,25485
11375,25486
11375,25487
11375,25488
11375,25489
11375,25490
11375,25491
11375,25492
11375,25493
11375,25494
11375,25495
11375,25496
11375,25497
11375,25498
11375,25499
11375,25500
11375,25501
11375,25502
11375,25503
11375,25504
11375,25505
11375,25506
11375,25507
11375,25508
11375,25509
11375,25510
11375,25511
11375,25512
11375,25513
11375,25514
11375,25515
11375,25516
11375,25517
11375,25518
11375,25519
11376,25293
11376,25294
11376,25295
11376,25296
11376,25297
11376,25298
11376,25299
11376,25300
11376,25301
11376,25302
11376,25303
11376,25304
11376,25305
11376,25306
11376,25307
11376,25308
11376,25309
11376,25310
11376,25311
11376,25312
11376,25313
11376,25314
11376,25315
11376,25316
11376,25317
11376,25318
11376,25319
11376,25320
11376,25321
11376,25322
11376,25323
11376,25324
11376,25325
11376,25326
11376,25327
11376,25328
11376,25329
11376,25330
11376,25331
11376,25332
11376,25333
11376,25334
11376,25335
11376,25336
11376,25337
11376,25338
11376,25339
11376,25340
11376,25341
11376,25342
11376,25343
11376,25344
11376,25345
11376,25346
11376,25347
11376,25348
11376,25349
11376,25350
11376,25351
11376,25352
11376,25353
11376,25354
11376,25355
11376,25356
11376,25357
11376,25358
11376,25359
11376,25360
11376,25361
11376,25362
11376,25363
11376,25364
11376,25365
11376,25366
11376,25367
11376,25368
11376,25369
11376,25370
11376,25371
11376,25372
11376,25373
11376,25374
11376,25375
11376,25376
11376,25377
11376,25378
11376,25379
11376,25380
11376,25381
11376,25382
11376,25383
11376,25384
11376,25385
11376,25386
11376,25387
11376,25388
11376,25389
11376,25390
11376,25391
11376,25392
11376,25393
11376,25394
11376,25395
11376,25396
11376,25397
11376,25398
11376,25399
11376,25400
11376,25401
11376,25402
11376,25403
11376,25404
11376,25405
11376,25406
11376,25407
11376,25408
11376,25409
11376,25410
11376,25411
11376,25412
11376,25413
11376,25414
11376,25415
11376,25416
11376,25417
11376,25418
11376,25419
11376,25420
11376,25421
11376,25422
11376,25423
11376,25424
11376,25425
11376,25426
11376,25427
11376,25428
11376,25429
11376,25430
11376,25431
11376,25432
11376,25433
11376,25434
11376,25435
11376,25436
11376,25437
11376,25438
11376,25439
11376,25440
11376,25441
11376,25442
11376,25443
11376,25444
11376,25445
11376,25446
11376,25447
11376,25448
11376,25449
11376,25450
11376,25451
11376,25452
11376,25453
11376,25454
11376,25455
11376,25456
11376,25457
11376,25458
11376,25459
11376,25460
11376,25461
11376,25462
11376,25463
11376,25464
11376,25465
11376,25466
11376,25467
11376,25468
11376,25469
11376,25470
11376,25471
11376,25472
11376,25473
11376,25474
11376,25475
11376,25476
11376,25477
11376,25478
11376,25479
11376,25480
11376,25481
11376,25482
11376,25483
11376,25484
11376,25485
11376,25486
11376,25487
11376,25488
11376,25489
11376,25490
11376,25491
11376,25492
11376,25493
11376,25494
11376,25495
11376,25496
11376,25497
11376,25498
11376,25499
11376,25500
11376,25501
11376,25502
11376,25503
11376,25504
11376,25505
11376,25506
11376,25507
11376,25508
11376,25509
11376,25510
11376,25511
11376,25512
11376,25513
11376,25514
11376,25515
11376,25516
11376,25517
11376,25518
11377,25293
11377,25294
11377,25295
11377,25296
11377,25297
11377,25298
11377,25299
11377,25300
11377,25301
11377,25302
11377,25303
11377,25304
11377,25305
11377,25306
11377,25307
11377,25308
11377,25309
11377,25310
11377,25311
11377,25312
11377,25313
11377,25314
11377,25315
11377,25316
11377,25317
11377,25318
11377,25319
11377,25320
11377,25321
11377,25322
11377,25323
11377,25324
11377,25325
11377,25326
11377,25327
11377,25328
11377,25329
11377,25330
11377,25331
11377,25332
11377,25333
11377,25334
11377,25335
11377,25336
11377,25337
11377,25338
11377,25339
11377,25340
11377,25341
11377,25342
11377,25343
11377,25344
11377,25345
11377,25346
11377,25347
11377,25348
11377,25349
11377,25350
11377,25351
11377,25352
11377,25353
11377,25354
11377,25355
11377,25356
11377,25357
11377,25358
11377,25359
11377,25360
11377,25361
11377,25362
11377,25363
11377,25364
11377,25365
11377,25366
11377,25367
11377,25368
11377,25369
11377,25370
11377,25371
11377,25372
11377,25373
11377,25374
11377,25375
11377,25376
11377,25377
11377,25378
11377,25379
11377,25380
11377,25381
11377,25382
11377,25383
11377,25384
11377,25385
11377,25386
11377,25387
11377,25388
11377,25389
11377,25390
11377,25391
11377,25392
11377,25393
11377,25394
11377,25395
11377,25396
11377,25397
11377,25398
11377,25399
11377,25400
11377,25401
11377,25402
11377,25403
11377,25404
11377,25405
11377,25406
11377,25407
11377,25408
11377,25409
11377,25410
11377,25411
11377,25412
11377,25413
11377,25414
11377,25415
11377,25416
11377,25417
11377,25418
11377,25419
11377,25420
11377,25421
11377,25422
11377,25423
11377,25424
11377,25425
11377,25426
11377,25427
11377,25428
11377,25429
11377,25430
11377,25431
11377,25432
11377,25433
11377,25434
11377,25435
11377,25436
11377,25437
11377,25438
11377,25439
11377,25440
11377,25441
11377,25442
11377,25443
11377,25444
11377,25445
11377,25446
11377,25447
11377,25448
11377,25449
11377,25450
11377,25451
11377,25452
11377,25453
11377,25454
11377,25455
11377,25456
11377,25457
11377,25458
11377,25459
11377,25460
11377,25461
11377,25462
11377,25463
11377,25464
11377,25465
11377,25466
11377,25467
11377,25468
11377,25469
11377,25470
11377,25471
11377,25472
11377,25473
11377,25474
11377,25475
11377,25476
11377,25477
11377,25478
11377,25479
11377,25480
11377,25481
11377,25482
11377,25483
11377,25484
11377,25485
11377,25486
11377,25487
11377,25488
11377,25489
11377,25490
11377,25491
11377,25492
11377,25493
11377,25494
11377,25495
11377,25496
11377,25497
11377,25498
11377,25499
11377,25500
11377,25501
11377,25502
11377,25503
11377,25504
11377,25505
11377,25506
11377,25507
11377,25508
11377,25509
11377,25510
11377,25511
11377,25512
11377,25513
11377,25514
11377,25515
11377,25516
11377,25517
11378,25292
11378,25293
11378,25294
11378,25295
11378,25296
11378,25297
11378,25298
11378,25299
11378,25300
11378,25301
11378,25302
11378,25303
11378,25304
11378,25305
11378,25306
11378,25307
11378,25308
11378,25309
11378,25310
11378,25311
11378,25312
11378,25313
11378,25314
11378,25315
11378,25316
11378,25317
11378,25318
11378,25319
11378,25320
11378,25321
11378,25322
11378,25323
11378,25324
11378,25325
11378,25326
11378,25327
11378,25328
11378,25329
11378,25330
11378,25331
11378,25332
11378,25333
11378,25334
11378,25335
11378,25336
11378,25337
11378,25338
11378,25339
11378,25340
11378,25341
11378,25342
11378,25343
11378,25344
11378,25345
11378,25346
11378,25347
11378,25348
11378,25349
11378,25350
11378,25351
11378,25352
11378,25353
11378,25354
11378,25355
11378,25356
11378,25357
11378,25358
11378,25359
11378,25360
11378,25361
11378,25362
11378,25363
11378,25364
11378,25365
11378,25366
11378,25367
11378,25368
11378,25369
11378,25370
11378,25371
11378,25372
11378,25373
11378,25374
11378,25375
11378,25376
11378,25377
11378,25378
11378,25379
11378,25380
11378,25381
11378,25382
11378,25383
11378,25384
11378,25385
11378,25386
11378,25387
11378,25388
11378,25389
11378,25390
11378,25391
11378,25392
11378,25393
11378,25394
11378,25395
11378,25396
11378,25397
11378,25398
11378,25399
11378,25400
11378,25401
11378,25402
11378,25403
11378,25404
11378,25405
11378,25406
11378,25407
11378,25408
11378,25409
11378,25410
11378,25411
11378,25412
11378,25413
11378,25414
11378,25415
11378,25416
11378,25417
11378,25418
11378,25419
11378,25420
11378,25421
11378,25422
11378,25423
11378,25424
11378,25425
11378,25426
11378,25427
11378,25428
11378,25429
11378,25430
11378,25431
11378,25432
11378,25433
11378,25434
11378,25435
11378,25436
11378,25437
11378,25438
11378,25439
11378,25440
11378,25441
11378,25442
11378,25443
11378,25444
11378,25445
11378,25446
11378,25447
11378,25448
11378,25449
11378,25450
11378,25451
11378,25452
11378,25453
11378,25454
11378,25455
11378,25456
11378,25457
11378,25458
11378,25459
11378,25460
11378,25461
11378,25462
11378,25463
11378,25464
11378,25465
11378,25466
11378,25467
11378,25468
11378,25469
11378,25470
11378,25471
11378,25472
11378,25473
11378,25474
11378,25475
11378,25476
11378,25477
11378,25478
11378,25479
11378,25480
11378,25481
11378,25482
11378,25483
11378,25484
11378,25485
11378,25486
11378,25487
11378,25488
11378,25489
11378,25490
11378,25491
11378,25492
11378,25493
11378,25494
11378,25495
11378,25496
11378,25497
11378,25498
11378,25499
11378,25500
11378,25501
11378,25502
11378,25503
11378,25504
11378,25505
11378,25506
11378,25507
11378,25508
11378,25509
11378,25510
11378,25511
11378,25512
11378,25513
11378,25514
11378,25515
11378,25516
11379,25292
11379,25293
11379,25294
11379,25295
11379,25296
11379,25297
11379,25298
11379,25299
11379,25300
11379,25301
11379,25302
11379,25303
11379,25304
11379,25305
11379,25306
11379,25307
11379,25308
11379,25309
11379,25310
11379,25311
11379,25312
11379,25313
11379,25314
11379,25315
11379,25316
11379,25317
11379,25318
11379,25319
11379,25320
11379,25321
11379,25322
11379,25323
11379,25324
11379,25325
11379,25326
11379,25327
11379,25328
11379,25329
11379,25330
11379,25331
11379,25332
11379,25333
11379,25334
11379,25335
11379,25336
11379,25337
11379,25338
11379,25339
11379,25340
11379,25341
11379,25342
11379,25343
11379,25344
11379,25345
11379,25346
11379,25347
11379,25348
11379,25349
11379,25350
11379,25351
11379,25352
11379,25353
11379,25354
11379,25355
11379,25356
11379,25357
11379,25358
11379,25359
11379,25360
11379,25361
11379,25362
11379,25363
11379,25364
11379,25365
11379,25366
11379,25367
11379,25368
11379,25369
11379,25370
11379,25371
11379,25372
11379,25373
11379,25374
11379,25375
11379,25376
11379,25377
11379,25378
11379,25379
11379,25380
11379,25381
11379,25382
11379,25383
11379,25384
11379,25385
11379,25386
11379,25387
11379,25388
11379,25389
11379,25390
11379,25391
11379,25392
11379,25393
11379,25394
11379,25395
11379,25396
11379,25397
11379,25398
11379,25399
11379,25400
11379,25401
11379,25402
11379,25403
11379,25404
11379,25405
11379,25406
11379,25407
11379,25408
11379,25409
11379,25410
11379,25411
11379,25412
11379,25413
11379,25414
11379,25415
11379,25416
11379,25417
11379,25418
11379,25419
11379,25420
11379,25421
11379,25422
11379,25423
11379,25424
11379,25425
11379,25426
11379,25427
11379,25428
11379,25429
11379,25430
11379,25431
11379,25432
11379,25433
11379,25434
11379,25435
11379,25436
11379,25437
11379,25438
11379,25439
11379,25440
11379,25441
11379,25442
11379,25443
11379,25444
11379,25445
11379,25446
11379,25447
11379,25448
11379,25449
11379,25450
11379,25451
11379,25452
11379,25453
11379,25454
11379,25455
11379,25456
11379,25457
11379,25458
11379,25459
11379,25460
11379,25461
11379,25462
11379,25463
11379,25464
11379,25465
11379,25466
11379,25467
11379,25468
11379,25469
11379,25470
11379,25471
11379,25472
11379,25473
11379,25474
11379,25475
11379,25476
11379,25477
11379,25478
11379,25479
11379,25480
11379,25481
11379,25482
11379,25483
11379,25484
11379,25485
11379,25486
11379,25487
11379,25488
11379,25489
11379,25490
11379,25491
11379,25492
11379,25493
11379,25494
11379,25495
11379,25496
11379,25497
11379,25498
11379,25499
11379,25500
11379,25501
11379,25502
11379,25503
11379,25504
11379,25506
11379,25508
11379,25509
11379,25510
11379,25511
11379,25512
11379,25513
11379,25514
11380,25291
11380,25292
11380,25293
11380,25294
11380,25295
11380,25296
11380,25297
11380,25298
11380,25299
11380,25300
11380,25301
11380,25302
11380,25303
11380,25304
11380,25305
11380,25306
11380,25307
11380,25308
11380,25309
11380,25310
11380,25311
11380,25312
11380,25313
11380,25314
11380,25315
11380,25316
11380,25317
11380,25318
11380,25319
11380,25320
11380,25321
11380,25322
11380,25323
11380,25324
11380,25325
11380,25326
11380,25327
11380,25328
11380,25329
11380,25330
11380,25331
11380,25332
11380,25333
11380,25334
11380,25335
11380,25336
11380,25337
11380,25338
11380,25339
11380,25340
11380,25341
11380,25342
11380,25343
11380,25344
11380,25345
11380,25346
11380,25347
11380,25348
11380,25349
11380,25350
11380,25351
11380,25352
11380,25353
11380,25354
11380,25355
11380,25356
11380,25357
11380,25358
11380,25359
11380,25360
11380,25361
11380,25362
11380,25363
11380,25364
11380,25365
11380,25366
11380,25367
11380,25368
11380,25369
11380,25370
11380,25371
11380,25372
11380,25373
11380,25374
11380,25375
11380,25376
11380,25377
11380,25378
11380,25379
11380,25380
11380,25381
11380,25382
11380,25383
11380,25384
11380,25385
11380,25386
11380,25387
11380,25388
11380,25389
11380,25390
11380,25391
11380,25392
11380,25393
11380,25394
11380,25395
11380,25396
11380,25397
11380,25398
11380,25399
11380,25400
11380,25401
11380,25402
11380,25403
11380,25404
11380,25405
11380,25406
11380,25407
11380,25408
11380,25409
11380,25410
11380,25411
11380,25412
11380,25413
11380,25414
11380,25415
11380,25416
11380,25417
11380,25418
11380,25419
11380,25420
11380,25421
11380,25422
11380,25423
11380,25424
11380,25425
11380,25426
11380,25427
11380,25428
11380,25429
11380,25430
11380,25431
11380,25432
11380,25433
11380,25434
11380,25435
11380,25436
11380,25437
11380,25438
11380,25439
11380,25440
11380,25441
11380,25442
11380,25443
11380,25444
11380,25445
11380,25446
11380,25447
11380,25448
11380,25449
11380,25450
11380,25451
11380,25452
11380,25453
11380,25454
11380,25455
11380,25456
11380,25457
11380,25458
11380,25459
11380,25460
11380,25461
11380,25462
11380,25463
11380,25464
11380,25465
11380,25466
11380,25467
11380,25468
11380,25469
11380,25470
11380,25471
11380,25472
11380,25473
11380,25474
11380,25475
11380,25476
11380,25477
11380,25478
11380,25479
11380,25480
11380,25481
11380,25482
11380,25483
11380,25484
11380,25485
11380,25486
11380,25487
11380,25488
11380,25489
11380,25490
11380,25491
11380,25492
11380,25493
11380,25494
11380,25495
11380,25496
11380,25497
11380,25498
11380,25499
11380,25500
11380,25501
11380,25502
11380,25503
11380,25511
11381,25291
11381,25292
11381,25293
11381,25294
11381,25295
11381,25296
11381,25297
11381,25298
11381,25299
11381,25300
11381,25301
11381,25302
11381,25303
11381,25304
11381,25305
11381,25306
11381,25307
11381,25308
11381,25309
11381,25310
11381,25311
11381,25312
11381,25313
11381,25314
11381,25315
11381,25316
11381,25317
11381,25318
11381,25319
11381,25320
11381,25321
11381,25322
11381,25323
11381,25324
11381,25325
11381,25326
11381,25327
11381,25328
11381,25329
11381,25330
11381,25331
11381,25332
11381,25333
11381,25334
11381,25335
11381,25336
11381,25337
11381,25338
11381,25339
11381,25340
11381,25341
11381,25342
11381,25343
11381,25344
11381,25345
11381,25346
11381,25347
11381,25348
11381,25349
11381,25350
11381,25351
11381,25352
11381,25353
11381,25354
11381,25355
11381,25356
11381,25357
11381,25358
11381,25359
11381,25360
11381,25361
11381,25362
11381,25363
11381,25364
11381,25365
11381,25366
11381,25367
11381,25368
11381,25369
11381,25370
11381,25371
11381,25372
11381,25373
11381,25374
11381,25375
11381,25376
11381,25377
11381,25378
11381,25379
11381,25380
11381,25381
11381,25382
11381,25383
11381,25384
11381,25385
11381,25386
11381,25387
11381,25388
11381,25389
11381,25390
11381,25391
11381,25392
11381,25393
11381,25394
11381,25395
11381,25396
11381,25397
11381,25398
11381,25399
11381,25400
11381,25401
11381,25402
11381,25403
11381,25404
11381,25405
11381,25406
11381,25407
11381,25408
11381,25409
11381,25410
11381,25411
11381,25412
11381,25413
11381,25414
11381,25415
11381,25416
11381,25417
11381,25418
11381,25419
11381,25420
11381,25421
11381,25422
11381,25423
11381,25424
11381,25425
11381,25426
11381,25427
11381,25428
11381,25429
11381,25430
11381,25431
11381,25432
11381,25433
11381,25434
11381,25435
11381,25436
11381,25437
11381,25438
11381,25439
11381,25440
11381,25441
11381,25442
11381,25443
11381,25444
11381,25445
11381,25446
11381,25447
11381,25448
11381,25449
11381,25450
11381,25451
11381,25452
11381,25453
11381,25454
11381,25455
11381,25456
11381,25457
11381,25458
11381,25459
11381,25460
11381,25461
11381,25462
11381,25463
11381,25464
11381,25465
11381,25466
11381,25467
11381,25468
11381,25469
11381,25470
11381,25471
11381,25472
11381,25473
11381,25474
11381,25475
11381,25476
11381,25477
11381,25478
11381,25479
11381,25480
11381,25481
11381,25482
11381,25483
11381,25484
11381,25485
11381,25486
11381,25487
11381,25488
11381,25489
11381,25490
11381,25491
11381,25492
11381,25493
11381,25494
11381,25495
11381,25496
11381,25497
11381,25498
11381,25499
11381,25500
11381,25501
11381,25502
11381,25503
11381,25504
11382,25290
11382,25291
11382,25292
11382,25293
11382,25294
11382,25295
11382,25296
11382,25297
11382,25298
11382,25299
11382,25300
11382,25301
11382,25302
11382,25303
11382,25304
11382,25305
11382,25306
11382,25307
11382,25308
11382,25309
11382,25310
11382,25311
11382,25312
11382,25313
11382,25314
11382,25315
11382,25316
11382,25317
11382,25318
11382,25319
11382,25320
11382,25321
11382,25322
11382,25323
11382,25324
11382,25325
11382,25326
11382,25327
11382,25328
11382,25329
11382,25330
11382,25331
11382,25332
11382,25333
11382,25334
11382,25335
11382,25336
11382,25337
11382,25338
11382,25339
11382,25340
11382,25341
11382,25342
11382,25343
11382,25344
11382,25345
11382,25346
11382,25347
11382,25348
11382,25349
11382,25350
11382,25351
11382,25352
11382,25353
11382,25354
11382,25355
11382,25356
11382,25357
11382,25358
11382,25359
11382,25360
11382,25361
11382,25362
11382,25363
11382,25364
11382,25365
11382,25366
11382,25367
11382,25368
11382,25369
11382,25370
11382,25371
11382,25372
11382,25373
11382,25374
11382,25375
11382,25376
11382,25377
11382,25378
11382,25379
11382,25380
11382,25381
11382,25382
11382,25383
11382,25384
11382,25385
11382,25386
11382,25387
11382,25388
11382,25389
11382,25390
11382,25391
11382,25392
11382,25393
11382,25394
11382,25395
11382,25396
11382,25397
11382,25398
11382,25399
11382,25400
11382,25401
11382,25402
11382,25403
11382,25404
11382,25405
11382,25406
11382,25407
11382,25408
11382,25409
11382,25410
11382,25411
11382,25412
11382,25413
11382,25414
11382,25415
11382,25416
11382,25417
11382,25418
11382,25419
11382,25420
11382,25421
11382,25422
11382,25423
11382,25424
11382,25425
11382,25426
11382,25427
11382,25428
11382,25429
11382,25430
11382,25431
11382,25432
11382,25433
11382,25434
11382,25435
11382,25436
11382,25437
11382,25438
11382,25439
11382,25440
11382,25441
11382,25442
11382,25443
11382,25444
11382,25445
11382,25446
11382,25447
11382,25448
11382,25449
11382,25450
11382,25451
11382,25452
11382,25453
11382,25454
11382,25455
11382,25456
11382,25457
11382,25458
11382,25459
11382,25460
11382,25461
11382,25462
11382,25463
11382,25464
11382,25465
11382,25466
11382,25467
11382,25468
11382,25469
11382,25470
11382,25471
11382,25472
11382,25473
11382,25474
11382,25475
11382,25476
11382,25477
11382,25478
11382,25479
11382,25480
11382,25481
11382,25482
11382,25483
11382,25484
11382,25485
11382,25486
11382,25487
11382,25488
11382,25489
11382,25490
11382,25491
11382,25492
11382,25493
11382,25494
11382,25495
11382,25496
11382,25497
11382,25498
11382,25499
11382,25500
11382,25501
11382,25502
11382,25503
11382,25504
11382,25505
11383,25290
11383,25291
11383,25292
11383,25293
11383,25294
11383,25295
11383,25296
11383,25297
11383,25298
11383,25299
11383,25300
11383,25301
11383,25302
11383,25303
11383,25304
11383,25305
11383,25306
11383,25307
11383,25308
11383,25309
11383,25310
11383,25311
11383,25312
11383,25313
11383,25314
11383,25315
11383,25316
11383,25317
11383,25318
11383,25319
11383,25320
11383,25321
11383,25322
11383,25323
11383,25324
11383,25325
11383,25326
11383,25327
11383,25328
11383,25329
11383,25330
11383,25331
11383,25332
11383,25333
11383,25334
11383,25335
11383,25336
11383,25337
11383,25338
11383,25339
11383,25340
11383,25341
11383,25342
11383,25343
11383,25344
11383,25345
11383,25346
11383,25347
11383,25348
11383,25349
11383,25350
11383,25351
11383,25352
11383,25353
11383,25354
11383,25355
11383,25356
11383,25357
11383,25358
11383,25359
11383,25360
11383,25361
11383,25362
11383,25363
11383,25364
11383,25365
11383,25366
11383,25367
11383,25368
11383,25369
11383,25370
11383,25371
11383,25372
11383,25373
11383,25374
11383,25375
11383,25376
11383,25377
11383,25378
11383,25379
11383,25380
11383,25381
11383,25382
11383,25383
11383,25384
11383,25385
11383,25386
11383,25387
11383,25388
11383,25389
11383,25390
11383,25391
11383,25392
11383,25393
11383,25394
11383,25395
11383,25396
11383,25397
11383,25398
11383,25399
11383,25400
11383,25401
11383,25402
11383,25403
11383,25404
11383,25405
11383,25406
11383,25407
11383,25408
11383,25409
11383,25410
11383,25411
11383,25412
11383,25413
11383,25414
11383,25415
11383,25416
11383,25417
11383,25418
11383,25419
11383,25420
11383,25421
11383,25422
11383,25423
11383,25424
11383,25425
11383,25426
11383,25427
11383,25428
11383,25429
11383,25430
11383,25431
11383,25432
11383,25433
11383,25434
11383,25435
11383,25436
11383,25437
11383,25438
11383,25439
11383,25440
11383,25441
11383,25442
11383,25443
11383,25444
11383,25445
11383,25446
11383,25447
11383,25448
11383,25449
11383,25450
11383,25451
11383,25452
11383,25453
11383,25454
11383,25455
11383,25456
11383,25457
11383,25458
11383,25459
11383,25460
11383,25461
11383,25462
11383,25463
11383,25464
11383,25465
11383,25466
11383,25467
11383,25468
11383,25469
11383,25470
11383,25471
11383,25472
11383,25473
11383,25474
11383,25475
11383,25476
11383,25477
11383,25478
11383,25479
11383,25480
11383,25481
11383,25482
11383,25483
11383,25484
11383,25485
11383,25486
11383,25487
11383,25488
11383,25489
11383,25490
11383,25491
11383,25492
11383,25493
11383,25494
11383,25495
11383,25496
11383,25497
11383,25498
11383,25499
11383,25500
11383,25501
11383,25502
11383,25503
11383,25504
11383,25505
11384,25290
11384,25291
11384,25292
11384,25293
11384,25294
11384,25295
11384,25296
11384,25297
11384,25298
11384,25299
11384,25300
11384,25301
11384,25302
11384,25303
11384,25304
11384,25305
11384,25306
11384,25307
11384,25308
11384,25309
11384,25310
11384,25311
11384,25312
11384,25313
11384,25314
11384,25315
11384,25316
11384,25317
11384,25318
11384,25319
11384,25320
11384,25321
11384,25322
11384,25323
11384,25324
11384,25325
11384,25326
11384,25327
11384,25328
11384,25329
11384,25330
11384,25331
11384,25332
11384,25333
11384,25334
11384,25335
11384,25336
11384,25337
11384,25338
11384,25339
11384,25340
11384,25341
11384,25342
11384,25343
11384,25344
11384,25345
11384,25346
11384,25347
11384,25348
11384,25349
11384,25350
11384,25351
11384,25352
11384,25353
11384,25354
11384,25355
11384,25356
11384,25357
11384,25358
11384,25359
11384,25360
11384,25361
11384,25362
11384,25363
11384,25364
11384,25365
11384,25366
11384,25367
11384,25368
11384,25369
11384,25370
11384,25371
11384,25372
11384,25373
11384,25374
11384,25375
11384,25376
11384,25377
11384,25378
11384,25379
11384,25380
11384,25381
11384,25382
11384,25383
11384,25384
11384,25385
11384,25386
11384,25387
11384,25388
11384,25389
11384,25390
11384,25391
11384,25392
11384,25393
11384,25394
11384,25395
11384,25396
11384,25397
11384,25398
11384,25399
11384,25400
11384,25401
11384,25402
11384,25403
11384,25404
11384,25405
11384,25406
11384,25407
11384,25408
11384,25409
11384,25410
11384,25411
11384,25412
11384,25413
11384,25414
11384,25415
11384,25416
11384,25417
11384,25418
11384,25419
11384,25420
11384,25421
11384,25422
11384,25423
11384,25424
11384,25425
11384,25426
11384,25427
11384,25428
11384,25429
11384,25430
11384,25431
11384,25432
11384,25433
11384,25434
11384,25435
11384,25436
11384,25437
11384,25438
11384,25439
11384,25440
11384,25441
11384,25442
11384,25443
11384,25444
11384,25445
11384,25446
11384,25447
11384,25448
11384,25449
11384,25450
11384,25451
11384,25452
11384,25453
11384,25454
11384,25455
11384,25456
11384,25457
11384,25458
11384,25459
11384,25460
11384,25461
11384,25462
11384,25463
11384,25464
11384,25465
11384,25466
11384,25467
11384,25468
11384,25469
11384,25470
11384,25471
11384,25472
11384,25473
11384,25474
11384,25475
11384,25476
11384,25477
11384,25478
11384,25479
11384,25480
11384,25481
11384,25482
11384,25483
11384,25484
11384,25485
11384,25486
11384,25487
11384,25488
11384,25489
11384,25490
11384,25491
11384,25492
11384,25493
11384,25494
11384,25495
11384,25496
11384,25497
11384,25498
11384,25499
11384,25500
11384,25501
11384,25502
11384,25503
11384,25504
11384,25505
11385,25289
11385,25290
11385,25291
11385,25292
11385,25293
11385,25294
11385,25295
11385,25296
11385,25297
11385,25298
11385,25299
11385,25300
11385,25301
11385,25302
11385,25303
11385,25304
11385,25305
11385,25306
11385,25307
11385,25308
11385,25309
11385,25310
11385,25311
11385,25312
11385,25313
11385,25314
11385,25315
11385,25316
11385,25317
11385,25318
11385,25319
11385,25320
11385,25321
11385,25322
11385,25323
11385,25324
11385,25325
11385,25326
11385,25327
11385,25328
11385,25329
11385,25330
11385,25331
11385,25332
11385,25333
11385,25334
11385,25335
11385,25336
11385,25337
11385,25338
11385,25339
11385,25340
11385,25341
11385,25342
11385,25343
11385,25344
11385,25345
11385,25346
11385,25347
11385,25348
11385,25349
11385,25350
11385,25351
11385,25352
11385,25353
11385,25354
11385,25355
11385,25356
11385,25357
11385,25358
11385,25359
11385,25360
11385,25361
11385,25362
11385,25363
11385,25364
11385,25365
11385,25366
11385,25367
11385,25368
11385,25369
11385,25370
11385,25371
11385,25372
11385,25373
11385,25374
11385,25375
11385,25376
11385,25377
11385,25378
11385,25379
11385,25380
11385,25381
11385,25382
11385,25383
11385,25384
11385,25385
11385,25386
11385,25387
11385,25388
11385,25389
11385,25390
11385,25391
11385,25392
11385,25393
11385,25394
11385,25395
11385,25396
11385,25397
11385,25398
11385,25399
11385,25400
11385,25401
11385,25402
11385,25403
11385,25404
11385,25405
11385,25406
11385,25407
11385,25408
11385,25409
11385,25410
11385,25411
11385,25412
11385,25413
11385,25414
11385,25415
11385,25416
11385,25417
11385,25418
11385,25419
11385,25420
11385,25421
11385,25422
11385,25423
11385,25424
11385,25425
11385,25426
11385,25427
11385,25428
11385,25429
11385,25430
11385,25431
11385,25432
11385,25433
11385,25434
11385,25435
11385,25436
11385,25437
11385,25438
11385,25439
11385,25440
11385,25441
11385,25442
11385,25443
11385,25444
11385,25445
11385,25446
11385,25447
11385,25448
11385,25449
11385,25450
11385,25451
11385,25452
11385,25453
11385,25454
11385,25455
11385,25456
11385,25457
11385,25458
11385,25459
11385,25460
11385,25461
11385,25462
11385,25463
11385,25464
11385,25465
11385,25466
11385,25467
11385,25468
11385,25469
11385,25470
11385,25471
11385,25472
11385,25473
11385,25474
11385,25475
11385,25476
11385,25477
11385,25478
11385,25479
11385,25480
11385,25481
11385,25482
11385,25483
11385,25484
11385,25485
11385,25486
11385,25487
11385,25488
11385,25489
11385,25490
11385,25491
11385,25492
11385,25493
11385,25494
11385,25495
11385,25496
11385,25497
11385,25498
11385,25499
11385,25500
11385,25501
11385,25502
11385,25503
11385,25504
11385,25505
11385,25506
11386,25290
11386,25291
11386,25292
11386,25293
11386,25294
11386,25295
11386,25296
11386,25297
11386,25298
11386,25299
11386,25300
11386,25301
11386,25302
11386,25303
11386,25304
11386,25305
11386,25306
11386,25307
11386,25308
11386,25309
11386,25310
11386,25311
11386,25312
11386,25313
11386,25314
11386,25315
11386,25316
11386,25317
11386,25318
11386,25319
11386,25320
11386,25321
11386,25322
11386,25323
11386,25324
11386,25325
11386,25326
11386,25327
11386,25328
11386,25329
11386,25330
11386,25331
11386,25332
11386,25333
11386,25334
11386,25335
11386,25336
11386,25337
11386,25338
11386,25339
11386,25340
11386,25341
11386,25342
11386,25343
11386,25344
11386,25345
11386,25346
11386,25347
11386,25348
11386,25349
11386,25350
11386,25351
11386,25352
11386,25353
11386,25354
11386,25355
11386,25356
11386,25357
11386,25358
11386,25359
11386,25360
11386,25361
11386,25362
11386,25363
11386,25364
11386,25365
11386,25366
11386,25367
11386,25368
11386,25369
11386,25370
11386,25371
11386,25372
11386,25373
11386,25374
11386,25375
11386,25376
11386,25377
11386,25378
11386,25379
11386,25380
11386,25381
11386,25382
11386,25383
11386,25384
11386,25385
11386,25386
11386,25387
11386,25388
11386,25389
11386,25390
11386,25391
11386,25392
11386,25393
11386,25394
11386,25395
11386,25396
11386,25397
11386,25398
11386,25399
11386,25400
11386,25401
11386,25402
11386,25403
11386,25404
11386,25405
11386,25406
11386,25407
11386,25408
11386,25409
11386,25410
11386,25411
11386,25412
11386,25413
11386,25414
11386,25415
11386,25416
11386,25417
11386,25418
11386,25419
11386,25420
11386,25421
11386,25422
11386,25423
11386,25424
11386,25425
11386,25426
11386,25427
11386,25428
11386,25429
11386,25430
11386,25431
11386,25432
11386,25433
11386,25434
11386,25435
11386,25436
11386,25437
11386,25438
11386,25439
11386,25440
11386,25441
11386,25442
11386,25443
11386,25444
11386,25445
11386,25446
11386,25447
11386,25448
11386,25449
11386,25450
11386,25451
11386,25452
11386,25453
11386,25454
11386,25455
11386,25456
11386,25457
11386,25458
11386,25459
11386,25460
11386,25461
11386,25462
11386,25463
11386,25464
11386,25465
11386,25466
11386,25467
11386,25468
11386,25469
11386,25470
11386,25471
11386,25472
11386,25473
11386,25474
11386,25475
11386,25476
11386,25477
11386,25478
11386,25479
11386,25480
11386,25481
11386,25482
11386,25483
11386,25484
11386,25485
11386,25486
11386,25487
11386,25488
11386,25489
11386,25490
11386,25491
11386,25492
11386,25493
11386,25494
11386,25495
11386,25496
11386,25497
11386,25498
11386,25499
11386,25500
11386,25501
11386,25502
11386,25503
11386,25504
11386,25505
11386,25506
11387,25290
11387,25291
11387,25292
11387,25293
11387,25294
11387,25295
11387,25296
11387,25297
11387,25298
11387,25299
11387,25300
11387,25301
11387,25302
11387,25303
11387,25304
11387,25305
11387,25306
11387,25307
11387,25308
11387,25309
11387,25310
11387,25311
11387,25312
11387,25313
11387,25314
11387,25315
11387,25316
11387,25317
11387,25318
11387,25319
11387,25320
11387,25321
11387,25322
11387,25323
11387,25324
11387,25325
11387,25326
11387,25327
11387,25328
11387,25329
11387,25330
11387,25331
11387,25332
11387,25333
11387,25334
11387,25335
11387,25336
11387,25337
11387,25338
11387,25339
11387,25340
11387,25341
11387,25342
11387,25343
11387,25344
11387,25345
11387,25346
11387,25347
11387,25348
11387,25349
11387,25350
11387,25351
11387,25352
11387,25353
11387,25354
11387,25355
11387,25356
11387,25357
11387,25358
11387,25359
11387,25360
11387,25361
11387,25362
11387,25363
11387,25364
11387,25365
11387,25366
11387,25367
11387,25368
11387,25369
11387,25370
11387,25371
11387,25372
11387,25373
11387,25374
11387,25375
11387,25376
11387,25377
11387,25378
11387,25379
11387,25380
11387,25381
11387,25382
11387,25383
11387,25384
11387,25385
11387,25386
11387,25387
11387,25388
11387,25389
11387,25390
11387,25391
11387,25392
11387,25393
11387,25394
11387,25395
11387,25396
11387,25397
11387,25398
11387,25399
11387,25400
11387,25401
11387,25402
11387,25403
11387,25404
11387,25405
11387,25406
11387,25407
11387,25408
11387,25409
11387,25410
11387,25411
11387,25412
11387,25413
11387,25414
11387,25415
11387,25416
11387,25417
11387,25418
11387,25419
11387,25420
11387,25421
11387,25422
11387,25423
11387,25424
11387,25425
11387,25426
11387,25427
11387,25428
11387,25429
11387,25430
11387,25431
11387,25432
11387,25433
11387,25434
11387,25435
11387,25436
11387,25437
11387,25438
11387,25439
11387,25440
11387,25441
11387,25442
11387,25443
11387,25444
11387,25445
11387,25446
11387,25447
11387,25448
11387,25449
11387,25450
11387,25451
11387,25452
11387,25453
11387,25454
11387,25455
11387,25456
11387,25457
11387,25458
11387,25459
11387,25460
11387,25461
11387,25462
11387,25463
11387,25464
11387,25465
11387,25466
11387,25467
11387,25468
11387,25469
11387,25470
11387,25471
11387,25472
11387,25473
11387,25474
11387,25475
11387,25476
11387,25477
11387,25478
11387,25479
11387,25480
11387,25481
11387,25482
11387,25483
11387,25484
11387,25485
11387,25486
11387,25487
11387,25488
11387,25489
11387,25490
11387,25491
11387,25492
11387,25493
11387,25494
11387,25495
11387,25496
11387,25497
11387,25498
11387,25499
11387,25500
11387,25501
11387,25502
11387,25503
11387,25504
11387,25505
11387,25506
11388,25290
11388,25291
11388,25292
11388,25293
11388,25294
11388,25295
11388,25296
11388,25297
11388,25298
11388,25299
11388,25300
11388,25301
11388,25302
11388,25303
11388,25304
11388,25305
11388,25306
11388,25307
11388,25308
11388,25309
11388,25310
11388,25311
11388,25312
11388,25313
11388,25314
11388,25315
11388,25316
11388,25317
11388,25318
11388,25319
11388,25320
11388,25321
11388,25322
11388,25323
11388,25324
11388,25325
11388,25326
11388,25327
11388,25328
11388,25329
11388,25330
11388,25331
11388,25332
11388,25333
11388,25334
11388,25335
11388,25336
11388,25337
11388,25338
11388,25339
11388,25340
11388,25341
11388,25342
11388,25343
11388,25344
11388,25345
11388,25346
11388,25347
11388,25348
11388,25349
11388,25350
11388,25351
11388,25352
11388,25353
11388,25354
11388,25355
11388,25356
11388,25357
11388,25358
11388,25359
11388,25360
11388,25361
11388,25362
11388,25363
11388,25364
11388,25365
11388,25366
11388,25367
11388,25368
11388,25369
11388,25370
11388,25371
11388,25372
11388,25373
11388,25374
11388,25375
11388,25376
11388,25377
11388,25378
11388,25379
11388,25380
11388,25381
11388,25382
11388,25383
11388,25384
11388,25385
11388,25386
11388,25387
11388,25388
11388,25389
11388,25390
11388,25391
11388,25392
11388,25393
11388,25394
11388,25395
11388,25396
11388,25397
11388,25398
11388,25399
11388,25400
11388,25401
11388,25402
11388,25403
11388,25404
11388,25405
11388,25406
11388,25407
11388,25408
11388,25409
11388,25410
11388,25411
11388,25412
11388,25413
11388,25414
11388,25415
11388,25416
11388,25417
11388,25418
11388,25419
11388,25420
11388,25421
11388,25422
11388,25423
11388,25424
11388,25425
11388,25426
11388,25427
11388,25428
11388,25429
11388,25430
11388,25431
11388,25432
11388,25433
11388,25434
11388,25435
11388,25436
11388,25437
11388,25438
11388,25439
11388,25440
11388,25441
11388,25442
11388,25443
11388,25444
11388,25445
11388,25446
11388,25447
11388,25448
11388,25449
11388,25450
11388,25451
11388,25452
11388,25453
11388,25454
11388,25455
11388,25456
11388,25457
11388,25458
11388,25459
11388,25460
11388,25461
11388,25462
11388,25463
11388,25464
11388,25465
11388,25466
11388,25467
11388,25468
11388,25469
11388,25470
11388,25471
11388,25472
11388,25473
11388,25474
11388,25475
11388,25476
11388,25477
11388,25478
11388,25479
11388,25480
11388,25481
11388,25482
11388,25483
11388,25484
11388,25485
11388,25486
11388,25487
11388,25488
11388,25489
11388,25490
11388,25491
11388,25492
11388,25493
11388,25494
11388,25495
11388,25496
11388,25497
11388,25498
11388,25499
11388,25500
11388,25501
11388,25502
11388,25503
11388,25504
11388,25505
11388,25506
11389,25290
11389,25291
11389,25292
11389,25293
11389,25294
11389,25295
11389,25296
11389,25297
11389,25298
11389,25299
11389,25300
11389,25301
11389,25302
11389,25303
11389,25304
11389,25305
11389,25306
11389,25307
11389,25308
11389,25309
11389,25310
11389,25311
11389,25312
11389,25313
11389,25314
11389,25315
11389,25316
11389,25317
11389,25318
11389,25319
11389,25320
11389,25321
11389,25322
11389,25323
11389,25324
11389,25325
11389,25326
11389,25327
11389,25328
11389,25329
11389,25330
11389,25331
11389,25332
11389,25333
11389,25334
11389,25335
11389,25336
11389,25337
11389,25338
11389,25339
11389,25340
11389,25341
11389,25342
11389,25343
11389,25344
11389,25345
11389,25346
11389,25347
11389,25348
11389,25349
11389,25350
11389,25351
11389,25352
11389,25353
11389,25354
11389,25355
11389,25356
11389,25357
11389,25358
11389,25359
11389,25360
11389,25361
11389,25362
11389,25363
11389,25364
11389,25365
11389,25366
11389,25367
11389,25368
11389,25369
11389,25370
11389,25371
11389,25372
11389,25373
11389,25374
11389,25375
11389,25376
11389,25377
11389,25378
11389,25379
11389,25380
11389,25381
11389,25382
11389,25383
11389,25384
11389,25385
11389,25386
11389,25387
11389,25388
11389,25389
11389,25390
11389,25391
11389,25392
11389,25393
11389,25394
11389,25395
11389,25396
11389,25397
11389,25398
11389,25399
11389,25400
11389,25401
11389,25402
11389,25403
11389,25404
11389,25405
11389,25406
11389,25407
11389,25408
11389,25409
11389,25410
11389,25411
11389,25412
11389,25413
11389,25414
11389,25415
11389,25416
11389,25417
11389,25418
11389,25419
11389,25420
11389,25421
11389,25422
11389,25423
11389,25424
11389,25425
11389,25426
11389,25427
11389,25428
11389,25429
11389,25430
11389,25431
11389,25432
11389,25433
11389,25434
11389,25435
11389,25436
11389,25437
11389,25438
11389,25439
11389,25440
11389,25441
11389,25442
11389,25443
11389,25444
11389,25445
11389,25446
11389,25447
11389,25448
11389,25449
11389,25450
11389,25451
11389,25452
11389,25453
11389,25454
11389,25455
11389,25456
11389,25457
11389,25458
11389,25459
11389,25460
11389,25461
11389,25462
11389,25463
11389,25464
11389,25465
11389,25466
11389,25467
11389,25468
11389,25469
11389,25470
11389,25471
11389,25472
11389,25473
11389,25474
11389,25475
11389,25476
11389,25477
11389,25478
11389,25479
11389,25480
11389,25481
11389,25482
11389,25483
11389,25484
11389,25485
11389,25486
11389,25487
11389,25488
11389,25489
11389,25490
11389,25491
11389,25492
11389,25493
11389,25494
11389,25495
11389,25496
11389,25497
11389,25498
11389,25499
11389,25500
11389,25501
11389,25502
11389,25503
11389,25504
11389,25505
11389,25506
11390,25290
11390,25291
11390,25292
11390,25293
11390,25294
11390,25295
11390,25296
11390,25297
11390,25298
11390,25299
11390,25300
11390,25301
11390,25302
11390,25303
11390,25304
11390,25305
11390,25306
11390,25307
11390,25308
11390,25309
11390,25310
11390,25311
11390,25312
11390,25313
11390,25314
11390,25315
11390,25316
11390,25317
11390,25318
11390,25319
11390,25320
11390,25321
11390,25322
11390,25323
11390,25324
11390,25325
11390,25326
11390,25327
11390,25328
11390,25329
11390,25330
11390,25331
11390,25332
11390,25333
11390,25334
11390,25335
11390,25336
11390,25337
11390,25338
11390,25339
11390,25340
11390,25341
11390,25342
11390,25343
11390,25344
11390,25345
11390,25346
11390,25347
11390,25348
11390,25349
11390,25350
11390,25351
11390,25352
11390,25353
11390,25354
11390,25355
11390,25356
11390,25357
11390,25358
11390,25359
11390,25360
11390,25361
11390,25362
11390,25363
11390,25364
11390,25365
11390,25366
11390,25367
11390,25368
11390,25369
11390,25370
11390,25371
11390,25372
11390,25373
11390,25374
11390,25375
11390,25376
11390,25377
11390,25378
11390,25379
11390,25380
11390,25381
11390,25382
11390,25383
11390,25384
11390,25385
11390,25386
11390,25387
11390,25388
11390,25389
11390,25390
11390,25391
11390,25392
11390,25393
11390,25394
11390,25395
11390,25396
11390,25397
11390,25398
11390,25399
11390,25400
11390,25401
11390,25402
11390,25403
11390,25404
11390,25405
11390,25406
11390,25407
11390,25408
11390,25409
11390,25410
11390,25411
11390,25412
11390,25413
11390,25414
11390,25415
11390,25416
11390,25417
11390,25418
11390,25419
11390,25420
11390,25421
11390,25422
11390,25423
11390,25424
11390,25425
11390,25426
11390,25427
11390,25428
11390,25429
11390,25430
11390,25431
11390,25432
11390,25433
11390,25434
11390,25435
11390,25436
11390,25437
11390,25438
11390,25439
11390,25440
11390,25441
11390,25442
11390,25443
11390,25444
11390,25445
11390,25446
11390,25447
11390,25448
11390,25449
11390,25450
11390,25451
11390,25452
11390,25453
11390,25454
11390,25455
11390,25456
11390,25457
11390,25458
11390,25459
11390,25460
11390,25461
11390,25462
11390,25463
11390,25464
11390,25465
11390,25466
11390,25467
11390,25468
11390,25469
11390,25470
11390,25471
11390,25472
11390,25473
11390,25474
11390,25475
11390,25476
11390,25477
11390,25478
11390,25479
11390,25480
11390,25481
11390,25482
11390,25483
11390,25484
11390,25485
11390,25486
11390,25487
11390,25488
11390,25489
11390,25490
11390,25491
11390,25492
11390,25493
11390,25494
11390,25495
11390,25496
11390,25497
11390,25498
11390,25499
11390,25500
11390,25501
11390,25502
11390,25503
11390,25504
11390,25505
11390,25506
11391,25290
11391,25291
11391,25292
11391,25293
11391,25294
11391,25295
11391,25296
11391,25297
11391,25298
11391,25299
11391,25300
11391,25301
11391,25302
11391,25303
11391,25304
11391,25305
11391,25306
11391,25307
11391,25308
11391,25309
11391,25310
11391,25311
11391,25312
11391,25313
11391,25314
11391,25315
11391,25316
11391,25317
11391,25318
11391,25319
11391,25320
11391,25321
11391,25322
11391,25323
11391,25324
11391,25325
11391,25326
11391,25327
11391,25328
11391,25329
11391,25330
11391,25331
11391,25332
11391,25333
11391,25334
11391,25335
11391,25336
11391,25337
11391,25338
11391,25339
11391,25340
11391,25341
11391,25342
11391,25343
11391,25344
11391,25345
11391,25346
11391,25347
11391,25348
11391,25349
11391,25350
11391,25351
11391,25352
11391,25353
11391,25354
11391,25355
11391,25356
11391,25357
11391,25358
11391,25359
11391,25360
11391,25361
11391,25362
11391,25363
11391,25364
11391,25365
11391,25366
11391,25367
11391,25368
11391,25369
11391,25370
11391,25371
11391,25372
11391,25373
11391,25374
11391,25375
11391,25376
11391,25377
11391,25378
11391,25379
11391,25380
11391,25381
11391,25382
11391,25383
11391,25384
11391,25385
11391,25386
11391,25387
11391,25388
11391,25389
11391,25390
11391,25391
11391,25392
11391,25393
11391,25394
11391,25395
11391,25396
11391,25397
11391,25398
11391,25399
11391,25400
11391,25401
11391,25402
11391,25403
11391,25404
11391,25405
11391,25406
11391,25407
11391,25408
11391,25409
11391,25410
11391,25411
11391,25412
11391,25413
11391,25414
11391,25415
11391,25416
11391,25417
11391,25418
11391,25419
11391,25420
11391,25421
11391,25422
11391,25423
11391,25424
11391,25425
11391,25426
11391,25427
11391,25428
11391,25429
11391,25430
11391,25431
11391,25432
11391,25433
11391,25434
11391,25435
11391,25436
11391,25437
11391,25438
11391,25439
11391,25440
11391,25441
11391,25442
11391,25443
11391,25444
11391,25445
11391,25446
11391,25447
11391,25448
11391,25449
11391,25450
11391,25451
11391,25452
11391,25453
11391,25454
11391,25455
11391,25456
11391,25457
11391,25458
11391,25459
11391,25460
11391,25461
11391,25462
11391,25463
11391,25464
11391,25465
11391,25466
11391,25467
11391,25468
11391,25469
11391,25470
11391,25471
11391,25472
11391,25473
11391,25474
11391,25475
11391,25476
11391,25477
11391,25478
11391,25479
11391,25480
11391,25481
11391,25482
11391,25483
11391,25484
11391,25485
11391,25486
11391,25487
11391,25488
11391,25489
11391,25490
11391,25491
11391,25492
11391,25493
11391,25494
11391,25495
11391,25496
11391,25497
11391,25498
11391,25499
11391,25500
11391,25501
11391,25502
11391,25503
11391,25504
11391,25505
11392,25291
11392,25292
11392,25293
11392,25294
11392,25295
11392,25296
11392,25297
11392,25298
11392,25299
11392,25300
11392,25301
11392,25302
11392,25303
11392,25304
11392,25305
11392,25306
11392,25307
11392,25308
11392,25309
11392,25310
11392,25311
11392,25312
11392,25313
11392,25314
11392,25315
11392,25316
11392,25317
11392,25318
11392,25319
11392,25320
11392,25321
11392,25322
11392,25323
11392,25324
11392,25325
11392,25326
11392,25327
11392,25328
11392,25329
11392,25330
11392,25331
11392,25332
11392,25333
11392,25334
11392,25335
11392,25336
11392,25337
11392,25338
11392,25339
11392,25340
11392,25341
11392,25342
11392,25343
11392,25344
11392,25345
11392,25346
11392,25347
11392,25348
11392,25349
11392,25350
11392,25351
11392,25352
11392,25353
11392,25354
11392,25355
11392,25356
11392,25357
11392,25358
11392,25359
11392,25360
11392,25361
11392,25362
11392,25363
11392,25364
11392,25365
11392,25366
11392,25367
11392,25368
11392,25369
11392,25370
11392,25371
11392,25372
11392,25373
11392,25374
11392,25375
11392,25376
11392,25377
11392,25378
11392,25379
11392,25380
11392,25381
11392,25382
11392,25383
11392,25384
11392,25385
11392,25386
11392,25387
11392,25388
11392,25389
11392,25390
11392,25391
11392,25392
11392,25393
11392,25394
11392,25395
11392,25396
11392,25397
11392,25398
11392,25399
11392,25400
11392,25401
11392,25402
11392,25403
11392,25404
11392,25405
11392,25406
11392,25407
11392,25408
11392,25409
11392,25410
11392,25411
11392,25412
11392,25413
11392,25414
11392,25415
11392,25416
11392,25417
11392,25418
11392,25419
11392,25420
11392,25421
11392,25422
11392,25423
11392,25424
11392,25425
11392,25426
11392,25427
11392,25428
11392,25429
11392,25430
11392,25431
11392,25432
11392,25433
11392,25434
11392,25435
11392,25436
11392,25437
11392,25438
11392,25439
11392,25440
11392,25441
11392,25442
11392,25443
11392,25444
11392,25445
11392,25446
11392,25447
11392,25448
11392,25449
11392,25450
11392,25451
11392,25452
11392,25453
11392,25454
11392,25455
11392,25456
11392,25457
11392,25458
11392,25459
11392,25460
11392,25461
11392,25462
11392,25463
11392,25464
11392,25465
11392,25466
11392,25467
11392,25468
11392,25469
11392,25470
11392,25471
11392,25472
11392,25473
11392,25474
11392,25475
11392,25476
11392,25477
11392,25478
11392,25479
11392,25480
11392,25481
11392,25482
11392,25483
11392,25484
11392,25485
11392,25486
11392,25487
11392,25488
11392,25489
11392,25490
11392,25491
11392,25492
11392,25493
11392,25494
11392,25495
11392,25496
11392,25497
11392,25498
11392,25499
11392,25500
11392,25501
11392,25502
11392,25503
11392,25504
11392,25505
11393,25290
11393,25291
11393,25292
11393,25293
11393,25294
11393,25295
11393,25296
11393,25297
11393,25298
11393,25299
11393,25300
11393,25301
11393,25302
11393,25303
11393,25304
11393,25305
11393,25306
11393,25307
11393,25308
11393,25309
11393,25310
11393,25311
11393,25312
11393,25313
11393,25314
11393,25315
11393,25316
11393,25317
11393,25318
11393,25319
11393,25320
11393,25321
11393,25322
11393,25323
11393,25324
11393,25325
11393,25326
11393,25327
11393,25328
11393,25329
11393,25330
11393,25331
11393,25332
11393,25333
11393,25334
11393,25335
11393,25336
11393,25337
11393,25338
11393,25339
11393,25340
11393,25341
11393,25342
11393,25343
11393,25344
11393,25345
11393,25346
11393,25347
11393,25348
11393,25349
11393,25350
11393,25351
11393,25352
11393,25353
11393,25354
11393,25355
11393,25356
11393,25357
11393,25358
11393,25359
11393,25360
11393,25361
11393,25362
11393,25363
11393,25364
11393,25365
11393,25366
11393,25367
11393,25368
11393,25369
11393,25370
11393,25371
11393,25372
11393,25373
11393,25374
11393,25375
11393,25376
11393,25377
11393,25378
11393,25379
11393,25380
11393,25381
11393,25382
11393,25383
11393,25384
11393,25385
11393,25386
11393,25387
11393,25388
11393,25389
11393,25390
11393,25391
11393,25392
11393,25393
11393,25394
11393,25395
11393,25396
11393,25397
11393,25398
11393,25399
11393,25400
11393,25401
11393,25402
11393,25403
11393,25404
11393,25405
11393,25406
11393,25407
11393,25408
11393,25409
11393,25410
11393,25411
11393,25412
11393,25413
11393,25414
11393,25415
11393,25416
11393,25417
11393,25418
11393,25419
11393,25420
11393,25421
11393,25422
11393,25423
11393,25424
11393,25425
11393,25426
11393,25427
11393,25428
11393,25429
11393,25430
11393,25431
11393,25432
11393,25433
11393,25434
11393,25435
11393,25436
11393,25437
11393,25438
11393,25439
11393,25440
11393,25441
11393,25442
11393,25443
11393,25444
11393,25445
11393,25446
11393,25447
11393,25448
11393,25449
11393,25450
11393,25451
11393,25452
11393,25453
11393,25454
11393,25455
11393,25456
11393,25457
11393,25458
11393,25459
11393,25460
11393,25461
11393,25462
11393,25463
11393,25464
11393,25465
11393,25466
11393,25467
11393,25468
11393,25469
11393,25470
11393,25471
11393,25472
11393,25473
11393,25474
11393,25475
11393,25476
11393,25477
11393,25478
11393,25479
11393,25480
11393,25481
11393,25482
11393,25483
11393,25484
11393,25485
11393,25486
11393,25487
11393,25488
11393,25489
11393,25490
11393,25491
11393,25492
11393,25493
11393,25494
11393,25495
11393,25496
11393,25497
11393,25498
11393,25499
11393,25500
11393,25501
11393,25502
11393,25503
11393,25504
11393,25505
11394,25289
11394,25290
11394,25291
11394,25292
11394,25293
11394,25294
11394,25295
11394,25296
11394,25297
11394,25298
11394,25299
11394,25300
11394,25301
11394,25302
11394,25303
11394,25304
11394,25305
11394,25306
11394,25307
11394,25308
11394,25309
11394,25310
11394,25311
11394,25312
11394,25313
11394,25314
11394,25315
11394,25316
11394,25317
11394,25318
11394,25319
11394,25320
11394,25321
11394,25322
11394,25323
11394,25324
11394,25325
11394,25326
11394,25327
11394,25328
11394,25329
11394,25330
11394,25331
11394,25332
11394,25333
11394,25334
11394,25335
11394,25336
11394,25337
11394,25338
11394,25339
11394,25340
11394,25341
11394,25342
11394,25343
11394,25344
11394,25345
11394,25346
11394,25347
11394,25348
11394,25349
11394,25350
11394,25351
11394,25352
11394,25353
11394,25354
11394,25355
11394,25356
11394,25357
11394,25358
11394,25359
11394,25360
11394,25361
11394,25362
11394,25363
11394,25364
11394,25365
11394,25366
11394,25367
11394,25368
11394,25369
11394,25370
11394,25371
11394,25372
11394,25373
11394,25374
11394,25375
11394,25376
11394,25377
11394,25378
11394,25379
11394,25380
11394,25381
11394,25382
11394,25383
11394,25384
11394,25385
11394,25386
11394,25387
11394,25388
11394,25389
11394,25390
11394,25391
11394,25392
11394,25393
11394,25394
11394,25395
11394,25396
11394,25397
11394,25398
11394,25399
11394,25400
11394,25401
11394,25402
11394,25403
11394,25404
11394,25405
11394,25406
11394,25407
11394,25408
11394,25409
11394,25410
11394,25411
11394,25412
11394,25413
11394,25414
11394,25415
11394,25416
11394,25417
11394,25418
11394,25419
11394,25420
11394,25421
11394,25422
11394,25423
11394,25424
11394,25425
11394,25426
11394,25427
11394,25428
11394,25429
11394,25430
11394,25431
11394,25432
11394,25433
11394,25434
11394,25435
11394,25436
11394,25437
11394,25438
11394,25439
11394,25440
11394,25441
11394,25442
11394,25443
11394,25444
11394,25445
11394,25446
11394,25447
11394,25448
11394,25449
11394,25450
11394,25451
11394,25452
11394,25453
11394,25454
11394,25455
11394,25456
11394,25457
11394,25458
11394,25459
11394,25460
11394,25461
11394,25462
11394,25463
11394,25464
11394,25465
11394,25466
11394,25467
11394,25468
11394,25469
11394,25470
11394,25471
11394,25472
11394,25473
11394,25474
11394,25475
11394,25476
11394,25477
11394,25478
11394,25479
11394,25480
11394,25481
11394,25482
11394,25483
11394,25484
11394,25485
11394,25486
11394,25487
11394,25488
11394,25489
11394,25490
11394,25491
11394,25492
11394,25493
11394,25494
11394,25495
11394,25496
11394,25497
11394,25498
11394,25499
11394,25500
11394,25501
11394,25502
11394,25503
11394,25504
11394,25505
11395,25289
11395,25290
11395,25291
11395,25292
11395,25293
11395,25294
11395,25295
11395,25296
11395,25297
11395,25298
11395,25299
11395,25300
11395,25301
11395,25302
11395,25303
11395,25304
11395,25305
11395,25306
11395,25307
11395,25308
11395,25309
11395,25310
11395,25311
11395,25312
11395,25313
11395,25314
11395,25315
11395,25316
11395,25317
11395,25318
11395,25319
11395,25320
11395,25321
11395,25322
11395,25323
11395,25324
11395,25325
11395,25326
11395,25327
11395,25328
11395,25329
11395,25330
11395,25331
11395,25332
11395,25333
11395,25334
11395,25335
11395,25336
11395,25337
11395,25338
11395,25339
11395,25340
11395,25341
11395,25342
11395,25343
11395,25344
11395,25345
11395,25346
11395,25347
11395,25348
11395,25349
11395,25350
11395,25351
11395,25352
11395,25353
11395,25354
11395,25355
11395,25356
11395,25357
11395,25358
11395,25359
11395,25360
11395,25361
11395,25362
11395,25363
11395,25364
11395,25365
11395,25366
11395,25367
11395,25368
11395,25369
11395,25370
11395,25371
11395,25372
11395,25373
11395,25374
11395,25375
11395,25376
11395,25377
11395,25378
11395,25379
11395,25380
11395,25381
11395,25382
11395,25383
11395,25384
11395,25385
11395,25386
11395,25387
11395,25388
11395,25389
11395,25390
11395,25391
11395,25392
11395,25393
11395,25394
11395,25395
11395,25396
11395,25397
11395,25398
11395,25399
11395,25400
11395,25401
11395,25402
11395,25403
11395,25404
11395,25405
11395,25406
11395,25407
11395,25408
11395,25409
11395,25410
11395,25411
11395,25412
11395,25413
11395,25414
11395,25415
11395,25416
11395,25417
11395,25418
11395,25419
11395,25420
11395,25421
11395,25422
11395,25423
11395,25424
11395,25425
11395,25426
11395,25427
11395,25428
11395,25429
11395,25430
11395,25431
11395,25432
11395,25433
11395,25434
11395,25435
11395,25436
11395,25437
11395,25438
11395,25439
11395,25440
11395,25441
11395,25442
11395,25443
11395,25444
11395,25445
11395,25446
11395,25447
11395,25448
11395,25449
11395,25450
11395,25451
11395,25452
11395,25453
11395,25454
11395,25455
11395,25456
11395,25457
11395,25458
11395,25459
11395,25460
11395,25461
11395,25462
11395,25463
11395,25464
11395,25465
11395,25466
11395,25467
11395,25468
11395,25469
11395,25470
11395,25471
11395,25472
11395,25473
11395,25474
11395,25475
11395,25476
11395,25477
11395,25478
11395,25479
11395,25480
11395,25481
11395,25482
11395,25483
11395,25484
11395,25485
11395,25486
11395,25487
11395,25488
11395,25489
11395,25490
11395,25491
11395,25492
11395,25493
11395,25494
11395,25495
11395,25496
11395,25497
11395,25498
11395,25499
11395,25500
11395,25501
11395,25502
11395,25503
11395,25504
11395,25505
11396,25289
11396,25290
11396,25291
11396,25292
11396,25293
11396,25294
11396,25295
11396,25296
11396,25297
11396,25298
11396,25299
11396,25300
11396,25301
11396,25302
11396,25303
11396,25304
11396,25305
11396,25306
11396,25307
11396,25308
11396,25309
11396,25310
11396,25311
11396,25312
11396,25313
11396,25314
11396,25315
11396,25316
11396,25317
11396,25318
11396,25319
11396,25320
11396,25321
11396,25322
11396,25323
11396,25324
11396,25325
11396,25326
11396,25327
11396,25328
11396,25329
11396,25330
11396,25331
11396,25332
11396,25333
11396,25334
11396,25335
11396,25336
11396,25337
11396,25338
11396,25339
11396,25340
11396,25341
11396,25342
11396,25343
11396,25344
11396,25345
11396,25346
11396,25347
11396,25348
11396,25349
11396,25350
11396,25351
11396,25352
11396,25353
11396,25354
11396,25355
11396,25356
11396,25357
11396,25358
11396,25359
11396,25360
11396,25361
11396,25362
11396,25363
11396,25364
11396,25365
11396,25366
11396,25367
11396,25368
11396,25369
11396,25370
11396,25371
11396,25372
11396,25373
11396,25374
11396,25375
11396,25376
11396,25377
11396,25378
11396,25379
11396,25380
11396,25381
11396,25382
11396,25383
11396,25384
11396,25385
11396,25386
11396,25387
11396,25388
11396,25389
11396,25390
11396,25391
11396,25392
11396,25393
11396,25394
11396,25395
11396,25396
11396,25397
11396,25398
11396,25399
11396,25400
11396,25401
11396,25402
11396,25403
11396,25404
11396,25405
11396,25406
11396,25407
11396,25408
11396,25409
11396,25410
11396,25411
11396,25412
11396,25413
11396,25414
11396,25415
11396,25416
11396,25417
11396,25418
11396,25419
11396,25420
11396,25421
11396,25422
11396,25423
11396,25424
11396,25425
11396,25426
11396,25427
11396,25428
11396,25429
11396,25430
11396,25431
11396,25432
11396,25433
11396,25434
11396,25435
11396,25436
11396,25437
11396,25438
11396,25439
11396,25440
11396,25441
11396,25442
11396,25443
11396,25444
11396,25445
11396,25446
11396,25447
11396,25448
11396,25449
11396,25450
11396,25451
11396,25452
11396,25453
11396,25454
11396,25455
11396,25456
11396,25457
11396,25458
11396,25459
11396,25460
11396,25461
11396,25462
11396,25463
11396,25464
11396,25465
11396,25466
11396,25467
11396,25468
11396,25469
11396,25470
11396,25471
11396,25472
11396,25473
11396,25474
11396,25475
11396,25476
11396,25477
11396,25478
11396,25479
11396,25480
11396,25481
11396,25482
11396,25483
11396,25484
11396,25485
11396,25486
11396,25487
11396,25488
11396,25489
11396,25490
11396,25491
11396,25492
11396,25493
11396,25494
11396,25495
11396,25496
11396,25497
11396,25498
11396,25499
11396,25500
11396,25501
11396,25502
11396,25503
11396,25504
11397,25288
11397,25289
11397,25290
11397,25291
11397,25292
11397,25293
11397,25294
11397,25295
11397,25296
11397,25297
11397,25298
11397,25299
11397,25300
11397,25301
11397,25302
11397,25303
11397,25304
11397,25305
11397,25306
11397,25307
11397,25308
11397,25309
11397,25310
11397,25311
11397,25312
11397,25313
11397,25314
11397,25315
11397,25316
11397,25317
11397,25318
11397,25319
11397,25320
11397,25321
11397,25322
11397,25323
11397,25324
11397,25325
11397,25326
11397,25327
11397,25328
11397,25329
11397,25330
11397,25331
11397,25332
11397,25333
11397,25334
11397,25335
11397,25336
11397,25337
11397,25338
11397,25339
11397,25340
11397,25341
11397,25342
11397,25343
11397,25344
11397,25345
11397,25346
11397,25347
11397,25348
11397,25349
11397,25350
11397,25351
11397,25352
11397,25353
11397,25354
11397,25355
11397,25356
11397,25357
11397,25358
11397,25359
11397,25360
11397,25361
11397,25362
11397,25363
11397,25364
11397,25365
11397,25366
11397,25367
11397,25368
11397,25369
11397,25370
11397,25371
11397,25372
11397,25373
11397,25374
11397,25375
11397,25376
11397,25377
11397,25378
11397,25379
11397,25380
11397,25381
11397,25382
11397,25383
11397,25384
11397,25385
11397,25386
11397,25387
11397,25388
11397,25389
11397,25390
11397,25391
11397,25392
11397,25393
11397,25394
11397,25395
11397,25396
11397,25397
11397,25398
11397,25399
11397,25400
11397,25401
11397,25402
11397,25403
11397,25404
11397,25405
11397,25406
11397,25407
11397,25408
11397,25409
11397,25410
11397,25411
11397,25412
11397,25413
11397,25414
11397,25415
11397,25416
11397,25417
11397,25418
11397,25419
11397,25420
11397,25421
11397,25422
11397,25423
11397,25424
11397,25425
11397,25426
11397,25427
11397,25428
11397,25429
11397,25430
11397,25431
11397,25432
11397,25433
11397,25434
11397,25435
11397,25436
11397,25437
11397,25438
11397,25439
11397,25440
11397,25441
11397,25442
11397,25443
11397,25444
11397,25445
11397,25446
11397,25447
11397,25448
11397,25449
11397,25450
11397,25451
11397,25452
11397,25453
11397,25454
11397,25455
11397,25456
11397,25457
11397,25458
11397,25459
11397,25460
11397,25461
11397,25462
11397,25463
11397,25464
11397,25465
11397,25466
11397,25467
11397,25468
11397,25469
11397,25470
11397,25471
11397,25472
11397,25473
11397,25474
11397,25475
11397,25476
11397,25477
11397,25478
11397,25479
11397,25480
11397,25481
11397,25482
11397,25483
11397,25484
11397,25485
11397,25486
11397,25487
11397,25488
11397,25489
11397,25490
11397,25491
11397,25492
11397,25493
11397,25494
11397,25495
11397,25496
11397,25497
11397,25498
11397,25499
11397,25500
11397,25501
11397,25502
11397,25503
11397,25504
11398,25289
11398,25290
11398,25291
11398,25292
11398,25293
11398,25294
11398,25295
11398,25296
11398,25297
11398,25298
11398,25299
11398,25300
11398,25301
11398,25302
11398,25303
11398,25304
11398,25305
11398,25306
11398,25307
11398,25308
11398,25309
11398,25310
11398,25311
11398,25312
11398,25313
11398,25314
11398,25315
11398,25316
11398,25317
11398,25318
11398,25319
11398,25320
11398,25321
11398,25322
11398,25323
11398,25324
11398,25325
11398,25326
11398,25327
11398,25328
11398,25329
11398,25330
11398,25331
11398,25332
11398,25333
11398,25334
11398,25335
11398,25336
11398,25337
11398,25338
11398,25339
11398,25340
11398,25341
11398,25342
11398,25343
11398,25344
11398,25345
11398,25346
11398,25347
11398,25348
11398,25349
11398,25350
11398,25351
11398,25352
11398,25353
11398,25354
11398,25355
11398,25356
11398,25357
11398,25358
11398,25359
11398,25360
11398,25361
11398,25362
11398,25363
11398,25364
11398,25365
11398,25366
11398,25367
11398,25368
11398,25369
11398,25370
11398,25371
11398,25372
11398,25373
11398,25374
11398,25375
11398,25376
11398,25377
11398,25378
11398,25379
11398,25380
11398,25381
11398,25382
11398,25383
11398,25384
11398,25385
11398,25386
11398,25387
11398,25388
11398,25389
11398,25390
11398,25391
11398,25392
11398,25393
11398,25394
11398,25395
11398,25396
11398,25397
11398,25398
11398,25399
11398,25400
11398,25401
11398,25402
11398,25403
11398,25404
11398,25405
11398,25406
11398,25407
11398,25408
11398,25409
11398,25410
11398,25411
11398,25412
11398,25413
11398,25414
11398,25415
11398,25416
11398,25417
11398,25418
11398,25419
11398,25420
11398,25421
11398,25422
11398,25423
11398,25424
11398,25425
11398,25426
11398,25427
11398,25428
11398,25429
11398,25430
11398,25431
11398,25432
11398,25433
11398,25434
11398,25435
11398,25436
11398,25437
11398,25438
11398,25439
11398,25440
11398,25441
11398,25442
11398,25443
11398,25444
11398,25445
11398,25446
11398,25447
11398,25448
11398,25449
11398,25450
11398,25451
11398,25452
11398,25453
11398,25454
11398,25455
11398,25456
11398,25457
11398,25458
11398,25459
11398,25460
11398,25461
11398,25462
11398,25463
11398,25464
11398,25465
11398,25466
11398,25467
11398,25468
11398,25469
11398,25470
11398,25471
11398,25472
11398,25473
11398,25474
11398,25475
11398,25476
11398,25477
11398,25478
11398,25479
11398,25480
11398,25481
11398,25482
11398,25483
11398,25484
11398,25485
11398,25486
11398,25487
11398,25488
11398,25489
11398,25490
11398,25491
11398,25492
11398,25493
11398,25494
11398,25495
11398,25496
11398,25497
11398,25498
11398,25499
11398,25500
11398,25501
11398,25502
11398,25503
11398,25504
11399,25289
11399,25290
11399,25291
11399,25292
11399,25293
11399,25294
11399,25295
11399,25296
11399,25297
11399,25298
11399,25299
11399,25300
11399,25301
11399,25302
11399,25303
11399,25304
11399,25305
11399,25306
11399,25307
11399,25308
11399,25309
11399,25310
11399,25311
11399,25312
11399,25313
11399,25314
11399,25315
11399,25316
11399,25317
11399,25318
11399,25319
11399,25320
11399,25321
11399,25322
11399,25323
11399,25324
11399,25325
11399,25326
11399,25327
11399,25328
11399,25329
11399,25330
11399,25331
11399,25332
11399,25333
11399,25334
11399,25335
11399,25336
11399,25337
11399,25338
11399,25339
11399,25340
11399,25341
11399,25342
11399,25343
11399,25344
11399,25345
11399,25346
11399,25347
11399,25348
11399,25349
11399,25350
11399,25351
11399,25352
11399,25353
11399,25354
11399,25355
11399,25356
11399,25357
11399,25358
11399,25359
11399,25360
11399,25361
11399,25362
11399,25363
11399,25364
11399,25365
11399,25366
11399,25367
11399,25368
11399,25369
11399,25370
11399,25371
11399,25372
11399,25373
11399,25374
11399,25375
11399,25376
11399,25377
11399,25378
11399,25379
11399,25380
11399,25381
11399,25382
11399,25383
11399,25384
11399,25385
11399,25386
11399,25387
11399,25388
11399,25389
11399,25390
11399,25391
11399,25392
11399,25393
11399,25394
11399,25395
11399,25396
11399,25397
11399,25398
11399,25399
11399,25400
11399,25401
11399,25402
11399,25403
11399,25404
11399,25405
11399,25406
11399,25407
11399,25408
11399,25409
11399,25410
11399,25411
11399,25412
11399,25413
11399,25414
11399,25415
11399,25416
11399,25417
11399,25418
11399,25419
11399,25420
11399,25421
11399,25422
11399,25423
11399,25424
11399,25425
11399,25426
11399,25427
11399,25428
11399,25429
11399,25430
11399,25431
11399,25432
11399,25433
11399,25434
11399,25435
11399,25436
11399,25437
11399,25438
11399,25439
11399,25440
11399,25441
11399,25442
11399,25443
11399,25444
11399,25445
11399,25446
11399,25447
11399,25448
11399,25449
11399,25450
11399,25451
11399,25452
11399,25453
11399,25454
11399,25455
11399,25456
11399,25457
11399,25458
11399,25459
11399,25460
11399,25461
11399,25462
11399,25463
11399,25464
11399,25465
11399,25466
11399,25467
11399,25468
11399,25469
11399,25470
11399,25471
11399,25472
11399,25473
11399,25474
11399,25475
11399,25476
11399,25477
11399,25478
11399,25479
11399,25480
11399,25481
11399,25482
11399,25483
11399,25484
11399,25485
11399,25486
11399,25487
11399,25488
11399,25489
11399,25490
11399,25491
11399,25492
11399,25493
11399,25494
11399,25495
11399,25496
11399,25497
11399,25498
11399,25499
11399,25500
11399,25501
11399,25502
11399,25503
11400,25289
11400,25290
11400,25291
11400,25292
11400,25293
11400,25294
11400,25295
11400,25296
11400,25297
11400,25298
11400,25299
11400,25300
11400,25301
11400,25302
11400,25303
11400,25304
11400,25305
11400,25306
11400,25307
11400,25308
11400,25309
11400,25310
11400,25311
11400,25312
11400,25313
11400,25314
11400,25315
11400,25316
11400,25317
11400,25318
11400,25319
11400,25320
11400,25321
11400,25322
11400,25323
11400,25324
11400,25325
11400,25326
11400,25327
11400,25328
11400,25329
11400,25330
11400,25331
11400,25332
11400,25333
11400,25334
11400,25335
11400,25336
11400,25337
11400,25338
11400,25339
11400,25340
11400,25341
11400,25342
11400,25343
11400,25344
11400,25345
11400,25346
11400,25347
11400,25348
11400,25349
11400,25350
11400,25351
11400,25352
11400,25353
11400,25354
11400,25355
11400,25356
11400,25357
11400,25358
11400,25359
11400,25360
11400,25361
11400,25362
11400,25363
11400,25364
11400,25365
11400,25366
11400,25367
11400,25368
11400,25369
11400,25370
11400,25371
11400,25372
11400,25373
11400,25374
11400,25375
11400,25376
11400,25377
11400,25378
11400,25379
11400,25380
11400,25381
11400,25382
11400,25383
11400,25384
11400,25385
11400,25386
11400,25387
11400,25388
11400,25389
11400,25390
11400,25391
11400,25392
11400,25393
11400,25394
11400,25395
11400,25396
11400,25397
11400,25398
11400,25399
11400,25400
11400,25401
11400,25402
11400,25403
11400,25404
11400,25405
11400,25406
11400,25407
11400,25408
11400,25409
11400,25410
11400,25411
11400,25412
11400,25413
11400,25414
11400,25415
11400,25416
11400,25417
11400,25418
11400,25419
11400,25420
11400,25421
11400,25422
11400,25423
11400,25424
11400,25425
11400,25426
11400,25427
11400,25428
11400,25429
11400,25430
11400,25431
11400,25432
11400,25433
11400,25434
11400,25435
11400,25436
11400,25437
11400,25438
11400,25439
11400,25440
11400,25441
11400,25442
11400,25443
11400,25444
11400,25445
11400,25446
11400,25447
11400,25448
11400,25449
11400,25450
11400,25451
11400,25452
11400,25453
11400,25454
11400,25455
11400,25456
11400,25457
11400,25458
11400,25459
11400,25460
11400,25461
11400,25462
11400,25463
11400,25464
11400,25465
11400,25466
11400,25467
11400,25468
11400,25469
11400,25470
11400,25471
11400,25472
11400,25473
11400,25474
11400,25475
11400,25476
11400,25477
11400,25478
11400,25479
11400,25480
11400,25481
11400,25482
11400,25483
11400,25484
11400,25485
11400,25486
11400,25487
11400,25488
11400,25489
11400,25490
11400,25491
11400,25492
11400,25493
11400,25494
11400,25495
11400,25496
11400,25497
11400,25498
11400,25499
11400,25500
11400,25501
11400,25502
11400,25503
11401,25290
11401,25291
11401,25292
11401,25293
11401,25294
11401,25295
11401,25296
11401,25297
11401,25298
11401,25299
11401,25300
11401,25301
11401,25302
11401,25303
11401,25304
11401,25305
11401,25306
11401,25307
11401,25308
11401,25309
11401,25310
11401,25311
11401,25312
11401,25313
11401,25314
11401,25315
11401,25316
11401,25317
11401,25318
11401,25319
11401,25320
11401,25321
11401,25322
11401,25323
11401,25324
11401,25325
11401,25326
11401,25327
11401,25328
11401,25329
11401,25330
11401,25331
11401,25332
11401,25333
11401,25334
11401,25335
11401,25336
11401,25337
11401,25338
11401,25339
11401,25340
11401,25341
11401,25342
11401,25343
11401,25344
11401,25345
11401,25346
11401,25347
11401,25348
11401,25349
11401,25350
11401,25351
11401,25352
11401,25353
11401,25354
11401,25355
11401,25356
11401,25357
11401,25358
11401,25359
11401,25360
11401,25361
11401,25362
11401,25363
11401,25364
11401,25365
11401,25366
11401,25367
11401,25368
11401,25369
11401,25370
11401,25371
11401,25372
11401,25373
11401,25374
11401,25375
11401,25376
11401,25377
11401,25378
11401,25379
11401,25380
11401,25381
11401,25382
11401,25383
11401,25384
11401,25385
11401,25386
11401,25387
11401,25388
11401,25389
11401,25390
11401,25391
11401,25392
11401,25393
11401,25394
11401,25395
11401,25396
11401,25397
11401,25398
11401,25399
11401,25400
11401,25401
11401,25402
11401,25403
11401,25404
11401,25405
11401,25406
11401,25407
11401,25408
11401,25409
11401,25410
11401,25411
11401,25412
11401,25413
11401,25414
11401,25415
11401,25416
11401,25417
11401,25418
11401,25419
11401,25420
11401,25421
11401,25422
11401,25423
11401,25424
11401,25425
11401,25426
11401,25427
11401,25428
11401,25429
11401,25430
11401,25431
11401,25432
11401,25433
11401,25434
11401,25435
11401,25436
11401,25437
11401,25438
11401,25439
11401,25440
11401,25441
11401,25442
11401,25443
11401,25444
11401,25445
11401,25446
11401,25447
11401,25448
11401,25449
11401,25450
11401,25451
11401,25452
11401,25453
11401,25454
11401,25455
11401,25456
11401,25457
11401,25458
11401,25459
11401,25460
11401,25461
11401,25462
11401,25463
11401,25464
11401,25465
11401,25466
11401,25467
11401,25468
11401,25469
11401,25470
11401,25471
11401,25472
11401,25473
11401,25474
11401,25475
11401,25476
11401,25477
11401,25478
11401,25479
11401,25480
11401,25481
11401,25482
11401,25483
11401,25484
11401,25485
11401,25486
11401,25487
11401,25488
11401,25489
11401,25490
11401,25491
11401,25492
11401,25493
11401,25494
11401,25495
11401,25496
11401,25497
11401,25498
11401,25499
11401,25500
11401,25501
11401,25502
11401,25503
11402,25290
11402,25291
11402,25292
11402,25293
11402,25294
11402,25295
11402,25296
11402,25297
11402,25298
11402,25299
11402,25300
11402,25301
11402,25302
11402,25303
11402,25304
11402,25305
11402,25306
11402,25307
11402,25308
11402,25309
11402,25310
11402,25311
11402,25312
11402,25313
11402,25314
11402,25315
11402,25316
11402,25317
11402,25318
11402,25319
11402,25320
11402,25321
11402,25322
11402,25323
11402,25324
11402,25325
11402,25326
11402,25327
11402,25328
11402,25329
11402,25330
11402,25331
11402,25332
11402,25333
11402,25334
11402,25335
11402,25336
11402,25337
11402,25338
11402,25339
11402,25340
11402,25341
11402,25342
11402,25343
11402,25344
11402,25345
11402,25346
11402,25347
11402,25348
11402,25349
11402,25350
11402,25351
11402,25352
11402,25353
11402,25354
11402,25355
11402,25356
11402,25357
11402,25358
11402,25359
11402,25360
11402,25361
11402,25362
11402,25363
11402,25364
11402,25365
11402,25366
11402,25367
11402,25368
11402,25369
11402,25370
11402,25371
11402,25372
11402,25373
11402,25374
11402,25375
11402,25376
11402,25377
11402,25378
11402,25379
11402,25380
11402,25381
11402,25382
11402,25383
11402,25384
11402,25385
11402,25386
11402,25387
11402,25388
11402,25389
11402,25390
11402,25391
11402,25392
11402,25393
11402,25394
11402,25395
11402,25396
11402,25397
11402,25398
11402,25399
11402,25400
11402,25401
11402,25402
11402,25403
11402,25404
11402,25405
11402,25406
11402,25407
11402,25408
11402,25409
11402,25410
11402,25411
11402,25412
11402,25413
11402,25414
11402,25415
11402,25416
11402,25417
11402,25418
11402,25419
11402,25420
11402,25421
11402,25422
11402,25423
11402,25424
11402,25425
11402,25426
11402,25427
11402,25428
11402,25429
11402,25430
11402,25431
11402,25432
11402,25433
11402,25434
11402,25435
11402,25436
11402,25437
11402,25438
11402,25439
11402,25440
11402,25441
11402,25442
11402,25443
11402,25444
11402,25445
11402,25446
11402,25447
11402,25448
11402,25449
11402,25450
11402,25451
11402,25452
11402,25453
11402,25454
11402,25455
11402,25456
11402,25457
11402,25458
11402,25459
11402,25460
11402,25461
11402,25462
11402,25463
11402,25464
11402,25465
11402,25466
11402,25467
11402,25468
11402,25469
11402,25470
11402,25471
11402,25472
11402,25473
11402,25474
11402,25475
11402,25476
11402,25477
11402,25478
11402,25479
11402,25480
11402,25481
11402,25482
11402,25483
11402,25484
11402,25485
11402,25486
11402,25487
11402,25488
11402,25489
11402,25490
11402,25491
11402,25492
11402,25493
11402,25494
11402,25495
11402,25496
11402,25497
11402,25498
11402,25499
11402,25500
11402,25501
11402,25502
11402,25503
11403,25290
11403,25291
11403,25292
11403,25293
11403,25294
11403,25295
11403,25296
11403,25297
11403,25298
11403,25299
11403,25300
11403,25301
11403,25302
11403,25303
11403,25304
11403,25305
11403,25306
11403,25307
11403,25308
11403,25309
11403,25310
11403,25311
11403,25312
11403,25313
11403,25314
11403,25315
11403,25316
11403,25317
11403,25318
11403,25319
11403,25320
11403,25321
11403,25322
11403,25323
11403,25324
11403,25325
11403,25326
11403,25327
11403,25328
11403,25329
11403,25330
11403,25331
11403,25332
11403,25333
11403,25334
11403,25335
11403,25336
11403,25337
11403,25338
11403,25339
11403,25340
11403,25341
11403,25342
11403,25343
11403,25344
11403,25345
11403,25346
11403,25347
11403,25348
11403,25349
11403,25350
11403,25351
11403,25352
11403,25353
11403,25354
11403,25355
11403,25356
11403,25357
11403,25358
11403,25359
11403,25360
11403,25361
11403,25362
11403,25363
11403,25364
11403,25365
11403,25366
11403,25367
11403,25368
11403,25369
11403,25370
11403,25371
11403,25372
11403,25373
11403,25374
11403,25375
11403,25376
11403,25377
11403,25378
11403,25379
11403,25380
11403,25381
11403,25382
11403,25383
11403,25384
11403,25385
11403,25386
11403,25387
11403,25388
11403,25389
11403,25390
11403,25391
11403,25392
11403,25393
11403,25394
11403,25395
11403,25396
11403,25397
11403,25398
11403,25399
11403,25400
11403,25401
11403,25402
11403,25403
11403,25404
11403,25405
11403,25406
11403,25407
11403,25408
11403,25409
11403,25410
11403,25411
11403,25412
11403,25413
11403,25414
11403,25415
11403,25416
11403,25417
11403,25418
11403,25419
11403,25420
11403,25421
11403,25422
11403,25423
11403,25424
11403,25425
11403,25426
11403,25427
11403,25428
11403,25429
11403,25430
11403,25431
11403,25432
11403,25433
11403,25434
11403,25435
11403,25436
11403,25437
11403,25438
11403,25439
11403,25440
11403,25441
11403,25442
11403,25443
11403,25444
11403,25445
11403,25446
11403,25447
11403,25448
11403,25449
11403,25450
11403,25451
11403,25452
11403,25453
11403,25454
11403,25455
11403,25456
11403,25457
11403,25458
11403,25459
11403,25460
11403,25461
11403,25462
11403,25463
11403,25464
11403,25465
11403,25466
11403,25467
11403,25468
11403,25469
11403,25470
11403,25471
11403,25472
11403,25473
11403,25474
11403,25475
11403,25476
11403,25477
11403,25478
11403,25479
11403,25480
11403,25481
11403,25482
11403,25483
11403,25484
11403,25485
11403,25486
11403,25487
11403,25488
11403,25489
11403,25490
11403,25491
11403,25492
11403,25493
11403,25494
11403,25495
11403,25496
11403,25497
11403,25498
11403,25499
11403,25500
11403,25501
11403,25502
11404,25291
11404,25292
11404,25293
11404,25294
11404,25295
11404,25296
11404,25297
11404,25298
11404,25299
11404,25300
11404,25301
11404,25302
11404,25303
11404,25304
11404,25305
11404,25306
11404,25307
11404,25308
11404,25309
11404,25311
11404,25314
11404,25315
11404,25316
11404,25317
11404,25318
11404,25319
11404,25320
11404,25321
11404,25322
11404,25323
11404,25324
11404,25325
11404,25326
11404,25327
11404,25328
11404,25329
11404,25330
11404,25331
11404,25332
11404,25333
11404,25334
11404,25335
11404,25336
11404,25337
11404,25338
11404,25339
11404,25340
11404,25341
11404,25342
11404,25343
11404,25344
11404,25345
11404,25346
11404,25347
11404,25348
11404,25349
11404,25350
11404,25351
11404,25352
11404,25353
11404,25354
11404,25355
11404,25356
11404,25357
11404,25358
11404,25359
11404,25360
11404,25361
11404,25362
11404,25363
11404,25364
11404,25365
11404,25366
11404,25367
11404,25368
11404,25369
11404,25370
11404,25371
11404,25372
11404,25373
11404,25374
11404,25375
11404,25376
11404,25377
11404,25378
11404,25379
11404,25380
11404,25381
11404,25382
11404,25383
11404,25384
11404,25385
11404,25386
11404,25387
11404,25388
11404,25389
11404,25390
11404,25391
11404,25392
11404,25393
11404,25394
11404,25395
11404,25396
11404,25397
11404,25398
11404,25399
11404,25400
11404,25401
11404,25402
11404,25403
11404,25404
11404,25405
11404,25406
11404,25407
11404,25408
11404,25409
11404,25410
11404,25411
11404,25412
11404,25413
11404,25414
11404,25415
11404,25416
11404,25417
11404,25418
11404,25419
11404,25420
11404,25421
11404,25422
11404,25423
11404,25424
11404,25425
11404,25426
11404,25427
11404,25428
11404,25429
11404,25430
11404,25431
11404,25432
11404,25433
11404,25434
11404,25435
11404,25436
11404,25437
11404,25438
11404,25439
11404,25440
11404,25441
11404,25442
11404,25443
11404,25444
11404,25445
11404,25446
11404,25447
11404,25448
11404,25449
11404,25450
11404,25451
11404,25452
11404,25453
11404,25454
11404,25455
11404,25456
11404,25457
11404,25458
11404,25459
11404,25460
11404,25461
11404,25462
11404,25463
11404,25464
11404,25465
11404,25466
11404,25467
11404,25468
11404,25469
11404,25470
11404,25471
11404,25472
11404,25473
11404,25474
11404,25475
11404,25476
11404,25477
11404,25478
11404,25479
11404,25480
11404,25481
11404,25482
11404,25483
11404,25484
11404,25485
11404,25486
11404,25487
11404,25488
11404,25489
11404,25490
11404,25491
11404,25492
11404,25493
11404,25494
11404,25495
11404,25496
11404,25497
11404,25498
11404,25499
11404,25500
11404,25501
11404,25502
11405,25291
11405,25292
11405,25293
11405,25294
11405,25295
11405,25296
11405,25297
11405,25298
11405,25299
11405,25300
11405,25301
11405,25302
11405,25303
11405,25304
11405,25305
11405,25306
11405,25307
11405,25314
11405,25315
11405,25316
11405,25317
11405,25318
11405,25319
11405,25320
11405,25321
11405,25322
11405,25323
11405,25324
11405,25325
11405,25326
11405,25327
11405,25328
11405,25329
11405,25330
11405,25331
11405,25332
11405,25333
11405,25334
11405,25335
11405,25336
11405,25337
11405,25338
11405,25339
11405,25340
11405,25341
11405,25342
11405,25343
11405,25344
11405,25345
11405,25346
11405,25347
11405,25348
11405,25349
11405,25350
11405,25351
11405,25352
11405,25353
11405,25354
11405,25355
11405,25356
11405,25357
11405,25358
11405,25359
11405,25360
11405,25361
11405,25362
11405,25363
11405,25364
11405,25365
11405,25366
11405,25367
11405,25368
11405,25369
11405,25370
11405,25371
11405,25372
11405,25373
11405,25374
11405,25375
11405,25376
11405,25377
11405,25378
11405,25379
11405,25380
11405,25381
11405,25382
11405,25383
11405,25384
11405,25385
11405,25386
11405,25387
11405,25388
11405,25389
11405,25390
11405,25391
11405,25392
11405,25393
11405,25394
11405,25395
11405,25396
11405,25397
11405,25398
11405,25399
11405,25400
11405,25401
11405,25402
11405,25403
11405,25404
11405,25405
11405,25406
11405,25407
11405,25408
11405,25409
11405,25410
11405,25411
11405,25412
11405,25413
11405,25414
11405,25415
11405,25416
11405,25417
11405,25418
11405,25419
11405,25420
11405,25421
11405,25422
11405,25423
11405,25424
11405,25425
11405,25426
11405,25427
11405,25428
11405,25429
11405,25430
11405,25431
11405,25432
11405,25433
11405,25434
11405,25435
11405,25436
11405,25437
11405,25438
11405,25439
11405,25440
11405,25441
11405,25442
11405,25443
11405,25444
11405,25445
11405,25446
11405,25447
11405,25448
11405,25449
11405,25450
11405,25451
11405,25452
11405,25453
11405,25454
11405,25455
11405,25456
11405,25457
11405,25458
11405,25459
11405,25460
11405,25461
11405,25462
11405,25463
11405,25464
11405,25465
11405,25466
11405,25467
11405,25468
11405,25469
11405,25470
11405,25471
11405,25472
11405,25473
11405,25474
11405,25475
11405,25476
11405,25477
11405,25478
11405,25479
11405,25480
11405,25481
11405,25482
11405,25483
11405,25484
11405,25485
11405,25486
11405,25487
11405,25488
11405,25489
11405,25490
11405,25491
11405,25492
11405,25493
11405,25494
11405,25495
11405,25496
11405,25497
11405,25498
11405,25499
11405,25500
11405,25501
11405,25502
11406,25292
11406,25293
11406,25294
11406,25295
11406,25296
11406,25297
11406,25298
11406,25299
11406,25300
11406,25301
11406,25302
11406,25303
11406,25304
11406,25305
11406,25313
11406,25314
11406,25315
11406,25316
11406,25317
11406,25318
11406,25319
11406,25320
11406,25321
11406,25322
11406,25323
11406,25324
11406,25325
11406,25326
11406,25327
11406,25328
11406,25329
11406,25330
11406,25331
11406,25332
11406,25333
11406,25334
11406,25335
11406,25336
11406,25337
11406,25338
11406,25339
11406,25340
11406,25341
11406,25342
11406,25343
11406,25344
11406,25345
11406,25346
11406,25347
11406,25348
11406,25349
11406,25350
11406,25351
11406,25352
11406,25353
11406,25354
11406,25355
11406,25356
11406,25357
11406,25358
11406,25359
11406,25360
11406,25361
11406,25362
11406,25363
11406,25364
11406,25365
11406,25366
11406,25367
11406,25368
11406,25369
11406,25370
11406,25371
11406,25372
11406,25373
11406,25374
11406,25375
11406,25376
11406,25377
11406,25378
11406,25379
11406,25380
11406,25381
11406,25382
11406,25383
11406,25384
11406,25385
11406,25386
11406,25387
11406,25388
11406,25389
11406,25390
11406,25391
11406,25392
11406,25393
11406,25394
11406,25395
11406,25396
11406,25397
11406,25398
11406,25399
11406,25400
11406,25401
11406,25402
11406,25403
11406,25404
11406,25405
11406,25406
11406,25407
11406,25408
11406,25409
11406,25410
11406,25411
11406,25412
11406,25413
11406,25414
11406,25415
11406,25416
11406,25417
11406,25418
11406,25419
11406,25420
11406,25421
11406,25422
11406,25423
11406,25424
11406,25425
11406,25426
11406,25427
11406,25428
11406,25429
11406,25430
11406,25431
11406,25432
11406,25433
11406,25434
11406,25435
11406,25436
11406,25437
11406,25438
11406,25439
11406,25440
11406,25441
11406,25442
11406,25443
11406,25444
11406,25445
11406,25446
11406,25447
11406,25448
11406,25449
11406,25450
11406,25451
11406,25452
11406,25453
11406,25454
11406,25455
11406,25456
11406,25457
11406,25458
11406,25459
11406,25460
11406,25461
11406,25462
11406,25463
11406,25464
11406,25465
11406,25466
11406,25467
11406,25468
11406,25469
11406,25470
11406,25471
11406,25472
11406,25473
11406,25474
11406,25475
11406,25476
11406,25477
11406,25478
11406,25479
11406,25480
11406,25481
11406,25482
11406,25483
11406,25484
11406,25485
11406,25486
11406,25487
11406,25488
11406,25489
11406,25490
11406,25491
11406,25492
11406,25493
11406,25494
11406,25495
11406,25496
11406,25497
11406,25498
11406,25499
11406,25500
11406,25501
11407,25293
11407,25294
11407,25295
11407,25296
11407,25297
11407,25298
11407,25299
11407,25300
11407,25301
11407,25302
11407,25303
11407,25304
11407,25305
11407,25313
11407,25314
11407,25315
11407,25316
11407,25317
11407,25318
11407,25319
11407,25320
11407,25321
11407,25322
11407,25323
11407,25324
11407,25325
11407,25326
11407,25327
11407,25328
11407,25329
11407,25330
11407,25331
11407,25332
11407,25333
11407,25334
11407,25335
11407,25336
11407,25337
11407,25338
11407,25339
11407,25340
11407,25341
11407,25342
11407,25343
11407,25344
11407,25345
11407,25346
11407,25347
11407,25348
11407,25349
11407,25350
11407,25351
11407,25352
11407,25353
11407,25354
11407,25355
11407,25356
11407,25357
11407,25358
11407,25359
11407,25360
11407,25361
11407,25362
11407,25363
11407,25364
11407,25365
11407,25366
11407,25367
11407,25368
11407,25369
11407,25370
11407,25371
11407,25372
11407,25373
11407,25374
11407,25375
11407,25376
11407,25377
11407,25378
11407,25379
11407,25380
11407,25381
11407,25382
11407,25383
11407,25384
11407,25385
11407,25386
11407,25387
11407,25388
11407,25389
11407,25390
11407,25391
11407,25392
11407,25393
11407,25394
11407,25395
11407,25396
11407,25397
11407,25398
11407,25399
11407,25400
11407,25401
11407,25402
11407,25403
11407,25404
11407,25405
11407,25406
11407,25407
11407,25408
11407,25409
11407,25410
11407,25411
11407,25412
11407,25413
11407,25414
11407,25415
11407,25416
11407,25417
11407,25418
11407,25419
11407,25420
11407,25421
11407,25422
11407,25423
11407,25424
11407,25425
11407,25426
11407,25427
11407,25428
11407,25429
11407,25430
11407,25431
11407,25432
11407,25433
11407,25434
11407,25435
11407,25436
11407,25437
11407,25438
11407,25439
11407,25440
11407,25441
11407,25442
11407,25443
11407,25444
11407,25445
11407,25446
11407,25447
11407,25448
11407,25449
11407,25450
11407,25451
11407,25452
11407,25453
11407,25454
11407,25455
11407,25456
11407,25457
11407,25458
11407,25459
11407,25460
11407,25461
11407,25462
11407,25463
11407,25464
11407,25465
11407,25466
11407,25467
11407,25468
11407,25469
11407,25470
11407,25471
11407,25472
11407,25473
11407,25474
11407,25475
11407,25476
11407,25477
11407,25478
11407,25479
11407,25480
11407,25481
11407,25482
11407,25483
11407,25484
11407,25485
11407,25486
11407,25487
11407,25488
11407,25489
11407,25490
11407,25491
11407,25492
11407,25493
11407,25494
11407,25495
11407,25496
11407,25497
11407,25498
11407,25499
11407,25500
11407,25501
11408,25294
11408,25295
11408,25296
11408,25297
11408,25298
11408,25299
11408,25300
11408,25301
11408,25302
11408,25303
11408,25304
11408,25312
11408,25313
11408,25314
11408,25315
11408,25316
11408,25317
11408,25318
11408,25319
11408,25320
11408,25321
11408,25322
11408,25323
11408,25324
11408,25325
11408,25326
11408,25327
11408,25328
11408,25329
11408,25330
11408,25331
11408,25332
11408,25333
11408,25334
11408,25335
11408,25336
11408,25337
11408,25338
11408,25339
11408,25340
11408,25341
11408,25342
11408,25343
11408,25344
11408,25345
11408,25346
11408,25347
11408,25348
11408,25349
11408,25350
11408,25351
11408,25352
11408,25353
11408,25354
11408,25355
11408,25356
11408,25357
11408,25358
11408,25359
11408,25360
11408,25361
11408,25362
11408,25363
11408,25364
11408,25365
11408,25366
11408,25367
11408,25368
11408,25369
11408,25370
11408,25371
11408,25372
11408,25373
11408,25374
11408,25375
11408,25376
11408,25377
11408,25378
11408,25379
11408,25380
11408,25381
11408,25382
11408,25383
11408,25384
11408,25385
11408,25386
11408,25387
11408,25388
11408,25389
11408,25390
11408,25391
11408,25392
11408,25393
11408,25394
11408,25395
11408,25396
11408,25397
11408,25398
11408,25399
11408,25400
11408,25401
11408,25402
11408,25403
11408,25404
11408,25405
11408,25406
11408,25407
11408,25408
11408,25409
11408,25410
11408,25411
11408,25412
11408,25413
11408,25414
11408,25415
11408,25416
11408,25417
11408,25418
11408,25419
11408,25420
11408,25421
11408,25422
11408,25423
11408,25424
11408,25425
11408,25426
11408,25427
11408,25428
11408,25429
11408,25430
11408,25431
11408,25432
11408,25433
11408,25434
11408,25435
11408,25436
11408,25437
11408,25438
11408,25439
11408,25440
11408,25441
11408,25442
11408,25443
11408,25444
11408,25445
11408,25446
11408,25447
11408,25448
11408,25449
11408,25450
11408,25451
11408,25452
11408,25453
11408,25454
11408,25455
11408,25456
11408,25457
11408,25458
11408,25459
11408,25460
11408,25461
11408,25462
11408,25463
11408,25464
11408,25465
11408,25466
11408,25467
11408,25468
11408,25469
11408,25470
11408,25471
11408,25472
11408,25473
11408,25474
11408,25475
11408,25476
11408,25477
11408,25478
11408,25479
11408,25480
11408,25481
11408,25482
11408,25483
11408,25484
11408,25485
11408,25486
11408,25487
11408,25488
11408,25489
11408,25490
11408,25491
11408,25492
11408,25493
11408,25494
11408,25495
11408,25496
11408,25497
11408,25498
11408,25499
11408,25500
11408,25501
11408,25502
11409,25295
11409,25296
11409,25297
11409,25298
11409,25299
11409,25300
11409,25301
11409,25302
11409,25303
11409,25304
11409,25312
11409,25313
11409,25314
11409,25315
11409,25316
11409,25317
11409,25318
11409,25319
11409,25320
11409,25321
11409,25322
11409,25323
11409,25324
11409,25325
11409,25326
11409,25327
11409,25328
11409,25329
11409,25330
11409,25331
11409,25332
11409,25333
11409,25334
11409,25335
11409,25336
11409,25337
11409,25338
11409,25339
11409,25340
11409,25341
11409,25342
11409,25343
11409,25344
11409,25345
11409,25346
11409,25347
11409,25348
11409,25349
11409,25350
11409,25351
11409,25352
11409,25353
11409,25354
11409,25355
11409,25356
11409,25357
11409,25358
11409,25359
11409,25360
11409,25361
11409,25362
11409,25363
11409,25364
11409,25365
11409,25366
11409,25367
11409,25368
11409,25369
11409,25370
11409,25371
11409,25372
11409,25373
11409,25374
11409,25375
11409,25376
11409,25377
11409,25378
11409,25379
11409,25380
11409,25381
11409,25382
11409,25383
11409,25384
11409,25385
11409,25386
11409,25387
11409,25388
11409,25389
11409,25390
11409,25391
11409,25392
11409,25393
11409,25394
11409,25395
11409,25396
11409,25397
11409,25398
11409,25399
11409,25400
11409,25401
11409,25402
11409,25403
11409,25404
11409,25405
11409,25406
11409,25407
11409,25408
11409,25409
11409,25410
11409,25411
11409,25412
11409,25413
11409,25414
11409,25415
11409,25416
11409,25417
11409,25418
11409,25419
11409,25420
11409,25421
11409,25422
11409,25423
11409,25424
11409,25425
11409,25426
11409,25427
11409,25428
11409,25429
11409,25430
11409,25431
11409,25432
11409,25433
11409,25434
11409,25435
11409,25436
11409,25437
11409,25438
11409,25439
11409,25440
11409,25441
11409,25442
11409,25443
11409,25444
11409,25445
11409,25446
11409,25447
11409,25448
11409,25449
11409,25450
11409,25451
11409,25452
11409,25453
11409,25454
11409,25455
11409,25456
11409,25457
11409,25458
11409,25459
11409,25460
11409,25461
11409,25462
11409,25463
11409,25464
11409,25465
11409,25466
11409,25467
11409,25468
11409,25469
11409,25470
11409,25471
11409,25472
11409,25473
11409,25474
11409,25475
11409,25476
11409,25477
11409,25478
11409,25479
11409,25480
11409,25481
11409,25482
11409,25483
11409,25484
11409,25485
11409,25486
11409,25487
11409,25488
11409,25489
11409,25490
11409,25491
11409,25492
11409,25493
11409,25494
11409,25495
11409,25496
11409,25497
11409,25498
11409,25499
11409,25500
11409,25501
11409,25502
11410,25296
11410,25297
11410,25298
11410,25299
11410,25300
11410,25301
11410,25302
11410,25303
11410,25312
11410,25313
11410,25314
11410,25315
11410,25316
11410,25317
11410,25318
11410,25319
11410,25320
11410,25321
11410,25322
11410,25323
11410,25324
11410,25325
11410,25326
11410,25327
11410,25328
11410,25329
11410,25330
11410,25331
11410,25332
11410,25333
11410,25334
11410,25335
11410,25336
11410,25337
11410,25338
11410,25339
11410,25340
11410,25341
11410,25342
11410,25343
11410,25344
11410,25345
11410,25346
11410,25347
11410,25348
11410,25349
11410,25350
11410,25351
11410,25352
11410,25353
11410,25354
11410,25355
11410,25356
11410,25357
11410,25358
11410,25359
11410,25360
11410,25361
11410,25362
11410,25363
11410,25364
11410,25365
11410,25366
11410,25367
11410,25368
11410,25369
11410,25370
11410,25371
11410,25372
11410,25373
11410,25374
11410,25375
11410,25376
11410,25377
11410,25378
11410,25379
11410,25380
11410,25381
11410,25382
11410,25383
11410,25384
11410,25385
11410,25386
11410,25387
11410,25388
11410,25389
11410,25390
11410,25391
11410,25392
11410,25393
11410,25394
11410,25395
11410,25396
11410,25397
11410,25398
11410,25399
11410,25400
11410,25401
11410,25402
11410,25403
11410,25404
11410,25405
11410,25406
11410,25407
11410,25408
11410,25409
11410,25410
11410,25411
11410,25412
11410,25413
11410,25414
11410,25415
11410,25416
11410,25417
11410,25418
11410,25419
11410,25420
11410,25421
11410,25422
11410,25423
11410,25424
11410,25425
11410,25426
11410,25427
11410,25428
11410,25429
11410,25430
11410,25431
11410,25432
11410,25433
11410,25434
11410,25435
11410,25436
11410,25437
11410,25438
11410,25439
11410,25440
11410,25441
11410,25442
11410,25443
11410,25444
11410,25445
11410,25446
11410,25447
11410,25448
11410,25449
11410,25450
11410,25451
11410,25452
11410,25453
11410,25454
11410,25455
11410,25456
11410,25457
11410,25458
11410,25459
11410,25460
11410,25461
11410,25462
11410,25463
11410,25464
11410,25465
11410,25466
11410,25467
11410,25468
11410,25469
11410,25470
11410,25471
11410,25472
11410,25473
11410,25474
11410,25475
11410,25476
11410,25477
11410,25478
11410,25479
11410,25480
11410,25481
11410,25482
11410,25483
11410,25484
11410,25485
11410,25486
11410,25487
11410,25488
11410,25489
11410,25490
11410,25491
11410,25492
11410,25493
11410,25494
11410,25495
11410,25496
11410,25497
11410,25498
11410,25499
11410,25500
11410,25501
11410,25502
11411,25297
11411,25298
11411,25299
11411,25300
11411,25301
11411,25302
11411,25311
11411,25312
11411,25313
11411,25314
11411,25315
11411,25316
11411,25317
11411,25318
11411,25319
11411,25320
11411,25321
11411,25322
11411,25323
11411,25324
11411,25325
11411,25326
11411,25327
11411,25328
11411,25329
11411,25330
11411,25331
11411,25332
11411,25333
11411,25334
11411,25335
11411,25336
11411,25337
11411,25338
11411,25339
11411,25340
11411,25341
11411,25342
11411,25343
11411,25344
11411,25345
11411,25346
11411,25347
11411,25348
11411,25349
11411,25350
11411,25351
11411,25352
11411,25353
11411,25354
11411,25355
11411,25356
11411,25357
11411,25358
11411,25359
11411,25360
11411,25361
11411,25362
11411,25363
11411,25364
11411,25365
11411,25366
11411,25367
11411,25368
11411,25369
11411,25370
11411,25371
11411,25372
11411,25373
11411,25374
11411,25375
11411,25376
11411,25377
11411,25378
11411,25379
11411,25380
11411,25381
11411,25382
11411,25383
11411,25384
11411,25385
11411,25386
11411,25387
11411,25388
11411,25389
11411,25390
11411,25391
11411,25392
11411,25393
11411,25394
11411,25395
11411,25396
11411,25397
11411,25398
11411,25399
11411,25400
11411,25401
11411,25402
11411,25403
11411,25404
11411,25405
11411,25406
11411,25407
11411,25408
11411,25409
11411,25410
11411,25411
11411,25412
11411,25413
11411,25414
11411,25415
11411,25416
11411,25417
11411,25418
11411,25419
11411,25420
11411,25421
11411,25422
11411,25423
11411,25424
11411,25425
11411,25426
11411,25427
11411,25428
11411,25429
11411,25430
11411,25431
11411,25432
11411,25433
11411,25434
11411,25435
11411,25436
11411,25437
11411,25438
11411,25439
11411,25440
11411,25441
11411,25442
11411,25443
11411,25444
11411,25445
11411,25446
11411,25447
11411,25448
11411,25449
11411,25450
11411,25451
11411,25452
11411,25453
11411,25454
11411,25455
11411,25456
11411,25457
11411,25458
11411,25459
11411,25460
11411,25461
11411,25462
11411,25463
11411,25464
11411,25465
11411,25466
11411,25467
11411,25468
11411,25469
11411,25470
11411,25471
11411,25472
11411,25473
11411,25474
11411,25475
11411,25476
11411,25477
11411,25478
11411,25479
11411,25480
11411,25481
11411,25482
11411,25483
11411,25484
11411,25485
11411,25486
11411,25487
11411,25488
11411,25489
11411,25490
11411,25491
11411,25492
11411,25493
11411,25494
11411,25495
11411,25496
11411,25497
11411,25498
11411,25499
11411,25500
11411,25501
11411,25502
11411,25503
11412,25300
11412,25310
11412,25311
11412,25312
11412,25313
11412,25314
11412,25315
11412,25316
11412,25317
11412,25318
11412,25319
11412,25320
11412,25321
11412,25322
11412,25323
11412,25324
11412,25325
11412,25326
11412,25327
11412,25328
11412,25329
11412,25330
11412,25331
11412,25332
11412,25333
11412,25334
11412,25335
11412,25336
11412,25337
11412,25338
11412,25339
11412,25340
11412,25341
11412,25342
11412,25343
11412,25344
11412,25345
11412,25346
11412,25347
11412,25348
11412,25349
11412,25350
11412,25351
11412,25352
11412,25353
11412,25354
11412,25355
11412,25356
11412,25357
11412,25358
11412,25359
11412,25360
11412,25361
11412,25362
11412,25363
11412,25364
11412,25365
11412,25366
11412,25367
11412,25368
11412,25369
11412,25370
11412,25371
11412,25372
11412,25373
11412,25374
11412,25375
11412,25376
11412,25377
11412,25378
11412,25379
11412,25380
11412,25381
11412,25382
11412,25383
11412,25384
11412,25385
11412,25386
11412,25387
11412,25388
11412,25389
11412,25390
11412,25391
11412,25392
11412,25393
11412,25394
11412,25395
11412,25396
11412,25397
11412,25398
11412,25399
11412,25400
11412,25401
11412,25402
11412,25403
11412,25404
11412,25405
11412,25406
11412,25407
11412,25408
11412,25409
11412,25410
11412,25411
11412,25412
11412,25413
11412,25414
11412,25415
11412,25416
11412,25417
11412,25418
11412,25419
11412,25420
11412,25421
11412,25422
11412,25423
11412,25424
11412,25425
11412,25426
11412,25427
11412,25428
11412,25429
11412,25430
11412,25431
11412,25432
11412,25433
11412,25434
11412,25435
11412,25436
11412,25437
11412,25438
11412,25439
11412,25440
11412,25441
11412,25442
11412,25443
11412,25444
11412,25445
11412,25446
11412,25447
11412,25448
11412,25449
11412,25450
11412,25451
11412,25452
11412,25453
11412,25454
11412,25455
11412,25456
11412,25457
11412,25458
11412,25459
11412,25460
11412,25461
11412,25462
11412,25463
11412,25464
11412,25465
11412,25466
11412,25467
11412,25468
11412,25469
11412,25470
11412,25471
11412,25472
11412,25473
11412,25474
11412,25475
11412,25476
11412,25477
11412,25478
11412,25479
11412,25480
11412,25481
11412,25482
11412,25483
11412,25484
11412,25485
11412,25486
11412,25487
11412,25488
11412,25489
11412,25490
11412,25491
11412,25492
11412,25493
11412,25494
11412,25495
11412,25496
11412,25497
11412,25498
11412,25499
11412,25500
11412,25501
11412,25502
11412,25503
11413,25310
11413,25311
11413,25312
11413,25313
11413,25314
11413,25315
11413,25316
11413,25317
11413,25318
11413,25319
11413,25320
11413,25321
11413,25322
11413,25323
11413,25324
11413,25325
11413,25326
11413,25327
11413,25328
11413,25329
11413,25330
11413,25331
11413,25332
11413,25333
11413,25334
11413,25335
11413,25336
11413,25337
11413,25338
11413,25339
11413,25340
11413,25341
11413,25342
11413,25343
11413,25344
11413,25345
11413,25346
11413,25347
11413,25348
11413,25349
11413,25350
11413,25351
11413,25352
11413,25353
11413,25354
11413,25355
11413,25356
11413,25357
11413,25358
11413,25359
11413,25360
11413,25361
11413,25362
11413,25363
11413,25364
11413,25365
11413,25366
11413,25367
11413,25368
11413,25369
11413,25370
11413,25371
11413,25372
11413,25373
11413,25374
11413,25375
11413,25376
11413,25377
11413,25378
11413,25379
11413,25380
11413,25381
11413,25382
11413,25383
11413,25384
11413,25385
11413,25386
11413,25387
11413,25388
11413,25389
11413,25390
11413,25391
11413,25392
11413,25393
11413,25394
11413,25395
11413,25396
11413,25397
11413,25398
11413,25399
11413,25400
11413,25401
11413,25402
11413,25403
11413,25404
11413,25405
11413,25406
11413,25407
11413,25408
11413,25409
11413,25410
11413,25411
11413,25412
11413,25413
11413,25414
11413,25415
11413,25416
11413,25417
11413,25418
11413,25419
11413,25420
11413,25421
11413,25422
11413,25423
11413,25424
11413,25425
11413,25426
11413,25427
11413,25428
11413,25429
11413,25430
11413,25431
11413,25432
11413,25433
11413,25434
11413,25435
11413,25436
11413,25437
11413,25438
11413,25439
11413,25440
11413,25441
11413,25442
11413,25443
11413,25444
11413,25445
11413,25446
11413,25447
11413,25448
11413,25449
11413,25450
11413,25451
11413,25452
11413,25453
11413,25454
11413,25455
11413,25456
11413,25457
11413,25458
11413,25459
11413,25460
11413,25461
11413,25462
11413,25463
11413,25464
11413,25465
11413,25466
11413,25467
11413,25468
11413,25469
11413,25470
11413,25471
11413,25472
11413,25473
11413,25474
11413,25475
11413,25476
11413,25477
11413,25478
11413,25479
11413,25480
11413,25481
11413,25482
11413,25483
11413,25484
11413,25485
11413,25486
11413,25487
11413,25488
11413,25489
11413,25490
11413,25491
11413,25492
11413,25493
11413,25494
11413,25495
11413,25496
11413,25497
11413,25498
11413,25499
11413,25500
11413,25501
11413,25502
11413,25503
11414,25310
11414,25311
11414,25312
11414,25313
11414,25314
11414,25315
11414,25316
11414,25317
11414,25318
11414,25319
11414,25320
11414,25321
11414,25322
11414,25323
11414,25324
11414,25325
11414,25326
11414,25327
11414,25328
11414,25329
11414,25330
11414,25331
11414,25332
11414,25333
11414,25334
11414,25335
11414,25336
11414,25337
11414,25338
11414,25339
11414,25340
11414,25341
11414,25342
11414,25343
11414,25344
11414,25345
11414,25346
11414,25347
11414,25348
11414,25349
11414,25350
11414,25351
11414,25352
11414,25353
11414,25354
11414,25355
11414,25356
11414,25357
11414,25358
11414,25359
11414,25360
11414,25361
11414,25362
11414,25363
11414,25364
11414,25365
11414,25366
11414,25367
11414,25368
11414,25369
11414,25370
11414,25371
11414,25372
11414,25373
11414,25374
11414,25375
11414,25376
11414,25377
11414,25378
11414,25379
11414,25380
11414,25381
11414,25382
11414,25383
11414,25384
11414,25385
11414,25386
11414,25387
11414,25388
11414,25389
11414,25390
11414,25391
11414,25392
11414,25393
11414,25394
11414,25395
11414,25396
11414,25397
11414,25398
11414,25399
11414,25400
11414,25401
11414,25402
11414,25403
11414,25404
11414,25405
11414,25406
11414,25407
11414,25408
11414,25409
11414,25410
11414,25411
11414,25412
11414,25413
11414,25414
11414,25415
11414,25416
11414,25417
11414,25418
11414,25419
11414,25420
11414,25421
11414,25422
11414,25423
11414,25424
11414,25425
11414,25426
11414,25427
11414,25428
11414,25429
11414,25430
11414,25431
11414,25432
11414,25433
11414,25434
11414,25435
11414,25436
11414,25437
11414,25438
11414,25439
11414,25440
11414,25441
11414,25442
11414,25443
11414,25444
11414,25445
11414,25446
11414,25447
11414,25448
11414,25449
11414,25450
11414,25451
11414,25452
11414,25453
11414,25454
11414,25455
11414,25456
11414,25457
11414,25458
11414,25459
11414,25460
11414,25461
11414,25462
11414,25463
11414,25464
11414,25465
11414,25466
11414,25467
11414,25468
11414,25469
11414,25470
11414,25471
11414,25472
11414,25473
11414,25474
11414,25475
11414,25476
11414,25477
11414,25478
11414,25479
11414,25480
11414,25481
11414,25482
11414,25483
11414,25484
11414,25485
11414,25486
11414,25487
11414,25488
11414,25489
11414,25490
11414,25491
11414,25492
11414,25493
11414,25494
11414,25495
11414,25496
11414,25497
11414,25498
11414,25499
11414,25500
11414,25501
11414,25502
11414,25503
11415,25309
11415,25310
11415,25311
11415,25312
11415,25313
11415,25314
11415,25315
11415,25316
11415,25317
11415,25318
11415,25319
11415,25320
11415,25321
11415,25322
11415,25323
11415,25324
11415,25325
11415,25326
11415,25327
11415,25328
11415,25329
11415,25330
11415,25331
11415,25332
11415,25333
11415,25334
11415,25335
11415,25336
11415,25337
11415,25338
11415,25339
11415,25340
11415,25341
11415,25342
11415,25343
11415,25344
11415,25345
11415,25346
11415,25347
11415,25348
11415,25349
11415,25350
11415,25351
11415,25352
11415,25353
11415,25354
11415,25355
11415,25356
11415,25357
11415,25358
11415,25359
11415,25360
11415,25361
11415,25362
11415,25363
11415,25364
11415,25365
11415,25366
11415,25367
11415,25368
11415,25369
11415,25370
11415,25371
11415,25372
11415,25373
11415,25374
11415,25375
11415,25376
11415,25377
11415,25378
11415,25379
11415,25380
11415,25381
11415,25382
11415,25383
11415,25384
11415,25385
11415,25386
11415,25387
11415,25388
11415,25389
11415,25390
11415,25391
11415,25392
11415,25393
11415,25394
11415,25395
11415,25396
11415,25397
11415,25398
11415,25399
11415,25400
11415,25401
11415,25402
11415,25403
11415,25404
11415,25405
11415,25406
11415,25407
11415,25408
11415,25409
11415,25410
11415,25411
11415,25412
11415,25413
11415,25414
11415,25415
11415,25416
11415,25417
11415,25418
11415,25419
11415,25420
11415,25421
11415,25422
11415,25423
11415,25424
11415,25425
11415,25426
11415,25427
11415,25428
11415,25429
11415,25430
11415,25431
11415,25432
11415,25433
11415,25434
11415,25435
11415,25436
11415,25437
11415,25438
11415,25439
11415,25440
11415,25441
11415,25442
11415,25443
11415,25444
11415,25445
11415,25446
11415,25447
11415,25448
11415,25449
11415,25450
11415,25451
11415,25452
11415,25453
11415,25454
11415,25455
11415,25456
11415,25457
11415,25458
11415,25459
11415,25460
11415,25461
11415,25462
11415,25463
11415,25464
11415,25465
11415,25466
11415,25467
11415,25468
11415,25469
11415,25470
11415,25471
11415,25472
11415,25473
11415,25474
11415,25475
11415,25476
11415,25477
11415,25478
11415,25479
11415,25480
11415,25481
11415,25482
11415,25483
11415,25484
11415,25485
11415,25486
11415,25487
11415,25488
11415,25489
11415,25490
11415,25491
11415,25492
11415,25493
11415,25494
11415,25495
11415,25496
11415,25497
11415,25498
11415,25499
11415,25500
11415,25501
11415,25502
11415,25503
11416,25309
11416,25310
11416,25311
11416,25312
11416,25313
11416,25314
11416,25315
11416,25316
11416,25317
11416,25318
11416,25319
11416,25320
11416,25321
11416,25322
11416,25323
11416,25324
11416,25325
11416,25326
11416,25327
11416,25328
11416,25329
11416,25330
11416,25331
11416,25332
11416,25333
11416,25334
11416,25335
11416,25336
11416,25337
11416,25338
11416,25339
11416,25340
11416,25341
11416,25342
11416,25343
11416,25344
11416,25345
11416,25346
11416,25347
11416,25348
11416,25349
11416,25350
11416,25351
11416,25352
11416,25353
11416,25354
11416,25355
11416,25356
11416,25357
11416,25358
11416,25359
11416,25360
11416,25361
11416,25362
11416,25363
11416,25364
11416,25365
11416,25366
11416,25367
11416,25368
11416,25369
11416,25370
11416,25371
11416,25372
11416,25373
11416,25374
11416,25375
11416,25376
11416,25377
11416,25378
11416,25379
11416,25380
11416,25381
11416,25382
11416,25383
11416,25384
11416,25385
11416,25386
11416,25387
11416,25388
11416,25389
11416,25390
11416,25391
11416,25392
11416,25393
11416,25394
11416,25395
11416,25396
11416,25397
11416,25398
11416,25399
11416,25400
11416,25401
11416,25402
11416,25403
11416,25404
11416,25405
11416,25406
11416,25407
11416,25408
11416,25409
11416,25410
11416,25411
11416,25412
11416,25413
11416,25414
11416,25415
11416,25416
11416,25417
11416,25418
11416,25419
11416,25420
11416,25421
11416,25422
11416,25423
11416,25424
11416,25425
11416,25426
11416,25427
11416,25428
11416,25429
11416,25430
11416,25431
11416,25432
11416,25433
11416,25434
11416,25435
11416,25436
11416,25437
11416,25438
11416,25439
11416,25440
11416,25441
11416,25442
11416,25443
11416,25444
11416,25445
11416,25446
11416,25447
11416,25448
11416,25449
11416,25450
11416,25451
11416,25452
11416,25453
11416,25454
11416,25455
11416,25456
11416,25457
11416,25458
11416,25459
11416,25460
11416,25461
11416,25462
11416,25463
11416,25464
11416,25465
11416,25466
11416,25467
11416,25468
11416,25469
11416,25470
11416,25471
11416,25472
11416,25473
11416,25474
11416,25475
11416,25476
11416,25477
11416,25478
11416,25479
11416,25480
11416,25481
11416,25482
11416,25483
11416,25484
11416,25485
11416,25486
11416,25487
11416,25488
11416,25489
11416,25490
11416,25491
11416,25492
11416,25493
11416,25494
11416,25495
11416,25496
11416,25497
11416,25498
11416,25499
11416,25500
11416,25501
11416,25502
11416,25503
11417,25309
11417,25310
11417,25311
11417,25312
11417,25313
11417,25314
11417,25315
11417,25316
11417,25317
11417,25318
11417,25319
11417,25320
11417,25321
11417,25322
11417,25323
11417,25324
11417,25325
11417,25326
11417,25327
11417,25328
11417,25329
11417,25330
11417,25331
11417,25332
11417,25333
11417,25334
11417,25335
11417,25336
11417,25337
11417,25338
11417,25339
11417,25340
11417,25341
11417,25342
11417,25343
11417,25344
11417,25345
11417,25346
11417,25347
11417,25348
11417,25349
11417,25350
11417,25351
11417,25352
11417,25353
11417,25354
11417,25355
11417,25356
11417,25357
11417,25358
11417,25359
11417,25360
11417,25361
11417,25362
11417,25363
11417,25364
11417,25365
11417,25366
11417,25367
11417,25368
11417,25369
11417,25370
11417,25371
11417,25372
11417,25373
11417,25374
11417,25375
11417,25376
11417,25377
11417,25378
11417,25379
11417,25380
11417,25381
11417,25382
11417,25383
11417,25384
11417,25385
11417,25386
11417,25387
11417,25388
11417,25389
11417,25390
11417,25391
11417,25392
11417,25393
11417,25394
11417,25395
11417,25396
11417,25397
11417,25398
11417,25399
11417,25400
11417,25401
11417,25402
11417,25403
11417,25404
11417,25405
11417,25406
11417,25407
11417,25408
11417,25409
11417,25410
11417,25411
11417,25412
11417,25413
11417,25414
11417,25415
11417,25416
11417,25417
11417,25418
11417,25419
11417,25420
11417,25421
11417,25422
11417,25423
11417,25424
11417,25425
11417,25426
11417,25427
11417,25428
11417,25429
11417,25430
11417,25431
11417,25432
11417,25433
11417,25434
11417,25435
11417,25436
11417,25437
11417,25438
11417,25439
11417,25440
11417,25441
11417,25442
11417,25443
11417,25444
11417,25445
11417,25446
11417,25447
11417,25448
11417,25449
11417,25450
11417,25451
11417,25452
11417,25453
11417,25454
11417,25455
11417,25456
11417,25457
11417,25458
11417,25459
11417,25460
11417,25461
11417,25462
11417,25463
11417,25464
11417,25465
11417,25466
11417,25467
11417,25468
11417,25469
11417,25470
11417,25471
11417,25472
11417,25473
11417,25474
11417,25475
11417,25476
11417,25477
11417,25478
11417,25479
11417,25480
11417,25481
11417,25482
11417,25483
11417,25484
11417,25485
11417,25486
11417,25487
11417,25488
11417,25489
11417,25490
11417,25491
11417,25492
11417,25493
11417,25494
11417,25495
11417,25496
11417,25497
11417,25498
11417,25499
11417,25500
11417,25501
11417,25502
11418,25309
11418,25310
11418,25311
11418,25312
11418,25313
11418,25314
11418,25315
11418,25316
11418,25317
11418,25318
11418,25319
11418,25320
11418,25321
11418,25322
11418,25323
11418,25324
11418,25325
11418,25326
11418,25327
11418,25328
11418,25329
11418,25330
11418,25331
11418,25332
11418,25333
11418,25334
11418,25335
11418,25336
11418,25337
11418,25338
11418,25339
11418,25340
11418,25341
11418,25342
11418,25343
11418,25344
11418,25345
11418,25346
11418,25347
11418,25348
11418,25349
11418,25350
11418,25351
11418,25352
11418,25353
11418,25354
11418,25355
11418,25356
11418,25357
11418,25358
11418,25359
11418,25360
11418,25361
11418,25362
11418,25363
11418,25364
11418,25365
11418,25366
11418,25367
11418,25368
11418,25369
11418,25370
11418,25371
11418,25372
11418,25373
11418,25374
11418,25375
11418,25376
11418,25377
11418,25378
11418,25379
11418,25380
11418,25381
11418,25382
11418,25383
11418,25384
11418,25385
11418,25386
11418,25387
11418,25388
11418,25389
11418,25390
11418,25391
11418,25392
11418,25393
11418,25394
11418,25395
11418,25396
11418,25397
11418,25398
11418,25399
11418,25400
11418,25401
11418,25402
11418,25403
11418,25404
11418,25405
11418,25406
11418,25407
11418,25408
11418,25409
11418,25410
11418,25411
11418,25412
11418,25413
11418,25414
11418,25415
11418,25416
11418,25417
11418,25418
11418,25419
11418,25420
11418,25421
11418,25422
11418,25423
11418,25424
11418,25425
11418,25426
11418,25427
11418,25428
11418,25429
11418,25430
11418,25431
11418,25432
11418,25433
11418,25434
11418,25435
11418,25436
11418,25437
11418,25438
11418,25439
11418,25440
11418,25441
11418,25442
11418,25443
11418,25444
11418,25445
11418,25446
11418,25447
11418,25448
11418,25449
11418,25450
11418,25451
11418,25452
11418,25453
11418,25454
11418,25455
11418,25456
11418,25457
11418,25458
11418,25459
11418,25460
11418,25461
11418,25462
11418,25463
11418,25464
11418,25465
11418,25466
11418,25467
11418,25468
11418,25469
11418,25470
11418,25471
11418,25472
11418,25473
11418,25474
11418,25475
11418,25476
11418,25477
11418,25478
11418,25479
11418,25480
11418,25481
11418,25482
11418,25483
11418,25484
11418,25485
11418,25486
11418,25487
11418,25488
11418,25489
11418,25490
11418,25491
11418,25492
11418,25493
11418,25494
11418,25495
11418,25496
11418,25497
11418,25498
11418,25499
11418,25500
11418,25501
11418,25502
11419,25310
11419,25311
11419,25312
11419,25313
11419,25314
11419,25315
11419,25316
11419,25317
11419,25318
11419,25319
11419,25320
11419,25321
11419,25322
11419,25323
11419,25324
11419,25325
11419,25326
11419,25327
11419,25328
11419,25329
11419,25330
11419,25331
11419,25332
11419,25333
11419,25334
11419,25335
11419,25336
11419,25337
11419,25338
11419,25339
11419,25340
11419,25341
11419,25342
11419,25343
11419,25344
11419,25345
11419,25346
11419,25347
11419,25348
11419,25349
11419,25350
11419,25351
11419,25352
11419,25353
11419,25354
11419,25355
11419,25356
11419,25357
11419,25358
11419,25359
11419,25360
11419,25361
11419,25362
11419,25363
11419,25364
11419,25365
11419,25366
11419,25367
11419,25368
11419,25369
11419,25370
11419,25371
11419,25372
11419,25373
11419,25374
11419,25375
11419,25376
11419,25377
11419,25378
11419,25379
11419,25380
11419,25381
11419,25382
11419,25383
11419,25384
11419,25385
11419,25386
11419,25387
11419,25388
11419,25389
11419,25390
11419,25391
11419,25392
11419,25393
11419,25394
11419,25395
11419,25396
11419,25397
11419,25398
11419,25399
11419,25400
11419,25401
11419,25402
11419,25403
11419,25404
11419,25405
11419,25406
11419,25407
11419,25408
11419,25409
11419,25410
11419,25411
11419,25412
11419,25413
11419,25414
11419,25415
11419,25416
11419,25417
11419,25418
11419,25419
11419,25420
11419,25421
11419,25422
11419,25423
11419,25424
11419,25425
11419,25426
11419,25427
11419,25428
11419,25429
11419,25430
11419,25431
11419,25432
11419,25433
11419,25434
11419,25435
11419,25436
11419,25437
11419,25438
11419,25439
11419,25440
11419,25441
11419,25442
11419,25443
11419,25444
11419,25445
11419,25446
11419,25447
11419,25448
11419,25449
11419,25450
11419,25451
11419,25452
11419,25453
11419,25454
11419,25455
11419,25456
11419,25457
11419,25458
11419,25459
11419,25460
11419,25461
11419,25462
11419,25463
11419,25464
11419,25465
11419,25466
11419,25467
11419,25468
11419,25469
11419,25470
11419,25471
11419,25472
11419,25473
11419,25474
11419,25475
11419,25476
11419,25477
11419,25478
11419,25479
11419,25480
11419,25481
11419,25482
11419,25483
11419,25484
11419,25485
11419,25486
11419,25487
11419,25488
11419,25489
11419,25490
11419,25491
11419,25492
11419,25493
11419,25494
11419,25495
11419,25496
11419,25497
11419,25498
11419,25499
11419,25500
11419,25501
11419,25502
11420,25310
11420,25311
11420,25312
11420,25313
11420,25314
11420,25315
11420,25316
11420,25317
11420,25318
11420,25319
11420,25320
11420,25321
11420,25322
11420,25323
11420,25324
11420,25325
11420,25326
11420,25327
11420,25328
11420,25329
11420,25330
11420,25331
11420,25332
11420,25333
11420,25334
11420,25335
11420,25336
11420,25337
11420,25338
11420,25339
11420,25340
11420,25341
11420,25342
11420,25343
11420,25344
11420,25345
11420,25346
11420,25347
11420,25348
11420,25349
11420,25350
11420,25351
11420,25352
11420,25353
11420,25354
11420,25355
11420,25356
11420,25357
11420,25358
11420,25359
11420,25360
11420,25361
11420,25362
11420,25363
11420,25364
11420,25365
11420,25366
11420,25367
11420,25368
11420,25369
11420,25370
11420,25371
11420,25372
11420,25373
11420,25374
11420,25375
11420,25376
11420,25377
11420,25378
11420,25379
11420,25380
11420,25381
11420,25382
11420,25383
11420,25384
11420,25385
11420,25386
11420,25387
11420,25388
11420,25389
11420,25390
11420,25391
11420,25392
11420,25393
11420,25394
11420,25395
11420,25396
11420,25397
11420,25398
11420,25399
11420,25400
11420,25401
11420,25402
11420,25403
11420,25404
11420,25405
11420,25406
11420,25407
11420,25408
11420,25409
11420,25410
11420,25411
11420,25412
11420,25413
11420,25414
11420,25415
11420,25416
11420,25417
11420,25418
11420,25419
11420,25420
11420,25421
11420,25422
11420,25423
11420,25424
11420,25425
11420,25426
11420,25427
11420,25428
11420,25429
11420,25430
11420,25431
11420,25432
11420,25433
11420,25434
11420,25435
11420,25436
11420,25437
11420,25438
11420,25439
11420,25440
11420,25441
11420,25442
11420,25443
11420,25444
11420,25445
11420,25446
11420,25447
11420,25448
11420,25449
11420,25450
11420,25451
11420,25452
11420,25453
11420,25454
11420,25455
11420,25456
11420,25457
11420,25458
11420,25459
11420,25460
11420,25461
11420,25462
11420,25463
11420,25464
11420,25465
11420,25466
11420,25467
11420,25468
11420,25469
11420,25470
11420,25471
11420,25472
11420,25473
11420,25474
11420,25475
11420,25476
11420,25477
11420,25478
11420,25479
11420,25480
11420,25481
11420,25482
11420,25483
11420,25484
11420,25485
11420,25486
11420,25487
11420,25488
11420,25489
11420,25490
11420,25491
11420,25492
11420,25493
11420,25494
11420,25495
11420,25496
11420,25497
11420,25498
11420,25499
11420,25500
11420,25501
11421,25310
11421,25311
11421,25312
11421,25313
11421,25314
11421,25315
11421,25316
11421,25317
11421,25318
11421,25319
11421,25320
11421,25321
11421,25322
11421,25323
11421,25324
11421,25325
11421,25326
11421,25327
11421,25328
11421,25329
11421,25330
11421,25331
11421,25332
11421,25333
11421,25334
11421,25335
11421,25336
11421,25337
11421,25338
11421,25339
11421,25340
11421,25341
11421,25342
11421,25343
11421,25344
11421,25345
11421,25346
11421,25347
11421,25348
11421,25349
11421,25350
11421,25351
11421,25352
11421,25353
11421,25354
11421,25355
11421,25356
11421,25357
11421,25358
11421,25359
11421,25360
11421,25361
11421,25362
11421,25363
11421,25364
11421,25365
11421,25366
11421,25367
11421,25368
11421,25369
11421,25370
11421,25371
11421,25372
11421,25373
11421,25374
11421,25375
11421,25376
11421,25377
11421,25378
11421,25379
11421,25380
11421,25381
11421,25382
11421,25383
11421,25384
11421,25385
11421,25386
11421,25387
11421,25388
11421,25389
11421,25390
11421,25391
11421,25392
11421,25393
11421,25394
11421,25395
11421,25396
11421,25397
11421,25398
11421,25399
11421,25400
11421,25401
11421,25402
11421,25403
11421,25404
11421,25405
11421,25406
11421,25407
11421,25408
11421,25409
11421,25410
11421,25411
11421,25412
11421,25413
11421,25414
11421,25415
11421,25416
11421,25417
11421,25418
11421,25419
11421,25420
11421,25421
11421,25422
11421,25423
11421,25424
11421,25425
11421,25426
11421,25427
11421,25428
11421,25429
11421,25430
11421,25431
11421,25432
11421,25433
11421,25434
11421,25435
11421,25436
11421,25437
11421,25438
11421,25439
11421,25440
11421,25441
11421,25442
11421,25443
11421,25444
11421,25445
11421,25446
11421,25447
11421,25448
11421,25449
11421,25450
11421,25451
11421,25452
11421,25453
11421,25454
11421,25455
11421,25456
11421,25457
11421,25458
11421,25459
11421,25460
11421,25461
11421,25462
11421,25463
11421,25464
11421,25465
11421,25466
11421,25467
11421,25468
11421,25469
11421,25470
11421,25471
11421,25472
11421,25473
11421,25474
11421,25475
11421,25476
11421,25477
11421,25478
11421,25479
11421,25480
11421,25481
11421,25482
11421,25483
11421,25484
11421,25485
11421,25486
11421,25487
11421,25488
11421,25489
11421,25490
11421,25491
11421,25492
11421,25493
11421,25494
11421,25495
11421,25496
11421,25497
11421,25498
11421,25499
11421,25500
11421,25501
11422,25311
11422,25312
11422,25313
11422,25314
11422,25315
11422,25316
11422,25317
11422,25318
11422,25319
11422,25320
11422,25321
11422,25322
11422,25323
11422,25324
11422,25325
11422,25326
11422,25327
11422,25328
11422,25329
11422,25330
11422,25331
11422,25332
11422,25333
11422,25334
11422,25335
11422,25336
11422,25337
11422,25338
11422,25339
11422,25340
11422,25341
11422,25342
11422,25343
11422,25344
11422,25345
11422,25346
11422,25347
11422,25348
11422,25349
11422,25350
11422,25351
11422,25352
11422,25353
11422,25354
11422,25355
11422,25356
11422,25357
11422,25358
11422,25359
11422,25360
11422,25361
11422,25362
11422,25363
11422,25364
11422,25365
11422,25366
11422,25367
11422,25368
11422,25369
11422,25370
11422,25371
11422,25372
11422,25373
11422,25374
11422,25375
11422,25376
11422,25377
11422,25378
11422,25379
11422,25380
11422,25381
11422,25382
11422,25383
11422,25384
11422,25385
11422,25386
11422,25387
11422,25388
11422,25389
11422,25390
11422,25391
11422,25392
11422,25393
11422,25394
11422,25395
11422,25396
11422,25397
11422,25398
11422,25399
11422,25400
11422,25401
11422,25402
11422,25403
11422,25404
11422,25405
11422,25406
11422,25407
11422,25408
11422,25409
11422,25410
11422,25411
11422,25412
11422,25413
11422,25414
11422,25415
11422,25416
11422,25417
11422,25418
11422,25419
11422,25420
11422,25421
11422,25422
11422,25423
11422,25424
11422,25425
11422,25426
11422,25427
11422,25428
11422,25429
11422,25430
11422,25431
11422,25432
11422,25433
11422,25434
11422,25435
11422,25436
11422,25437
11422,25438
11422,25439
11422,25440
11422,25441
11422,25442
11422,25443
11422,25444
11422,25445
11422,25446
11422,25447
11422,25448
11422,25449
11422,25450
11422,25451
11422,25452
11422,25453
11422,25454
11422,25455
11422,25456
11422,25457
11422,25458
11422,25459
11422,25460
11422,25461
11422,25462
11422,25463
11422,25464
11422,25465
11422,25466
11422,25467
11422,25468
11422,25469
11422,25470
11422,25471
11422,25472
11422,25473
11422,25474
11422,25475
11422,25476
11422,25477
11422,25478
11422,25479
11422,25480
11422,25481
11422,25482
11422,25483
11422,25484
11422,25485
11422,25486
11422,25487
11422,25488
11422,25489
11422,25490
11422,25491
11422,25492
11422,25493
11422,25494
11422,25495
11422,25496
11422,25497
11422,25498
11422,25499
11422,25500
11423,25310
11423,25311
11423,25312
11423,25313
11423,25314
11423,25315
11423,25316
11423,25317
11423,25318
11423,25319
11423,25320
11423,25321
11423,25322
11423,25323
11423,25324
11423,25325
11423,25326
11423,25327
11423,25328
11423,25329
11423,25330
11423,25331
11423,25332
11423,25333
11423,25334
11423,25335
11423,25336
11423,25337
11423,25338
11423,25339
11423,25340
11423,25341
11423,25342
11423,25343
11423,25344
11423,25345
11423,25346
11423,25347
11423,25348
11423,25349
11423,25350
11423,25351
11423,25352
11423,25353
11423,25354
11423,25355
11423,25356
11423,25357
11423,25358
11423,25359
11423,25360
11423,25361
11423,25362
11423,25363
11423,25364
11423,25365
11423,25366
11423,25367
11423,25368
11423,25369
11423,25370
11423,25371
11423,25372
11423,25373
11423,25374
11423,25375
11423,25376
11423,25377
11423,25378
11423,25379
11423,25380
11423,25381
11423,25382
11423,25383
11423,25384
11423,25385
11423,25386
11423,25387
11423,25388
11423,25389
11423,25390
11423,25391
11423,25392
11423,25393
11423,25394
11423,25395
11423,25396
11423,25397
11423,25398
11423,25399
11423,25400
11423,25401
11423,25402
11423,25403
11423,25404
11423,25405
11423,25406
11423,25407
11423,25408
11423,25409
11423,25410
11423,25411
11423,25412
11423,25413
11423,25414
11423,25415
11423,25416
11423,25417
11423,25418
11423,25419
11423,25420
11423,25421
11423,25422
11423,25423
11423,25424
11423,25425
11423,25426
11423,25427
11423,25428
11423,25429
11423,25430
11423,25431
11423,25432
11423,25433
11423,25434
11423,25435
11423,25436
11423,25437
11423,25438
11423,25439
11423,25440
11423,25441
11423,25442
11423,25443
11423,25444
11423,25445
11423,25446
11423,25447
11423,25448
11423,25449
11423,25450
11423,25451
11423,25452
11423,25453
11423,25454
11423,25455
11423,25456
11423,25457
11423,25458
11423,25459
11423,25460
11423,25461
11423,25462
11423,25463
11423,25464
11423,25465
11423,25466
11423,25467
11423,25468
11423,25469
11423,25470
11423,25471
11423,25472
11423,25473
11423,25474
11423,25475
11423,25476
11423,25477
11423,25478
11423,25479
11423,25480
11423,25481
11423,25482
11423,25483
11423,25484
11423,25485
11423,25486
11423,25487
11423,25488
11423,25489
11423,25490
11423,25491
11423,25492
11423,25493
11423,25494
11423,25495
11423,25496
11423,25497
11423,25498
11423,25499
11424,25310
11424,25311
11424,25312
11424,25313
11424,25314
11424,25315
11424,25316
11424,25317
11424,25318
11424,25319
11424,25320
11424,25321
11424,25322
11424,25323
11424,25324
11424,25325
11424,25326
11424,25327
11424,25328
11424,25329
11424,25330
11424,25331
11424,25332
11424,25333
11424,25334
11424,25335
11424,25336
11424,25337
11424,25338
11424,25339
11424,25340
11424,25341
11424,25342
11424,25343
11424,25344
11424,25345
11424,25346
11424,25347
11424,25348
11424,25349
11424,25350
11424,25351
11424,25352
11424,25353
11424,25354
11424,25355
11424,25356
11424,25357
11424,25358
11424,25359
11424,25360
11424,25361
11424,25362
11424,25363
11424,25364
11424,25365
11424,25366
11424,25367
11424,25368
11424,25369
11424,25370
11424,25371
11424,25372
11424,25373
11424,25374
11424,25375
11424,25376
11424,25377
11424,25378
11424,25379
11424,25380
11424,25381
11424,25382
11424,25383
11424,25384
11424,25385
11424,25386
11424,25387
11424,25388
11424,25389
11424,25390
11424,25391
11424,25392
11424,25393
11424,25394
11424,25395
11424,25396
11424,25397
11424,25398
11424,25399
11424,25400
11424,25401
11424,25402
11424,25403
11424,25404
11424,25405
11424,25406
11424,25407
11424,25408
11424,25409
11424,25410
11424,25411
11424,25412
11424,25413
11424,25414
11424,25415
11424,25416
11424,25417
11424,25418
11424,25419
11424,25420
11424,25421
11424,25422
11424,25423
11424,25424
11424,25425
11424,25426
11424,25427
11424,25428
11424,25429
11424,25430
11424,25431
11424,25432
11424,25433
11424,25434
11424,25435
11424,25436
11424,25437
11424,25438
11424,25439
11424,25440
11424,25441
11424,25442
11424,25443
11424,25444
11424,25445
11424,25446
11424,25447
11424,25448
11424,25449
11424,25450
11424,25451
11424,25452
11424,25453
11424,25454
11424,25455
11424,25456
11424,25457
11424,25458
11424,25459
11424,25460
11424,25461
11424,25462
11424,25463
11424,25464
11424,25465
11424,25466
11424,25467
11424,25468
11424,25469
11424,25470
11424,25471
11424,25472
11424,25473
11424,25474
11424,25475
11424,25476
11424,25477
11424,25478
11424,25479
11424,25480
11424,25481
11424,25482
11424,25483
11424,25484
11424,25485
11424,25486
11424,25487
11424,25488
11424,25489
11424,25490
11424,25491
11424,25492
11424,25493
11424,25494
11424,25495
11424,25496
11424,25497
11424,25498
11425,25310
11425,25311
11425,25312
11425,25313
11425,25314
11425,25315
11425,25316
11425,25317
11425,25318
11425,25319
11425,25320
11425,25321
11425,25322
11425,25323
11425,25324
11425,25325
11425,25326
11425,25327
11425,25328
11425,25329
11425,25330
11425,25331
11425,25332
11425,25333
11425,25334
11425,25335
11425,25336
11425,25337
11425,25338
11425,25339
11425,25340
11425,25341
11425,25342
11425,25343
11425,25344
11425,25345
11425,25346
11425,25347
11425,25348
11425,25349
11425,25350
11425,25351
11425,25352
11425,25353
11425,25354
11425,25355
11425,25356
11425,25357
11425,25358
11425,25359
11425,25360
11425,25361
11425,25362
11425,25363
11425,25364
11425,25365
11425,25366
11425,25367
11425,25368
11425,25369
11425,25370
11425,25371
11425,25372
11425,25373
11425,25374
11425,25375
11425,25376
11425,25377
11425,25378
11425,25379
11425,25380
11425,25381
11425,25382
11425,25383
11425,25384
11425,25385
11425,25386
11425,25387
11425,25388
11425,25389
11425,25390
11425,25391
11425,25392
11425,25393
11425,25394
11425,25395
11425,25396
11425,25397
11425,25398
11425,25399
11425,25400
11425,25401
11425,25402
11425,25403
11425,25404
11425,25405
11425,25406
11425,25407
11425,25408
11425,25409
11425,25410
11425,25411
11425,25412
11425,25413
11425,25414
11425,25415
11425,25416
11425,25417
11425,25418
11425,25419
11425,25420
11425,25421
11425,25422
11425,25423
11425,25424
11425,25425
11425,25426
11425,25427
11425,25428
11425,25429
11425,25430
11425,25431
11425,25432
11425,25433
11425,25434
11425,25435
11425,25436
11425,25437
11425,25438
11425,25439
11425,25440
11425,25441
11425,25442
11425,25443
11425,25444
11425,25445
11425,25446
11425,25447
11425,25448
11425,25449
11425,25450
11425,25451
11425,25452
11425,25453
11425,25454
11425,25455
11425,25456
11425,25457
11425,25458
11425,25459
11425,25460
11425,25461
11425,25462
11425,25463
11425,25464
11425,25465
11425,25466
11425,25467
11425,25468
11425,25469
11425,25470
11425,25471
11425,25472
11425,25473
11425,25474
11425,25475
11425,25476
11425,25477
11425,25478
11425,25479
11425,25480
11425,25481
11425,25482
11425,25483
11425,25484
11425,25485
11425,25486
11425,25487
11425,25488
11425,25489
11425,25490
11425,25491
11425,25492
11425,25493
11425,25494
11425,25495
11425,25496
11425,25497
11426,25309
11426,25310
11426,25311
11426,25312
11426,25313
11426,25314
11426,25315
11426,25316
11426,25317
11426,25318
11426,25319
11426,25320
11426,25321
11426,25322
11426,25323
11426,25324
11426,25325
11426,25326
11426,25327
11426,25328
11426,25329
11426,25330
11426,25331
11426,25332
11426,25333
11426,25334
11426,25335
11426,25336
11426,25337
11426,25338
11426,25339
11426,25340
11426,25341
11426,25342
11426,25343
11426,25344
11426,25345
11426,25346
11426,25347
11426,25348
11426,25349
11426,25350
11426,25351
11426,25352
11426,25353
11426,25354
11426,25355
11426,25356
11426,25357
11426,25358
11426,25359
11426,25360
11426,25361
11426,25362
11426,25363
11426,25364
11426,25365
11426,25366
11426,25367
11426,25368
11426,25369
11426,25370
11426,25371
11426,25372
11426,25373
11426,25374
11426,25375
11426,25376
11426,25377
11426,25378
11426,25379
11426,25380
11426,25381
11426,25382
11426,25383
11426,25384
11426,25385
11426,25386
11426,25387
11426,25388
11426,25389
11426,25390
11426,25391
11426,25392
11426,25393
11426,25394
11426,25395
11426,25396
11426,25397
11426,25398
11426,25399
11426,25400
11426,25401
11426,25402
11426,25403
11426,25404
11426,25405
11426,25406
11426,25407
11426,25408
11426,25409
11426,25410
11426,25411
11426,25412
11426,25413
11426,25414
11426,25415
11426,25416
11426,25417
11426,25418
11426,25419
11426,25420
11426,25421
11426,25422
11426,25423
11426,25424
11426,25425
11426,25426
11426,25427
11426,25428
11426,25429
11426,25430
11426,25431
11426,25432
11426,25433
11426,25434
11426,25435
11426,25436
11426,25437
11426,25438
11426,25439
11426,25440
11426,25441
11426,25442
11426,25443
11426,25444
11426,25445
11426,25446
11426,25447
11426,25448
11426,25449
11426,25450
11426,25451
11426,25452
11426,25453
11426,25454
11426,25455
11426,25456
11426,25457
11426,25458
11426,25459
11426,25460
11426,25461
11426,25462
11426,25463
11426,25464
11426,25465
11426,25466
11426,25467
11426,25468
11426,25469
11426,25470
11426,25471
11426,25472
11426,25473
11426,25474
11426,25475
11426,25476
11426,25477
11426,25478
11426,25479
11426,25480
11426,25481
11426,25482
11426,25483
11426,25484
11426,25485
11426,25486
11426,25487
11426,25488
11426,25489
11426,25490
11426,25491
11426,25492
11426,25493
11426,25494
11426,25495
11426,25496
11427,25310
11427,25311
11427,25312
11427,25313
11427,25314
11427,25315
11427,25316
11427,25317
11427,25318
11427,25319
11427,25320
11427,25321
11427,25322
11427,25323
11427,25324
11427,25325
11427,25326
11427,25327
11427,25328
11427,25329
11427,25330
11427,25331
11427,25332
11427,25333
11427,25334
11427,25335
11427,25336
11427,25337
11427,25338
11427,25339
11427,25340
11427,25341
11427,25342
11427,25343
11427,25344
11427,25345
11427,25346
11427,25347
11427,25348
11427,25349
11427,25350
11427,25351
11427,25352
11427,25353
11427,25354
11427,25355
11427,25356
11427,25357
11427,25358
11427,25359
11427,25360
11427,25361
11427,25362
11427,25363
11427,25364
11427,25365
11427,25366
11427,25367
11427,25368
11427,25369
11427,25370
11427,25371
11427,25372
11427,25373
11427,25374
11427,25375
11427,25376
11427,25377
11427,25378
11427,25379
11427,25380
11427,25381
11427,25382
11427,25383
11427,25384
11427,25385
11427,25386
11427,25387
11427,25388
11427,25389
11427,25390
11427,25391
11427,25392
11427,25393
11427,25394
11427,25395
11427,25396
11427,25397
11427,25398
11427,25399
11427,25400
11427,25401
11427,25402
11427,25403
11427,25404
11427,25405
11427,25406
11427,25407
11427,25408
11427,25409
11427,25410
11427,25411
11427,25412
11427,25413
11427,25414
11427,25415
11427,25416
11427,25417
11427,25418
11427,25419
11427,25420
11427,25421
11427,25422
11427,25423
11427,25424
11427,25425
11427,25426
11427,25427
11427,25428
11427,25429
11427,25430
11427,25431
11427,25432
11427,25433
11427,25434
11427,25435
11427,25436
11427,25437
11427,25438
11427,25439
11427,25440
11427,25441
11427,25442
11427,25443
11427,25444
11427,25445
11427,25446
11427,25447
11427,25448
11427,25449
11427,25450
11427,25451
11427,25452
11427,25453
11427,25454
11427,25455
11427,25456
11427,25457
11427,25458
11427,25459
11427,25460
11427,25461
11427,25462
11427,25463
11427,25464
11427,25465
11427,25466
11427,25467
11427,25468
11427,25469
11427,25470
11427,25471
11427,25472
11427,25473
11427,25474
11427,25475
11427,25476
11427,25477
11427,25478
11427,25479
11427,25480
11427,25481
11427,25482
11427,25483
11427,25484
11427,25485
11427,25486
11427,25487
11427,25488
11427,25489
11427,25490
11427,25491
11427,25492
11427,25493
11427,25494
11427,25495
11427,25496
11428,25309
11428,25310
11428,25311
11428,25312
11428,25313
11428,25314
11428,25315
11428,25316
11428,25317
11428,25318
11428,25319
11428,25320
11428,25321
11428,25322
11428,25323
11428,25324
11428,25325
11428,25326
11428,25327
11428,25328
11428,25329
11428,25330
11428,25331
11428,25332
11428,25333
11428,25334
11428,25335
11428,25336
11428,25337
11428,25338
11428,25339
11428,25340
11428,25341
11428,25342
11428,25343
11428,25344
11428,25345
11428,25346
11428,25347
11428,25348
11428,25349
11428,25350
11428,25351
11428,25352
11428,25353
11428,25354
11428,25355
11428,25356
11428,25357
11428,25358
11428,25359
11428,25360
11428,25361
11428,25362
11428,25363
11428,25364
11428,25365
11428,25366
11428,25367
11428,25368
11428,25369
11428,25370
11428,25371
11428,25372
11428,25373
11428,25374
11428,25375
11428,25376
11428,25377
11428,25378
11428,25379
11428,25380
11428,25381
11428,25382
11428,25383
11428,25384
11428,25385
11428,25386
11428,25387
11428,25388
11428,25389
11428,25390
11428,25391
11428,25392
11428,25393
11428,25394
11428,25395
11428,25396
11428,25397
11428,25398
11428,25399
11428,25400
11428,25401
11428,25402
11428,25403
11428,25404
11428,25405
11428,25406
11428,25407
11428,25408
11428,25409
11428,25410
11428,25411
11428,25412
11428,25413
11428,25414
11428,25415
11428,25416
11428,25417
11428,25418
11428,25419
11428,25420
11428,25421
11428,25422
11428,25423
11428,25424
11428,25425
11428,25426
11428,25427
11428,25428
11428,25429
11428,25430
11428,25431
11428,25432
11428,25433
11428,25434
11428,25435
11428,25436
11428,25437
11428,25438
11428,25439
11428,25440
11428,25441
11428,25442
11428,25443
11428,25444
11428,25445
11428,25446
11428,25447
11428,25448
11428,25449
11428,25450
11428,25451
11428,25452
11428,25453
11428,25454
11428,25455
11428,25456
11428,25457
11428,25458
11428,25459
11428,25460
11428,25461
11428,25462
11428,25463
11428,25464
11428,25465
11428,25466
11428,25467
11428,25468
11428,25469
11428,25470
11428,25471
11428,25472
11428,25473
11428,25474
11428,25475
11428,25476
11428,25477
11428,25478
11428,25479
11428,25480
11428,25481
11428,25482
11428,25483
11428,25484
11428,25485
11428,25486
11428,25487
11428,25488
11428,25489
11428,25490
11428,25491
11428,25492
11428,25493
11428,25494
11428,25495
11428,25496
11429,25308
11429,25309
11429,25310
11429,25311
11429,25312
11429,25313
11429,25314
11429,25315
11429,25316
11429,25317
11429,25318
11429,25319
11429,25320
11429,25321
11429,25322
11429,25323
11429,25324
11429,25325
11429,25326
11429,25327
11429,25328
11429,25329
11429,25330
11429,25331
11429,25332
11429,25333
11429,25334
11429,25335
11429,25336
11429,25337
11429,25338
11429,25339
11429,25340
11429,25341
11429,25342
11429,25343
11429,25344
11429,25345
11429,25346
11429,25347
11429,25348
11429,25349
11429,25350
11429,25351
11429,25352
11429,25353
11429,25354
11429,25355
11429,25356
11429,25357
11429,25358
11429,25359
11429,25360
11429,25361
11429,25362
11429,25363
11429,25364
11429,25365
11429,25366
11429,25367
11429,25368
11429,25369
11429,25370
11429,25371
11429,25372
11429,25373
11429,25374
11429,25375
11429,25376
11429,25377
11429,25378
11429,25379
11429,25380
11429,25381
11429,25382
11429,25383
11429,25384
11429,25385
11429,25386
11429,25387
11429,25388
11429,25389
11429,25390
11429,25391
11429,25392
11429,25393
11429,25394
11429,25395
11429,25396
11429,25397
11429,25398
11429,25399
11429,25400
11429,25401
11429,25402
11429,25403
11429,25404
11429,25405
11429,25406
11429,25407
11429,25408
11429,25409
11429,25410
11429,25411
11429,25412
11429,25413
11429,25414
11429,25415
11429,25416
11429,25417
11429,25418
11429,25419
11429,25420
11429,25421
11429,25422
11429,25423
11429,25424
11429,25425
11429,25426
11429,25427
11429,25428
11429,25429
11429,25430
11429,25431
11429,25432
11429,25433
11429,25434
11429,25435
11429,25436
11429,25437
11429,25438
11429,25439
11429,25440
11429,25441
11429,25442
11429,25443
11429,25444
11429,25445
11429,25446
11429,25447
11429,25448
11429,25449
11429,25450
11429,25451
11429,25452
11429,25453
11429,25454
11429,25455
11429,25456
11429,25457
11429,25458
11429,25459
11429,25460
11429,25461
11429,25462
11429,25463
11429,25464
11429,25465
11429,25466
11429,25467
11429,25468
11429,25469
11429,25470
11429,25471
11429,25472
11429,25473
11429,25474
11429,25475
11429,25476
11429,25477
11429,25478
11429,25479
11429,25480
11429,25481
11429,25482
11429,25483
11429,25484
11429,25485
11429,25486
11429,25487
11429,25488
11429,25489
11429,25490
11429,25491
11429,25492
11429,25493
11429,25494
11429,25495
11430,25308
11430,25309
11430,25310
11430,25311
11430,25312
11430,25313
11430,25314
11430,25315
11430,25316
11430,25317
11430,25318
11430,25319
11430,25320
11430,25321
11430,25322
11430,25323
11430,25324
11430,25325
11430,25326
11430,25327
11430,25328
11430,25329
11430,25330
11430,25331
11430,25332
11430,25333
11430,25334
11430,25335
11430,25336
11430,25337
11430,25338
11430,25339
11430,25340
11430,25341
11430,25342
11430,25343
11430,25344
11430,25345
11430,25346
11430,25347
11430,25348
11430,25349
11430,25350
11430,25351
11430,25352
11430,25353
11430,25354
11430,25355
11430,25356
11430,25357
11430,25358
11430,25359
11430,25360
11430,25361
11430,25362
11430,25363
11430,25364
11430,25365
11430,25366
11430,25367
11430,25368
11430,25369
11430,25370
11430,25371
11430,25372
11430,25373
11430,25374
11430,25375
11430,25376
11430,25377
11430,25378
11430,25379
11430,25380
11430,25381
11430,25382
11430,25383
11430,25384
11430,25385
11430,25386
11430,25387
11430,25388
11430,25389
11430,25390
11430,25391
11430,25392
11430,25393
11430,25394
11430,25395
11430,25396
11430,25397
11430,25398
11430,25399
11430,25400
11430,25401
11430,25402
11430,25403
11430,25404
11430,25405
11430,25406
11430,25407
11430,25408
11430,25409
11430,25410
11430,25411
11430,25412
11430,25413
11430,25414
11430,25415
11430,25416
11430,25417
11430,25418
11430,25419
11430,25420
11430,25421
11430,25422
11430,25423
11430,25424
11430,25425
11430,25426
11430,25427
11430,25428
11430,25429
11430,25430
11430,25431
11430,25432
11430,25433
11430,25434
11430,25435
11430,25436
11430,25437
11430,25438
11430,25439
11430,25440
11430,25441
11430,25442
11430,25443
11430,25444
11430,25445
11430,25446
11430,25447
11430,25448
11430,25449
11430,25450
11430,25451
11430,25452
11430,25453
11430,25454
11430,25455
11430,25456
11430,25457
11430,25458
11430,25459
11430,25460
11430,25461
11430,25462
11430,25463
11430,25464
11430,25465
11430,25466
11430,25467
11430,25468
11430,25469
11430,25470
11430,25471
11430,25472
11430,25473
11430,25474
11430,25475
11430,25476
11430,25477
11430,25478
11430,25479
11430,25480
11430,25481
11430,25482
11430,25483
11430,25484
11430,25485
11430,25486
11430,25487
11430,25488
11430,25489
11430,25490
11430,25491
11430,25492
11430,25493
11430,25494
11431,25308
11431,25309
11431,25310
11431,25311
11431,25312
11431,25313
11431,25314
11431,25315
11431,25316
11431,25317
11431,25318
11431,25319
11431,25320
11431,25321
11431,25322
11431,25323
11431,25324
11431,25325
11431,25326
11431,25327
11431,25328
11431,25329
11431,25330
11431,25331
11431,25332
11431,25333
11431,25334
11431,25335
11431,25336
11431,25337
11431,25338
11431,25339
11431,25340
11431,25341
11431,25342
11431,25343
11431,25344
11431,25345
11431,25346
11431,25347
11431,25348
11431,25349
11431,25350
11431,25351
11431,25352
11431,25353
11431,25354
11431,25355
11431,25356
11431,25357
11431,25358
11431,25359
11431,25360
11431,25361
11431,25362
11431,25363
11431,25364
11431,25365
11431,25366
11431,25367
11431,25368
11431,25369
11431,25370
11431,25371
11431,25372
11431,25373
11431,25374
11431,25375
11431,25376
11431,25377
11431,25378
11431,25379
11431,25380
11431,25381
11431,25382
11431,25383
11431,25384
11431,25385
11431,25386
11431,25387
11431,25388
11431,25389
11431,25390
11431,25391
11431,25392
11431,25393
11431,25394
11431,25395
11431,25396
11431,25397
11431,25398
11431,25399
11431,25400
11431,25401
11431,25402
11431,25403
11431,25404
11431,25405
11431,25406
11431,25407
11431,25408
11431,25409
11431,25410
11431,25411
11431,25412
11431,25413
11431,25414
11431,25415
11431,25416
11431,25417
11431,25418
11431,25419
11431,25420
11431,25421
11431,25422
11431,25423
11431,25424
11431,25425
11431,25426
11431,25427
11431,25428
11431,25429
11431,25430
11431,25431
11431,25432
11431,25433
11431,25434
11431,25435
11431,25436
11431,25437
11431,25438
11431,25439
11431,25440
11431,25441
11431,25442
11431,25443
11431,25444
11431,25445
11431,25446
11431,25447
11431,25448
11431,25449
11431,25450
11431,25451
11431,25452
11431,25453
11431,25454
11431,25455
11431,25456
11431,25457
11431,25458
11431,25459
11431,25460
11431,25461
11431,25462
11431,25463
11431,25464
11431,25465
11431,25466
11431,25467
11431,25468
11431,25469
11431,25470
11431,25471
11431,25472
11431,25473
11431,25474
11431,25475
11431,25476
11431,25477
11431,25478
11431,25479
11431,25480
11431,25481
11431,25482
11431,25483
11431,25484
11431,25485
11431,25486
11431,25487
11431,25488
11431,25489
11431,25490
11431,25491
11431,25492
11431,25493
11432,25307
11432,25308
11432,25309
11432,25310
11432,25311
11432,25312
11432,25313
11432,25314
11432,25315
11432,25316
11432,25317
11432,25318
11432,25319
11432,25320
11432,25321
11432,25322
11432,25323
11432,25324
11432,25325
11432,25326
11432,25327
11432,25328
11432,25329
11432,25330
11432,25331
11432,25332
11432,25333
11432,25334
11432,25335
11432,25336
11432,25337
11432,25338
11432,25339
11432,25340
11432,25341
11432,25342
11432,25343
11432,25344
11432,25345
11432,25346
11432,25347
11432,25348
11432,25349
11432,25350
11432,25351
11432,25352
11432,25353
11432,25354
11432,25355
11432,25356
11432,25357
11432,25358
11432,25359
11432,25360
11432,25361
11432,25362
11432,25363
11432,25364
11432,25365
11432,25366
11432,25367
11432,25368
11432,25369
11432,25370
11432,25371
11432,25372
11432,25373
11432,25374
11432,25375
11432,25376
11432,25377
11432,25378
11432,25379
11432,25380
11432,25381
11432,25382
11432,25383
11432,25384
11432,25385
11432,25386
11432,25387
11432,25388
11432,25389
11432,25390
11432,25391
11432,25392
11432,25393
11432,25394
11432,25395
11432,25396
11432,25397
11432,25398
11432,25399
11432,25400
11432,25401
11432,25402
11432,25403
11432,25404
11432,25405
11432,25406
11432,25407
11432,25408
11432,25409
11432,25410
11432,25411
11432,25412
11432,25413
11432,25414
11432,25415
11432,25416
11432,25417
11432,25418
11432,25419
11432,25420
11432,25421
11432,25422
11432,25423
11432,25424
11432,25425
11432,25426
11432,25427
11432,25428
11432,25429
11432,25430
11432,25431
11432,25432
11432,25433
11432,25434
11432,25435
11432,25436
11432,25437
11432,25438
11432,25439
11432,25440
11432,25441
11432,25442
11432,25443
11432,25444
11432,25445
11432,25446
11432,25447
11432,25448
11432,25449
11432,25450
11432,25451
11432,25452
11432,25453
11432,25454
11432,25455
11432,25456
11432,25457
11432,25458
11432,25459
11432,25460
11432,25461
11432,25462
11432,25463
11432,25464
11432,25465
11432,25466
11432,25467
11432,25468
11432,25469
11432,25470
11432,25471
11432,25472
11432,25473
11432,25474
11432,25475
11432,25476
11432,25477
11432,25478
11432,25479
11432,25480
11432,25481
11432,25482
11432,25483
11432,25484
11432,25485
11432,25486
11432,25487
11432,25488
11432,25489
11432,25490
11432,25491
11432,25492
11433,25306
11433,25307
11433,25308
11433,25309
11433,25310
11433,25311
11433,25312
11433,25313
11433,25314
11433,25315
11433,25316
11433,25317
11433,25318
11433,25319
11433,25320
11433,25321
11433,25322
11433,25323
11433,25324
11433,25325
11433,25326
11433,25327
11433,25328
11433,25329
11433,25330
11433,25331
11433,25332
11433,25333
11433,25334
11433,25335
11433,25336
11433,25337
11433,25338
11433,25339
11433,25340
11433,25341
11433,25342
11433,25343
11433,25344
11433,25345
11433,25346
11433,25347
11433,25348
11433,25349
11433,25350
11433,25351
11433,25352
11433,25353
11433,25354
11433,25355
11433,25356
11433,25357
11433,25358
11433,25359
11433,25360
11433,25361
11433,25362
11433,25363
11433,25364
11433,25365
11433,25366
11433,25367
11433,25368
11433,25369
11433,25370
11433,25371
11433,25372
11433,25373
11433,25374
11433,25375
11433,25376
11433,25377
11433,25378
11433,25379
11433,25380
11433,25381
11433,25382
11433,25383
11433,25384
11433,25385
11433,25386
11433,25387
11433,25388
11433,25389
11433,25390
11433,25391
11433,25392
11433,25393
11433,25394
11433,25395
11433,25396
11433,25397
11433,25398
11433,25399
11433,25400
11433,25401
11433,25402
11433,25403
11433,25404
11433,25405
11433,25406
11433,25407
11433,25408
11433,25409
11433,25410
11433,25411
11433,25412
11433,25413
11433,25414
11433,25415
11433,25416
11433,25417
11433,25418
11433,25419
11433,25420
11433,25421
11433,25422
11433,25423
11433,25424
11433,25425
11433,25426
11433,25427
11433,25428
11433,25429
11433,25430
11433,25431
11433,25432
11433,25433
11433,25434
11433,25435
11433,25436
11433,25437
11433,25438
11433,25439
11433,25440
11433,25441
11433,25442
11433,25443
11433,25444
11433,25445
11433,25446
11433,25447
11433,25448
11433,25449
11433,25450
11433,25451
11433,25452
11433,25453
11433,25454
11433,25455
11433,25456
11433,25457
11433,25458
11433,25459
11433,25460
11433,25461
11433,25462
11433,25463
11433,25464
11433,25465
11433,25466
11433,25467
11433,25468
11433,25469
11433,25470
11433,25471
11433,25472
11433,25473
11433,25474
11433,25475
11433,25476
11433,25477
11433,25478
11433,25479
11433,25480
11433,25481
11433,25482
11433,25483
11433,25484
11433,25485
11433,25486
11433,25487
11433,25488
11433,25489
11433,25490
11433,25491
11434,25303
11434,25304
11434,25305
11434,25306
11434,25307
11434,25308
11434,25309
11434,25310
11434,25311
11434,25312
11434,25313
11434,25314
11434,25315
11434,25316
11434,25317
11434,25318
11434,25319
11434,25320
11434,25321
11434,25322
11434,25323
11434,25324
11434,25325
11434,25326
11434,25327
11434,25328
11434,25329
11434,25330
11434,25331
11434,25332
11434,25333
11434,25334
11434,25335
11434,25336
11434,25337
11434,25338
11434,25339
11434,25340
11434,25341
11434,25342
11434,25343
11434,25344
11434,25345
11434,25346
11434,25347
11434,25348
11434,25349
11434,25350
11434,25351
11434,25352
11434,25353
11434,25354
11434,25355
11434,25356
11434,25357
11434,25358
11434,25359
11434,25360
11434,25361
11434,25362
11434,25363
11434,25364
11434,25365
11434,25366
11434,25367
11434,25368
11434,25369
11434,25370
11434,25371
11434,25372
11434,25373
11434,25374
11434,25375
11434,25376
11434,25377
11434,25378
11434,25379
11434,25380
11434,25381
11434,25382
11434,25383
11434,25384
11434,25385
11434,25386
11434,25387
11434,25388
11434,25389
11434,25390
11434,25391
11434,25392
11434,25393
11434,25394
11434,25395
11434,25396
11434,25397
11434,25398
11434,25399
11434,25400
11434,25401
11434,25402
11434,25403
11434,25404
11434,25405
11434,25406
11434,25407
11434,25408
11434,25409
11434,25410
11434,25411
11434,25412
11434,25413
11434,25414
11434,25415
11434,25416
11434,25417
11434,25418
11434,25419
11434,25420
11434,25421
11434,25422
11434,25423
11434,25424
11434,25425
11434,25426
11434,25427
11434,25428
11434,25429
11434,25430
11434,25431
11434,25432
11434,25433
11434,25434
11434,25435
11434,25436
11434,25437
11434,25438
11434,25439
11434,25440
11434,25441
11434,25442
11434,25443
11434,25444
11434,25445
11434,25446
11434,25447
11434,25448
11434,25449
11434,25450
11434,25451
11434,25452
11434,25453
11434,25454
11434,25455
11434,25456
11434,25457
11434,25458
11434,25459
11434,25460
11434,25461
11434,25462
11434,25463
11434,25464
11434,25465
11434,25466
11434,25467
11434,25468
11434,25469
11434,25470
11434,25471
11434,25472
11434,25473
11434,25474
11434,25475
11434,25476
11434,25477
11434,25478
11434,25479
11434,25480
11434,25481
11434,25482
11434,25483
11434,25484
11434,25485
11434,25486
11434,25487
11434,25488
11434,25489
11434,25490
11435,25302
11435,25303
11435,25304
11435,25305
11435,25306
11435,25307
11435,25308
11435,25309
11435,25310
11435,25311
11435,25312
11435,25313
11435,25314
11435,25315
11435,25316
11435,25317
11435,25318
11435,25319
11435,25320
11435,25321
11435,25322
11435,25323
11435,25324
11435,25325
11435,25326
11435,25327
11435,25328
11435,25329
11435,25330
11435,25331
11435,25332
11435,25333
11435,25334
11435,25335
11435,25336
11435,25337
11435,25338
11435,25339
11435,25340
11435,25341
11435,25342
11435,25343
11435,25344
11435,25345
11435,25346
11435,25347
11435,25348
11435,25349
11435,25350
11435,25351
11435,25352
11435,25353
11435,25354
11435,25355
11435,25356
11435,25357
11435,25358
11435,25359
11435,25360
11435,25361
11435,25362
11435,25363
11435,25364
11435,25365
11435,25366
11435,25367
11435,25368
11435,25369
11435,25370
11435,25371
11435,25372
11435,25373
11435,25374
11435,25375
11435,25376
11435,25377
11435,25378
11435,25379
11435,25380
11435,25381
11435,25382
11435,25383
11435,25384
11435,25385
11435,25386
11435,25387
11435,25388
11435,25389
11435,25390
11435,25391
11435,25392
11435,25393
11435,25394
11435,25395
11435,25396
11435,25397
11435,25398
11435,25399
11435,25400
11435,25401
11435,25402
11435,25403
11435,25404
11435,25405
11435,25406
11435,25407
11435,25408
11435,25409
11435,25410
11435,25411
11435,25412
11435,25413
11435,25414
11435,25415
11435,25416
11435,25417
11435,25418
11435,25419
11435,25420
11435,25421
11435,25422
11435,25423
11435,25424
11435,25425
11435,25426
11435,25427
11435,25428
11435,25429
11435,25430
11435,25431
11435,25432
11435,25433
11435,25434
11435,25435
11435,25436
11435,25437
11435,25438
11435,25439
11435,25440
11435,25441
11435,25442
11435,25443
11435,25444
11435,25445
11435,25446
11435,25447
11435,25448
11435,25449
11435,25450
11435,25451
11435,25452
11435,25453
11435,25454
11435,25455
11435,25456
11435,25457
11435,25458
11435,25459
11435,25460
11435,25461
11435,25462
11435,25463
11435,25464
11435,25465
11435,25466
11435,25467
11435,25468
11435,25469
11435,25470
11435,25471
11435,25472
11435,25473
11435,25474
11435,25475
11435,25476
11435,25477
11435,25478
11435,25479
11435,25480
11435,25481
11435,25482
11435,25483
11435,25484
11435,25485
11435,25486
11435,25487
11435,25488
11435,25489
11436,25301
11436,25302
11436,25303
11436,25304
11436,25305
11436,25306
11436,25307
11436,25308
11436,25309
11436,25310
11436,25311
11436,25312
11436,25313
11436,25314
11436,25315
11436,25316
11436,25317
11436,25318
11436,25319
11436,25320
11436,25321
11436,25322
11436,25323
11436,25324
11436,25325
11436,25326
11436,25327
11436,25328
11436,25329
11436,25330
11436,25331
11436,25332
11436,25333
11436,25334
11436,25335
11436,25336
11436,25337
11436,25338
11436,25339
11436,25340
11436,25341
11436,25342
11436,25343
11436,25344
11436,25345
11436,25346
11436,25347
11436,25348
11436,25349
11436,25350
11436,25351
11436,25352
11436,25353
11436,25354
11436,25355
11436,25356
11436,25357
11436,25358
11436,25359
11436,25360
11436,25361
11436,25362
11436,25363
11436,25364
11436,25365
11436,25366
11436,25367
11436,25368
11436,25369
11436,25370
11436,25371
11436,25372
11436,25373
11436,25374
11436,25375
11436,25376
11436,25377
11436,25378
11436,25379
11436,25380
11436,25381
11436,25382
11436,25383
11436,25384
11436,25385
11436,25386
11436,25387
11436,25388
11436,25389
11436,25390
11436,25391
11436,25392
11436,25393
11436,25394
11436,25395
11436,25396
11436,25397
11436,25398
11436,25399
11436,25400
11436,25401
11436,25402
11436,25403
11436,25404
11436,25405
11436,25406
11436,25407
11436,25408
11436,25409
11436,25410
11436,25411
11436,25412
11436,25413
11436,25414
11436,25415
11436,25416
11436,25417
11436,25418
11436,25419
11436,25420
11436,25421
11436,25422
11436,25423
11436,25424
11436,25425
11436,25426
11436,25427
11436,25428
11436,25429
11436,25430
11436,25431
11436,25432
11436,25433
11436,25434
11436,25435
11436,25436
11436,25437
11436,25438
11436,25439
11436,25440
11436,25441
11436,25442
11436,25443
11436,25444
11436,25445
11436,25446
11436,25447
11436,25448
11436,25449
11436,25450
11436,25451
11436,25452
11436,25453
11436,25454
11436,25455
11436,25456
11436,25457
11436,25458
11436,25459
11436,25460
11436,25461
11436,25462
11436,25463
11436,25464
11436,25465
11436,25466
11436,25467
11436,25468
11436,25469
11436,25470
11436,25471
11436,25472
11436,25473
11436,25474
11436,25475
11436,25476
11436,25477
11436,25478
11436,25479
11436,25480
11436,25481
11436,25482
11436,25483
11436,25484
11436,25485
11436,25486
11436,25487
11436,25488
11437,25300
11437,25301
11437,25302
11437,25303
11437,25304
11437,25305
11437,25306
11437,25307
11437,25308
11437,25309
11437,25310
11437,25311
11437,25312
11437,25313
11437,25314
11437,25315
11437,25316
11437,25317
11437,25318
11437,25319
11437,25320
11437,25321
11437,25322
11437,25323
11437,25324
11437,25325
11437,25326
11437,25327
11437,25328
11437,25329
11437,25330
11437,25331
11437,25332
11437,25333
11437,25334
11437,25335
11437,25336
11437,25337
11437,25338
11437,25339
11437,25340
11437,25341
11437,25342
11437,25343
11437,25344
11437,25345
11437,25346
11437,25347
11437,25348
11437,25349
11437,25350
11437,25351
11437,25352
11437,25353
11437,25354
11437,25355
11437,25356
11437,25357
11437,25358
11437,25359
11437,25360
11437,25361
11437,25362
11437,25363
11437,25364
11437,25365
11437,25366
11437,25367
11437,25368
11437,25369
11437,25370
11437,25371
11437,25372
11437,25373
11437,25374
11437,25375
11437,25376
11437,25377
11437,25378
11437,25379
11437,25380
11437,25381
11437,25382
11437,25383
11437,25384
11437,25385
11437,25386
11437,25387
11437,25388
11437,25389
11437,25390
11437,25391
11437,25392
11437,25393
11437,25394
11437,25395
11437,25396
11437,25397
11437,25398
11437,25399
11437,25400
11437,25401
11437,25402
11437,25403
11437,25404
11437,25405
11437,25406
11437,25407
11437,25408
11437,25409
11437,25410
11437,25411
11437,25412
11437,25413
11437,25414
11437,25415
11437,25416
11437,25417
11437,25418
11437,25419
11437,25420
11437,25421
11437,25422
11437,25423
11437,25424
11437,25425
11437,25426
11437,25427
11437,25428
11437,25429
11437,25430
11437,25431
11437,25432
11437,25433
11437,25434
11437,25435
11437,25436
11437,25437
11437,25438
11437,25439
11437,25440
11437,25441
11437,25442
11437,25443
11437,25444
11437,25445
11437,25446
11437,25447
11437,25448
11437,25449
11437,25450
11437,25451
11437,25452
11437,25453
11437,25454
11437,25455
11437,25456
11437,25457
11437,25458
11437,25459
11437,25460
11437,25461
11437,25462
11437,25463
11437,25464
11437,25465
11437,25466
11437,25467
11437,25468
11437,25469
11437,25470
11437,25471
11437,25472
11437,25473
11437,25474
11437,25475
11437,25476
11437,25477
11437,25478
11437,25479
11437,25480
11437,25481
11437,25482
11437,25483
11437,25484
11437,25485
11437,25486
11437,25487
11437,25488
11438,25299
11438,25300
11438,25301
11438,25302
11438,25303
11438,25304
11438,25305
11438,25306
11438,25307
11438,25308
11438,25309
11438,25310
11438,25311
11438,25312
11438,25313
11438,25314
11438,25315
11438,25316
11438,25317
11438,25318
11438,25319
11438,25320
11438,25321
11438,25322
11438,25323
11438,25324
11438,25325
11438,25326
11438,25327
11438,25328
11438,25329
11438,25330
11438,25331
11438,25332
11438,25333
11438,25334
11438,25335
11438,25336
11438,25337
11438,25338
11438,25339
11438,25340
11438,25341
11438,25342
11438,25343
11438,25344
11438,25345
11438,25346
11438,25347
11438,25348
11438,25349
11438,25350
11438,25351
11438,25352
11438,25353
11438,25354
11438,25355
11438,25356
11438,25357
11438,25358
11438,25359
11438,25360
11438,25361
11438,25362
11438,25363
11438,25364
11438,25365
11438,25366
11438,25367
11438,25368
11438,25369
11438,25370
11438,25371
11438,25372
11438,25373
11438,25374
11438,25375
11438,25376
11438,25377
11438,25378
11438,25379
11438,25380
11438,25381
11438,25382
11438,25383
11438,25384
11438,25385
11438,25386
11438,25387
11438,25388
11438,25389
11438,25390
11438,25391
11438,25392
11438,25393
11438,25394
11438,25395
11438,25396
11438,25397
11438,25398
11438,25399
11438,25400
11438,25401
11438,25402
11438,25403
11438,25404
11438,25405
11438,25406
11438,25407
11438,25408
11438,25409
11438,25410
11438,25411
11438,25412
11438,25413
11438,25414
11438,25415
11438,25416
11438,25417
11438,25418
11438,25419
11438,25420
11438,25421
11438,25422
11438,25423
11438,25424
11438,25425
11438,25426
11438,25427
11438,25428
11438,25429
11438,25430
11438,25431
11438,25432
11438,25433
11438,25434
11438,25435
11438,25436
11438,25437
11438,25438
11438,25439
11438,25440
11438,25441
11438,25442
11438,25443
11438,25444
11438,25445
11438,25446
11438,25447
11438,25448
11438,25449
11438,25450
11438,25451
11438,25452
11438,25453
11438,25454
11438,25455
11438,25456
11438,25457
11438,25458
11438,25459
11438,25460
11438,25461
11438,25462
11438,25463
11438,25464
11438,25465
11438,25466
11438,25467
11438,25468
11438,25469
11438,25470
11438,25471
11438,25472
11438,25473
11438,25474
11438,25475
11438,25476
11438,25477
11438,25478
11438,25479
11438,25480
11438,25481
11438,25482
11438,25483
11438,25484
11438,25485
11438,25486
11438,25487
11438,25488
11439,25299
11439,25300
11439,25301
11439,25302
11439,25303
11439,25304
11439,25305
11439,25306
11439,25307
11439,25308
11439,25309
11439,25310
11439,25311
11439,25312
11439,25313
11439,25314
11439,25315
11439,25316
11439,25317
11439,25318
11439,25319
11439,25320
11439,25321
11439,25322
11439,25323
11439,25324
11439,25325
11439,25326
11439,25327
11439,25328
11439,25329
11439,25330
11439,25331
11439,25332
11439,25333
11439,25334
11439,25335
11439,25336
11439,25337
11439,25338
11439,25339
11439,25340
11439,25341
11439,25342
11439,25343
11439,25344
11439,25345
11439,25346
11439,25347
11439,25348
11439,25349
11439,25350
11439,25351
11439,25352
11439,25353
11439,25354
11439,25355
11439,25356
11439,25357
11439,25358
11439,25359
11439,25360
11439,25361
11439,25362
11439,25363
11439,25364
11439,25365
11439,25366
11439,25367
11439,25368
11439,25369
11439,25370
11439,25371
11439,25372
11439,25373
11439,25374
11439,25375
11439,25376
11439,25377
11439,25378
11439,25379
11439,25380
11439,25381
11439,25382
11439,25383
11439,25384
11439,25385
11439,25386
11439,25387
11439,25388
11439,25389
11439,25390
11439,25391
11439,25392
11439,25393
11439,25394
11439,25395
11439,25396
11439,25397
11439,25398
11439,25399
11439,25400
11439,25401
11439,25402
11439,25403
11439,25404
11439,25405
11439,25406
11439,25407
11439,25408
11439,25409
11439,25410
11439,25411
11439,25412
11439,25413
11439,25414
11439,25415
11439,25416
11439,25417
11439,25418
11439,25419
11439,25420
11439,25421
11439,25422
11439,25423
11439,25424
11439,25425
11439,25426
11439,25427
11439,25428
11439,25429
11439,25430
11439,25431
11439,25432
11439,25433
11439,25434
11439,25435
11439,25436
11439,25437
11439,25438
11439,25439
11439,25440
11439,25441
11439,25442
11439,25443
11439,25444
11439,25445
11439,25446
11439,25447
11439,25448
11439,25449
11439,25450
11439,25451
11439,25452
11439,25453
11439,25454
11439,25455
11439,25456
11439,25457
11439,25458
11439,25459
11439,25460
11439,25461
11439,25462
11439,25463
11439,25464
11439,25465
11439,25466
11439,25467
11439,25468
11439,25469
11439,25470
11439,25471
11439,25472
11439,25473
11439,25474
11439,25475
11439,25476
11439,25477
11439,25478
11439,25479
11439,25480
11439,25481
11439,25482
11439,25483
11439,25484
11439,25485
11439,25486
11439,25487
11440,25299
11440,25300
11440,25301
11440,25302
11440,25303
11440,25304
11440,25305
11440,25306
11440,25307
11440,25308
11440,25309
11440,25310
11440,25311
11440,25312
11440,25313
11440,25314
11440,25315
11440,25316
11440,25317
11440,25318
11440,25319
11440,25320
11440,25321
11440,25322
11440,25323
11440,25324
11440,25325
11440,25326
11440,25327
11440,25328
11440,25329
11440,25330
11440,25331
11440,25332
11440,25333
11440,25334
11440,25335
11440,25336
11440,25337
11440,25338
11440,25339
11440,25340
11440,25341
11440,25342
11440,25343
11440,25344
11440,25345
11440,25346
11440,25347
11440,25348
11440,25349
11440,25350
11440,25351
11440,25352
11440,25353
11440,25354
11440,25355
11440,25356
11440,25357
11440,25358
11440,25359
11440,25360
11440,25361
11440,25362
11440,25363
11440,25364
11440,25365
11440,25366
11440,25367
11440,25368
11440,25369
11440,25370
11440,25371
11440,25372
11440,25373
11440,25374
11440,25375
11440,25376
11440,25377
11440,25378
11440,25379
11440,25380
11440,25381
11440,25382
11440,25383
11440,25384
11440,25385
11440,25386
11440,25387
11440,25388
11440,25389
11440,25390
11440,25391
11440,25392
11440,25393
11440,25394
11440,25395
11440,25396
11440,25397
11440,25398
11440,25399
11440,25400
11440,25401
11440,25402
11440,25403
11440,25404
11440,25405
11440,25406
11440,25407
11440,25408
11440,25409
11440,25410
11440,25411
11440,25412
11440,25413
11440,25414
11440,25415
11440,25416
11440,25417
11440,25418
11440,25419
11440,25420
11440,25421
11440,25422
11440,25423
11440,25424
11440,25425
11440,25426
11440,25427
11440,25428
11440,25429
11440,25430
11440,25431
11440,25432
11440,25433
11440,25434
11440,25435
11440,25436
11440,25437
11440,25438
11440,25439
11440,25440
11440,25441
11440,25442
11440,25443
11440,25444
11440,25445
11440,25446
11440,25447
11440,25448
11440,25449
11440,25450
11440,25451
11440,25452
11440,25453
11440,25454
11440,25455
11440,25456
11440,25457
11440,25458
11440,25459
11440,25460
11440,25461
11440,25462
11440,25463
11440,25464
11440,25465
11440,25466
11440,25467
11440,25468
11440,25469
11440,25470
11440,25471
11440,25472
11440,25473
11440,25474
11440,25475
11440,25476
11440,25477
11440,25478
11440,25479
11440,25480
11440,25481
11440,25482
11440,25483
11440,25484
11440,25485
11440,25486
11440,25487
11441,25298
11441,25299
11441,25300
11441,25301
11441,25302
11441,25303
11441,25304
11441,25305
11441,25306
11441,25307
11441,25308
11441,25309
11441,25310
11441,25311
11441,25312
11441,25313
11441,25314
11441,25315
11441,25316
11441,25317
11441,25318
11441,25319
11441,25320
11441,25321
11441,25322
11441,25323
11441,25324
11441,25325
11441,25326
11441,25327
11441,25328
11441,25329
11441,25330
11441,25331
11441,25332
11441,25333
11441,25334
11441,25335
11441,25336
11441,25337
11441,25338
11441,25339
11441,25340
11441,25341
11441,25342
11441,25343
11441,25344
11441,25345
11441,25346
11441,25347
11441,25348
11441,25349
11441,25350
11441,25351
11441,25352
11441,25353
11441,25354
11441,25355
11441,25356
11441,25357
11441,25358
11441,25359
11441,25360
11441,25361
11441,25362
11441,25363
11441,25364
11441,25365
11441,25366
11441,25367
11441,25368
11441,25369
11441,25370
11441,25371
11441,25372
11441,25373
11441,25374
11441,25375
11441,25376
11441,25377
11441,25378
11441,25379
11441,25380
11441,25381
11441,25382
11441,25383
11441,25384
11441,25385
11441,25386
11441,25387
11441,25388
11441,25389
11441,25390
11441,25391
11441,25392
11441,25393
11441,25394
11441,25395
11441,25396
11441,25397
11441,25398
11441,25399
11441,25400
11441,25401
11441,25402
11441,25403
11441,25404
11441,25405
11441,25406
11441,25407
11441,25408
11441,25409
11441,25410
11441,25411
11441,25412
11441,25413
11441,25414
11441,25415
11441,25416
11441,25417
11441,25418
11441,25419
11441,25420
11441,25421
11441,25422
11441,25423
11441,25424
11441,25425
11441,25426
11441,25427
11441,25428
11441,25429
11441,25430
11441,25431
11441,25432
11441,25433
11441,25434
11441,25435
11441,25436
11441,25437
11441,25438
11441,25439
11441,25440
11441,25441
11441,25442
11441,25443
11441,25444
11441,25445
11441,25446
11441,25447
11441,25448
11441,25449
11441,25450
11441,25451
11441,25452
11441,25453
11441,25454
11441,25455
11441,25456
11441,25457
11441,25458
11441,25459
11441,25460
11441,25461
11441,25462
11441,25463
11441,25464
11441,25465
11441,25466
11441,25467
11441,25468
11441,25469
11441,25470
11441,25471
11441,25472
11441,25473
11441,25474
11441,25475
11441,25476
11441,25477
11441,25478
11441,25479
11441,25480
11441,25481
11441,25482
11441,25483
11441,25484
11441,25485
11441,25486
11441,25487
11442,25298
11442,25299
11442,25300
11442,25301
11442,25302
11442,25303
11442,25304
11442,25305
11442,25306
11442,25307
11442,25308
11442,25309
11442,25310
11442,25311
11442,25312
11442,25313
11442,25314
11442,25315
11442,25316
11442,25317
11442,25318
11442,25319
11442,25320
11442,25321
11442,25322
11442,25323
11442,25324
11442,25325
11442,25326
11442,25327
11442,25328
11442,25329
11442,25330
11442,25331
11442,25332
11442,25333
11442,25334
11442,25335
11442,25336
11442,25337
11442,25338
11442,25339
11442,25340
11442,25341
11442,25342
11442,25343
11442,25344
11442,25345
11442,25346
11442,25347
11442,25348
11442,25349
11442,25350
11442,25351
11442,25352
11442,25353
11442,25354
11442,25355
11442,25356
11442,25357
11442,25358
11442,25359
11442,25360
11442,25361
11442,25362
11442,25363
11442,25364
11442,25365
11442,25366
11442,25367
11442,25368
11442,25369
11442,25370
11442,25371
11442,25372
11442,25373
11442,25374
11442,25375
11442,25376
11442,25377
11442,25378
11442,25379
11442,25380
11442,25381
11442,25382
11442,25383
11442,25384
11442,25385
11442,25386
11442,25387
11442,25388
11442,25389
11442,25390
11442,25391
11442,25392
11442,25393
11442,25394
11442,25395
11442,25396
11442,25397
11442,25398
11442,25399
11442,25400
11442,25401
11442,25402
11442,25403
11442,25404
11442,25405
11442,25406
11442,25407
11442,25408
11442,25409
11442,25410
11442,25411
11442,25412
11442,25413
11442,25414
11442,25415
11442,25416
11442,25417
11442,25418
11442,25419
11442,25420
11442,25421
11442,25422
11442,25423
11442,25424
11442,25425
11442,25426
11442,25427
11442,25428
11442,25429
11442,25430
11442,25431
11442,25432
11442,25433
11442,25434
11442,25435
11442,25436
11442,25437
11442,25438
11442,25439
11442,25440
11442,25441
11442,25442
11442,25443
11442,25444
11442,25445
11442,25446
11442,25447
11442,25448
11442,25449
11442,25450
11442,25451
11442,25452
11442,25453
11442,25454
11442,25455
11442,25456
11442,25457
11442,25458
11442,25459
11442,25460
11442,25461
11442,25462
11442,25463
11442,25464
11442,25465
11442,25466
11442,25467
11442,25468
11442,25469
11442,25470
11442,25471
11442,25472
11442,25473
11442,25474
11442,25475
11442,25476
11442,25477
11442,25478
11442,25479
11442,25480
11442,25481
11442,25482
11442,25483
11442,25484
11442,25485
11442,25486
11443,25299
11443,25300
11443,25301
11443,25302
11443,25303
11443,25304
11443,25305
11443,25306
11443,25307
11443,25308
11443,25309
11443,25310
11443,25311
11443,25312
11443,25313
11443,25314
11443,25315
11443,25316
11443,25317
11443,25318
11443,25319
11443,25320
11443,25321
11443,25322
11443,25323
11443,25324
11443,25325
11443,25326
11443,25327
11443,25328
11443,25329
11443,25330
11443,25331
11443,25332
11443,25333
11443,25334
11443,25335
11443,25336
11443,25337
11443,25338
11443,25339
11443,25340
11443,25341
11443,25342
11443,25343
11443,25344
11443,25345
11443,25346
11443,25347
11443,25348
11443,25349
11443,25350
11443,25351
11443,25352
11443,25353
11443,25354
11443,25355
11443,25356
11443,25357
11443,25358
11443,25359
11443,25360
11443,25361
11443,25362
11443,25363
11443,25364
11443,25365
11443,25366
11443,25367
11443,25368
11443,25369
11443,25370
11443,25371
11443,25372
11443,25373
11443,25374
11443,25375
11443,25376
11443,25377
11443,25378
11443,25379
11443,25380
11443,25381
11443,25382
11443,25383
11443,25384
11443,25385
11443,25386
11443,25387
11443,25388
11443,25389
11443,25390
11443,25391
11443,25392
11443,25393
11443,25394
11443,25395
11443,25396
11443,25397
11443,25398
11443,25399
11443,25400
11443,25401
11443,25402
11443,25403
11443,25404
11443,25405
11443,25406
11443,25407
11443,25408
11443,25409
11443,25410
11443,25411
11443,25412
11443,25413
11443,25414
11443,25415
11443,25416
11443,25417
11443,25418
11443,25419
11443,25420
11443,25421
11443,25422
11443,25423
11443,25424
11443,25425
11443,25426
11443,25427
11443,25428
11443,25429
11443,25430
11443,25431
11443,25432
11443,25433
11443,25434
11443,25435
11443,25436
11443,25437
11443,25438
11443,25439
11443,25440
11443,25441
11443,25442
11443,25443
11443,25444
11443,25445
11443,25446
11443,25447
11443,25448
11443,25449
11443,25450
11443,25451
11443,25452
11443,25453
11443,25454
11443,25455
11443,25456
11443,25457
11443,25458
11443,25459
11443,25460
11443,25461
11443,25462
11443,25463
11443,25464
11443,25465
11443,25466
11443,25467
11443,25468
11443,25469
11443,25470
11443,25471
11443,25472
11443,25473
11443,25474
11443,25475
11443,25476
11443,25477
11443,25478
11443,25479
11443,25480
11443,25481
11443,25482
11443,25483
11443,25484
11443,25485
11444,25299
11444,25300
11444,25301
11444,25302
11444,25303
11444,25304
11444,25305
11444,25306
11444,25307
11444,25308
11444,25309
11444,25310
11444,25311
11444,25312
11444,25313
11444,25314
11444,25315
11444,25316
11444,25317
11444,25318
11444,25319
11444,25320
11444,25321
11444,25322
11444,25323
11444,25324
11444,25325
11444,25326
11444,25327
11444,25328
11444,25329
11444,25330
11444,25331
11444,25332
11444,25333
11444,25334
11444,25335
11444,25336
11444,25337
11444,25338
11444,25339
11444,25340
11444,25341
11444,25342
11444,25343
11444,25344
11444,25345
11444,25346
11444,25347
11444,25348
11444,25349
11444,25350
11444,25351
11444,25352
11444,25353
11444,25354
11444,25355
11444,25356
11444,25357
11444,25358
11444,25359
11444,25360
11444,25361
11444,25362
11444,25363
11444,25364
11444,25365
11444,25366
11444,25367
11444,25368
11444,25369
11444,25370
11444,25371
11444,25372
11444,25373
11444,25374
11444,25375
11444,25376
11444,25377
11444,25378
11444,25379
11444,25380
11444,25381
11444,25382
11444,25383
11444,25384
11444,25385
11444,25386
11444,25387
11444,25388
11444,25389
11444,25390
11444,25391
11444,25392
11444,25393
11444,25394
11444,25395
11444,25396
11444,25397
11444,25398
11444,25399
11444,25400
11444,25401
11444,25402
11444,25403
11444,25404
11444,25405
11444,25406
11444,25407
11444,25408
11444,25409
11444,25410
11444,25411
11444,25412
11444,25413
11444,25414
11444,25415
11444,25416
11444,25417
11444,25418
11444,25419
11444,25420
11444,25421
11444,25422
11444,25423
11444,25424
11444,25425
11444,25426
11444,25427
11444,25428
11444,25429
11444,25430
11444,25431
11444,25432
11444,25433
11444,25434
11444,25435
11444,25436
11444,25437
11444,25438
11444,25439
11444,25440
11444,25441
11444,25442
11444,25443
11444,25444
11444,25445
11444,25446
11444,25447
11444,25448
11444,25449
11444,25450
11444,25451
11444,25452
11444,25453
11444,25454
11444,25455
11444,25456
11444,25457
11444,25458
11444,25459
11444,25460
11444,25461
11444,25462
11444,25463
11444,25464
11444,25465
11444,25466
11444,25467
11444,25468
11444,25469
11444,25470
11444,25471
11444,25472
11444,25473
11444,25474
11444,25475
11444,25476
11444,25477
11444,25478
11444,25479
11444,25480
11444,25481
11444,25482
11444,25483
11445,25299
11445,25300
11445,25301
11445,25302
11445,25303
11445,25304
11445,25305
11445,25306
11445,25307
11445,25308
11445,25309
11445,25310
11445,25311
11445,25312
11445,25313
11445,25314
11445,25315
11445,25316
11445,25317
11445,25318
11445,25319
11445,25320
11445,25321
11445,25322
11445,25323
11445,25324
11445,25325
11445,25326
11445,25327
11445,25328
11445,25329
11445,25330
11445,25331
11445,25332
11445,25333
11445,25334
11445,25335
11445,25336
11445,25337
11445,25338
11445,25339
11445,25340
11445,25341
11445,25342
11445,25343
11445,25344
11445,25345
11445,25346
11445,25347
11445,25348
11445,25349
11445,25350
11445,25351
11445,25352
11445,25353
11445,25354
11445,25355
11445,25356
11445,25357
11445,25358
11445,25359
11445,25360
11445,25361
11445,25362
11445,25363
11445,25364
11445,25365
11445,25366
11445,25367
11445,25368
11445,25369
11445,25370
11445,25371
11445,25372
11445,25373
11445,25374
11445,25375
11445,25376
11445,25377
11445,25378
11445,25379
11445,25380
11445,25381
11445,25382
11445,25383
11445,25384
11445,25385
11445,25386
11445,25387
11445,25388
11445,25389
11445,25390
11445,25391
11445,25392
11445,25393
11445,25394
11445,25395
11445,25396
11445,25397
11445,25398
11445,25399
11445,25400
11445,25401
11445,25402
11445,25403
11445,25404
11445,25405
11445,25406
11445,25407
11445,25408
11445,25409
11445,25410
11445,25411
11445,25412
11445,25413
11445,25414
11445,25415
11445,25416
11445,25417
11445,25418
11445,25419
11445,25420
11445,25421
11445,25422
11445,25423
11445,25424
11445,25425
11445,25426
11445,25427
11445,25428
11445,25429
11445,25430
11445,25431
11445,25432
11445,25433
11445,25434
11445,25435
11445,25436
11445,25437
11445,25438
11445,25439
11445,25440
11445,25441
11445,25442
11445,25443
11445,25444
11445,25445
11445,25446
11445,25447
11445,25448
11445,25449
11445,25450
11445,25451
11445,25452
11445,25453
11445,25454
11445,25455
11445,25456
11445,25457
11445,25458
11445,25459
11445,25460
11445,25461
11445,25462
11445,25463
11445,25464
11445,25465
11445,25466
11445,25467
11445,25468
11445,25469
11445,25470
11445,25471
11445,25472
11445,25473
11445,25474
11445,25475
11445,25476
11445,25477
11445,25478
11445,25479
11445,25480
11445,25481
11445,25482
11446,25298
11446,25299
11446,25300
11446,25301
11446,25302
11446,25303
11446,25304
11446,25305
11446,25306
11446,25307
11446,25308
11446,25309
11446,25310
11446,25311
11446,25312
11446,25313
11446,25314
11446,25315
11446,25316
11446,25317
11446,25318
11446,25319
11446,25320
11446,25321
11446,25322
11446,25323
11446,25324
11446,25325
11446,25326
11446,25327
11446,25328
11446,25329
11446,25330
11446,25331
11446,25332
11446,25333
11446,25334
11446,25335
11446,25336
11446,25337
11446,25338
11446,25339
11446,25340
11446,25341
11446,25342
11446,25343
11446,25344
11446,25345
11446,25346
11446,25347
11446,25348
11446,25349
11446,25350
11446,25351
11446,25352
11446,25353
11446,25354
11446,25355
11446,25356
11446,25357
11446,25358
11446,25359
11446,25360
11446,25361
11446,25362
11446,25363
11446,25364
11446,25365
11446,25366
11446,25367
11446,25368
11446,25369
11446,25370
11446,25371
11446,25372
11446,25373
11446,25374
11446,25375
11446,25376
11446,25377
11446,25378
11446,25379
11446,25380
11446,25381
11446,25382
11446,25383
11446,25384
11446,25385
11446,25386
11446,25387
11446,25388
11446,25389
11446,25390
11446,25391
11446,25392
11446,25393
11446,25394
11446,25395
11446,25396
11446,25397
11446,25398
11446,25399
11446,25400
11446,25401
11446,25402
11446,25403
11446,25404
11446,25405
11446,25406
11446,25407
11446,25408
11446,25409
11446,25410
11446,25411
11446,25412
11446,25413
11446,25414
11446,25415
11446,25416
11446,25417
11446,25418
11446,25419
11446,25420
11446,25421
11446,25422
11446,25423
11446,25424
11446,25425
11446,25426
11446,25427
11446,25428
11446,25429
11446,25430
11446,25431
11446,25432
11446,25433
11446,25434
11446,25435
11446,25436
11446,25437
11446,25438
11446,25439
11446,25440
11446,25441
11446,25442
11446,25443
11446,25444
11446,25445
11446,25446
11446,25447
11446,25448
11446,25449
11446,25450
11446,25451
11446,25452
11446,25453
11446,25454
11446,25455
11446,25456
11446,25457
11446,25458
11446,25459
11446,25460
11446,25461
11446,25462
11446,25463
11446,25464
11446,25465
11446,25466
11446,25467
11446,25468
11446,25469
11446,25470
11446,25471
11446,25472
11446,25473
11446,25474
11446,25475
11446,25476
11446,25477
11446,25478
11446,25479
11446,25480
11446,25481
11447,25299
11447,25300
11447,25301
11447,25302
11447,25303
11447,25304
11447,25305
11447,25306
11447,25307
11447,25308
11447,25309
11447,25310
11447,25311
11447,25312
11447,25313
11447,25314
11447,25315
11447,25316
11447,25317
11447,25318
11447,25319
11447,25320
11447,25321
11447,25322
11447,25323
11447,25324
11447,25325
11447,25326
11447,25327
11447,25328
11447,25329
11447,25330
11447,25331
11447,25332
11447,25333
11447,25334
11447,25335
11447,25336
11447,25337
11447,25338
11447,25339
11447,25340
11447,25341
11447,25342
11447,25343
11447,25344
11447,25345
11447,25346
11447,25347
11447,25348
11447,25349
11447,25350
11447,25351
11447,25352
11447,25353
11447,25354
11447,25355
11447,25356
11447,25357
11447,25358
11447,25359
11447,25360
11447,25361
11447,25362
11447,25363
11447,25364
11447,25365
11447,25366
11447,25367
11447,25368
11447,25369
11447,25370
11447,25371
11447,25372
11447,25373
11447,25374
11447,25375
11447,25376
11447,25377
11447,25378
11447,25379
11447,25380
11447,25381
11447,25382
11447,25383
11447,25384
11447,25385
11447,25386
11447,25387
11447,25388
11447,25389
11447,25390
11447,25391
11447,25392
11447,25393
11447,25394
11447,25395
11447,25396
11447,25397
11447,25398
11447,25399
11447,25400
11447,25401
11447,25402
11447,25403
11447,25404
11447,25405
11447,25406
11447,25407
11447,25408
11447,25409
11447,25410
11447,25411
11447,25412
11447,25413
11447,25414
11447,25415
11447,25416
11447,25417
11447,25418
11447,25419
11447,25420
11447,25421
11447,25422
11447,25423
11447,25424
11447,25425
11447,25426
11447,25427
11447,25428
11447,25429
11447,25430
11447,25431
11447,25432
11447,25433
11447,25434
11447,25435
11447,25436
11447,25437
11447,25438
11447,25439
11447,25440
11447,25441
11447,25442
11447,25443
11447,25444
11447,25445
11447,25446
11447,25447
11447,25448
11447,25449
11447,25450
11447,25451
11447,25452
11447,25453
11447,25454
11447,25455
11447,25456
11447,25457
11447,25458
11447,25459
11447,25460
11447,25461
11447,25462
11447,25463
11447,25464
11447,25465
11447,25466
11447,25467
11447,25468
11447,25469
11447,25470
11447,25471
11447,25472
11447,25473
11447,25474
11447,25475
11447,25476
11447,25477
11447,25478
11447,25479
11447,25480
11448,25299
11448,25300
11448,25301
11448,25302
11448,25303
11448,25304
11448,25305
11448,25306
11448,25307
11448,25308
11448,25309
11448,25310
11448,25311
11448,25312
11448,25313
11448,25314
11448,25315
11448,25316
11448,25317
11448,25318
11448,25319
11448,25320
11448,25321
11448,25322
11448,25323
11448,25324
11448,25325
11448,25326
11448,25327
11448,25328
11448,25329
11448,25330
11448,25331
11448,25332
11448,25333
11448,25334
11448,25335
11448,25336
11448,25337
11448,25338
11448,25339
11448,25340
11448,25341
11448,25342
11448,25343
11448,25344
11448,25345
11448,25346
11448,25347
11448,25348
11448,25349
11448,25350
11448,25351
11448,25352
11448,25353
11448,25354
11448,25355
11448,25356
11448,25357
11448,25358
11448,25359
11448,25360
11448,25361
11448,25362
11448,25363
11448,25364
11448,25365
11448,25366
11448,25367
11448,25368
11448,25369
11448,25370
11448,25371
11448,25372
11448,25373
11448,25374
11448,25375
11448,25376
11448,25377
11448,25378
11448,25379
11448,25380
11448,25381
11448,25382
11448,25383
11448,25384
11448,25385
11448,25386
11448,25387
11448,25388
11448,25389
11448,25390
11448,25391
11448,25392
11448,25393
11448,25394
11448,25395
11448,25396
11448,25397
11448,25398
11448,25399
11448,25400
11448,25401
11448,25402
11448,25403
11448,25404
11448,25405
11448,25406
11448,25407
11448,25408
11448,25409
11448,25410
11448,25411
11448,25412
11448,25413
11448,25414
11448,25415
11448,25416
11448,25417
11448,25418
11448,25419
11448,25420
11448,25421
11448,25422
11448,25423
11448,25424
11448,25425
11448,25426
11448,25427
11448,25428
11448,25429
11448,25430
11448,25431
11448,25432
11448,25433
11448,25434
11448,25435
11448,25436
11448,25437
11448,25438
11448,25439
11448,25440
11448,25441
11448,25442
11448,25443
11448,25444
11448,25445
11448,25446
11448,25447
11448,25448
11448,25449
11448,25450
11448,25451
11448,25452
11448,25453
11448,25454
11448,25455
11448,25456
11448,25457
11448,25458
11448,25459
11448,25460
11448,25461
11448,25462
11448,25463
11448,25464
11448,25465
11448,25466
11448,25467
11448,25468
11448,25469
11448,25470
11448,25471
11448,25472
11448,25473
11448,25474
11448,25475
11448,25476
11448,25477
11448,25478
11448,25479
11449,25299
11449,25300
11449,25301
11449,25302
11449,25303
11449,25304
11449,25305
11449,25306
11449,25307
11449,25308
11449,25309
11449,25310
11449,25311
11449,25312
11449,25313
11449,25314
11449,25315
11449,25316
11449,25317
11449,25318
11449,25319
11449,25320
11449,25321
11449,25322
11449,25323
11449,25324
11449,25325
11449,25326
11449,25327
11449,25328
11449,25329
11449,25330
11449,25331
11449,25332
11449,25333
11449,25334
11449,25335
11449,25336
11449,25337
11449,25338
11449,25339
11449,25340
11449,25341
11449,25342
11449,25343
11449,25344
11449,25345
11449,25346
11449,25347
11449,25348
11449,25349
11449,25350
11449,25351
11449,25352
11449,25353
11449,25354
11449,25355
11449,25356
11449,25357
11449,25358
11449,25359
11449,25360
11449,25361
11449,25362
11449,25363
11449,25364
11449,25365
11449,25366
11449,25367
11449,25368
11449,25369
11449,25370
11449,25371
11449,25372
11449,25373
11449,25374
11449,25375
11449,25376
11449,25377
11449,25378
11449,25379
11449,25380
11449,25381
11449,25382
11449,25383
11449,25384
11449,25385
11449,25386
11449,25387
11449,25388
11449,25389
11449,25390
11449,25391
11449,25392
11449,25393
11449,25394
11449,25395
11449,25396
11449,25397
11449,25398
11449,25399
11449,25400
11449,25401
11449,25402
11449,25403
11449,25404
11449,25405
11449,25406
11449,25407
11449,25408
11449,25409
11449,25410
11449,25411
11449,25412
11449,25413
11449,25414
11449,25415
11449,25416
11449,25417
11449,25418
11449,25419
11449,25420
11449,25421
11449,25422
11449,25423
11449,25424
11449,25425
11449,25426
11449,25427
11449,25428
11449,25429
11449,25430
11449,25431
11449,25432
11449,25433
11449,25434
11449,25435
11449,25436
11449,25437
11449,25438
11449,25439
11449,25440
11449,25441
11449,25442
11449,25443
11449,25444
11449,25445
11449,25446
11449,25447
11449,25448
11449,25449
11449,25450
11449,25451
11449,25452
11449,25453
11449,25454
11449,25455
11449,25456
11449,25457
11449,25458
11449,25459
11449,25460
11449,25461
11449,25462
11449,25463
11449,25464
11449,25465
11449,25466
11449,25467
11449,25468
11449,25469
11449,25470
11449,25471
11449,25472
11449,25473
11449,25474
11449,25475
11449,25476
11449,25477
11449,25478
11450,25300
11450,25301
11450,25302
11450,25303
11450,25304
11450,25305
11450,25306
11450,25307
11450,25308
11450,25309
11450,25310
11450,25311
11450,25312
11450,25313
11450,25314
11450,25315
11450,25316
11450,25317
11450,25318
11450,25319
11450,25320
11450,25321
11450,25322
11450,25323
11450,25324
11450,25325
11450,25326
11450,25327
11450,25328
11450,25329
11450,25330
11450,25331
11450,25332
11450,25333
11450,25334
11450,25335
11450,25336
11450,25337
11450,25338
11450,25339
11450,25340
11450,25341
11450,25342
11450,25343
11450,25344
11450,25345
11450,25346
11450,25347
11450,25348
11450,25349
11450,25350
11450,25351
11450,25352
11450,25353
11450,25354
11450,25355
11450,25356
11450,25357
11450,25358
11450,25359
11450,25360
11450,25361
11450,25362
11450,25363
11450,25364
11450,25365
11450,25366
11450,25367
11450,25368
11450,25369
11450,25370
11450,25371
11450,25372
11450,25373
11450,25374
11450,25375
11450,25376
11450,25377
11450,25378
11450,25379
11450,25380
11450,25381
11450,25382
11450,25383
11450,25384
11450,25385
11450,25386
11450,25387
11450,25388
11450,25389
11450,25390
11450,25391
11450,25392
11450,25393
11450,25394
11450,25395
11450,25396
11450,25397
11450,25398
11450,25399
11450,25400
11450,25401
11450,25402
11450,25403
11450,25404
11450,25405
11450,25406
11450,25407
11450,25408
11450,25409
11450,25410
11450,25411
11450,25412
11450,25413
11450,25414
11450,25415
11450,25416
11450,25417
11450,25418
11450,25419
11450,25420
11450,25421
11450,25422
11450,25423
11450,25424
11450,25425
11450,25426
11450,25427
11450,25428
11450,25429
11450,25430
11450,25431
11450,25432
11450,25433
11450,25434
11450,25435
11450,25436
11450,25437
11450,25438
11450,25439
11450,25440
11450,25441
11450,25442
11450,25443
11450,25444
11450,25445
11450,25446
11450,25447
11450,25448
11450,25449
11450,25450
11450,25451
11450,25452
11450,25453
11450,25454
11450,25455
11450,25456
11450,25457
11450,25458
11450,25459
11450,25460
11450,25461
11450,25462
11450,25463
11450,25464
11450,25465
11450,25466
11450,25467
11450,25468
11450,25469
11450,25470
11450,25471
11450,25472
11450,25473
11450,25474
11450,25475
11450,25476
11450,25477
11451,25301
11451,25302
11451,25303
11451,25304
11451,25305
11451,25306
11451,25307
11451,25308
11451,25309
11451,25310
11451,25311
11451,25312
11451,25313
11451,25314
11451,25315
11451,25316
11451,25317
11451,25318
11451,25319
11451,25320
11451,25321
11451,25322
11451,25323
11451,25324
11451,25325
11451,25326
11451,25327
11451,25328
11451,25329
11451,25330
11451,25331
11451,25332
11451,25333
11451,25334
11451,25335
11451,25336
11451,25337
11451,25338
11451,25339
11451,25340
11451,25341
11451,25342
11451,25343
11451,25344
11451,25345
11451,25346
11451,25347
11451,25348
11451,25349
11451,25350
11451,25351
11451,25352
11451,25353
11451,25354
11451,25355
11451,25356
11451,25357
11451,25358
11451,25359
11451,25360
11451,25361
11451,25362
11451,25363
11451,25364
11451,25365
11451,25366
11451,25367
11451,25368
11451,25369
11451,25370
11451,25371
11451,25372
11451,25373
11451,25374
11451,25375
11451,25376
11451,25377
11451,25378
11451,25379
11451,25380
11451,25381
11451,25382
11451,25383
11451,25384
11451,25385
11451,25386
11451,25387
11451,25388
11451,25389
11451,25390
11451,25391
11451,25392
11451,25393
11451,25394
11451,25395
11451,25396
11451,25397
11451,25398
11451,25399
11451,25400
11451,25401
11451,25402
11451,25403
11451,25404
11451,25405
11451,25406
11451,25407
11451,25408
11451,25409
11451,25410
11451,25411
11451,25412
11451,25413
11451,25414
11451,25415
11451,25416
11451,25417
11451,25418
11451,25419
11451,25420
11451,25421
11451,25422
11451,25423
11451,25424
11451,25425
11451,25426
11451,25427
11451,25428
11451,25429
11451,25430
11451,25431
11451,25432
11451,25433
11451,25434
11451,25435
11451,25436
11451,25437
11451,25438
11451,25439
11451,25440
11451,25441
11451,25442
11451,25443
11451,25444
11451,25445
11451,25446
11451,25447
11451,25448
11451,25449
11451,25450
11451,25451
11451,25452
11451,25453
11451,25454
11451,25455
11451,25456
11451,25457
11451,25458
11451,25459
11451,25460
11451,25461
11451,25462
11451,25463
11451,25464
11451,25465
11451,25466
11451,25467
11451,25468
11451,25469
11451,25470
11451,25471
11451,25472
11451,25473
11451,25474
11451,25475
11452,25304
11452,25305
11452,25306
11452,25307
11452,25308
11452,25309
11452,25310
11452,25311
11452,25312
11452,25313
11452,25314
11452,25315
11452,25316
11452,25317
11452,25318
11452,25319
11452,25320
11452,25321
11452,25322
11452,25323
11452,25324
11452,25325
11452,25326
11452,25327
11452,25328
11452,25329
11452,25330
11452,25331
11452,25332
11452,25333
11452,25334
11452,25335
11452,25336
11452,25337
11452,25338
11452,25339
11452,25340
11452,25341
11452,25342
11452,25343
11452,25344
11452,25345
11452,25346
11452,25347
11452,25348
11452,25349
11452,25350
11452,25351
11452,25352
11452,25353
11452,25354
11452,25355
11452,25356
11452,25357
11452,25358
11452,25359
11452,25360
11452,25361
11452,25362
11452,25363
11452,25364
11452,25365
11452,25366
11452,25367
11452,25368
11452,25369
11452,25370
11452,25371
11452,25372
11452,25373
11452,25374
11452,25375
11452,25376
11452,25377
11452,25378
11452,25379
11452,25380
11452,25381
11452,25382
11452,25383
11452,25384
11452,25385
11452,25386
11452,25387
11452,25388
11452,25389
11452,25390
11452,25391
11452,25392
11452,25393
11452,25394
11452,25395
11452,25396
11452,25397
11452,25398
11452,25399
11452,25400
11452,25401
11452,25402
11452,25403
11452,25404
11452,25405
11452,25406
11452,25407
11452,25408
11452,25409
11452,25410
11452,25411
11452,25412
11452,25413
11452,25414
11452,25415
11452,25416
11452,25417
11452,25418
11452,25419
11452,25420
11452,25421
11452,25422
11452,25423
11452,25424
11452,25425
11452,25426
11452,25427
11452,25428
11452,25429
11452,25430
11452,25431
11452,25432
11452,25433
11452,25434
11452,25435
11452,25436
11452,25437
11452,25438
11452,25439
11452,25440
11452,25441
11452,25442
11452,25443
11452,25444
11452,25445
11452,25446
11452,25447
11452,25448
11452,25449
11452,25450
11452,25451
11452,25452
11452,25453
11452,25454
11452,25455
11452,25456
11452,25457
11452,25458
11452,25459
11452,25460
11452,25461
11452,25462
11452,25463
11452,25464
11452,25465
11452,25466
11452,25467
11452,25468
11452,25469
11452,25470
11452,25471
11452,25472
11453,25305
11453,25306
11453,25307
11453,25308
11453,25309
11453,25310
11453,25311
11453,25312
11453,25313
11453,25314
11453,25315
11453,25316
11453,25317
11453,25318
11453,25319
11453,25320
11453,25321
11453,25322
11453,25323
11453,25324
11453,25325
11453,25326
11453,25327
11453,25328
11453,25329
11453,25330
11453,25331
11453,25332
11453,25333
11453,25334
11453,25335
11453,25336
11453,25337
11453,25338
11453,25339
11453,25340
11453,25341
11453,25342
11453,25343
11453,25344
11453,25345
11453,25346
11453,25347
11453,25348
11453,25349
11453,25350
11453,25351
11453,25352
11453,25353
11453,25354
11453,25355
11453,25356
11453,25357
11453,25358
11453,25359
11453,25360
11453,25361
11453,25362
11453,25363
11453,25364
11453,25365
11453,25366
11453,25367
11453,25368
11453,25369
11453,25370
11453,25371
11453,25372
11453,25373
11453,25374
11453,25375
11453,25376
11453,25377
11453,25378
11453,25379
11453,25380
11453,25381
11453,25382
11453,25383
11453,25384
11453,25385
11453,25386
11453,25387
11453,25388
11453,25389
11453,25390
11453,25391
11453,25392
11453,25393
11453,25394
11453,25395
11453,25396
11453,25397
11453,25398
11453,25399
11453,25400
11453,25401
11453,25402
11453,25403
11453,25404
11453,25405
11453,25406
11453,25407
11453,25408
11453,25409
11453,25410
11453,25411
11453,25412
11453,25413
11453,25414
11453,25415
11453,25416
11453,25417
11453,25418
11453,25419
11453,25420
11453,25421
11453,25422
11453,25426
11453,25427
11453,25428
11453,25429
11453,25430
11453,25431
11453,25432
11453,25433
11453,25434
11453,25435
11453,25436
11453,25437
11453,25438
11453,25439
11453,25440
11453,25441
11453,25442
11453,25443
11453,25444
11453,25445
11453,25446
11453,25447
11453,25448
11453,25449
11453,25450
11453,25451
11453,25452
11453,25453
11453,25454
11453,25455
11453,25456
11453,25457
11453,25458
11453,25459
11453,25460
11453,25461
11453,25462
11453,25463
11453,25464
11453,25465
11453,25466
11453,25467
11453,25468
11453,25469
11453,25470
11453,25471
11453,25472
11454,25306
11454,25307
11454,25308
11454,25309
11454,25310
11454,25311
11454,25312
11454,25313
11454,25314
11454,25315
11454,25316
11454,25317
11454,25318
11454,25319
11454,25320
11454,25321
11454,25322
11454,25323
11454,25324
11454,25325
11454,25326
11454,25327
11454,25328
11454,25329
11454,25330
11454,25331
11454,25332
11454,25333
11454,25334
11454,25335
11454,25336
11454,25337
11454,25338
11454,25339
11454,25340
11454,25341
11454,25342
11454,25343
11454,25344
11454,25345
11454,25346
11454,25347
11454,25348
11454,25349
11454,25350
11454,25351
11454,25352
11454,25353
11454,25354
11454,25355
11454,25356
11454,25357
11454,25358
11454,25359
11454,25360
11454,25361
11454,25362
11454,25363
11454,25364
11454,25365
11454,25366
11454,25367
11454,25368
11454,25369
11454,25370
11454,25371
11454,25372
11454,25373
11454,25374
11454,25375
11454,25376
11454,25377
11454,25378
11454,25379
11454,25380
11454,25381
11454,25382
11454,25383
11454,25384
11454,25385
11454,25386
11454,25387
11454,25388
11454,25389
11454,25390
11454,25391
11454,25392
11454,25393
11454,25394
11454,25395
11454,25396
11454,25397
11454,25398
11454,25399
11454,25400
11454,25401
11454,25402
11454,25403
11454,25404
11454,25405
11454,25406
11454,25407
11454,25408
11454,25409
11454,25410
11454,25411
11454,25412
11454,25413
11454,25414
11454,25415
11454,25416
11454,25417
11454,25418
11454,25419
11454,25420
11454,25421
11454,25422
11454,25423
11454,25428
11454,25429
11454,25430
11454,25431
11454,25432
11454,25433
11454,25434
11454,25435
11454,25436
11454,25437
11454,25438
11454,25439
11454,25440
11454,25441
11454,25442
11454,25443
11454,25444
11454,25445
11454,25446
11454,25447
11454,25448
11454,25449
11454,25450
11454,25451
11454,25452
11454,25453
11454,25454
11454,25455
11454,25456
11454,25457
11454,25458
11454,25459
11454,25460
11454,25461
11454,25462
11454,25463
11454,25464
11454,25465
11454,25466
11454,25467
11454,25468
11454,25469
11454,25470
11454,25471
11454,25472
11455,25307
11455,25308
11455,25309
11455,25310
11455,25311
11455,25312
11455,25313
11455,25314
11455,25315
11455,25316
11455,25317
11455,25318
11455,25319
11455,25320
11455,25321
11455,25322
11455,25323
11455,25324
11455,25325
11455,25326
11455,25327
11455,25328
11455,25329
11455,25330
11455,25331
11455,25332
11455,25333
11455,25334
11455,25335
11455,25336
11455,25337
11455,25338
11455,25339
11455,25340
11455,25341
11455,25342
11455,25343
11455,25344
11455,25345
11455,25346
11455,25347
11455,25348
11455,25349
11455,25350
11455,25351
11455,25352
11455,25353
11455,25354
11455,25355
11455,25356
11455,25357
11455,25358
11455,25359
11455,25360
11455,25361
11455,25362
11455,25363
11455,25364
11455,25365
11455,25366
11455,25367
11455,25368
11455,25369
11455,25370
11455,25371
11455,25372
11455,25373
11455,25374
11455,25375
11455,25376
11455,25377
11455,25378
11455,25379
11455,25380
11455,25381
11455,25382
11455,25383
11455,25384
11455,25385
11455,25386
11455,25387
11455,25388
11455,25389
11455,25390
11455,25391
11455,25392
11455,25393
11455,25394
11455,25395
11455,25396
11455,25397
11455,25398
11455,25399
11455,25400
11455,25401
11455,25402
11455,25403
11455,25404
11455,25405
11455,25406
11455,25407
11455,25408
11455,25409
11455,25410
11455,25411
11455,25412
11455,25413
11455,25414
11455,25415
11455,25416
11455,25417
11455,25418
11455,25419
11455,25420
11455,25421
11455,25422
11455,25423
11455,25429
11455,25430
11455,25431
11455,25432
11455,25433
11455,25434
11455,25435
11455,25436
11455,25437
11455,25438
11455,25439
11455,25440
11455,25441
11455,25442
11455,25443
11455,25444
11455,25445
11455,25446
11455,25447
11455,25448
11455,25449
11455,25450
11455,25451
11455,25452
11455,25453
11455,25454
11455,25455
11455,25456
11455,25457
11455,25458
11455,25459
11455,25460
11455,25461
11455,25462
11455,25463
11455,25464
11455,25465
11455,25466
11455,25467
11455,25468
11455,25469
11455,25470
11455,25471
11456,25308
11456,25309
11456,25310
11456,25311
11456,25312
11456,25313
11456,25314
11456,25315
11456,25316
11456,25317
11456,25318
11456,25319
11456,25320
11456,25321
11456,25322
11456,25323
11456,25324
11456,25325
11456,25326
11456,25327
11456,25328
11456,25329
11456,25330
11456,25331
11456,25332
11456,25333
11456,25334
11456,25335
11456,25336
11456,25337
11456,25338
11456,25339
11456,25340
11456,25341
11456,25342
11456,25343
11456,25344
11456,25345
11456,25346
11456,25347
11456,25348
11456,25349
11456,25350
11456,25351
11456,25352
11456,25353
11456,25354
11456,25355
11456,25356
11456,25357
11456,25358
11456,25359
11456,25360
11456,25361
11456,25362
11456,25363
11456,25364
11456,25365
11456,25366
11456,25367
11456,25368
11456,25369
11456,25370
11456,25371
11456,25372
11456,25373
11456,25374
11456,25375
11456,25376
11456,25377
11456,25378
11456,25379
11456,25380
11456,25381
11456,25382
11456,25383
11456,25384
11456,25385
11456,25386
11456,25387
11456,25388
11456,25389
11456,25390
11456,25391
11456,25392
11456,25393
11456,25394
11456,25395
11456,25396
11456,25397
11456,25398
11456,25399
11456,25400
11456,25401
11456,25402
11456,25403
11456,25404
11456,25405
11456,25406
11456,25407
11456,25408
11456,25409
11456,25410
11456,25411
11456,25412
11456,25413
11456,25414
11456,25415
11456,25416
11456,25417
11456,25418
11456,25419
11456,25420
11456,25421
11456,25422
11456,25423
11456,25431
11456,25432
11456,25433
11456,25434
11456,25435
11456,25436
11456,25437
11456,25438
11456,25439
11456,25440
11456,25441
11456,25442
11456,25443
11456,25444
11456,25445
11456,25446
11456,25447
11456,25448
11456,25449
11456,25450
11456,25451
11456,25452
11456,25453
11456,25454
11456,25455
11456,25456
11456,25457
11456,25458
11456,25459
11456,25460
11456,25461
11456,25462
11456,25463
11456,25464
11456,25465
11456,25466
11456,25467
11456,25468
11456,25469
11456,25470
11457,25309
11457,25310
11457,25311
11457,25312
11457,25313
11457,25314
11457,25315
11457,25316
11457,25317
11457,25318
11457,25319
11457,25320
11457,25321
11457,25322
11457,25323
11457,25324
11457,25325
11457,25326
11457,25327
11457,25328
11457,25329
11457,25330
11457,25331
11457,25332
11457,25333
11457,25334
11457,25335
11457,25336
11457,25337
11457,25338
11457,25339
11457,25340
11457,25341
11457,25342
11457,25343
11457,25344
11457,25345
11457,25346
11457,25347
11457,25348
11457,25349
11457,25350
11457,25351
11457,25352
11457,25353
11457,25354
11457,25355
11457,25356
11457,25357
11457,25358
11457,25359
11457,25360
11457,25361
11457,25362
11457,25363
11457,25364
11457,25365
11457,25366
11457,25367
11457,25368
11457,25369
11457,25370
11457,25371
11457,25372
11457,25373
11457,25374
11457,25375
11457,25376
11457,25377
11457,25378
11457,25379
11457,25380
11457,25381
11457,25382
11457,25383
11457,25384
11457,25385
11457,25386
11457,25387
11457,25388
11457,25389
11457,25390
11457,25391
11457,25392
11457,25393
11457,25394
11457,25395
11457,25396
11457,25397
11457,25398
11457,25399
11457,25400
11457,25401
11457,25402
11457,25403
11457,25404
11457,25405
11457,25406
11457,25407
11457,25408
11457,25409
11457,25410
11457,25411
11457,25412
11457,25413
11457,25414
11457,25415
11457,25416
11457,25417
11457,25418
11457,25419
11457,25420
11457,25421
11457,25422
11457,25423
11457,25424
11457,25434
11457,25435
11457,25436
11457,25437
11457,25438
11457,25439
11457,25440
11457,25441
11457,25442
11457,25443
11457,25444
11457,25445
11457,25446
11457,25447
11457,25448
11457,25449
11457,25450
11457,25451
11457,25452
11457,25453
11457,25454
11457,25455
11457,25456
11457,25457
11457,25458
11457,25459
11457,25460
11457,25461
11457,25462
11457,25463
11457,25464
11457,25465
11457,25466
11457,25467
11457,25468
11457,25469
11458,25310
11458,25311
11458,25312
11458,25313
11458,25314
11458,25315
11458,25316
11458,25317
11458,25318
11458,25319
11458,25320
11458,25321
11458,25322
11458,25323
11458,25324
11458,25325
11458,25326
11458,25327
11458,25328
11458,25329
11458,25330
11458,25331
11458,25332
11458,25333
11458,25334
11458,25335
11458,25336
11458,25337
11458,25338
11458,25339
11458,25340
11458,25341
11458,25342
11458,25343
11458,25344
11458,25345
11458,25346
11458,25347
11458,25348
11458,25349
11458,25350
11458,25351
11458,25352
11458,25353
11458,25354
11458,25355
11458,25356
11458,25357
11458,25358
11458,25359
11458,25360
11458,25361
11458,25362
11458,25363
11458,25364
11458,25365
11458,25366
11458,25367
11458,25368
11458,25369
11458,25370
11458,25371
11458,25372
11458,25373
11458,25374
11458,25375
11458,25376
11458,25377
11458,25378
11458,25379
11458,25380
11458,25381
11458,25382
11458,25383
11458,25384
11458,25385
11458,25386
11458,25387
11458,25388
11458,25389
11458,25390
11458,25391
11458,25392
11458,25393
11458,25394
11458,25395
11458,25396
11458,25397
11458,25398
11458,25399
11458,25400
11458,25401
11458,25402
11458,25403
11458,25404
11458,25405
11458,25406
11458,25407
11458,25408
11458,25409
11458,25410
11458,25411
11458,25412
11458,25413
11458,25414
11458,25415
11458,25416
11458,25417
11458,25418
11458,25419
11458,25420
11458,25421
11458,25422
11458,25423
11458,25424
11458,25434
11458,25435
11458,25436
11458,25437
11458,25438
11458,25439
11458,25440
11458,25441
11458,25442
11458,25443
11458,25444
11458,25445
11458,25446
11458,25447
11458,25448
11458,25449
11458,25450
11458,25451
11458,25452
11458,25453
11458,25454
11458,25455
11458,25456
11458,25457
11458,25458
11458,25460
11458,25461
11458,25462
11458,25463
11458,25464
11458,25465
11458,25466
11458,25467
11459,25311
11459,25312
11459,25313
11459,25314
11459,25315
11459,25316
11459,25317
11459,25318
11459,25319
11459,25320
11459,25321
11459,25322
11459,25323
11459,25324
11459,25325
11459,25326
11459,25327
11459,25328
11459,25329
11459,25330
11459,25331
11459,25332
11459,25333
11459,25334
11459,25335
11459,25336
11459,25337
11459,25338
11459,25339
11459,25340
11459,25341
11459,25342
11459,25343
11459,25344
11459,25345
11459,25346
11459,25347
11459,25348
11459,25349
11459,25350
11459,25351
11459,25352
11459,25353
11459,25354
11459,25355
11459,25356
11459,25357
11459,25358
11459,25359
11459,25360
11459,25361
11459,25362
11459,25363
11459,25364
11459,25365
11459,25366
11459,25367
11459,25368
11459,25369
11459,25370
11459,25371
11459,25372
11459,25373
11459,25374
11459,25375
11459,25376
11459,25377
11459,25378
11459,25379
11459,25380
11459,25381
11459,25382
11459,25383
11459,25384
11459,25385
11459,25386
11459,25387
11459,25388
11459,25389
11459,25390
11459,25391
11459,25392
11459,25393
11459,25394
11459,25395
11459,25396
11459,25397
11459,25398
11459,25399
11459,25400
11459,25401
11459,25402
11459,25403
11459,25404
11459,25405
11459,25406
11459,25407
11459,25408
11459,25409
11459,25410
11459,25411
11459,25412
11459,25413
11459,25414
11459,25415
11459,25416
11459,25417
11459,25418
11459,25419
11459,25420
11459,25421
11459,25422
11459,25423
11459,25424
11459,25434
11459,25435
11459,25436
11459,25437
11459,25438
11459,25439
11459,25440
11459,25441
11459,25442
11459,25443
11459,25444
11459,25445
11459,25446
11459,25447
11459,25448
11459,25449
11459,25450
11459,25451
11459,25452
11459,25453
11459,25454
11459,25455
11459,25456
11459,25463
11460,25312
11460,25313
11460,25314
11460,25315
11460,25316
11460,25317
11460,25318
11460,25319
11460,25320
11460,25321
11460,25322
11460,25323
11460,25324
11460,25325
11460,25326
11460,25327
11460,25328
11460,25329
11460,25330
11460,25331
11460,25332
11460,25333
11460,25334
11460,25335
11460,25336
11460,25337
11460,25338
11460,25339
11460,25340
11460,25341
11460,25342
11460,25343
11460,25344
11460,25345
11460,25346
11460,25347
11460,25348
11460,25349
11460,25350
11460,25351
11460,25352
11460,25353
11460,25354
11460,25355
11460,25356
11460,25357
11460,25358
11460,25359
11460,25360
11460,25361
11460,25362
11460,25363
11460,25364
11460,25365
11460,25366
11460,25367
11460,25368
11460,25369
11460,25370
11460,25371
11460,25372
11460,25373
11460,25374
11460,25375
11460,25376
11460,25377
11460,25378
11460,25379
11460,25380
11460,25381
11460,25382
11460,25383
11460,25384
11460,25385
11460,25386
11460,25387
11460,25388
11460,25389
11460,25390
11460,25391
11460,25392
11460,25393
11460,25394
11460,25395
11460,25396
11460,25397
11460,25398
11460,25399
11460,25400
11460,25401
11460,25402
11460,25403
11460,25404
11460,25405
11460,25406
11460,25407
11460,25408
11460,25409
11460,25410
11460,25411
11460,25412
11460,25413
11460,25414
11460,25415
11460,25416
11460,25417
11460,25418
11460,25419
11460,25420
11460,25421
11460,25422
11460,25423
11460,25424
11460,25433
11460,25434
11460,25435
11460,25436
11460,25437
11460,25438
11460,25439
11460,25440
11460,25441
11460,25442
11460,25443
11460,25444
11460,25445
11460,25446
11460,25447
11460,25448
11460,25449
11460,25450
11460,25451
11460,25452
11460,25453
11460,25454
11460,25455
11461,25313
11461,25314
11461,25315
11461,25316
11461,25317
11461,25318
11461,25319
11461,25320
11461,25321
11461,25322
11461,25323
11461,25324
11461,25325
11461,25326
11461,25327
11461,25328
11461,25329
11461,25330
11461,25331
11461,25332
11461,25333
11461,25334
11461,25335
11461,25336
11461,25337
11461,25338
11461,25339
11461,25340
11461,25341
11461,25342
11461,25343
11461,25344
11461,25345
11461,25346
11461,25347
11461,25348
11461,25349
11461,25350
11461,25351
11461,25352
11461,25353
11461,25354
11461,25355
11461,25356
11461,25357
11461,25358
11461,25359
11461,25360
11461,25361
11461,25362
11461,25363
11461,25364
11461,25365
11461,25366
11461,25367
11461,25368
11461,25369
11461,25370
11461,25371
11461,25372
11461,25373
11461,25374
11461,25375
11461,25376
11461,25377
11461,25378
11461,25379
11461,25380
11461,25381
11461,25382
11461,25383
11461,25384
11461,25385
11461,25386
11461,25387
11461,25388
11461,25389
11461,25390
11461,25391
11461,25392
11461,25393
11461,25394
11461,25395
11461,25396
11461,25397
11461,25398
11461,25399
11461,25400
11461,25401
11461,25402
11461,25403
11461,25404
11461,25405
11461,25406
11461,25407
11461,25408
11461,25409
11461,25410
11461,25411
11461,25412
11461,25413
11461,25414
11461,25415
11461,25416
11461,25417
11461,25418
11461,25419
11461,25420
11461,25421
11461,25422
11461,25423
11461,25424
11461,25434
11461,25435
11461,25436
11461,25437
11461,25438
11461,25439
11461,25440
11461,25441
11461,25442
11461,25443
11461,25444
11461,25445
11461,25446
11461,25447
11461,25448
11461,25449
11461,25450
11461,25451
11461,25452
11461,25453
11461,25454
11462,25314
11462,25315
11462,25316
11462,25317
11462,25318
11462,25319
11462,25320
11462,25321
11462,25322
11462,25323
11462,25324
11462,25325
11462,25326
11462,25327
11462,25328
11462,25329
11462,25330
11462,25331
11462,25332
11462,25333
11462,25334
11462,25335
11462,25336
11462,25337
11462,25338
11462,25339
11462,25340
11462,25341
11462,25342
11462,25343
11462,25344
11462,25345
11462,25346
11462,25347
11462,25348
11462,25349
11462,25350
11462,25351
11462,25352
11462,25353
11462,25354
11462,25355
11462,25356
11462,25357
11462,25358
11462,25359
11462,25360
11462,25361
11462,25362
11462,25363
11462,25364
11462,25365
11462,25366
11462,25367
11462,25368
11462,25369
11462,25370
11462,25371
11462,25372
11462,25373
11462,25374
11462,25375
11462,25376
11462,25377
11462,25378
11462,25379
11462,25380
11462,25381
11462,25382
11462,25383
11462,25384
11462,25385
11462,25386
11462,25387
11462,25388
11462,25389
11462,25390
11462,25391
11462,25392
11462,25393
11462,25394
11462,25395
11462,25396
11462,25397
11462,25398
11462,25399
11462,25400
11462,25401
11462,25402
11462,25403
11462,25404
11462,25405
11462,25406
11462,25407
11462,25408
11462,25409
11462,25410
11462,25411
11462,25412
11462,25413
11462,25414
11462,25415
11462,25416
11462,25417
11462,25418
11462,25419
11462,25420
11462,25421
11462,25422
11462,25423
11462,25434
11462,25435
11462,25436
11462,25437
11462,25438
11462,25439
11462,25440
11462,25441
11462,25442
11462,25443
11462,25444
11462,25445
11462,25446
11462,25447
11462,25448
11462,25449
11462,25450
11462,25451
11463,25316
11463,25317
11463,25318
11463,25319
11463,25320
11463,25321
11463,25322
11463,25323
11463,25324
11463,25325
11463,25326
11463,25327
11463,25328
11463,25329
11463,25330
11463,25331
11463,25332
11463,25333
11463,25334
11463,25335
11463,25336
11463,25337
11463,25338
11463,25339
11463,25340
11463,25341
11463,25342
11463,25343
11463,25344
11463,25345
11463,25346
11463,25347
11463,25348
11463,25349
11463,25350
11463,25351
11463,25352
11463,25353
11463,25354
11463,25355
11463,25356
11463,25357
11463,25358
11463,25359
11463,25360
11463,25361
11463,25362
11463,25363
11463,25364
11463,25365
11463,25366
11463,25367
11463,25368
11463,25369
11463,25370
11463,25371
11463,25372
11463,25373
11463,25374
11463,25375
11463,25376
11463,25377
11463,25378
11463,25379
11463,25380
11463,25381
11463,25382
11463,25383
11463,25384
11463,25385
11463,25386
11463,25387
11463,25388
11463,25389
11463,25390
11463,25391
11463,25392
11463,25393
11463,25394
11463,25395
11463,25396
11463,25397
11463,25398
11463,25399
11463,25400
11463,25401
11463,25402
11463,25403
11463,25404
11463,25405
11463,25406
11463,25407
11463,25408
11463,25409
11463,25410
11463,25411
11463,25412
11463,25413
11463,25414
11463,25415
11463,25416
11463,25417
11463,25418
11463,25419
11463,25420
11463,25421
11463,25422
11463,25423
11463,25424
11463,25435
11463,25436
11463,25437
11463,25438
11463,25439
11463,25440
11463,25441
11463,25442
11463,25443
11463,25444
11463,25445
11463,25446
11463,25447
11463,25448
11463,25449
11463,25450
11464,25317
11464,25318
11464,25319
11464,25320
11464,25321
11464,25322
11464,25323
11464,25324
11464,25325
11464,25326
11464,25327
11464,25328
11464,25329
11464,25330
11464,25331
11464,25332
11464,25333
11464,25334
11464,25335
11464,25336
11464,25337
11464,25338
11464,25339
11464,25340
11464,25341
11464,25342
11464,25343
11464,25344
11464,25345
11464,25346
11464,25347
11464,25348
11464,25349
11464,25350
11464,25351
11464,25352
11464,25353
11464,25354
11464,25355
11464,25356
11464,25357
11464,25358
11464,25359
11464,25360
11464,25361
11464,25362
11464,25363
11464,25364
11464,25365
11464,25366
11464,25367
11464,25368
11464,25369
11464,25370
11464,25371
11464,25372
11464,25373
11464,25374
11464,25375
11464,25376
11464,25377
11464,25378
11464,25379
11464,25380
11464,25381
11464,25382
11464,25383
11464,25384
11464,25385
11464,25386
11464,25387
11464,25388
11464,25389
11464,25390
11464,25391
11464,25392
11464,25393
11464,25394
11464,25395
11464,25396
11464,25397
11464,25398
11464,25399
11464,25400
11464,25401
11464,25402
11464,25403
11464,25404
11464,25405
11464,25406
11464,25407
11464,25408
11464,25409
11464,25410
11464,25411
11464,25412
11464,25413
11464,25414
11464,25415
11464,25416
11464,25417
11464,25418
11464,25419
11464,25420
11464,25421
11464,25422
11464,25423
11464,25424
11464,25436
11464,25437
11464,25438
11464,25439
11464,25440
11464,25441
11464,25442
11464,25446
11464,25447
11465,25319
11465,25320
11465,25321
11465,25322
11465,25323
11465,25324
11465,25325
11465,25326
11465,25327
11465,25328
11465,25329
11465,25330
11465,25331
11465,25332
11465,25333
11465,25334
11465,25335
11465,25336
11465,25337
11465,25338
11465,25339
11465,25340
11465,25341
11465,25342
11465,25343
11465,25344
11465,25345
11465,25346
11465,25347
11465,25348
11465,25349
11465,25350
11465,25351
11465,25352
11465,25353
11465,25354
11465,25355
11465,25356
11465,25357
11465,25358
11465,25359
11465,25360
11465,25361
11465,25362
11465,25363
11465,25364
11465,25365
11465,25366
11465,25367
11465,25368
11465,25369
11465,25370
11465,25371
11465,25372
11465,25373
11465,25374
11465,25375
11465,25376
11465,25377
11465,25378
11465,25379
11465,25380
11465,25381
11465,25382
11465,25383
11465,25384
11465,25385
11465,25386
11465,25387
11465,25388
11465,25389
11465,25390
11465,25391
11465,25392
11465,25393
11465,25394
11465,25395
11465,25396
11465,25397
11465,25398
11465,25399
11465,25400
11465,25401
11465,25402
11465,25403
11465,25404
11465,25405
11465,25406
11465,25407
11465,25408
11465,25409
11465,25410
11465,25411
11465,25412
11465,25413
11465,25414
11465,25415
11465,25416
11465,25417
11465,25418
11465,25419
11465,25420
11465,25421
11465,25422
11465,25423
11465,25424
11465,25438
11465,25439
11466,25321
11466,25322
11466,25323
11466,25324
11466,25325
11466,25326
11466,25327
11466,25328
11466,25329
11466,25330
11466,25331
11466,25332
11466,25333
11466,25334
11466,25335
11466,25336
11466,25337
11466,25338
11466,25339
11466,25340
11466,25341
11466,25342
11466,25343
11466,25344
11466,25345
11466,25346
11466,25347
11466,25348
11466,25349
11466,25350
11466,25351
11466,25352
11466,25353
11466,25354
11466,25355
11466,25356
11466,25357
11466,25358
11466,25359
11466,25360
11466,25361
11466,25362
11466,25363
11466,25364
11466,25365
11466,25366
11466,25367
11466,25368
11466,25369
11466,25370
11466,25371
11466,25372
11466,25373
11466,25374
11466,25375
11466,25376
11466,25377
11466,25378
11466,25379
11466,25380
11466,25381
11466,25382
11466,25383
11466,25384
11466,25385
11466,25386
11466,25387
11466,25388
11466,25389
11466,25390
11466,25391
11466,25392
11466,25393
11466,25394
11466,25395
11466,25396
11466,25397
11466,25398
11466,25399
11466,25400
11466,25401
11466,25402
11466,25403
11466,25404
11466,25405
11466,25406
11466,25407
11466,25408
11466,25409
11466,25410
11466,25411
11466,25412
11466,25413
11466,25414
11466,25415
11466,25416
11466,25417
11466,25418
11466,25419
11466,25420
11466,25421
11466,25422
11466,25423
11466,25424
11467,25322
11467,25323
11467,25324
11467,25325
11467,25326
11467,25327
11467,25328
11467,25329
11467,25330
11467,25331
11467,25332
11467,25333
11467,25334
11467,25335
11467,25336
11467,25337
11467,25338
11467,25339
11467,25340
11467,25341
11467,25342
11467,25343
11467,25344
11467,25345
11467,25346
11467,25347
11467,25348
11467,25349
11467,25350
11467,25351
11467,25352
11467,25353
11467,25354
11467,25355
11467,25356
11467,25357
11467,25358
11467,25359
11467,25360
11467,25361
11467,25362
11467,25363
11467,25364
11467,25365
11467,25366
11467,25367
11467,25368
11467,25369
11467,25370
11467,25371
11467,25372
11467,25373
11467,25374
11467,25375
11467,25376
11467,25377
11467,25378
11467,25379
11467,25380
11467,25381
11467,25382
11467,25383
11467,25384
11467,25385
11467,25386
11467,25387
11467,25388
11467,25389
11467,25390
11467,25391
11467,25392
11467,25393
11467,25394
11467,25395
11467,25396
11467,25397
11467,25398
11467,25399
11467,25400
11467,25401
11467,25402
11467,25403
11467,25404
11467,25405
11467,25406
11467,25407
11467,25408
11467,25409
11467,25410
11467,25411
11467,25412
11467,25413
11467,25414
11467,25415
11467,25416
11467,25417
11467,25418
11467,25419
11467,25420
11467,25421
11467,25422
11467,25423
11467,25424
11467,25425
11468,25323
11468,25324
11468,25325
11468,25326
11468,25327
11468,25328
11468,25329
11468,25330
11468,25331
11468,25332
11468,25333
11468,25334
11468,25335
11468,25336
11468,25337
11468,25338
11468,25339
11468,25340
11468,25341
11468,25342
11468,25343
11468,25344
11468,25345
11468,25346
11468,25347
11468,25348
11468,25349
11468,25350
11468,25351
11468,25352
11468,25353
11468,25354
11468,25355
11468,25356
11468,25357
11468,25358
11468,25359
11468,25360
11468,25361
11468,25362
11468,25363
11468,25364
11468,25365
11468,25366
11468,25367
11468,25368
11468,25369
11468,25370
11468,25371
11468,25372
11468,25373
11468,25374
11468,25375
11468,25376
11468,25377
11468,25378
11468,25379
11468,25380
11468,25381
11468,25382
11468,25383
11468,25384
11468,25385
11468,25386
11468,25387
11468,25388
11468,25389
11468,25390
11468,25391
11468,25392
11468,25393
11468,25394
11468,25395
11468,25396
11468,25397
11468,25398
11468,25399
11468,25400
11468,25401
11468,25402
11468,25403
11468,25404
11468,25405
11468,25406
11468,25407
11468,25408
11468,25409
11468,25410
11468,25411
11468,25412
11468,25413
11468,25414
11468,25415
11468,25416
11468,25417
11468,25418
11468,25419
11468,25420
11468,25421
11468,25422
11468,25423
11468,25424
11469,25324
11469,25325
11469,25326
11469,25327
11469,25328
11469,25329
11469,25330
11469,25331
11469,25332
11469,25333
11469,25334
11469,25335
11469,25336
11469,25337
11469,25338
11469,25339
11469,25340
11469,25341
11469,25342
11469,25343
11469,25344
11469,25345
11469,25346
11469,25347
11469,25348
11469,25349
11469,25350
11469,25351
11469,25352
11469,25353
11469,25354
11469,25355
11469,25356
11469,25357
11469,25358
11469,25359
11469,25360
11469,25361
11469,25362
11469,25363
11469,25364
11469,25365
11469,25366
11469,25367
11469,25368
11469,25369
11469,25370
11469,25371
11469,25372
11469,25373
11469,25374
11469,25375
11469,25376
11469,25377
11469,25378
11469,25379
11469,25380
11469,25381
11469,25382
11469,25383
11469,25384
11469,25385
11469,25386
11469,25387
11469,25388
11469,25389
11469,25390
11469,25391
11469,25392
11469,25393
11469,25394
11469,25395
11469,25396
11469,25397
11469,25398
11469,25399
11469,25400
11469,25401
11469,25402
11469,25403
11469,25404
11469,25405
11469,25406
11469,25407
11469,25408
11469,25409
11469,25410
11469,25411
11469,25412
11469,25413
11469,25414
11469,25415
11469,25416
11469,25417
11469,25418
11469,25419
11469,25420
11469,25421
11469,25422
11469,25423
11469,25424
11470,25325
11470,25326
11470,25327
11470,25328
11470,25329
11470,25330
11470,25331
11470,25332
11470,25333
11470,25334
11470,25335
11470,25336
11470,25337
11470,25338
11470,25339
11470,25340
11470,25341
11470,25342
11470,25343
11470,25344
11470,25345
11470,25346
11470,25347
11470,25348
11470,25349
11470,25350
11470,25351
11470,25352
11470,25353
11470,25354
11470,25355
11470,25356
11470,25357
11470,25358
11470,25359
11470,25360
11470,25361
11470,25362
11470,25363
11470,25364
11470,25365
11470,25366
11470,25367
11470,25368
11470,25369
11470,25370
11470,25371
11470,25372
11470,25373
11470,25374
11470,25375
11470,25376
11470,25377
11470,25378
11470,25379
11470,25380
11470,25381
11470,25382
11470,25383
11470,25384
11470,25385
11470,25386
11470,25387
11470,25388
11470,25389
11470,25390
11470,25391
11470,25392
11470,25393
11470,25394
11470,25395
11470,25396
11470,25397
11470,25398
11470,25399
11470,25400
11470,25401
11470,25402
11470,25403
11470,25404
11470,25405
11470,25406
11470,25407
11470,25408
11470,25409
11470,25410
11470,25411
11470,25412
11470,25413
11470,25414
11470,25415
11470,25416
11470,25417
11470,25418
11470,25419
11470,25420
11470,25421
11470,25422
11470,25423
11470,25424
11471,25327
11471,25328
11471,25329
11471,25330
11471,25331
11471,25332
11471,25333
11471,25334
11471,25335
11471,25336
11471,25337
11471,25338
11471,25339
11471,25340
11471,25341
11471,25342
11471,25343
11471,25344
11471,25345
11471,25346
11471,25347
11471,25348
11471,25349
11471,25350
11471,25351
11471,25352
11471,25353
11471,25354
11471,25355
11471,25356
11471,25357
11471,25358
11471,25359
11471,25360
11471,25361
11471,25362
11471,25363
11471,25364
11471,25365
11471,25366
11471,25367
11471,25368
11471,25369
11471,25370
11471,25371
11471,25372
11471,25373
11471,25374
11471,25375
11471,25376
11471,25377
11471,25378
11471,25379
11471,25380
11471,25381
11471,25382
11471,25383
11471,25384
11471,25385
11471,25386
11471,25387
11471,25388
11471,25389
11471,25390
11471,25391
11471,25392
11471,25393
11471,25394
11471,25395
11471,25396
11471,25397
11471,25398
11471,25399
11471,25400
11471,25401
11471,25402
11471,25403
11471,25404
11471,25405
11471,25406
11471,25407
11471,25408
11471,25409
11471,25410
11471,25411
11471,25412
11471,25413
11471,25414
11471,25415
11471,25416
11471,25417
11471,25418
11471,25419
11471,25420
11471,25421
11471,25422
11471,25423
11472,25330
11472,25331
11472,25332
11472,25333
11472,25334
11472,25335
11472,25336
11472,25337
11472,25338
11472,25339
11472,25340
11472,25341
11472,25342
11472,25343
11472,25344
11472,25345
11472,25346
11472,25347
11472,25348
11472,25349
11472,25350
11472,25351
11472,25352
11472,25353
11472,25354
11472,25355
11472,25356
11472,25357
11472,25358
11472,25359
11472,25360
11472,25361
11472,25362
11472,25363
11472,25364
11472,25365
11472,25366
11472,25367
11472,25368
11472,25369
11472,25370
11472,25371
11472,25372
11472,25373
11472,25374
11472,25375
11472,25376
11472,25377
11472,25378
11472,25379
11472,25380
11472,25381
11472,25382
11472,25383
11472,25384
11472,25385
11472,25386
11472,25387
11472,25388
11472,25389
11472,25390
11472,25391
11472,25392
11472,25393
11472,25394
11472,25395
11472,25396
11472,25397
11472,25398
11472,25399
11472,25400
11472,25401
11472,25402
11472,25403
11472,25404
11472,25405
11472,25406
11472,25407
11472,25408
11472,25409
11472,25410
11472,25411
11472,25412
11472,25413
11472,25414
11472,25415
11472,25416
11472,25417
11472,25418
11472,25419
11472,25420
11472,25421
11472,25422
11473,25333
11473,25338
11473,25339
11473,25340
11473,25341
11473,25342
11473,25343
11473,25344
11473,25345
11473,25346
11473,25347
11473,25348
11473,25349
11473,25350
11473,25351
11473,25352
11473,25353
11473,25354
11473,25355
11473,25356
11473,25357
11473,25358
11473,25359
11473,25360
11473,25361
11473,25362
11473,25363
11473,25364
11473,25365
11473,25366
11473,25367
11473,25368
11473,25369
11473,25370
11473,25371
11473,25372
11473,25373
11473,25374
11473,25375
11473,25376
11473,25377
11473,25378
11473,25379
11473,25380
11473,25381
11473,25382
11473,25383
11473,25384
11473,25385
11473,25386
11473,25387
11473,25388
11473,25389
11473,25390
11473,25391
11473,25392
11473,25393
11473,25394
11473,25395
11473,25396
11473,25397
11473,25398
11473,25399
11473,25400
11473,25401
11473,25402
11473,25403
11473,25404
11473,25405
11473,25406
11473,25407
11473,25408
11473,25409
11473,25410
11473,25411
11473,25412
11473,25413
11473,25414
11473,25415
11473,25416
11473,25417
11473,25418
11473,25419
11473,25420
11473,25421
11474,25337
11474,25338
11474,25339
11474,25340
11474,25341
11474,25342
11474,25343
11474,25344
11474,25345
11474,25346
11474,25347
11474,25348
11474,25349
11474,25350
11474,25351
11474,25352
11474,25353
11474,25354
11474,25355
11474,25356
11474,25357
11474,25358
11474,25359
11474,25360
11474,25361
11474,25362
11474,25363
11474,25364
11474,25365
11474,25366
11474,25367
11474,25368
11474,25369
11474,25370
11474,25371
11474,25372
11474,25373
11474,25374
11474,25375
11474,25376
11474,25377
11474,25378
11474,25379
11474,25380
11474,25381
11474,25382
11474,25383
11474,25384
11474,25385
11474,25386
11474,25387
11474,25388
11474,25389
11474,25390
11474,25391
11474,25392
11474,25393
11474,25394
11474,25395
11474,25396
11474,25397
11474,25398
11474,25399
11474,25400
11474,25401
11474,25402
11474,25403
11474,25404
11474,25405
11474,25406
11474,25407
11474,25408
11474,25409
11474,25410
11474,25411
11474,25412
11474,25413
11474,25414
11474,25415
11474,25416
11474,25417
11474,25418
11474,25419
11474,25420
11475,25336
11475,25337
11475,25338
11475,25339
11475,25340
11475,25341
11475,25342
11475,25343
11475,25344
11475,25345
11475,25346
11475,25347
11475,25348
11475,25349
11475,25350
11475,25351
11475,25352
11475,25353
11475,25354
11475,25355
11475,25356
11475,25357
11475,25358
11475,25359
11475,25360
11475,25361
11475,25362
11475,25363
11475,25364
11475,25365
11475,25366
11475,25367
11475,25368
11475,25369
11475,25370
11475,25371
11475,25372
11475,25373
11475,25374
11475,25375
11475,25376
11475,25377
11475,25378
11475,25379
11475,25380
11475,25381
11475,25382
11475,25383
11475,25384
11475,25385
11475,25386
11475,25387
11475,25388
11475,25389
11475,25390
11475,25391
11475,25392
11475,25393
11475,25394
11475,25395
11475,25396
11475,25397
11475,25398
11475,25399
11475,25400
11475,25401
11475,25402
11475,25403
11475,25404
11475,25405
11475,25406
11475,25407
11475,25408
11475,25409
11475,25410
11475,25411
11475,25412
11475,25413
11475,25414
11475,25415
11475,25416
11475,25417
11475,25418
11475,25419
11476,25349
11476,25350
11476,25351
11476,25352
11476,25353
11476,25354
11476,25355
11476,25356
11476,25357
11476,25358
11476,25359
11476,25360
11476,25361
11476,25362
11476,25363
11476,25364
11476,25365
11476,25366
11476,25367
11476,25368
11476,25369
11476,25370
11476,25371
11476,25372
11476,25373
11476,25374
11476,25375
11476,25376
11476,25377
11476,25378
11476,25379
11476,25380
11476,25381
11476,25382
11476,25383
11476,25384
11476,25385
11476,25386
11476,25387
11476,25388
11476,25389
11476,25390
11476,25391
11476,25392
11476,25393
11476,25394
11476,25395
11476,25396
11476,25397
11476,25398
11476,25399
11476,25400
11476,25401
11476,25402
11476,25403
11476,25404
11476,25405
11476,25406
11476,25407
11476,25408
11476,25409
11476,25410
11476,25411
11476,25412
11476,25413
11476,25414
11476,25415
11476,25416
11476,25417
11476,25418
11477,25350
11477,25351
11477,25352
11477,25353
11477,25354
11477,25355
11477,25356
11477,25357
11477,25358
11477,25359
11477,25360
11477,25361
11477,25362
11477,25363
11477,25364
11477,25365
11477,25366
11477,25367
11477,25368
11477,25369
11477,25370
11477,25371
11477,25372
11477,25373
11477,25374
11477,25375
11477,25376
11477,25377
11477,25378
11477,25379
11477,25380
11477,25381
11477,25382
11477,25383
11477,25384
11477,25385
11477,25386
11477,25387
11477,25388
11477,25389
11477,25390
11477,25391
11477,25392
11477,25393
11477,25394
11477,25395
11477,25396
11477,25397
11477,25398
11477,25399
11477,25400
11477,25401
11477,25402
11477,25403
11477,25404
11477,25405
11477,25406
11477,25407
11477,25408
11477,25409
11477,25410
11477,25411
11477,25412
11477,25413
11477,25414
11477,25415
11477,25416
11477,25417
11477,25418
11478,25353
11478,25356
11478,25357
11478,25358
11478,25359
11478,25360
11478,25361
11478,25362
11478,25363
11478,25364
11478,25365
11478,25366
11478,25367
11478,25368
11478,25369
11478,25370
11478,25371
11478,25372
11478,25373
11478,25374
11478,25375
11478,25376
11478,25377
11478,25378
11478,25379
11478,25380
11478,25381
11478,25382
11478,25383
11478,25384
11478,25385
11478,25386
11478,25387
11478,25388
11478,25389
11478,25390
11478,25391
11478,25392
11478,25393
11478,25394
11478,25395
11478,25396
11478,25397
11478,25398
11478,25399
11478,25400
11478,25401
11478,25402
11478,25403
11478,25404
11478,25405
11478,25406
11478,25407
11478,25408
11478,25409
11478,25410
11478,25411
11478,25412
11478,25413
11478,25414
11478,25415
11478,25416
11478,25417
11479,25357
11479,25358
11479,25359
11479,25360
11479,25361
11479,25362
11479,25363
11479,25364
11479,25365
11479,25366
11479,25367
11479,25368
11479,25369
11479,25370
11479,25371
11479,25372
11479,25373
11479,25374
11479,25375
11479,25376
11479,25377
11479,25378
11479,25379
11479,25380
11479,25381
11479,25382
11479,25383
11479,25384
11479,25385
11479,25386
11479,25387
11479,25388
11479,25389
11479,25390
11479,25391
11479,25392
11479,25393
11479,25394
11479,25395
11479,25396
11479,25397
11479,25398
11479,25399
11479,25400
11479,25401
11479,25402
11479,25403
11479,25404
11479,25405
11479,25406
11479,25407
11479,25408
11479,25409
11479,25410
11479,25411
11479,25412
11479,25413
11479,25414
11479,25415
11479,25416
11480,25360
11480,25361
11480,25362
11480,25363
11480,25364
11480,25365
11480,25366
11480,25367
11480,25368
11480,25369
11480,25370
11480,25371
11480,25372
11480,25373
11480,25374
11480,25375
11480,25376
11480,25377
11480,25378
11480,25379
11480,25380
11480,25381
11480,25382
11480,25383
11480,25384
11480,25385
11480,25386
11480,25387
11480,25388
11480,25389
11480,25390
11480,25391
11480,25392
11480,25393
11480,25394
11480,25395
11480,25396
11480,25397
11480,25398
11480,25399
11480,25400
11480,25401
11480,25402
11480,25403
11480,25404
11480,25405
11480,25406
11480,25407
11480,25408
11480,25409
11480,25410
11480,25411
11480,25412
11480,25413
11480,25414
11481,25362
11481,25363
11481,25364
11481,25365
11481,25366
11481,25367
11481,25368
11481,25369
11481,25370
11481,25371
11481,25372
11481,25373
11481,25374
11481,25375
11481,25376
11481,25377
11481,25378
11481,25379
11481,25380
11481,25381
11481,25382
11481,25383
11481,25384
11481,25385
11481,25386
11481,25387
11481,25388
11481,25389
11481,25390
11481,25391
11481,25392
11481,25393
11481,25394
11481,25395
11481,25396
11481,25397
11481,25398
11481,25399
11481,25400
11481,25401
11481,25402
11481,25403
11481,25404
11481,25405
11481,25406
11481,25407
11481,25408
11481,25409
11481,25410
11481,25411
11482,25365
11482,25366
11482,25367
11482,25368
11482,25369
11482,25370
11482,25371
11482,25372
11482,25373
11482,25374
11482,25375
11482,25376
11482,25377
11482,25378
11482,25379
11482,25380
11482,25381
11482,25382
11482,25383
11482,25384
11482,25385
11482,25386
11482,25387
11482,25388
11482,25389
11482,25390
11482,25391
11482,25392
11482,25393
11482,25394
11482,25395
11482,25396
11482,25397
11482,25398
11482,25399
11482,25400
11482,25401
11482,25402
11482,25403
11482,25404
11482,25405
11483,25366
11483,25367
11483,25368
11483,25369
11483,25370
11483,25371
11483,25372
11483,25373
11483,25374
11483,25375
11483,25376
11483,25377
11483,25378
11483,25379
11483,25380
11483,25381
11483,25382
11483,25383
11483,25384
11483,25385
11483,25386
11483,25387
11483,25388
11483,25389
11483,25390
11483,25391
11483,25392
11483,25393
11483,25394
11483,25395
11483,25396
11483,25397
11483,25398
11483,25399
11483,25401
11483,25402
11484,25367
11484,25368
11484,25369
11484,25370
11484,25371
11484,25372
11484,25373
11484,25374
11484,25375
11484,25376
11484,25377
11484,25378
11484,25379
11484,25380
11484,25381
11484,25382
11484,25383
11484,25384
11484,25385
11484,25386
11484,25387
11484,25388
11484,25389
11484,25390
11484,25391
11484,25392
11484,25393
11484,25394
11484,25396
11485,25368
11485,25369
11485,25370
11485,25371
11485,25372
11485,25373
11485,25374
11485,25376
11485,25377
11485,25378
11485,25379
11485,25380
11485,25381
11485,25382
11485,25383
11485,25384
11485,25385
11485,25389
11485,25390
11485,25391
11486,25366
11486,25367
11486,25368
11486,25369
11486,25370
11486,25371
11486,25379
11486,25380
11486,25381
11487,25365
11487,25366
11487,25367
11487,25368
11487,25369
11487,25370
11487,25371
11487,25372
11488,25364
11488,25365
11488,25366
11488,25367
11488,25368
11488,25369
11488,25370
11488,25371
11488,25372
11489,25364
11489,25365
11489,25366
11489,25367
11489,25368
11489,25369
11489,25370
11489,25371
11489,25372
11490,25363
11490,25364
11490,25365
11490,25366
11490,25367
11490,25368
11490,25369
11490,25370
11490,25371
11490,25372
11490,25373
11491,25364
11491,25365
11491,25366
11491,25367
11491,25368
11491,25369
11491,25370
11491,25371
11491,25372
11492,25364
11492,25365
11492,25366
11492,25367
11492,25368
11492,25369
11492,25370
11492,25371
11492,25372
11493,25365
11493,25366
11493,25367
11493,25368
11493,25369
11493,25370
11493,25371
11494,25366
11494,25367
11494,25368
11494,25369
11494,25370
11495,25368
