"X","Y"
7205,49086
7206,49084
7206,49085
7206,49086
7206,49087
7206,49088
7207,49083
7207,49084
7207,49085
7207,49086
7207,49087
7207,49088
7207,49089
7208,49082
7208,49083
7208,49084
7208,49085
7208,49086
7208,49087
7208,49088
7208,49089
7208,49090
7208,49160
7209,49082
7209,49083
7209,49084
7209,49085
7209,49086
7209,49087
7209,49088
7209,49089
7209,49090
7209,49157
7209,49158
7209,49159
7209,49160
7209,49161
7209,49162
7209,49163
7210,49081
7210,49082
7210,49083
7210,49084
7210,49085
7210,49086
7210,49087
7210,49088
7210,49089
7210,49090
7210,49091
7210,49155
7210,49156
7210,49157
7210,49158
7210,49159
7210,49160
7210,49161
7210,49162
7210,49163
7210,49164
7211,49082
7211,49083
7211,49084
7211,49085
7211,49086
7211,49087
7211,49088
7211,49089
7211,49090
7211,49143
7211,49144
7211,49154
7211,49155
7211,49156
7211,49157
7211,49158
7211,49159
7211,49160
7211,49161
7211,49162
7211,49163
7211,49164
7211,49165
7212,49082
7212,49083
7212,49084
7212,49085
7212,49086
7212,49087
7212,49088
7212,49089
7212,49090
7212,49091
7212,49140
7212,49141
7212,49142
7212,49143
7212,49144
7212,49145
7212,49146
7212,49153
7212,49154
7212,49155
7212,49156
7212,49157
7212,49158
7212,49159
7212,49160
7212,49161
7212,49162
7212,49163
7212,49164
7212,49165
7212,49166
7213,49083
7213,49084
7213,49085
7213,49086
7213,49087
7213,49088
7213,49089
7213,49090
7213,49091
7213,49092
7213,49093
7213,49139
7213,49140
7213,49141
7213,49142
7213,49143
7213,49144
7213,49145
7213,49146
7213,49147
7213,49152
7213,49153
7213,49154
7213,49155
7213,49156
7213,49157
7213,49158
7213,49159
7213,49160
7213,49161
7213,49162
7213,49163
7213,49164
7213,49165
7213,49166
7214,49084
7214,49085
7214,49086
7214,49087
7214,49088
7214,49089
7214,49090
7214,49091
7214,49092
7214,49093
7214,49094
7214,49110
7214,49111
7214,49112
7214,49134
7214,49135
7214,49136
7214,49138
7214,49139
7214,49140
7214,49141
7214,49142
7214,49143
7214,49144
7214,49145
7214,49146
7214,49147
7214,49148
7214,49151
7214,49152
7214,49153
7214,49154
7214,49155
7214,49156
7214,49157
7214,49158
7214,49159
7214,49160
7214,49161
7214,49162
7214,49163
7214,49164
7214,49165
7214,49166
7214,49167
7215,49085
7215,49086
7215,49087
7215,49088
7215,49089
7215,49090
7215,49091
7215,49092
7215,49093
7215,49094
7215,49095
7215,49106
7215,49107
7215,49108
7215,49109
7215,49110
7215,49111
7215,49112
7215,49113
7215,49114
7215,49115
7215,49126
7215,49128
7215,49131
7215,49132
7215,49133
7215,49134
7215,49135
7215,49136
7215,49137
7215,49138
7215,49139
7215,49140
7215,49141
7215,49142
7215,49143
7215,49144
7215,49145
7215,49146
7215,49147
7215,49148
7215,49151
7215,49152
7215,49153
7215,49154
7215,49155
7215,49156
7215,49157
7215,49158
7215,49159
7215,49160
7215,49161
7215,49162
7215,49163
7215,49164
7215,49165
7215,49166
7215,49167
7216,49084
7216,49085
7216,49086
7216,49087
7216,49088
7216,49089
7216,49090
7216,49091
7216,49092
7216,49093
7216,49094
7216,49095
7216,49103
7216,49104
7216,49105
7216,49106
7216,49107
7216,49108
7216,49109
7216,49110
7216,49111
7216,49112
7216,49113
7216,49114
7216,49115
7216,49116
7216,49123
7216,49124
7216,49125
7216,49126
7216,49127
7216,49128
7216,49129
7216,49130
7216,49131
7216,49132
7216,49133
7216,49134
7216,49135
7216,49136
7216,49137
7216,49138
7216,49139
7216,49140
7216,49141
7216,49142
7216,49143
7216,49144
7216,49145
7216,49146
7216,49147
7216,49148
7216,49149
7216,49151
7216,49152
7216,49153
7216,49154
7216,49155
7216,49156
7216,49157
7216,49158
7216,49159
7216,49160
7216,49161
7216,49162
7216,49163
7216,49164
7216,49165
7216,49166
7217,49083
7217,49084
7217,49085
7217,49086
7217,49087
7217,49088
7217,49089
7217,49090
7217,49091
7217,49092
7217,49093
7217,49094
7217,49095
7217,49096
7217,49101
7217,49102
7217,49103
7217,49104
7217,49105
7217,49106
7217,49107
7217,49108
7217,49109
7217,49110
7217,49111
7217,49112
7217,49113
7217,49114
7217,49115
7217,49116
7217,49117
7217,49118
7217,49122
7217,49123
7217,49124
7217,49125
7217,49126
7217,49127
7217,49128
7217,49129
7217,49130
7217,49131
7217,49132
7217,49133
7217,49134
7217,49135
7217,49136
7217,49137
7217,49138
7217,49139
7217,49140
7217,49141
7217,49142
7217,49143
7217,49144
7217,49145
7217,49146
7217,49147
7217,49148
7217,49149
7217,49150
7217,49151
7217,49152
7217,49153
7217,49154
7217,49155
7217,49156
7217,49157
7217,49158
7217,49159
7217,49160
7217,49161
7217,49162
7217,49163
7217,49164
7217,49165
7217,49166
7218,49083
7218,49084
7218,49085
7218,49086
7218,49087
7218,49088
7218,49089
7218,49090
7218,49091
7218,49092
7218,49093
7218,49094
7218,49095
7218,49096
7218,49097
7218,49098
7218,49099
7218,49100
7218,49101
7218,49102
7218,49103
7218,49104
7218,49105
7218,49106
7218,49107
7218,49108
7218,49109
7218,49110
7218,49111
7218,49112
7218,49113
7218,49114
7218,49115
7218,49116
7218,49117
7218,49118
7218,49119
7218,49120
7218,49121
7218,49122
7218,49123
7218,49124
7218,49125
7218,49126
7218,49127
7218,49128
7218,49129
7218,49130
7218,49131
7218,49132
7218,49133
7218,49134
7218,49135
7218,49136
7218,49137
7218,49138
7218,49139
7218,49140
7218,49141
7218,49142
7218,49143
7218,49144
7218,49145
7218,49146
7218,49147
7218,49148
7218,49149
7218,49150
7218,49151
7218,49152
7218,49153
7218,49154
7218,49155
7218,49156
7218,49157
7218,49158
7218,49159
7218,49160
7218,49161
7218,49162
7218,49163
7218,49164
7218,49165
7218,49166
7219,49082
7219,49083
7219,49084
7219,49085
7219,49086
7219,49087
7219,49088
7219,49089
7219,49090
7219,49091
7219,49092
7219,49093
7219,49094
7219,49095
7219,49096
7219,49097
7219,49098
7219,49099
7219,49100
7219,49101
7219,49102
7219,49103
7219,49104
7219,49105
7219,49106
7219,49107
7219,49108
7219,49109
7219,49110
7219,49111
7219,49112
7219,49113
7219,49114
7219,49115
7219,49116
7219,49117
7219,49118
7219,49119
7219,49120
7219,49121
7219,49122
7219,49123
7219,49124
7219,49125
7219,49126
7219,49127
7219,49128
7219,49129
7219,49130
7219,49131
7219,49132
7219,49133
7219,49134
7219,49135
7219,49136
7219,49137
7219,49138
7219,49139
7219,49140
7219,49141
7219,49142
7219,49143
7219,49144
7219,49145
7219,49146
7219,49147
7219,49148
7219,49149
7219,49150
7219,49151
7219,49152
7219,49153
7219,49154
7219,49155
7219,49156
7219,49157
7219,49158
7219,49159
7219,49160
7219,49161
7219,49162
7219,49163
7219,49164
7219,49165
7219,49166
7219,49167
7220,49082
7220,49083
7220,49084
7220,49085
7220,49086
7220,49087
7220,49088
7220,49089
7220,49090
7220,49091
7220,49092
7220,49093
7220,49094
7220,49095
7220,49096
7220,49097
7220,49098
7220,49099
7220,49100
7220,49101
7220,49102
7220,49103
7220,49104
7220,49105
7220,49106
7220,49107
7220,49108
7220,49109
7220,49110
7220,49111
7220,49112
7220,49113
7220,49114
7220,49115
7220,49116
7220,49117
7220,49118
7220,49119
7220,49120
7220,49121
7220,49122
7220,49123
7220,49124
7220,49125
7220,49126
7220,49127
7220,49128
7220,49129
7220,49130
7220,49131
7220,49132
7220,49133
7220,49134
7220,49135
7220,49136
7220,49137
7220,49138
7220,49139
7220,49140
7220,49141
7220,49142
7220,49143
7220,49144
7220,49145
7220,49146
7220,49147
7220,49148
7220,49149
7220,49150
7220,49151
7220,49152
7220,49153
7220,49154
7220,49155
7220,49156
7220,49157
7220,49158
7220,49159
7220,49160
7220,49161
7220,49162
7220,49163
7220,49164
7220,49165
7220,49166
7221,49082
7221,49083
7221,49084
7221,49085
7221,49086
7221,49087
7221,49088
7221,49089
7221,49090
7221,49091
7221,49092
7221,49093
7221,49094
7221,49095
7221,49096
7221,49097
7221,49098
7221,49099
7221,49100
7221,49101
7221,49102
7221,49103
7221,49104
7221,49105
7221,49106
7221,49107
7221,49108
7221,49109
7221,49110
7221,49111
7221,49112
7221,49113
7221,49114
7221,49115
7221,49116
7221,49117
7221,49118
7221,49119
7221,49120
7221,49121
7221,49122
7221,49123
7221,49124
7221,49125
7221,49126
7221,49127
7221,49128
7221,49129
7221,49130
7221,49131
7221,49132
7221,49133
7221,49134
7221,49135
7221,49136
7221,49137
7221,49138
7221,49139
7221,49140
7221,49141
7221,49142
7221,49143
7221,49144
7221,49145
7221,49146
7221,49147
7221,49148
7221,49149
7221,49150
7221,49151
7221,49152
7221,49153
7221,49154
7221,49155
7221,49156
7221,49157
7221,49158
7221,49159
7221,49160
7221,49161
7221,49162
7221,49163
7221,49164
7221,49165
7221,49166
7221,49167
7222,49081
7222,49082
7222,49083
7222,49084
7222,49085
7222,49086
7222,49087
7222,49088
7222,49089
7222,49090
7222,49091
7222,49092
7222,49093
7222,49094
7222,49095
7222,49096
7222,49097
7222,49098
7222,49099
7222,49100
7222,49101
7222,49102
7222,49103
7222,49104
7222,49105
7222,49106
7222,49107
7222,49108
7222,49109
7222,49110
7222,49111
7222,49112
7222,49113
7222,49114
7222,49115
7222,49116
7222,49117
7222,49118
7222,49119
7222,49120
7222,49121
7222,49122
7222,49123
7222,49124
7222,49125
7222,49126
7222,49127
7222,49128
7222,49129
7222,49130
7222,49131
7222,49132
7222,49133
7222,49134
7222,49135
7222,49136
7222,49137
7222,49138
7222,49139
7222,49140
7222,49141
7222,49142
7222,49143
7222,49144
7222,49145
7222,49146
7222,49147
7222,49148
7222,49149
7222,49150
7222,49151
7222,49152
7222,49153
7222,49154
7222,49155
7222,49156
7222,49157
7222,49158
7222,49159
7222,49160
7222,49161
7222,49162
7222,49163
7222,49164
7222,49165
7222,49166
7222,49167
7222,49168
7222,49178
7223,49081
7223,49082
7223,49083
7223,49084
7223,49085
7223,49086
7223,49087
7223,49088
7223,49089
7223,49090
7223,49091
7223,49092
7223,49093
7223,49094
7223,49095
7223,49096
7223,49097
7223,49098
7223,49099
7223,49100
7223,49101
7223,49102
7223,49103
7223,49104
7223,49105
7223,49106
7223,49107
7223,49108
7223,49109
7223,49110
7223,49111
7223,49112
7223,49113
7223,49114
7223,49115
7223,49116
7223,49117
7223,49118
7223,49119
7223,49120
7223,49121
7223,49122
7223,49123
7223,49124
7223,49125
7223,49126
7223,49127
7223,49128
7223,49129
7223,49130
7223,49131
7223,49132
7223,49133
7223,49134
7223,49135
7223,49136
7223,49137
7223,49138
7223,49139
7223,49140
7223,49141
7223,49142
7223,49143
7223,49144
7223,49145
7223,49146
7223,49147
7223,49148
7223,49149
7223,49150
7223,49151
7223,49152
7223,49153
7223,49154
7223,49155
7223,49156
7223,49157
7223,49158
7223,49159
7223,49160
7223,49161
7223,49162
7223,49163
7223,49164
7223,49165
7223,49166
7223,49167
7223,49168
7223,49169
7223,49175
7223,49176
7223,49177
7223,49178
7223,49179
7223,49180
7223,49181
7224,49081
7224,49082
7224,49083
7224,49084
7224,49085
7224,49086
7224,49087
7224,49088
7224,49089
7224,49090
7224,49091
7224,49092
7224,49093
7224,49094
7224,49095
7224,49096
7224,49097
7224,49098
7224,49099
7224,49100
7224,49101
7224,49102
7224,49103
7224,49104
7224,49105
7224,49106
7224,49107
7224,49108
7224,49109
7224,49110
7224,49111
7224,49112
7224,49113
7224,49114
7224,49115
7224,49116
7224,49117
7224,49118
7224,49119
7224,49120
7224,49121
7224,49122
7224,49123
7224,49124
7224,49125
7224,49126
7224,49127
7224,49128
7224,49129
7224,49130
7224,49131
7224,49132
7224,49133
7224,49134
7224,49135
7224,49136
7224,49137
7224,49138
7224,49139
7224,49140
7224,49141
7224,49142
7224,49143
7224,49144
7224,49145
7224,49146
7224,49147
7224,49148
7224,49149
7224,49150
7224,49151
7224,49152
7224,49153
7224,49154
7224,49155
7224,49156
7224,49157
7224,49158
7224,49159
7224,49160
7224,49161
7224,49162
7224,49163
7224,49164
7224,49165
7224,49166
7224,49167
7224,49168
7224,49169
7224,49170
7224,49171
7224,49172
7224,49173
7224,49174
7224,49175
7224,49176
7224,49177
7224,49178
7224,49179
7224,49180
7224,49181
7224,49182
7224,49186
7224,49187
7224,49195
7225,49080
7225,49081
7225,49082
7225,49083
7225,49084
7225,49085
7225,49086
7225,49087
7225,49088
7225,49089
7225,49090
7225,49091
7225,49092
7225,49093
7225,49094
7225,49095
7225,49096
7225,49097
7225,49098
7225,49099
7225,49100
7225,49101
7225,49102
7225,49103
7225,49104
7225,49105
7225,49106
7225,49107
7225,49108
7225,49109
7225,49110
7225,49111
7225,49112
7225,49113
7225,49114
7225,49115
7225,49116
7225,49117
7225,49118
7225,49119
7225,49120
7225,49121
7225,49122
7225,49123
7225,49124
7225,49125
7225,49126
7225,49127
7225,49128
7225,49129
7225,49130
7225,49131
7225,49132
7225,49133
7225,49134
7225,49135
7225,49136
7225,49137
7225,49138
7225,49139
7225,49140
7225,49141
7225,49142
7225,49143
7225,49144
7225,49145
7225,49146
7225,49147
7225,49148
7225,49149
7225,49150
7225,49151
7225,49152
7225,49153
7225,49154
7225,49155
7225,49156
7225,49157
7225,49158
7225,49159
7225,49160
7225,49161
7225,49162
7225,49163
7225,49164
7225,49165
7225,49166
7225,49167
7225,49168
7225,49169
7225,49170
7225,49171
7225,49172
7225,49173
7225,49174
7225,49175
7225,49176
7225,49177
7225,49178
7225,49179
7225,49180
7225,49181
7225,49182
7225,49183
7225,49184
7225,49185
7225,49186
7225,49187
7225,49188
7225,49189
7225,49190
7225,49192
7225,49193
7225,49194
7225,49195
7225,49196
7225,49197
7226,49080
7226,49081
7226,49082
7226,49083
7226,49084
7226,49085
7226,49086
7226,49087
7226,49088
7226,49089
7226,49090
7226,49091
7226,49092
7226,49093
7226,49094
7226,49095
7226,49096
7226,49097
7226,49098
7226,49099
7226,49100
7226,49101
7226,49102
7226,49103
7226,49104
7226,49105
7226,49106
7226,49107
7226,49108
7226,49109
7226,49110
7226,49111
7226,49112
7226,49113
7226,49114
7226,49115
7226,49116
7226,49117
7226,49118
7226,49119
7226,49120
7226,49121
7226,49122
7226,49123
7226,49124
7226,49125
7226,49126
7226,49127
7226,49128
7226,49129
7226,49130
7226,49131
7226,49132
7226,49133
7226,49134
7226,49135
7226,49136
7226,49137
7226,49138
7226,49139
7226,49140
7226,49141
7226,49142
7226,49143
7226,49144
7226,49145
7226,49146
7226,49147
7226,49148
7226,49149
7226,49150
7226,49151
7226,49152
7226,49153
7226,49154
7226,49155
7226,49156
7226,49157
7226,49158
7226,49159
7226,49160
7226,49161
7226,49162
7226,49163
7226,49164
7226,49165
7226,49166
7226,49167
7226,49168
7226,49169
7226,49170
7226,49171
7226,49172
7226,49173
7226,49174
7226,49175
7226,49176
7226,49177
7226,49178
7226,49179
7226,49180
7226,49181
7226,49182
7226,49183
7226,49184
7226,49185
7226,49186
7226,49187
7226,49188
7226,49189
7226,49190
7226,49191
7226,49192
7226,49193
7226,49194
7226,49195
7226,49196
7226,49197
7226,49198
7227,49077
7227,49078
7227,49079
7227,49080
7227,49081
7227,49082
7227,49083
7227,49084
7227,49085
7227,49086
7227,49087
7227,49088
7227,49089
7227,49090
7227,49091
7227,49092
7227,49093
7227,49094
7227,49095
7227,49096
7227,49097
7227,49098
7227,49099
7227,49100
7227,49101
7227,49102
7227,49103
7227,49104
7227,49105
7227,49106
7227,49107
7227,49108
7227,49109
7227,49110
7227,49111
7227,49112
7227,49113
7227,49114
7227,49115
7227,49116
7227,49117
7227,49118
7227,49119
7227,49120
7227,49121
7227,49122
7227,49123
7227,49124
7227,49125
7227,49126
7227,49127
7227,49128
7227,49129
7227,49130
7227,49131
7227,49132
7227,49133
7227,49134
7227,49135
7227,49136
7227,49137
7227,49138
7227,49139
7227,49140
7227,49141
7227,49142
7227,49143
7227,49144
7227,49145
7227,49146
7227,49147
7227,49148
7227,49149
7227,49150
7227,49151
7227,49152
7227,49153
7227,49154
7227,49155
7227,49156
7227,49157
7227,49158
7227,49159
7227,49160
7227,49161
7227,49162
7227,49163
7227,49164
7227,49165
7227,49166
7227,49167
7227,49168
7227,49169
7227,49170
7227,49171
7227,49172
7227,49173
7227,49174
7227,49175
7227,49176
7227,49177
7227,49178
7227,49179
7227,49180
7227,49181
7227,49182
7227,49183
7227,49184
7227,49185
7227,49186
7227,49187
7227,49188
7227,49189
7227,49190
7227,49191
7227,49192
7227,49193
7227,49194
7227,49195
7227,49196
7227,49197
7227,49198
7227,49199
7228,49072
7228,49074
7228,49075
7228,49076
7228,49077
7228,49078
7228,49079
7228,49080
7228,49081
7228,49082
7228,49083
7228,49084
7228,49085
7228,49086
7228,49087
7228,49088
7228,49089
7228,49090
7228,49091
7228,49092
7228,49093
7228,49094
7228,49095
7228,49096
7228,49097
7228,49098
7228,49099
7228,49100
7228,49101
7228,49102
7228,49103
7228,49104
7228,49105
7228,49106
7228,49107
7228,49108
7228,49109
7228,49110
7228,49111
7228,49112
7228,49113
7228,49114
7228,49115
7228,49116
7228,49117
7228,49118
7228,49119
7228,49120
7228,49121
7228,49122
7228,49123
7228,49124
7228,49125
7228,49126
7228,49127
7228,49128
7228,49129
7228,49130
7228,49131
7228,49132
7228,49133
7228,49134
7228,49135
7228,49136
7228,49137
7228,49138
7228,49139
7228,49140
7228,49141
7228,49142
7228,49143
7228,49144
7228,49145
7228,49146
7228,49147
7228,49148
7228,49149
7228,49150
7228,49151
7228,49152
7228,49153
7228,49154
7228,49155
7228,49156
7228,49157
7228,49158
7228,49159
7228,49160
7228,49161
7228,49162
7228,49163
7228,49164
7228,49165
7228,49166
7228,49167
7228,49168
7228,49169
7228,49170
7228,49171
7228,49172
7228,49173
7228,49174
7228,49175
7228,49176
7228,49177
7228,49178
7228,49179
7228,49180
7228,49181
7228,49182
7228,49183
7228,49184
7228,49185
7228,49186
7228,49187
7228,49188
7228,49189
7228,49190
7228,49191
7228,49192
7228,49193
7228,49194
7228,49195
7228,49196
7228,49197
7228,49198
7228,49199
7229,49069
7229,49070
7229,49071
7229,49072
7229,49073
7229,49074
7229,49075
7229,49076
7229,49077
7229,49078
7229,49079
7229,49080
7229,49081
7229,49082
7229,49083
7229,49084
7229,49085
7229,49086
7229,49087
7229,49088
7229,49089
7229,49090
7229,49091
7229,49092
7229,49093
7229,49094
7229,49095
7229,49096
7229,49097
7229,49098
7229,49099
7229,49100
7229,49101
7229,49102
7229,49103
7229,49104
7229,49105
7229,49106
7229,49107
7229,49108
7229,49109
7229,49110
7229,49111
7229,49112
7229,49113
7229,49114
7229,49115
7229,49116
7229,49117
7229,49118
7229,49119
7229,49120
7229,49121
7229,49122
7229,49123
7229,49124
7229,49125
7229,49126
7229,49127
7229,49128
7229,49129
7229,49130
7229,49131
7229,49132
7229,49133
7229,49134
7229,49135
7229,49136
7229,49137
7229,49138
7229,49139
7229,49140
7229,49141
7229,49142
7229,49143
7229,49144
7229,49145
7229,49146
7229,49147
7229,49148
7229,49149
7229,49150
7229,49151
7229,49152
7229,49153
7229,49154
7229,49155
7229,49156
7229,49157
7229,49158
7229,49159
7229,49160
7229,49161
7229,49162
7229,49163
7229,49164
7229,49165
7229,49166
7229,49167
7229,49168
7229,49169
7229,49170
7229,49171
7229,49172
7229,49173
7229,49174
7229,49175
7229,49176
7229,49177
7229,49178
7229,49179
7229,49180
7229,49181
7229,49182
7229,49183
7229,49184
7229,49185
7229,49186
7229,49187
7229,49188
7229,49189
7229,49190
7229,49191
7229,49192
7229,49193
7229,49194
7229,49195
7229,49196
7229,49197
7229,49198
7229,49199
7229,49200
7230,49068
7230,49069
7230,49070
7230,49071
7230,49072
7230,49073
7230,49074
7230,49075
7230,49076
7230,49077
7230,49078
7230,49079
7230,49080
7230,49081
7230,49082
7230,49083
7230,49084
7230,49085
7230,49086
7230,49087
7230,49088
7230,49089
7230,49090
7230,49091
7230,49092
7230,49093
7230,49094
7230,49095
7230,49096
7230,49097
7230,49098
7230,49099
7230,49100
7230,49101
7230,49102
7230,49103
7230,49104
7230,49105
7230,49106
7230,49107
7230,49108
7230,49109
7230,49110
7230,49111
7230,49112
7230,49113
7230,49114
7230,49115
7230,49116
7230,49117
7230,49118
7230,49119
7230,49120
7230,49121
7230,49122
7230,49123
7230,49124
7230,49125
7230,49126
7230,49127
7230,49128
7230,49129
7230,49130
7230,49131
7230,49132
7230,49133
7230,49134
7230,49135
7230,49136
7230,49137
7230,49138
7230,49139
7230,49140
7230,49141
7230,49142
7230,49143
7230,49144
7230,49145
7230,49146
7230,49147
7230,49148
7230,49149
7230,49150
7230,49151
7230,49152
7230,49153
7230,49154
7230,49155
7230,49156
7230,49157
7230,49158
7230,49159
7230,49160
7230,49161
7230,49162
7230,49163
7230,49164
7230,49165
7230,49166
7230,49167
7230,49168
7230,49169
7230,49170
7230,49171
7230,49172
7230,49173
7230,49174
7230,49175
7230,49176
7230,49177
7230,49178
7230,49179
7230,49180
7230,49181
7230,49182
7230,49183
7230,49184
7230,49185
7230,49186
7230,49187
7230,49188
7230,49189
7230,49190
7230,49191
7230,49192
7230,49193
7230,49194
7230,49195
7230,49196
7230,49197
7230,49198
7230,49199
7230,49200
7231,49067
7231,49068
7231,49069
7231,49070
7231,49071
7231,49072
7231,49073
7231,49074
7231,49075
7231,49076
7231,49077
7231,49078
7231,49079
7231,49080
7231,49081
7231,49082
7231,49083
7231,49084
7231,49085
7231,49086
7231,49087
7231,49088
7231,49089
7231,49090
7231,49091
7231,49092
7231,49093
7231,49094
7231,49095
7231,49096
7231,49097
7231,49098
7231,49099
7231,49100
7231,49101
7231,49102
7231,49103
7231,49104
7231,49105
7231,49106
7231,49107
7231,49108
7231,49109
7231,49110
7231,49111
7231,49112
7231,49113
7231,49114
7231,49115
7231,49116
7231,49117
7231,49118
7231,49119
7231,49120
7231,49121
7231,49122
7231,49123
7231,49124
7231,49125
7231,49126
7231,49127
7231,49128
7231,49129
7231,49130
7231,49131
7231,49132
7231,49133
7231,49134
7231,49135
7231,49136
7231,49137
7231,49138
7231,49139
7231,49140
7231,49141
7231,49142
7231,49143
7231,49144
7231,49145
7231,49146
7231,49147
7231,49148
7231,49149
7231,49150
7231,49151
7231,49152
7231,49153
7231,49154
7231,49155
7231,49156
7231,49157
7231,49158
7231,49159
7231,49160
7231,49161
7231,49162
7231,49163
7231,49164
7231,49165
7231,49166
7231,49167
7231,49168
7231,49169
7231,49170
7231,49171
7231,49172
7231,49173
7231,49174
7231,49175
7231,49176
7231,49177
7231,49178
7231,49179
7231,49180
7231,49181
7231,49182
7231,49183
7231,49184
7231,49185
7231,49186
7231,49187
7231,49188
7231,49189
7231,49190
7231,49191
7231,49192
7231,49193
7231,49194
7231,49195
7231,49196
7231,49197
7231,49198
7231,49199
7231,49200
7232,49066
7232,49067
7232,49068
7232,49069
7232,49070
7232,49071
7232,49072
7232,49073
7232,49074
7232,49075
7232,49076
7232,49077
7232,49078
7232,49079
7232,49080
7232,49081
7232,49082
7232,49083
7232,49084
7232,49085
7232,49086
7232,49087
7232,49088
7232,49089
7232,49090
7232,49091
7232,49092
7232,49093
7232,49094
7232,49095
7232,49096
7232,49097
7232,49098
7232,49099
7232,49100
7232,49101
7232,49102
7232,49103
7232,49104
7232,49105
7232,49106
7232,49107
7232,49108
7232,49109
7232,49110
7232,49111
7232,49112
7232,49113
7232,49114
7232,49115
7232,49116
7232,49117
7232,49118
7232,49119
7232,49120
7232,49121
7232,49122
7232,49123
7232,49124
7232,49125
7232,49126
7232,49127
7232,49128
7232,49129
7232,49130
7232,49131
7232,49132
7232,49133
7232,49134
7232,49135
7232,49136
7232,49137
7232,49138
7232,49139
7232,49140
7232,49141
7232,49142
7232,49143
7232,49144
7232,49145
7232,49146
7232,49147
7232,49148
7232,49149
7232,49150
7232,49151
7232,49152
7232,49153
7232,49154
7232,49155
7232,49156
7232,49157
7232,49158
7232,49159
7232,49160
7232,49161
7232,49162
7232,49163
7232,49164
7232,49165
7232,49166
7232,49167
7232,49168
7232,49169
7232,49170
7232,49171
7232,49172
7232,49173
7232,49174
7232,49175
7232,49176
7232,49177
7232,49178
7232,49179
7232,49180
7232,49181
7232,49182
7232,49183
7232,49184
7232,49185
7232,49186
7232,49187
7232,49188
7232,49189
7232,49190
7232,49191
7232,49192
7232,49193
7232,49194
7232,49195
7232,49196
7232,49197
7232,49198
7232,49199
7232,49200
7233,49066
7233,49067
7233,49068
7233,49069
7233,49070
7233,49071
7233,49072
7233,49073
7233,49074
7233,49075
7233,49076
7233,49077
7233,49078
7233,49079
7233,49080
7233,49081
7233,49082
7233,49083
7233,49084
7233,49085
7233,49086
7233,49087
7233,49088
7233,49089
7233,49090
7233,49091
7233,49092
7233,49093
7233,49094
7233,49095
7233,49096
7233,49097
7233,49098
7233,49099
7233,49100
7233,49101
7233,49102
7233,49103
7233,49104
7233,49105
7233,49106
7233,49107
7233,49108
7233,49109
7233,49110
7233,49111
7233,49112
7233,49113
7233,49114
7233,49115
7233,49116
7233,49117
7233,49118
7233,49119
7233,49120
7233,49121
7233,49122
7233,49123
7233,49124
7233,49125
7233,49126
7233,49127
7233,49128
7233,49129
7233,49130
7233,49131
7233,49132
7233,49133
7233,49134
7233,49135
7233,49136
7233,49137
7233,49138
7233,49139
7233,49140
7233,49141
7233,49142
7233,49143
7233,49144
7233,49145
7233,49146
7233,49147
7233,49148
7233,49149
7233,49150
7233,49151
7233,49152
7233,49153
7233,49154
7233,49155
7233,49156
7233,49157
7233,49158
7233,49159
7233,49160
7233,49161
7233,49162
7233,49163
7233,49164
7233,49165
7233,49166
7233,49167
7233,49168
7233,49169
7233,49170
7233,49171
7233,49172
7233,49173
7233,49174
7233,49175
7233,49176
7233,49177
7233,49178
7233,49179
7233,49180
7233,49181
7233,49182
7233,49183
7233,49184
7233,49185
7233,49186
7233,49187
7233,49188
7233,49189
7233,49190
7233,49191
7233,49192
7233,49193
7233,49194
7233,49195
7233,49196
7233,49197
7233,49198
7233,49199
7234,49065
7234,49066
7234,49067
7234,49068
7234,49069
7234,49070
7234,49071
7234,49072
7234,49073
7234,49074
7234,49075
7234,49076
7234,49077
7234,49078
7234,49079
7234,49080
7234,49081
7234,49082
7234,49083
7234,49084
7234,49085
7234,49086
7234,49087
7234,49088
7234,49089
7234,49090
7234,49091
7234,49092
7234,49093
7234,49094
7234,49095
7234,49096
7234,49097
7234,49098
7234,49099
7234,49100
7234,49101
7234,49102
7234,49103
7234,49104
7234,49105
7234,49106
7234,49107
7234,49108
7234,49109
7234,49110
7234,49111
7234,49112
7234,49113
7234,49114
7234,49115
7234,49116
7234,49117
7234,49118
7234,49119
7234,49120
7234,49121
7234,49122
7234,49123
7234,49124
7234,49125
7234,49126
7234,49127
7234,49128
7234,49129
7234,49130
7234,49131
7234,49132
7234,49133
7234,49134
7234,49135
7234,49136
7234,49137
7234,49138
7234,49139
7234,49140
7234,49141
7234,49142
7234,49143
7234,49144
7234,49145
7234,49146
7234,49147
7234,49148
7234,49149
7234,49150
7234,49151
7234,49152
7234,49153
7234,49154
7234,49155
7234,49156
7234,49157
7234,49158
7234,49159
7234,49160
7234,49161
7234,49162
7234,49163
7234,49164
7234,49165
7234,49166
7234,49167
7234,49168
7234,49169
7234,49170
7234,49171
7234,49172
7234,49173
7234,49174
7234,49175
7234,49176
7234,49177
7234,49178
7234,49179
7234,49180
7234,49181
7234,49182
7234,49183
7234,49184
7234,49185
7234,49186
7234,49187
7234,49188
7234,49189
7234,49190
7234,49191
7234,49192
7234,49193
7234,49194
7234,49195
7234,49196
7234,49197
7234,49198
7234,49199
7234,49200
7235,49065
7235,49066
7235,49067
7235,49068
7235,49069
7235,49070
7235,49071
7235,49072
7235,49073
7235,49074
7235,49075
7235,49076
7235,49077
7235,49078
7235,49079
7235,49080
7235,49081
7235,49082
7235,49083
7235,49084
7235,49085
7235,49086
7235,49087
7235,49088
7235,49089
7235,49090
7235,49091
7235,49092
7235,49093
7235,49094
7235,49095
7235,49096
7235,49097
7235,49098
7235,49099
7235,49100
7235,49101
7235,49102
7235,49103
7235,49104
7235,49105
7235,49106
7235,49107
7235,49108
7235,49109
7235,49110
7235,49111
7235,49112
7235,49113
7235,49114
7235,49115
7235,49116
7235,49117
7235,49118
7235,49119
7235,49120
7235,49121
7235,49122
7235,49123
7235,49124
7235,49125
7235,49126
7235,49127
7235,49128
7235,49129
7235,49130
7235,49131
7235,49132
7235,49133
7235,49134
7235,49135
7235,49136
7235,49137
7235,49138
7235,49139
7235,49140
7235,49141
7235,49142
7235,49143
7235,49144
7235,49145
7235,49146
7235,49147
7235,49148
7235,49149
7235,49150
7235,49151
7235,49152
7235,49153
7235,49154
7235,49155
7235,49156
7235,49157
7235,49158
7235,49159
7235,49160
7235,49161
7235,49162
7235,49163
7235,49164
7235,49165
7235,49166
7235,49167
7235,49168
7235,49169
7235,49170
7235,49171
7235,49172
7235,49173
7235,49174
7235,49175
7235,49176
7235,49177
7235,49178
7235,49179
7235,49180
7235,49181
7235,49182
7235,49183
7235,49184
7235,49185
7235,49186
7235,49187
7235,49188
7235,49189
7235,49190
7235,49191
7235,49192
7235,49193
7235,49194
7235,49195
7235,49196
7235,49197
7235,49198
7235,49199
7235,49200
7235,49201
7235,49202
7236,49065
7236,49066
7236,49067
7236,49068
7236,49069
7236,49070
7236,49071
7236,49072
7236,49073
7236,49074
7236,49075
7236,49076
7236,49077
7236,49078
7236,49079
7236,49080
7236,49081
7236,49082
7236,49083
7236,49084
7236,49085
7236,49086
7236,49087
7236,49088
7236,49089
7236,49090
7236,49091
7236,49092
7236,49093
7236,49094
7236,49095
7236,49096
7236,49097
7236,49098
7236,49099
7236,49100
7236,49101
7236,49102
7236,49103
7236,49104
7236,49105
7236,49106
7236,49107
7236,49108
7236,49109
7236,49110
7236,49111
7236,49112
7236,49113
7236,49114
7236,49115
7236,49116
7236,49117
7236,49118
7236,49119
7236,49120
7236,49121
7236,49122
7236,49123
7236,49124
7236,49125
7236,49126
7236,49127
7236,49128
7236,49129
7236,49130
7236,49131
7236,49132
7236,49133
7236,49134
7236,49135
7236,49136
7236,49137
7236,49138
7236,49139
7236,49140
7236,49141
7236,49142
7236,49143
7236,49144
7236,49145
7236,49146
7236,49147
7236,49148
7236,49149
7236,49150
7236,49151
7236,49152
7236,49153
7236,49154
7236,49155
7236,49156
7236,49157
7236,49158
7236,49159
7236,49160
7236,49161
7236,49162
7236,49163
7236,49164
7236,49165
7236,49166
7236,49167
7236,49168
7236,49169
7236,49170
7236,49171
7236,49172
7236,49173
7236,49174
7236,49175
7236,49176
7236,49177
7236,49178
7236,49179
7236,49180
7236,49181
7236,49182
7236,49183
7236,49184
7236,49185
7236,49186
7236,49187
7236,49188
7236,49189
7236,49190
7236,49191
7236,49192
7236,49193
7236,49194
7236,49195
7236,49196
7236,49197
7236,49198
7236,49199
7236,49200
7236,49201
7236,49202
7236,49203
7237,49065
7237,49066
7237,49067
7237,49068
7237,49069
7237,49070
7237,49071
7237,49072
7237,49073
7237,49074
7237,49075
7237,49076
7237,49077
7237,49078
7237,49079
7237,49080
7237,49081
7237,49082
7237,49083
7237,49084
7237,49085
7237,49086
7237,49087
7237,49088
7237,49089
7237,49090
7237,49091
7237,49092
7237,49093
7237,49094
7237,49095
7237,49096
7237,49097
7237,49098
7237,49099
7237,49100
7237,49101
7237,49102
7237,49103
7237,49104
7237,49105
7237,49106
7237,49107
7237,49108
7237,49109
7237,49110
7237,49111
7237,49112
7237,49113
7237,49114
7237,49115
7237,49116
7237,49117
7237,49118
7237,49119
7237,49120
7237,49121
7237,49122
7237,49123
7237,49124
7237,49125
7237,49126
7237,49127
7237,49128
7237,49129
7237,49130
7237,49131
7237,49132
7237,49133
7237,49134
7237,49135
7237,49136
7237,49137
7237,49138
7237,49139
7237,49140
7237,49141
7237,49142
7237,49143
7237,49144
7237,49145
7237,49146
7237,49147
7237,49148
7237,49149
7237,49150
7237,49151
7237,49152
7237,49153
7237,49154
7237,49155
7237,49156
7237,49157
7237,49158
7237,49159
7237,49160
7237,49161
7237,49162
7237,49163
7237,49164
7237,49165
7237,49166
7237,49167
7237,49168
7237,49169
7237,49170
7237,49171
7237,49172
7237,49173
7237,49174
7237,49175
7237,49176
7237,49177
7237,49178
7237,49179
7237,49180
7237,49181
7237,49182
7237,49183
7237,49184
7237,49185
7237,49186
7237,49187
7237,49188
7237,49189
7237,49190
7237,49191
7237,49192
7237,49193
7237,49194
7237,49195
7237,49196
7237,49197
7237,49198
7237,49199
7237,49200
7237,49201
7237,49202
7237,49203
7237,49204
7238,49064
7238,49065
7238,49066
7238,49067
7238,49068
7238,49069
7238,49070
7238,49071
7238,49072
7238,49073
7238,49074
7238,49075
7238,49076
7238,49077
7238,49078
7238,49079
7238,49080
7238,49081
7238,49082
7238,49083
7238,49084
7238,49085
7238,49086
7238,49087
7238,49088
7238,49089
7238,49090
7238,49091
7238,49092
7238,49093
7238,49094
7238,49095
7238,49096
7238,49097
7238,49098
7238,49099
7238,49100
7238,49101
7238,49102
7238,49103
7238,49104
7238,49105
7238,49106
7238,49107
7238,49108
7238,49109
7238,49110
7238,49111
7238,49112
7238,49113
7238,49114
7238,49115
7238,49116
7238,49117
7238,49118
7238,49119
7238,49120
7238,49121
7238,49122
7238,49123
7238,49124
7238,49125
7238,49126
7238,49127
7238,49128
7238,49129
7238,49130
7238,49131
7238,49132
7238,49133
7238,49134
7238,49135
7238,49136
7238,49137
7238,49138
7238,49139
7238,49140
7238,49141
7238,49142
7238,49143
7238,49144
7238,49145
7238,49146
7238,49147
7238,49148
7238,49149
7238,49150
7238,49151
7238,49152
7238,49153
7238,49154
7238,49155
7238,49156
7238,49157
7238,49158
7238,49159
7238,49160
7238,49161
7238,49162
7238,49163
7238,49164
7238,49165
7238,49166
7238,49167
7238,49168
7238,49169
7238,49170
7238,49171
7238,49172
7238,49173
7238,49174
7238,49175
7238,49176
7238,49177
7238,49178
7238,49179
7238,49180
7238,49181
7238,49182
7238,49183
7238,49184
7238,49185
7238,49186
7238,49187
7238,49188
7238,49189
7238,49190
7238,49191
7238,49192
7238,49193
7238,49194
7238,49195
7238,49196
7238,49197
7238,49198
7238,49199
7238,49200
7238,49201
7238,49202
7238,49203
7238,49204
7239,49065
7239,49066
7239,49067
7239,49068
7239,49069
7239,49070
7239,49071
7239,49072
7239,49073
7239,49074
7239,49075
7239,49076
7239,49077
7239,49078
7239,49079
7239,49080
7239,49081
7239,49082
7239,49083
7239,49084
7239,49085
7239,49086
7239,49087
7239,49088
7239,49089
7239,49090
7239,49091
7239,49092
7239,49093
7239,49094
7239,49095
7239,49096
7239,49097
7239,49098
7239,49099
7239,49100
7239,49101
7239,49102
7239,49103
7239,49104
7239,49105
7239,49106
7239,49107
7239,49108
7239,49109
7239,49110
7239,49111
7239,49112
7239,49113
7239,49114
7239,49115
7239,49116
7239,49117
7239,49118
7239,49119
7239,49120
7239,49121
7239,49122
7239,49123
7239,49124
7239,49125
7239,49126
7239,49127
7239,49128
7239,49129
7239,49130
7239,49131
7239,49132
7239,49133
7239,49134
7239,49135
7239,49136
7239,49137
7239,49138
7239,49139
7239,49140
7239,49141
7239,49142
7239,49143
7239,49144
7239,49145
7239,49146
7239,49147
7239,49148
7239,49149
7239,49150
7239,49151
7239,49152
7239,49153
7239,49154
7239,49155
7239,49156
7239,49157
7239,49158
7239,49159
7239,49160
7239,49161
7239,49162
7239,49163
7239,49164
7239,49165
7239,49166
7239,49167
7239,49168
7239,49169
7239,49170
7239,49171
7239,49172
7239,49173
7239,49174
7239,49175
7239,49176
7239,49177
7239,49178
7239,49179
7239,49180
7239,49181
7239,49182
7239,49183
7239,49184
7239,49185
7239,49186
7239,49187
7239,49188
7239,49189
7239,49190
7239,49191
7239,49192
7239,49193
7239,49194
7239,49195
7239,49196
7239,49197
7239,49198
7239,49199
7239,49200
7239,49201
7239,49202
7239,49203
7239,49204
7239,49205
7240,49065
7240,49066
7240,49067
7240,49068
7240,49069
7240,49070
7240,49071
7240,49072
7240,49073
7240,49074
7240,49075
7240,49076
7240,49077
7240,49078
7240,49079
7240,49080
7240,49081
7240,49082
7240,49083
7240,49084
7240,49085
7240,49086
7240,49087
7240,49088
7240,49089
7240,49090
7240,49091
7240,49092
7240,49093
7240,49094
7240,49095
7240,49096
7240,49097
7240,49098
7240,49099
7240,49100
7240,49101
7240,49102
7240,49103
7240,49104
7240,49105
7240,49106
7240,49107
7240,49108
7240,49109
7240,49110
7240,49111
7240,49112
7240,49113
7240,49114
7240,49115
7240,49116
7240,49117
7240,49118
7240,49119
7240,49120
7240,49121
7240,49122
7240,49123
7240,49124
7240,49125
7240,49126
7240,49127
7240,49128
7240,49129
7240,49130
7240,49131
7240,49132
7240,49133
7240,49134
7240,49135
7240,49136
7240,49137
7240,49138
7240,49139
7240,49140
7240,49141
7240,49142
7240,49143
7240,49144
7240,49145
7240,49146
7240,49147
7240,49148
7240,49149
7240,49150
7240,49151
7240,49152
7240,49153
7240,49154
7240,49155
7240,49156
7240,49157
7240,49158
7240,49159
7240,49160
7240,49161
7240,49162
7240,49163
7240,49164
7240,49165
7240,49166
7240,49167
7240,49168
7240,49169
7240,49170
7240,49171
7240,49172
7240,49173
7240,49174
7240,49175
7240,49176
7240,49177
7240,49178
7240,49179
7240,49180
7240,49181
7240,49182
7240,49183
7240,49184
7240,49185
7240,49186
7240,49187
7240,49188
7240,49189
7240,49190
7240,49191
7240,49192
7240,49193
7240,49194
7240,49195
7240,49196
7240,49197
7240,49198
7240,49199
7240,49200
7240,49201
7240,49202
7240,49203
7240,49204
7241,49065
7241,49066
7241,49067
7241,49068
7241,49069
7241,49070
7241,49071
7241,49072
7241,49073
7241,49074
7241,49075
7241,49076
7241,49077
7241,49078
7241,49079
7241,49080
7241,49081
7241,49082
7241,49083
7241,49084
7241,49085
7241,49086
7241,49087
7241,49088
7241,49089
7241,49090
7241,49091
7241,49092
7241,49093
7241,49094
7241,49095
7241,49096
7241,49097
7241,49098
7241,49099
7241,49100
7241,49101
7241,49102
7241,49103
7241,49104
7241,49105
7241,49106
7241,49107
7241,49108
7241,49109
7241,49110
7241,49111
7241,49112
7241,49113
7241,49114
7241,49115
7241,49116
7241,49117
7241,49118
7241,49119
7241,49120
7241,49121
7241,49122
7241,49123
7241,49124
7241,49125
7241,49126
7241,49127
7241,49128
7241,49129
7241,49130
7241,49131
7241,49132
7241,49133
7241,49134
7241,49135
7241,49136
7241,49137
7241,49138
7241,49139
7241,49140
7241,49141
7241,49142
7241,49143
7241,49144
7241,49145
7241,49146
7241,49147
7241,49148
7241,49149
7241,49150
7241,49151
7241,49152
7241,49153
7241,49154
7241,49155
7241,49156
7241,49157
7241,49158
7241,49159
7241,49160
7241,49161
7241,49162
7241,49163
7241,49164
7241,49165
7241,49166
7241,49167
7241,49168
7241,49169
7241,49170
7241,49171
7241,49172
7241,49173
7241,49174
7241,49175
7241,49176
7241,49177
7241,49178
7241,49179
7241,49180
7241,49181
7241,49182
7241,49183
7241,49184
7241,49185
7241,49186
7241,49187
7241,49188
7241,49189
7241,49190
7241,49191
7241,49192
7241,49193
7241,49194
7241,49195
7241,49196
7241,49197
7241,49198
7241,49199
7241,49200
7241,49201
7241,49202
7241,49203
7241,49204
7242,49066
7242,49067
7242,49068
7242,49069
7242,49070
7242,49071
7242,49072
7242,49073
7242,49074
7242,49075
7242,49076
7242,49077
7242,49078
7242,49079
7242,49080
7242,49081
7242,49082
7242,49083
7242,49084
7242,49085
7242,49086
7242,49087
7242,49088
7242,49089
7242,49090
7242,49091
7242,49092
7242,49093
7242,49094
7242,49095
7242,49096
7242,49097
7242,49098
7242,49099
7242,49100
7242,49101
7242,49102
7242,49103
7242,49104
7242,49105
7242,49106
7242,49107
7242,49108
7242,49109
7242,49110
7242,49111
7242,49112
7242,49113
7242,49114
7242,49115
7242,49116
7242,49117
7242,49118
7242,49119
7242,49120
7242,49121
7242,49122
7242,49123
7242,49124
7242,49125
7242,49126
7242,49127
7242,49128
7242,49129
7242,49130
7242,49131
7242,49132
7242,49133
7242,49134
7242,49135
7242,49136
7242,49137
7242,49138
7242,49139
7242,49140
7242,49141
7242,49142
7242,49143
7242,49144
7242,49145
7242,49146
7242,49147
7242,49148
7242,49149
7242,49150
7242,49151
7242,49152
7242,49153
7242,49154
7242,49155
7242,49156
7242,49157
7242,49158
7242,49159
7242,49160
7242,49161
7242,49162
7242,49163
7242,49164
7242,49165
7242,49166
7242,49167
7242,49168
7242,49169
7242,49170
7242,49171
7242,49172
7242,49173
7242,49174
7242,49175
7242,49176
7242,49177
7242,49178
7242,49179
7242,49180
7242,49181
7242,49182
7242,49183
7242,49184
7242,49185
7242,49186
7242,49187
7242,49188
7242,49189
7242,49190
7242,49191
7242,49192
7242,49193
7242,49194
7242,49195
7242,49196
7242,49197
7242,49198
7242,49199
7242,49200
7242,49201
7242,49202
7242,49203
7242,49204
7243,49067
7243,49068
7243,49069
7243,49070
7243,49071
7243,49072
7243,49073
7243,49074
7243,49075
7243,49076
7243,49077
7243,49078
7243,49079
7243,49080
7243,49081
7243,49082
7243,49083
7243,49084
7243,49085
7243,49086
7243,49087
7243,49088
7243,49089
7243,49090
7243,49091
7243,49092
7243,49093
7243,49094
7243,49095
7243,49096
7243,49097
7243,49098
7243,49099
7243,49100
7243,49101
7243,49102
7243,49103
7243,49104
7243,49105
7243,49106
7243,49107
7243,49108
7243,49109
7243,49110
7243,49111
7243,49112
7243,49113
7243,49114
7243,49115
7243,49116
7243,49117
7243,49118
7243,49119
7243,49120
7243,49121
7243,49122
7243,49123
7243,49124
7243,49125
7243,49126
7243,49127
7243,49128
7243,49129
7243,49130
7243,49131
7243,49132
7243,49133
7243,49134
7243,49135
7243,49136
7243,49137
7243,49138
7243,49139
7243,49140
7243,49141
7243,49142
7243,49143
7243,49144
7243,49145
7243,49146
7243,49147
7243,49148
7243,49149
7243,49150
7243,49151
7243,49152
7243,49153
7243,49154
7243,49155
7243,49156
7243,49157
7243,49158
7243,49159
7243,49160
7243,49161
7243,49162
7243,49163
7243,49164
7243,49165
7243,49166
7243,49167
7243,49168
7243,49169
7243,49170
7243,49171
7243,49172
7243,49173
7243,49174
7243,49175
7243,49176
7243,49177
7243,49178
7243,49179
7243,49180
7243,49181
7243,49182
7243,49183
7243,49184
7243,49185
7243,49186
7243,49187
7243,49188
7243,49189
7243,49190
7243,49191
7243,49192
7243,49193
7243,49194
7243,49195
7243,49196
7243,49197
7243,49198
7243,49199
7243,49200
7243,49201
7243,49202
7243,49203
7243,49204
7244,49067
7244,49068
7244,49069
7244,49070
7244,49071
7244,49072
7244,49073
7244,49074
7244,49075
7244,49076
7244,49077
7244,49078
7244,49079
7244,49080
7244,49081
7244,49082
7244,49083
7244,49084
7244,49085
7244,49086
7244,49087
7244,49088
7244,49089
7244,49090
7244,49091
7244,49092
7244,49093
7244,49094
7244,49095
7244,49096
7244,49097
7244,49098
7244,49099
7244,49100
7244,49101
7244,49102
7244,49103
7244,49104
7244,49105
7244,49106
7244,49107
7244,49108
7244,49109
7244,49110
7244,49111
7244,49112
7244,49113
7244,49114
7244,49115
7244,49116
7244,49117
7244,49118
7244,49119
7244,49120
7244,49121
7244,49122
7244,49123
7244,49124
7244,49125
7244,49126
7244,49127
7244,49128
7244,49129
7244,49130
7244,49131
7244,49132
7244,49133
7244,49134
7244,49135
7244,49136
7244,49137
7244,49138
7244,49139
7244,49140
7244,49141
7244,49142
7244,49143
7244,49144
7244,49145
7244,49146
7244,49147
7244,49148
7244,49149
7244,49150
7244,49151
7244,49152
7244,49153
7244,49154
7244,49155
7244,49156
7244,49157
7244,49158
7244,49159
7244,49160
7244,49161
7244,49162
7244,49163
7244,49164
7244,49165
7244,49166
7244,49167
7244,49168
7244,49169
7244,49170
7244,49171
7244,49172
7244,49173
7244,49174
7244,49175
7244,49176
7244,49177
7244,49178
7244,49179
7244,49180
7244,49181
7244,49182
7244,49183
7244,49184
7244,49185
7244,49186
7244,49187
7244,49188
7244,49189
7244,49190
7244,49191
7244,49192
7244,49193
7244,49194
7244,49195
7244,49196
7244,49197
7244,49198
7244,49199
7244,49200
7244,49201
7244,49202
7244,49203
7244,49204
7245,49067
7245,49068
7245,49069
7245,49070
7245,49071
7245,49072
7245,49073
7245,49074
7245,49075
7245,49076
7245,49077
7245,49078
7245,49079
7245,49080
7245,49081
7245,49082
7245,49083
7245,49084
7245,49085
7245,49086
7245,49087
7245,49088
7245,49089
7245,49090
7245,49091
7245,49092
7245,49093
7245,49094
7245,49095
7245,49096
7245,49097
7245,49098
7245,49099
7245,49100
7245,49101
7245,49102
7245,49103
7245,49104
7245,49105
7245,49106
7245,49107
7245,49108
7245,49109
7245,49110
7245,49111
7245,49112
7245,49113
7245,49114
7245,49115
7245,49116
7245,49117
7245,49118
7245,49119
7245,49120
7245,49121
7245,49122
7245,49123
7245,49124
7245,49125
7245,49126
7245,49127
7245,49128
7245,49129
7245,49130
7245,49131
7245,49132
7245,49133
7245,49134
7245,49135
7245,49136
7245,49137
7245,49138
7245,49139
7245,49140
7245,49141
7245,49142
7245,49143
7245,49144
7245,49145
7245,49146
7245,49147
7245,49148
7245,49149
7245,49150
7245,49151
7245,49152
7245,49153
7245,49154
7245,49155
7245,49156
7245,49157
7245,49158
7245,49159
7245,49160
7245,49161
7245,49162
7245,49163
7245,49164
7245,49165
7245,49166
7245,49167
7245,49168
7245,49169
7245,49170
7245,49171
7245,49172
7245,49173
7245,49174
7245,49175
7245,49176
7245,49177
7245,49178
7245,49179
7245,49180
7245,49181
7245,49182
7245,49183
7245,49184
7245,49185
7245,49186
7245,49187
7245,49188
7245,49189
7245,49190
7245,49191
7245,49192
7245,49193
7245,49194
7245,49195
7245,49196
7245,49197
7245,49198
7245,49199
7245,49200
7245,49201
7245,49202
7245,49203
7245,49204
7245,49205
7246,49067
7246,49068
7246,49069
7246,49070
7246,49071
7246,49072
7246,49073
7246,49074
7246,49075
7246,49076
7246,49077
7246,49078
7246,49079
7246,49080
7246,49081
7246,49082
7246,49083
7246,49084
7246,49085
7246,49086
7246,49087
7246,49088
7246,49089
7246,49090
7246,49091
7246,49092
7246,49093
7246,49094
7246,49095
7246,49096
7246,49097
7246,49098
7246,49099
7246,49100
7246,49101
7246,49102
7246,49103
7246,49104
7246,49105
7246,49106
7246,49107
7246,49108
7246,49109
7246,49110
7246,49111
7246,49112
7246,49113
7246,49114
7246,49115
7246,49116
7246,49117
7246,49118
7246,49119
7246,49120
7246,49121
7246,49122
7246,49123
7246,49124
7246,49125
7246,49126
7246,49127
7246,49128
7246,49129
7246,49130
7246,49131
7246,49132
7246,49133
7246,49134
7246,49135
7246,49136
7246,49137
7246,49138
7246,49139
7246,49140
7246,49141
7246,49142
7246,49143
7246,49144
7246,49145
7246,49146
7246,49147
7246,49148
7246,49149
7246,49150
7246,49151
7246,49152
7246,49153
7246,49154
7246,49155
7246,49156
7246,49157
7246,49158
7246,49159
7246,49160
7246,49161
7246,49162
7246,49163
7246,49164
7246,49165
7246,49166
7246,49167
7246,49168
7246,49169
7246,49170
7246,49171
7246,49172
7246,49173
7246,49174
7246,49175
7246,49176
7246,49177
7246,49178
7246,49179
7246,49180
7246,49181
7246,49182
7246,49183
7246,49184
7246,49185
7246,49186
7246,49187
7246,49188
7246,49189
7246,49190
7246,49191
7246,49192
7246,49193
7246,49194
7246,49195
7246,49196
7246,49197
7246,49198
7246,49199
7246,49200
7246,49201
7246,49202
7246,49203
7246,49204
7246,49205
7246,49206
7246,49207
7246,49208
7247,49067
7247,49068
7247,49069
7247,49070
7247,49071
7247,49072
7247,49073
7247,49074
7247,49075
7247,49076
7247,49077
7247,49078
7247,49079
7247,49080
7247,49081
7247,49082
7247,49083
7247,49084
7247,49085
7247,49086
7247,49087
7247,49088
7247,49089
7247,49090
7247,49091
7247,49092
7247,49093
7247,49094
7247,49095
7247,49096
7247,49097
7247,49098
7247,49099
7247,49100
7247,49101
7247,49102
7247,49103
7247,49104
7247,49105
7247,49106
7247,49107
7247,49108
7247,49109
7247,49110
7247,49111
7247,49112
7247,49113
7247,49114
7247,49115
7247,49116
7247,49117
7247,49118
7247,49119
7247,49120
7247,49121
7247,49122
7247,49123
7247,49124
7247,49125
7247,49126
7247,49127
7247,49128
7247,49129
7247,49130
7247,49131
7247,49132
7247,49133
7247,49134
7247,49135
7247,49136
7247,49137
7247,49138
7247,49139
7247,49140
7247,49141
7247,49142
7247,49143
7247,49144
7247,49145
7247,49146
7247,49147
7247,49148
7247,49149
7247,49150
7247,49151
7247,49152
7247,49153
7247,49154
7247,49155
7247,49156
7247,49157
7247,49158
7247,49159
7247,49160
7247,49161
7247,49162
7247,49163
7247,49164
7247,49165
7247,49166
7247,49167
7247,49168
7247,49169
7247,49170
7247,49171
7247,49172
7247,49173
7247,49174
7247,49175
7247,49176
7247,49177
7247,49178
7247,49179
7247,49180
7247,49181
7247,49182
7247,49183
7247,49184
7247,49185
7247,49186
7247,49187
7247,49188
7247,49189
7247,49190
7247,49191
7247,49192
7247,49193
7247,49194
7247,49195
7247,49196
7247,49197
7247,49198
7247,49199
7247,49200
7247,49201
7247,49202
7247,49203
7247,49204
7247,49205
7247,49206
7247,49207
7247,49208
7247,49209
7248,49056
7248,49057
7248,49058
7248,49068
7248,49069
7248,49070
7248,49071
7248,49072
7248,49073
7248,49074
7248,49075
7248,49076
7248,49077
7248,49078
7248,49079
7248,49080
7248,49081
7248,49082
7248,49083
7248,49084
7248,49085
7248,49086
7248,49087
7248,49088
7248,49089
7248,49090
7248,49091
7248,49092
7248,49093
7248,49094
7248,49095
7248,49096
7248,49097
7248,49098
7248,49099
7248,49100
7248,49101
7248,49102
7248,49103
7248,49104
7248,49105
7248,49106
7248,49107
7248,49108
7248,49109
7248,49110
7248,49111
7248,49112
7248,49113
7248,49114
7248,49115
7248,49116
7248,49117
7248,49118
7248,49119
7248,49120
7248,49121
7248,49122
7248,49123
7248,49124
7248,49125
7248,49126
7248,49127
7248,49128
7248,49129
7248,49130
7248,49131
7248,49132
7248,49133
7248,49134
7248,49135
7248,49136
7248,49137
7248,49138
7248,49139
7248,49140
7248,49141
7248,49142
7248,49143
7248,49144
7248,49145
7248,49146
7248,49147
7248,49148
7248,49149
7248,49150
7248,49151
7248,49152
7248,49153
7248,49154
7248,49155
7248,49156
7248,49157
7248,49158
7248,49159
7248,49160
7248,49161
7248,49162
7248,49163
7248,49164
7248,49165
7248,49166
7248,49167
7248,49168
7248,49169
7248,49170
7248,49171
7248,49172
7248,49173
7248,49174
7248,49175
7248,49176
7248,49177
7248,49178
7248,49179
7248,49180
7248,49181
7248,49182
7248,49183
7248,49184
7248,49185
7248,49186
7248,49187
7248,49188
7248,49189
7248,49190
7248,49191
7248,49192
7248,49193
7248,49194
7248,49195
7248,49196
7248,49197
7248,49198
7248,49199
7248,49200
7248,49201
7248,49202
7248,49203
7248,49204
7248,49205
7248,49206
7248,49207
7248,49208
7248,49209
7248,49210
7249,49053
7249,49054
7249,49055
7249,49056
7249,49057
7249,49058
7249,49059
7249,49060
7249,49068
7249,49069
7249,49070
7249,49071
7249,49072
7249,49073
7249,49074
7249,49075
7249,49076
7249,49077
7249,49078
7249,49079
7249,49080
7249,49081
7249,49082
7249,49083
7249,49084
7249,49085
7249,49086
7249,49087
7249,49088
7249,49089
7249,49090
7249,49091
7249,49092
7249,49093
7249,49094
7249,49095
7249,49096
7249,49097
7249,49098
7249,49099
7249,49100
7249,49101
7249,49102
7249,49103
7249,49104
7249,49105
7249,49106
7249,49107
7249,49108
7249,49109
7249,49110
7249,49111
7249,49112
7249,49113
7249,49114
7249,49115
7249,49116
7249,49117
7249,49118
7249,49119
7249,49120
7249,49121
7249,49122
7249,49123
7249,49124
7249,49125
7249,49126
7249,49127
7249,49128
7249,49129
7249,49130
7249,49131
7249,49132
7249,49133
7249,49134
7249,49135
7249,49136
7249,49137
7249,49138
7249,49139
7249,49140
7249,49141
7249,49142
7249,49143
7249,49144
7249,49145
7249,49146
7249,49147
7249,49148
7249,49149
7249,49150
7249,49151
7249,49152
7249,49153
7249,49154
7249,49155
7249,49156
7249,49157
7249,49158
7249,49159
7249,49160
7249,49161
7249,49162
7249,49163
7249,49164
7249,49165
7249,49166
7249,49167
7249,49168
7249,49169
7249,49170
7249,49171
7249,49172
7249,49173
7249,49174
7249,49175
7249,49176
7249,49177
7249,49178
7249,49179
7249,49180
7249,49181
7249,49182
7249,49183
7249,49184
7249,49185
7249,49186
7249,49187
7249,49188
7249,49189
7249,49190
7249,49191
7249,49192
7249,49193
7249,49194
7249,49195
7249,49196
7249,49197
7249,49198
7249,49199
7249,49200
7249,49201
7249,49202
7249,49203
7249,49204
7249,49205
7249,49206
7249,49207
7249,49208
7249,49209
7249,49210
7249,49211
7249,49212
7250,49051
7250,49052
7250,49053
7250,49054
7250,49055
7250,49056
7250,49057
7250,49058
7250,49059
7250,49060
7250,49061
7250,49067
7250,49068
7250,49069
7250,49070
7250,49071
7250,49072
7250,49073
7250,49074
7250,49075
7250,49076
7250,49077
7250,49078
7250,49079
7250,49080
7250,49081
7250,49082
7250,49083
7250,49084
7250,49085
7250,49086
7250,49087
7250,49088
7250,49089
7250,49090
7250,49091
7250,49092
7250,49093
7250,49094
7250,49095
7250,49096
7250,49097
7250,49098
7250,49099
7250,49100
7250,49101
7250,49102
7250,49103
7250,49104
7250,49105
7250,49106
7250,49107
7250,49108
7250,49109
7250,49110
7250,49111
7250,49112
7250,49113
7250,49114
7250,49115
7250,49116
7250,49117
7250,49118
7250,49119
7250,49120
7250,49121
7250,49122
7250,49123
7250,49124
7250,49125
7250,49126
7250,49127
7250,49128
7250,49129
7250,49130
7250,49131
7250,49132
7250,49133
7250,49134
7250,49135
7250,49136
7250,49137
7250,49138
7250,49139
7250,49140
7250,49141
7250,49142
7250,49143
7250,49144
7250,49145
7250,49146
7250,49147
7250,49148
7250,49149
7250,49150
7250,49151
7250,49152
7250,49153
7250,49154
7250,49155
7250,49156
7250,49157
7250,49158
7250,49159
7250,49160
7250,49161
7250,49162
7250,49163
7250,49164
7250,49165
7250,49166
7250,49167
7250,49168
7250,49169
7250,49170
7250,49171
7250,49172
7250,49173
7250,49174
7250,49175
7250,49176
7250,49177
7250,49178
7250,49179
7250,49180
7250,49181
7250,49182
7250,49183
7250,49184
7250,49185
7250,49186
7250,49187
7250,49188
7250,49189
7250,49190
7250,49191
7250,49192
7250,49193
7250,49194
7250,49195
7250,49196
7250,49197
7250,49198
7250,49199
7250,49200
7250,49201
7250,49202
7250,49203
7250,49204
7250,49205
7250,49206
7250,49207
7250,49208
7250,49209
7250,49210
7250,49211
7250,49212
7250,49213
7251,49050
7251,49051
7251,49052
7251,49053
7251,49054
7251,49055
7251,49056
7251,49057
7251,49058
7251,49059
7251,49060
7251,49061
7251,49062
7251,49067
7251,49068
7251,49069
7251,49070
7251,49071
7251,49072
7251,49073
7251,49074
7251,49075
7251,49076
7251,49077
7251,49078
7251,49079
7251,49080
7251,49081
7251,49082
7251,49083
7251,49084
7251,49085
7251,49086
7251,49087
7251,49088
7251,49089
7251,49090
7251,49091
7251,49092
7251,49093
7251,49094
7251,49095
7251,49096
7251,49097
7251,49098
7251,49099
7251,49100
7251,49101
7251,49102
7251,49103
7251,49104
7251,49105
7251,49106
7251,49107
7251,49108
7251,49109
7251,49110
7251,49111
7251,49112
7251,49113
7251,49114
7251,49115
7251,49116
7251,49117
7251,49118
7251,49119
7251,49120
7251,49121
7251,49122
7251,49123
7251,49124
7251,49125
7251,49126
7251,49127
7251,49128
7251,49129
7251,49130
7251,49131
7251,49132
7251,49133
7251,49134
7251,49135
7251,49136
7251,49137
7251,49138
7251,49139
7251,49140
7251,49141
7251,49142
7251,49143
7251,49144
7251,49145
7251,49146
7251,49147
7251,49148
7251,49149
7251,49150
7251,49151
7251,49152
7251,49153
7251,49154
7251,49155
7251,49156
7251,49157
7251,49158
7251,49159
7251,49160
7251,49161
7251,49162
7251,49163
7251,49164
7251,49165
7251,49166
7251,49167
7251,49168
7251,49169
7251,49170
7251,49171
7251,49172
7251,49173
7251,49174
7251,49175
7251,49176
7251,49177
7251,49178
7251,49179
7251,49180
7251,49181
7251,49182
7251,49183
7251,49184
7251,49185
7251,49186
7251,49187
7251,49188
7251,49189
7251,49190
7251,49191
7251,49192
7251,49193
7251,49194
7251,49195
7251,49196
7251,49197
7251,49198
7251,49199
7251,49200
7251,49201
7251,49202
7251,49203
7251,49204
7251,49205
7251,49206
7251,49207
7251,49208
7251,49209
7251,49210
7251,49211
7251,49212
7251,49213
7251,49214
7252,49049
7252,49050
7252,49051
7252,49052
7252,49053
7252,49054
7252,49055
7252,49056
7252,49057
7252,49058
7252,49059
7252,49060
7252,49061
7252,49062
7252,49063
7252,49066
7252,49067
7252,49068
7252,49069
7252,49070
7252,49071
7252,49072
7252,49073
7252,49074
7252,49075
7252,49076
7252,49077
7252,49078
7252,49079
7252,49080
7252,49081
7252,49082
7252,49083
7252,49084
7252,49085
7252,49086
7252,49087
7252,49088
7252,49089
7252,49090
7252,49091
7252,49092
7252,49093
7252,49094
7252,49095
7252,49096
7252,49097
7252,49098
7252,49099
7252,49100
7252,49101
7252,49102
7252,49103
7252,49104
7252,49105
7252,49106
7252,49107
7252,49108
7252,49109
7252,49110
7252,49111
7252,49112
7252,49113
7252,49114
7252,49115
7252,49116
7252,49117
7252,49118
7252,49119
7252,49120
7252,49121
7252,49122
7252,49123
7252,49124
7252,49125
7252,49126
7252,49127
7252,49128
7252,49129
7252,49130
7252,49131
7252,49132
7252,49133
7252,49134
7252,49135
7252,49136
7252,49137
7252,49138
7252,49139
7252,49140
7252,49141
7252,49142
7252,49143
7252,49144
7252,49145
7252,49146
7252,49147
7252,49148
7252,49149
7252,49150
7252,49151
7252,49152
7252,49153
7252,49154
7252,49155
7252,49156
7252,49157
7252,49158
7252,49159
7252,49160
7252,49161
7252,49162
7252,49163
7252,49164
7252,49165
7252,49166
7252,49167
7252,49168
7252,49169
7252,49170
7252,49171
7252,49172
7252,49173
7252,49174
7252,49175
7252,49176
7252,49177
7252,49178
7252,49179
7252,49180
7252,49181
7252,49182
7252,49183
7252,49184
7252,49185
7252,49186
7252,49187
7252,49188
7252,49189
7252,49190
7252,49191
7252,49192
7252,49193
7252,49194
7252,49195
7252,49196
7252,49197
7252,49198
7252,49199
7252,49200
7252,49201
7252,49202
7252,49203
7252,49204
7252,49205
7252,49206
7252,49207
7252,49208
7252,49209
7252,49210
7252,49211
7252,49212
7252,49213
7252,49214
7252,49215
7253,49048
7253,49049
7253,49050
7253,49051
7253,49052
7253,49053
7253,49054
7253,49055
7253,49056
7253,49057
7253,49058
7253,49059
7253,49060
7253,49061
7253,49062
7253,49063
7253,49064
7253,49065
7253,49066
7253,49067
7253,49068
7253,49069
7253,49070
7253,49071
7253,49072
7253,49073
7253,49074
7253,49075
7253,49076
7253,49077
7253,49078
7253,49079
7253,49080
7253,49081
7253,49082
7253,49083
7253,49084
7253,49085
7253,49086
7253,49087
7253,49088
7253,49089
7253,49090
7253,49091
7253,49092
7253,49093
7253,49094
7253,49095
7253,49096
7253,49097
7253,49098
7253,49099
7253,49100
7253,49101
7253,49102
7253,49103
7253,49104
7253,49105
7253,49106
7253,49107
7253,49108
7253,49109
7253,49110
7253,49111
7253,49112
7253,49113
7253,49114
7253,49115
7253,49116
7253,49117
7253,49118
7253,49119
7253,49120
7253,49121
7253,49122
7253,49123
7253,49124
7253,49125
7253,49126
7253,49127
7253,49128
7253,49129
7253,49130
7253,49131
7253,49132
7253,49133
7253,49134
7253,49135
7253,49136
7253,49137
7253,49138
7253,49139
7253,49140
7253,49141
7253,49142
7253,49143
7253,49144
7253,49145
7253,49146
7253,49147
7253,49148
7253,49149
7253,49150
7253,49151
7253,49152
7253,49153
7253,49154
7253,49155
7253,49156
7253,49157
7253,49158
7253,49159
7253,49160
7253,49161
7253,49162
7253,49163
7253,49164
7253,49165
7253,49166
7253,49167
7253,49168
7253,49169
7253,49170
7253,49171
7253,49172
7253,49173
7253,49174
7253,49175
7253,49176
7253,49177
7253,49178
7253,49179
7253,49180
7253,49181
7253,49182
7253,49183
7253,49184
7253,49185
7253,49186
7253,49187
7253,49188
7253,49189
7253,49190
7253,49191
7253,49192
7253,49193
7253,49194
7253,49195
7253,49196
7253,49197
7253,49198
7253,49199
7253,49200
7253,49201
7253,49202
7253,49203
7253,49204
7253,49205
7253,49206
7253,49207
7253,49208
7253,49209
7253,49210
7253,49211
7253,49212
7253,49213
7253,49214
7253,49215
7253,49216
7254,49048
7254,49049
7254,49050
7254,49051
7254,49052
7254,49053
7254,49054
7254,49055
7254,49056
7254,49057
7254,49058
7254,49059
7254,49060
7254,49061
7254,49062
7254,49063
7254,49064
7254,49065
7254,49066
7254,49067
7254,49068
7254,49069
7254,49070
7254,49071
7254,49072
7254,49073
7254,49074
7254,49075
7254,49076
7254,49077
7254,49078
7254,49079
7254,49080
7254,49081
7254,49082
7254,49083
7254,49084
7254,49085
7254,49086
7254,49087
7254,49088
7254,49089
7254,49090
7254,49091
7254,49092
7254,49093
7254,49094
7254,49095
7254,49096
7254,49097
7254,49098
7254,49099
7254,49100
7254,49101
7254,49102
7254,49103
7254,49104
7254,49105
7254,49106
7254,49107
7254,49108
7254,49109
7254,49110
7254,49111
7254,49112
7254,49113
7254,49114
7254,49115
7254,49116
7254,49117
7254,49118
7254,49119
7254,49120
7254,49121
7254,49122
7254,49123
7254,49124
7254,49125
7254,49126
7254,49127
7254,49128
7254,49129
7254,49130
7254,49131
7254,49132
7254,49133
7254,49134
7254,49135
7254,49136
7254,49137
7254,49138
7254,49139
7254,49140
7254,49141
7254,49142
7254,49143
7254,49144
7254,49145
7254,49146
7254,49147
7254,49148
7254,49149
7254,49150
7254,49151
7254,49152
7254,49153
7254,49154
7254,49155
7254,49156
7254,49157
7254,49158
7254,49159
7254,49160
7254,49161
7254,49162
7254,49163
7254,49164
7254,49165
7254,49166
7254,49167
7254,49168
7254,49169
7254,49170
7254,49171
7254,49172
7254,49173
7254,49174
7254,49175
7254,49176
7254,49177
7254,49178
7254,49179
7254,49180
7254,49181
7254,49182
7254,49183
7254,49184
7254,49185
7254,49186
7254,49187
7254,49188
7254,49189
7254,49190
7254,49191
7254,49192
7254,49193
7254,49194
7254,49195
7254,49196
7254,49197
7254,49198
7254,49199
7254,49200
7254,49201
7254,49202
7254,49203
7254,49204
7254,49205
7254,49206
7254,49207
7254,49208
7254,49209
7254,49210
7254,49211
7254,49212
7254,49213
7254,49214
7254,49215
7254,49216
7255,49048
7255,49049
7255,49050
7255,49051
7255,49052
7255,49053
7255,49054
7255,49055
7255,49056
7255,49057
7255,49058
7255,49059
7255,49060
7255,49061
7255,49062
7255,49063
7255,49064
7255,49065
7255,49066
7255,49067
7255,49068
7255,49069
7255,49070
7255,49071
7255,49072
7255,49073
7255,49074
7255,49075
7255,49076
7255,49077
7255,49078
7255,49079
7255,49080
7255,49081
7255,49082
7255,49083
7255,49084
7255,49085
7255,49086
7255,49087
7255,49088
7255,49089
7255,49090
7255,49091
7255,49092
7255,49093
7255,49094
7255,49095
7255,49096
7255,49097
7255,49098
7255,49099
7255,49100
7255,49101
7255,49102
7255,49103
7255,49104
7255,49105
7255,49106
7255,49107
7255,49108
7255,49109
7255,49110
7255,49111
7255,49112
7255,49113
7255,49114
7255,49115
7255,49116
7255,49117
7255,49118
7255,49119
7255,49120
7255,49121
7255,49122
7255,49123
7255,49124
7255,49125
7255,49126
7255,49127
7255,49128
7255,49129
7255,49130
7255,49131
7255,49132
7255,49133
7255,49134
7255,49135
7255,49136
7255,49137
7255,49138
7255,49139
7255,49140
7255,49141
7255,49142
7255,49143
7255,49144
7255,49145
7255,49146
7255,49147
7255,49148
7255,49149
7255,49150
7255,49151
7255,49152
7255,49153
7255,49154
7255,49155
7255,49156
7255,49157
7255,49158
7255,49159
7255,49160
7255,49161
7255,49162
7255,49163
7255,49164
7255,49165
7255,49166
7255,49167
7255,49168
7255,49169
7255,49170
7255,49171
7255,49172
7255,49173
7255,49174
7255,49175
7255,49176
7255,49177
7255,49178
7255,49179
7255,49180
7255,49181
7255,49182
7255,49183
7255,49184
7255,49185
7255,49186
7255,49187
7255,49188
7255,49189
7255,49190
7255,49191
7255,49192
7255,49193
7255,49194
7255,49195
7255,49196
7255,49197
7255,49198
7255,49199
7255,49200
7255,49201
7255,49202
7255,49203
7255,49204
7255,49205
7255,49206
7255,49207
7255,49208
7255,49209
7255,49210
7255,49211
7255,49212
7255,49213
7255,49214
7255,49215
7255,49216
7256,49047
7256,49048
7256,49049
7256,49050
7256,49051
7256,49052
7256,49053
7256,49054
7256,49055
7256,49056
7256,49057
7256,49058
7256,49059
7256,49060
7256,49061
7256,49062
7256,49063
7256,49064
7256,49065
7256,49066
7256,49067
7256,49068
7256,49069
7256,49070
7256,49071
7256,49072
7256,49073
7256,49074
7256,49075
7256,49076
7256,49077
7256,49078
7256,49079
7256,49080
7256,49081
7256,49082
7256,49083
7256,49084
7256,49085
7256,49086
7256,49087
7256,49088
7256,49089
7256,49090
7256,49091
7256,49092
7256,49093
7256,49094
7256,49095
7256,49096
7256,49097
7256,49098
7256,49099
7256,49100
7256,49101
7256,49102
7256,49103
7256,49104
7256,49105
7256,49106
7256,49107
7256,49108
7256,49109
7256,49110
7256,49111
7256,49112
7256,49113
7256,49114
7256,49115
7256,49116
7256,49117
7256,49118
7256,49119
7256,49120
7256,49121
7256,49122
7256,49123
7256,49124
7256,49125
7256,49126
7256,49127
7256,49128
7256,49129
7256,49130
7256,49131
7256,49132
7256,49133
7256,49134
7256,49135
7256,49136
7256,49137
7256,49138
7256,49139
7256,49140
7256,49141
7256,49142
7256,49143
7256,49144
7256,49145
7256,49146
7256,49147
7256,49148
7256,49149
7256,49150
7256,49151
7256,49152
7256,49153
7256,49154
7256,49155
7256,49156
7256,49157
7256,49158
7256,49159
7256,49160
7256,49161
7256,49162
7256,49163
7256,49164
7256,49165
7256,49166
7256,49167
7256,49168
7256,49169
7256,49170
7256,49171
7256,49172
7256,49173
7256,49174
7256,49175
7256,49176
7256,49177
7256,49178
7256,49179
7256,49180
7256,49181
7256,49182
7256,49183
7256,49184
7256,49185
7256,49186
7256,49187
7256,49188
7256,49189
7256,49190
7256,49191
7256,49192
7256,49193
7256,49194
7256,49195
7256,49196
7256,49197
7256,49198
7256,49199
7256,49200
7256,49201
7256,49202
7256,49203
7256,49204
7256,49205
7256,49206
7256,49207
7256,49208
7256,49209
7256,49210
7256,49211
7256,49212
7256,49213
7256,49214
7256,49215
7256,49216
7256,49217
7256,49218
7257,49048
7257,49049
7257,49050
7257,49051
7257,49052
7257,49053
7257,49054
7257,49055
7257,49056
7257,49057
7257,49058
7257,49059
7257,49060
7257,49061
7257,49062
7257,49063
7257,49064
7257,49065
7257,49066
7257,49067
7257,49068
7257,49069
7257,49070
7257,49071
7257,49072
7257,49073
7257,49074
7257,49075
7257,49076
7257,49077
7257,49078
7257,49079
7257,49080
7257,49081
7257,49082
7257,49083
7257,49084
7257,49085
7257,49086
7257,49087
7257,49088
7257,49089
7257,49090
7257,49091
7257,49092
7257,49093
7257,49094
7257,49095
7257,49096
7257,49097
7257,49098
7257,49099
7257,49100
7257,49101
7257,49102
7257,49103
7257,49104
7257,49105
7257,49106
7257,49107
7257,49108
7257,49109
7257,49110
7257,49111
7257,49112
7257,49113
7257,49114
7257,49115
7257,49116
7257,49117
7257,49118
7257,49119
7257,49120
7257,49121
7257,49122
7257,49123
7257,49124
7257,49125
7257,49126
7257,49127
7257,49128
7257,49129
7257,49130
7257,49131
7257,49132
7257,49133
7257,49134
7257,49135
7257,49136
7257,49137
7257,49138
7257,49139
7257,49140
7257,49141
7257,49142
7257,49143
7257,49144
7257,49145
7257,49146
7257,49147
7257,49148
7257,49149
7257,49150
7257,49151
7257,49152
7257,49153
7257,49154
7257,49155
7257,49156
7257,49157
7257,49158
7257,49159
7257,49160
7257,49161
7257,49162
7257,49163
7257,49164
7257,49165
7257,49166
7257,49167
7257,49168
7257,49169
7257,49170
7257,49171
7257,49172
7257,49173
7257,49174
7257,49175
7257,49176
7257,49177
7257,49178
7257,49179
7257,49180
7257,49181
7257,49182
7257,49183
7257,49184
7257,49185
7257,49186
7257,49187
7257,49188
7257,49189
7257,49190
7257,49191
7257,49192
7257,49193
7257,49194
7257,49195
7257,49196
7257,49197
7257,49198
7257,49199
7257,49200
7257,49201
7257,49202
7257,49203
7257,49204
7257,49205
7257,49206
7257,49207
7257,49208
7257,49209
7257,49210
7257,49211
7257,49212
7257,49213
7257,49214
7257,49215
7257,49216
7257,49217
7257,49218
7257,49219
7258,49047
7258,49048
7258,49049
7258,49050
7258,49051
7258,49052
7258,49053
7258,49054
7258,49055
7258,49056
7258,49057
7258,49058
7258,49059
7258,49060
7258,49061
7258,49062
7258,49063
7258,49064
7258,49065
7258,49066
7258,49067
7258,49068
7258,49069
7258,49070
7258,49071
7258,49072
7258,49073
7258,49074
7258,49075
7258,49076
7258,49077
7258,49078
7258,49079
7258,49080
7258,49081
7258,49082
7258,49083
7258,49084
7258,49085
7258,49086
7258,49087
7258,49088
7258,49089
7258,49090
7258,49091
7258,49092
7258,49093
7258,49094
7258,49095
7258,49096
7258,49097
7258,49098
7258,49099
7258,49100
7258,49101
7258,49102
7258,49103
7258,49104
7258,49105
7258,49106
7258,49107
7258,49108
7258,49109
7258,49110
7258,49111
7258,49112
7258,49113
7258,49114
7258,49115
7258,49116
7258,49117
7258,49118
7258,49119
7258,49120
7258,49121
7258,49122
7258,49123
7258,49124
7258,49125
7258,49126
7258,49127
7258,49128
7258,49129
7258,49130
7258,49131
7258,49132
7258,49133
7258,49134
7258,49135
7258,49136
7258,49137
7258,49138
7258,49139
7258,49140
7258,49141
7258,49142
7258,49143
7258,49144
7258,49145
7258,49146
7258,49147
7258,49148
7258,49149
7258,49150
7258,49151
7258,49152
7258,49153
7258,49154
7258,49155
7258,49156
7258,49157
7258,49158
7258,49159
7258,49160
7258,49161
7258,49162
7258,49163
7258,49164
7258,49165
7258,49166
7258,49167
7258,49168
7258,49169
7258,49170
7258,49171
7258,49172
7258,49173
7258,49174
7258,49175
7258,49176
7258,49177
7258,49178
7258,49179
7258,49180
7258,49181
7258,49182
7258,49183
7258,49184
7258,49185
7258,49186
7258,49187
7258,49188
7258,49189
7258,49190
7258,49191
7258,49192
7258,49193
7258,49194
7258,49195
7258,49196
7258,49197
7258,49198
7258,49199
7258,49200
7258,49201
7258,49202
7258,49203
7258,49204
7258,49205
7258,49206
7258,49207
7258,49208
7258,49209
7258,49210
7258,49211
7258,49212
7258,49213
7258,49214
7258,49215
7258,49216
7258,49217
7258,49218
7258,49219
7258,49220
7259,49047
7259,49048
7259,49049
7259,49050
7259,49051
7259,49052
7259,49053
7259,49054
7259,49055
7259,49056
7259,49057
7259,49058
7259,49059
7259,49060
7259,49061
7259,49062
7259,49063
7259,49064
7259,49065
7259,49066
7259,49067
7259,49068
7259,49069
7259,49070
7259,49071
7259,49072
7259,49073
7259,49074
7259,49075
7259,49076
7259,49077
7259,49078
7259,49079
7259,49080
7259,49081
7259,49082
7259,49083
7259,49084
7259,49085
7259,49086
7259,49087
7259,49088
7259,49089
7259,49090
7259,49091
7259,49092
7259,49093
7259,49094
7259,49095
7259,49096
7259,49097
7259,49098
7259,49099
7259,49100
7259,49101
7259,49102
7259,49103
7259,49104
7259,49105
7259,49106
7259,49107
7259,49108
7259,49109
7259,49110
7259,49111
7259,49112
7259,49113
7259,49114
7259,49115
7259,49116
7259,49117
7259,49118
7259,49119
7259,49120
7259,49121
7259,49122
7259,49123
7259,49124
7259,49125
7259,49126
7259,49127
7259,49128
7259,49129
7259,49130
7259,49131
7259,49132
7259,49133
7259,49134
7259,49135
7259,49136
7259,49137
7259,49138
7259,49139
7259,49140
7259,49141
7259,49142
7259,49143
7259,49144
7259,49145
7259,49146
7259,49147
7259,49148
7259,49149
7259,49150
7259,49151
7259,49152
7259,49153
7259,49154
7259,49155
7259,49156
7259,49157
7259,49158
7259,49159
7259,49160
7259,49161
7259,49162
7259,49163
7259,49164
7259,49165
7259,49166
7259,49167
7259,49168
7259,49169
7259,49170
7259,49171
7259,49172
7259,49173
7259,49174
7259,49175
7259,49176
7259,49177
7259,49178
7259,49179
7259,49180
7259,49181
7259,49182
7259,49183
7259,49184
7259,49185
7259,49186
7259,49187
7259,49188
7259,49189
7259,49190
7259,49191
7259,49192
7259,49193
7259,49194
7259,49195
7259,49196
7259,49197
7259,49198
7259,49199
7259,49200
7259,49201
7259,49202
7259,49203
7259,49204
7259,49205
7259,49206
7259,49207
7259,49208
7259,49209
7259,49210
7259,49211
7259,49212
7259,49213
7259,49214
7259,49215
7259,49216
7259,49217
7259,49218
7259,49219
7259,49220
7259,49221
7260,49047
7260,49048
7260,49049
7260,49050
7260,49051
7260,49052
7260,49053
7260,49054
7260,49055
7260,49056
7260,49057
7260,49058
7260,49059
7260,49060
7260,49061
7260,49062
7260,49063
7260,49064
7260,49065
7260,49066
7260,49067
7260,49068
7260,49069
7260,49070
7260,49071
7260,49072
7260,49073
7260,49074
7260,49075
7260,49076
7260,49077
7260,49078
7260,49079
7260,49080
7260,49081
7260,49082
7260,49083
7260,49084
7260,49085
7260,49086
7260,49087
7260,49088
7260,49089
7260,49090
7260,49091
7260,49092
7260,49093
7260,49094
7260,49095
7260,49096
7260,49097
7260,49098
7260,49099
7260,49100
7260,49101
7260,49102
7260,49103
7260,49104
7260,49105
7260,49106
7260,49107
7260,49108
7260,49109
7260,49110
7260,49111
7260,49112
7260,49113
7260,49114
7260,49115
7260,49116
7260,49117
7260,49118
7260,49119
7260,49120
7260,49121
7260,49122
7260,49123
7260,49124
7260,49125
7260,49126
7260,49127
7260,49128
7260,49129
7260,49130
7260,49131
7260,49132
7260,49133
7260,49134
7260,49135
7260,49136
7260,49137
7260,49138
7260,49139
7260,49140
7260,49141
7260,49142
7260,49143
7260,49144
7260,49145
7260,49146
7260,49147
7260,49148
7260,49149
7260,49150
7260,49151
7260,49152
7260,49153
7260,49154
7260,49155
7260,49156
7260,49157
7260,49158
7260,49159
7260,49160
7260,49161
7260,49162
7260,49163
7260,49164
7260,49165
7260,49166
7260,49167
7260,49168
7260,49169
7260,49170
7260,49171
7260,49172
7260,49173
7260,49174
7260,49175
7260,49176
7260,49177
7260,49178
7260,49179
7260,49180
7260,49181
7260,49182
7260,49183
7260,49184
7260,49185
7260,49186
7260,49187
7260,49188
7260,49189
7260,49190
7260,49191
7260,49192
7260,49193
7260,49194
7260,49195
7260,49196
7260,49197
7260,49198
7260,49199
7260,49200
7260,49201
7260,49202
7260,49203
7260,49204
7260,49205
7260,49206
7260,49207
7260,49208
7260,49209
7260,49210
7260,49211
7260,49212
7260,49213
7260,49214
7260,49215
7260,49216
7260,49217
7260,49218
7260,49219
7260,49220
7260,49221
7261,49046
7261,49047
7261,49048
7261,49049
7261,49050
7261,49051
7261,49052
7261,49053
7261,49054
7261,49055
7261,49056
7261,49057
7261,49058
7261,49059
7261,49060
7261,49061
7261,49062
7261,49063
7261,49064
7261,49065
7261,49066
7261,49067
7261,49068
7261,49069
7261,49070
7261,49071
7261,49072
7261,49073
7261,49074
7261,49075
7261,49076
7261,49077
7261,49078
7261,49079
7261,49080
7261,49081
7261,49082
7261,49083
7261,49084
7261,49085
7261,49086
7261,49087
7261,49088
7261,49089
7261,49090
7261,49091
7261,49092
7261,49093
7261,49094
7261,49095
7261,49096
7261,49097
7261,49098
7261,49099
7261,49100
7261,49101
7261,49102
7261,49103
7261,49104
7261,49105
7261,49106
7261,49107
7261,49108
7261,49109
7261,49110
7261,49111
7261,49112
7261,49113
7261,49114
7261,49115
7261,49116
7261,49117
7261,49118
7261,49119
7261,49120
7261,49121
7261,49122
7261,49123
7261,49124
7261,49125
7261,49126
7261,49127
7261,49128
7261,49129
7261,49130
7261,49131
7261,49132
7261,49133
7261,49134
7261,49135
7261,49136
7261,49137
7261,49138
7261,49139
7261,49140
7261,49141
7261,49142
7261,49143
7261,49144
7261,49145
7261,49146
7261,49147
7261,49148
7261,49149
7261,49150
7261,49151
7261,49152
7261,49153
7261,49154
7261,49155
7261,49156
7261,49157
7261,49158
7261,49159
7261,49160
7261,49161
7261,49162
7261,49163
7261,49164
7261,49165
7261,49166
7261,49167
7261,49168
7261,49169
7261,49170
7261,49171
7261,49172
7261,49173
7261,49174
7261,49175
7261,49176
7261,49177
7261,49178
7261,49179
7261,49180
7261,49181
7261,49182
7261,49183
7261,49184
7261,49185
7261,49186
7261,49187
7261,49188
7261,49189
7261,49190
7261,49191
7261,49192
7261,49193
7261,49194
7261,49195
7261,49196
7261,49197
7261,49198
7261,49199
7261,49200
7261,49201
7261,49202
7261,49203
7261,49204
7261,49205
7261,49206
7261,49207
7261,49208
7261,49209
7261,49210
7261,49211
7261,49212
7261,49213
7261,49214
7261,49215
7261,49216
7261,49217
7261,49218
7261,49219
7261,49220
7261,49221
7262,49046
7262,49047
7262,49048
7262,49049
7262,49050
7262,49051
7262,49052
7262,49053
7262,49054
7262,49055
7262,49056
7262,49057
7262,49058
7262,49059
7262,49060
7262,49061
7262,49062
7262,49063
7262,49064
7262,49065
7262,49066
7262,49067
7262,49068
7262,49069
7262,49070
7262,49071
7262,49072
7262,49073
7262,49074
7262,49075
7262,49076
7262,49077
7262,49078
7262,49079
7262,49080
7262,49081
7262,49082
7262,49083
7262,49084
7262,49085
7262,49086
7262,49087
7262,49088
7262,49089
7262,49090
7262,49091
7262,49092
7262,49093
7262,49094
7262,49095
7262,49096
7262,49097
7262,49098
7262,49099
7262,49100
7262,49101
7262,49102
7262,49103
7262,49104
7262,49105
7262,49106
7262,49107
7262,49108
7262,49109
7262,49110
7262,49111
7262,49112
7262,49113
7262,49114
7262,49115
7262,49116
7262,49117
7262,49118
7262,49119
7262,49120
7262,49121
7262,49122
7262,49123
7262,49124
7262,49125
7262,49126
7262,49127
7262,49128
7262,49129
7262,49130
7262,49131
7262,49132
7262,49133
7262,49134
7262,49135
7262,49136
7262,49137
7262,49138
7262,49139
7262,49140
7262,49141
7262,49142
7262,49143
7262,49144
7262,49145
7262,49146
7262,49147
7262,49148
7262,49149
7262,49150
7262,49151
7262,49152
7262,49153
7262,49154
7262,49155
7262,49156
7262,49157
7262,49158
7262,49159
7262,49160
7262,49161
7262,49162
7262,49163
7262,49164
7262,49165
7262,49166
7262,49167
7262,49168
7262,49169
7262,49170
7262,49171
7262,49172
7262,49173
7262,49174
7262,49175
7262,49176
7262,49177
7262,49178
7262,49179
7262,49180
7262,49181
7262,49182
7262,49183
7262,49184
7262,49185
7262,49186
7262,49187
7262,49188
7262,49189
7262,49190
7262,49191
7262,49192
7262,49193
7262,49194
7262,49195
7262,49196
7262,49197
7262,49198
7262,49199
7262,49200
7262,49201
7262,49202
7262,49203
7262,49204
7262,49205
7262,49206
7262,49207
7262,49208
7262,49209
7262,49210
7262,49211
7262,49212
7262,49213
7262,49214
7262,49215
7262,49216
7262,49217
7262,49218
7262,49219
7262,49220
7262,49221
7262,49222
7263,49046
7263,49047
7263,49048
7263,49049
7263,49050
7263,49051
7263,49052
7263,49053
7263,49054
7263,49055
7263,49056
7263,49057
7263,49058
7263,49059
7263,49060
7263,49061
7263,49062
7263,49063
7263,49064
7263,49065
7263,49066
7263,49067
7263,49068
7263,49069
7263,49070
7263,49071
7263,49072
7263,49073
7263,49074
7263,49075
7263,49076
7263,49077
7263,49078
7263,49079
7263,49080
7263,49081
7263,49082
7263,49083
7263,49084
7263,49085
7263,49086
7263,49087
7263,49088
7263,49089
7263,49090
7263,49091
7263,49092
7263,49093
7263,49094
7263,49095
7263,49096
7263,49097
7263,49098
7263,49099
7263,49100
7263,49101
7263,49102
7263,49103
7263,49104
7263,49105
7263,49106
7263,49107
7263,49108
7263,49109
7263,49110
7263,49111
7263,49112
7263,49113
7263,49114
7263,49115
7263,49116
7263,49117
7263,49118
7263,49119
7263,49120
7263,49121
7263,49122
7263,49123
7263,49124
7263,49125
7263,49126
7263,49127
7263,49128
7263,49129
7263,49130
7263,49131
7263,49132
7263,49133
7263,49134
7263,49135
7263,49136
7263,49137
7263,49138
7263,49139
7263,49140
7263,49141
7263,49142
7263,49143
7263,49144
7263,49145
7263,49146
7263,49147
7263,49148
7263,49149
7263,49150
7263,49151
7263,49152
7263,49153
7263,49154
7263,49155
7263,49156
7263,49157
7263,49158
7263,49159
7263,49160
7263,49161
7263,49162
7263,49163
7263,49164
7263,49165
7263,49166
7263,49167
7263,49168
7263,49169
7263,49170
7263,49171
7263,49172
7263,49173
7263,49174
7263,49175
7263,49176
7263,49177
7263,49178
7263,49179
7263,49180
7263,49181
7263,49182
7263,49183
7263,49184
7263,49185
7263,49186
7263,49187
7263,49188
7263,49189
7263,49190
7263,49191
7263,49192
7263,49193
7263,49194
7263,49195
7263,49196
7263,49197
7263,49198
7263,49199
7263,49200
7263,49201
7263,49202
7263,49203
7263,49204
7263,49205
7263,49206
7263,49207
7263,49208
7263,49209
7263,49210
7263,49211
7263,49212
7263,49213
7263,49214
7263,49215
7263,49216
7263,49217
7263,49218
7263,49219
7263,49220
7263,49221
7263,49222
7264,49046
7264,49047
7264,49048
7264,49049
7264,49050
7264,49051
7264,49052
7264,49053
7264,49054
7264,49055
7264,49056
7264,49057
7264,49058
7264,49059
7264,49060
7264,49061
7264,49062
7264,49063
7264,49064
7264,49065
7264,49066
7264,49067
7264,49068
7264,49069
7264,49070
7264,49071
7264,49072
7264,49073
7264,49074
7264,49075
7264,49076
7264,49077
7264,49078
7264,49079
7264,49080
7264,49081
7264,49082
7264,49083
7264,49084
7264,49085
7264,49086
7264,49087
7264,49088
7264,49089
7264,49090
7264,49091
7264,49092
7264,49093
7264,49094
7264,49095
7264,49096
7264,49097
7264,49098
7264,49099
7264,49100
7264,49101
7264,49102
7264,49103
7264,49104
7264,49105
7264,49106
7264,49107
7264,49108
7264,49109
7264,49110
7264,49111
7264,49112
7264,49113
7264,49114
7264,49115
7264,49116
7264,49117
7264,49118
7264,49119
7264,49120
7264,49121
7264,49122
7264,49123
7264,49124
7264,49125
7264,49126
7264,49127
7264,49128
7264,49129
7264,49130
7264,49131
7264,49132
7264,49133
7264,49134
7264,49135
7264,49136
7264,49137
7264,49138
7264,49139
7264,49140
7264,49141
7264,49142
7264,49143
7264,49144
7264,49145
7264,49146
7264,49147
7264,49148
7264,49149
7264,49150
7264,49151
7264,49152
7264,49153
7264,49154
7264,49155
7264,49156
7264,49157
7264,49158
7264,49159
7264,49160
7264,49161
7264,49162
7264,49163
7264,49164
7264,49165
7264,49166
7264,49167
7264,49168
7264,49169
7264,49170
7264,49171
7264,49172
7264,49173
7264,49174
7264,49175
7264,49176
7264,49177
7264,49178
7264,49179
7264,49180
7264,49181
7264,49182
7264,49183
7264,49184
7264,49185
7264,49186
7264,49187
7264,49188
7264,49189
7264,49190
7264,49191
7264,49192
7264,49193
7264,49194
7264,49195
7264,49196
7264,49197
7264,49198
7264,49199
7264,49200
7264,49201
7264,49202
7264,49203
7264,49204
7264,49205
7264,49206
7264,49207
7264,49208
7264,49209
7264,49210
7264,49211
7264,49212
7264,49213
7264,49214
7264,49215
7264,49216
7264,49217
7264,49218
7264,49219
7264,49220
7264,49221
7264,49222
7265,49045
7265,49046
7265,49047
7265,49048
7265,49049
7265,49050
7265,49051
7265,49052
7265,49053
7265,49054
7265,49055
7265,49056
7265,49057
7265,49058
7265,49059
7265,49060
7265,49061
7265,49062
7265,49063
7265,49064
7265,49065
7265,49066
7265,49067
7265,49068
7265,49069
7265,49070
7265,49071
7265,49072
7265,49073
7265,49074
7265,49075
7265,49076
7265,49077
7265,49078
7265,49079
7265,49080
7265,49081
7265,49082
7265,49083
7265,49084
7265,49085
7265,49086
7265,49087
7265,49088
7265,49089
7265,49090
7265,49091
7265,49092
7265,49093
7265,49094
7265,49095
7265,49096
7265,49097
7265,49098
7265,49099
7265,49100
7265,49101
7265,49102
7265,49103
7265,49104
7265,49105
7265,49106
7265,49107
7265,49108
7265,49109
7265,49110
7265,49111
7265,49112
7265,49113
7265,49114
7265,49115
7265,49116
7265,49117
7265,49118
7265,49119
7265,49120
7265,49121
7265,49122
7265,49123
7265,49124
7265,49125
7265,49126
7265,49127
7265,49128
7265,49129
7265,49130
7265,49131
7265,49132
7265,49133
7265,49134
7265,49135
7265,49136
7265,49137
7265,49138
7265,49139
7265,49140
7265,49141
7265,49142
7265,49143
7265,49144
7265,49145
7265,49146
7265,49147
7265,49148
7265,49149
7265,49150
7265,49151
7265,49152
7265,49153
7265,49154
7265,49155
7265,49156
7265,49157
7265,49158
7265,49159
7265,49160
7265,49161
7265,49162
7265,49163
7265,49164
7265,49165
7265,49166
7265,49167
7265,49168
7265,49169
7265,49170
7265,49171
7265,49172
7265,49173
7265,49174
7265,49175
7265,49176
7265,49177
7265,49178
7265,49179
7265,49180
7265,49181
7265,49182
7265,49183
7265,49184
7265,49185
7265,49186
7265,49187
7265,49188
7265,49189
7265,49190
7265,49191
7265,49192
7265,49193
7265,49194
7265,49195
7265,49196
7265,49197
7265,49198
7265,49199
7265,49200
7265,49201
7265,49202
7265,49203
7265,49204
7265,49205
7265,49206
7265,49207
7265,49208
7265,49209
7265,49210
7265,49211
7265,49212
7265,49213
7265,49214
7265,49215
7265,49216
7265,49217
7265,49218
7265,49219
7265,49220
7265,49221
7265,49222
7266,49046
7266,49047
7266,49048
7266,49049
7266,49050
7266,49051
7266,49052
7266,49053
7266,49054
7266,49055
7266,49056
7266,49057
7266,49058
7266,49059
7266,49060
7266,49061
7266,49062
7266,49063
7266,49064
7266,49065
7266,49066
7266,49067
7266,49068
7266,49069
7266,49070
7266,49071
7266,49072
7266,49073
7266,49074
7266,49075
7266,49076
7266,49077
7266,49078
7266,49079
7266,49080
7266,49081
7266,49082
7266,49083
7266,49084
7266,49085
7266,49086
7266,49087
7266,49088
7266,49089
7266,49090
7266,49091
7266,49092
7266,49093
7266,49094
7266,49095
7266,49096
7266,49097
7266,49098
7266,49099
7266,49100
7266,49101
7266,49102
7266,49103
7266,49104
7266,49105
7266,49106
7266,49107
7266,49108
7266,49109
7266,49110
7266,49111
7266,49112
7266,49113
7266,49114
7266,49115
7266,49116
7266,49117
7266,49118
7266,49119
7266,49120
7266,49121
7266,49122
7266,49123
7266,49124
7266,49125
7266,49126
7266,49127
7266,49128
7266,49129
7266,49130
7266,49131
7266,49132
7266,49133
7266,49134
7266,49135
7266,49136
7266,49137
7266,49138
7266,49139
7266,49140
7266,49141
7266,49142
7266,49143
7266,49144
7266,49145
7266,49146
7266,49147
7266,49148
7266,49149
7266,49150
7266,49151
7266,49152
7266,49153
7266,49154
7266,49155
7266,49156
7266,49157
7266,49158
7266,49159
7266,49160
7266,49161
7266,49162
7266,49163
7266,49164
7266,49165
7266,49166
7266,49167
7266,49168
7266,49169
7266,49170
7266,49171
7266,49172
7266,49173
7266,49174
7266,49175
7266,49176
7266,49177
7266,49178
7266,49179
7266,49180
7266,49181
7266,49182
7266,49183
7266,49184
7266,49185
7266,49186
7266,49187
7266,49188
7266,49189
7266,49190
7266,49191
7266,49192
7266,49193
7266,49194
7266,49195
7266,49196
7266,49197
7266,49198
7266,49199
7266,49200
7266,49201
7266,49202
7266,49203
7266,49204
7266,49205
7266,49206
7266,49207
7266,49208
7266,49209
7266,49210
7266,49211
7266,49212
7266,49213
7266,49214
7266,49215
7266,49216
7266,49217
7266,49218
7266,49219
7266,49220
7266,49221
7266,49222
7266,49223
7267,49046
7267,49047
7267,49048
7267,49049
7267,49050
7267,49051
7267,49052
7267,49053
7267,49054
7267,49055
7267,49056
7267,49057
7267,49058
7267,49059
7267,49060
7267,49061
7267,49062
7267,49063
7267,49064
7267,49065
7267,49066
7267,49067
7267,49068
7267,49069
7267,49070
7267,49071
7267,49072
7267,49073
7267,49074
7267,49075
7267,49076
7267,49077
7267,49078
7267,49079
7267,49080
7267,49081
7267,49082
7267,49083
7267,49084
7267,49085
7267,49086
7267,49087
7267,49088
7267,49089
7267,49090
7267,49091
7267,49092
7267,49093
7267,49094
7267,49095
7267,49096
7267,49097
7267,49098
7267,49099
7267,49100
7267,49101
7267,49102
7267,49103
7267,49104
7267,49105
7267,49106
7267,49107
7267,49108
7267,49109
7267,49110
7267,49111
7267,49112
7267,49113
7267,49114
7267,49115
7267,49116
7267,49117
7267,49118
7267,49119
7267,49120
7267,49121
7267,49122
7267,49123
7267,49124
7267,49125
7267,49126
7267,49127
7267,49128
7267,49129
7267,49130
7267,49131
7267,49132
7267,49133
7267,49134
7267,49135
7267,49136
7267,49137
7267,49138
7267,49139
7267,49140
7267,49141
7267,49142
7267,49143
7267,49144
7267,49145
7267,49146
7267,49147
7267,49148
7267,49149
7267,49150
7267,49151
7267,49152
7267,49153
7267,49154
7267,49155
7267,49156
7267,49157
7267,49158
7267,49159
7267,49160
7267,49161
7267,49162
7267,49163
7267,49164
7267,49165
7267,49166
7267,49167
7267,49168
7267,49169
7267,49170
7267,49171
7267,49172
7267,49173
7267,49174
7267,49175
7267,49176
7267,49177
7267,49178
7267,49179
7267,49180
7267,49181
7267,49182
7267,49183
7267,49184
7267,49185
7267,49186
7267,49187
7267,49188
7267,49189
7267,49190
7267,49191
7267,49192
7267,49193
7267,49194
7267,49195
7267,49196
7267,49197
7267,49198
7267,49199
7267,49200
7267,49201
7267,49202
7267,49203
7267,49204
7267,49205
7267,49206
7267,49207
7267,49208
7267,49209
7267,49210
7267,49211
7267,49212
7267,49213
7267,49214
7267,49215
7267,49216
7267,49217
7267,49218
7267,49219
7267,49220
7267,49221
7267,49222
7267,49223
7268,49046
7268,49047
7268,49048
7268,49049
7268,49050
7268,49051
7268,49052
7268,49053
7268,49054
7268,49055
7268,49056
7268,49057
7268,49058
7268,49059
7268,49060
7268,49061
7268,49062
7268,49063
7268,49064
7268,49065
7268,49066
7268,49067
7268,49068
7268,49069
7268,49070
7268,49071
7268,49072
7268,49073
7268,49074
7268,49075
7268,49076
7268,49077
7268,49078
7268,49079
7268,49080
7268,49081
7268,49082
7268,49083
7268,49084
7268,49085
7268,49086
7268,49087
7268,49088
7268,49089
7268,49090
7268,49091
7268,49092
7268,49093
7268,49094
7268,49095
7268,49096
7268,49097
7268,49098
7268,49099
7268,49100
7268,49101
7268,49102
7268,49103
7268,49104
7268,49105
7268,49106
7268,49107
7268,49108
7268,49109
7268,49110
7268,49111
7268,49112
7268,49113
7268,49114
7268,49115
7268,49116
7268,49117
7268,49118
7268,49119
7268,49120
7268,49121
7268,49122
7268,49123
7268,49124
7268,49125
7268,49126
7268,49127
7268,49128
7268,49129
7268,49130
7268,49131
7268,49132
7268,49133
7268,49134
7268,49135
7268,49136
7268,49137
7268,49138
7268,49139
7268,49140
7268,49141
7268,49142
7268,49143
7268,49144
7268,49145
7268,49146
7268,49147
7268,49148
7268,49149
7268,49150
7268,49151
7268,49152
7268,49153
7268,49154
7268,49155
7268,49156
7268,49157
7268,49158
7268,49159
7268,49160
7268,49161
7268,49162
7268,49163
7268,49164
7268,49165
7268,49166
7268,49167
7268,49168
7268,49169
7268,49170
7268,49171
7268,49172
7268,49173
7268,49174
7268,49175
7268,49176
7268,49177
7268,49178
7268,49179
7268,49180
7268,49181
7268,49182
7268,49183
7268,49184
7268,49185
7268,49186
7268,49187
7268,49188
7268,49189
7268,49190
7268,49191
7268,49192
7268,49193
7268,49194
7268,49195
7268,49196
7268,49197
7268,49198
7268,49199
7268,49200
7268,49201
7268,49202
7268,49203
7268,49204
7268,49205
7268,49206
7268,49207
7268,49208
7268,49209
7268,49210
7268,49211
7268,49212
7268,49213
7268,49214
7268,49215
7268,49216
7268,49217
7268,49218
7268,49219
7268,49220
7268,49221
7268,49222
7268,49223
7269,49046
7269,49047
7269,49048
7269,49049
7269,49050
7269,49051
7269,49052
7269,49053
7269,49054
7269,49055
7269,49056
7269,49057
7269,49058
7269,49059
7269,49060
7269,49061
7269,49062
7269,49063
7269,49064
7269,49065
7269,49066
7269,49067
7269,49068
7269,49069
7269,49070
7269,49071
7269,49072
7269,49073
7269,49074
7269,49075
7269,49076
7269,49077
7269,49078
7269,49079
7269,49080
7269,49081
7269,49082
7269,49083
7269,49084
7269,49085
7269,49086
7269,49087
7269,49088
7269,49089
7269,49090
7269,49091
7269,49092
7269,49093
7269,49094
7269,49095
7269,49096
7269,49097
7269,49098
7269,49099
7269,49100
7269,49101
7269,49102
7269,49103
7269,49104
7269,49105
7269,49106
7269,49107
7269,49108
7269,49109
7269,49110
7269,49111
7269,49112
7269,49113
7269,49114
7269,49115
7269,49116
7269,49117
7269,49118
7269,49119
7269,49120
7269,49121
7269,49122
7269,49123
7269,49124
7269,49125
7269,49126
7269,49127
7269,49128
7269,49129
7269,49130
7269,49131
7269,49132
7269,49133
7269,49134
7269,49135
7269,49136
7269,49137
7269,49138
7269,49139
7269,49140
7269,49141
7269,49142
7269,49143
7269,49144
7269,49145
7269,49146
7269,49147
7269,49148
7269,49149
7269,49150
7269,49151
7269,49152
7269,49153
7269,49154
7269,49155
7269,49156
7269,49157
7269,49158
7269,49159
7269,49160
7269,49161
7269,49162
7269,49163
7269,49164
7269,49165
7269,49166
7269,49167
7269,49168
7269,49169
7269,49170
7269,49171
7269,49172
7269,49173
7269,49174
7269,49175
7269,49176
7269,49177
7269,49178
7269,49179
7269,49180
7269,49181
7269,49182
7269,49183
7269,49184
7269,49185
7269,49186
7269,49187
7269,49188
7269,49189
7269,49190
7269,49191
7269,49192
7269,49193
7269,49194
7269,49195
7269,49196
7269,49197
7269,49198
7269,49199
7269,49200
7269,49201
7269,49202
7269,49203
7269,49204
7269,49205
7269,49206
7269,49207
7269,49208
7269,49209
7269,49210
7269,49211
7269,49212
7269,49213
7269,49214
7269,49215
7269,49216
7269,49217
7269,49218
7269,49219
7269,49220
7269,49221
7269,49222
7269,49223
7269,49224
7270,49045
7270,49046
7270,49047
7270,49048
7270,49049
7270,49050
7270,49051
7270,49052
7270,49053
7270,49054
7270,49055
7270,49056
7270,49057
7270,49058
7270,49059
7270,49060
7270,49061
7270,49062
7270,49063
7270,49064
7270,49065
7270,49066
7270,49067
7270,49068
7270,49069
7270,49070
7270,49071
7270,49072
7270,49073
7270,49074
7270,49075
7270,49076
7270,49077
7270,49078
7270,49079
7270,49080
7270,49081
7270,49082
7270,49083
7270,49084
7270,49085
7270,49086
7270,49087
7270,49088
7270,49089
7270,49090
7270,49091
7270,49092
7270,49093
7270,49094
7270,49095
7270,49096
7270,49097
7270,49098
7270,49099
7270,49100
7270,49101
7270,49102
7270,49103
7270,49104
7270,49105
7270,49106
7270,49107
7270,49108
7270,49109
7270,49110
7270,49111
7270,49112
7270,49113
7270,49114
7270,49115
7270,49116
7270,49117
7270,49118
7270,49119
7270,49120
7270,49121
7270,49122
7270,49123
7270,49124
7270,49125
7270,49126
7270,49127
7270,49128
7270,49129
7270,49130
7270,49131
7270,49132
7270,49133
7270,49134
7270,49135
7270,49136
7270,49137
7270,49138
7270,49139
7270,49140
7270,49141
7270,49142
7270,49143
7270,49144
7270,49145
7270,49146
7270,49147
7270,49148
7270,49149
7270,49150
7270,49151
7270,49152
7270,49153
7270,49154
7270,49155
7270,49156
7270,49157
7270,49158
7270,49159
7270,49160
7270,49161
7270,49162
7270,49163
7270,49164
7270,49165
7270,49166
7270,49167
7270,49168
7270,49169
7270,49170
7270,49171
7270,49172
7270,49173
7270,49174
7270,49175
7270,49176
7270,49177
7270,49178
7270,49179
7270,49180
7270,49181
7270,49182
7270,49183
7270,49184
7270,49185
7270,49186
7270,49187
7270,49188
7270,49189
7270,49190
7270,49191
7270,49192
7270,49193
7270,49194
7270,49195
7270,49196
7270,49197
7270,49198
7270,49199
7270,49200
7270,49201
7270,49202
7270,49203
7270,49204
7270,49205
7270,49206
7270,49207
7270,49208
7270,49209
7270,49210
7270,49211
7270,49212
7270,49213
7270,49214
7270,49215
7270,49216
7270,49217
7270,49218
7270,49219
7270,49220
7270,49221
7270,49222
7270,49223
7270,49224
7271,49045
7271,49046
7271,49047
7271,49048
7271,49049
7271,49050
7271,49051
7271,49052
7271,49053
7271,49054
7271,49055
7271,49056
7271,49057
7271,49058
7271,49059
7271,49060
7271,49061
7271,49062
7271,49063
7271,49064
7271,49065
7271,49066
7271,49067
7271,49068
7271,49069
7271,49070
7271,49071
7271,49072
7271,49073
7271,49074
7271,49075
7271,49076
7271,49077
7271,49078
7271,49079
7271,49080
7271,49081
7271,49082
7271,49083
7271,49084
7271,49085
7271,49086
7271,49087
7271,49088
7271,49089
7271,49090
7271,49091
7271,49092
7271,49093
7271,49094
7271,49095
7271,49096
7271,49097
7271,49098
7271,49099
7271,49100
7271,49101
7271,49102
7271,49103
7271,49104
7271,49105
7271,49106
7271,49107
7271,49108
7271,49109
7271,49110
7271,49111
7271,49112
7271,49113
7271,49114
7271,49115
7271,49116
7271,49117
7271,49118
7271,49119
7271,49120
7271,49121
7271,49122
7271,49123
7271,49124
7271,49125
7271,49126
7271,49127
7271,49128
7271,49129
7271,49130
7271,49131
7271,49132
7271,49133
7271,49134
7271,49135
7271,49136
7271,49137
7271,49138
7271,49139
7271,49140
7271,49141
7271,49142
7271,49143
7271,49144
7271,49145
7271,49146
7271,49147
7271,49148
7271,49149
7271,49150
7271,49151
7271,49152
7271,49153
7271,49154
7271,49155
7271,49156
7271,49157
7271,49158
7271,49159
7271,49160
7271,49161
7271,49162
7271,49163
7271,49164
7271,49165
7271,49166
7271,49167
7271,49168
7271,49169
7271,49170
7271,49171
7271,49172
7271,49173
7271,49174
7271,49175
7271,49176
7271,49177
7271,49178
7271,49179
7271,49180
7271,49181
7271,49182
7271,49183
7271,49184
7271,49185
7271,49186
7271,49187
7271,49188
7271,49189
7271,49190
7271,49191
7271,49192
7271,49193
7271,49194
7271,49195
7271,49196
7271,49197
7271,49198
7271,49199
7271,49200
7271,49201
7271,49202
7271,49203
7271,49204
7271,49205
7271,49206
7271,49207
7271,49208
7271,49209
7271,49210
7271,49211
7271,49212
7271,49213
7271,49214
7271,49215
7271,49216
7271,49217
7271,49218
7271,49219
7271,49220
7271,49221
7271,49222
7271,49223
7272,49045
7272,49046
7272,49047
7272,49048
7272,49049
7272,49050
7272,49051
7272,49052
7272,49053
7272,49054
7272,49055
7272,49056
7272,49057
7272,49058
7272,49059
7272,49060
7272,49061
7272,49062
7272,49063
7272,49064
7272,49065
7272,49066
7272,49067
7272,49068
7272,49069
7272,49070
7272,49071
7272,49072
7272,49073
7272,49074
7272,49075
7272,49076
7272,49077
7272,49078
7272,49079
7272,49080
7272,49081
7272,49082
7272,49083
7272,49084
7272,49085
7272,49086
7272,49087
7272,49088
7272,49089
7272,49090
7272,49091
7272,49092
7272,49093
7272,49094
7272,49095
7272,49096
7272,49097
7272,49098
7272,49099
7272,49100
7272,49101
7272,49102
7272,49103
7272,49104
7272,49105
7272,49106
7272,49107
7272,49108
7272,49109
7272,49110
7272,49111
7272,49112
7272,49113
7272,49114
7272,49115
7272,49116
7272,49117
7272,49118
7272,49119
7272,49120
7272,49121
7272,49122
7272,49123
7272,49124
7272,49125
7272,49126
7272,49127
7272,49128
7272,49129
7272,49130
7272,49131
7272,49132
7272,49133
7272,49134
7272,49135
7272,49136
7272,49137
7272,49138
7272,49139
7272,49140
7272,49141
7272,49142
7272,49143
7272,49144
7272,49145
7272,49146
7272,49147
7272,49148
7272,49149
7272,49150
7272,49151
7272,49152
7272,49153
7272,49154
7272,49155
7272,49156
7272,49157
7272,49158
7272,49159
7272,49160
7272,49161
7272,49162
7272,49163
7272,49164
7272,49165
7272,49166
7272,49167
7272,49168
7272,49169
7272,49170
7272,49171
7272,49172
7272,49173
7272,49174
7272,49175
7272,49176
7272,49177
7272,49178
7272,49179
7272,49180
7272,49181
7272,49182
7272,49183
7272,49184
7272,49185
7272,49186
7272,49187
7272,49188
7272,49189
7272,49190
7272,49191
7272,49192
7272,49193
7272,49194
7272,49195
7272,49196
7272,49197
7272,49198
7272,49199
7272,49200
7272,49201
7272,49202
7272,49203
7272,49204
7272,49205
7272,49206
7272,49207
7272,49208
7272,49209
7272,49210
7272,49211
7272,49212
7272,49213
7272,49214
7272,49215
7272,49216
7272,49217
7272,49218
7272,49219
7272,49220
7272,49221
7272,49222
7272,49223
7273,49045
7273,49046
7273,49047
7273,49048
7273,49049
7273,49050
7273,49051
7273,49052
7273,49053
7273,49054
7273,49055
7273,49056
7273,49057
7273,49058
7273,49059
7273,49060
7273,49061
7273,49062
7273,49063
7273,49064
7273,49065
7273,49066
7273,49067
7273,49068
7273,49069
7273,49070
7273,49071
7273,49072
7273,49073
7273,49074
7273,49075
7273,49076
7273,49077
7273,49078
7273,49079
7273,49080
7273,49081
7273,49082
7273,49083
7273,49084
7273,49085
7273,49086
7273,49087
7273,49088
7273,49089
7273,49090
7273,49091
7273,49092
7273,49093
7273,49094
7273,49095
7273,49096
7273,49097
7273,49098
7273,49099
7273,49100
7273,49101
7273,49102
7273,49103
7273,49104
7273,49105
7273,49106
7273,49107
7273,49108
7273,49109
7273,49110
7273,49111
7273,49112
7273,49113
7273,49114
7273,49115
7273,49116
7273,49117
7273,49118
7273,49119
7273,49120
7273,49121
7273,49122
7273,49123
7273,49124
7273,49125
7273,49126
7273,49127
7273,49128
7273,49129
7273,49130
7273,49131
7273,49132
7273,49133
7273,49134
7273,49135
7273,49136
7273,49137
7273,49138
7273,49139
7273,49140
7273,49141
7273,49142
7273,49143
7273,49144
7273,49145
7273,49146
7273,49147
7273,49148
7273,49149
7273,49150
7273,49151
7273,49152
7273,49153
7273,49154
7273,49155
7273,49156
7273,49157
7273,49158
7273,49159
7273,49160
7273,49161
7273,49162
7273,49163
7273,49164
7273,49165
7273,49166
7273,49167
7273,49168
7273,49169
7273,49170
7273,49171
7273,49172
7273,49173
7273,49174
7273,49175
7273,49176
7273,49177
7273,49178
7273,49179
7273,49180
7273,49181
7273,49182
7273,49183
7273,49184
7273,49185
7273,49186
7273,49187
7273,49188
7273,49189
7273,49190
7273,49191
7273,49192
7273,49193
7273,49194
7273,49195
7273,49196
7273,49197
7273,49198
7273,49199
7273,49200
7273,49201
7273,49202
7273,49203
7273,49204
7273,49205
7273,49206
7273,49207
7273,49208
7273,49209
7273,49210
7273,49211
7273,49212
7273,49213
7273,49214
7273,49215
7273,49216
7273,49217
7273,49218
7273,49219
7273,49220
7273,49221
7273,49222
7273,49223
7273,49224
7274,49045
7274,49046
7274,49047
7274,49048
7274,49049
7274,49050
7274,49051
7274,49052
7274,49053
7274,49054
7274,49055
7274,49056
7274,49057
7274,49058
7274,49059
7274,49060
7274,49061
7274,49062
7274,49063
7274,49064
7274,49065
7274,49066
7274,49067
7274,49068
7274,49069
7274,49070
7274,49071
7274,49072
7274,49073
7274,49074
7274,49075
7274,49076
7274,49077
7274,49078
7274,49079
7274,49080
7274,49081
7274,49082
7274,49083
7274,49084
7274,49085
7274,49086
7274,49087
7274,49088
7274,49089
7274,49090
7274,49091
7274,49092
7274,49093
7274,49094
7274,49095
7274,49096
7274,49097
7274,49098
7274,49099
7274,49100
7274,49101
7274,49102
7274,49103
7274,49104
7274,49105
7274,49106
7274,49107
7274,49108
7274,49109
7274,49110
7274,49111
7274,49112
7274,49113
7274,49114
7274,49115
7274,49116
7274,49117
7274,49118
7274,49119
7274,49120
7274,49121
7274,49122
7274,49123
7274,49124
7274,49125
7274,49126
7274,49127
7274,49128
7274,49129
7274,49130
7274,49131
7274,49132
7274,49133
7274,49134
7274,49135
7274,49136
7274,49137
7274,49138
7274,49139
7274,49140
7274,49141
7274,49142
7274,49143
7274,49144
7274,49145
7274,49146
7274,49147
7274,49148
7274,49149
7274,49150
7274,49151
7274,49152
7274,49153
7274,49154
7274,49155
7274,49156
7274,49157
7274,49158
7274,49159
7274,49160
7274,49161
7274,49162
7274,49163
7274,49164
7274,49165
7274,49166
7274,49167
7274,49168
7274,49169
7274,49170
7274,49171
7274,49172
7274,49173
7274,49174
7274,49175
7274,49176
7274,49177
7274,49178
7274,49179
7274,49180
7274,49181
7274,49182
7274,49183
7274,49184
7274,49185
7274,49186
7274,49187
7274,49188
7274,49189
7274,49190
7274,49191
7274,49192
7274,49193
7274,49194
7274,49195
7274,49196
7274,49197
7274,49198
7274,49199
7274,49200
7274,49201
7274,49202
7274,49203
7274,49204
7274,49205
7274,49206
7274,49207
7274,49208
7274,49209
7274,49210
7274,49211
7274,49212
7274,49213
7274,49214
7274,49215
7274,49216
7274,49217
7274,49218
7274,49219
7274,49220
7274,49221
7274,49222
7274,49223
7275,49044
7275,49045
7275,49046
7275,49047
7275,49048
7275,49049
7275,49050
7275,49051
7275,49052
7275,49053
7275,49054
7275,49055
7275,49056
7275,49057
7275,49058
7275,49059
7275,49060
7275,49061
7275,49062
7275,49063
7275,49064
7275,49065
7275,49066
7275,49067
7275,49068
7275,49069
7275,49070
7275,49071
7275,49072
7275,49073
7275,49074
7275,49075
7275,49076
7275,49077
7275,49078
7275,49079
7275,49080
7275,49081
7275,49082
7275,49083
7275,49084
7275,49085
7275,49086
7275,49087
7275,49088
7275,49089
7275,49090
7275,49091
7275,49092
7275,49093
7275,49094
7275,49095
7275,49096
7275,49097
7275,49098
7275,49099
7275,49100
7275,49101
7275,49102
7275,49103
7275,49104
7275,49105
7275,49106
7275,49107
7275,49108
7275,49109
7275,49110
7275,49111
7275,49112
7275,49113
7275,49114
7275,49115
7275,49116
7275,49117
7275,49118
7275,49119
7275,49120
7275,49121
7275,49122
7275,49123
7275,49124
7275,49125
7275,49126
7275,49127
7275,49128
7275,49129
7275,49130
7275,49131
7275,49132
7275,49133
7275,49134
7275,49135
7275,49136
7275,49137
7275,49138
7275,49139
7275,49140
7275,49141
7275,49142
7275,49143
7275,49144
7275,49145
7275,49146
7275,49147
7275,49148
7275,49149
7275,49150
7275,49151
7275,49152
7275,49153
7275,49154
7275,49155
7275,49156
7275,49157
7275,49158
7275,49159
7275,49160
7275,49161
7275,49162
7275,49163
7275,49164
7275,49165
7275,49166
7275,49167
7275,49168
7275,49169
7275,49170
7275,49171
7275,49172
7275,49173
7275,49174
7275,49175
7275,49176
7275,49177
7275,49178
7275,49179
7275,49180
7275,49181
7275,49182
7275,49183
7275,49184
7275,49185
7275,49186
7275,49187
7275,49188
7275,49189
7275,49190
7275,49191
7275,49192
7275,49193
7275,49194
7275,49195
7275,49196
7275,49197
7275,49198
7275,49199
7275,49200
7275,49201
7275,49202
7275,49203
7275,49204
7275,49205
7275,49206
7275,49207
7275,49208
7275,49209
7275,49210
7275,49211
7275,49212
7275,49213
7275,49214
7275,49215
7275,49216
7275,49217
7275,49218
7275,49219
7275,49220
7275,49221
7275,49222
7275,49223
7276,49045
7276,49046
7276,49047
7276,49048
7276,49049
7276,49050
7276,49051
7276,49052
7276,49053
7276,49054
7276,49055
7276,49056
7276,49057
7276,49058
7276,49059
7276,49060
7276,49061
7276,49062
7276,49063
7276,49064
7276,49065
7276,49066
7276,49067
7276,49068
7276,49069
7276,49070
7276,49071
7276,49072
7276,49073
7276,49074
7276,49075
7276,49076
7276,49077
7276,49078
7276,49079
7276,49080
7276,49081
7276,49082
7276,49083
7276,49084
7276,49085
7276,49086
7276,49087
7276,49088
7276,49089
7276,49090
7276,49091
7276,49092
7276,49093
7276,49094
7276,49095
7276,49096
7276,49097
7276,49098
7276,49099
7276,49100
7276,49101
7276,49102
7276,49103
7276,49104
7276,49105
7276,49106
7276,49107
7276,49108
7276,49109
7276,49110
7276,49111
7276,49112
7276,49113
7276,49114
7276,49115
7276,49116
7276,49117
7276,49118
7276,49119
7276,49120
7276,49121
7276,49122
7276,49123
7276,49124
7276,49125
7276,49126
7276,49127
7276,49128
7276,49129
7276,49130
7276,49131
7276,49132
7276,49133
7276,49134
7276,49135
7276,49136
7276,49137
7276,49138
7276,49139
7276,49140
7276,49141
7276,49142
7276,49143
7276,49144
7276,49145
7276,49146
7276,49147
7276,49148
7276,49149
7276,49150
7276,49151
7276,49152
7276,49153
7276,49154
7276,49155
7276,49156
7276,49157
7276,49158
7276,49159
7276,49160
7276,49161
7276,49162
7276,49163
7276,49164
7276,49165
7276,49166
7276,49167
7276,49168
7276,49169
7276,49170
7276,49171
7276,49172
7276,49173
7276,49174
7276,49175
7276,49176
7276,49177
7276,49178
7276,49179
7276,49180
7276,49181
7276,49182
7276,49183
7276,49184
7276,49185
7276,49186
7276,49187
7276,49188
7276,49189
7276,49190
7276,49191
7276,49192
7276,49193
7276,49194
7276,49195
7276,49196
7276,49197
7276,49198
7276,49199
7276,49200
7276,49201
7276,49202
7276,49203
7276,49204
7276,49205
7276,49206
7276,49207
7276,49208
7276,49209
7276,49210
7276,49211
7276,49212
7276,49213
7276,49214
7276,49215
7276,49216
7276,49217
7276,49218
7276,49219
7276,49220
7276,49221
7276,49222
7276,49223
7277,49045
7277,49046
7277,49047
7277,49048
7277,49049
7277,49050
7277,49051
7277,49052
7277,49053
7277,49054
7277,49055
7277,49056
7277,49057
7277,49058
7277,49059
7277,49060
7277,49061
7277,49062
7277,49063
7277,49064
7277,49065
7277,49066
7277,49067
7277,49068
7277,49069
7277,49070
7277,49071
7277,49072
7277,49073
7277,49074
7277,49075
7277,49076
7277,49077
7277,49078
7277,49079
7277,49080
7277,49081
7277,49082
7277,49083
7277,49084
7277,49085
7277,49086
7277,49087
7277,49088
7277,49089
7277,49090
7277,49091
7277,49092
7277,49093
7277,49094
7277,49095
7277,49096
7277,49097
7277,49098
7277,49099
7277,49100
7277,49101
7277,49102
7277,49103
7277,49104
7277,49105
7277,49106
7277,49107
7277,49108
7277,49109
7277,49110
7277,49111
7277,49112
7277,49113
7277,49114
7277,49115
7277,49116
7277,49117
7277,49118
7277,49119
7277,49120
7277,49121
7277,49122
7277,49123
7277,49124
7277,49125
7277,49126
7277,49127
7277,49128
7277,49129
7277,49130
7277,49131
7277,49132
7277,49133
7277,49134
7277,49135
7277,49136
7277,49137
7277,49138
7277,49139
7277,49140
7277,49141
7277,49142
7277,49143
7277,49144
7277,49145
7277,49146
7277,49147
7277,49148
7277,49149
7277,49150
7277,49151
7277,49152
7277,49153
7277,49154
7277,49155
7277,49156
7277,49157
7277,49158
7277,49159
7277,49160
7277,49161
7277,49162
7277,49163
7277,49164
7277,49165
7277,49166
7277,49167
7277,49168
7277,49169
7277,49170
7277,49171
7277,49172
7277,49173
7277,49174
7277,49175
7277,49176
7277,49177
7277,49178
7277,49179
7277,49180
7277,49181
7277,49182
7277,49183
7277,49184
7277,49185
7277,49186
7277,49187
7277,49188
7277,49189
7277,49190
7277,49191
7277,49192
7277,49193
7277,49194
7277,49195
7277,49196
7277,49197
7277,49198
7277,49199
7277,49200
7277,49201
7277,49202
7277,49203
7277,49204
7277,49205
7277,49206
7277,49207
7277,49208
7277,49209
7277,49210
7277,49211
7277,49212
7277,49213
7277,49214
7277,49215
7277,49216
7277,49217
7277,49218
7277,49219
7277,49220
7277,49221
7277,49222
7277,49223
7278,49046
7278,49047
7278,49048
7278,49049
7278,49050
7278,49051
7278,49052
7278,49053
7278,49054
7278,49055
7278,49056
7278,49057
7278,49058
7278,49059
7278,49060
7278,49061
7278,49062
7278,49063
7278,49064
7278,49065
7278,49066
7278,49067
7278,49068
7278,49069
7278,49070
7278,49071
7278,49072
7278,49073
7278,49074
7278,49075
7278,49076
7278,49077
7278,49078
7278,49079
7278,49080
7278,49081
7278,49082
7278,49083
7278,49084
7278,49085
7278,49086
7278,49087
7278,49088
7278,49089
7278,49090
7278,49091
7278,49092
7278,49093
7278,49094
7278,49095
7278,49096
7278,49097
7278,49098
7278,49099
7278,49100
7278,49101
7278,49102
7278,49103
7278,49104
7278,49105
7278,49106
7278,49107
7278,49108
7278,49109
7278,49110
7278,49111
7278,49112
7278,49113
7278,49114
7278,49115
7278,49116
7278,49117
7278,49118
7278,49119
7278,49120
7278,49121
7278,49122
7278,49123
7278,49124
7278,49125
7278,49126
7278,49127
7278,49128
7278,49129
7278,49130
7278,49131
7278,49132
7278,49133
7278,49134
7278,49135
7278,49136
7278,49137
7278,49138
7278,49139
7278,49140
7278,49141
7278,49142
7278,49143
7278,49144
7278,49145
7278,49146
7278,49147
7278,49148
7278,49149
7278,49150
7278,49151
7278,49152
7278,49153
7278,49154
7278,49155
7278,49156
7278,49157
7278,49158
7278,49159
7278,49160
7278,49161
7278,49162
7278,49163
7278,49164
7278,49165
7278,49166
7278,49167
7278,49168
7278,49169
7278,49170
7278,49171
7278,49172
7278,49173
7278,49174
7278,49175
7278,49176
7278,49177
7278,49178
7278,49179
7278,49180
7278,49181
7278,49182
7278,49183
7278,49184
7278,49185
7278,49186
7278,49187
7278,49188
7278,49189
7278,49190
7278,49191
7278,49192
7278,49193
7278,49194
7278,49195
7278,49196
7278,49197
7278,49198
7278,49199
7278,49200
7278,49201
7278,49202
7278,49203
7278,49204
7278,49205
7278,49206
7278,49207
7278,49208
7278,49209
7278,49210
7278,49211
7278,49212
7278,49213
7278,49214
7278,49215
7278,49216
7278,49217
7278,49218
7278,49219
7278,49220
7278,49221
7278,49222
7278,49223
7279,49047
7279,49048
7279,49049
7279,49050
7279,49051
7279,49052
7279,49053
7279,49054
7279,49055
7279,49056
7279,49057
7279,49058
7279,49059
7279,49060
7279,49061
7279,49062
7279,49063
7279,49064
7279,49065
7279,49066
7279,49067
7279,49068
7279,49069
7279,49070
7279,49071
7279,49072
7279,49073
7279,49074
7279,49075
7279,49076
7279,49077
7279,49078
7279,49079
7279,49080
7279,49081
7279,49082
7279,49083
7279,49084
7279,49085
7279,49086
7279,49087
7279,49088
7279,49089
7279,49090
7279,49091
7279,49092
7279,49093
7279,49094
7279,49095
7279,49096
7279,49097
7279,49098
7279,49099
7279,49100
7279,49101
7279,49102
7279,49103
7279,49104
7279,49105
7279,49106
7279,49107
7279,49108
7279,49109
7279,49110
7279,49111
7279,49112
7279,49113
7279,49114
7279,49115
7279,49116
7279,49117
7279,49118
7279,49119
7279,49120
7279,49121
7279,49122
7279,49123
7279,49124
7279,49125
7279,49126
7279,49127
7279,49128
7279,49129
7279,49130
7279,49131
7279,49132
7279,49133
7279,49134
7279,49135
7279,49136
7279,49137
7279,49138
7279,49139
7279,49140
7279,49141
7279,49142
7279,49143
7279,49144
7279,49145
7279,49146
7279,49147
7279,49148
7279,49149
7279,49150
7279,49151
7279,49152
7279,49153
7279,49154
7279,49155
7279,49156
7279,49157
7279,49158
7279,49159
7279,49160
7279,49161
7279,49162
7279,49163
7279,49164
7279,49165
7279,49166
7279,49167
7279,49168
7279,49169
7279,49170
7279,49171
7279,49172
7279,49173
7279,49174
7279,49175
7279,49176
7279,49177
7279,49178
7279,49179
7279,49180
7279,49181
7279,49182
7279,49183
7279,49184
7279,49185
7279,49186
7279,49187
7279,49188
7279,49189
7279,49190
7279,49191
7279,49192
7279,49193
7279,49194
7279,49195
7279,49196
7279,49197
7279,49198
7279,49199
7279,49200
7279,49201
7279,49202
7279,49203
7279,49204
7279,49205
7279,49206
7279,49207
7279,49208
7279,49209
7279,49210
7279,49211
7279,49212
7279,49213
7279,49214
7279,49215
7279,49216
7279,49217
7279,49218
7279,49219
7279,49220
7279,49221
7279,49222
7279,49223
7279,49224
7280,49049
7280,49052
7280,49053
7280,49054
7280,49055
7280,49056
7280,49057
7280,49058
7280,49059
7280,49060
7280,49061
7280,49062
7280,49063
7280,49064
7280,49065
7280,49066
7280,49067
7280,49068
7280,49069
7280,49070
7280,49071
7280,49072
7280,49073
7280,49074
7280,49075
7280,49076
7280,49077
7280,49078
7280,49079
7280,49080
7280,49081
7280,49082
7280,49083
7280,49084
7280,49085
7280,49086
7280,49087
7280,49088
7280,49089
7280,49090
7280,49091
7280,49092
7280,49093
7280,49094
7280,49095
7280,49096
7280,49097
7280,49098
7280,49099
7280,49100
7280,49101
7280,49102
7280,49103
7280,49104
7280,49105
7280,49106
7280,49107
7280,49108
7280,49109
7280,49110
7280,49111
7280,49112
7280,49113
7280,49114
7280,49115
7280,49116
7280,49117
7280,49118
7280,49119
7280,49120
7280,49121
7280,49122
7280,49123
7280,49124
7280,49125
7280,49126
7280,49127
7280,49128
7280,49129
7280,49130
7280,49131
7280,49132
7280,49133
7280,49134
7280,49135
7280,49136
7280,49137
7280,49138
7280,49139
7280,49140
7280,49141
7280,49142
7280,49143
7280,49144
7280,49145
7280,49146
7280,49147
7280,49148
7280,49149
7280,49150
7280,49151
7280,49152
7280,49153
7280,49154
7280,49155
7280,49156
7280,49157
7280,49158
7280,49159
7280,49160
7280,49161
7280,49162
7280,49163
7280,49164
7280,49165
7280,49166
7280,49167
7280,49168
7280,49169
7280,49170
7280,49171
7280,49172
7280,49173
7280,49174
7280,49175
7280,49176
7280,49177
7280,49178
7280,49179
7280,49180
7280,49181
7280,49182
7280,49183
7280,49184
7280,49185
7280,49186
7280,49187
7280,49188
7280,49189
7280,49190
7280,49191
7280,49192
7280,49193
7280,49194
7280,49195
7280,49196
7280,49197
7280,49198
7280,49199
7280,49200
7280,49201
7280,49202
7280,49203
7280,49204
7280,49205
7280,49206
7280,49207
7280,49208
7280,49209
7280,49210
7280,49211
7280,49212
7280,49213
7280,49214
7280,49215
7280,49216
7280,49217
7280,49218
7280,49219
7280,49220
7280,49221
7280,49222
7280,49223
7280,49224
7281,49053
7281,49054
7281,49055
7281,49056
7281,49057
7281,49058
7281,49059
7281,49060
7281,49061
7281,49062
7281,49063
7281,49064
7281,49065
7281,49066
7281,49067
7281,49068
7281,49069
7281,49070
7281,49071
7281,49072
7281,49073
7281,49074
7281,49075
7281,49076
7281,49077
7281,49078
7281,49079
7281,49080
7281,49081
7281,49082
7281,49083
7281,49084
7281,49085
7281,49086
7281,49087
7281,49088
7281,49089
7281,49090
7281,49091
7281,49092
7281,49093
7281,49094
7281,49095
7281,49096
7281,49097
7281,49098
7281,49099
7281,49100
7281,49101
7281,49102
7281,49103
7281,49104
7281,49105
7281,49106
7281,49107
7281,49108
7281,49109
7281,49110
7281,49111
7281,49112
7281,49113
7281,49114
7281,49115
7281,49116
7281,49117
7281,49118
7281,49119
7281,49120
7281,49121
7281,49122
7281,49123
7281,49124
7281,49125
7281,49126
7281,49127
7281,49128
7281,49129
7281,49130
7281,49131
7281,49132
7281,49133
7281,49134
7281,49135
7281,49136
7281,49137
7281,49138
7281,49139
7281,49140
7281,49141
7281,49142
7281,49143
7281,49144
7281,49145
7281,49146
7281,49147
7281,49148
7281,49149
7281,49150
7281,49151
7281,49152
7281,49153
7281,49154
7281,49155
7281,49156
7281,49157
7281,49158
7281,49159
7281,49160
7281,49161
7281,49162
7281,49163
7281,49164
7281,49165
7281,49166
7281,49167
7281,49168
7281,49169
7281,49170
7281,49171
7281,49172
7281,49173
7281,49174
7281,49175
7281,49176
7281,49177
7281,49178
7281,49179
7281,49180
7281,49181
7281,49182
7281,49183
7281,49184
7281,49185
7281,49186
7281,49187
7281,49188
7281,49189
7281,49190
7281,49191
7281,49192
7281,49193
7281,49194
7281,49195
7281,49196
7281,49197
7281,49198
7281,49199
7281,49200
7281,49201
7281,49202
7281,49203
7281,49204
7281,49205
7281,49206
7281,49207
7281,49208
7281,49209
7281,49210
7281,49211
7281,49212
7281,49213
7281,49214
7281,49215
7281,49216
7281,49217
7281,49218
7281,49219
7281,49220
7281,49221
7281,49222
7281,49223
7281,49224
7282,49055
7282,49056
7282,49057
7282,49058
7282,49059
7282,49060
7282,49061
7282,49062
7282,49063
7282,49064
7282,49065
7282,49066
7282,49067
7282,49068
7282,49069
7282,49070
7282,49071
7282,49072
7282,49073
7282,49074
7282,49075
7282,49076
7282,49077
7282,49078
7282,49079
7282,49080
7282,49081
7282,49082
7282,49083
7282,49084
7282,49085
7282,49086
7282,49087
7282,49088
7282,49089
7282,49090
7282,49091
7282,49092
7282,49093
7282,49094
7282,49095
7282,49096
7282,49097
7282,49098
7282,49099
7282,49100
7282,49101
7282,49102
7282,49103
7282,49104
7282,49105
7282,49106
7282,49107
7282,49108
7282,49109
7282,49110
7282,49111
7282,49112
7282,49113
7282,49114
7282,49115
7282,49116
7282,49117
7282,49118
7282,49119
7282,49120
7282,49121
7282,49122
7282,49123
7282,49124
7282,49125
7282,49126
7282,49127
7282,49128
7282,49129
7282,49130
7282,49131
7282,49132
7282,49133
7282,49134
7282,49135
7282,49136
7282,49137
7282,49138
7282,49139
7282,49140
7282,49141
7282,49142
7282,49143
7282,49144
7282,49145
7282,49146
7282,49147
7282,49148
7282,49149
7282,49150
7282,49151
7282,49152
7282,49153
7282,49154
7282,49155
7282,49156
7282,49157
7282,49158
7282,49159
7282,49160
7282,49161
7282,49162
7282,49163
7282,49164
7282,49165
7282,49166
7282,49167
7282,49168
7282,49169
7282,49170
7282,49171
7282,49172
7282,49173
7282,49174
7282,49175
7282,49176
7282,49177
7282,49178
7282,49179
7282,49180
7282,49181
7282,49182
7282,49183
7282,49184
7282,49185
7282,49186
7282,49187
7282,49188
7282,49189
7282,49190
7282,49191
7282,49192
7282,49193
7282,49194
7282,49195
7282,49196
7282,49197
7282,49198
7282,49199
7282,49200
7282,49201
7282,49202
7282,49203
7282,49204
7282,49205
7282,49206
7282,49207
7282,49208
7282,49209
7282,49210
7282,49211
7282,49212
7282,49213
7282,49214
7282,49215
7282,49216
7282,49217
7282,49218
7282,49219
7282,49220
7282,49221
7282,49222
7282,49223
7282,49224
7282,49225
7283,49057
7283,49058
7283,49059
7283,49060
7283,49061
7283,49062
7283,49063
7283,49064
7283,49065
7283,49066
7283,49067
7283,49068
7283,49069
7283,49070
7283,49071
7283,49072
7283,49073
7283,49074
7283,49075
7283,49076
7283,49077
7283,49078
7283,49079
7283,49080
7283,49081
7283,49082
7283,49083
7283,49084
7283,49085
7283,49086
7283,49087
7283,49088
7283,49089
7283,49090
7283,49091
7283,49092
7283,49093
7283,49094
7283,49095
7283,49096
7283,49097
7283,49098
7283,49099
7283,49100
7283,49101
7283,49102
7283,49103
7283,49104
7283,49105
7283,49106
7283,49107
7283,49108
7283,49109
7283,49110
7283,49111
7283,49112
7283,49113
7283,49114
7283,49115
7283,49116
7283,49117
7283,49118
7283,49119
7283,49120
7283,49121
7283,49122
7283,49123
7283,49124
7283,49125
7283,49126
7283,49127
7283,49128
7283,49129
7283,49130
7283,49131
7283,49132
7283,49133
7283,49134
7283,49135
7283,49136
7283,49137
7283,49138
7283,49139
7283,49140
7283,49141
7283,49142
7283,49143
7283,49144
7283,49145
7283,49146
7283,49147
7283,49148
7283,49149
7283,49150
7283,49151
7283,49152
7283,49153
7283,49154
7283,49155
7283,49156
7283,49157
7283,49158
7283,49159
7283,49160
7283,49161
7283,49162
7283,49163
7283,49164
7283,49165
7283,49166
7283,49167
7283,49168
7283,49169
7283,49170
7283,49171
7283,49172
7283,49173
7283,49174
7283,49175
7283,49176
7283,49177
7283,49178
7283,49179
7283,49180
7283,49181
7283,49182
7283,49183
7283,49184
7283,49185
7283,49186
7283,49187
7283,49188
7283,49189
7283,49190
7283,49191
7283,49192
7283,49193
7283,49194
7283,49195
7283,49196
7283,49197
7283,49198
7283,49199
7283,49200
7283,49201
7283,49202
7283,49203
7283,49204
7283,49205
7283,49206
7283,49207
7283,49208
7283,49209
7283,49210
7283,49211
7283,49212
7283,49213
7283,49214
7283,49215
7283,49216
7283,49217
7283,49218
7283,49219
7283,49220
7283,49221
7283,49222
7283,49223
7283,49224
7283,49225
7284,49060
7284,49062
7284,49063
7284,49064
7284,49065
7284,49066
7284,49067
7284,49068
7284,49069
7284,49070
7284,49071
7284,49072
7284,49073
7284,49074
7284,49075
7284,49076
7284,49077
7284,49078
7284,49079
7284,49080
7284,49081
7284,49082
7284,49083
7284,49084
7284,49085
7284,49086
7284,49087
7284,49088
7284,49089
7284,49090
7284,49091
7284,49092
7284,49093
7284,49094
7284,49095
7284,49096
7284,49097
7284,49098
7284,49099
7284,49100
7284,49101
7284,49102
7284,49103
7284,49104
7284,49105
7284,49106
7284,49107
7284,49108
7284,49109
7284,49110
7284,49111
7284,49112
7284,49113
7284,49114
7284,49115
7284,49116
7284,49117
7284,49118
7284,49119
7284,49120
7284,49121
7284,49122
7284,49123
7284,49124
7284,49125
7284,49126
7284,49127
7284,49128
7284,49129
7284,49130
7284,49131
7284,49132
7284,49133
7284,49134
7284,49135
7284,49136
7284,49137
7284,49138
7284,49139
7284,49140
7284,49141
7284,49142
7284,49143
7284,49144
7284,49145
7284,49146
7284,49147
7284,49148
7284,49149
7284,49150
7284,49151
7284,49152
7284,49153
7284,49154
7284,49155
7284,49156
7284,49157
7284,49158
7284,49159
7284,49160
7284,49161
7284,49162
7284,49163
7284,49164
7284,49165
7284,49166
7284,49167
7284,49168
7284,49169
7284,49170
7284,49171
7284,49172
7284,49173
7284,49174
7284,49175
7284,49176
7284,49177
7284,49178
7284,49179
7284,49180
7284,49181
7284,49182
7284,49183
7284,49184
7284,49185
7284,49186
7284,49187
7284,49188
7284,49189
7284,49190
7284,49191
7284,49192
7284,49193
7284,49194
7284,49195
7284,49196
7284,49197
7284,49198
7284,49199
7284,49200
7284,49201
7284,49202
7284,49203
7284,49204
7284,49205
7284,49206
7284,49207
7284,49208
7284,49209
7284,49210
7284,49211
7284,49212
7284,49213
7284,49214
7284,49215
7284,49216
7284,49217
7284,49218
7284,49219
7284,49220
7284,49221
7284,49222
7284,49223
7284,49224
7284,49225
7285,49064
7285,49065
7285,49066
7285,49067
7285,49068
7285,49069
7285,49070
7285,49071
7285,49072
7285,49073
7285,49074
7285,49075
7285,49076
7285,49077
7285,49078
7285,49079
7285,49080
7285,49081
7285,49082
7285,49083
7285,49084
7285,49085
7285,49086
7285,49087
7285,49088
7285,49089
7285,49090
7285,49091
7285,49092
7285,49093
7285,49094
7285,49095
7285,49096
7285,49097
7285,49098
7285,49099
7285,49100
7285,49101
7285,49102
7285,49103
7285,49104
7285,49105
7285,49106
7285,49107
7285,49108
7285,49109
7285,49110
7285,49111
7285,49112
7285,49113
7285,49114
7285,49115
7285,49116
7285,49117
7285,49118
7285,49119
7285,49120
7285,49121
7285,49122
7285,49123
7285,49124
7285,49125
7285,49126
7285,49127
7285,49128
7285,49129
7285,49130
7285,49131
7285,49132
7285,49133
7285,49134
7285,49135
7285,49136
7285,49137
7285,49138
7285,49139
7285,49140
7285,49141
7285,49142
7285,49143
7285,49144
7285,49145
7285,49146
7285,49147
7285,49148
7285,49149
7285,49150
7285,49151
7285,49152
7285,49153
7285,49154
7285,49155
7285,49156
7285,49157
7285,49158
7285,49159
7285,49160
7285,49161
7285,49162
7285,49163
7285,49164
7285,49165
7285,49166
7285,49167
7285,49168
7285,49169
7285,49170
7285,49171
7285,49172
7285,49173
7285,49174
7285,49175
7285,49176
7285,49177
7285,49178
7285,49179
7285,49180
7285,49181
7285,49182
7285,49183
7285,49184
7285,49185
7285,49186
7285,49187
7285,49188
7285,49189
7285,49190
7285,49191
7285,49192
7285,49193
7285,49194
7285,49195
7285,49196
7285,49197
7285,49198
7285,49199
7285,49200
7285,49201
7285,49202
7285,49203
7285,49204
7285,49205
7285,49206
7285,49207
7285,49208
7285,49209
7285,49210
7285,49211
7285,49212
7285,49213
7285,49214
7285,49215
7285,49216
7285,49217
7285,49218
7285,49219
7285,49220
7285,49221
7285,49222
7285,49223
7285,49224
7285,49225
7285,49226
7286,49063
7286,49064
7286,49065
7286,49066
7286,49067
7286,49068
7286,49069
7286,49070
7286,49071
7286,49072
7286,49073
7286,49074
7286,49075
7286,49076
7286,49077
7286,49078
7286,49079
7286,49080
7286,49081
7286,49082
7286,49083
7286,49084
7286,49085
7286,49086
7286,49087
7286,49088
7286,49089
7286,49090
7286,49091
7286,49092
7286,49093
7286,49094
7286,49095
7286,49096
7286,49097
7286,49098
7286,49099
7286,49100
7286,49101
7286,49102
7286,49103
7286,49104
7286,49105
7286,49106
7286,49107
7286,49108
7286,49109
7286,49110
7286,49111
7286,49112
7286,49113
7286,49114
7286,49115
7286,49116
7286,49117
7286,49118
7286,49119
7286,49120
7286,49121
7286,49122
7286,49123
7286,49124
7286,49125
7286,49126
7286,49127
7286,49128
7286,49129
7286,49130
7286,49131
7286,49132
7286,49133
7286,49134
7286,49135
7286,49136
7286,49137
7286,49138
7286,49139
7286,49140
7286,49141
7286,49142
7286,49143
7286,49144
7286,49145
7286,49146
7286,49147
7286,49148
7286,49149
7286,49150
7286,49151
7286,49152
7286,49153
7286,49154
7286,49155
7286,49156
7286,49157
7286,49158
7286,49159
7286,49160
7286,49161
7286,49162
7286,49163
7286,49164
7286,49165
7286,49166
7286,49167
7286,49168
7286,49169
7286,49170
7286,49171
7286,49172
7286,49173
7286,49174
7286,49175
7286,49176
7286,49177
7286,49178
7286,49179
7286,49180
7286,49181
7286,49182
7286,49183
7286,49184
7286,49185
7286,49186
7286,49187
7286,49188
7286,49189
7286,49190
7286,49191
7286,49192
7286,49193
7286,49194
7286,49195
7286,49196
7286,49197
7286,49198
7286,49199
7286,49200
7286,49201
7286,49202
7286,49203
7286,49204
7286,49205
7286,49206
7286,49207
7286,49208
7286,49209
7286,49210
7286,49211
7286,49212
7286,49213
7286,49214
7286,49215
7286,49216
7286,49217
7286,49218
7286,49219
7286,49220
7286,49221
7286,49222
7286,49223
7286,49224
7286,49225
7287,49063
7287,49064
7287,49065
7287,49066
7287,49067
7287,49068
7287,49069
7287,49070
7287,49071
7287,49072
7287,49073
7287,49074
7287,49075
7287,49076
7287,49077
7287,49078
7287,49079
7287,49080
7287,49081
7287,49082
7287,49083
7287,49084
7287,49085
7287,49086
7287,49087
7287,49088
7287,49089
7287,49090
7287,49091
7287,49092
7287,49093
7287,49094
7287,49095
7287,49096
7287,49097
7287,49098
7287,49099
7287,49100
7287,49101
7287,49102
7287,49103
7287,49104
7287,49105
7287,49106
7287,49107
7287,49108
7287,49109
7287,49110
7287,49111
7287,49112
7287,49113
7287,49114
7287,49115
7287,49116
7287,49117
7287,49118
7287,49119
7287,49120
7287,49121
7287,49122
7287,49123
7287,49124
7287,49125
7287,49126
7287,49127
7287,49128
7287,49129
7287,49130
7287,49131
7287,49132
7287,49133
7287,49134
7287,49135
7287,49136
7287,49137
7287,49138
7287,49139
7287,49140
7287,49141
7287,49142
7287,49143
7287,49144
7287,49145
7287,49146
7287,49147
7287,49148
7287,49149
7287,49150
7287,49151
7287,49152
7287,49153
7287,49154
7287,49155
7287,49156
7287,49157
7287,49158
7287,49159
7287,49160
7287,49161
7287,49162
7287,49163
7287,49164
7287,49165
7287,49166
7287,49167
7287,49168
7287,49169
7287,49170
7287,49171
7287,49172
7287,49173
7287,49174
7287,49175
7287,49176
7287,49177
7287,49178
7287,49179
7287,49180
7287,49181
7287,49182
7287,49183
7287,49184
7287,49185
7287,49186
7287,49187
7287,49188
7287,49189
7287,49190
7287,49191
7287,49192
7287,49193
7287,49194
7287,49195
7287,49196
7287,49197
7287,49198
7287,49199
7287,49200
7287,49201
7287,49202
7287,49203
7287,49204
7287,49205
7287,49206
7287,49207
7287,49208
7287,49209
7287,49210
7287,49211
7287,49212
7287,49213
7287,49214
7287,49215
7287,49216
7287,49217
7287,49218
7287,49219
7287,49220
7287,49221
7287,49222
7287,49223
7287,49224
7287,49225
7287,49226
7288,49063
7288,49064
7288,49065
7288,49066
7288,49067
7288,49068
7288,49069
7288,49070
7288,49071
7288,49072
7288,49073
7288,49074
7288,49075
7288,49076
7288,49077
7288,49078
7288,49079
7288,49080
7288,49081
7288,49082
7288,49083
7288,49084
7288,49085
7288,49086
7288,49087
7288,49088
7288,49089
7288,49090
7288,49091
7288,49092
7288,49093
7288,49094
7288,49095
7288,49096
7288,49097
7288,49098
7288,49099
7288,49100
7288,49101
7288,49102
7288,49103
7288,49104
7288,49105
7288,49106
7288,49107
7288,49108
7288,49109
7288,49110
7288,49111
7288,49112
7288,49113
7288,49114
7288,49115
7288,49116
7288,49117
7288,49118
7288,49119
7288,49120
7288,49121
7288,49122
7288,49123
7288,49124
7288,49125
7288,49126
7288,49127
7288,49128
7288,49129
7288,49130
7288,49131
7288,49132
7288,49133
7288,49134
7288,49135
7288,49136
7288,49137
7288,49138
7288,49139
7288,49140
7288,49141
7288,49142
7288,49143
7288,49144
7288,49145
7288,49146
7288,49147
7288,49148
7288,49149
7288,49150
7288,49151
7288,49152
7288,49153
7288,49154
7288,49155
7288,49156
7288,49157
7288,49158
7288,49159
7288,49160
7288,49161
7288,49162
7288,49163
7288,49164
7288,49165
7288,49166
7288,49167
7288,49168
7288,49169
7288,49170
7288,49171
7288,49172
7288,49173
7288,49174
7288,49175
7288,49176
7288,49177
7288,49178
7288,49179
7288,49180
7288,49181
7288,49182
7288,49183
7288,49184
7288,49185
7288,49186
7288,49187
7288,49188
7288,49189
7288,49190
7288,49191
7288,49192
7288,49193
7288,49194
7288,49195
7288,49196
7288,49197
7288,49198
7288,49199
7288,49200
7288,49201
7288,49202
7288,49203
7288,49204
7288,49205
7288,49206
7288,49207
7288,49208
7288,49209
7288,49210
7288,49211
7288,49212
7288,49213
7288,49214
7288,49215
7288,49216
7288,49217
7288,49218
7288,49219
7288,49220
7288,49221
7288,49222
7288,49223
7288,49224
7288,49225
7288,49226
7288,49227
7289,49037
7289,49062
7289,49063
7289,49064
7289,49065
7289,49066
7289,49067
7289,49068
7289,49069
7289,49070
7289,49071
7289,49072
7289,49073
7289,49074
7289,49075
7289,49076
7289,49077
7289,49078
7289,49079
7289,49080
7289,49081
7289,49082
7289,49083
7289,49084
7289,49085
7289,49086
7289,49087
7289,49088
7289,49089
7289,49090
7289,49091
7289,49092
7289,49093
7289,49094
7289,49095
7289,49096
7289,49097
7289,49098
7289,49099
7289,49100
7289,49101
7289,49102
7289,49103
7289,49104
7289,49105
7289,49106
7289,49107
7289,49108
7289,49109
7289,49110
7289,49111
7289,49112
7289,49113
7289,49114
7289,49115
7289,49116
7289,49117
7289,49118
7289,49119
7289,49120
7289,49121
7289,49122
7289,49123
7289,49124
7289,49125
7289,49126
7289,49127
7289,49128
7289,49129
7289,49130
7289,49131
7289,49132
7289,49133
7289,49134
7289,49135
7289,49136
7289,49137
7289,49138
7289,49139
7289,49140
7289,49141
7289,49142
7289,49143
7289,49144
7289,49145
7289,49146
7289,49147
7289,49148
7289,49149
7289,49150
7289,49151
7289,49152
7289,49153
7289,49154
7289,49155
7289,49156
7289,49157
7289,49158
7289,49159
7289,49160
7289,49161
7289,49162
7289,49163
7289,49164
7289,49165
7289,49166
7289,49167
7289,49168
7289,49169
7289,49170
7289,49171
7289,49172
7289,49173
7289,49174
7289,49175
7289,49176
7289,49177
7289,49178
7289,49179
7289,49180
7289,49181
7289,49182
7289,49183
7289,49184
7289,49185
7289,49186
7289,49187
7289,49188
7289,49189
7289,49190
7289,49191
7289,49192
7289,49193
7289,49194
7289,49195
7289,49196
7289,49197
7289,49198
7289,49199
7289,49200
7289,49201
7289,49202
7289,49203
7289,49204
7289,49205
7289,49206
7289,49207
7289,49208
7289,49209
7289,49210
7289,49211
7289,49212
7289,49213
7289,49214
7289,49215
7289,49216
7289,49217
7289,49218
7289,49219
7289,49220
7289,49221
7289,49222
7289,49223
7289,49224
7289,49225
7289,49226
7289,49227
7290,49034
7290,49035
7290,49036
7290,49037
7290,49038
7290,49039
7290,49063
7290,49064
7290,49065
7290,49066
7290,49067
7290,49068
7290,49069
7290,49070
7290,49071
7290,49072
7290,49073
7290,49074
7290,49075
7290,49076
7290,49077
7290,49078
7290,49079
7290,49080
7290,49081
7290,49082
7290,49083
7290,49084
7290,49085
7290,49086
7290,49087
7290,49088
7290,49089
7290,49090
7290,49091
7290,49092
7290,49093
7290,49094
7290,49095
7290,49096
7290,49097
7290,49098
7290,49099
7290,49100
7290,49101
7290,49102
7290,49103
7290,49104
7290,49105
7290,49106
7290,49107
7290,49108
7290,49109
7290,49110
7290,49111
7290,49112
7290,49113
7290,49114
7290,49115
7290,49116
7290,49117
7290,49118
7290,49119
7290,49120
7290,49121
7290,49122
7290,49123
7290,49124
7290,49125
7290,49126
7290,49127
7290,49128
7290,49129
7290,49130
7290,49131
7290,49132
7290,49133
7290,49134
7290,49135
7290,49136
7290,49137
7290,49138
7290,49139
7290,49140
7290,49141
7290,49142
7290,49143
7290,49144
7290,49145
7290,49146
7290,49147
7290,49148
7290,49149
7290,49150
7290,49151
7290,49152
7290,49153
7290,49154
7290,49155
7290,49156
7290,49157
7290,49158
7290,49159
7290,49160
7290,49161
7290,49162
7290,49163
7290,49164
7290,49165
7290,49166
7290,49167
7290,49168
7290,49169
7290,49170
7290,49171
7290,49172
7290,49173
7290,49174
7290,49175
7290,49176
7290,49177
7290,49178
7290,49179
7290,49180
7290,49181
7290,49182
7290,49183
7290,49184
7290,49185
7290,49186
7290,49187
7290,49188
7290,49189
7290,49190
7290,49191
7290,49192
7290,49193
7290,49194
7290,49195
7290,49196
7290,49197
7290,49198
7290,49199
7290,49200
7290,49201
7290,49202
7290,49203
7290,49204
7290,49205
7290,49206
7290,49207
7290,49208
7290,49209
7290,49210
7290,49211
7290,49212
7290,49213
7290,49214
7290,49215
7290,49216
7290,49217
7290,49218
7290,49219
7290,49220
7290,49221
7290,49222
7290,49223
7290,49224
7290,49225
7290,49226
7290,49227
7290,49228
7291,49033
7291,49034
7291,49035
7291,49036
7291,49037
7291,49038
7291,49039
7291,49040
7291,49060
7291,49061
7291,49062
7291,49063
7291,49064
7291,49065
7291,49066
7291,49067
7291,49068
7291,49069
7291,49070
7291,49071
7291,49072
7291,49073
7291,49074
7291,49075
7291,49076
7291,49077
7291,49078
7291,49079
7291,49080
7291,49081
7291,49082
7291,49083
7291,49084
7291,49085
7291,49086
7291,49087
7291,49088
7291,49089
7291,49090
7291,49091
7291,49092
7291,49093
7291,49094
7291,49095
7291,49096
7291,49097
7291,49098
7291,49099
7291,49100
7291,49101
7291,49102
7291,49103
7291,49104
7291,49105
7291,49106
7291,49107
7291,49108
7291,49109
7291,49110
7291,49111
7291,49112
7291,49113
7291,49114
7291,49115
7291,49116
7291,49117
7291,49118
7291,49119
7291,49120
7291,49121
7291,49122
7291,49123
7291,49124
7291,49125
7291,49126
7291,49127
7291,49128
7291,49129
7291,49130
7291,49131
7291,49132
7291,49133
7291,49134
7291,49135
7291,49136
7291,49137
7291,49138
7291,49139
7291,49140
7291,49141
7291,49142
7291,49143
7291,49144
7291,49145
7291,49146
7291,49147
7291,49148
7291,49149
7291,49150
7291,49151
7291,49152
7291,49153
7291,49154
7291,49155
7291,49156
7291,49157
7291,49158
7291,49159
7291,49160
7291,49161
7291,49162
7291,49163
7291,49164
7291,49165
7291,49166
7291,49167
7291,49168
7291,49169
7291,49170
7291,49171
7291,49172
7291,49173
7291,49174
7291,49175
7291,49176
7291,49177
7291,49178
7291,49179
7291,49180
7291,49181
7291,49182
7291,49183
7291,49184
7291,49185
7291,49186
7291,49187
7291,49188
7291,49189
7291,49190
7291,49191
7291,49192
7291,49193
7291,49194
7291,49195
7291,49196
7291,49197
7291,49198
7291,49199
7291,49200
7291,49201
7291,49202
7291,49203
7291,49204
7291,49205
7291,49206
7291,49207
7291,49208
7291,49209
7291,49210
7291,49211
7291,49212
7291,49213
7291,49214
7291,49215
7291,49216
7291,49217
7291,49218
7291,49219
7291,49220
7291,49221
7291,49222
7291,49223
7291,49224
7291,49225
7291,49226
7291,49227
7291,49228
7292,49032
7292,49033
7292,49034
7292,49035
7292,49036
7292,49037
7292,49038
7292,49039
7292,49040
7292,49041
7292,49058
7292,49059
7292,49060
7292,49061
7292,49062
7292,49063
7292,49064
7292,49065
7292,49066
7292,49067
7292,49068
7292,49069
7292,49070
7292,49071
7292,49072
7292,49073
7292,49074
7292,49075
7292,49076
7292,49077
7292,49078
7292,49079
7292,49080
7292,49081
7292,49082
7292,49083
7292,49084
7292,49085
7292,49086
7292,49087
7292,49088
7292,49089
7292,49090
7292,49091
7292,49092
7292,49093
7292,49094
7292,49095
7292,49096
7292,49097
7292,49098
7292,49099
7292,49100
7292,49101
7292,49102
7292,49103
7292,49104
7292,49105
7292,49106
7292,49107
7292,49108
7292,49109
7292,49110
7292,49111
7292,49112
7292,49113
7292,49114
7292,49115
7292,49116
7292,49117
7292,49118
7292,49119
7292,49120
7292,49121
7292,49122
7292,49123
7292,49124
7292,49125
7292,49126
7292,49127
7292,49128
7292,49129
7292,49130
7292,49131
7292,49132
7292,49133
7292,49134
7292,49135
7292,49136
7292,49137
7292,49138
7292,49139
7292,49140
7292,49141
7292,49142
7292,49143
7292,49144
7292,49145
7292,49146
7292,49147
7292,49148
7292,49149
7292,49150
7292,49151
7292,49152
7292,49153
7292,49154
7292,49155
7292,49156
7292,49157
7292,49158
7292,49159
7292,49160
7292,49161
7292,49162
7292,49163
7292,49164
7292,49165
7292,49166
7292,49167
7292,49168
7292,49169
7292,49170
7292,49171
7292,49172
7292,49173
7292,49174
7292,49175
7292,49176
7292,49177
7292,49178
7292,49179
7292,49180
7292,49181
7292,49182
7292,49183
7292,49184
7292,49185
7292,49186
7292,49187
7292,49188
7292,49189
7292,49190
7292,49191
7292,49192
7292,49193
7292,49194
7292,49195
7292,49196
7292,49197
7292,49198
7292,49199
7292,49200
7292,49201
7292,49202
7292,49203
7292,49204
7292,49205
7292,49206
7292,49207
7292,49208
7292,49209
7292,49210
7292,49211
7292,49212
7292,49213
7292,49214
7292,49215
7292,49216
7292,49217
7292,49218
7292,49219
7292,49220
7292,49221
7292,49222
7292,49223
7292,49224
7292,49225
7292,49226
7292,49227
7292,49228
7293,49032
7293,49033
7293,49034
7293,49035
7293,49036
7293,49037
7293,49038
7293,49039
7293,49040
7293,49041
7293,49042
7293,49043
7293,49055
7293,49056
7293,49057
7293,49058
7293,49059
7293,49060
7293,49061
7293,49062
7293,49063
7293,49064
7293,49065
7293,49066
7293,49067
7293,49068
7293,49069
7293,49070
7293,49071
7293,49072
7293,49073
7293,49074
7293,49075
7293,49076
7293,49077
7293,49078
7293,49079
7293,49080
7293,49081
7293,49082
7293,49083
7293,49084
7293,49085
7293,49086
7293,49087
7293,49088
7293,49089
7293,49090
7293,49091
7293,49092
7293,49093
7293,49094
7293,49095
7293,49096
7293,49097
7293,49098
7293,49099
7293,49100
7293,49101
7293,49102
7293,49103
7293,49104
7293,49105
7293,49106
7293,49107
7293,49108
7293,49109
7293,49110
7293,49111
7293,49112
7293,49113
7293,49114
7293,49115
7293,49116
7293,49117
7293,49118
7293,49119
7293,49120
7293,49121
7293,49122
7293,49123
7293,49124
7293,49125
7293,49126
7293,49127
7293,49128
7293,49129
7293,49130
7293,49131
7293,49132
7293,49133
7293,49134
7293,49135
7293,49136
7293,49137
7293,49138
7293,49139
7293,49140
7293,49141
7293,49142
7293,49143
7293,49144
7293,49145
7293,49146
7293,49147
7293,49148
7293,49149
7293,49150
7293,49151
7293,49152
7293,49153
7293,49154
7293,49155
7293,49156
7293,49157
7293,49158
7293,49159
7293,49160
7293,49161
7293,49162
7293,49163
7293,49164
7293,49165
7293,49166
7293,49167
7293,49168
7293,49169
7293,49170
7293,49171
7293,49172
7293,49173
7293,49174
7293,49175
7293,49176
7293,49177
7293,49178
7293,49179
7293,49180
7293,49181
7293,49182
7293,49183
7293,49184
7293,49185
7293,49186
7293,49187
7293,49188
7293,49189
7293,49190
7293,49191
7293,49192
7293,49193
7293,49194
7293,49195
7293,49196
7293,49197
7293,49198
7293,49199
7293,49200
7293,49201
7293,49202
7293,49203
7293,49204
7293,49205
7293,49206
7293,49207
7293,49208
7293,49209
7293,49210
7293,49211
7293,49212
7293,49213
7293,49214
7293,49215
7293,49216
7293,49217
7293,49218
7293,49219
7293,49220
7293,49221
7293,49222
7293,49223
7293,49224
7293,49225
7293,49226
7293,49227
7293,49228
7293,49229
7294,49032
7294,49033
7294,49034
7294,49035
7294,49036
7294,49037
7294,49038
7294,49039
7294,49040
7294,49041
7294,49042
7294,49043
7294,49044
7294,49045
7294,49046
7294,49053
7294,49054
7294,49055
7294,49056
7294,49057
7294,49058
7294,49059
7294,49060
7294,49061
7294,49062
7294,49063
7294,49064
7294,49065
7294,49066
7294,49067
7294,49068
7294,49069
7294,49070
7294,49071
7294,49072
7294,49073
7294,49074
7294,49075
7294,49076
7294,49077
7294,49078
7294,49079
7294,49080
7294,49081
7294,49082
7294,49083
7294,49084
7294,49085
7294,49086
7294,49087
7294,49088
7294,49089
7294,49090
7294,49091
7294,49092
7294,49093
7294,49094
7294,49095
7294,49096
7294,49097
7294,49098
7294,49099
7294,49100
7294,49101
7294,49102
7294,49103
7294,49104
7294,49105
7294,49106
7294,49107
7294,49108
7294,49109
7294,49110
7294,49111
7294,49112
7294,49113
7294,49114
7294,49115
7294,49116
7294,49117
7294,49118
7294,49119
7294,49120
7294,49121
7294,49122
7294,49123
7294,49124
7294,49125
7294,49126
7294,49127
7294,49128
7294,49129
7294,49130
7294,49131
7294,49132
7294,49133
7294,49134
7294,49135
7294,49136
7294,49137
7294,49138
7294,49139
7294,49140
7294,49141
7294,49142
7294,49143
7294,49144
7294,49145
7294,49146
7294,49147
7294,49148
7294,49149
7294,49150
7294,49151
7294,49152
7294,49153
7294,49154
7294,49155
7294,49156
7294,49157
7294,49158
7294,49159
7294,49160
7294,49161
7294,49162
7294,49163
7294,49164
7294,49165
7294,49166
7294,49167
7294,49168
7294,49169
7294,49170
7294,49171
7294,49172
7294,49173
7294,49174
7294,49175
7294,49176
7294,49177
7294,49178
7294,49179
7294,49180
7294,49181
7294,49182
7294,49183
7294,49184
7294,49185
7294,49186
7294,49187
7294,49188
7294,49189
7294,49190
7294,49191
7294,49192
7294,49193
7294,49194
7294,49195
7294,49196
7294,49197
7294,49198
7294,49199
7294,49200
7294,49201
7294,49202
7294,49203
7294,49204
7294,49205
7294,49206
7294,49207
7294,49208
7294,49209
7294,49210
7294,49211
7294,49212
7294,49213
7294,49214
7294,49215
7294,49216
7294,49217
7294,49218
7294,49219
7294,49220
7294,49221
7294,49222
7294,49223
7294,49224
7294,49225
7294,49226
7294,49227
7294,49228
7294,49229
7295,49031
7295,49032
7295,49033
7295,49034
7295,49035
7295,49036
7295,49037
7295,49038
7295,49039
7295,49040
7295,49041
7295,49042
7295,49043
7295,49044
7295,49045
7295,49046
7295,49047
7295,49048
7295,49050
7295,49051
7295,49052
7295,49053
7295,49054
7295,49055
7295,49056
7295,49057
7295,49058
7295,49059
7295,49060
7295,49061
7295,49062
7295,49063
7295,49064
7295,49065
7295,49066
7295,49067
7295,49068
7295,49069
7295,49070
7295,49071
7295,49072
7295,49073
7295,49074
7295,49075
7295,49076
7295,49077
7295,49078
7295,49079
7295,49080
7295,49081
7295,49082
7295,49083
7295,49084
7295,49085
7295,49086
7295,49087
7295,49088
7295,49089
7295,49090
7295,49091
7295,49092
7295,49093
7295,49094
7295,49095
7295,49096
7295,49097
7295,49098
7295,49099
7295,49100
7295,49101
7295,49102
7295,49103
7295,49104
7295,49105
7295,49106
7295,49107
7295,49108
7295,49109
7295,49110
7295,49111
7295,49112
7295,49113
7295,49114
7295,49115
7295,49116
7295,49117
7295,49118
7295,49119
7295,49120
7295,49121
7295,49122
7295,49123
7295,49124
7295,49125
7295,49126
7295,49127
7295,49128
7295,49129
7295,49130
7295,49131
7295,49132
7295,49133
7295,49134
7295,49135
7295,49136
7295,49137
7295,49138
7295,49139
7295,49140
7295,49141
7295,49142
7295,49143
7295,49144
7295,49145
7295,49146
7295,49147
7295,49148
7295,49149
7295,49150
7295,49151
7295,49152
7295,49153
7295,49154
7295,49155
7295,49156
7295,49157
7295,49158
7295,49159
7295,49160
7295,49161
7295,49162
7295,49163
7295,49164
7295,49165
7295,49166
7295,49167
7295,49168
7295,49169
7295,49170
7295,49171
7295,49172
7295,49173
7295,49174
7295,49175
7295,49176
7295,49177
7295,49178
7295,49179
7295,49180
7295,49181
7295,49182
7295,49183
7295,49184
7295,49185
7295,49186
7295,49187
7295,49188
7295,49189
7295,49190
7295,49191
7295,49192
7295,49193
7295,49194
7295,49195
7295,49196
7295,49197
7295,49198
7295,49199
7295,49200
7295,49201
7295,49202
7295,49203
7295,49204
7295,49205
7295,49206
7295,49207
7295,49208
7295,49209
7295,49210
7295,49211
7295,49212
7295,49213
7295,49214
7295,49215
7295,49216
7295,49217
7295,49218
7295,49219
7295,49220
7295,49221
7295,49222
7295,49223
7295,49224
7295,49225
7295,49226
7295,49227
7295,49228
7295,49229
7296,49031
7296,49032
7296,49033
7296,49034
7296,49035
7296,49036
7296,49037
7296,49038
7296,49039
7296,49040
7296,49041
7296,49042
7296,49043
7296,49044
7296,49045
7296,49046
7296,49047
7296,49048
7296,49049
7296,49050
7296,49051
7296,49052
7296,49053
7296,49054
7296,49055
7296,49056
7296,49057
7296,49058
7296,49059
7296,49060
7296,49061
7296,49062
7296,49063
7296,49064
7296,49065
7296,49066
7296,49067
7296,49068
7296,49069
7296,49070
7296,49071
7296,49072
7296,49073
7296,49074
7296,49075
7296,49076
7296,49077
7296,49078
7296,49079
7296,49080
7296,49081
7296,49082
7296,49083
7296,49084
7296,49085
7296,49086
7296,49087
7296,49088
7296,49089
7296,49090
7296,49091
7296,49092
7296,49093
7296,49094
7296,49095
7296,49096
7296,49097
7296,49098
7296,49099
7296,49100
7296,49101
7296,49102
7296,49103
7296,49104
7296,49105
7296,49106
7296,49107
7296,49108
7296,49109
7296,49110
7296,49111
7296,49112
7296,49113
7296,49114
7296,49115
7296,49116
7296,49117
7296,49118
7296,49119
7296,49120
7296,49121
7296,49122
7296,49123
7296,49124
7296,49125
7296,49126
7296,49127
7296,49128
7296,49129
7296,49130
7296,49131
7296,49132
7296,49133
7296,49134
7296,49135
7296,49136
7296,49137
7296,49138
7296,49139
7296,49140
7296,49141
7296,49142
7296,49143
7296,49144
7296,49145
7296,49146
7296,49147
7296,49148
7296,49149
7296,49150
7296,49151
7296,49152
7296,49153
7296,49154
7296,49155
7296,49156
7296,49157
7296,49158
7296,49159
7296,49160
7296,49161
7296,49162
7296,49163
7296,49164
7296,49165
7296,49166
7296,49167
7296,49168
7296,49169
7296,49170
7296,49171
7296,49172
7296,49173
7296,49174
7296,49175
7296,49176
7296,49177
7296,49178
7296,49179
7296,49180
7296,49181
7296,49182
7296,49183
7296,49184
7296,49185
7296,49186
7296,49187
7296,49188
7296,49189
7296,49190
7296,49191
7296,49192
7296,49193
7296,49194
7296,49195
7296,49196
7296,49197
7296,49198
7296,49199
7296,49200
7296,49201
7296,49202
7296,49203
7296,49204
7296,49205
7296,49206
7296,49207
7296,49208
7296,49209
7296,49210
7296,49211
7296,49212
7296,49213
7296,49214
7296,49215
7296,49216
7296,49217
7296,49218
7296,49219
7296,49220
7296,49221
7296,49222
7296,49223
7296,49224
7296,49225
7296,49226
7296,49227
7296,49228
7296,49229
7296,49230
7297,49032
7297,49033
7297,49034
7297,49035
7297,49036
7297,49037
7297,49038
7297,49039
7297,49040
7297,49041
7297,49042
7297,49043
7297,49044
7297,49045
7297,49046
7297,49047
7297,49048
7297,49049
7297,49050
7297,49051
7297,49052
7297,49053
7297,49054
7297,49055
7297,49056
7297,49057
7297,49058
7297,49059
7297,49060
7297,49061
7297,49062
7297,49063
7297,49064
7297,49065
7297,49066
7297,49067
7297,49068
7297,49069
7297,49070
7297,49071
7297,49072
7297,49073
7297,49074
7297,49075
7297,49076
7297,49077
7297,49078
7297,49079
7297,49080
7297,49081
7297,49082
7297,49083
7297,49084
7297,49085
7297,49086
7297,49087
7297,49088
7297,49089
7297,49090
7297,49091
7297,49092
7297,49093
7297,49094
7297,49095
7297,49096
7297,49097
7297,49098
7297,49099
7297,49100
7297,49101
7297,49102
7297,49103
7297,49104
7297,49105
7297,49106
7297,49107
7297,49108
7297,49109
7297,49110
7297,49111
7297,49112
7297,49113
7297,49114
7297,49115
7297,49116
7297,49117
7297,49118
7297,49119
7297,49120
7297,49121
7297,49122
7297,49123
7297,49124
7297,49125
7297,49126
7297,49127
7297,49128
7297,49129
7297,49130
7297,49131
7297,49132
7297,49133
7297,49134
7297,49135
7297,49136
7297,49137
7297,49138
7297,49139
7297,49140
7297,49141
7297,49142
7297,49143
7297,49144
7297,49145
7297,49146
7297,49147
7297,49148
7297,49149
7297,49150
7297,49151
7297,49152
7297,49153
7297,49154
7297,49155
7297,49156
7297,49157
7297,49158
7297,49159
7297,49160
7297,49161
7297,49162
7297,49163
7297,49164
7297,49165
7297,49166
7297,49167
7297,49168
7297,49169
7297,49170
7297,49171
7297,49172
7297,49173
7297,49174
7297,49175
7297,49176
7297,49177
7297,49178
7297,49179
7297,49180
7297,49181
7297,49182
7297,49183
7297,49184
7297,49185
7297,49186
7297,49187
7297,49188
7297,49189
7297,49190
7297,49191
7297,49192
7297,49193
7297,49194
7297,49195
7297,49196
7297,49197
7297,49198
7297,49199
7297,49200
7297,49201
7297,49202
7297,49203
7297,49204
7297,49205
7297,49206
7297,49207
7297,49208
7297,49209
7297,49210
7297,49211
7297,49212
7297,49213
7297,49214
7297,49215
7297,49216
7297,49217
7297,49218
7297,49219
7297,49220
7297,49221
7297,49222
7297,49223
7297,49224
7297,49225
7297,49226
7297,49227
7297,49228
7297,49229
7297,49230
7298,49032
7298,49033
7298,49034
7298,49035
7298,49036
7298,49037
7298,49038
7298,49039
7298,49040
7298,49041
7298,49042
7298,49043
7298,49044
7298,49045
7298,49046
7298,49047
7298,49048
7298,49049
7298,49050
7298,49051
7298,49052
7298,49053
7298,49054
7298,49055
7298,49056
7298,49057
7298,49058
7298,49059
7298,49060
7298,49061
7298,49062
7298,49063
7298,49064
7298,49065
7298,49066
7298,49067
7298,49068
7298,49069
7298,49070
7298,49071
7298,49072
7298,49073
7298,49074
7298,49075
7298,49076
7298,49077
7298,49078
7298,49079
7298,49080
7298,49081
7298,49082
7298,49083
7298,49084
7298,49085
7298,49086
7298,49087
7298,49088
7298,49089
7298,49090
7298,49091
7298,49092
7298,49093
7298,49094
7298,49095
7298,49096
7298,49097
7298,49098
7298,49099
7298,49100
7298,49101
7298,49102
7298,49103
7298,49104
7298,49105
7298,49106
7298,49107
7298,49108
7298,49109
7298,49110
7298,49111
7298,49112
7298,49113
7298,49114
7298,49115
7298,49116
7298,49117
7298,49118
7298,49119
7298,49120
7298,49121
7298,49122
7298,49123
7298,49124
7298,49125
7298,49126
7298,49127
7298,49128
7298,49129
7298,49130
7298,49131
7298,49132
7298,49133
7298,49134
7298,49135
7298,49136
7298,49137
7298,49138
7298,49139
7298,49140
7298,49141
7298,49142
7298,49143
7298,49144
7298,49145
7298,49146
7298,49147
7298,49148
7298,49149
7298,49150
7298,49151
7298,49152
7298,49153
7298,49154
7298,49155
7298,49156
7298,49157
7298,49158
7298,49159
7298,49160
7298,49161
7298,49162
7298,49163
7298,49164
7298,49165
7298,49166
7298,49167
7298,49168
7298,49169
7298,49170
7298,49171
7298,49172
7298,49173
7298,49174
7298,49175
7298,49176
7298,49177
7298,49178
7298,49179
7298,49180
7298,49181
7298,49182
7298,49183
7298,49184
7298,49185
7298,49186
7298,49187
7298,49188
7298,49189
7298,49190
7298,49191
7298,49192
7298,49193
7298,49194
7298,49195
7298,49196
7298,49197
7298,49198
7298,49199
7298,49200
7298,49201
7298,49202
7298,49203
7298,49204
7298,49205
7298,49206
7298,49207
7298,49208
7298,49209
7298,49210
7298,49211
7298,49212
7298,49213
7298,49214
7298,49215
7298,49216
7298,49217
7298,49218
7298,49219
7298,49220
7298,49221
7298,49222
7298,49223
7298,49224
7298,49225
7298,49226
7298,49227
7298,49228
7298,49229
7298,49230
7299,49033
7299,49034
7299,49035
7299,49036
7299,49037
7299,49038
7299,49039
7299,49040
7299,49041
7299,49042
7299,49043
7299,49044
7299,49045
7299,49046
7299,49047
7299,49048
7299,49049
7299,49050
7299,49051
7299,49052
7299,49053
7299,49054
7299,49055
7299,49056
7299,49057
7299,49058
7299,49059
7299,49060
7299,49061
7299,49062
7299,49063
7299,49064
7299,49065
7299,49066
7299,49067
7299,49068
7299,49069
7299,49070
7299,49071
7299,49072
7299,49073
7299,49074
7299,49075
7299,49076
7299,49077
7299,49078
7299,49079
7299,49080
7299,49081
7299,49082
7299,49083
7299,49084
7299,49085
7299,49086
7299,49087
7299,49088
7299,49089
7299,49090
7299,49091
7299,49092
7299,49093
7299,49094
7299,49095
7299,49096
7299,49097
7299,49098
7299,49099
7299,49100
7299,49101
7299,49102
7299,49103
7299,49104
7299,49105
7299,49106
7299,49107
7299,49108
7299,49109
7299,49110
7299,49111
7299,49112
7299,49113
7299,49114
7299,49115
7299,49116
7299,49117
7299,49118
7299,49119
7299,49120
7299,49121
7299,49122
7299,49123
7299,49124
7299,49125
7299,49126
7299,49127
7299,49128
7299,49129
7299,49130
7299,49131
7299,49132
7299,49133
7299,49134
7299,49135
7299,49136
7299,49137
7299,49138
7299,49139
7299,49140
7299,49141
7299,49142
7299,49143
7299,49144
7299,49145
7299,49146
7299,49147
7299,49148
7299,49149
7299,49150
7299,49151
7299,49152
7299,49153
7299,49154
7299,49155
7299,49156
7299,49157
7299,49158
7299,49159
7299,49160
7299,49161
7299,49162
7299,49163
7299,49164
7299,49165
7299,49166
7299,49167
7299,49168
7299,49169
7299,49170
7299,49171
7299,49172
7299,49173
7299,49174
7299,49175
7299,49176
7299,49177
7299,49178
7299,49179
7299,49180
7299,49181
7299,49182
7299,49183
7299,49184
7299,49185
7299,49186
7299,49187
7299,49188
7299,49189
7299,49190
7299,49191
7299,49192
7299,49193
7299,49194
7299,49195
7299,49196
7299,49197
7299,49198
7299,49199
7299,49200
7299,49201
7299,49202
7299,49203
7299,49204
7299,49205
7299,49206
7299,49207
7299,49208
7299,49209
7299,49210
7299,49211
7299,49212
7299,49213
7299,49214
7299,49215
7299,49216
7299,49217
7299,49218
7299,49219
7299,49220
7299,49221
7299,49222
7299,49223
7299,49224
7299,49225
7299,49226
7299,49227
7299,49228
7299,49229
7299,49230
7300,49034
7300,49035
7300,49036
7300,49037
7300,49038
7300,49039
7300,49040
7300,49041
7300,49042
7300,49043
7300,49044
7300,49045
7300,49046
7300,49047
7300,49048
7300,49049
7300,49050
7300,49051
7300,49052
7300,49053
7300,49054
7300,49055
7300,49056
7300,49057
7300,49058
7300,49059
7300,49060
7300,49061
7300,49062
7300,49063
7300,49064
7300,49065
7300,49066
7300,49067
7300,49068
7300,49069
7300,49070
7300,49071
7300,49072
7300,49073
7300,49074
7300,49075
7300,49076
7300,49077
7300,49078
7300,49079
7300,49080
7300,49081
7300,49082
7300,49083
7300,49084
7300,49085
7300,49086
7300,49087
7300,49088
7300,49089
7300,49090
7300,49091
7300,49092
7300,49093
7300,49094
7300,49095
7300,49096
7300,49097
7300,49098
7300,49099
7300,49100
7300,49101
7300,49102
7300,49103
7300,49104
7300,49105
7300,49106
7300,49107
7300,49108
7300,49109
7300,49110
7300,49111
7300,49112
7300,49113
7300,49114
7300,49115
7300,49116
7300,49117
7300,49118
7300,49119
7300,49120
7300,49121
7300,49122
7300,49123
7300,49124
7300,49125
7300,49126
7300,49127
7300,49128
7300,49129
7300,49130
7300,49131
7300,49132
7300,49133
7300,49134
7300,49135
7300,49136
7300,49137
7300,49138
7300,49139
7300,49140
7300,49141
7300,49142
7300,49143
7300,49144
7300,49145
7300,49146
7300,49147
7300,49148
7300,49149
7300,49150
7300,49151
7300,49152
7300,49153
7300,49154
7300,49155
7300,49156
7300,49157
7300,49158
7300,49159
7300,49160
7300,49161
7300,49162
7300,49163
7300,49164
7300,49165
7300,49166
7300,49167
7300,49168
7300,49169
7300,49170
7300,49171
7300,49172
7300,49173
7300,49174
7300,49175
7300,49176
7300,49177
7300,49178
7300,49179
7300,49180
7300,49181
7300,49182
7300,49183
7300,49184
7300,49185
7300,49186
7300,49187
7300,49188
7300,49189
7300,49190
7300,49191
7300,49192
7300,49193
7300,49194
7300,49195
7300,49196
7300,49197
7300,49198
7300,49199
7300,49200
7300,49201
7300,49202
7300,49203
7300,49204
7300,49205
7300,49206
7300,49207
7300,49208
7300,49209
7300,49210
7300,49211
7300,49212
7300,49213
7300,49214
7300,49215
7300,49216
7300,49217
7300,49218
7300,49219
7300,49220
7300,49221
7300,49222
7300,49223
7300,49224
7300,49225
7300,49226
7300,49227
7300,49228
7300,49229
7300,49230
7300,49231
7301,49035
7301,49036
7301,49037
7301,49038
7301,49039
7301,49040
7301,49041
7301,49042
7301,49043
7301,49044
7301,49045
7301,49046
7301,49047
7301,49048
7301,49049
7301,49050
7301,49051
7301,49052
7301,49053
7301,49054
7301,49055
7301,49056
7301,49057
7301,49058
7301,49059
7301,49060
7301,49061
7301,49062
7301,49063
7301,49064
7301,49065
7301,49066
7301,49067
7301,49068
7301,49069
7301,49070
7301,49071
7301,49072
7301,49073
7301,49074
7301,49075
7301,49076
7301,49077
7301,49078
7301,49079
7301,49080
7301,49081
7301,49082
7301,49083
7301,49084
7301,49085
7301,49086
7301,49087
7301,49088
7301,49089
7301,49090
7301,49091
7301,49092
7301,49093
7301,49094
7301,49095
7301,49096
7301,49097
7301,49098
7301,49099
7301,49100
7301,49101
7301,49102
7301,49103
7301,49104
7301,49105
7301,49106
7301,49107
7301,49108
7301,49109
7301,49110
7301,49111
7301,49112
7301,49113
7301,49114
7301,49115
7301,49116
7301,49117
7301,49118
7301,49119
7301,49120
7301,49121
7301,49122
7301,49123
7301,49124
7301,49125
7301,49126
7301,49127
7301,49128
7301,49129
7301,49130
7301,49131
7301,49132
7301,49133
7301,49134
7301,49135
7301,49136
7301,49137
7301,49138
7301,49139
7301,49140
7301,49141
7301,49142
7301,49143
7301,49144
7301,49145
7301,49146
7301,49147
7301,49148
7301,49149
7301,49150
7301,49151
7301,49152
7301,49153
7301,49154
7301,49155
7301,49156
7301,49157
7301,49158
7301,49159
7301,49160
7301,49161
7301,49162
7301,49163
7301,49164
7301,49165
7301,49166
7301,49167
7301,49168
7301,49169
7301,49170
7301,49171
7301,49172
7301,49173
7301,49174
7301,49175
7301,49176
7301,49177
7301,49178
7301,49179
7301,49180
7301,49181
7301,49182
7301,49183
7301,49184
7301,49185
7301,49186
7301,49187
7301,49188
7301,49189
7301,49190
7301,49191
7301,49192
7301,49193
7301,49194
7301,49195
7301,49196
7301,49197
7301,49198
7301,49199
7301,49200
7301,49201
7301,49202
7301,49203
7301,49204
7301,49205
7301,49206
7301,49207
7301,49208
7301,49209
7301,49210
7301,49211
7301,49212
7301,49213
7301,49214
7301,49215
7301,49216
7301,49217
7301,49218
7301,49219
7301,49220
7301,49221
7301,49222
7301,49223
7301,49224
7301,49225
7301,49226
7301,49227
7301,49228
7301,49229
7301,49230
7301,49231
7302,49036
7302,49037
7302,49038
7302,49039
7302,49040
7302,49041
7302,49042
7302,49043
7302,49044
7302,49045
7302,49046
7302,49047
7302,49048
7302,49049
7302,49050
7302,49051
7302,49052
7302,49053
7302,49054
7302,49055
7302,49056
7302,49057
7302,49058
7302,49059
7302,49060
7302,49061
7302,49062
7302,49063
7302,49064
7302,49065
7302,49066
7302,49067
7302,49068
7302,49069
7302,49070
7302,49071
7302,49072
7302,49073
7302,49074
7302,49075
7302,49076
7302,49077
7302,49078
7302,49079
7302,49080
7302,49081
7302,49082
7302,49083
7302,49084
7302,49085
7302,49086
7302,49087
7302,49088
7302,49089
7302,49090
7302,49091
7302,49092
7302,49093
7302,49094
7302,49095
7302,49096
7302,49097
7302,49098
7302,49099
7302,49100
7302,49101
7302,49102
7302,49103
7302,49104
7302,49105
7302,49106
7302,49107
7302,49108
7302,49109
7302,49110
7302,49111
7302,49112
7302,49113
7302,49114
7302,49115
7302,49116
7302,49117
7302,49118
7302,49119
7302,49120
7302,49121
7302,49122
7302,49123
7302,49124
7302,49125
7302,49126
7302,49127
7302,49128
7302,49129
7302,49130
7302,49131
7302,49132
7302,49133
7302,49134
7302,49135
7302,49136
7302,49137
7302,49138
7302,49139
7302,49140
7302,49141
7302,49142
7302,49143
7302,49144
7302,49145
7302,49146
7302,49147
7302,49148
7302,49149
7302,49150
7302,49151
7302,49152
7302,49153
7302,49154
7302,49155
7302,49156
7302,49157
7302,49158
7302,49159
7302,49160
7302,49161
7302,49162
7302,49163
7302,49164
7302,49165
7302,49166
7302,49167
7302,49168
7302,49169
7302,49170
7302,49171
7302,49172
7302,49173
7302,49174
7302,49175
7302,49176
7302,49177
7302,49178
7302,49179
7302,49180
7302,49181
7302,49182
7302,49183
7302,49184
7302,49185
7302,49186
7302,49187
7302,49188
7302,49189
7302,49190
7302,49191
7302,49192
7302,49193
7302,49194
7302,49195
7302,49196
7302,49197
7302,49198
7302,49199
7302,49200
7302,49201
7302,49202
7302,49203
7302,49204
7302,49205
7302,49206
7302,49207
7302,49208
7302,49209
7302,49210
7302,49211
7302,49212
7302,49213
7302,49214
7302,49215
7302,49216
7302,49217
7302,49218
7302,49219
7302,49220
7302,49221
7302,49222
7302,49223
7302,49224
7302,49225
7302,49226
7302,49227
7302,49228
7302,49229
7302,49230
7302,49231
7303,49036
7303,49037
7303,49038
7303,49039
7303,49040
7303,49041
7303,49042
7303,49043
7303,49044
7303,49045
7303,49046
7303,49047
7303,49048
7303,49049
7303,49050
7303,49051
7303,49052
7303,49053
7303,49054
7303,49055
7303,49056
7303,49057
7303,49058
7303,49059
7303,49060
7303,49061
7303,49062
7303,49063
7303,49064
7303,49065
7303,49066
7303,49067
7303,49068
7303,49069
7303,49070
7303,49071
7303,49072
7303,49073
7303,49074
7303,49075
7303,49076
7303,49077
7303,49078
7303,49079
7303,49080
7303,49081
7303,49082
7303,49083
7303,49084
7303,49085
7303,49086
7303,49087
7303,49088
7303,49089
7303,49090
7303,49091
7303,49092
7303,49093
7303,49094
7303,49095
7303,49096
7303,49097
7303,49098
7303,49099
7303,49100
7303,49101
7303,49102
7303,49103
7303,49104
7303,49105
7303,49106
7303,49107
7303,49108
7303,49109
7303,49110
7303,49111
7303,49112
7303,49113
7303,49114
7303,49115
7303,49116
7303,49117
7303,49118
7303,49119
7303,49120
7303,49121
7303,49122
7303,49123
7303,49124
7303,49125
7303,49126
7303,49127
7303,49128
7303,49129
7303,49130
7303,49131
7303,49132
7303,49133
7303,49134
7303,49135
7303,49136
7303,49137
7303,49138
7303,49139
7303,49140
7303,49141
7303,49142
7303,49143
7303,49144
7303,49145
7303,49146
7303,49147
7303,49148
7303,49149
7303,49150
7303,49151
7303,49152
7303,49153
7303,49154
7303,49155
7303,49156
7303,49157
7303,49158
7303,49159
7303,49160
7303,49161
7303,49162
7303,49163
7303,49164
7303,49165
7303,49166
7303,49167
7303,49168
7303,49169
7303,49170
7303,49171
7303,49172
7303,49173
7303,49174
7303,49175
7303,49176
7303,49177
7303,49178
7303,49179
7303,49180
7303,49181
7303,49182
7303,49183
7303,49184
7303,49185
7303,49186
7303,49187
7303,49188
7303,49189
7303,49190
7303,49191
7303,49192
7303,49193
7303,49194
7303,49195
7303,49196
7303,49197
7303,49198
7303,49199
7303,49200
7303,49201
7303,49202
7303,49203
7303,49204
7303,49205
7303,49206
7303,49207
7303,49208
7303,49209
7303,49210
7303,49211
7303,49212
7303,49213
7303,49214
7303,49215
7303,49216
7303,49217
7303,49218
7303,49219
7303,49220
7303,49221
7303,49222
7303,49223
7303,49224
7303,49225
7303,49226
7303,49227
7303,49228
7303,49229
7303,49230
7303,49231
7303,49232
7304,49036
7304,49037
7304,49038
7304,49039
7304,49040
7304,49041
7304,49042
7304,49043
7304,49044
7304,49045
7304,49046
7304,49047
7304,49048
7304,49049
7304,49050
7304,49051
7304,49052
7304,49053
7304,49054
7304,49055
7304,49056
7304,49057
7304,49058
7304,49059
7304,49060
7304,49061
7304,49062
7304,49063
7304,49064
7304,49065
7304,49066
7304,49067
7304,49068
7304,49069
7304,49070
7304,49071
7304,49072
7304,49073
7304,49074
7304,49075
7304,49076
7304,49077
7304,49078
7304,49079
7304,49080
7304,49081
7304,49082
7304,49083
7304,49084
7304,49085
7304,49086
7304,49087
7304,49088
7304,49089
7304,49090
7304,49091
7304,49092
7304,49093
7304,49094
7304,49095
7304,49096
7304,49097
7304,49098
7304,49099
7304,49100
7304,49101
7304,49102
7304,49103
7304,49104
7304,49105
7304,49106
7304,49107
7304,49108
7304,49109
7304,49110
7304,49111
7304,49112
7304,49113
7304,49114
7304,49115
7304,49116
7304,49117
7304,49118
7304,49119
7304,49120
7304,49121
7304,49122
7304,49123
7304,49124
7304,49125
7304,49126
7304,49127
7304,49128
7304,49129
7304,49130
7304,49131
7304,49132
7304,49133
7304,49134
7304,49135
7304,49136
7304,49137
7304,49138
7304,49139
7304,49140
7304,49141
7304,49142
7304,49143
7304,49144
7304,49145
7304,49146
7304,49147
7304,49148
7304,49149
7304,49150
7304,49151
7304,49152
7304,49153
7304,49154
7304,49155
7304,49156
7304,49157
7304,49158
7304,49159
7304,49160
7304,49161
7304,49162
7304,49163
7304,49164
7304,49165
7304,49166
7304,49167
7304,49168
7304,49169
7304,49170
7304,49171
7304,49172
7304,49173
7304,49174
7304,49175
7304,49176
7304,49177
7304,49178
7304,49179
7304,49180
7304,49181
7304,49182
7304,49183
7304,49184
7304,49185
7304,49186
7304,49187
7304,49188
7304,49189
7304,49190
7304,49191
7304,49192
7304,49193
7304,49194
7304,49195
7304,49196
7304,49197
7304,49198
7304,49199
7304,49200
7304,49201
7304,49202
7304,49203
7304,49204
7304,49205
7304,49206
7304,49207
7304,49208
7304,49209
7304,49210
7304,49211
7304,49212
7304,49213
7304,49214
7304,49215
7304,49216
7304,49217
7304,49218
7304,49219
7304,49220
7304,49221
7304,49222
7304,49223
7304,49224
7304,49225
7304,49226
7304,49227
7304,49228
7304,49229
7304,49230
7304,49231
7305,49035
7305,49036
7305,49037
7305,49038
7305,49039
7305,49040
7305,49041
7305,49042
7305,49043
7305,49044
7305,49045
7305,49046
7305,49047
7305,49048
7305,49049
7305,49050
7305,49051
7305,49052
7305,49053
7305,49054
7305,49055
7305,49056
7305,49057
7305,49058
7305,49059
7305,49060
7305,49061
7305,49062
7305,49063
7305,49064
7305,49065
7305,49066
7305,49067
7305,49068
7305,49069
7305,49070
7305,49071
7305,49072
7305,49073
7305,49074
7305,49075
7305,49076
7305,49077
7305,49078
7305,49079
7305,49080
7305,49081
7305,49082
7305,49083
7305,49084
7305,49085
7305,49086
7305,49087
7305,49088
7305,49089
7305,49090
7305,49091
7305,49092
7305,49093
7305,49094
7305,49095
7305,49096
7305,49097
7305,49098
7305,49099
7305,49100
7305,49101
7305,49102
7305,49103
7305,49104
7305,49105
7305,49106
7305,49107
7305,49108
7305,49109
7305,49110
7305,49111
7305,49112
7305,49113
7305,49114
7305,49115
7305,49116
7305,49117
7305,49118
7305,49119
7305,49120
7305,49121
7305,49122
7305,49123
7305,49124
7305,49125
7305,49126
7305,49127
7305,49128
7305,49129
7305,49130
7305,49131
7305,49132
7305,49133
7305,49134
7305,49135
7305,49136
7305,49137
7305,49138
7305,49139
7305,49140
7305,49141
7305,49142
7305,49143
7305,49144
7305,49145
7305,49146
7305,49147
7305,49148
7305,49149
7305,49150
7305,49151
7305,49152
7305,49153
7305,49154
7305,49155
7305,49156
7305,49157
7305,49158
7305,49159
7305,49160
7305,49161
7305,49162
7305,49163
7305,49164
7305,49165
7305,49166
7305,49167
7305,49168
7305,49169
7305,49170
7305,49171
7305,49172
7305,49173
7305,49174
7305,49175
7305,49176
7305,49177
7305,49178
7305,49179
7305,49180
7305,49181
7305,49182
7305,49183
7305,49184
7305,49185
7305,49186
7305,49187
7305,49188
7305,49189
7305,49190
7305,49191
7305,49192
7305,49193
7305,49194
7305,49195
7305,49196
7305,49197
7305,49198
7305,49199
7305,49200
7305,49201
7305,49202
7305,49203
7305,49204
7305,49205
7305,49206
7305,49207
7305,49208
7305,49209
7305,49210
7305,49211
7305,49212
7305,49213
7305,49214
7305,49215
7305,49216
7305,49217
7305,49218
7305,49219
7305,49220
7305,49221
7305,49222
7305,49223
7305,49224
7305,49225
7305,49226
7305,49227
7305,49228
7305,49229
7305,49230
7305,49231
7306,49035
7306,49036
7306,49037
7306,49038
7306,49039
7306,49040
7306,49041
7306,49042
7306,49043
7306,49044
7306,49045
7306,49046
7306,49047
7306,49048
7306,49049
7306,49050
7306,49051
7306,49052
7306,49053
7306,49054
7306,49055
7306,49056
7306,49057
7306,49058
7306,49059
7306,49060
7306,49061
7306,49062
7306,49063
7306,49064
7306,49065
7306,49066
7306,49067
7306,49068
7306,49069
7306,49070
7306,49071
7306,49072
7306,49073
7306,49074
7306,49075
7306,49076
7306,49077
7306,49078
7306,49079
7306,49080
7306,49081
7306,49082
7306,49083
7306,49084
7306,49085
7306,49086
7306,49087
7306,49088
7306,49089
7306,49090
7306,49091
7306,49092
7306,49093
7306,49094
7306,49095
7306,49096
7306,49097
7306,49098
7306,49099
7306,49100
7306,49101
7306,49102
7306,49103
7306,49104
7306,49105
7306,49106
7306,49107
7306,49108
7306,49109
7306,49110
7306,49111
7306,49112
7306,49113
7306,49114
7306,49115
7306,49116
7306,49117
7306,49118
7306,49119
7306,49120
7306,49121
7306,49122
7306,49123
7306,49124
7306,49125
7306,49126
7306,49127
7306,49128
7306,49129
7306,49130
7306,49131
7306,49132
7306,49133
7306,49134
7306,49135
7306,49136
7306,49137
7306,49138
7306,49139
7306,49140
7306,49141
7306,49142
7306,49143
7306,49144
7306,49145
7306,49146
7306,49147
7306,49148
7306,49149
7306,49150
7306,49151
7306,49152
7306,49153
7306,49154
7306,49155
7306,49156
7306,49157
7306,49158
7306,49159
7306,49160
7306,49161
7306,49162
7306,49163
7306,49164
7306,49165
7306,49166
7306,49167
7306,49168
7306,49169
7306,49170
7306,49171
7306,49172
7306,49173
7306,49174
7306,49175
7306,49176
7306,49177
7306,49178
7306,49179
7306,49180
7306,49181
7306,49182
7306,49183
7306,49184
7306,49185
7306,49186
7306,49187
7306,49188
7306,49189
7306,49190
7306,49191
7306,49192
7306,49193
7306,49194
7306,49195
7306,49196
7306,49197
7306,49198
7306,49199
7306,49200
7306,49201
7306,49202
7306,49203
7306,49204
7306,49205
7306,49206
7306,49207
7306,49208
7306,49209
7306,49210
7306,49211
7306,49212
7306,49213
7306,49214
7306,49215
7306,49216
7306,49217
7306,49218
7306,49219
7306,49220
7306,49221
7306,49222
7306,49223
7306,49224
7306,49225
7306,49226
7306,49227
7306,49228
7306,49229
7306,49230
7306,49231
7306,49232
7307,49035
7307,49036
7307,49037
7307,49038
7307,49039
7307,49040
7307,49041
7307,49042
7307,49043
7307,49044
7307,49045
7307,49046
7307,49047
7307,49048
7307,49049
7307,49050
7307,49051
7307,49052
7307,49053
7307,49054
7307,49055
7307,49056
7307,49057
7307,49058
7307,49059
7307,49060
7307,49061
7307,49062
7307,49063
7307,49064
7307,49065
7307,49066
7307,49067
7307,49068
7307,49069
7307,49070
7307,49071
7307,49072
7307,49073
7307,49074
7307,49075
7307,49076
7307,49077
7307,49078
7307,49079
7307,49080
7307,49081
7307,49082
7307,49083
7307,49084
7307,49085
7307,49086
7307,49087
7307,49088
7307,49089
7307,49090
7307,49091
7307,49092
7307,49093
7307,49094
7307,49095
7307,49096
7307,49097
7307,49098
7307,49099
7307,49100
7307,49101
7307,49102
7307,49103
7307,49104
7307,49105
7307,49106
7307,49107
7307,49108
7307,49109
7307,49110
7307,49111
7307,49112
7307,49113
7307,49114
7307,49115
7307,49116
7307,49117
7307,49118
7307,49119
7307,49120
7307,49121
7307,49122
7307,49123
7307,49124
7307,49125
7307,49126
7307,49127
7307,49128
7307,49129
7307,49130
7307,49131
7307,49132
7307,49133
7307,49134
7307,49135
7307,49136
7307,49137
7307,49138
7307,49139
7307,49140
7307,49141
7307,49142
7307,49143
7307,49144
7307,49145
7307,49146
7307,49147
7307,49148
7307,49149
7307,49150
7307,49151
7307,49152
7307,49153
7307,49154
7307,49155
7307,49156
7307,49157
7307,49158
7307,49159
7307,49160
7307,49161
7307,49162
7307,49163
7307,49164
7307,49165
7307,49166
7307,49167
7307,49168
7307,49169
7307,49170
7307,49171
7307,49172
7307,49173
7307,49174
7307,49175
7307,49176
7307,49177
7307,49178
7307,49179
7307,49180
7307,49181
7307,49182
7307,49183
7307,49184
7307,49185
7307,49186
7307,49187
7307,49188
7307,49189
7307,49190
7307,49191
7307,49192
7307,49193
7307,49194
7307,49195
7307,49196
7307,49197
7307,49198
7307,49199
7307,49200
7307,49201
7307,49202
7307,49203
7307,49204
7307,49205
7307,49206
7307,49207
7307,49208
7307,49209
7307,49210
7307,49211
7307,49212
7307,49213
7307,49214
7307,49215
7307,49216
7307,49217
7307,49218
7307,49219
7307,49220
7307,49221
7307,49222
7307,49223
7307,49224
7307,49225
7307,49226
7307,49227
7307,49228
7307,49229
7307,49230
7307,49231
7307,49232
7308,49034
7308,49035
7308,49036
7308,49037
7308,49038
7308,49039
7308,49040
7308,49041
7308,49042
7308,49043
7308,49044
7308,49045
7308,49046
7308,49047
7308,49048
7308,49049
7308,49050
7308,49051
7308,49052
7308,49053
7308,49054
7308,49055
7308,49056
7308,49057
7308,49058
7308,49059
7308,49060
7308,49061
7308,49062
7308,49063
7308,49064
7308,49065
7308,49066
7308,49067
7308,49068
7308,49069
7308,49070
7308,49071
7308,49072
7308,49073
7308,49074
7308,49075
7308,49076
7308,49077
7308,49078
7308,49079
7308,49080
7308,49081
7308,49082
7308,49083
7308,49084
7308,49085
7308,49086
7308,49087
7308,49088
7308,49089
7308,49090
7308,49091
7308,49092
7308,49093
7308,49094
7308,49095
7308,49096
7308,49097
7308,49098
7308,49099
7308,49100
7308,49101
7308,49102
7308,49103
7308,49104
7308,49105
7308,49106
7308,49107
7308,49108
7308,49109
7308,49110
7308,49111
7308,49112
7308,49113
7308,49114
7308,49115
7308,49116
7308,49117
7308,49118
7308,49119
7308,49120
7308,49121
7308,49122
7308,49123
7308,49124
7308,49125
7308,49126
7308,49127
7308,49128
7308,49129
7308,49130
7308,49131
7308,49132
7308,49133
7308,49134
7308,49135
7308,49136
7308,49137
7308,49138
7308,49139
7308,49140
7308,49141
7308,49142
7308,49143
7308,49144
7308,49145
7308,49146
7308,49147
7308,49148
7308,49149
7308,49150
7308,49151
7308,49152
7308,49153
7308,49154
7308,49155
7308,49156
7308,49157
7308,49158
7308,49159
7308,49160
7308,49161
7308,49162
7308,49163
7308,49164
7308,49165
7308,49166
7308,49167
7308,49168
7308,49169
7308,49170
7308,49171
7308,49172
7308,49173
7308,49174
7308,49175
7308,49176
7308,49177
7308,49178
7308,49179
7308,49180
7308,49181
7308,49182
7308,49183
7308,49184
7308,49185
7308,49186
7308,49187
7308,49188
7308,49189
7308,49190
7308,49191
7308,49192
7308,49193
7308,49194
7308,49195
7308,49196
7308,49197
7308,49198
7308,49199
7308,49200
7308,49201
7308,49202
7308,49203
7308,49204
7308,49205
7308,49206
7308,49207
7308,49208
7308,49209
7308,49210
7308,49211
7308,49212
7308,49213
7308,49214
7308,49215
7308,49216
7308,49217
7308,49218
7308,49219
7308,49220
7308,49221
7308,49222
7308,49223
7308,49224
7308,49225
7308,49226
7308,49227
7308,49228
7308,49229
7308,49230
7308,49231
7308,49232
7309,49034
7309,49035
7309,49036
7309,49037
7309,49038
7309,49039
7309,49040
7309,49041
7309,49042
7309,49043
7309,49044
7309,49045
7309,49046
7309,49047
7309,49048
7309,49049
7309,49050
7309,49051
7309,49052
7309,49053
7309,49054
7309,49055
7309,49056
7309,49057
7309,49058
7309,49059
7309,49060
7309,49061
7309,49062
7309,49063
7309,49064
7309,49065
7309,49066
7309,49067
7309,49068
7309,49069
7309,49070
7309,49071
7309,49072
7309,49073
7309,49074
7309,49075
7309,49076
7309,49077
7309,49078
7309,49079
7309,49080
7309,49081
7309,49082
7309,49083
7309,49084
7309,49085
7309,49086
7309,49087
7309,49088
7309,49089
7309,49090
7309,49091
7309,49092
7309,49093
7309,49094
7309,49095
7309,49096
7309,49097
7309,49098
7309,49099
7309,49100
7309,49101
7309,49102
7309,49103
7309,49104
7309,49105
7309,49106
7309,49107
7309,49108
7309,49109
7309,49110
7309,49111
7309,49112
7309,49113
7309,49114
7309,49115
7309,49116
7309,49117
7309,49118
7309,49119
7309,49120
7309,49121
7309,49122
7309,49123
7309,49124
7309,49125
7309,49126
7309,49127
7309,49128
7309,49129
7309,49130
7309,49131
7309,49132
7309,49133
7309,49134
7309,49135
7309,49136
7309,49137
7309,49138
7309,49139
7309,49140
7309,49141
7309,49142
7309,49143
7309,49144
7309,49145
7309,49146
7309,49147
7309,49148
7309,49149
7309,49150
7309,49151
7309,49152
7309,49153
7309,49154
7309,49155
7309,49156
7309,49157
7309,49158
7309,49159
7309,49160
7309,49161
7309,49162
7309,49163
7309,49164
7309,49165
7309,49166
7309,49167
7309,49168
7309,49169
7309,49170
7309,49171
7309,49172
7309,49173
7309,49174
7309,49175
7309,49176
7309,49177
7309,49178
7309,49179
7309,49180
7309,49181
7309,49182
7309,49183
7309,49184
7309,49185
7309,49186
7309,49187
7309,49188
7309,49189
7309,49190
7309,49191
7309,49192
7309,49193
7309,49194
7309,49195
7309,49196
7309,49197
7309,49198
7309,49199
7309,49200
7309,49201
7309,49202
7309,49203
7309,49204
7309,49205
7309,49206
7309,49207
7309,49208
7309,49209
7309,49210
7309,49211
7309,49212
7309,49213
7309,49214
7309,49215
7309,49216
7309,49217
7309,49218
7309,49219
7309,49220
7309,49221
7309,49222
7309,49223
7309,49224
7309,49225
7309,49226
7309,49227
7309,49228
7309,49229
7309,49230
7309,49231
7309,49232
7309,49233
7310,49033
7310,49034
7310,49035
7310,49036
7310,49037
7310,49038
7310,49039
7310,49040
7310,49041
7310,49042
7310,49043
7310,49044
7310,49045
7310,49046
7310,49047
7310,49048
7310,49049
7310,49050
7310,49051
7310,49052
7310,49053
7310,49054
7310,49055
7310,49056
7310,49057
7310,49058
7310,49059
7310,49060
7310,49061
7310,49062
7310,49063
7310,49064
7310,49065
7310,49066
7310,49067
7310,49068
7310,49069
7310,49070
7310,49071
7310,49072
7310,49073
7310,49074
7310,49075
7310,49076
7310,49077
7310,49078
7310,49079
7310,49080
7310,49081
7310,49082
7310,49083
7310,49084
7310,49085
7310,49086
7310,49087
7310,49088
7310,49089
7310,49090
7310,49091
7310,49092
7310,49093
7310,49094
7310,49095
7310,49096
7310,49097
7310,49098
7310,49099
7310,49100
7310,49101
7310,49102
7310,49103
7310,49104
7310,49105
7310,49106
7310,49107
7310,49108
7310,49109
7310,49110
7310,49111
7310,49112
7310,49113
7310,49114
7310,49115
7310,49116
7310,49117
7310,49118
7310,49119
7310,49120
7310,49121
7310,49122
7310,49123
7310,49124
7310,49125
7310,49126
7310,49127
7310,49128
7310,49129
7310,49130
7310,49131
7310,49132
7310,49133
7310,49134
7310,49135
7310,49136
7310,49137
7310,49138
7310,49139
7310,49140
7310,49141
7310,49142
7310,49143
7310,49144
7310,49145
7310,49146
7310,49147
7310,49148
7310,49149
7310,49150
7310,49151
7310,49152
7310,49153
7310,49154
7310,49155
7310,49156
7310,49157
7310,49158
7310,49159
7310,49160
7310,49161
7310,49162
7310,49163
7310,49164
7310,49165
7310,49166
7310,49167
7310,49168
7310,49169
7310,49170
7310,49171
7310,49172
7310,49173
7310,49174
7310,49175
7310,49176
7310,49177
7310,49178
7310,49179
7310,49180
7310,49181
7310,49182
7310,49183
7310,49184
7310,49185
7310,49186
7310,49187
7310,49188
7310,49189
7310,49190
7310,49191
7310,49192
7310,49193
7310,49194
7310,49195
7310,49196
7310,49197
7310,49198
7310,49199
7310,49200
7310,49201
7310,49202
7310,49203
7310,49204
7310,49205
7310,49206
7310,49207
7310,49208
7310,49209
7310,49210
7310,49211
7310,49212
7310,49213
7310,49214
7310,49215
7310,49216
7310,49217
7310,49218
7310,49219
7310,49220
7310,49221
7310,49222
7310,49223
7310,49224
7310,49225
7310,49226
7310,49227
7310,49228
7310,49229
7310,49230
7310,49231
7310,49232
7310,49233
7310,49234
7311,49032
7311,49033
7311,49034
7311,49035
7311,49036
7311,49037
7311,49038
7311,49039
7311,49040
7311,49041
7311,49042
7311,49043
7311,49044
7311,49045
7311,49046
7311,49047
7311,49048
7311,49049
7311,49050
7311,49051
7311,49052
7311,49053
7311,49054
7311,49055
7311,49056
7311,49057
7311,49058
7311,49059
7311,49060
7311,49061
7311,49062
7311,49063
7311,49064
7311,49065
7311,49066
7311,49067
7311,49068
7311,49069
7311,49070
7311,49071
7311,49072
7311,49073
7311,49074
7311,49075
7311,49076
7311,49077
7311,49078
7311,49079
7311,49080
7311,49081
7311,49082
7311,49083
7311,49084
7311,49085
7311,49086
7311,49087
7311,49088
7311,49089
7311,49090
7311,49091
7311,49092
7311,49093
7311,49094
7311,49095
7311,49096
7311,49097
7311,49098
7311,49099
7311,49100
7311,49101
7311,49102
7311,49103
7311,49104
7311,49105
7311,49106
7311,49107
7311,49108
7311,49109
7311,49110
7311,49111
7311,49112
7311,49113
7311,49114
7311,49115
7311,49116
7311,49117
7311,49118
7311,49119
7311,49120
7311,49121
7311,49122
7311,49123
7311,49124
7311,49125
7311,49126
7311,49127
7311,49128
7311,49129
7311,49130
7311,49131
7311,49132
7311,49133
7311,49134
7311,49135
7311,49136
7311,49137
7311,49138
7311,49139
7311,49140
7311,49141
7311,49142
7311,49143
7311,49144
7311,49145
7311,49146
7311,49147
7311,49148
7311,49149
7311,49150
7311,49151
7311,49152
7311,49153
7311,49154
7311,49155
7311,49156
7311,49157
7311,49158
7311,49159
7311,49160
7311,49161
7311,49162
7311,49163
7311,49164
7311,49165
7311,49166
7311,49167
7311,49168
7311,49169
7311,49170
7311,49171
7311,49172
7311,49173
7311,49174
7311,49175
7311,49176
7311,49177
7311,49178
7311,49179
7311,49180
7311,49181
7311,49182
7311,49183
7311,49184
7311,49185
7311,49186
7311,49187
7311,49188
7311,49189
7311,49190
7311,49191
7311,49192
7311,49193
7311,49194
7311,49195
7311,49196
7311,49197
7311,49198
7311,49199
7311,49200
7311,49201
7311,49202
7311,49203
7311,49204
7311,49205
7311,49206
7311,49207
7311,49208
7311,49209
7311,49210
7311,49211
7311,49212
7311,49213
7311,49214
7311,49215
7311,49216
7311,49217
7311,49218
7311,49219
7311,49220
7311,49221
7311,49222
7311,49223
7311,49224
7311,49225
7311,49226
7311,49227
7311,49228
7311,49229
7311,49230
7311,49231
7311,49232
7311,49233
7311,49234
7312,49032
7312,49033
7312,49034
7312,49035
7312,49036
7312,49037
7312,49038
7312,49039
7312,49040
7312,49041
7312,49042
7312,49043
7312,49044
7312,49045
7312,49046
7312,49047
7312,49048
7312,49049
7312,49050
7312,49051
7312,49052
7312,49053
7312,49054
7312,49055
7312,49056
7312,49057
7312,49058
7312,49059
7312,49060
7312,49061
7312,49062
7312,49063
7312,49064
7312,49065
7312,49066
7312,49067
7312,49068
7312,49069
7312,49070
7312,49071
7312,49072
7312,49073
7312,49074
7312,49075
7312,49076
7312,49077
7312,49078
7312,49079
7312,49080
7312,49081
7312,49082
7312,49083
7312,49084
7312,49085
7312,49086
7312,49087
7312,49088
7312,49089
7312,49090
7312,49091
7312,49092
7312,49093
7312,49094
7312,49095
7312,49096
7312,49097
7312,49098
7312,49099
7312,49100
7312,49101
7312,49102
7312,49103
7312,49104
7312,49105
7312,49106
7312,49107
7312,49108
7312,49109
7312,49110
7312,49111
7312,49112
7312,49113
7312,49114
7312,49115
7312,49116
7312,49117
7312,49118
7312,49119
7312,49120
7312,49121
7312,49122
7312,49123
7312,49124
7312,49125
7312,49126
7312,49127
7312,49128
7312,49129
7312,49130
7312,49131
7312,49132
7312,49133
7312,49134
7312,49135
7312,49136
7312,49137
7312,49138
7312,49139
7312,49140
7312,49141
7312,49142
7312,49143
7312,49144
7312,49145
7312,49146
7312,49147
7312,49148
7312,49149
7312,49150
7312,49151
7312,49152
7312,49153
7312,49154
7312,49155
7312,49156
7312,49157
7312,49158
7312,49159
7312,49160
7312,49161
7312,49162
7312,49163
7312,49164
7312,49165
7312,49166
7312,49167
7312,49168
7312,49169
7312,49170
7312,49171
7312,49172
7312,49173
7312,49174
7312,49175
7312,49176
7312,49177
7312,49178
7312,49179
7312,49180
7312,49181
7312,49182
7312,49183
7312,49184
7312,49185
7312,49186
7312,49187
7312,49188
7312,49189
7312,49190
7312,49191
7312,49192
7312,49193
7312,49194
7312,49195
7312,49196
7312,49197
7312,49198
7312,49199
7312,49200
7312,49201
7312,49202
7312,49203
7312,49204
7312,49205
7312,49206
7312,49207
7312,49208
7312,49209
7312,49210
7312,49211
7312,49212
7312,49213
7312,49214
7312,49215
7312,49216
7312,49217
7312,49218
7312,49219
7312,49220
7312,49221
7312,49222
7312,49223
7312,49224
7312,49225
7312,49226
7312,49227
7312,49228
7312,49229
7312,49230
7312,49231
7312,49232
7312,49233
7312,49234
7313,49032
7313,49033
7313,49034
7313,49035
7313,49036
7313,49037
7313,49038
7313,49039
7313,49040
7313,49041
7313,49042
7313,49043
7313,49044
7313,49045
7313,49046
7313,49047
7313,49048
7313,49049
7313,49050
7313,49051
7313,49052
7313,49053
7313,49054
7313,49055
7313,49056
7313,49057
7313,49058
7313,49059
7313,49060
7313,49061
7313,49062
7313,49063
7313,49064
7313,49065
7313,49066
7313,49067
7313,49068
7313,49069
7313,49070
7313,49071
7313,49072
7313,49073
7313,49074
7313,49075
7313,49076
7313,49077
7313,49078
7313,49079
7313,49080
7313,49081
7313,49082
7313,49083
7313,49084
7313,49085
7313,49086
7313,49087
7313,49088
7313,49089
7313,49090
7313,49091
7313,49092
7313,49093
7313,49094
7313,49095
7313,49096
7313,49097
7313,49098
7313,49099
7313,49100
7313,49101
7313,49102
7313,49103
7313,49104
7313,49105
7313,49106
7313,49107
7313,49108
7313,49109
7313,49110
7313,49111
7313,49112
7313,49113
7313,49114
7313,49115
7313,49116
7313,49117
7313,49118
7313,49119
7313,49120
7313,49121
7313,49122
7313,49123
7313,49124
7313,49125
7313,49126
7313,49127
7313,49128
7313,49129
7313,49130
7313,49131
7313,49132
7313,49133
7313,49134
7313,49135
7313,49136
7313,49137
7313,49138
7313,49139
7313,49140
7313,49141
7313,49142
7313,49143
7313,49144
7313,49145
7313,49146
7313,49147
7313,49148
7313,49149
7313,49150
7313,49151
7313,49152
7313,49153
7313,49154
7313,49155
7313,49156
7313,49157
7313,49158
7313,49159
7313,49160
7313,49161
7313,49162
7313,49163
7313,49164
7313,49165
7313,49166
7313,49167
7313,49168
7313,49169
7313,49170
7313,49171
7313,49172
7313,49173
7313,49174
7313,49175
7313,49176
7313,49177
7313,49178
7313,49179
7313,49180
7313,49181
7313,49182
7313,49183
7313,49184
7313,49185
7313,49186
7313,49187
7313,49188
7313,49189
7313,49190
7313,49191
7313,49192
7313,49193
7313,49194
7313,49195
7313,49196
7313,49197
7313,49198
7313,49199
7313,49200
7313,49201
7313,49202
7313,49203
7313,49204
7313,49205
7313,49206
7313,49207
7313,49208
7313,49209
7313,49210
7313,49211
7313,49212
7313,49213
7313,49214
7313,49215
7313,49216
7313,49217
7313,49218
7313,49219
7313,49220
7313,49221
7313,49222
7313,49223
7313,49224
7313,49225
7313,49226
7313,49227
7313,49228
7313,49229
7313,49230
7313,49231
7313,49232
7313,49233
7313,49234
7313,49235
7314,49031
7314,49032
7314,49033
7314,49034
7314,49035
7314,49036
7314,49037
7314,49038
7314,49039
7314,49040
7314,49041
7314,49042
7314,49043
7314,49044
7314,49045
7314,49046
7314,49047
7314,49048
7314,49049
7314,49050
7314,49051
7314,49052
7314,49053
7314,49054
7314,49055
7314,49056
7314,49057
7314,49058
7314,49059
7314,49060
7314,49061
7314,49062
7314,49063
7314,49064
7314,49065
7314,49066
7314,49067
7314,49068
7314,49069
7314,49070
7314,49071
7314,49072
7314,49073
7314,49074
7314,49075
7314,49076
7314,49077
7314,49078
7314,49079
7314,49080
7314,49081
7314,49082
7314,49083
7314,49084
7314,49085
7314,49086
7314,49087
7314,49088
7314,49089
7314,49090
7314,49091
7314,49092
7314,49093
7314,49094
7314,49095
7314,49096
7314,49097
7314,49098
7314,49099
7314,49100
7314,49101
7314,49102
7314,49103
7314,49104
7314,49105
7314,49106
7314,49107
7314,49108
7314,49109
7314,49110
7314,49111
7314,49112
7314,49113
7314,49114
7314,49115
7314,49116
7314,49117
7314,49118
7314,49119
7314,49120
7314,49121
7314,49122
7314,49123
7314,49124
7314,49125
7314,49126
7314,49127
7314,49128
7314,49129
7314,49130
7314,49131
7314,49132
7314,49133
7314,49134
7314,49135
7314,49136
7314,49137
7314,49138
7314,49139
7314,49140
7314,49141
7314,49142
7314,49143
7314,49144
7314,49145
7314,49146
7314,49147
7314,49148
7314,49149
7314,49150
7314,49151
7314,49152
7314,49153
7314,49154
7314,49155
7314,49156
7314,49157
7314,49158
7314,49159
7314,49160
7314,49161
7314,49162
7314,49163
7314,49164
7314,49165
7314,49166
7314,49167
7314,49168
7314,49169
7314,49170
7314,49171
7314,49172
7314,49173
7314,49174
7314,49175
7314,49176
7314,49177
7314,49178
7314,49179
7314,49180
7314,49181
7314,49182
7314,49183
7314,49184
7314,49185
7314,49186
7314,49187
7314,49188
7314,49189
7314,49190
7314,49191
7314,49192
7314,49193
7314,49194
7314,49195
7314,49196
7314,49197
7314,49198
7314,49199
7314,49200
7314,49201
7314,49202
7314,49203
7314,49204
7314,49205
7314,49206
7314,49207
7314,49208
7314,49209
7314,49210
7314,49211
7314,49212
7314,49213
7314,49214
7314,49215
7314,49216
7314,49217
7314,49218
7314,49219
7314,49220
7314,49221
7314,49222
7314,49223
7314,49224
7314,49225
7314,49226
7314,49227
7314,49228
7314,49229
7314,49230
7314,49231
7314,49232
7314,49233
7314,49234
7315,49031
7315,49032
7315,49033
7315,49034
7315,49035
7315,49036
7315,49037
7315,49038
7315,49039
7315,49040
7315,49041
7315,49042
7315,49043
7315,49044
7315,49045
7315,49046
7315,49047
7315,49048
7315,49049
7315,49050
7315,49051
7315,49052
7315,49053
7315,49054
7315,49055
7315,49056
7315,49057
7315,49058
7315,49059
7315,49060
7315,49061
7315,49062
7315,49063
7315,49064
7315,49065
7315,49066
7315,49067
7315,49068
7315,49069
7315,49070
7315,49071
7315,49072
7315,49073
7315,49074
7315,49075
7315,49076
7315,49077
7315,49078
7315,49079
7315,49080
7315,49081
7315,49082
7315,49083
7315,49084
7315,49085
7315,49086
7315,49087
7315,49088
7315,49089
7315,49090
7315,49091
7315,49092
7315,49093
7315,49094
7315,49095
7315,49096
7315,49097
7315,49098
7315,49099
7315,49100
7315,49101
7315,49102
7315,49103
7315,49104
7315,49105
7315,49106
7315,49107
7315,49108
7315,49109
7315,49110
7315,49111
7315,49112
7315,49113
7315,49114
7315,49115
7315,49116
7315,49117
7315,49118
7315,49119
7315,49120
7315,49121
7315,49122
7315,49123
7315,49124
7315,49125
7315,49126
7315,49127
7315,49128
7315,49129
7315,49130
7315,49131
7315,49132
7315,49133
7315,49134
7315,49135
7315,49136
7315,49137
7315,49138
7315,49139
7315,49140
7315,49141
7315,49142
7315,49143
7315,49144
7315,49145
7315,49146
7315,49147
7315,49148
7315,49149
7315,49150
7315,49151
7315,49152
7315,49153
7315,49154
7315,49155
7315,49156
7315,49157
7315,49158
7315,49159
7315,49160
7315,49161
7315,49162
7315,49163
7315,49164
7315,49165
7315,49166
7315,49167
7315,49168
7315,49169
7315,49170
7315,49171
7315,49172
7315,49173
7315,49174
7315,49175
7315,49176
7315,49177
7315,49178
7315,49179
7315,49180
7315,49181
7315,49182
7315,49183
7315,49184
7315,49185
7315,49186
7315,49187
7315,49188
7315,49189
7315,49190
7315,49191
7315,49192
7315,49193
7315,49194
7315,49195
7315,49196
7315,49197
7315,49198
7315,49199
7315,49200
7315,49201
7315,49202
7315,49203
7315,49204
7315,49205
7315,49206
7315,49207
7315,49208
7315,49209
7315,49210
7315,49211
7315,49212
7315,49213
7315,49214
7315,49215
7315,49216
7315,49217
7315,49218
7315,49219
7315,49220
7315,49221
7315,49222
7315,49223
7315,49224
7315,49225
7315,49226
7315,49227
7315,49228
7315,49229
7315,49230
7315,49231
7315,49232
7315,49233
7315,49234
7316,49031
7316,49032
7316,49033
7316,49034
7316,49035
7316,49036
7316,49037
7316,49038
7316,49039
7316,49040
7316,49041
7316,49042
7316,49043
7316,49044
7316,49045
7316,49046
7316,49047
7316,49048
7316,49049
7316,49050
7316,49051
7316,49052
7316,49053
7316,49054
7316,49055
7316,49056
7316,49057
7316,49058
7316,49059
7316,49060
7316,49061
7316,49062
7316,49063
7316,49064
7316,49065
7316,49066
7316,49067
7316,49068
7316,49069
7316,49070
7316,49071
7316,49072
7316,49073
7316,49074
7316,49075
7316,49076
7316,49077
7316,49078
7316,49079
7316,49080
7316,49081
7316,49082
7316,49083
7316,49084
7316,49085
7316,49086
7316,49087
7316,49088
7316,49089
7316,49090
7316,49091
7316,49092
7316,49093
7316,49094
7316,49095
7316,49096
7316,49097
7316,49098
7316,49099
7316,49100
7316,49101
7316,49102
7316,49103
7316,49104
7316,49105
7316,49106
7316,49107
7316,49108
7316,49109
7316,49110
7316,49111
7316,49112
7316,49113
7316,49114
7316,49115
7316,49116
7316,49117
7316,49118
7316,49119
7316,49120
7316,49121
7316,49122
7316,49123
7316,49124
7316,49125
7316,49126
7316,49127
7316,49128
7316,49129
7316,49130
7316,49131
7316,49132
7316,49133
7316,49134
7316,49135
7316,49136
7316,49137
7316,49138
7316,49139
7316,49140
7316,49141
7316,49142
7316,49143
7316,49144
7316,49145
7316,49146
7316,49147
7316,49148
7316,49149
7316,49150
7316,49151
7316,49152
7316,49153
7316,49154
7316,49155
7316,49156
7316,49157
7316,49158
7316,49159
7316,49160
7316,49161
7316,49162
7316,49163
7316,49164
7316,49165
7316,49166
7316,49167
7316,49168
7316,49169
7316,49170
7316,49171
7316,49172
7316,49173
7316,49174
7316,49175
7316,49176
7316,49177
7316,49178
7316,49179
7316,49180
7316,49181
7316,49182
7316,49183
7316,49184
7316,49185
7316,49186
7316,49187
7316,49188
7316,49189
7316,49190
7316,49191
7316,49192
7316,49193
7316,49194
7316,49195
7316,49196
7316,49197
7316,49198
7316,49199
7316,49200
7316,49201
7316,49202
7316,49203
7316,49204
7316,49205
7316,49206
7316,49207
7316,49208
7316,49209
7316,49210
7316,49211
7316,49212
7316,49213
7316,49214
7316,49215
7316,49216
7316,49217
7316,49218
7316,49219
7316,49220
7316,49221
7316,49222
7316,49223
7316,49224
7316,49225
7316,49226
7316,49227
7316,49228
7316,49229
7316,49230
7316,49231
7316,49232
7316,49233
7316,49234
7317,49032
7317,49033
7317,49034
7317,49035
7317,49036
7317,49037
7317,49038
7317,49039
7317,49040
7317,49041
7317,49042
7317,49043
7317,49044
7317,49045
7317,49046
7317,49047
7317,49048
7317,49049
7317,49050
7317,49051
7317,49052
7317,49053
7317,49054
7317,49055
7317,49056
7317,49057
7317,49058
7317,49059
7317,49060
7317,49061
7317,49062
7317,49063
7317,49064
7317,49065
7317,49066
7317,49067
7317,49068
7317,49069
7317,49070
7317,49071
7317,49072
7317,49073
7317,49074
7317,49075
7317,49076
7317,49077
7317,49078
7317,49079
7317,49080
7317,49081
7317,49082
7317,49083
7317,49084
7317,49085
7317,49086
7317,49087
7317,49088
7317,49089
7317,49090
7317,49091
7317,49092
7317,49093
7317,49094
7317,49095
7317,49096
7317,49097
7317,49098
7317,49099
7317,49100
7317,49101
7317,49102
7317,49103
7317,49104
7317,49105
7317,49106
7317,49107
7317,49108
7317,49109
7317,49110
7317,49111
7317,49112
7317,49113
7317,49114
7317,49115
7317,49116
7317,49117
7317,49118
7317,49119
7317,49120
7317,49121
7317,49122
7317,49123
7317,49124
7317,49125
7317,49126
7317,49127
7317,49128
7317,49129
7317,49130
7317,49131
7317,49132
7317,49133
7317,49134
7317,49135
7317,49136
7317,49137
7317,49138
7317,49139
7317,49140
7317,49141
7317,49142
7317,49143
7317,49144
7317,49145
7317,49146
7317,49147
7317,49148
7317,49149
7317,49150
7317,49151
7317,49152
7317,49153
7317,49154
7317,49155
7317,49156
7317,49157
7317,49158
7317,49159
7317,49160
7317,49161
7317,49162
7317,49163
7317,49164
7317,49165
7317,49166
7317,49167
7317,49168
7317,49169
7317,49170
7317,49171
7317,49172
7317,49173
7317,49174
7317,49175
7317,49176
7317,49177
7317,49178
7317,49179
7317,49180
7317,49181
7317,49182
7317,49183
7317,49184
7317,49185
7317,49186
7317,49187
7317,49188
7317,49189
7317,49190
7317,49191
7317,49192
7317,49193
7317,49194
7317,49195
7317,49196
7317,49197
7317,49198
7317,49199
7317,49200
7317,49201
7317,49202
7317,49203
7317,49204
7317,49205
7317,49206
7317,49207
7317,49208
7317,49209
7317,49210
7317,49211
7317,49212
7317,49213
7317,49214
7317,49215
7317,49216
7317,49217
7317,49218
7317,49219
7317,49220
7317,49221
7317,49222
7317,49223
7317,49224
7317,49225
7317,49226
7317,49227
7317,49228
7317,49229
7317,49230
7317,49231
7317,49232
7317,49233
7317,49234
7318,49032
7318,49033
7318,49034
7318,49035
7318,49036
7318,49037
7318,49038
7318,49039
7318,49040
7318,49041
7318,49042
7318,49043
7318,49044
7318,49045
7318,49046
7318,49047
7318,49048
7318,49049
7318,49050
7318,49051
7318,49052
7318,49053
7318,49054
7318,49055
7318,49056
7318,49057
7318,49058
7318,49059
7318,49060
7318,49061
7318,49062
7318,49063
7318,49064
7318,49065
7318,49066
7318,49067
7318,49068
7318,49069
7318,49070
7318,49071
7318,49072
7318,49073
7318,49074
7318,49075
7318,49076
7318,49077
7318,49078
7318,49079
7318,49080
7318,49081
7318,49082
7318,49083
7318,49084
7318,49085
7318,49086
7318,49087
7318,49088
7318,49089
7318,49090
7318,49091
7318,49092
7318,49093
7318,49094
7318,49095
7318,49096
7318,49097
7318,49098
7318,49099
7318,49100
7318,49101
7318,49102
7318,49103
7318,49104
7318,49105
7318,49106
7318,49107
7318,49108
7318,49109
7318,49110
7318,49111
7318,49112
7318,49113
7318,49114
7318,49115
7318,49116
7318,49117
7318,49118
7318,49119
7318,49120
7318,49121
7318,49122
7318,49123
7318,49124
7318,49125
7318,49126
7318,49127
7318,49128
7318,49129
7318,49130
7318,49131
7318,49132
7318,49133
7318,49134
7318,49135
7318,49136
7318,49137
7318,49138
7318,49139
7318,49140
7318,49141
7318,49142
7318,49143
7318,49144
7318,49145
7318,49146
7318,49147
7318,49148
7318,49149
7318,49150
7318,49151
7318,49152
7318,49153
7318,49154
7318,49155
7318,49156
7318,49157
7318,49158
7318,49159
7318,49160
7318,49161
7318,49162
7318,49163
7318,49164
7318,49165
7318,49166
7318,49167
7318,49168
7318,49169
7318,49170
7318,49171
7318,49172
7318,49173
7318,49174
7318,49175
7318,49176
7318,49177
7318,49178
7318,49179
7318,49180
7318,49181
7318,49182
7318,49183
7318,49184
7318,49185
7318,49186
7318,49187
7318,49188
7318,49189
7318,49190
7318,49191
7318,49192
7318,49193
7318,49194
7318,49195
7318,49196
7318,49197
7318,49198
7318,49199
7318,49200
7318,49201
7318,49202
7318,49203
7318,49204
7318,49205
7318,49206
7318,49207
7318,49208
7318,49209
7318,49210
7318,49211
7318,49212
7318,49213
7318,49214
7318,49215
7318,49216
7318,49217
7318,49218
7318,49219
7318,49220
7318,49221
7318,49222
7318,49223
7318,49224
7318,49225
7318,49226
7318,49227
7318,49228
7318,49229
7318,49230
7318,49231
7318,49232
7318,49233
7318,49234
7319,49032
7319,49033
7319,49034
7319,49035
7319,49036
7319,49037
7319,49038
7319,49039
7319,49040
7319,49041
7319,49042
7319,49043
7319,49044
7319,49045
7319,49046
7319,49047
7319,49048
7319,49049
7319,49050
7319,49051
7319,49052
7319,49053
7319,49054
7319,49055
7319,49056
7319,49057
7319,49058
7319,49059
7319,49060
7319,49061
7319,49062
7319,49063
7319,49064
7319,49065
7319,49066
7319,49067
7319,49068
7319,49069
7319,49070
7319,49071
7319,49072
7319,49073
7319,49074
7319,49075
7319,49076
7319,49077
7319,49078
7319,49079
7319,49080
7319,49081
7319,49082
7319,49083
7319,49084
7319,49085
7319,49086
7319,49087
7319,49088
7319,49089
7319,49090
7319,49091
7319,49092
7319,49093
7319,49094
7319,49095
7319,49096
7319,49097
7319,49098
7319,49099
7319,49100
7319,49101
7319,49102
7319,49103
7319,49104
7319,49105
7319,49106
7319,49107
7319,49108
7319,49109
7319,49110
7319,49111
7319,49112
7319,49113
7319,49114
7319,49115
7319,49116
7319,49117
7319,49118
7319,49119
7319,49120
7319,49121
7319,49122
7319,49123
7319,49124
7319,49125
7319,49126
7319,49127
7319,49128
7319,49129
7319,49130
7319,49131
7319,49132
7319,49133
7319,49134
7319,49135
7319,49136
7319,49137
7319,49138
7319,49139
7319,49140
7319,49141
7319,49142
7319,49143
7319,49144
7319,49145
7319,49146
7319,49147
7319,49148
7319,49149
7319,49150
7319,49151
7319,49152
7319,49153
7319,49154
7319,49155
7319,49156
7319,49157
7319,49158
7319,49159
7319,49160
7319,49161
7319,49162
7319,49163
7319,49164
7319,49165
7319,49166
7319,49167
7319,49168
7319,49169
7319,49170
7319,49171
7319,49172
7319,49173
7319,49174
7319,49175
7319,49176
7319,49177
7319,49178
7319,49179
7319,49180
7319,49181
7319,49182
7319,49183
7319,49184
7319,49185
7319,49186
7319,49187
7319,49188
7319,49189
7319,49190
7319,49191
7319,49192
7319,49193
7319,49194
7319,49195
7319,49196
7319,49197
7319,49198
7319,49199
7319,49200
7319,49201
7319,49202
7319,49203
7319,49204
7319,49205
7319,49206
7319,49207
7319,49208
7319,49209
7319,49210
7319,49211
7319,49212
7319,49213
7319,49214
7319,49215
7319,49216
7319,49217
7319,49218
7319,49219
7319,49220
7319,49221
7319,49222
7319,49223
7319,49224
7319,49225
7319,49226
7319,49227
7319,49228
7319,49229
7319,49230
7319,49231
7319,49232
7319,49233
7319,49234
7320,49033
7320,49034
7320,49035
7320,49036
7320,49037
7320,49038
7320,49039
7320,49040
7320,49041
7320,49042
7320,49043
7320,49044
7320,49045
7320,49046
7320,49047
7320,49048
7320,49049
7320,49050
7320,49051
7320,49052
7320,49053
7320,49054
7320,49055
7320,49056
7320,49057
7320,49058
7320,49059
7320,49060
7320,49061
7320,49062
7320,49063
7320,49064
7320,49065
7320,49066
7320,49067
7320,49068
7320,49069
7320,49070
7320,49071
7320,49072
7320,49073
7320,49074
7320,49075
7320,49076
7320,49077
7320,49078
7320,49079
7320,49080
7320,49081
7320,49082
7320,49083
7320,49084
7320,49085
7320,49086
7320,49087
7320,49088
7320,49089
7320,49090
7320,49091
7320,49092
7320,49093
7320,49094
7320,49095
7320,49096
7320,49097
7320,49098
7320,49099
7320,49100
7320,49101
7320,49102
7320,49103
7320,49104
7320,49105
7320,49106
7320,49107
7320,49108
7320,49109
7320,49110
7320,49111
7320,49112
7320,49113
7320,49114
7320,49115
7320,49116
7320,49117
7320,49118
7320,49119
7320,49120
7320,49121
7320,49122
7320,49123
7320,49124
7320,49125
7320,49126
7320,49127
7320,49128
7320,49129
7320,49130
7320,49131
7320,49132
7320,49133
7320,49134
7320,49135
7320,49136
7320,49137
7320,49138
7320,49139
7320,49140
7320,49141
7320,49142
7320,49143
7320,49144
7320,49145
7320,49146
7320,49147
7320,49148
7320,49149
7320,49150
7320,49151
7320,49152
7320,49153
7320,49154
7320,49155
7320,49156
7320,49157
7320,49158
7320,49159
7320,49160
7320,49161
7320,49162
7320,49163
7320,49164
7320,49165
7320,49166
7320,49167
7320,49168
7320,49169
7320,49170
7320,49171
7320,49172
7320,49173
7320,49174
7320,49175
7320,49176
7320,49177
7320,49178
7320,49179
7320,49180
7320,49181
7320,49182
7320,49183
7320,49184
7320,49185
7320,49186
7320,49187
7320,49188
7320,49189
7320,49190
7320,49191
7320,49192
7320,49193
7320,49194
7320,49195
7320,49196
7320,49197
7320,49198
7320,49199
7320,49200
7320,49201
7320,49202
7320,49203
7320,49204
7320,49205
7320,49206
7320,49207
7320,49208
7320,49209
7320,49210
7320,49211
7320,49212
7320,49213
7320,49214
7320,49215
7320,49216
7320,49217
7320,49218
7320,49219
7320,49220
7320,49221
7320,49222
7320,49223
7320,49224
7320,49225
7320,49226
7320,49227
7320,49228
7320,49229
7320,49230
7320,49231
7320,49232
7320,49233
7321,49034
7321,49035
7321,49036
7321,49037
7321,49038
7321,49039
7321,49040
7321,49041
7321,49042
7321,49043
7321,49044
7321,49045
7321,49046
7321,49047
7321,49048
7321,49049
7321,49050
7321,49051
7321,49052
7321,49053
7321,49054
7321,49055
7321,49056
7321,49057
7321,49058
7321,49059
7321,49060
7321,49061
7321,49062
7321,49063
7321,49064
7321,49065
7321,49066
7321,49067
7321,49068
7321,49069
7321,49070
7321,49071
7321,49072
7321,49073
7321,49074
7321,49075
7321,49076
7321,49077
7321,49078
7321,49079
7321,49080
7321,49081
7321,49082
7321,49083
7321,49084
7321,49085
7321,49086
7321,49087
7321,49088
7321,49089
7321,49090
7321,49091
7321,49092
7321,49093
7321,49094
7321,49095
7321,49096
7321,49097
7321,49098
7321,49099
7321,49100
7321,49101
7321,49102
7321,49103
7321,49104
7321,49105
7321,49106
7321,49107
7321,49108
7321,49109
7321,49110
7321,49111
7321,49112
7321,49113
7321,49114
7321,49115
7321,49116
7321,49117
7321,49118
7321,49119
7321,49120
7321,49121
7321,49122
7321,49123
7321,49124
7321,49125
7321,49126
7321,49127
7321,49128
7321,49129
7321,49130
7321,49131
7321,49132
7321,49133
7321,49134
7321,49135
7321,49136
7321,49137
7321,49138
7321,49139
7321,49140
7321,49141
7321,49142
7321,49143
7321,49144
7321,49145
7321,49146
7321,49147
7321,49148
7321,49149
7321,49150
7321,49151
7321,49152
7321,49153
7321,49154
7321,49155
7321,49156
7321,49157
7321,49158
7321,49159
7321,49160
7321,49161
7321,49162
7321,49163
7321,49164
7321,49165
7321,49166
7321,49167
7321,49168
7321,49169
7321,49170
7321,49171
7321,49172
7321,49173
7321,49174
7321,49175
7321,49176
7321,49177
7321,49178
7321,49179
7321,49180
7321,49181
7321,49182
7321,49183
7321,49184
7321,49185
7321,49186
7321,49187
7321,49188
7321,49189
7321,49190
7321,49191
7321,49192
7321,49193
7321,49194
7321,49195
7321,49196
7321,49197
7321,49198
7321,49199
7321,49200
7321,49201
7321,49202
7321,49203
7321,49204
7321,49205
7321,49206
7321,49207
7321,49208
7321,49209
7321,49210
7321,49211
7321,49212
7321,49213
7321,49214
7321,49215
7321,49216
7321,49217
7321,49218
7321,49219
7321,49220
7321,49221
7321,49222
7321,49223
7321,49224
7321,49225
7321,49226
7321,49227
7321,49228
7321,49229
7321,49230
7321,49231
7321,49232
7321,49233
7321,49234
7322,49036
7322,49037
7322,49038
7322,49039
7322,49040
7322,49041
7322,49042
7322,49043
7322,49044
7322,49045
7322,49046
7322,49047
7322,49048
7322,49049
7322,49050
7322,49051
7322,49052
7322,49053
7322,49054
7322,49055
7322,49056
7322,49057
7322,49058
7322,49059
7322,49060
7322,49061
7322,49062
7322,49063
7322,49064
7322,49065
7322,49066
7322,49067
7322,49068
7322,49069
7322,49070
7322,49071
7322,49072
7322,49073
7322,49074
7322,49075
7322,49076
7322,49077
7322,49078
7322,49079
7322,49080
7322,49081
7322,49082
7322,49083
7322,49084
7322,49085
7322,49086
7322,49087
7322,49088
7322,49089
7322,49090
7322,49091
7322,49092
7322,49093
7322,49094
7322,49095
7322,49096
7322,49097
7322,49098
7322,49099
7322,49100
7322,49101
7322,49102
7322,49103
7322,49104
7322,49105
7322,49106
7322,49107
7322,49108
7322,49109
7322,49110
7322,49111
7322,49112
7322,49113
7322,49114
7322,49115
7322,49116
7322,49117
7322,49118
7322,49119
7322,49120
7322,49121
7322,49122
7322,49123
7322,49124
7322,49125
7322,49126
7322,49127
7322,49128
7322,49129
7322,49130
7322,49131
7322,49132
7322,49133
7322,49134
7322,49135
7322,49136
7322,49137
7322,49138
7322,49139
7322,49140
7322,49141
7322,49142
7322,49143
7322,49144
7322,49145
7322,49146
7322,49147
7322,49148
7322,49149
7322,49150
7322,49151
7322,49152
7322,49153
7322,49154
7322,49155
7322,49156
7322,49157
7322,49158
7322,49159
7322,49160
7322,49161
7322,49162
7322,49163
7322,49164
7322,49165
7322,49166
7322,49167
7322,49168
7322,49169
7322,49170
7322,49171
7322,49172
7322,49173
7322,49174
7322,49175
7322,49176
7322,49177
7322,49178
7322,49179
7322,49180
7322,49181
7322,49182
7322,49183
7322,49184
7322,49185
7322,49186
7322,49187
7322,49188
7322,49189
7322,49190
7322,49191
7322,49192
7322,49193
7322,49194
7322,49195
7322,49196
7322,49197
7322,49198
7322,49199
7322,49200
7322,49201
7322,49202
7322,49203
7322,49204
7322,49205
7322,49206
7322,49207
7322,49208
7322,49209
7322,49210
7322,49211
7322,49212
7322,49213
7322,49214
7322,49215
7322,49216
7322,49217
7322,49218
7322,49219
7322,49220
7322,49221
7322,49222
7322,49223
7322,49224
7322,49225
7322,49226
7322,49227
7322,49228
7322,49229
7322,49230
7322,49231
7322,49232
7322,49233
7323,49036
7323,49037
7323,49038
7323,49039
7323,49040
7323,49041
7323,49042
7323,49043
7323,49044
7323,49045
7323,49046
7323,49047
7323,49048
7323,49049
7323,49050
7323,49051
7323,49052
7323,49053
7323,49054
7323,49055
7323,49056
7323,49057
7323,49058
7323,49059
7323,49060
7323,49061
7323,49062
7323,49063
7323,49064
7323,49065
7323,49066
7323,49067
7323,49068
7323,49069
7323,49070
7323,49071
7323,49072
7323,49073
7323,49074
7323,49075
7323,49076
7323,49077
7323,49078
7323,49079
7323,49080
7323,49081
7323,49082
7323,49083
7323,49084
7323,49085
7323,49086
7323,49087
7323,49088
7323,49089
7323,49090
7323,49091
7323,49092
7323,49093
7323,49094
7323,49095
7323,49096
7323,49097
7323,49098
7323,49099
7323,49100
7323,49101
7323,49102
7323,49103
7323,49104
7323,49105
7323,49106
7323,49107
7323,49108
7323,49109
7323,49110
7323,49111
7323,49112
7323,49113
7323,49114
7323,49115
7323,49116
7323,49117
7323,49118
7323,49119
7323,49120
7323,49121
7323,49122
7323,49123
7323,49124
7323,49125
7323,49126
7323,49127
7323,49128
7323,49129
7323,49130
7323,49131
7323,49132
7323,49133
7323,49134
7323,49135
7323,49136
7323,49137
7323,49138
7323,49139
7323,49140
7323,49141
7323,49142
7323,49143
7323,49144
7323,49145
7323,49146
7323,49147
7323,49148
7323,49149
7323,49150
7323,49151
7323,49152
7323,49153
7323,49154
7323,49155
7323,49156
7323,49157
7323,49158
7323,49159
7323,49160
7323,49161
7323,49162
7323,49163
7323,49164
7323,49165
7323,49166
7323,49167
7323,49168
7323,49169
7323,49170
7323,49171
7323,49172
7323,49173
7323,49174
7323,49175
7323,49176
7323,49177
7323,49178
7323,49179
7323,49180
7323,49181
7323,49182
7323,49183
7323,49184
7323,49185
7323,49186
7323,49187
7323,49188
7323,49189
7323,49190
7323,49191
7323,49192
7323,49193
7323,49194
7323,49195
7323,49196
7323,49197
7323,49198
7323,49199
7323,49200
7323,49201
7323,49202
7323,49203
7323,49204
7323,49205
7323,49206
7323,49207
7323,49208
7323,49209
7323,49210
7323,49211
7323,49212
7323,49213
7323,49214
7323,49215
7323,49216
7323,49217
7323,49218
7323,49219
7323,49220
7323,49221
7323,49222
7323,49223
7323,49224
7323,49225
7323,49226
7323,49227
7323,49228
7323,49229
7323,49230
7323,49231
7323,49232
7323,49233
7324,49037
7324,49038
7324,49039
7324,49040
7324,49041
7324,49042
7324,49043
7324,49044
7324,49045
7324,49046
7324,49047
7324,49048
7324,49049
7324,49050
7324,49051
7324,49052
7324,49053
7324,49054
7324,49055
7324,49056
7324,49057
7324,49058
7324,49059
7324,49060
7324,49061
7324,49062
7324,49063
7324,49064
7324,49065
7324,49066
7324,49067
7324,49068
7324,49069
7324,49070
7324,49071
7324,49072
7324,49073
7324,49074
7324,49075
7324,49076
7324,49077
7324,49078
7324,49079
7324,49080
7324,49081
7324,49082
7324,49083
7324,49084
7324,49085
7324,49086
7324,49087
7324,49088
7324,49089
7324,49090
7324,49091
7324,49092
7324,49093
7324,49094
7324,49095
7324,49096
7324,49097
7324,49098
7324,49099
7324,49100
7324,49101
7324,49102
7324,49103
7324,49104
7324,49105
7324,49106
7324,49107
7324,49108
7324,49109
7324,49110
7324,49111
7324,49112
7324,49113
7324,49114
7324,49115
7324,49116
7324,49117
7324,49118
7324,49119
7324,49120
7324,49121
7324,49122
7324,49123
7324,49124
7324,49125
7324,49126
7324,49127
7324,49128
7324,49129
7324,49130
7324,49131
7324,49132
7324,49133
7324,49134
7324,49135
7324,49136
7324,49137
7324,49138
7324,49139
7324,49140
7324,49141
7324,49142
7324,49143
7324,49144
7324,49145
7324,49146
7324,49147
7324,49148
7324,49149
7324,49150
7324,49151
7324,49152
7324,49153
7324,49154
7324,49155
7324,49156
7324,49157
7324,49158
7324,49159
7324,49160
7324,49161
7324,49162
7324,49163
7324,49164
7324,49165
7324,49166
7324,49167
7324,49168
7324,49169
7324,49170
7324,49171
7324,49172
7324,49173
7324,49174
7324,49175
7324,49176
7324,49177
7324,49178
7324,49179
7324,49180
7324,49181
7324,49182
7324,49183
7324,49184
7324,49185
7324,49186
7324,49187
7324,49188
7324,49189
7324,49190
7324,49191
7324,49192
7324,49193
7324,49194
7324,49195
7324,49196
7324,49197
7324,49198
7324,49199
7324,49200
7324,49201
7324,49202
7324,49203
7324,49204
7324,49205
7324,49206
7324,49207
7324,49208
7324,49209
7324,49210
7324,49211
7324,49212
7324,49213
7324,49214
7324,49215
7324,49216
7324,49217
7324,49218
7324,49219
7324,49220
7324,49221
7324,49222
7324,49223
7324,49224
7324,49225
7324,49226
7324,49227
7324,49228
7324,49229
7324,49230
7324,49231
7324,49232
7324,49233
7325,49037
7325,49038
7325,49039
7325,49040
7325,49041
7325,49042
7325,49043
7325,49044
7325,49045
7325,49046
7325,49047
7325,49048
7325,49049
7325,49050
7325,49051
7325,49052
7325,49053
7325,49054
7325,49055
7325,49056
7325,49057
7325,49058
7325,49059
7325,49060
7325,49061
7325,49062
7325,49063
7325,49064
7325,49065
7325,49066
7325,49067
7325,49068
7325,49069
7325,49070
7325,49071
7325,49072
7325,49073
7325,49074
7325,49075
7325,49076
7325,49077
7325,49078
7325,49079
7325,49080
7325,49081
7325,49082
7325,49083
7325,49084
7325,49085
7325,49086
7325,49087
7325,49088
7325,49089
7325,49090
7325,49091
7325,49092
7325,49093
7325,49094
7325,49095
7325,49096
7325,49097
7325,49098
7325,49099
7325,49100
7325,49101
7325,49102
7325,49103
7325,49104
7325,49105
7325,49106
7325,49107
7325,49108
7325,49109
7325,49110
7325,49111
7325,49112
7325,49113
7325,49114
7325,49115
7325,49116
7325,49117
7325,49118
7325,49119
7325,49120
7325,49121
7325,49122
7325,49123
7325,49124
7325,49125
7325,49126
7325,49127
7325,49128
7325,49129
7325,49130
7325,49131
7325,49132
7325,49133
7325,49134
7325,49135
7325,49136
7325,49137
7325,49138
7325,49139
7325,49140
7325,49141
7325,49142
7325,49143
7325,49144
7325,49145
7325,49146
7325,49147
7325,49148
7325,49149
7325,49150
7325,49151
7325,49152
7325,49153
7325,49154
7325,49155
7325,49156
7325,49157
7325,49158
7325,49159
7325,49160
7325,49161
7325,49162
7325,49163
7325,49164
7325,49165
7325,49166
7325,49167
7325,49168
7325,49169
7325,49170
7325,49171
7325,49172
7325,49173
7325,49174
7325,49175
7325,49176
7325,49177
7325,49178
7325,49179
7325,49180
7325,49181
7325,49182
7325,49183
7325,49184
7325,49185
7325,49186
7325,49187
7325,49188
7325,49189
7325,49190
7325,49191
7325,49192
7325,49193
7325,49194
7325,49195
7325,49196
7325,49197
7325,49198
7325,49199
7325,49200
7325,49201
7325,49202
7325,49203
7325,49204
7325,49205
7325,49206
7325,49207
7325,49208
7325,49209
7325,49210
7325,49211
7325,49212
7325,49213
7325,49214
7325,49215
7325,49216
7325,49217
7325,49218
7325,49219
7325,49220
7325,49221
7325,49222
7325,49223
7325,49224
7325,49225
7325,49226
7325,49227
7325,49228
7325,49229
7325,49230
7325,49231
7325,49232
7325,49233
7326,49037
7326,49038
7326,49039
7326,49040
7326,49041
7326,49042
7326,49043
7326,49044
7326,49045
7326,49046
7326,49047
7326,49048
7326,49049
7326,49050
7326,49051
7326,49052
7326,49053
7326,49054
7326,49055
7326,49056
7326,49057
7326,49058
7326,49059
7326,49060
7326,49061
7326,49062
7326,49063
7326,49064
7326,49065
7326,49066
7326,49067
7326,49068
7326,49069
7326,49070
7326,49071
7326,49072
7326,49073
7326,49074
7326,49075
7326,49076
7326,49077
7326,49078
7326,49079
7326,49080
7326,49081
7326,49082
7326,49083
7326,49084
7326,49085
7326,49086
7326,49087
7326,49088
7326,49089
7326,49090
7326,49091
7326,49092
7326,49093
7326,49094
7326,49095
7326,49096
7326,49097
7326,49098
7326,49099
7326,49100
7326,49101
7326,49102
7326,49103
7326,49104
7326,49105
7326,49106
7326,49107
7326,49108
7326,49109
7326,49110
7326,49111
7326,49112
7326,49113
7326,49114
7326,49115
7326,49116
7326,49117
7326,49118
7326,49119
7326,49120
7326,49121
7326,49122
7326,49123
7326,49124
7326,49125
7326,49126
7326,49127
7326,49128
7326,49129
7326,49130
7326,49131
7326,49132
7326,49133
7326,49134
7326,49135
7326,49136
7326,49137
7326,49138
7326,49139
7326,49140
7326,49141
7326,49142
7326,49143
7326,49144
7326,49145
7326,49146
7326,49147
7326,49148
7326,49149
7326,49150
7326,49151
7326,49152
7326,49153
7326,49154
7326,49155
7326,49156
7326,49157
7326,49158
7326,49159
7326,49160
7326,49161
7326,49162
7326,49163
7326,49164
7326,49165
7326,49166
7326,49167
7326,49168
7326,49169
7326,49170
7326,49171
7326,49172
7326,49173
7326,49174
7326,49175
7326,49176
7326,49177
7326,49178
7326,49179
7326,49180
7326,49181
7326,49182
7326,49183
7326,49184
7326,49185
7326,49186
7326,49187
7326,49188
7326,49189
7326,49190
7326,49191
7326,49192
7326,49193
7326,49194
7326,49195
7326,49196
7326,49197
7326,49198
7326,49199
7326,49200
7326,49201
7326,49202
7326,49203
7326,49204
7326,49205
7326,49206
7326,49207
7326,49208
7326,49209
7326,49210
7326,49211
7326,49212
7326,49213
7326,49214
7326,49215
7326,49216
7326,49217
7326,49218
7326,49219
7326,49220
7326,49221
7326,49222
7326,49223
7326,49224
7326,49225
7326,49226
7326,49227
7326,49228
7326,49229
7326,49230
7326,49231
7326,49232
7326,49233
7327,49037
7327,49038
7327,49039
7327,49040
7327,49041
7327,49042
7327,49043
7327,49044
7327,49045
7327,49046
7327,49047
7327,49048
7327,49049
7327,49050
7327,49051
7327,49052
7327,49053
7327,49054
7327,49055
7327,49056
7327,49057
7327,49058
7327,49059
7327,49060
7327,49061
7327,49062
7327,49063
7327,49064
7327,49065
7327,49066
7327,49067
7327,49068
7327,49069
7327,49070
7327,49071
7327,49072
7327,49073
7327,49074
7327,49075
7327,49076
7327,49077
7327,49078
7327,49079
7327,49080
7327,49081
7327,49082
7327,49083
7327,49084
7327,49085
7327,49086
7327,49087
7327,49088
7327,49089
7327,49090
7327,49091
7327,49092
7327,49093
7327,49094
7327,49095
7327,49096
7327,49097
7327,49098
7327,49099
7327,49100
7327,49101
7327,49102
7327,49103
7327,49104
7327,49105
7327,49106
7327,49107
7327,49108
7327,49109
7327,49110
7327,49111
7327,49112
7327,49113
7327,49114
7327,49115
7327,49116
7327,49117
7327,49118
7327,49119
7327,49120
7327,49121
7327,49122
7327,49123
7327,49124
7327,49125
7327,49126
7327,49127
7327,49128
7327,49129
7327,49130
7327,49131
7327,49132
7327,49133
7327,49134
7327,49135
7327,49136
7327,49137
7327,49138
7327,49139
7327,49140
7327,49141
7327,49142
7327,49143
7327,49144
7327,49145
7327,49146
7327,49147
7327,49148
7327,49149
7327,49150
7327,49151
7327,49152
7327,49153
7327,49154
7327,49155
7327,49156
7327,49157
7327,49158
7327,49159
7327,49160
7327,49161
7327,49162
7327,49163
7327,49164
7327,49165
7327,49166
7327,49167
7327,49168
7327,49169
7327,49170
7327,49171
7327,49172
7327,49173
7327,49174
7327,49175
7327,49176
7327,49177
7327,49178
7327,49179
7327,49180
7327,49181
7327,49182
7327,49183
7327,49184
7327,49185
7327,49186
7327,49187
7327,49188
7327,49189
7327,49190
7327,49191
7327,49192
7327,49193
7327,49194
7327,49195
7327,49196
7327,49197
7327,49198
7327,49199
7327,49200
7327,49201
7327,49202
7327,49203
7327,49204
7327,49205
7327,49206
7327,49207
7327,49208
7327,49209
7327,49210
7327,49211
7327,49212
7327,49213
7327,49214
7327,49215
7327,49216
7327,49217
7327,49218
7327,49219
7327,49220
7327,49221
7327,49222
7327,49223
7327,49224
7327,49225
7327,49226
7327,49227
7327,49228
7327,49229
7327,49230
7327,49231
7327,49232
7327,49233
7328,49036
7328,49037
7328,49038
7328,49039
7328,49040
7328,49041
7328,49042
7328,49043
7328,49044
7328,49045
7328,49046
7328,49047
7328,49048
7328,49049
7328,49050
7328,49051
7328,49052
7328,49053
7328,49054
7328,49055
7328,49056
7328,49057
7328,49058
7328,49059
7328,49060
7328,49061
7328,49062
7328,49063
7328,49064
7328,49065
7328,49066
7328,49067
7328,49068
7328,49069
7328,49070
7328,49071
7328,49072
7328,49073
7328,49074
7328,49075
7328,49076
7328,49077
7328,49078
7328,49079
7328,49080
7328,49081
7328,49082
7328,49083
7328,49084
7328,49085
7328,49086
7328,49087
7328,49088
7328,49089
7328,49090
7328,49091
7328,49092
7328,49093
7328,49094
7328,49095
7328,49096
7328,49097
7328,49098
7328,49099
7328,49100
7328,49101
7328,49102
7328,49103
7328,49104
7328,49105
7328,49106
7328,49107
7328,49108
7328,49109
7328,49110
7328,49111
7328,49112
7328,49113
7328,49114
7328,49115
7328,49116
7328,49117
7328,49118
7328,49119
7328,49120
7328,49121
7328,49122
7328,49123
7328,49124
7328,49125
7328,49126
7328,49127
7328,49128
7328,49129
7328,49130
7328,49131
7328,49132
7328,49133
7328,49134
7328,49135
7328,49136
7328,49137
7328,49138
7328,49139
7328,49140
7328,49141
7328,49142
7328,49143
7328,49144
7328,49145
7328,49146
7328,49147
7328,49148
7328,49149
7328,49150
7328,49151
7328,49152
7328,49153
7328,49154
7328,49155
7328,49156
7328,49157
7328,49158
7328,49159
7328,49160
7328,49161
7328,49162
7328,49163
7328,49164
7328,49165
7328,49166
7328,49167
7328,49168
7328,49169
7328,49170
7328,49171
7328,49172
7328,49173
7328,49174
7328,49175
7328,49176
7328,49177
7328,49178
7328,49179
7328,49180
7328,49181
7328,49182
7328,49183
7328,49184
7328,49185
7328,49186
7328,49187
7328,49188
7328,49189
7328,49190
7328,49191
7328,49192
7328,49193
7328,49194
7328,49195
7328,49196
7328,49197
7328,49198
7328,49199
7328,49200
7328,49201
7328,49202
7328,49203
7328,49204
7328,49205
7328,49206
7328,49207
7328,49208
7328,49209
7328,49210
7328,49211
7328,49212
7328,49213
7328,49214
7328,49215
7328,49216
7328,49217
7328,49218
7328,49219
7328,49220
7328,49221
7328,49222
7328,49223
7328,49224
7328,49225
7328,49226
7328,49227
7328,49228
7328,49229
7328,49230
7328,49231
7328,49232
7328,49233
7329,49037
7329,49038
7329,49039
7329,49040
7329,49041
7329,49042
7329,49043
7329,49044
7329,49045
7329,49046
7329,49047
7329,49048
7329,49049
7329,49050
7329,49051
7329,49052
7329,49053
7329,49054
7329,49055
7329,49056
7329,49057
7329,49058
7329,49059
7329,49060
7329,49061
7329,49062
7329,49063
7329,49064
7329,49065
7329,49066
7329,49067
7329,49068
7329,49069
7329,49070
7329,49071
7329,49072
7329,49073
7329,49074
7329,49075
7329,49076
7329,49077
7329,49078
7329,49079
7329,49080
7329,49081
7329,49082
7329,49083
7329,49084
7329,49085
7329,49086
7329,49087
7329,49088
7329,49089
7329,49090
7329,49091
7329,49092
7329,49093
7329,49094
7329,49095
7329,49096
7329,49097
7329,49098
7329,49099
7329,49100
7329,49101
7329,49102
7329,49103
7329,49104
7329,49105
7329,49106
7329,49107
7329,49108
7329,49109
7329,49110
7329,49111
7329,49112
7329,49113
7329,49114
7329,49115
7329,49116
7329,49117
7329,49118
7329,49119
7329,49120
7329,49121
7329,49122
7329,49123
7329,49124
7329,49125
7329,49126
7329,49127
7329,49128
7329,49129
7329,49130
7329,49131
7329,49132
7329,49133
7329,49134
7329,49135
7329,49136
7329,49137
7329,49138
7329,49139
7329,49140
7329,49141
7329,49142
7329,49143
7329,49144
7329,49145
7329,49146
7329,49147
7329,49148
7329,49149
7329,49150
7329,49151
7329,49152
7329,49153
7329,49154
7329,49155
7329,49156
7329,49157
7329,49158
7329,49159
7329,49160
7329,49161
7329,49162
7329,49163
7329,49164
7329,49165
7329,49166
7329,49167
7329,49168
7329,49169
7329,49170
7329,49171
7329,49172
7329,49173
7329,49174
7329,49175
7329,49176
7329,49177
7329,49178
7329,49179
7329,49180
7329,49181
7329,49182
7329,49183
7329,49184
7329,49185
7329,49186
7329,49187
7329,49188
7329,49189
7329,49190
7329,49191
7329,49192
7329,49193
7329,49194
7329,49195
7329,49196
7329,49197
7329,49198
7329,49199
7329,49200
7329,49201
7329,49202
7329,49203
7329,49204
7329,49205
7329,49206
7329,49207
7329,49208
7329,49209
7329,49210
7329,49211
7329,49212
7329,49213
7329,49214
7329,49215
7329,49216
7329,49217
7329,49218
7329,49219
7329,49220
7329,49221
7329,49222
7329,49223
7329,49224
7329,49225
7329,49226
7329,49227
7329,49228
7329,49229
7329,49230
7329,49231
7329,49232
7330,49037
7330,49038
7330,49039
7330,49040
7330,49041
7330,49042
7330,49043
7330,49044
7330,49045
7330,49046
7330,49047
7330,49048
7330,49049
7330,49050
7330,49051
7330,49052
7330,49053
7330,49054
7330,49055
7330,49056
7330,49057
7330,49058
7330,49059
7330,49060
7330,49061
7330,49062
7330,49063
7330,49064
7330,49065
7330,49066
7330,49067
7330,49068
7330,49069
7330,49070
7330,49071
7330,49072
7330,49073
7330,49074
7330,49075
7330,49076
7330,49077
7330,49078
7330,49079
7330,49080
7330,49081
7330,49082
7330,49083
7330,49084
7330,49085
7330,49086
7330,49087
7330,49088
7330,49089
7330,49090
7330,49091
7330,49092
7330,49093
7330,49094
7330,49095
7330,49096
7330,49097
7330,49098
7330,49099
7330,49100
7330,49101
7330,49102
7330,49103
7330,49104
7330,49105
7330,49106
7330,49107
7330,49108
7330,49109
7330,49110
7330,49111
7330,49112
7330,49113
7330,49114
7330,49115
7330,49116
7330,49117
7330,49118
7330,49119
7330,49120
7330,49121
7330,49122
7330,49123
7330,49124
7330,49125
7330,49126
7330,49127
7330,49128
7330,49129
7330,49130
7330,49131
7330,49132
7330,49133
7330,49134
7330,49135
7330,49136
7330,49137
7330,49138
7330,49139
7330,49140
7330,49141
7330,49142
7330,49143
7330,49144
7330,49145
7330,49146
7330,49147
7330,49148
7330,49149
7330,49150
7330,49151
7330,49152
7330,49153
7330,49154
7330,49155
7330,49156
7330,49157
7330,49158
7330,49159
7330,49160
7330,49161
7330,49162
7330,49163
7330,49164
7330,49165
7330,49166
7330,49167
7330,49168
7330,49169
7330,49170
7330,49171
7330,49172
7330,49173
7330,49174
7330,49175
7330,49176
7330,49177
7330,49178
7330,49179
7330,49180
7330,49181
7330,49182
7330,49183
7330,49184
7330,49185
7330,49186
7330,49187
7330,49188
7330,49189
7330,49190
7330,49191
7330,49192
7330,49193
7330,49194
7330,49195
7330,49196
7330,49197
7330,49198
7330,49199
7330,49200
7330,49201
7330,49202
7330,49203
7330,49204
7330,49205
7330,49206
7330,49207
7330,49208
7330,49209
7330,49210
7330,49211
7330,49212
7330,49213
7330,49214
7330,49215
7330,49216
7330,49217
7330,49218
7330,49219
7330,49220
7330,49221
7330,49222
7330,49223
7330,49224
7330,49225
7330,49226
7330,49227
7330,49228
7330,49229
7330,49230
7330,49231
7330,49232
7331,49037
7331,49038
7331,49039
7331,49040
7331,49041
7331,49042
7331,49043
7331,49044
7331,49045
7331,49046
7331,49047
7331,49048
7331,49049
7331,49050
7331,49051
7331,49052
7331,49053
7331,49054
7331,49055
7331,49056
7331,49057
7331,49058
7331,49059
7331,49060
7331,49061
7331,49062
7331,49063
7331,49064
7331,49065
7331,49066
7331,49067
7331,49068
7331,49069
7331,49070
7331,49071
7331,49072
7331,49073
7331,49074
7331,49075
7331,49076
7331,49077
7331,49078
7331,49079
7331,49080
7331,49081
7331,49082
7331,49083
7331,49084
7331,49085
7331,49086
7331,49087
7331,49088
7331,49089
7331,49090
7331,49091
7331,49092
7331,49093
7331,49094
7331,49095
7331,49096
7331,49097
7331,49098
7331,49099
7331,49100
7331,49101
7331,49102
7331,49103
7331,49104
7331,49105
7331,49106
7331,49107
7331,49108
7331,49109
7331,49110
7331,49111
7331,49112
7331,49113
7331,49114
7331,49115
7331,49116
7331,49117
7331,49118
7331,49119
7331,49120
7331,49121
7331,49122
7331,49123
7331,49124
7331,49125
7331,49126
7331,49127
7331,49128
7331,49129
7331,49130
7331,49131
7331,49132
7331,49133
7331,49134
7331,49135
7331,49136
7331,49137
7331,49138
7331,49139
7331,49140
7331,49141
7331,49142
7331,49143
7331,49144
7331,49145
7331,49146
7331,49147
7331,49148
7331,49149
7331,49150
7331,49151
7331,49152
7331,49153
7331,49154
7331,49155
7331,49156
7331,49157
7331,49158
7331,49159
7331,49160
7331,49161
7331,49162
7331,49163
7331,49164
7331,49165
7331,49166
7331,49167
7331,49168
7331,49169
7331,49170
7331,49171
7331,49172
7331,49173
7331,49174
7331,49175
7331,49176
7331,49177
7331,49178
7331,49179
7331,49180
7331,49181
7331,49182
7331,49183
7331,49184
7331,49185
7331,49186
7331,49187
7331,49188
7331,49189
7331,49190
7331,49191
7331,49192
7331,49193
7331,49194
7331,49195
7331,49196
7331,49197
7331,49198
7331,49199
7331,49200
7331,49201
7331,49202
7331,49203
7331,49204
7331,49205
7331,49206
7331,49207
7331,49208
7331,49209
7331,49210
7331,49211
7331,49212
7331,49213
7331,49214
7331,49215
7331,49216
7331,49217
7331,49218
7331,49219
7331,49220
7331,49221
7331,49222
7331,49223
7331,49224
7331,49225
7331,49226
7331,49227
7331,49228
7331,49229
7331,49230
7331,49231
7331,49232
7332,49038
7332,49039
7332,49040
7332,49041
7332,49042
7332,49043
7332,49044
7332,49045
7332,49046
7332,49047
7332,49048
7332,49049
7332,49050
7332,49051
7332,49052
7332,49053
7332,49054
7332,49055
7332,49056
7332,49057
7332,49058
7332,49059
7332,49060
7332,49061
7332,49062
7332,49063
7332,49064
7332,49065
7332,49066
7332,49067
7332,49068
7332,49069
7332,49070
7332,49071
7332,49072
7332,49073
7332,49074
7332,49075
7332,49076
7332,49077
7332,49078
7332,49079
7332,49080
7332,49081
7332,49082
7332,49083
7332,49084
7332,49085
7332,49086
7332,49087
7332,49088
7332,49089
7332,49090
7332,49091
7332,49092
7332,49093
7332,49094
7332,49095
7332,49096
7332,49097
7332,49098
7332,49099
7332,49100
7332,49101
7332,49102
7332,49103
7332,49104
7332,49105
7332,49106
7332,49107
7332,49108
7332,49109
7332,49110
7332,49111
7332,49112
7332,49113
7332,49114
7332,49115
7332,49116
7332,49117
7332,49118
7332,49119
7332,49120
7332,49121
7332,49122
7332,49123
7332,49124
7332,49125
7332,49126
7332,49127
7332,49128
7332,49129
7332,49130
7332,49131
7332,49132
7332,49133
7332,49134
7332,49135
7332,49136
7332,49137
7332,49138
7332,49139
7332,49140
7332,49141
7332,49142
7332,49143
7332,49144
7332,49145
7332,49146
7332,49147
7332,49148
7332,49149
7332,49150
7332,49151
7332,49152
7332,49153
7332,49154
7332,49155
7332,49156
7332,49157
7332,49158
7332,49159
7332,49160
7332,49161
7332,49162
7332,49163
7332,49164
7332,49165
7332,49166
7332,49167
7332,49168
7332,49169
7332,49170
7332,49171
7332,49172
7332,49173
7332,49174
7332,49175
7332,49176
7332,49177
7332,49178
7332,49179
7332,49180
7332,49181
7332,49182
7332,49183
7332,49184
7332,49185
7332,49186
7332,49187
7332,49188
7332,49189
7332,49190
7332,49191
7332,49192
7332,49193
7332,49194
7332,49195
7332,49196
7332,49197
7332,49198
7332,49199
7332,49200
7332,49201
7332,49202
7332,49203
7332,49204
7332,49205
7332,49206
7332,49207
7332,49208
7332,49209
7332,49210
7332,49211
7332,49212
7332,49213
7332,49214
7332,49215
7332,49216
7332,49217
7332,49218
7332,49219
7332,49220
7332,49221
7332,49222
7332,49223
7332,49224
7332,49225
7332,49226
7332,49227
7332,49228
7332,49229
7332,49230
7332,49231
7332,49232
7332,49233
7332,49234
7333,49034
7333,49035
7333,49038
7333,49039
7333,49040
7333,49041
7333,49042
7333,49043
7333,49044
7333,49045
7333,49046
7333,49047
7333,49048
7333,49049
7333,49050
7333,49051
7333,49052
7333,49053
7333,49054
7333,49055
7333,49056
7333,49057
7333,49058
7333,49059
7333,49060
7333,49061
7333,49062
7333,49063
7333,49064
7333,49065
7333,49066
7333,49067
7333,49068
7333,49069
7333,49070
7333,49071
7333,49072
7333,49073
7333,49074
7333,49075
7333,49076
7333,49077
7333,49078
7333,49079
7333,49080
7333,49081
7333,49082
7333,49083
7333,49084
7333,49085
7333,49086
7333,49087
7333,49088
7333,49089
7333,49090
7333,49091
7333,49092
7333,49093
7333,49094
7333,49095
7333,49096
7333,49097
7333,49098
7333,49099
7333,49100
7333,49101
7333,49102
7333,49103
7333,49104
7333,49105
7333,49106
7333,49107
7333,49108
7333,49109
7333,49110
7333,49111
7333,49112
7333,49113
7333,49114
7333,49115
7333,49116
7333,49117
7333,49118
7333,49119
7333,49120
7333,49121
7333,49122
7333,49123
7333,49124
7333,49125
7333,49126
7333,49127
7333,49128
7333,49129
7333,49130
7333,49131
7333,49132
7333,49133
7333,49134
7333,49135
7333,49136
7333,49137
7333,49138
7333,49139
7333,49140
7333,49141
7333,49142
7333,49143
7333,49144
7333,49145
7333,49146
7333,49147
7333,49148
7333,49149
7333,49150
7333,49151
7333,49152
7333,49153
7333,49154
7333,49155
7333,49156
7333,49157
7333,49158
7333,49159
7333,49160
7333,49161
7333,49162
7333,49163
7333,49164
7333,49165
7333,49166
7333,49167
7333,49168
7333,49169
7333,49170
7333,49171
7333,49172
7333,49173
7333,49174
7333,49175
7333,49176
7333,49177
7333,49178
7333,49179
7333,49180
7333,49181
7333,49182
7333,49183
7333,49184
7333,49185
7333,49186
7333,49187
7333,49188
7333,49189
7333,49190
7333,49191
7333,49192
7333,49193
7333,49194
7333,49195
7333,49196
7333,49197
7333,49198
7333,49199
7333,49200
7333,49201
7333,49202
7333,49203
7333,49204
7333,49205
7333,49206
7333,49207
7333,49208
7333,49209
7333,49210
7333,49211
7333,49212
7333,49213
7333,49214
7333,49215
7333,49216
7333,49217
7333,49218
7333,49219
7333,49220
7333,49221
7333,49222
7333,49223
7333,49224
7333,49225
7333,49226
7333,49227
7333,49228
7333,49229
7333,49230
7333,49231
7333,49232
7333,49233
7333,49234
7333,49235
7333,49236
7333,49237
7334,49032
7334,49033
7334,49034
7334,49035
7334,49036
7334,49037
7334,49038
7334,49039
7334,49040
7334,49041
7334,49042
7334,49043
7334,49044
7334,49045
7334,49046
7334,49047
7334,49048
7334,49049
7334,49050
7334,49051
7334,49052
7334,49053
7334,49054
7334,49055
7334,49056
7334,49057
7334,49058
7334,49059
7334,49060
7334,49061
7334,49062
7334,49063
7334,49064
7334,49065
7334,49066
7334,49067
7334,49068
7334,49069
7334,49070
7334,49071
7334,49072
7334,49073
7334,49074
7334,49075
7334,49076
7334,49077
7334,49078
7334,49079
7334,49080
7334,49081
7334,49082
7334,49083
7334,49084
7334,49085
7334,49086
7334,49087
7334,49088
7334,49089
7334,49090
7334,49091
7334,49092
7334,49093
7334,49094
7334,49095
7334,49096
7334,49097
7334,49098
7334,49099
7334,49100
7334,49101
7334,49102
7334,49103
7334,49104
7334,49105
7334,49106
7334,49107
7334,49108
7334,49109
7334,49110
7334,49111
7334,49112
7334,49113
7334,49114
7334,49115
7334,49116
7334,49117
7334,49118
7334,49119
7334,49120
7334,49121
7334,49122
7334,49123
7334,49124
7334,49125
7334,49126
7334,49127
7334,49128
7334,49129
7334,49130
7334,49131
7334,49132
7334,49133
7334,49134
7334,49135
7334,49136
7334,49137
7334,49138
7334,49139
7334,49140
7334,49141
7334,49142
7334,49143
7334,49144
7334,49145
7334,49146
7334,49147
7334,49148
7334,49149
7334,49150
7334,49151
7334,49152
7334,49153
7334,49154
7334,49155
7334,49156
7334,49157
7334,49158
7334,49159
7334,49160
7334,49161
7334,49162
7334,49163
7334,49164
7334,49165
7334,49166
7334,49167
7334,49168
7334,49169
7334,49170
7334,49171
7334,49172
7334,49173
7334,49174
7334,49175
7334,49176
7334,49177
7334,49178
7334,49179
7334,49180
7334,49181
7334,49182
7334,49183
7334,49184
7334,49185
7334,49186
7334,49187
7334,49188
7334,49189
7334,49190
7334,49191
7334,49192
7334,49193
7334,49194
7334,49195
7334,49196
7334,49197
7334,49198
7334,49199
7334,49200
7334,49201
7334,49202
7334,49203
7334,49204
7334,49205
7334,49206
7334,49207
7334,49208
7334,49209
7334,49210
7334,49211
7334,49212
7334,49213
7334,49214
7334,49215
7334,49216
7334,49217
7334,49218
7334,49219
7334,49220
7334,49221
7334,49222
7334,49223
7334,49224
7334,49225
7334,49226
7334,49227
7334,49228
7334,49229
7334,49230
7334,49231
7334,49232
7334,49233
7334,49234
7334,49235
7334,49236
7334,49237
7334,49238
7335,49031
7335,49032
7335,49033
7335,49034
7335,49035
7335,49036
7335,49037
7335,49038
7335,49039
7335,49040
7335,49041
7335,49042
7335,49043
7335,49044
7335,49045
7335,49046
7335,49047
7335,49048
7335,49049
7335,49050
7335,49051
7335,49052
7335,49053
7335,49054
7335,49055
7335,49056
7335,49057
7335,49058
7335,49059
7335,49060
7335,49061
7335,49062
7335,49063
7335,49064
7335,49065
7335,49066
7335,49067
7335,49068
7335,49069
7335,49070
7335,49071
7335,49072
7335,49073
7335,49074
7335,49075
7335,49076
7335,49077
7335,49078
7335,49079
7335,49080
7335,49081
7335,49082
7335,49083
7335,49084
7335,49085
7335,49086
7335,49087
7335,49088
7335,49089
7335,49090
7335,49091
7335,49092
7335,49093
7335,49094
7335,49095
7335,49096
7335,49097
7335,49098
7335,49099
7335,49100
7335,49101
7335,49102
7335,49103
7335,49104
7335,49105
7335,49106
7335,49107
7335,49108
7335,49109
7335,49110
7335,49111
7335,49112
7335,49113
7335,49114
7335,49115
7335,49116
7335,49117
7335,49118
7335,49119
7335,49120
7335,49121
7335,49122
7335,49123
7335,49124
7335,49125
7335,49126
7335,49127
7335,49128
7335,49129
7335,49130
7335,49131
7335,49132
7335,49133
7335,49134
7335,49135
7335,49136
7335,49137
7335,49138
7335,49139
7335,49140
7335,49141
7335,49142
7335,49143
7335,49144
7335,49145
7335,49146
7335,49147
7335,49148
7335,49149
7335,49150
7335,49151
7335,49152
7335,49153
7335,49154
7335,49155
7335,49156
7335,49157
7335,49158
7335,49159
7335,49160
7335,49161
7335,49162
7335,49163
7335,49164
7335,49165
7335,49166
7335,49167
7335,49168
7335,49169
7335,49170
7335,49171
7335,49172
7335,49173
7335,49174
7335,49175
7335,49176
7335,49177
7335,49178
7335,49179
7335,49180
7335,49181
7335,49182
7335,49183
7335,49184
7335,49185
7335,49186
7335,49187
7335,49188
7335,49189
7335,49190
7335,49191
7335,49192
7335,49193
7335,49194
7335,49195
7335,49196
7335,49197
7335,49198
7335,49199
7335,49200
7335,49201
7335,49202
7335,49203
7335,49204
7335,49205
7335,49206
7335,49207
7335,49208
7335,49209
7335,49210
7335,49211
7335,49212
7335,49213
7335,49214
7335,49215
7335,49216
7335,49217
7335,49218
7335,49219
7335,49220
7335,49221
7335,49222
7335,49223
7335,49224
7335,49225
7335,49226
7335,49227
7335,49228
7335,49229
7335,49230
7335,49231
7335,49232
7335,49233
7335,49234
7335,49235
7335,49236
7335,49237
7335,49238
7335,49239
7336,49030
7336,49031
7336,49032
7336,49033
7336,49034
7336,49035
7336,49036
7336,49037
7336,49038
7336,49039
7336,49040
7336,49041
7336,49042
7336,49043
7336,49044
7336,49045
7336,49046
7336,49047
7336,49048
7336,49049
7336,49050
7336,49051
7336,49052
7336,49053
7336,49054
7336,49055
7336,49056
7336,49057
7336,49058
7336,49059
7336,49060
7336,49061
7336,49062
7336,49063
7336,49064
7336,49065
7336,49066
7336,49067
7336,49068
7336,49069
7336,49070
7336,49071
7336,49072
7336,49073
7336,49074
7336,49075
7336,49076
7336,49077
7336,49078
7336,49079
7336,49080
7336,49081
7336,49082
7336,49083
7336,49084
7336,49085
7336,49086
7336,49087
7336,49088
7336,49089
7336,49090
7336,49091
7336,49092
7336,49093
7336,49094
7336,49095
7336,49096
7336,49097
7336,49098
7336,49099
7336,49100
7336,49101
7336,49102
7336,49103
7336,49104
7336,49105
7336,49106
7336,49107
7336,49108
7336,49109
7336,49110
7336,49111
7336,49112
7336,49113
7336,49114
7336,49115
7336,49116
7336,49117
7336,49118
7336,49119
7336,49120
7336,49121
7336,49122
7336,49123
7336,49124
7336,49125
7336,49126
7336,49127
7336,49128
7336,49129
7336,49130
7336,49131
7336,49132
7336,49133
7336,49134
7336,49135
7336,49136
7336,49137
7336,49138
7336,49139
7336,49140
7336,49141
7336,49142
7336,49143
7336,49144
7336,49145
7336,49146
7336,49147
7336,49148
7336,49149
7336,49150
7336,49151
7336,49152
7336,49153
7336,49154
7336,49155
7336,49156
7336,49157
7336,49158
7336,49159
7336,49160
7336,49161
7336,49162
7336,49163
7336,49164
7336,49165
7336,49166
7336,49167
7336,49168
7336,49169
7336,49170
7336,49171
7336,49172
7336,49173
7336,49174
7336,49175
7336,49176
7336,49177
7336,49178
7336,49179
7336,49180
7336,49181
7336,49182
7336,49183
7336,49184
7336,49185
7336,49186
7336,49187
7336,49188
7336,49189
7336,49190
7336,49191
7336,49192
7336,49193
7336,49194
7336,49195
7336,49196
7336,49197
7336,49198
7336,49199
7336,49200
7336,49201
7336,49202
7336,49203
7336,49204
7336,49205
7336,49206
7336,49207
7336,49208
7336,49209
7336,49210
7336,49211
7336,49212
7336,49213
7336,49214
7336,49215
7336,49216
7336,49217
7336,49218
7336,49219
7336,49220
7336,49221
7336,49222
7336,49223
7336,49224
7336,49225
7336,49226
7336,49227
7336,49228
7336,49229
7336,49230
7336,49231
7336,49232
7336,49233
7336,49234
7336,49235
7336,49236
7336,49237
7336,49238
7336,49239
7337,49030
7337,49031
7337,49032
7337,49033
7337,49034
7337,49035
7337,49036
7337,49037
7337,49038
7337,49039
7337,49040
7337,49041
7337,49042
7337,49043
7337,49044
7337,49045
7337,49046
7337,49047
7337,49048
7337,49049
7337,49050
7337,49051
7337,49052
7337,49053
7337,49054
7337,49055
7337,49056
7337,49057
7337,49058
7337,49059
7337,49060
7337,49061
7337,49062
7337,49063
7337,49064
7337,49065
7337,49066
7337,49067
7337,49068
7337,49069
7337,49070
7337,49071
7337,49072
7337,49073
7337,49074
7337,49075
7337,49076
7337,49077
7337,49078
7337,49079
7337,49080
7337,49081
7337,49082
7337,49083
7337,49084
7337,49085
7337,49086
7337,49087
7337,49088
7337,49089
7337,49090
7337,49091
7337,49092
7337,49093
7337,49094
7337,49095
7337,49096
7337,49097
7337,49098
7337,49099
7337,49100
7337,49101
7337,49102
7337,49103
7337,49104
7337,49105
7337,49106
7337,49107
7337,49108
7337,49109
7337,49110
7337,49111
7337,49112
7337,49113
7337,49114
7337,49115
7337,49116
7337,49117
7337,49118
7337,49119
7337,49120
7337,49121
7337,49122
7337,49123
7337,49124
7337,49125
7337,49126
7337,49127
7337,49128
7337,49129
7337,49130
7337,49131
7337,49132
7337,49133
7337,49134
7337,49135
7337,49136
7337,49137
7337,49138
7337,49139
7337,49140
7337,49141
7337,49142
7337,49143
7337,49144
7337,49145
7337,49146
7337,49147
7337,49148
7337,49149
7337,49150
7337,49151
7337,49152
7337,49153
7337,49154
7337,49155
7337,49156
7337,49157
7337,49158
7337,49159
7337,49160
7337,49161
7337,49162
7337,49163
7337,49164
7337,49165
7337,49166
7337,49167
7337,49168
7337,49169
7337,49170
7337,49171
7337,49172
7337,49173
7337,49174
7337,49175
7337,49176
7337,49177
7337,49178
7337,49179
7337,49180
7337,49181
7337,49182
7337,49183
7337,49184
7337,49185
7337,49186
7337,49187
7337,49188
7337,49189
7337,49190
7337,49191
7337,49192
7337,49193
7337,49194
7337,49195
7337,49196
7337,49197
7337,49198
7337,49199
7337,49200
7337,49201
7337,49202
7337,49203
7337,49204
7337,49205
7337,49206
7337,49207
7337,49208
7337,49209
7337,49210
7337,49211
7337,49212
7337,49213
7337,49214
7337,49215
7337,49216
7337,49217
7337,49218
7337,49219
7337,49220
7337,49221
7337,49222
7337,49223
7337,49224
7337,49225
7337,49226
7337,49227
7337,49228
7337,49229
7337,49230
7337,49231
7337,49232
7337,49233
7337,49234
7337,49235
7337,49236
7337,49237
7337,49238
7337,49239
7338,49029
7338,49030
7338,49031
7338,49032
7338,49033
7338,49034
7338,49035
7338,49036
7338,49037
7338,49038
7338,49039
7338,49040
7338,49041
7338,49042
7338,49043
7338,49044
7338,49045
7338,49046
7338,49047
7338,49048
7338,49049
7338,49050
7338,49051
7338,49052
7338,49053
7338,49054
7338,49055
7338,49056
7338,49057
7338,49058
7338,49059
7338,49060
7338,49061
7338,49062
7338,49063
7338,49064
7338,49065
7338,49066
7338,49067
7338,49068
7338,49069
7338,49070
7338,49071
7338,49072
7338,49073
7338,49074
7338,49075
7338,49076
7338,49077
7338,49078
7338,49079
7338,49080
7338,49081
7338,49082
7338,49083
7338,49084
7338,49085
7338,49086
7338,49087
7338,49088
7338,49089
7338,49090
7338,49091
7338,49092
7338,49093
7338,49094
7338,49095
7338,49096
7338,49097
7338,49098
7338,49099
7338,49100
7338,49101
7338,49102
7338,49103
7338,49104
7338,49105
7338,49106
7338,49107
7338,49108
7338,49109
7338,49110
7338,49111
7338,49112
7338,49113
7338,49114
7338,49115
7338,49116
7338,49117
7338,49118
7338,49119
7338,49120
7338,49121
7338,49122
7338,49123
7338,49124
7338,49125
7338,49126
7338,49127
7338,49128
7338,49129
7338,49130
7338,49131
7338,49132
7338,49133
7338,49134
7338,49135
7338,49136
7338,49137
7338,49138
7338,49139
7338,49140
7338,49141
7338,49142
7338,49143
7338,49144
7338,49145
7338,49146
7338,49147
7338,49148
7338,49149
7338,49150
7338,49151
7338,49152
7338,49153
7338,49154
7338,49155
7338,49156
7338,49157
7338,49158
7338,49159
7338,49160
7338,49161
7338,49162
7338,49163
7338,49164
7338,49165
7338,49166
7338,49167
7338,49168
7338,49169
7338,49170
7338,49171
7338,49172
7338,49173
7338,49174
7338,49175
7338,49176
7338,49177
7338,49178
7338,49179
7338,49180
7338,49181
7338,49182
7338,49183
7338,49184
7338,49185
7338,49186
7338,49187
7338,49188
7338,49189
7338,49190
7338,49191
7338,49192
7338,49193
7338,49194
7338,49195
7338,49196
7338,49197
7338,49198
7338,49199
7338,49200
7338,49201
7338,49202
7338,49203
7338,49204
7338,49205
7338,49206
7338,49207
7338,49208
7338,49209
7338,49210
7338,49211
7338,49212
7338,49213
7338,49214
7338,49215
7338,49216
7338,49217
7338,49218
7338,49219
7338,49220
7338,49221
7338,49222
7338,49223
7338,49224
7338,49225
7338,49226
7338,49227
7338,49228
7338,49229
7338,49230
7338,49231
7338,49232
7338,49233
7338,49234
7338,49235
7338,49236
7338,49237
7338,49238
7338,49239
7338,49240
7339,49030
7339,49031
7339,49032
7339,49033
7339,49034
7339,49035
7339,49036
7339,49037
7339,49038
7339,49039
7339,49040
7339,49041
7339,49042
7339,49043
7339,49044
7339,49045
7339,49046
7339,49047
7339,49048
7339,49049
7339,49050
7339,49051
7339,49052
7339,49053
7339,49054
7339,49055
7339,49056
7339,49057
7339,49058
7339,49059
7339,49060
7339,49061
7339,49062
7339,49063
7339,49064
7339,49065
7339,49066
7339,49067
7339,49068
7339,49069
7339,49070
7339,49071
7339,49072
7339,49073
7339,49074
7339,49075
7339,49076
7339,49077
7339,49078
7339,49079
7339,49080
7339,49081
7339,49082
7339,49083
7339,49084
7339,49085
7339,49086
7339,49087
7339,49088
7339,49089
7339,49090
7339,49091
7339,49092
7339,49093
7339,49094
7339,49095
7339,49096
7339,49097
7339,49098
7339,49099
7339,49100
7339,49101
7339,49102
7339,49103
7339,49104
7339,49105
7339,49106
7339,49107
7339,49108
7339,49109
7339,49110
7339,49111
7339,49112
7339,49113
7339,49114
7339,49115
7339,49116
7339,49117
7339,49118
7339,49119
7339,49120
7339,49121
7339,49122
7339,49123
7339,49124
7339,49125
7339,49126
7339,49127
7339,49128
7339,49129
7339,49130
7339,49131
7339,49132
7339,49133
7339,49134
7339,49135
7339,49136
7339,49137
7339,49138
7339,49139
7339,49140
7339,49141
7339,49142
7339,49143
7339,49144
7339,49145
7339,49146
7339,49147
7339,49148
7339,49149
7339,49150
7339,49151
7339,49152
7339,49153
7339,49154
7339,49155
7339,49156
7339,49157
7339,49158
7339,49159
7339,49160
7339,49161
7339,49162
7339,49163
7339,49164
7339,49165
7339,49166
7339,49167
7339,49168
7339,49169
7339,49170
7339,49171
7339,49172
7339,49173
7339,49174
7339,49175
7339,49176
7339,49177
7339,49178
7339,49179
7339,49180
7339,49181
7339,49182
7339,49183
7339,49184
7339,49185
7339,49186
7339,49187
7339,49188
7339,49189
7339,49190
7339,49191
7339,49192
7339,49193
7339,49194
7339,49195
7339,49196
7339,49197
7339,49198
7339,49199
7339,49200
7339,49201
7339,49202
7339,49203
7339,49204
7339,49205
7339,49206
7339,49207
7339,49208
7339,49209
7339,49210
7339,49211
7339,49212
7339,49213
7339,49214
7339,49215
7339,49216
7339,49217
7339,49218
7339,49219
7339,49220
7339,49221
7339,49222
7339,49223
7339,49224
7339,49225
7339,49226
7339,49227
7339,49228
7339,49229
7339,49230
7339,49231
7339,49232
7339,49233
7339,49234
7339,49235
7339,49236
7339,49237
7339,49238
7339,49239
7339,49240
7340,49030
7340,49031
7340,49032
7340,49033
7340,49034
7340,49035
7340,49036
7340,49037
7340,49038
7340,49039
7340,49040
7340,49041
7340,49042
7340,49043
7340,49044
7340,49045
7340,49046
7340,49047
7340,49048
7340,49049
7340,49050
7340,49051
7340,49052
7340,49053
7340,49054
7340,49055
7340,49056
7340,49057
7340,49058
7340,49059
7340,49060
7340,49061
7340,49062
7340,49063
7340,49064
7340,49065
7340,49066
7340,49067
7340,49068
7340,49069
7340,49070
7340,49071
7340,49072
7340,49073
7340,49074
7340,49075
7340,49076
7340,49077
7340,49078
7340,49079
7340,49080
7340,49081
7340,49082
7340,49083
7340,49084
7340,49085
7340,49086
7340,49087
7340,49088
7340,49089
7340,49090
7340,49091
7340,49092
7340,49093
7340,49094
7340,49095
7340,49096
7340,49097
7340,49098
7340,49099
7340,49100
7340,49101
7340,49102
7340,49103
7340,49104
7340,49105
7340,49106
7340,49107
7340,49108
7340,49109
7340,49110
7340,49111
7340,49112
7340,49113
7340,49114
7340,49115
7340,49116
7340,49117
7340,49118
7340,49119
7340,49120
7340,49121
7340,49122
7340,49123
7340,49124
7340,49125
7340,49126
7340,49127
7340,49128
7340,49129
7340,49130
7340,49131
7340,49132
7340,49133
7340,49134
7340,49135
7340,49136
7340,49137
7340,49138
7340,49139
7340,49140
7340,49141
7340,49142
7340,49143
7340,49144
7340,49145
7340,49146
7340,49147
7340,49148
7340,49149
7340,49150
7340,49151
7340,49152
7340,49153
7340,49154
7340,49155
7340,49156
7340,49157
7340,49158
7340,49159
7340,49160
7340,49161
7340,49162
7340,49163
7340,49164
7340,49165
7340,49166
7340,49167
7340,49168
7340,49169
7340,49170
7340,49171
7340,49172
7340,49173
7340,49174
7340,49175
7340,49176
7340,49177
7340,49178
7340,49179
7340,49180
7340,49181
7340,49182
7340,49183
7340,49184
7340,49185
7340,49186
7340,49187
7340,49188
7340,49189
7340,49190
7340,49191
7340,49192
7340,49193
7340,49194
7340,49195
7340,49196
7340,49197
7340,49198
7340,49199
7340,49200
7340,49201
7340,49202
7340,49203
7340,49204
7340,49205
7340,49206
7340,49207
7340,49208
7340,49209
7340,49210
7340,49211
7340,49212
7340,49213
7340,49214
7340,49215
7340,49216
7340,49217
7340,49218
7340,49219
7340,49220
7340,49221
7340,49222
7340,49223
7340,49224
7340,49225
7340,49226
7340,49227
7340,49228
7340,49229
7340,49230
7340,49231
7340,49232
7340,49233
7340,49234
7340,49235
7340,49236
7340,49237
7340,49238
7340,49239
7340,49240
7341,49030
7341,49031
7341,49032
7341,49033
7341,49034
7341,49035
7341,49036
7341,49037
7341,49038
7341,49039
7341,49040
7341,49041
7341,49042
7341,49043
7341,49044
7341,49045
7341,49046
7341,49047
7341,49048
7341,49049
7341,49050
7341,49051
7341,49052
7341,49053
7341,49054
7341,49055
7341,49056
7341,49057
7341,49058
7341,49059
7341,49060
7341,49061
7341,49062
7341,49063
7341,49064
7341,49065
7341,49066
7341,49067
7341,49068
7341,49069
7341,49070
7341,49071
7341,49072
7341,49073
7341,49074
7341,49075
7341,49076
7341,49077
7341,49078
7341,49079
7341,49080
7341,49081
7341,49082
7341,49083
7341,49084
7341,49085
7341,49086
7341,49087
7341,49088
7341,49089
7341,49090
7341,49091
7341,49092
7341,49093
7341,49094
7341,49095
7341,49096
7341,49097
7341,49098
7341,49099
7341,49100
7341,49101
7341,49102
7341,49103
7341,49104
7341,49105
7341,49106
7341,49107
7341,49108
7341,49109
7341,49110
7341,49111
7341,49112
7341,49113
7341,49114
7341,49115
7341,49116
7341,49117
7341,49118
7341,49119
7341,49120
7341,49121
7341,49122
7341,49123
7341,49124
7341,49125
7341,49126
7341,49127
7341,49128
7341,49129
7341,49130
7341,49131
7341,49132
7341,49133
7341,49134
7341,49135
7341,49136
7341,49137
7341,49138
7341,49139
7341,49140
7341,49141
7341,49142
7341,49143
7341,49144
7341,49145
7341,49146
7341,49147
7341,49148
7341,49149
7341,49150
7341,49151
7341,49152
7341,49153
7341,49154
7341,49155
7341,49156
7341,49157
7341,49158
7341,49159
7341,49160
7341,49161
7341,49162
7341,49163
7341,49164
7341,49165
7341,49166
7341,49167
7341,49168
7341,49169
7341,49170
7341,49171
7341,49172
7341,49173
7341,49174
7341,49175
7341,49176
7341,49177
7341,49178
7341,49179
7341,49180
7341,49181
7341,49182
7341,49183
7341,49184
7341,49185
7341,49186
7341,49187
7341,49188
7341,49189
7341,49190
7341,49191
7341,49192
7341,49193
7341,49194
7341,49195
7341,49196
7341,49197
7341,49198
7341,49199
7341,49200
7341,49201
7341,49202
7341,49203
7341,49204
7341,49205
7341,49206
7341,49207
7341,49208
7341,49209
7341,49210
7341,49211
7341,49212
7341,49213
7341,49214
7341,49215
7341,49216
7341,49217
7341,49218
7341,49219
7341,49220
7341,49221
7341,49222
7341,49223
7341,49224
7341,49225
7341,49226
7341,49227
7341,49228
7341,49229
7341,49230
7341,49231
7341,49232
7341,49233
7341,49234
7341,49235
7341,49236
7341,49237
7341,49238
7341,49239
7342,49031
7342,49032
7342,49033
7342,49034
7342,49035
7342,49036
7342,49037
7342,49038
7342,49039
7342,49040
7342,49041
7342,49042
7342,49043
7342,49044
7342,49045
7342,49046
7342,49047
7342,49048
7342,49049
7342,49050
7342,49051
7342,49052
7342,49053
7342,49054
7342,49055
7342,49056
7342,49057
7342,49058
7342,49059
7342,49060
7342,49061
7342,49062
7342,49063
7342,49064
7342,49065
7342,49066
7342,49067
7342,49068
7342,49069
7342,49070
7342,49071
7342,49072
7342,49073
7342,49074
7342,49075
7342,49076
7342,49077
7342,49078
7342,49079
7342,49080
7342,49081
7342,49082
7342,49083
7342,49084
7342,49085
7342,49086
7342,49087
7342,49088
7342,49089
7342,49090
7342,49091
7342,49092
7342,49093
7342,49094
7342,49095
7342,49096
7342,49097
7342,49098
7342,49099
7342,49100
7342,49101
7342,49102
7342,49103
7342,49104
7342,49105
7342,49106
7342,49107
7342,49108
7342,49109
7342,49110
7342,49111
7342,49112
7342,49113
7342,49114
7342,49115
7342,49116
7342,49117
7342,49118
7342,49119
7342,49120
7342,49121
7342,49122
7342,49123
7342,49124
7342,49125
7342,49126
7342,49127
7342,49128
7342,49129
7342,49130
7342,49131
7342,49132
7342,49133
7342,49134
7342,49135
7342,49136
7342,49137
7342,49138
7342,49139
7342,49140
7342,49141
7342,49142
7342,49143
7342,49144
7342,49145
7342,49146
7342,49147
7342,49148
7342,49149
7342,49150
7342,49151
7342,49152
7342,49153
7342,49154
7342,49155
7342,49156
7342,49157
7342,49158
7342,49159
7342,49160
7342,49161
7342,49162
7342,49163
7342,49164
7342,49165
7342,49166
7342,49167
7342,49168
7342,49169
7342,49170
7342,49171
7342,49172
7342,49173
7342,49174
7342,49175
7342,49176
7342,49177
7342,49178
7342,49179
7342,49180
7342,49181
7342,49182
7342,49183
7342,49184
7342,49185
7342,49186
7342,49187
7342,49188
7342,49189
7342,49190
7342,49191
7342,49192
7342,49193
7342,49194
7342,49195
7342,49196
7342,49197
7342,49198
7342,49199
7342,49200
7342,49201
7342,49202
7342,49203
7342,49204
7342,49205
7342,49206
7342,49207
7342,49208
7342,49209
7342,49210
7342,49211
7342,49212
7342,49213
7342,49214
7342,49215
7342,49216
7342,49217
7342,49218
7342,49219
7342,49220
7342,49221
7342,49222
7342,49223
7342,49224
7342,49225
7342,49226
7342,49227
7342,49228
7342,49229
7342,49230
7342,49231
7342,49232
7342,49233
7342,49234
7342,49235
7342,49236
7342,49237
7342,49238
7342,49239
7343,49032
7343,49033
7343,49034
7343,49035
7343,49036
7343,49037
7343,49038
7343,49039
7343,49040
7343,49041
7343,49042
7343,49043
7343,49044
7343,49045
7343,49046
7343,49047
7343,49048
7343,49049
7343,49050
7343,49051
7343,49052
7343,49053
7343,49054
7343,49055
7343,49056
7343,49057
7343,49058
7343,49059
7343,49060
7343,49061
7343,49062
7343,49063
7343,49064
7343,49065
7343,49066
7343,49067
7343,49068
7343,49069
7343,49070
7343,49071
7343,49072
7343,49073
7343,49074
7343,49075
7343,49076
7343,49077
7343,49078
7343,49079
7343,49080
7343,49081
7343,49082
7343,49083
7343,49084
7343,49085
7343,49086
7343,49087
7343,49088
7343,49089
7343,49090
7343,49091
7343,49092
7343,49093
7343,49094
7343,49095
7343,49096
7343,49097
7343,49098
7343,49099
7343,49100
7343,49101
7343,49102
7343,49103
7343,49104
7343,49105
7343,49106
7343,49107
7343,49108
7343,49109
7343,49110
7343,49111
7343,49112
7343,49113
7343,49114
7343,49115
7343,49116
7343,49117
7343,49118
7343,49119
7343,49120
7343,49121
7343,49122
7343,49123
7343,49124
7343,49125
7343,49126
7343,49127
7343,49128
7343,49129
7343,49130
7343,49131
7343,49132
7343,49133
7343,49134
7343,49135
7343,49136
7343,49137
7343,49138
7343,49139
7343,49140
7343,49141
7343,49142
7343,49143
7343,49144
7343,49145
7343,49146
7343,49147
7343,49148
7343,49149
7343,49150
7343,49151
7343,49152
7343,49153
7343,49154
7343,49155
7343,49156
7343,49157
7343,49158
7343,49159
7343,49160
7343,49161
7343,49162
7343,49163
7343,49164
7343,49165
7343,49166
7343,49167
7343,49168
7343,49169
7343,49170
7343,49171
7343,49172
7343,49173
7343,49174
7343,49175
7343,49176
7343,49177
7343,49178
7343,49179
7343,49180
7343,49181
7343,49182
7343,49183
7343,49184
7343,49185
7343,49186
7343,49187
7343,49188
7343,49189
7343,49190
7343,49191
7343,49192
7343,49193
7343,49194
7343,49195
7343,49196
7343,49197
7343,49198
7343,49199
7343,49200
7343,49201
7343,49202
7343,49203
7343,49204
7343,49205
7343,49206
7343,49207
7343,49208
7343,49209
7343,49210
7343,49211
7343,49212
7343,49213
7343,49214
7343,49215
7343,49216
7343,49217
7343,49218
7343,49219
7343,49220
7343,49221
7343,49222
7343,49223
7343,49224
7343,49225
7343,49226
7343,49227
7343,49228
7343,49229
7343,49230
7343,49231
7343,49232
7343,49233
7343,49234
7343,49235
7343,49236
7343,49237
7343,49238
7343,49239
7344,49033
7344,49034
7344,49035
7344,49036
7344,49037
7344,49038
7344,49039
7344,49040
7344,49041
7344,49042
7344,49043
7344,49044
7344,49045
7344,49046
7344,49047
7344,49048
7344,49049
7344,49050
7344,49051
7344,49052
7344,49053
7344,49054
7344,49055
7344,49056
7344,49057
7344,49058
7344,49059
7344,49060
7344,49061
7344,49062
7344,49063
7344,49064
7344,49065
7344,49066
7344,49067
7344,49068
7344,49069
7344,49070
7344,49071
7344,49072
7344,49073
7344,49074
7344,49075
7344,49076
7344,49077
7344,49078
7344,49079
7344,49080
7344,49081
7344,49082
7344,49083
7344,49084
7344,49085
7344,49086
7344,49087
7344,49088
7344,49089
7344,49090
7344,49091
7344,49092
7344,49093
7344,49094
7344,49095
7344,49096
7344,49097
7344,49098
7344,49099
7344,49100
7344,49101
7344,49102
7344,49103
7344,49104
7344,49105
7344,49106
7344,49107
7344,49108
7344,49109
7344,49110
7344,49111
7344,49112
7344,49113
7344,49114
7344,49115
7344,49116
7344,49117
7344,49118
7344,49119
7344,49120
7344,49121
7344,49122
7344,49123
7344,49124
7344,49125
7344,49126
7344,49127
7344,49128
7344,49129
7344,49130
7344,49131
7344,49132
7344,49133
7344,49134
7344,49135
7344,49136
7344,49137
7344,49138
7344,49139
7344,49140
7344,49141
7344,49142
7344,49143
7344,49144
7344,49145
7344,49146
7344,49147
7344,49148
7344,49149
7344,49150
7344,49151
7344,49152
7344,49153
7344,49154
7344,49155
7344,49156
7344,49157
7344,49158
7344,49159
7344,49160
7344,49161
7344,49162
7344,49163
7344,49164
7344,49165
7344,49166
7344,49167
7344,49168
7344,49169
7344,49170
7344,49171
7344,49172
7344,49173
7344,49174
7344,49175
7344,49176
7344,49177
7344,49178
7344,49179
7344,49180
7344,49181
7344,49182
7344,49183
7344,49184
7344,49185
7344,49186
7344,49187
7344,49188
7344,49189
7344,49190
7344,49191
7344,49192
7344,49193
7344,49194
7344,49195
7344,49196
7344,49197
7344,49198
7344,49199
7344,49200
7344,49201
7344,49202
7344,49203
7344,49204
7344,49205
7344,49206
7344,49207
7344,49208
7344,49209
7344,49210
7344,49211
7344,49212
7344,49213
7344,49214
7344,49215
7344,49216
7344,49217
7344,49218
7344,49219
7344,49220
7344,49221
7344,49222
7344,49223
7344,49224
7344,49225
7344,49226
7344,49227
7344,49228
7344,49229
7344,49230
7344,49231
7344,49232
7344,49233
7344,49234
7344,49235
7344,49236
7344,49237
7344,49238
7345,49033
7345,49034
7345,49035
7345,49036
7345,49037
7345,49038
7345,49039
7345,49040
7345,49041
7345,49042
7345,49043
7345,49044
7345,49045
7345,49046
7345,49047
7345,49048
7345,49049
7345,49050
7345,49051
7345,49052
7345,49053
7345,49054
7345,49055
7345,49056
7345,49057
7345,49058
7345,49059
7345,49060
7345,49061
7345,49062
7345,49063
7345,49064
7345,49065
7345,49066
7345,49067
7345,49068
7345,49069
7345,49070
7345,49071
7345,49072
7345,49073
7345,49074
7345,49075
7345,49076
7345,49077
7345,49078
7345,49079
7345,49080
7345,49081
7345,49082
7345,49083
7345,49084
7345,49085
7345,49086
7345,49087
7345,49088
7345,49089
7345,49090
7345,49091
7345,49092
7345,49093
7345,49094
7345,49095
7345,49096
7345,49097
7345,49098
7345,49099
7345,49100
7345,49101
7345,49102
7345,49103
7345,49104
7345,49105
7345,49106
7345,49107
7345,49108
7345,49109
7345,49110
7345,49111
7345,49112
7345,49113
7345,49114
7345,49115
7345,49116
7345,49117
7345,49118
7345,49119
7345,49120
7345,49121
7345,49122
7345,49123
7345,49124
7345,49125
7345,49126
7345,49127
7345,49128
7345,49129
7345,49130
7345,49131
7345,49132
7345,49133
7345,49134
7345,49135
7345,49136
7345,49137
7345,49138
7345,49139
7345,49140
7345,49141
7345,49142
7345,49143
7345,49144
7345,49145
7345,49146
7345,49147
7345,49148
7345,49149
7345,49150
7345,49151
7345,49152
7345,49153
7345,49154
7345,49155
7345,49156
7345,49157
7345,49158
7345,49159
7345,49160
7345,49161
7345,49162
7345,49163
7345,49164
7345,49165
7345,49166
7345,49167
7345,49168
7345,49169
7345,49170
7345,49171
7345,49172
7345,49173
7345,49174
7345,49175
7345,49176
7345,49177
7345,49178
7345,49179
7345,49180
7345,49181
7345,49182
7345,49183
7345,49184
7345,49185
7345,49186
7345,49187
7345,49188
7345,49189
7345,49190
7345,49191
7345,49192
7345,49193
7345,49194
7345,49195
7345,49196
7345,49197
7345,49198
7345,49199
7345,49200
7345,49201
7345,49202
7345,49203
7345,49204
7345,49205
7345,49206
7345,49207
7345,49208
7345,49209
7345,49210
7345,49211
7345,49212
7345,49213
7345,49214
7345,49215
7345,49216
7345,49217
7345,49218
7345,49219
7345,49220
7345,49221
7345,49222
7345,49223
7345,49224
7345,49225
7345,49226
7345,49227
7345,49228
7345,49229
7345,49230
7345,49231
7345,49232
7345,49233
7345,49234
7345,49235
7345,49236
7345,49237
7345,49238
7345,49239
7346,49032
7346,49033
7346,49034
7346,49035
7346,49036
7346,49037
7346,49038
7346,49039
7346,49040
7346,49041
7346,49042
7346,49043
7346,49044
7346,49045
7346,49046
7346,49047
7346,49048
7346,49049
7346,49050
7346,49051
7346,49052
7346,49053
7346,49054
7346,49055
7346,49056
7346,49057
7346,49058
7346,49059
7346,49060
7346,49061
7346,49062
7346,49063
7346,49064
7346,49065
7346,49066
7346,49067
7346,49068
7346,49069
7346,49070
7346,49071
7346,49072
7346,49073
7346,49074
7346,49075
7346,49076
7346,49077
7346,49078
7346,49079
7346,49080
7346,49081
7346,49082
7346,49083
7346,49084
7346,49085
7346,49086
7346,49087
7346,49088
7346,49089
7346,49090
7346,49091
7346,49092
7346,49093
7346,49094
7346,49095
7346,49096
7346,49097
7346,49098
7346,49099
7346,49100
7346,49101
7346,49102
7346,49103
7346,49104
7346,49105
7346,49106
7346,49107
7346,49108
7346,49109
7346,49110
7346,49111
7346,49112
7346,49113
7346,49114
7346,49115
7346,49116
7346,49117
7346,49118
7346,49119
7346,49120
7346,49121
7346,49122
7346,49123
7346,49124
7346,49125
7346,49126
7346,49127
7346,49128
7346,49129
7346,49130
7346,49131
7346,49132
7346,49133
7346,49134
7346,49135
7346,49136
7346,49137
7346,49138
7346,49139
7346,49140
7346,49141
7346,49142
7346,49143
7346,49144
7346,49145
7346,49146
7346,49147
7346,49148
7346,49149
7346,49150
7346,49151
7346,49152
7346,49153
7346,49154
7346,49155
7346,49156
7346,49157
7346,49158
7346,49159
7346,49160
7346,49161
7346,49162
7346,49163
7346,49164
7346,49165
7346,49166
7346,49167
7346,49168
7346,49169
7346,49170
7346,49171
7346,49172
7346,49173
7346,49174
7346,49175
7346,49176
7346,49177
7346,49178
7346,49179
7346,49180
7346,49181
7346,49182
7346,49183
7346,49184
7346,49185
7346,49186
7346,49187
7346,49188
7346,49189
7346,49190
7346,49191
7346,49192
7346,49193
7346,49194
7346,49195
7346,49196
7346,49197
7346,49198
7346,49199
7346,49200
7346,49201
7346,49202
7346,49203
7346,49204
7346,49205
7346,49206
7346,49207
7346,49208
7346,49209
7346,49210
7346,49211
7346,49212
7346,49213
7346,49214
7346,49215
7346,49216
7346,49217
7346,49218
7346,49219
7346,49220
7346,49221
7346,49222
7346,49223
7346,49224
7346,49225
7346,49226
7346,49227
7346,49228
7346,49229
7346,49230
7346,49231
7346,49232
7346,49233
7346,49234
7346,49235
7346,49236
7346,49237
7346,49238
7346,49239
7347,49033
7347,49034
7347,49035
7347,49036
7347,49037
7347,49038
7347,49039
7347,49040
7347,49041
7347,49042
7347,49043
7347,49044
7347,49045
7347,49046
7347,49047
7347,49048
7347,49049
7347,49050
7347,49051
7347,49052
7347,49053
7347,49054
7347,49055
7347,49056
7347,49057
7347,49058
7347,49059
7347,49060
7347,49061
7347,49062
7347,49063
7347,49064
7347,49065
7347,49066
7347,49067
7347,49068
7347,49069
7347,49070
7347,49071
7347,49072
7347,49073
7347,49074
7347,49075
7347,49076
7347,49077
7347,49078
7347,49079
7347,49080
7347,49081
7347,49082
7347,49083
7347,49084
7347,49085
7347,49086
7347,49087
7347,49088
7347,49089
7347,49090
7347,49091
7347,49092
7347,49093
7347,49094
7347,49095
7347,49096
7347,49097
7347,49098
7347,49099
7347,49100
7347,49101
7347,49102
7347,49103
7347,49104
7347,49105
7347,49106
7347,49107
7347,49108
7347,49109
7347,49110
7347,49111
7347,49112
7347,49113
7347,49114
7347,49115
7347,49116
7347,49117
7347,49118
7347,49119
7347,49120
7347,49121
7347,49122
7347,49123
7347,49124
7347,49125
7347,49126
7347,49127
7347,49128
7347,49129
7347,49130
7347,49131
7347,49132
7347,49133
7347,49134
7347,49135
7347,49136
7347,49137
7347,49138
7347,49139
7347,49140
7347,49141
7347,49142
7347,49143
7347,49144
7347,49145
7347,49146
7347,49147
7347,49148
7347,49149
7347,49150
7347,49151
7347,49152
7347,49153
7347,49154
7347,49155
7347,49156
7347,49157
7347,49158
7347,49159
7347,49160
7347,49161
7347,49162
7347,49163
7347,49164
7347,49165
7347,49166
7347,49167
7347,49168
7347,49169
7347,49170
7347,49171
7347,49172
7347,49173
7347,49174
7347,49175
7347,49176
7347,49177
7347,49178
7347,49179
7347,49180
7347,49181
7347,49182
7347,49183
7347,49184
7347,49185
7347,49186
7347,49187
7347,49188
7347,49189
7347,49190
7347,49191
7347,49192
7347,49193
7347,49194
7347,49195
7347,49196
7347,49197
7347,49198
7347,49199
7347,49200
7347,49201
7347,49202
7347,49203
7347,49204
7347,49205
7347,49206
7347,49207
7347,49208
7347,49209
7347,49210
7347,49211
7347,49212
7347,49213
7347,49214
7347,49215
7347,49216
7347,49217
7347,49218
7347,49219
7347,49220
7347,49221
7347,49222
7347,49223
7347,49224
7347,49225
7347,49226
7347,49227
7347,49228
7347,49229
7347,49230
7347,49231
7347,49232
7347,49233
7347,49234
7347,49235
7347,49236
7347,49237
7347,49238
7347,49239
7348,49033
7348,49034
7348,49035
7348,49036
7348,49037
7348,49038
7348,49039
7348,49040
7348,49041
7348,49042
7348,49043
7348,49044
7348,49045
7348,49046
7348,49047
7348,49048
7348,49049
7348,49050
7348,49051
7348,49052
7348,49053
7348,49054
7348,49055
7348,49056
7348,49057
7348,49058
7348,49059
7348,49060
7348,49061
7348,49062
7348,49063
7348,49064
7348,49065
7348,49066
7348,49067
7348,49068
7348,49069
7348,49070
7348,49071
7348,49072
7348,49073
7348,49074
7348,49075
7348,49076
7348,49077
7348,49078
7348,49079
7348,49080
7348,49081
7348,49082
7348,49083
7348,49084
7348,49085
7348,49086
7348,49087
7348,49088
7348,49089
7348,49090
7348,49091
7348,49092
7348,49093
7348,49094
7348,49095
7348,49096
7348,49097
7348,49098
7348,49099
7348,49100
7348,49101
7348,49102
7348,49103
7348,49104
7348,49105
7348,49106
7348,49107
7348,49108
7348,49109
7348,49110
7348,49111
7348,49112
7348,49113
7348,49114
7348,49115
7348,49116
7348,49117
7348,49118
7348,49119
7348,49120
7348,49121
7348,49122
7348,49123
7348,49124
7348,49125
7348,49126
7348,49127
7348,49128
7348,49129
7348,49130
7348,49131
7348,49132
7348,49133
7348,49134
7348,49135
7348,49136
7348,49137
7348,49138
7348,49139
7348,49140
7348,49141
7348,49142
7348,49143
7348,49144
7348,49145
7348,49146
7348,49147
7348,49148
7348,49149
7348,49150
7348,49151
7348,49152
7348,49153
7348,49154
7348,49155
7348,49156
7348,49157
7348,49158
7348,49159
7348,49160
7348,49161
7348,49162
7348,49163
7348,49164
7348,49165
7348,49166
7348,49167
7348,49168
7348,49169
7348,49170
7348,49171
7348,49172
7348,49173
7348,49174
7348,49175
7348,49176
7348,49177
7348,49178
7348,49179
7348,49180
7348,49181
7348,49182
7348,49183
7348,49184
7348,49185
7348,49186
7348,49187
7348,49188
7348,49189
7348,49190
7348,49191
7348,49192
7348,49193
7348,49194
7348,49195
7348,49196
7348,49197
7348,49198
7348,49199
7348,49200
7348,49201
7348,49202
7348,49203
7348,49204
7348,49205
7348,49206
7348,49207
7348,49208
7348,49209
7348,49210
7348,49211
7348,49212
7348,49213
7348,49214
7348,49215
7348,49216
7348,49217
7348,49218
7348,49219
7348,49220
7348,49221
7348,49222
7348,49223
7348,49224
7348,49225
7348,49226
7348,49227
7348,49228
7348,49229
7348,49230
7348,49231
7348,49232
7348,49233
7348,49234
7348,49235
7348,49236
7348,49237
7348,49238
7348,49239
7349,49034
7349,49035
7349,49036
7349,49037
7349,49038
7349,49039
7349,49040
7349,49041
7349,49042
7349,49043
7349,49044
7349,49045
7349,49046
7349,49047
7349,49048
7349,49049
7349,49050
7349,49051
7349,49052
7349,49053
7349,49054
7349,49055
7349,49056
7349,49057
7349,49058
7349,49059
7349,49060
7349,49061
7349,49062
7349,49063
7349,49064
7349,49065
7349,49066
7349,49067
7349,49068
7349,49069
7349,49070
7349,49071
7349,49072
7349,49073
7349,49074
7349,49075
7349,49076
7349,49077
7349,49078
7349,49079
7349,49080
7349,49081
7349,49082
7349,49083
7349,49084
7349,49085
7349,49086
7349,49087
7349,49088
7349,49089
7349,49090
7349,49091
7349,49092
7349,49093
7349,49094
7349,49095
7349,49096
7349,49097
7349,49098
7349,49099
7349,49100
7349,49101
7349,49102
7349,49103
7349,49104
7349,49105
7349,49106
7349,49107
7349,49108
7349,49109
7349,49110
7349,49111
7349,49112
7349,49113
7349,49114
7349,49115
7349,49116
7349,49117
7349,49118
7349,49119
7349,49120
7349,49121
7349,49122
7349,49123
7349,49124
7349,49125
7349,49126
7349,49127
7349,49128
7349,49129
7349,49130
7349,49131
7349,49132
7349,49133
7349,49134
7349,49135
7349,49136
7349,49137
7349,49138
7349,49139
7349,49140
7349,49141
7349,49142
7349,49143
7349,49144
7349,49145
7349,49146
7349,49147
7349,49148
7349,49149
7349,49150
7349,49151
7349,49152
7349,49153
7349,49154
7349,49155
7349,49156
7349,49157
7349,49158
7349,49159
7349,49160
7349,49161
7349,49162
7349,49163
7349,49164
7349,49165
7349,49166
7349,49167
7349,49168
7349,49169
7349,49170
7349,49171
7349,49172
7349,49173
7349,49174
7349,49175
7349,49176
7349,49177
7349,49178
7349,49179
7349,49180
7349,49181
7349,49182
7349,49183
7349,49184
7349,49185
7349,49186
7349,49187
7349,49188
7349,49189
7349,49190
7349,49191
7349,49192
7349,49193
7349,49194
7349,49195
7349,49196
7349,49197
7349,49198
7349,49199
7349,49200
7349,49201
7349,49202
7349,49203
7349,49204
7349,49205
7349,49206
7349,49207
7349,49208
7349,49209
7349,49210
7349,49211
7349,49212
7349,49213
7349,49214
7349,49215
7349,49216
7349,49217
7349,49218
7349,49219
7349,49220
7349,49221
7349,49222
7349,49223
7349,49224
7349,49225
7349,49226
7349,49227
7349,49228
7349,49229
7349,49230
7349,49231
7349,49232
7349,49233
7349,49234
7349,49235
7349,49236
7349,49237
7349,49238
7349,49239
7350,49035
7350,49036
7350,49037
7350,49038
7350,49039
7350,49040
7350,49041
7350,49042
7350,49043
7350,49044
7350,49045
7350,49046
7350,49047
7350,49048
7350,49049
7350,49050
7350,49051
7350,49052
7350,49053
7350,49054
7350,49055
7350,49056
7350,49057
7350,49058
7350,49059
7350,49060
7350,49061
7350,49062
7350,49063
7350,49064
7350,49065
7350,49066
7350,49067
7350,49068
7350,49069
7350,49070
7350,49071
7350,49072
7350,49073
7350,49074
7350,49075
7350,49076
7350,49077
7350,49078
7350,49079
7350,49080
7350,49081
7350,49082
7350,49083
7350,49084
7350,49085
7350,49086
7350,49087
7350,49088
7350,49089
7350,49090
7350,49091
7350,49092
7350,49093
7350,49094
7350,49095
7350,49096
7350,49097
7350,49098
7350,49099
7350,49100
7350,49101
7350,49102
7350,49103
7350,49104
7350,49105
7350,49106
7350,49107
7350,49108
7350,49109
7350,49110
7350,49111
7350,49112
7350,49113
7350,49114
7350,49115
7350,49116
7350,49117
7350,49118
7350,49119
7350,49120
7350,49121
7350,49122
7350,49123
7350,49124
7350,49125
7350,49126
7350,49127
7350,49128
7350,49129
7350,49130
7350,49131
7350,49132
7350,49133
7350,49134
7350,49135
7350,49136
7350,49137
7350,49138
7350,49139
7350,49140
7350,49141
7350,49142
7350,49143
7350,49144
7350,49145
7350,49146
7350,49147
7350,49148
7350,49149
7350,49150
7350,49151
7350,49152
7350,49153
7350,49154
7350,49155
7350,49156
7350,49157
7350,49158
7350,49159
7350,49160
7350,49161
7350,49162
7350,49163
7350,49164
7350,49165
7350,49166
7350,49167
7350,49168
7350,49169
7350,49170
7350,49171
7350,49172
7350,49173
7350,49174
7350,49175
7350,49176
7350,49177
7350,49178
7350,49179
7350,49180
7350,49181
7350,49182
7350,49183
7350,49184
7350,49185
7350,49186
7350,49187
7350,49188
7350,49189
7350,49190
7350,49191
7350,49192
7350,49193
7350,49194
7350,49195
7350,49196
7350,49197
7350,49198
7350,49199
7350,49200
7350,49201
7350,49202
7350,49203
7350,49204
7350,49205
7350,49206
7350,49207
7350,49208
7350,49209
7350,49210
7350,49211
7350,49212
7350,49213
7350,49214
7350,49215
7350,49216
7350,49217
7350,49218
7350,49219
7350,49220
7350,49221
7350,49222
7350,49223
7350,49224
7350,49225
7350,49226
7350,49227
7350,49228
7350,49229
7350,49230
7350,49231
7350,49232
7350,49233
7350,49234
7350,49235
7350,49236
7350,49237
7350,49238
7350,49239
7351,49036
7351,49037
7351,49038
7351,49039
7351,49040
7351,49041
7351,49042
7351,49043
7351,49044
7351,49045
7351,49046
7351,49047
7351,49048
7351,49049
7351,49050
7351,49051
7351,49052
7351,49053
7351,49054
7351,49055
7351,49056
7351,49057
7351,49058
7351,49059
7351,49060
7351,49061
7351,49062
7351,49063
7351,49064
7351,49065
7351,49066
7351,49067
7351,49068
7351,49069
7351,49070
7351,49071
7351,49072
7351,49073
7351,49074
7351,49075
7351,49076
7351,49077
7351,49078
7351,49079
7351,49080
7351,49081
7351,49082
7351,49083
7351,49084
7351,49085
7351,49086
7351,49087
7351,49088
7351,49089
7351,49090
7351,49091
7351,49092
7351,49093
7351,49094
7351,49095
7351,49096
7351,49097
7351,49098
7351,49099
7351,49100
7351,49101
7351,49102
7351,49103
7351,49104
7351,49105
7351,49106
7351,49107
7351,49108
7351,49109
7351,49110
7351,49111
7351,49112
7351,49113
7351,49114
7351,49115
7351,49116
7351,49117
7351,49118
7351,49119
7351,49120
7351,49121
7351,49122
7351,49123
7351,49124
7351,49125
7351,49126
7351,49127
7351,49128
7351,49129
7351,49130
7351,49131
7351,49132
7351,49133
7351,49134
7351,49135
7351,49136
7351,49137
7351,49138
7351,49139
7351,49140
7351,49141
7351,49142
7351,49143
7351,49144
7351,49145
7351,49146
7351,49147
7351,49148
7351,49149
7351,49150
7351,49151
7351,49152
7351,49153
7351,49154
7351,49155
7351,49156
7351,49157
7351,49158
7351,49159
7351,49160
7351,49161
7351,49162
7351,49163
7351,49164
7351,49165
7351,49166
7351,49167
7351,49168
7351,49169
7351,49170
7351,49171
7351,49172
7351,49173
7351,49174
7351,49175
7351,49176
7351,49177
7351,49178
7351,49179
7351,49180
7351,49181
7351,49182
7351,49183
7351,49184
7351,49185
7351,49186
7351,49187
7351,49188
7351,49189
7351,49190
7351,49191
7351,49192
7351,49193
7351,49194
7351,49195
7351,49196
7351,49197
7351,49198
7351,49199
7351,49200
7351,49201
7351,49202
7351,49203
7351,49204
7351,49205
7351,49206
7351,49207
7351,49208
7351,49209
7351,49210
7351,49211
7351,49212
7351,49213
7351,49214
7351,49215
7351,49216
7351,49217
7351,49218
7351,49219
7351,49220
7351,49221
7351,49222
7351,49223
7351,49224
7351,49225
7351,49226
7351,49227
7351,49228
7351,49229
7351,49230
7351,49231
7351,49232
7351,49233
7351,49234
7351,49235
7351,49236
7351,49237
7351,49238
7352,49039
7352,49040
7352,49041
7352,49042
7352,49043
7352,49044
7352,49045
7352,49046
7352,49047
7352,49048
7352,49049
7352,49050
7352,49051
7352,49052
7352,49053
7352,49054
7352,49055
7352,49056
7352,49057
7352,49058
7352,49059
7352,49060
7352,49061
7352,49062
7352,49063
7352,49064
7352,49065
7352,49066
7352,49067
7352,49068
7352,49069
7352,49070
7352,49071
7352,49072
7352,49073
7352,49074
7352,49075
7352,49076
7352,49077
7352,49078
7352,49079
7352,49080
7352,49081
7352,49082
7352,49083
7352,49084
7352,49085
7352,49086
7352,49087
7352,49088
7352,49089
7352,49090
7352,49091
7352,49092
7352,49093
7352,49094
7352,49095
7352,49096
7352,49097
7352,49098
7352,49099
7352,49100
7352,49101
7352,49102
7352,49103
7352,49104
7352,49105
7352,49106
7352,49107
7352,49108
7352,49109
7352,49110
7352,49111
7352,49112
7352,49113
7352,49114
7352,49115
7352,49116
7352,49117
7352,49118
7352,49119
7352,49120
7352,49121
7352,49122
7352,49123
7352,49124
7352,49125
7352,49126
7352,49127
7352,49128
7352,49129
7352,49130
7352,49131
7352,49132
7352,49133
7352,49134
7352,49135
7352,49136
7352,49137
7352,49138
7352,49139
7352,49140
7352,49141
7352,49142
7352,49143
7352,49144
7352,49145
7352,49146
7352,49147
7352,49148
7352,49149
7352,49150
7352,49151
7352,49152
7352,49153
7352,49154
7352,49155
7352,49156
7352,49157
7352,49158
7352,49159
7352,49160
7352,49161
7352,49162
7352,49163
7352,49164
7352,49165
7352,49166
7352,49167
7352,49168
7352,49169
7352,49170
7352,49171
7352,49172
7352,49173
7352,49174
7352,49175
7352,49176
7352,49177
7352,49178
7352,49179
7352,49180
7352,49181
7352,49182
7352,49183
7352,49184
7352,49185
7352,49186
7352,49187
7352,49188
7352,49189
7352,49190
7352,49191
7352,49192
7352,49193
7352,49194
7352,49195
7352,49196
7352,49197
7352,49198
7352,49199
7352,49200
7352,49201
7352,49202
7352,49203
7352,49204
7352,49205
7352,49206
7352,49207
7352,49208
7352,49209
7352,49210
7352,49211
7352,49212
7352,49213
7352,49214
7352,49215
7352,49216
7352,49217
7352,49218
7352,49219
7352,49220
7352,49221
7352,49222
7352,49223
7352,49224
7352,49225
7352,49226
7352,49227
7352,49228
7352,49229
7352,49230
7352,49231
7352,49232
7352,49233
7352,49234
7352,49235
7352,49236
7352,49237
7352,49238
7353,49041
7353,49042
7353,49043
7353,49044
7353,49045
7353,49046
7353,49047
7353,49048
7353,49049
7353,49050
7353,49051
7353,49052
7353,49053
7353,49054
7353,49055
7353,49056
7353,49057
7353,49058
7353,49059
7353,49060
7353,49061
7353,49062
7353,49063
7353,49064
7353,49065
7353,49066
7353,49067
7353,49068
7353,49069
7353,49070
7353,49071
7353,49072
7353,49073
7353,49074
7353,49075
7353,49076
7353,49077
7353,49078
7353,49079
7353,49080
7353,49081
7353,49082
7353,49083
7353,49084
7353,49085
7353,49086
7353,49087
7353,49088
7353,49089
7353,49090
7353,49091
7353,49092
7353,49093
7353,49094
7353,49095
7353,49096
7353,49097
7353,49098
7353,49099
7353,49100
7353,49101
7353,49102
7353,49103
7353,49104
7353,49105
7353,49106
7353,49107
7353,49108
7353,49109
7353,49110
7353,49111
7353,49112
7353,49113
7353,49114
7353,49115
7353,49116
7353,49117
7353,49118
7353,49119
7353,49120
7353,49121
7353,49122
7353,49123
7353,49124
7353,49125
7353,49126
7353,49127
7353,49128
7353,49129
7353,49130
7353,49131
7353,49132
7353,49133
7353,49134
7353,49135
7353,49136
7353,49137
7353,49138
7353,49139
7353,49140
7353,49141
7353,49142
7353,49143
7353,49144
7353,49145
7353,49146
7353,49147
7353,49148
7353,49149
7353,49150
7353,49151
7353,49152
7353,49153
7353,49154
7353,49155
7353,49156
7353,49157
7353,49158
7353,49159
7353,49160
7353,49161
7353,49162
7353,49163
7353,49164
7353,49165
7353,49166
7353,49167
7353,49168
7353,49169
7353,49170
7353,49171
7353,49172
7353,49173
7353,49174
7353,49175
7353,49176
7353,49177
7353,49178
7353,49179
7353,49180
7353,49181
7353,49182
7353,49183
7353,49184
7353,49185
7353,49186
7353,49187
7353,49188
7353,49189
7353,49190
7353,49191
7353,49192
7353,49193
7353,49194
7353,49195
7353,49196
7353,49197
7353,49198
7353,49199
7353,49200
7353,49201
7353,49202
7353,49203
7353,49204
7353,49205
7353,49206
7353,49207
7353,49208
7353,49209
7353,49210
7353,49211
7353,49212
7353,49213
7353,49214
7353,49215
7353,49216
7353,49217
7353,49218
7353,49219
7353,49220
7353,49221
7353,49222
7353,49223
7353,49224
7353,49225
7353,49226
7353,49227
7353,49228
7353,49229
7353,49230
7353,49231
7353,49232
7353,49233
7353,49234
7353,49235
7353,49236
7353,49237
7353,49238
7354,49041
7354,49042
7354,49043
7354,49044
7354,49045
7354,49046
7354,49047
7354,49048
7354,49049
7354,49050
7354,49051
7354,49052
7354,49053
7354,49054
7354,49055
7354,49056
7354,49057
7354,49058
7354,49059
7354,49060
7354,49061
7354,49062
7354,49063
7354,49064
7354,49065
7354,49066
7354,49067
7354,49068
7354,49069
7354,49070
7354,49071
7354,49072
7354,49073
7354,49074
7354,49075
7354,49076
7354,49077
7354,49078
7354,49079
7354,49080
7354,49081
7354,49082
7354,49083
7354,49084
7354,49085
7354,49086
7354,49087
7354,49088
7354,49089
7354,49090
7354,49091
7354,49092
7354,49093
7354,49094
7354,49095
7354,49096
7354,49097
7354,49098
7354,49099
7354,49100
7354,49101
7354,49102
7354,49103
7354,49104
7354,49105
7354,49106
7354,49107
7354,49108
7354,49109
7354,49110
7354,49111
7354,49112
7354,49113
7354,49114
7354,49115
7354,49116
7354,49117
7354,49118
7354,49119
7354,49120
7354,49121
7354,49122
7354,49123
7354,49124
7354,49125
7354,49126
7354,49127
7354,49128
7354,49129
7354,49130
7354,49131
7354,49132
7354,49133
7354,49134
7354,49135
7354,49136
7354,49137
7354,49138
7354,49139
7354,49140
7354,49141
7354,49142
7354,49143
7354,49144
7354,49145
7354,49146
7354,49147
7354,49148
7354,49149
7354,49150
7354,49151
7354,49152
7354,49153
7354,49154
7354,49155
7354,49156
7354,49157
7354,49158
7354,49159
7354,49160
7354,49161
7354,49162
7354,49163
7354,49164
7354,49165
7354,49166
7354,49167
7354,49168
7354,49169
7354,49170
7354,49171
7354,49172
7354,49173
7354,49174
7354,49175
7354,49176
7354,49177
7354,49178
7354,49179
7354,49180
7354,49181
7354,49182
7354,49183
7354,49184
7354,49185
7354,49186
7354,49187
7354,49188
7354,49189
7354,49190
7354,49191
7354,49192
7354,49193
7354,49194
7354,49195
7354,49196
7354,49197
7354,49198
7354,49199
7354,49200
7354,49201
7354,49202
7354,49203
7354,49204
7354,49205
7354,49206
7354,49207
7354,49208
7354,49209
7354,49210
7354,49211
7354,49212
7354,49213
7354,49214
7354,49215
7354,49216
7354,49217
7354,49218
7354,49219
7354,49220
7354,49221
7354,49222
7354,49223
7354,49224
7354,49225
7354,49226
7354,49227
7354,49228
7354,49229
7354,49230
7354,49231
7354,49232
7354,49233
7354,49234
7354,49235
7354,49236
7354,49237
7354,49238
7355,49042
7355,49043
7355,49044
7355,49045
7355,49046
7355,49047
7355,49048
7355,49049
7355,49050
7355,49051
7355,49052
7355,49053
7355,49054
7355,49055
7355,49056
7355,49057
7355,49058
7355,49059
7355,49060
7355,49061
7355,49062
7355,49063
7355,49064
7355,49065
7355,49066
7355,49067
7355,49068
7355,49069
7355,49070
7355,49071
7355,49072
7355,49073
7355,49074
7355,49075
7355,49076
7355,49077
7355,49078
7355,49079
7355,49080
7355,49081
7355,49082
7355,49083
7355,49084
7355,49085
7355,49086
7355,49087
7355,49088
7355,49089
7355,49090
7355,49091
7355,49092
7355,49093
7355,49094
7355,49095
7355,49096
7355,49097
7355,49098
7355,49099
7355,49100
7355,49101
7355,49102
7355,49103
7355,49104
7355,49105
7355,49106
7355,49107
7355,49108
7355,49109
7355,49110
7355,49111
7355,49112
7355,49113
7355,49114
7355,49115
7355,49116
7355,49117
7355,49118
7355,49119
7355,49120
7355,49121
7355,49122
7355,49123
7355,49124
7355,49125
7355,49126
7355,49127
7355,49128
7355,49129
7355,49130
7355,49131
7355,49132
7355,49133
7355,49134
7355,49135
7355,49136
7355,49137
7355,49138
7355,49139
7355,49140
7355,49141
7355,49142
7355,49143
7355,49144
7355,49145
7355,49146
7355,49147
7355,49148
7355,49149
7355,49150
7355,49151
7355,49152
7355,49153
7355,49154
7355,49155
7355,49156
7355,49157
7355,49158
7355,49159
7355,49160
7355,49161
7355,49162
7355,49163
7355,49164
7355,49165
7355,49166
7355,49167
7355,49168
7355,49169
7355,49170
7355,49171
7355,49172
7355,49173
7355,49174
7355,49175
7355,49176
7355,49177
7355,49178
7355,49179
7355,49180
7355,49181
7355,49182
7355,49183
7355,49184
7355,49185
7355,49186
7355,49187
7355,49188
7355,49189
7355,49190
7355,49191
7355,49192
7355,49193
7355,49194
7355,49195
7355,49196
7355,49197
7355,49198
7355,49199
7355,49200
7355,49201
7355,49202
7355,49203
7355,49204
7355,49205
7355,49206
7355,49207
7355,49208
7355,49209
7355,49210
7355,49211
7355,49212
7355,49213
7355,49214
7355,49215
7355,49216
7355,49217
7355,49218
7355,49219
7355,49220
7355,49221
7355,49222
7355,49223
7355,49224
7355,49225
7355,49226
7355,49227
7355,49228
7355,49229
7355,49230
7355,49231
7355,49232
7355,49233
7355,49234
7355,49235
7355,49236
7355,49237
7355,49238
7355,49239
7356,49043
7356,49044
7356,49045
7356,49046
7356,49047
7356,49048
7356,49049
7356,49050
7356,49051
7356,49052
7356,49053
7356,49054
7356,49055
7356,49056
7356,49057
7356,49058
7356,49059
7356,49060
7356,49061
7356,49062
7356,49063
7356,49064
7356,49065
7356,49066
7356,49067
7356,49068
7356,49069
7356,49070
7356,49071
7356,49072
7356,49073
7356,49074
7356,49075
7356,49076
7356,49077
7356,49078
7356,49079
7356,49080
7356,49081
7356,49082
7356,49083
7356,49084
7356,49085
7356,49086
7356,49087
7356,49088
7356,49089
7356,49090
7356,49091
7356,49092
7356,49093
7356,49094
7356,49095
7356,49096
7356,49097
7356,49098
7356,49099
7356,49100
7356,49101
7356,49102
7356,49103
7356,49104
7356,49105
7356,49106
7356,49107
7356,49108
7356,49109
7356,49110
7356,49111
7356,49112
7356,49113
7356,49114
7356,49115
7356,49116
7356,49117
7356,49118
7356,49119
7356,49120
7356,49121
7356,49122
7356,49123
7356,49124
7356,49125
7356,49126
7356,49127
7356,49128
7356,49129
7356,49130
7356,49131
7356,49132
7356,49133
7356,49134
7356,49135
7356,49136
7356,49137
7356,49138
7356,49139
7356,49140
7356,49141
7356,49142
7356,49143
7356,49144
7356,49145
7356,49146
7356,49147
7356,49148
7356,49149
7356,49150
7356,49151
7356,49152
7356,49153
7356,49154
7356,49155
7356,49156
7356,49157
7356,49158
7356,49159
7356,49160
7356,49161
7356,49162
7356,49163
7356,49164
7356,49165
7356,49166
7356,49167
7356,49168
7356,49169
7356,49170
7356,49171
7356,49172
7356,49173
7356,49174
7356,49175
7356,49176
7356,49177
7356,49178
7356,49179
7356,49180
7356,49181
7356,49182
7356,49183
7356,49184
7356,49185
7356,49186
7356,49187
7356,49188
7356,49189
7356,49190
7356,49191
7356,49192
7356,49193
7356,49194
7356,49195
7356,49196
7356,49197
7356,49198
7356,49199
7356,49200
7356,49201
7356,49202
7356,49203
7356,49204
7356,49205
7356,49206
7356,49207
7356,49208
7356,49209
7356,49210
7356,49211
7356,49212
7356,49213
7356,49214
7356,49215
7356,49216
7356,49217
7356,49218
7356,49219
7356,49220
7356,49221
7356,49222
7356,49223
7356,49224
7356,49225
7356,49226
7356,49227
7356,49228
7356,49229
7356,49230
7356,49231
7356,49232
7356,49233
7356,49234
7356,49235
7356,49236
7356,49237
7356,49238
7356,49239
7357,49044
7357,49045
7357,49046
7357,49047
7357,49048
7357,49049
7357,49050
7357,49051
7357,49052
7357,49053
7357,49054
7357,49055
7357,49056
7357,49057
7357,49058
7357,49059
7357,49060
7357,49061
7357,49062
7357,49063
7357,49064
7357,49065
7357,49066
7357,49067
7357,49068
7357,49069
7357,49070
7357,49071
7357,49072
7357,49073
7357,49074
7357,49075
7357,49076
7357,49077
7357,49078
7357,49079
7357,49080
7357,49081
7357,49082
7357,49083
7357,49084
7357,49085
7357,49086
7357,49087
7357,49088
7357,49089
7357,49090
7357,49091
7357,49092
7357,49093
7357,49094
7357,49095
7357,49096
7357,49097
7357,49098
7357,49099
7357,49100
7357,49101
7357,49102
7357,49103
7357,49104
7357,49105
7357,49106
7357,49107
7357,49108
7357,49109
7357,49110
7357,49111
7357,49112
7357,49113
7357,49114
7357,49115
7357,49116
7357,49117
7357,49118
7357,49119
7357,49120
7357,49121
7357,49122
7357,49123
7357,49124
7357,49125
7357,49126
7357,49127
7357,49128
7357,49129
7357,49130
7357,49131
7357,49132
7357,49133
7357,49134
7357,49135
7357,49136
7357,49137
7357,49138
7357,49139
7357,49140
7357,49141
7357,49142
7357,49143
7357,49144
7357,49145
7357,49146
7357,49147
7357,49148
7357,49149
7357,49150
7357,49151
7357,49152
7357,49153
7357,49154
7357,49155
7357,49156
7357,49157
7357,49158
7357,49159
7357,49160
7357,49161
7357,49162
7357,49163
7357,49164
7357,49165
7357,49166
7357,49167
7357,49168
7357,49169
7357,49170
7357,49171
7357,49172
7357,49173
7357,49174
7357,49175
7357,49176
7357,49177
7357,49178
7357,49179
7357,49180
7357,49181
7357,49182
7357,49183
7357,49184
7357,49185
7357,49186
7357,49187
7357,49188
7357,49189
7357,49190
7357,49191
7357,49192
7357,49193
7357,49194
7357,49195
7357,49196
7357,49197
7357,49198
7357,49199
7357,49200
7357,49201
7357,49202
7357,49203
7357,49204
7357,49205
7357,49206
7357,49207
7357,49208
7357,49209
7357,49210
7357,49211
7357,49212
7357,49213
7357,49214
7357,49215
7357,49216
7357,49217
7357,49218
7357,49219
7357,49220
7357,49221
7357,49222
7357,49223
7357,49224
7357,49225
7357,49226
7357,49227
7357,49228
7357,49229
7357,49230
7357,49231
7357,49232
7357,49233
7357,49234
7357,49235
7357,49236
7357,49237
7357,49238
7357,49239
7358,49044
7358,49045
7358,49046
7358,49047
7358,49048
7358,49049
7358,49050
7358,49051
7358,49052
7358,49053
7358,49054
7358,49055
7358,49056
7358,49057
7358,49058
7358,49059
7358,49060
7358,49061
7358,49062
7358,49063
7358,49064
7358,49065
7358,49066
7358,49067
7358,49068
7358,49069
7358,49070
7358,49071
7358,49072
7358,49073
7358,49074
7358,49075
7358,49076
7358,49077
7358,49078
7358,49079
7358,49080
7358,49081
7358,49082
7358,49083
7358,49084
7358,49085
7358,49086
7358,49087
7358,49088
7358,49089
7358,49090
7358,49091
7358,49092
7358,49093
7358,49094
7358,49095
7358,49096
7358,49097
7358,49098
7358,49099
7358,49100
7358,49101
7358,49102
7358,49103
7358,49104
7358,49105
7358,49106
7358,49107
7358,49108
7358,49109
7358,49110
7358,49111
7358,49112
7358,49113
7358,49114
7358,49115
7358,49116
7358,49117
7358,49118
7358,49119
7358,49120
7358,49121
7358,49122
7358,49123
7358,49124
7358,49125
7358,49126
7358,49127
7358,49128
7358,49129
7358,49130
7358,49131
7358,49132
7358,49133
7358,49134
7358,49135
7358,49136
7358,49137
7358,49138
7358,49139
7358,49140
7358,49141
7358,49142
7358,49143
7358,49144
7358,49145
7358,49146
7358,49147
7358,49148
7358,49149
7358,49150
7358,49151
7358,49152
7358,49153
7358,49154
7358,49155
7358,49156
7358,49157
7358,49158
7358,49159
7358,49160
7358,49161
7358,49162
7358,49163
7358,49164
7358,49165
7358,49166
7358,49167
7358,49168
7358,49169
7358,49170
7358,49171
7358,49172
7358,49173
7358,49174
7358,49175
7358,49176
7358,49177
7358,49178
7358,49179
7358,49180
7358,49181
7358,49182
7358,49183
7358,49184
7358,49185
7358,49186
7358,49187
7358,49188
7358,49189
7358,49190
7358,49191
7358,49192
7358,49193
7358,49194
7358,49195
7358,49196
7358,49197
7358,49198
7358,49199
7358,49200
7358,49201
7358,49202
7358,49203
7358,49204
7358,49205
7358,49206
7358,49207
7358,49208
7358,49209
7358,49210
7358,49211
7358,49212
7358,49213
7358,49214
7358,49215
7358,49216
7358,49217
7358,49218
7358,49219
7358,49220
7358,49221
7358,49222
7358,49223
7358,49224
7358,49225
7358,49226
7358,49227
7358,49228
7358,49229
7358,49230
7358,49231
7358,49232
7358,49233
7358,49234
7358,49235
7358,49236
7358,49237
7358,49238
7358,49239
7358,49240
7359,49045
7359,49046
7359,49047
7359,49048
7359,49049
7359,49050
7359,49051
7359,49052
7359,49053
7359,49054
7359,49055
7359,49056
7359,49057
7359,49058
7359,49059
7359,49060
7359,49061
7359,49062
7359,49063
7359,49064
7359,49065
7359,49066
7359,49067
7359,49068
7359,49069
7359,49070
7359,49071
7359,49072
7359,49073
7359,49074
7359,49075
7359,49076
7359,49077
7359,49078
7359,49079
7359,49080
7359,49081
7359,49082
7359,49083
7359,49084
7359,49085
7359,49086
7359,49087
7359,49088
7359,49089
7359,49090
7359,49091
7359,49092
7359,49093
7359,49094
7359,49095
7359,49096
7359,49097
7359,49098
7359,49099
7359,49100
7359,49101
7359,49102
7359,49103
7359,49104
7359,49105
7359,49106
7359,49107
7359,49108
7359,49109
7359,49110
7359,49111
7359,49112
7359,49113
7359,49114
7359,49115
7359,49116
7359,49117
7359,49118
7359,49119
7359,49120
7359,49121
7359,49122
7359,49123
7359,49124
7359,49125
7359,49126
7359,49127
7359,49128
7359,49129
7359,49130
7359,49131
7359,49132
7359,49133
7359,49134
7359,49135
7359,49136
7359,49137
7359,49138
7359,49139
7359,49140
7359,49141
7359,49142
7359,49143
7359,49144
7359,49145
7359,49146
7359,49147
7359,49148
7359,49149
7359,49150
7359,49151
7359,49152
7359,49153
7359,49154
7359,49155
7359,49156
7359,49157
7359,49158
7359,49159
7359,49160
7359,49161
7359,49162
7359,49163
7359,49164
7359,49165
7359,49166
7359,49167
7359,49168
7359,49169
7359,49170
7359,49171
7359,49172
7359,49173
7359,49174
7359,49175
7359,49176
7359,49177
7359,49178
7359,49179
7359,49180
7359,49181
7359,49182
7359,49183
7359,49184
7359,49185
7359,49186
7359,49187
7359,49188
7359,49189
7359,49190
7359,49191
7359,49192
7359,49193
7359,49194
7359,49195
7359,49196
7359,49197
7359,49198
7359,49199
7359,49200
7359,49201
7359,49202
7359,49203
7359,49204
7359,49205
7359,49206
7359,49207
7359,49208
7359,49209
7359,49210
7359,49211
7359,49212
7359,49213
7359,49214
7359,49215
7359,49216
7359,49217
7359,49218
7359,49219
7359,49220
7359,49221
7359,49222
7359,49223
7359,49224
7359,49225
7359,49226
7359,49227
7359,49228
7359,49229
7359,49230
7359,49231
7359,49232
7359,49233
7359,49234
7359,49235
7359,49236
7359,49237
7359,49238
7359,49239
7359,49240
7360,49045
7360,49046
7360,49047
7360,49048
7360,49049
7360,49050
7360,49051
7360,49052
7360,49053
7360,49054
7360,49055
7360,49056
7360,49057
7360,49058
7360,49059
7360,49060
7360,49061
7360,49062
7360,49063
7360,49064
7360,49065
7360,49066
7360,49067
7360,49068
7360,49069
7360,49070
7360,49071
7360,49072
7360,49073
7360,49074
7360,49075
7360,49076
7360,49077
7360,49078
7360,49079
7360,49080
7360,49081
7360,49082
7360,49083
7360,49084
7360,49085
7360,49086
7360,49087
7360,49088
7360,49089
7360,49090
7360,49091
7360,49092
7360,49093
7360,49094
7360,49095
7360,49096
7360,49097
7360,49098
7360,49099
7360,49100
7360,49101
7360,49102
7360,49103
7360,49104
7360,49105
7360,49106
7360,49107
7360,49108
7360,49109
7360,49110
7360,49111
7360,49112
7360,49113
7360,49114
7360,49115
7360,49116
7360,49117
7360,49118
7360,49119
7360,49120
7360,49121
7360,49122
7360,49123
7360,49124
7360,49125
7360,49126
7360,49127
7360,49128
7360,49129
7360,49130
7360,49131
7360,49132
7360,49133
7360,49134
7360,49135
7360,49136
7360,49137
7360,49138
7360,49139
7360,49140
7360,49141
7360,49142
7360,49143
7360,49144
7360,49145
7360,49146
7360,49147
7360,49148
7360,49149
7360,49150
7360,49151
7360,49152
7360,49153
7360,49154
7360,49155
7360,49156
7360,49157
7360,49158
7360,49159
7360,49160
7360,49161
7360,49162
7360,49163
7360,49164
7360,49165
7360,49166
7360,49167
7360,49168
7360,49169
7360,49170
7360,49171
7360,49172
7360,49173
7360,49174
7360,49175
7360,49176
7360,49177
7360,49178
7360,49179
7360,49180
7360,49181
7360,49182
7360,49183
7360,49184
7360,49185
7360,49186
7360,49187
7360,49188
7360,49189
7360,49190
7360,49191
7360,49192
7360,49193
7360,49194
7360,49195
7360,49196
7360,49197
7360,49198
7360,49199
7360,49200
7360,49201
7360,49202
7360,49203
7360,49204
7360,49205
7360,49206
7360,49207
7360,49208
7360,49209
7360,49210
7360,49211
7360,49212
7360,49213
7360,49214
7360,49215
7360,49216
7360,49217
7360,49218
7360,49219
7360,49220
7360,49221
7360,49222
7360,49223
7360,49224
7360,49225
7360,49226
7360,49227
7360,49228
7360,49229
7360,49230
7360,49231
7360,49232
7360,49233
7360,49234
7360,49235
7360,49236
7360,49237
7360,49238
7360,49239
7360,49240
7361,49045
7361,49046
7361,49047
7361,49048
7361,49049
7361,49050
7361,49051
7361,49052
7361,49053
7361,49054
7361,49055
7361,49056
7361,49057
7361,49058
7361,49059
7361,49060
7361,49061
7361,49062
7361,49063
7361,49064
7361,49065
7361,49066
7361,49067
7361,49068
7361,49069
7361,49070
7361,49071
7361,49072
7361,49073
7361,49074
7361,49075
7361,49076
7361,49077
7361,49078
7361,49079
7361,49080
7361,49081
7361,49082
7361,49083
7361,49084
7361,49085
7361,49086
7361,49087
7361,49088
7361,49089
7361,49090
7361,49091
7361,49092
7361,49093
7361,49094
7361,49095
7361,49096
7361,49097
7361,49098
7361,49099
7361,49100
7361,49101
7361,49102
7361,49103
7361,49104
7361,49105
7361,49106
7361,49107
7361,49108
7361,49109
7361,49110
7361,49111
7361,49112
7361,49113
7361,49114
7361,49115
7361,49116
7361,49117
7361,49118
7361,49119
7361,49120
7361,49121
7361,49122
7361,49123
7361,49124
7361,49125
7361,49126
7361,49127
7361,49128
7361,49129
7361,49130
7361,49131
7361,49132
7361,49133
7361,49134
7361,49135
7361,49136
7361,49137
7361,49138
7361,49139
7361,49140
7361,49141
7361,49142
7361,49143
7361,49144
7361,49145
7361,49146
7361,49147
7361,49148
7361,49149
7361,49150
7361,49151
7361,49152
7361,49153
7361,49154
7361,49155
7361,49156
7361,49157
7361,49158
7361,49159
7361,49160
7361,49161
7361,49162
7361,49163
7361,49164
7361,49165
7361,49166
7361,49167
7361,49168
7361,49169
7361,49170
7361,49171
7361,49172
7361,49173
7361,49174
7361,49175
7361,49176
7361,49177
7361,49178
7361,49179
7361,49180
7361,49181
7361,49182
7361,49183
7361,49184
7361,49185
7361,49186
7361,49187
7361,49188
7361,49189
7361,49190
7361,49191
7361,49192
7361,49193
7361,49194
7361,49195
7361,49196
7361,49197
7361,49198
7361,49199
7361,49200
7361,49201
7361,49202
7361,49203
7361,49204
7361,49205
7361,49206
7361,49207
7361,49208
7361,49209
7361,49210
7361,49211
7361,49212
7361,49213
7361,49214
7361,49215
7361,49216
7361,49217
7361,49218
7361,49219
7361,49220
7361,49221
7361,49222
7361,49223
7361,49224
7361,49225
7361,49226
7361,49227
7361,49228
7361,49229
7361,49230
7361,49231
7361,49232
7361,49233
7361,49234
7361,49235
7361,49236
7361,49237
7361,49238
7361,49239
7361,49240
7362,49046
7362,49047
7362,49048
7362,49049
7362,49050
7362,49051
7362,49052
7362,49053
7362,49054
7362,49055
7362,49056
7362,49057
7362,49058
7362,49059
7362,49060
7362,49061
7362,49062
7362,49063
7362,49064
7362,49065
7362,49066
7362,49067
7362,49068
7362,49069
7362,49070
7362,49071
7362,49072
7362,49073
7362,49074
7362,49075
7362,49076
7362,49077
7362,49078
7362,49079
7362,49080
7362,49081
7362,49082
7362,49083
7362,49084
7362,49085
7362,49086
7362,49087
7362,49088
7362,49089
7362,49090
7362,49091
7362,49092
7362,49093
7362,49094
7362,49095
7362,49096
7362,49097
7362,49098
7362,49099
7362,49100
7362,49101
7362,49102
7362,49103
7362,49104
7362,49105
7362,49106
7362,49107
7362,49108
7362,49109
7362,49110
7362,49111
7362,49112
7362,49113
7362,49114
7362,49115
7362,49116
7362,49117
7362,49118
7362,49119
7362,49120
7362,49121
7362,49122
7362,49123
7362,49124
7362,49125
7362,49126
7362,49127
7362,49128
7362,49129
7362,49130
7362,49131
7362,49132
7362,49133
7362,49134
7362,49135
7362,49136
7362,49137
7362,49138
7362,49139
7362,49140
7362,49141
7362,49142
7362,49143
7362,49144
7362,49145
7362,49146
7362,49147
7362,49148
7362,49149
7362,49150
7362,49151
7362,49152
7362,49153
7362,49154
7362,49155
7362,49156
7362,49157
7362,49158
7362,49159
7362,49160
7362,49161
7362,49162
7362,49163
7362,49164
7362,49165
7362,49166
7362,49167
7362,49168
7362,49169
7362,49170
7362,49171
7362,49172
7362,49173
7362,49174
7362,49175
7362,49176
7362,49177
7362,49178
7362,49179
7362,49180
7362,49181
7362,49182
7362,49183
7362,49184
7362,49185
7362,49186
7362,49187
7362,49188
7362,49189
7362,49190
7362,49191
7362,49192
7362,49193
7362,49194
7362,49195
7362,49196
7362,49197
7362,49198
7362,49199
7362,49200
7362,49201
7362,49202
7362,49203
7362,49204
7362,49205
7362,49206
7362,49207
7362,49208
7362,49209
7362,49210
7362,49211
7362,49212
7362,49213
7362,49214
7362,49215
7362,49216
7362,49217
7362,49218
7362,49219
7362,49220
7362,49221
7362,49222
7362,49223
7362,49224
7362,49225
7362,49226
7362,49227
7362,49228
7362,49229
7362,49230
7362,49231
7362,49232
7362,49233
7362,49234
7362,49235
7362,49236
7362,49237
7362,49238
7362,49239
7362,49240
7363,49046
7363,49047
7363,49048
7363,49049
7363,49050
7363,49051
7363,49052
7363,49053
7363,49054
7363,49055
7363,49056
7363,49057
7363,49058
7363,49059
7363,49060
7363,49061
7363,49062
7363,49063
7363,49064
7363,49065
7363,49066
7363,49067
7363,49068
7363,49069
7363,49070
7363,49071
7363,49072
7363,49073
7363,49074
7363,49075
7363,49076
7363,49077
7363,49078
7363,49079
7363,49080
7363,49081
7363,49082
7363,49083
7363,49084
7363,49085
7363,49086
7363,49087
7363,49088
7363,49089
7363,49090
7363,49091
7363,49092
7363,49093
7363,49094
7363,49095
7363,49096
7363,49097
7363,49098
7363,49099
7363,49100
7363,49101
7363,49102
7363,49103
7363,49104
7363,49105
7363,49106
7363,49107
7363,49108
7363,49109
7363,49110
7363,49111
7363,49112
7363,49113
7363,49114
7363,49115
7363,49116
7363,49117
7363,49118
7363,49119
7363,49120
7363,49121
7363,49122
7363,49123
7363,49124
7363,49125
7363,49126
7363,49127
7363,49128
7363,49129
7363,49130
7363,49131
7363,49132
7363,49133
7363,49134
7363,49135
7363,49136
7363,49137
7363,49138
7363,49139
7363,49140
7363,49141
7363,49142
7363,49143
7363,49144
7363,49145
7363,49146
7363,49147
7363,49148
7363,49149
7363,49150
7363,49151
7363,49152
7363,49153
7363,49154
7363,49155
7363,49156
7363,49157
7363,49158
7363,49159
7363,49160
7363,49161
7363,49162
7363,49163
7363,49164
7363,49165
7363,49166
7363,49167
7363,49168
7363,49169
7363,49170
7363,49171
7363,49172
7363,49173
7363,49174
7363,49175
7363,49176
7363,49177
7363,49178
7363,49179
7363,49180
7363,49181
7363,49182
7363,49183
7363,49184
7363,49185
7363,49186
7363,49187
7363,49188
7363,49189
7363,49190
7363,49191
7363,49192
7363,49193
7363,49194
7363,49195
7363,49196
7363,49197
7363,49198
7363,49199
7363,49200
7363,49201
7363,49202
7363,49203
7363,49204
7363,49205
7363,49206
7363,49207
7363,49208
7363,49209
7363,49210
7363,49211
7363,49212
7363,49213
7363,49214
7363,49215
7363,49216
7363,49217
7363,49218
7363,49219
7363,49220
7363,49221
7363,49222
7363,49223
7363,49224
7363,49225
7363,49226
7363,49227
7363,49228
7363,49229
7363,49230
7363,49231
7363,49232
7363,49233
7363,49234
7363,49235
7363,49236
7363,49237
7363,49238
7363,49239
7364,49045
7364,49046
7364,49047
7364,49048
7364,49049
7364,49050
7364,49051
7364,49052
7364,49053
7364,49054
7364,49055
7364,49056
7364,49057
7364,49058
7364,49059
7364,49060
7364,49061
7364,49062
7364,49063
7364,49064
7364,49065
7364,49066
7364,49067
7364,49068
7364,49069
7364,49070
7364,49071
7364,49072
7364,49073
7364,49074
7364,49075
7364,49076
7364,49077
7364,49078
7364,49079
7364,49080
7364,49081
7364,49082
7364,49083
7364,49084
7364,49085
7364,49086
7364,49087
7364,49088
7364,49089
7364,49090
7364,49091
7364,49092
7364,49093
7364,49094
7364,49095
7364,49096
7364,49097
7364,49098
7364,49099
7364,49100
7364,49101
7364,49102
7364,49103
7364,49104
7364,49105
7364,49106
7364,49107
7364,49108
7364,49109
7364,49110
7364,49111
7364,49112
7364,49113
7364,49114
7364,49115
7364,49116
7364,49117
7364,49118
7364,49119
7364,49120
7364,49121
7364,49122
7364,49123
7364,49124
7364,49125
7364,49126
7364,49127
7364,49128
7364,49129
7364,49130
7364,49131
7364,49132
7364,49133
7364,49134
7364,49135
7364,49136
7364,49137
7364,49138
7364,49139
7364,49140
7364,49141
7364,49142
7364,49143
7364,49144
7364,49145
7364,49146
7364,49147
7364,49148
7364,49149
7364,49150
7364,49151
7364,49152
7364,49153
7364,49154
7364,49155
7364,49156
7364,49157
7364,49158
7364,49159
7364,49160
7364,49161
7364,49162
7364,49163
7364,49164
7364,49165
7364,49166
7364,49167
7364,49168
7364,49169
7364,49170
7364,49171
7364,49172
7364,49173
7364,49174
7364,49175
7364,49176
7364,49177
7364,49178
7364,49179
7364,49180
7364,49181
7364,49182
7364,49183
7364,49184
7364,49185
7364,49186
7364,49187
7364,49188
7364,49189
7364,49190
7364,49191
7364,49192
7364,49193
7364,49194
7364,49195
7364,49196
7364,49197
7364,49198
7364,49199
7364,49200
7364,49201
7364,49202
7364,49203
7364,49204
7364,49205
7364,49206
7364,49207
7364,49208
7364,49209
7364,49210
7364,49211
7364,49212
7364,49213
7364,49214
7364,49215
7364,49216
7364,49217
7364,49218
7364,49219
7364,49220
7364,49221
7364,49222
7364,49223
7364,49224
7364,49225
7364,49226
7364,49227
7364,49228
7364,49229
7364,49230
7364,49231
7364,49232
7364,49233
7364,49234
7364,49235
7364,49236
7364,49237
7364,49238
7364,49239
7365,49044
7365,49045
7365,49046
7365,49047
7365,49048
7365,49049
7365,49050
7365,49051
7365,49052
7365,49053
7365,49054
7365,49055
7365,49056
7365,49057
7365,49058
7365,49059
7365,49060
7365,49061
7365,49062
7365,49063
7365,49064
7365,49065
7365,49066
7365,49067
7365,49068
7365,49069
7365,49070
7365,49071
7365,49072
7365,49073
7365,49074
7365,49075
7365,49076
7365,49077
7365,49078
7365,49079
7365,49080
7365,49081
7365,49082
7365,49083
7365,49084
7365,49085
7365,49086
7365,49087
7365,49088
7365,49089
7365,49090
7365,49091
7365,49092
7365,49093
7365,49094
7365,49095
7365,49096
7365,49097
7365,49098
7365,49099
7365,49100
7365,49101
7365,49102
7365,49103
7365,49104
7365,49105
7365,49106
7365,49107
7365,49108
7365,49109
7365,49110
7365,49111
7365,49112
7365,49113
7365,49114
7365,49115
7365,49116
7365,49117
7365,49118
7365,49119
7365,49120
7365,49121
7365,49122
7365,49123
7365,49124
7365,49125
7365,49126
7365,49127
7365,49128
7365,49129
7365,49130
7365,49131
7365,49132
7365,49133
7365,49134
7365,49135
7365,49136
7365,49137
7365,49138
7365,49139
7365,49140
7365,49141
7365,49142
7365,49143
7365,49144
7365,49145
7365,49146
7365,49147
7365,49148
7365,49149
7365,49150
7365,49151
7365,49152
7365,49153
7365,49154
7365,49155
7365,49156
7365,49157
7365,49158
7365,49159
7365,49160
7365,49161
7365,49162
7365,49163
7365,49164
7365,49165
7365,49166
7365,49167
7365,49168
7365,49169
7365,49170
7365,49171
7365,49172
7365,49173
7365,49174
7365,49175
7365,49176
7365,49177
7365,49178
7365,49179
7365,49180
7365,49181
7365,49182
7365,49183
7365,49184
7365,49185
7365,49186
7365,49187
7365,49188
7365,49189
7365,49190
7365,49191
7365,49192
7365,49193
7365,49194
7365,49195
7365,49196
7365,49197
7365,49198
7365,49199
7365,49200
7365,49201
7365,49202
7365,49203
7365,49204
7365,49205
7365,49206
7365,49207
7365,49208
7365,49209
7365,49210
7365,49211
7365,49212
7365,49213
7365,49214
7365,49215
7365,49216
7365,49217
7365,49218
7365,49219
7365,49220
7365,49221
7365,49222
7365,49223
7365,49224
7365,49225
7365,49226
7365,49227
7365,49228
7365,49229
7365,49230
7365,49231
7365,49232
7365,49233
7365,49234
7365,49235
7365,49236
7365,49237
7365,49238
7365,49239
7366,49044
7366,49045
7366,49046
7366,49047
7366,49048
7366,49049
7366,49050
7366,49051
7366,49052
7366,49053
7366,49054
7366,49055
7366,49056
7366,49057
7366,49058
7366,49059
7366,49060
7366,49061
7366,49062
7366,49063
7366,49064
7366,49065
7366,49066
7366,49067
7366,49068
7366,49069
7366,49070
7366,49071
7366,49072
7366,49073
7366,49074
7366,49075
7366,49076
7366,49077
7366,49078
7366,49079
7366,49080
7366,49081
7366,49082
7366,49083
7366,49084
7366,49085
7366,49086
7366,49087
7366,49088
7366,49089
7366,49090
7366,49091
7366,49092
7366,49093
7366,49094
7366,49095
7366,49096
7366,49097
7366,49098
7366,49099
7366,49100
7366,49101
7366,49102
7366,49103
7366,49104
7366,49105
7366,49106
7366,49107
7366,49108
7366,49109
7366,49110
7366,49111
7366,49112
7366,49113
7366,49114
7366,49115
7366,49116
7366,49117
7366,49118
7366,49119
7366,49120
7366,49121
7366,49122
7366,49123
7366,49124
7366,49125
7366,49126
7366,49127
7366,49128
7366,49129
7366,49130
7366,49131
7366,49132
7366,49133
7366,49134
7366,49135
7366,49136
7366,49137
7366,49138
7366,49139
7366,49140
7366,49141
7366,49142
7366,49143
7366,49144
7366,49145
7366,49146
7366,49147
7366,49148
7366,49149
7366,49150
7366,49151
7366,49152
7366,49153
7366,49154
7366,49155
7366,49156
7366,49157
7366,49158
7366,49159
7366,49160
7366,49161
7366,49162
7366,49163
7366,49164
7366,49165
7366,49166
7366,49167
7366,49168
7366,49169
7366,49170
7366,49171
7366,49172
7366,49173
7366,49174
7366,49175
7366,49176
7366,49177
7366,49178
7366,49179
7366,49180
7366,49181
7366,49182
7366,49183
7366,49184
7366,49185
7366,49186
7366,49187
7366,49188
7366,49189
7366,49190
7366,49191
7366,49192
7366,49193
7366,49194
7366,49195
7366,49196
7366,49197
7366,49198
7366,49199
7366,49200
7366,49201
7366,49202
7366,49203
7366,49204
7366,49205
7366,49206
7366,49207
7366,49208
7366,49209
7366,49210
7366,49211
7366,49212
7366,49213
7366,49214
7366,49215
7366,49216
7366,49217
7366,49218
7366,49219
7366,49220
7366,49221
7366,49222
7366,49223
7366,49224
7366,49225
7366,49226
7366,49227
7366,49228
7366,49229
7366,49230
7366,49231
7366,49232
7366,49233
7366,49234
7366,49235
7366,49236
7366,49237
7366,49238
7367,49044
7367,49045
7367,49046
7367,49047
7367,49048
7367,49049
7367,49050
7367,49051
7367,49052
7367,49053
7367,49054
7367,49055
7367,49056
7367,49057
7367,49058
7367,49059
7367,49060
7367,49061
7367,49062
7367,49063
7367,49064
7367,49065
7367,49066
7367,49067
7367,49068
7367,49069
7367,49070
7367,49071
7367,49072
7367,49073
7367,49074
7367,49075
7367,49076
7367,49077
7367,49078
7367,49079
7367,49080
7367,49081
7367,49082
7367,49083
7367,49084
7367,49085
7367,49086
7367,49087
7367,49088
7367,49089
7367,49090
7367,49091
7367,49092
7367,49093
7367,49094
7367,49095
7367,49096
7367,49097
7367,49098
7367,49099
7367,49100
7367,49101
7367,49102
7367,49103
7367,49104
7367,49105
7367,49106
7367,49107
7367,49108
7367,49109
7367,49110
7367,49111
7367,49112
7367,49113
7367,49114
7367,49115
7367,49116
7367,49117
7367,49118
7367,49119
7367,49120
7367,49121
7367,49122
7367,49123
7367,49124
7367,49125
7367,49126
7367,49127
7367,49128
7367,49129
7367,49130
7367,49131
7367,49132
7367,49133
7367,49134
7367,49135
7367,49136
7367,49137
7367,49138
7367,49139
7367,49140
7367,49141
7367,49142
7367,49143
7367,49144
7367,49145
7367,49146
7367,49147
7367,49148
7367,49149
7367,49150
7367,49151
7367,49152
7367,49153
7367,49154
7367,49155
7367,49156
7367,49157
7367,49158
7367,49159
7367,49160
7367,49161
7367,49162
7367,49163
7367,49164
7367,49165
7367,49166
7367,49167
7367,49168
7367,49169
7367,49170
7367,49171
7367,49172
7367,49173
7367,49174
7367,49175
7367,49176
7367,49177
7367,49178
7367,49179
7367,49180
7367,49181
7367,49182
7367,49183
7367,49184
7367,49185
7367,49186
7367,49187
7367,49188
7367,49189
7367,49190
7367,49191
7367,49192
7367,49193
7367,49194
7367,49195
7367,49196
7367,49197
7367,49198
7367,49199
7367,49200
7367,49201
7367,49202
7367,49203
7367,49204
7367,49205
7367,49206
7367,49207
7367,49208
7367,49209
7367,49210
7367,49211
7367,49212
7367,49213
7367,49214
7367,49215
7367,49216
7367,49217
7367,49218
7367,49219
7367,49220
7367,49221
7367,49222
7367,49223
7367,49224
7367,49225
7367,49226
7367,49227
7367,49228
7367,49229
7367,49230
7367,49231
7367,49232
7367,49233
7367,49234
7367,49235
7367,49236
7367,49237
7368,49043
7368,49044
7368,49045
7368,49046
7368,49047
7368,49048
7368,49049
7368,49050
7368,49051
7368,49052
7368,49053
7368,49054
7368,49055
7368,49056
7368,49057
7368,49058
7368,49059
7368,49060
7368,49061
7368,49062
7368,49063
7368,49064
7368,49065
7368,49066
7368,49067
7368,49068
7368,49069
7368,49070
7368,49071
7368,49072
7368,49073
7368,49074
7368,49075
7368,49076
7368,49077
7368,49078
7368,49079
7368,49080
7368,49081
7368,49082
7368,49083
7368,49084
7368,49085
7368,49086
7368,49087
7368,49088
7368,49089
7368,49090
7368,49091
7368,49092
7368,49093
7368,49094
7368,49095
7368,49096
7368,49097
7368,49098
7368,49099
7368,49100
7368,49101
7368,49102
7368,49103
7368,49104
7368,49105
7368,49106
7368,49107
7368,49108
7368,49109
7368,49110
7368,49111
7368,49112
7368,49113
7368,49114
7368,49115
7368,49116
7368,49117
7368,49118
7368,49119
7368,49120
7368,49121
7368,49122
7368,49123
7368,49124
7368,49125
7368,49126
7368,49127
7368,49128
7368,49129
7368,49130
7368,49131
7368,49132
7368,49133
7368,49134
7368,49135
7368,49136
7368,49137
7368,49138
7368,49139
7368,49140
7368,49141
7368,49142
7368,49143
7368,49144
7368,49145
7368,49146
7368,49147
7368,49148
7368,49149
7368,49150
7368,49151
7368,49152
7368,49153
7368,49154
7368,49155
7368,49156
7368,49157
7368,49158
7368,49159
7368,49160
7368,49161
7368,49162
7368,49163
7368,49164
7368,49165
7368,49166
7368,49167
7368,49168
7368,49169
7368,49170
7368,49171
7368,49172
7368,49173
7368,49174
7368,49175
7368,49176
7368,49177
7368,49178
7368,49179
7368,49180
7368,49181
7368,49182
7368,49183
7368,49184
7368,49185
7368,49186
7368,49187
7368,49188
7368,49189
7368,49190
7368,49191
7368,49192
7368,49193
7368,49194
7368,49195
7368,49196
7368,49197
7368,49198
7368,49199
7368,49200
7368,49201
7368,49202
7368,49203
7368,49204
7368,49205
7368,49206
7368,49207
7368,49208
7368,49209
7368,49210
7368,49211
7368,49212
7368,49213
7368,49214
7368,49215
7368,49216
7368,49217
7368,49218
7368,49219
7368,49220
7368,49221
7368,49222
7368,49223
7368,49224
7368,49225
7368,49226
7368,49227
7368,49228
7368,49229
7368,49230
7368,49231
7368,49232
7368,49233
7368,49234
7368,49235
7368,49236
7369,49044
7369,49045
7369,49046
7369,49047
7369,49048
7369,49049
7369,49050
7369,49051
7369,49052
7369,49053
7369,49054
7369,49055
7369,49056
7369,49057
7369,49058
7369,49059
7369,49060
7369,49061
7369,49062
7369,49063
7369,49064
7369,49065
7369,49066
7369,49067
7369,49068
7369,49069
7369,49070
7369,49071
7369,49072
7369,49073
7369,49074
7369,49075
7369,49076
7369,49077
7369,49078
7369,49079
7369,49080
7369,49081
7369,49082
7369,49083
7369,49084
7369,49085
7369,49086
7369,49087
7369,49088
7369,49089
7369,49090
7369,49091
7369,49092
7369,49093
7369,49094
7369,49095
7369,49096
7369,49097
7369,49098
7369,49099
7369,49100
7369,49101
7369,49102
7369,49103
7369,49104
7369,49105
7369,49106
7369,49107
7369,49108
7369,49109
7369,49110
7369,49111
7369,49112
7369,49113
7369,49114
7369,49115
7369,49116
7369,49117
7369,49118
7369,49119
7369,49120
7369,49121
7369,49122
7369,49123
7369,49124
7369,49125
7369,49126
7369,49127
7369,49128
7369,49129
7369,49130
7369,49131
7369,49132
7369,49133
7369,49134
7369,49135
7369,49136
7369,49137
7369,49138
7369,49139
7369,49140
7369,49141
7369,49142
7369,49143
7369,49144
7369,49145
7369,49146
7369,49147
7369,49148
7369,49149
7369,49150
7369,49151
7369,49152
7369,49153
7369,49154
7369,49155
7369,49156
7369,49157
7369,49158
7369,49159
7369,49160
7369,49161
7369,49162
7369,49163
7369,49164
7369,49165
7369,49166
7369,49167
7369,49168
7369,49169
7369,49170
7369,49171
7369,49172
7369,49173
7369,49174
7369,49175
7369,49176
7369,49177
7369,49178
7369,49179
7369,49180
7369,49181
7369,49182
7369,49183
7369,49184
7369,49185
7369,49186
7369,49187
7369,49188
7369,49189
7369,49190
7369,49191
7369,49192
7369,49193
7369,49194
7369,49195
7369,49196
7369,49197
7369,49198
7369,49199
7369,49200
7369,49201
7369,49202
7369,49203
7369,49204
7369,49205
7369,49206
7369,49207
7369,49208
7369,49209
7369,49210
7369,49211
7369,49212
7369,49213
7369,49214
7369,49215
7369,49216
7369,49217
7369,49218
7369,49219
7369,49220
7369,49221
7369,49222
7369,49223
7369,49224
7369,49225
7369,49226
7369,49227
7369,49228
7369,49229
7369,49230
7369,49231
7369,49232
7369,49233
7369,49234
7369,49235
7370,49044
7370,49045
7370,49046
7370,49047
7370,49048
7370,49049
7370,49050
7370,49051
7370,49052
7370,49053
7370,49054
7370,49055
7370,49056
7370,49057
7370,49058
7370,49059
7370,49060
7370,49061
7370,49062
7370,49063
7370,49064
7370,49065
7370,49066
7370,49067
7370,49068
7370,49069
7370,49070
7370,49071
7370,49072
7370,49073
7370,49074
7370,49075
7370,49076
7370,49077
7370,49078
7370,49079
7370,49080
7370,49081
7370,49082
7370,49083
7370,49084
7370,49085
7370,49086
7370,49087
7370,49088
7370,49089
7370,49090
7370,49091
7370,49092
7370,49093
7370,49094
7370,49095
7370,49096
7370,49097
7370,49098
7370,49099
7370,49100
7370,49101
7370,49102
7370,49103
7370,49104
7370,49105
7370,49106
7370,49107
7370,49108
7370,49109
7370,49110
7370,49111
7370,49112
7370,49113
7370,49114
7370,49115
7370,49116
7370,49117
7370,49118
7370,49119
7370,49120
7370,49121
7370,49122
7370,49123
7370,49124
7370,49125
7370,49126
7370,49127
7370,49128
7370,49129
7370,49130
7370,49131
7370,49132
7370,49133
7370,49134
7370,49135
7370,49136
7370,49137
7370,49138
7370,49139
7370,49140
7370,49141
7370,49142
7370,49143
7370,49144
7370,49145
7370,49146
7370,49147
7370,49148
7370,49149
7370,49150
7370,49151
7370,49152
7370,49153
7370,49154
7370,49155
7370,49156
7370,49157
7370,49158
7370,49159
7370,49160
7370,49161
7370,49162
7370,49163
7370,49164
7370,49165
7370,49166
7370,49167
7370,49168
7370,49169
7370,49170
7370,49171
7370,49172
7370,49173
7370,49174
7370,49175
7370,49176
7370,49177
7370,49178
7370,49179
7370,49180
7370,49181
7370,49182
7370,49183
7370,49184
7370,49185
7370,49186
7370,49187
7370,49188
7370,49189
7370,49190
7370,49191
7370,49192
7370,49193
7370,49194
7370,49195
7370,49196
7370,49197
7370,49198
7370,49199
7370,49200
7370,49201
7370,49202
7370,49203
7370,49204
7370,49205
7370,49206
7370,49207
7370,49208
7370,49209
7370,49210
7370,49211
7370,49212
7370,49213
7370,49214
7370,49215
7370,49216
7370,49217
7370,49218
7370,49219
7370,49220
7370,49221
7370,49222
7370,49223
7370,49224
7370,49225
7370,49226
7370,49227
7370,49228
7370,49229
7370,49230
7370,49231
7370,49232
7370,49233
7370,49234
7371,49045
7371,49046
7371,49047
7371,49048
7371,49049
7371,49050
7371,49051
7371,49052
7371,49053
7371,49054
7371,49055
7371,49056
7371,49057
7371,49058
7371,49059
7371,49060
7371,49061
7371,49062
7371,49063
7371,49064
7371,49065
7371,49066
7371,49067
7371,49068
7371,49069
7371,49070
7371,49071
7371,49072
7371,49073
7371,49074
7371,49075
7371,49076
7371,49077
7371,49078
7371,49079
7371,49080
7371,49081
7371,49082
7371,49083
7371,49084
7371,49085
7371,49086
7371,49087
7371,49088
7371,49089
7371,49090
7371,49091
7371,49092
7371,49093
7371,49094
7371,49095
7371,49096
7371,49097
7371,49098
7371,49099
7371,49100
7371,49101
7371,49102
7371,49103
7371,49104
7371,49105
7371,49106
7371,49107
7371,49108
7371,49109
7371,49110
7371,49111
7371,49112
7371,49113
7371,49114
7371,49115
7371,49116
7371,49117
7371,49118
7371,49119
7371,49120
7371,49121
7371,49122
7371,49123
7371,49124
7371,49125
7371,49126
7371,49127
7371,49128
7371,49129
7371,49130
7371,49131
7371,49132
7371,49133
7371,49134
7371,49135
7371,49136
7371,49137
7371,49138
7371,49139
7371,49140
7371,49141
7371,49142
7371,49143
7371,49144
7371,49145
7371,49146
7371,49147
7371,49148
7371,49149
7371,49150
7371,49151
7371,49152
7371,49153
7371,49154
7371,49155
7371,49156
7371,49157
7371,49158
7371,49159
7371,49160
7371,49161
7371,49162
7371,49163
7371,49164
7371,49165
7371,49166
7371,49167
7371,49168
7371,49169
7371,49170
7371,49171
7371,49172
7371,49173
7371,49174
7371,49175
7371,49176
7371,49177
7371,49178
7371,49179
7371,49180
7371,49181
7371,49182
7371,49183
7371,49184
7371,49185
7371,49186
7371,49187
7371,49188
7371,49189
7371,49190
7371,49191
7371,49192
7371,49193
7371,49194
7371,49195
7371,49196
7371,49197
7371,49198
7371,49199
7371,49200
7371,49201
7371,49202
7371,49203
7371,49204
7371,49205
7371,49206
7371,49207
7371,49208
7371,49209
7371,49210
7371,49211
7371,49212
7371,49213
7371,49214
7371,49215
7371,49216
7371,49217
7371,49218
7371,49219
7371,49220
7371,49221
7371,49222
7371,49223
7371,49224
7371,49225
7371,49226
7371,49227
7371,49228
7371,49229
7371,49230
7371,49231
7372,49046
7372,49047
7372,49048
7372,49049
7372,49050
7372,49051
7372,49052
7372,49053
7372,49054
7372,49055
7372,49056
7372,49057
7372,49058
7372,49059
7372,49060
7372,49061
7372,49062
7372,49063
7372,49064
7372,49065
7372,49066
7372,49067
7372,49068
7372,49069
7372,49070
7372,49071
7372,49072
7372,49073
7372,49074
7372,49075
7372,49076
7372,49077
7372,49078
7372,49079
7372,49080
7372,49081
7372,49082
7372,49083
7372,49084
7372,49085
7372,49086
7372,49087
7372,49088
7372,49089
7372,49090
7372,49091
7372,49092
7372,49093
7372,49094
7372,49095
7372,49096
7372,49097
7372,49098
7372,49099
7372,49100
7372,49101
7372,49102
7372,49103
7372,49104
7372,49105
7372,49106
7372,49107
7372,49108
7372,49109
7372,49110
7372,49111
7372,49112
7372,49113
7372,49114
7372,49115
7372,49116
7372,49117
7372,49118
7372,49119
7372,49120
7372,49121
7372,49122
7372,49123
7372,49124
7372,49125
7372,49126
7372,49127
7372,49128
7372,49129
7372,49130
7372,49131
7372,49132
7372,49133
7372,49134
7372,49135
7372,49136
7372,49137
7372,49138
7372,49139
7372,49140
7372,49141
7372,49142
7372,49143
7372,49144
7372,49145
7372,49146
7372,49147
7372,49148
7372,49149
7372,49150
7372,49151
7372,49152
7372,49153
7372,49154
7372,49155
7372,49156
7372,49157
7372,49158
7372,49159
7372,49160
7372,49161
7372,49162
7372,49163
7372,49164
7372,49165
7372,49166
7372,49167
7372,49168
7372,49169
7372,49170
7372,49171
7372,49172
7372,49173
7372,49174
7372,49175
7372,49176
7372,49177
7372,49178
7372,49179
7372,49180
7372,49181
7372,49182
7372,49183
7372,49184
7372,49185
7372,49186
7372,49187
7372,49188
7372,49189
7372,49190
7372,49191
7372,49192
7372,49193
7372,49194
7372,49195
7372,49196
7372,49197
7372,49198
7372,49199
7372,49200
7372,49201
7372,49202
7372,49203
7372,49204
7372,49205
7372,49206
7372,49207
7372,49208
7372,49209
7372,49210
7372,49211
7372,49212
7372,49213
7372,49214
7372,49215
7372,49216
7372,49217
7372,49218
7372,49219
7372,49220
7372,49221
7372,49222
7372,49223
7372,49224
7372,49225
7372,49226
7372,49227
7372,49228
7372,49229
7372,49230
7372,49231
7372,49232
7373,49048
7373,49049
7373,49050
7373,49051
7373,49052
7373,49053
7373,49054
7373,49055
7373,49056
7373,49057
7373,49058
7373,49059
7373,49060
7373,49061
7373,49062
7373,49063
7373,49064
7373,49065
7373,49066
7373,49067
7373,49068
7373,49069
7373,49070
7373,49071
7373,49072
7373,49073
7373,49074
7373,49075
7373,49076
7373,49077
7373,49078
7373,49079
7373,49080
7373,49081
7373,49082
7373,49083
7373,49084
7373,49085
7373,49086
7373,49087
7373,49088
7373,49089
7373,49090
7373,49091
7373,49092
7373,49093
7373,49094
7373,49095
7373,49096
7373,49097
7373,49098
7373,49099
7373,49100
7373,49101
7373,49102
7373,49103
7373,49104
7373,49105
7373,49106
7373,49107
7373,49108
7373,49109
7373,49110
7373,49111
7373,49112
7373,49113
7373,49114
7373,49115
7373,49116
7373,49117
7373,49118
7373,49119
7373,49120
7373,49121
7373,49122
7373,49123
7373,49124
7373,49125
7373,49126
7373,49127
7373,49128
7373,49129
7373,49130
7373,49131
7373,49132
7373,49133
7373,49134
7373,49135
7373,49136
7373,49137
7373,49138
7373,49139
7373,49140
7373,49141
7373,49142
7373,49143
7373,49144
7373,49145
7373,49146
7373,49147
7373,49148
7373,49149
7373,49150
7373,49151
7373,49152
7373,49153
7373,49154
7373,49155
7373,49156
7373,49157
7373,49158
7373,49159
7373,49160
7373,49161
7373,49162
7373,49163
7373,49164
7373,49165
7373,49166
7373,49167
7373,49168
7373,49169
7373,49170
7373,49171
7373,49172
7373,49173
7373,49174
7373,49175
7373,49176
7373,49177
7373,49178
7373,49179
7373,49180
7373,49181
7373,49182
7373,49183
7373,49184
7373,49185
7373,49186
7373,49187
7373,49188
7373,49189
7373,49190
7373,49191
7373,49192
7373,49193
7373,49194
7373,49195
7373,49196
7373,49197
7373,49198
7373,49199
7373,49200
7373,49201
7373,49202
7373,49203
7373,49204
7373,49205
7373,49206
7373,49207
7373,49208
7373,49209
7373,49210
7373,49211
7373,49212
7373,49213
7373,49214
7373,49215
7373,49216
7373,49217
7373,49218
7373,49219
7373,49220
7373,49221
7373,49222
7373,49223
7373,49224
7373,49225
7373,49226
7373,49227
7373,49228
7373,49229
7373,49230
7373,49231
7373,49232
7373,49233
7374,49049
7374,49050
7374,49051
7374,49052
7374,49053
7374,49054
7374,49055
7374,49056
7374,49057
7374,49058
7374,49059
7374,49060
7374,49061
7374,49062
7374,49063
7374,49064
7374,49065
7374,49066
7374,49067
7374,49068
7374,49069
7374,49070
7374,49071
7374,49072
7374,49073
7374,49074
7374,49075
7374,49076
7374,49077
7374,49078
7374,49079
7374,49080
7374,49081
7374,49082
7374,49083
7374,49084
7374,49085
7374,49086
7374,49087
7374,49088
7374,49089
7374,49090
7374,49091
7374,49092
7374,49093
7374,49094
7374,49095
7374,49096
7374,49097
7374,49098
7374,49099
7374,49100
7374,49101
7374,49102
7374,49103
7374,49104
7374,49105
7374,49106
7374,49107
7374,49108
7374,49109
7374,49110
7374,49111
7374,49112
7374,49113
7374,49114
7374,49115
7374,49116
7374,49117
7374,49118
7374,49119
7374,49120
7374,49121
7374,49122
7374,49123
7374,49124
7374,49125
7374,49126
7374,49127
7374,49128
7374,49129
7374,49130
7374,49131
7374,49132
7374,49133
7374,49134
7374,49135
7374,49136
7374,49137
7374,49138
7374,49139
7374,49140
7374,49141
7374,49142
7374,49143
7374,49144
7374,49145
7374,49146
7374,49147
7374,49148
7374,49149
7374,49150
7374,49151
7374,49152
7374,49153
7374,49154
7374,49155
7374,49156
7374,49157
7374,49158
7374,49159
7374,49160
7374,49161
7374,49162
7374,49163
7374,49164
7374,49165
7374,49166
7374,49167
7374,49168
7374,49169
7374,49170
7374,49171
7374,49172
7374,49173
7374,49174
7374,49175
7374,49176
7374,49177
7374,49178
7374,49179
7374,49180
7374,49181
7374,49182
7374,49183
7374,49184
7374,49185
7374,49186
7374,49187
7374,49188
7374,49189
7374,49190
7374,49191
7374,49192
7374,49193
7374,49194
7374,49195
7374,49196
7374,49197
7374,49198
7374,49199
7374,49200
7374,49201
7374,49202
7374,49203
7374,49204
7374,49205
7374,49206
7374,49207
7374,49208
7374,49209
7374,49210
7374,49211
7374,49212
7374,49213
7374,49214
7374,49215
7374,49216
7374,49217
7374,49218
7374,49219
7374,49220
7374,49221
7374,49222
7374,49223
7374,49224
7374,49225
7374,49226
7374,49227
7374,49228
7374,49229
7374,49230
7374,49231
7374,49232
7374,49233
7374,49234
7375,49049
7375,49050
7375,49051
7375,49052
7375,49053
7375,49054
7375,49055
7375,49056
7375,49057
7375,49058
7375,49059
7375,49060
7375,49061
7375,49062
7375,49063
7375,49064
7375,49065
7375,49066
7375,49067
7375,49068
7375,49069
7375,49070
7375,49071
7375,49072
7375,49073
7375,49074
7375,49075
7375,49076
7375,49077
7375,49078
7375,49079
7375,49080
7375,49081
7375,49082
7375,49083
7375,49084
7375,49085
7375,49086
7375,49087
7375,49088
7375,49089
7375,49090
7375,49091
7375,49092
7375,49093
7375,49094
7375,49095
7375,49096
7375,49097
7375,49098
7375,49099
7375,49100
7375,49101
7375,49102
7375,49103
7375,49104
7375,49105
7375,49106
7375,49107
7375,49108
7375,49109
7375,49110
7375,49111
7375,49112
7375,49113
7375,49114
7375,49115
7375,49116
7375,49117
7375,49118
7375,49119
7375,49120
7375,49121
7375,49122
7375,49123
7375,49124
7375,49125
7375,49126
7375,49127
7375,49128
7375,49129
7375,49130
7375,49131
7375,49132
7375,49133
7375,49134
7375,49135
7375,49136
7375,49137
7375,49138
7375,49139
7375,49140
7375,49141
7375,49142
7375,49143
7375,49144
7375,49145
7375,49146
7375,49147
7375,49148
7375,49149
7375,49150
7375,49151
7375,49152
7375,49153
7375,49154
7375,49155
7375,49156
7375,49157
7375,49158
7375,49159
7375,49160
7375,49161
7375,49162
7375,49163
7375,49164
7375,49165
7375,49166
7375,49167
7375,49168
7375,49169
7375,49170
7375,49171
7375,49172
7375,49173
7375,49174
7375,49175
7375,49176
7375,49177
7375,49178
7375,49179
7375,49180
7375,49181
7375,49182
7375,49183
7375,49184
7375,49185
7375,49186
7375,49187
7375,49188
7375,49189
7375,49190
7375,49191
7375,49192
7375,49193
7375,49194
7375,49195
7375,49196
7375,49197
7375,49198
7375,49199
7375,49200
7375,49201
7375,49202
7375,49203
7375,49204
7375,49205
7375,49206
7375,49207
7375,49208
7375,49209
7375,49210
7375,49211
7375,49212
7375,49213
7375,49214
7375,49215
7375,49216
7375,49217
7375,49218
7375,49219
7375,49220
7375,49221
7375,49222
7375,49223
7375,49224
7375,49225
7375,49226
7375,49227
7375,49228
7375,49229
7375,49230
7375,49231
7375,49232
7375,49233
7375,49234
7375,49235
7376,49050
7376,49051
7376,49052
7376,49053
7376,49054
7376,49055
7376,49056
7376,49057
7376,49058
7376,49059
7376,49060
7376,49061
7376,49062
7376,49063
7376,49064
7376,49065
7376,49066
7376,49067
7376,49068
7376,49069
7376,49070
7376,49071
7376,49072
7376,49073
7376,49074
7376,49075
7376,49076
7376,49077
7376,49078
7376,49079
7376,49080
7376,49081
7376,49082
7376,49083
7376,49084
7376,49085
7376,49086
7376,49087
7376,49088
7376,49089
7376,49090
7376,49091
7376,49092
7376,49093
7376,49094
7376,49095
7376,49096
7376,49097
7376,49098
7376,49099
7376,49100
7376,49101
7376,49102
7376,49103
7376,49104
7376,49105
7376,49106
7376,49107
7376,49108
7376,49109
7376,49110
7376,49111
7376,49112
7376,49113
7376,49114
7376,49115
7376,49116
7376,49117
7376,49118
7376,49119
7376,49120
7376,49121
7376,49122
7376,49123
7376,49124
7376,49125
7376,49126
7376,49127
7376,49128
7376,49129
7376,49130
7376,49131
7376,49132
7376,49133
7376,49134
7376,49135
7376,49136
7376,49137
7376,49138
7376,49139
7376,49140
7376,49141
7376,49142
7376,49143
7376,49144
7376,49145
7376,49146
7376,49147
7376,49148
7376,49149
7376,49150
7376,49151
7376,49152
7376,49153
7376,49154
7376,49155
7376,49156
7376,49157
7376,49158
7376,49159
7376,49160
7376,49161
7376,49162
7376,49163
7376,49164
7376,49165
7376,49166
7376,49167
7376,49168
7376,49169
7376,49170
7376,49171
7376,49172
7376,49173
7376,49174
7376,49175
7376,49176
7376,49177
7376,49178
7376,49179
7376,49180
7376,49181
7376,49182
7376,49183
7376,49184
7376,49185
7376,49186
7376,49187
7376,49188
7376,49189
7376,49190
7376,49191
7376,49192
7376,49193
7376,49194
7376,49195
7376,49196
7376,49197
7376,49198
7376,49199
7376,49200
7376,49201
7376,49202
7376,49203
7376,49204
7376,49205
7376,49206
7376,49207
7376,49208
7376,49209
7376,49210
7376,49211
7376,49212
7376,49213
7376,49214
7376,49215
7376,49216
7376,49217
7376,49218
7376,49219
7376,49220
7376,49221
7376,49222
7376,49223
7376,49224
7376,49225
7376,49226
7376,49227
7376,49228
7376,49229
7376,49230
7376,49231
7376,49232
7376,49233
7376,49234
7376,49235
7377,49050
7377,49051
7377,49052
7377,49053
7377,49054
7377,49055
7377,49056
7377,49057
7377,49058
7377,49059
7377,49060
7377,49061
7377,49062
7377,49063
7377,49064
7377,49065
7377,49066
7377,49067
7377,49068
7377,49069
7377,49070
7377,49071
7377,49072
7377,49073
7377,49074
7377,49075
7377,49076
7377,49077
7377,49078
7377,49079
7377,49080
7377,49081
7377,49082
7377,49083
7377,49084
7377,49085
7377,49086
7377,49087
7377,49088
7377,49089
7377,49090
7377,49091
7377,49092
7377,49093
7377,49094
7377,49095
7377,49096
7377,49097
7377,49098
7377,49099
7377,49100
7377,49101
7377,49102
7377,49103
7377,49104
7377,49105
7377,49106
7377,49107
7377,49108
7377,49109
7377,49110
7377,49111
7377,49112
7377,49113
7377,49114
7377,49115
7377,49116
7377,49117
7377,49118
7377,49119
7377,49120
7377,49121
7377,49122
7377,49123
7377,49124
7377,49125
7377,49126
7377,49127
7377,49128
7377,49129
7377,49130
7377,49131
7377,49132
7377,49133
7377,49134
7377,49135
7377,49136
7377,49137
7377,49138
7377,49139
7377,49140
7377,49141
7377,49142
7377,49143
7377,49144
7377,49145
7377,49146
7377,49147
7377,49148
7377,49149
7377,49150
7377,49151
7377,49152
7377,49153
7377,49154
7377,49155
7377,49156
7377,49157
7377,49158
7377,49159
7377,49160
7377,49161
7377,49162
7377,49163
7377,49164
7377,49165
7377,49166
7377,49167
7377,49168
7377,49169
7377,49170
7377,49171
7377,49172
7377,49173
7377,49174
7377,49175
7377,49176
7377,49177
7377,49178
7377,49179
7377,49180
7377,49181
7377,49182
7377,49183
7377,49184
7377,49185
7377,49186
7377,49187
7377,49188
7377,49189
7377,49190
7377,49191
7377,49192
7377,49193
7377,49194
7377,49195
7377,49196
7377,49197
7377,49198
7377,49199
7377,49200
7377,49201
7377,49202
7377,49203
7377,49204
7377,49205
7377,49206
7377,49207
7377,49208
7377,49209
7377,49210
7377,49211
7377,49212
7377,49213
7377,49214
7377,49215
7377,49216
7377,49217
7377,49218
7377,49219
7377,49220
7377,49221
7377,49222
7377,49223
7377,49224
7377,49225
7377,49226
7377,49227
7377,49228
7377,49229
7377,49230
7377,49231
7377,49232
7377,49233
7377,49234
7377,49235
7377,49236
7378,49051
7378,49052
7378,49053
7378,49054
7378,49055
7378,49056
7378,49057
7378,49058
7378,49059
7378,49060
7378,49061
7378,49062
7378,49063
7378,49064
7378,49065
7378,49066
7378,49067
7378,49068
7378,49069
7378,49070
7378,49071
7378,49072
7378,49073
7378,49074
7378,49075
7378,49076
7378,49077
7378,49078
7378,49079
7378,49080
7378,49081
7378,49082
7378,49083
7378,49084
7378,49085
7378,49086
7378,49087
7378,49088
7378,49089
7378,49090
7378,49091
7378,49092
7378,49093
7378,49094
7378,49095
7378,49096
7378,49097
7378,49098
7378,49099
7378,49100
7378,49101
7378,49102
7378,49103
7378,49104
7378,49105
7378,49106
7378,49107
7378,49108
7378,49109
7378,49110
7378,49111
7378,49112
7378,49113
7378,49114
7378,49115
7378,49116
7378,49117
7378,49118
7378,49119
7378,49120
7378,49121
7378,49122
7378,49123
7378,49124
7378,49125
7378,49126
7378,49127
7378,49128
7378,49129
7378,49130
7378,49131
7378,49132
7378,49133
7378,49134
7378,49135
7378,49136
7378,49137
7378,49138
7378,49139
7378,49140
7378,49141
7378,49142
7378,49143
7378,49144
7378,49145
7378,49146
7378,49147
7378,49148
7378,49149
7378,49150
7378,49151
7378,49152
7378,49153
7378,49154
7378,49155
7378,49156
7378,49157
7378,49158
7378,49159
7378,49160
7378,49161
7378,49162
7378,49163
7378,49164
7378,49165
7378,49166
7378,49167
7378,49168
7378,49169
7378,49170
7378,49171
7378,49172
7378,49173
7378,49174
7378,49175
7378,49176
7378,49177
7378,49178
7378,49179
7378,49180
7378,49181
7378,49182
7378,49183
7378,49184
7378,49185
7378,49186
7378,49187
7378,49188
7378,49189
7378,49190
7378,49191
7378,49192
7378,49193
7378,49194
7378,49195
7378,49196
7378,49197
7378,49198
7378,49199
7378,49200
7378,49201
7378,49202
7378,49203
7378,49204
7378,49205
7378,49206
7378,49207
7378,49208
7378,49209
7378,49210
7378,49211
7378,49212
7378,49213
7378,49214
7378,49215
7378,49216
7378,49217
7378,49218
7378,49219
7378,49220
7378,49221
7378,49222
7378,49223
7378,49224
7378,49225
7378,49226
7378,49227
7378,49228
7378,49229
7378,49230
7378,49231
7378,49232
7378,49233
7378,49234
7378,49235
7378,49236
7379,49052
7379,49053
7379,49054
7379,49055
7379,49056
7379,49057
7379,49058
7379,49059
7379,49060
7379,49061
7379,49062
7379,49063
7379,49064
7379,49065
7379,49066
7379,49067
7379,49068
7379,49069
7379,49070
7379,49071
7379,49072
7379,49073
7379,49074
7379,49075
7379,49076
7379,49077
7379,49078
7379,49079
7379,49080
7379,49081
7379,49082
7379,49083
7379,49084
7379,49085
7379,49086
7379,49087
7379,49088
7379,49089
7379,49090
7379,49091
7379,49092
7379,49093
7379,49094
7379,49095
7379,49096
7379,49097
7379,49098
7379,49099
7379,49100
7379,49101
7379,49102
7379,49103
7379,49104
7379,49105
7379,49106
7379,49107
7379,49108
7379,49109
7379,49110
7379,49111
7379,49112
7379,49113
7379,49114
7379,49115
7379,49116
7379,49117
7379,49118
7379,49119
7379,49120
7379,49121
7379,49122
7379,49123
7379,49124
7379,49125
7379,49126
7379,49127
7379,49128
7379,49129
7379,49130
7379,49131
7379,49132
7379,49133
7379,49134
7379,49135
7379,49136
7379,49137
7379,49138
7379,49139
7379,49140
7379,49141
7379,49142
7379,49143
7379,49144
7379,49145
7379,49146
7379,49147
7379,49148
7379,49149
7379,49150
7379,49151
7379,49152
7379,49153
7379,49154
7379,49155
7379,49156
7379,49157
7379,49158
7379,49159
7379,49160
7379,49161
7379,49162
7379,49163
7379,49164
7379,49165
7379,49166
7379,49167
7379,49168
7379,49169
7379,49170
7379,49171
7379,49172
7379,49173
7379,49174
7379,49175
7379,49176
7379,49177
7379,49178
7379,49179
7379,49180
7379,49181
7379,49182
7379,49183
7379,49184
7379,49185
7379,49186
7379,49187
7379,49188
7379,49189
7379,49190
7379,49191
7379,49192
7379,49193
7379,49194
7379,49195
7379,49196
7379,49197
7379,49198
7379,49199
7379,49200
7379,49201
7379,49202
7379,49203
7379,49204
7379,49205
7379,49206
7379,49207
7379,49208
7379,49209
7379,49210
7379,49211
7379,49212
7379,49213
7379,49214
7379,49215
7379,49216
7379,49217
7379,49218
7379,49219
7379,49220
7379,49221
7379,49222
7379,49223
7379,49224
7379,49225
7379,49226
7379,49227
7379,49228
7379,49229
7379,49230
7379,49231
7379,49232
7379,49233
7379,49234
7379,49235
7379,49236
7379,49237
7380,49052
7380,49053
7380,49054
7380,49055
7380,49056
7380,49057
7380,49058
7380,49059
7380,49060
7380,49061
7380,49062
7380,49063
7380,49064
7380,49065
7380,49066
7380,49067
7380,49068
7380,49069
7380,49070
7380,49071
7380,49072
7380,49073
7380,49074
7380,49075
7380,49076
7380,49077
7380,49078
7380,49079
7380,49080
7380,49081
7380,49082
7380,49083
7380,49084
7380,49085
7380,49086
7380,49087
7380,49088
7380,49089
7380,49090
7380,49091
7380,49092
7380,49093
7380,49094
7380,49095
7380,49096
7380,49097
7380,49098
7380,49099
7380,49100
7380,49101
7380,49102
7380,49103
7380,49104
7380,49105
7380,49106
7380,49107
7380,49108
7380,49109
7380,49110
7380,49111
7380,49112
7380,49113
7380,49114
7380,49115
7380,49116
7380,49117
7380,49118
7380,49119
7380,49120
7380,49121
7380,49122
7380,49123
7380,49124
7380,49125
7380,49126
7380,49127
7380,49128
7380,49129
7380,49130
7380,49131
7380,49132
7380,49133
7380,49134
7380,49135
7380,49136
7380,49137
7380,49138
7380,49139
7380,49140
7380,49141
7380,49142
7380,49143
7380,49144
7380,49145
7380,49146
7380,49147
7380,49148
7380,49149
7380,49150
7380,49151
7380,49152
7380,49153
7380,49154
7380,49155
7380,49156
7380,49157
7380,49158
7380,49159
7380,49160
7380,49161
7380,49162
7380,49163
7380,49164
7380,49165
7380,49166
7380,49167
7380,49168
7380,49169
7380,49170
7380,49171
7380,49172
7380,49173
7380,49174
7380,49175
7380,49176
7380,49177
7380,49178
7380,49179
7380,49180
7380,49181
7380,49182
7380,49183
7380,49184
7380,49185
7380,49186
7380,49187
7380,49188
7380,49189
7380,49190
7380,49191
7380,49192
7380,49193
7380,49194
7380,49195
7380,49196
7380,49197
7380,49198
7380,49199
7380,49200
7380,49201
7380,49202
7380,49203
7380,49204
7380,49205
7380,49206
7380,49207
7380,49208
7380,49209
7380,49210
7380,49211
7380,49212
7380,49213
7380,49214
7380,49215
7380,49216
7380,49217
7380,49218
7380,49219
7380,49220
7380,49221
7380,49222
7380,49223
7380,49224
7380,49225
7380,49226
7380,49227
7380,49228
7380,49229
7380,49230
7380,49231
7380,49232
7380,49233
7380,49234
7380,49235
7380,49236
7380,49237
7380,49238
7381,49053
7381,49054
7381,49055
7381,49056
7381,49057
7381,49058
7381,49059
7381,49060
7381,49061
7381,49062
7381,49063
7381,49064
7381,49065
7381,49066
7381,49067
7381,49068
7381,49069
7381,49070
7381,49071
7381,49072
7381,49073
7381,49074
7381,49075
7381,49076
7381,49077
7381,49078
7381,49079
7381,49080
7381,49081
7381,49082
7381,49083
7381,49084
7381,49085
7381,49086
7381,49087
7381,49088
7381,49089
7381,49090
7381,49091
7381,49092
7381,49093
7381,49094
7381,49095
7381,49096
7381,49097
7381,49098
7381,49099
7381,49100
7381,49101
7381,49102
7381,49103
7381,49104
7381,49105
7381,49106
7381,49107
7381,49108
7381,49109
7381,49110
7381,49111
7381,49112
7381,49113
7381,49114
7381,49115
7381,49116
7381,49117
7381,49118
7381,49119
7381,49120
7381,49121
7381,49122
7381,49123
7381,49124
7381,49125
7381,49126
7381,49127
7381,49128
7381,49129
7381,49130
7381,49131
7381,49132
7381,49133
7381,49134
7381,49135
7381,49136
7381,49137
7381,49138
7381,49139
7381,49140
7381,49141
7381,49142
7381,49143
7381,49144
7381,49145
7381,49146
7381,49147
7381,49148
7381,49149
7381,49150
7381,49151
7381,49152
7381,49153
7381,49154
7381,49155
7381,49156
7381,49157
7381,49158
7381,49159
7381,49160
7381,49161
7381,49162
7381,49163
7381,49164
7381,49165
7381,49166
7381,49167
7381,49168
7381,49169
7381,49170
7381,49171
7381,49172
7381,49173
7381,49174
7381,49175
7381,49176
7381,49177
7381,49178
7381,49179
7381,49180
7381,49181
7381,49182
7381,49183
7381,49184
7381,49185
7381,49186
7381,49187
7381,49188
7381,49189
7381,49190
7381,49191
7381,49192
7381,49193
7381,49194
7381,49195
7381,49196
7381,49197
7381,49198
7381,49199
7381,49200
7381,49201
7381,49202
7381,49203
7381,49204
7381,49205
7381,49206
7381,49207
7381,49208
7381,49209
7381,49210
7381,49211
7381,49212
7381,49213
7381,49214
7381,49215
7381,49216
7381,49217
7381,49218
7381,49219
7381,49220
7381,49221
7381,49222
7381,49223
7381,49224
7381,49225
7381,49226
7381,49227
7381,49228
7381,49229
7381,49230
7381,49231
7381,49232
7381,49233
7381,49234
7381,49235
7381,49236
7381,49237
7381,49238
7382,49054
7382,49055
7382,49056
7382,49057
7382,49058
7382,49059
7382,49060
7382,49061
7382,49062
7382,49063
7382,49064
7382,49065
7382,49066
7382,49067
7382,49068
7382,49069
7382,49070
7382,49071
7382,49072
7382,49073
7382,49074
7382,49075
7382,49076
7382,49077
7382,49078
7382,49079
7382,49080
7382,49081
7382,49082
7382,49083
7382,49084
7382,49085
7382,49086
7382,49087
7382,49088
7382,49089
7382,49090
7382,49091
7382,49092
7382,49093
7382,49094
7382,49095
7382,49096
7382,49097
7382,49098
7382,49099
7382,49100
7382,49101
7382,49102
7382,49103
7382,49104
7382,49105
7382,49106
7382,49107
7382,49108
7382,49109
7382,49110
7382,49111
7382,49112
7382,49113
7382,49114
7382,49115
7382,49116
7382,49117
7382,49118
7382,49119
7382,49120
7382,49121
7382,49122
7382,49123
7382,49124
7382,49125
7382,49126
7382,49127
7382,49128
7382,49129
7382,49130
7382,49131
7382,49132
7382,49133
7382,49134
7382,49135
7382,49136
7382,49137
7382,49138
7382,49139
7382,49140
7382,49141
7382,49142
7382,49143
7382,49144
7382,49145
7382,49146
7382,49147
7382,49148
7382,49149
7382,49150
7382,49151
7382,49152
7382,49153
7382,49154
7382,49155
7382,49156
7382,49157
7382,49158
7382,49159
7382,49160
7382,49161
7382,49162
7382,49163
7382,49164
7382,49165
7382,49166
7382,49167
7382,49168
7382,49169
7382,49170
7382,49171
7382,49172
7382,49173
7382,49174
7382,49175
7382,49176
7382,49177
7382,49178
7382,49179
7382,49180
7382,49181
7382,49182
7382,49183
7382,49184
7382,49185
7382,49186
7382,49187
7382,49188
7382,49189
7382,49190
7382,49191
7382,49192
7382,49193
7382,49194
7382,49195
7382,49196
7382,49197
7382,49198
7382,49199
7382,49200
7382,49201
7382,49202
7382,49203
7382,49204
7382,49205
7382,49206
7382,49207
7382,49208
7382,49209
7382,49210
7382,49211
7382,49212
7382,49213
7382,49214
7382,49215
7382,49216
7382,49217
7382,49218
7382,49219
7382,49220
7382,49221
7382,49222
7382,49223
7382,49224
7382,49225
7382,49226
7382,49227
7382,49228
7382,49229
7382,49230
7382,49231
7382,49232
7382,49233
7382,49234
7382,49235
7382,49236
7382,49237
7382,49238
7383,49054
7383,49055
7383,49056
7383,49057
7383,49058
7383,49059
7383,49060
7383,49061
7383,49062
7383,49063
7383,49064
7383,49065
7383,49066
7383,49067
7383,49068
7383,49069
7383,49070
7383,49071
7383,49072
7383,49073
7383,49074
7383,49075
7383,49076
7383,49077
7383,49078
7383,49079
7383,49080
7383,49081
7383,49082
7383,49083
7383,49084
7383,49085
7383,49086
7383,49087
7383,49088
7383,49089
7383,49090
7383,49091
7383,49092
7383,49093
7383,49094
7383,49095
7383,49096
7383,49097
7383,49098
7383,49099
7383,49100
7383,49101
7383,49102
7383,49103
7383,49104
7383,49105
7383,49106
7383,49107
7383,49108
7383,49109
7383,49110
7383,49111
7383,49112
7383,49113
7383,49114
7383,49115
7383,49116
7383,49117
7383,49118
7383,49119
7383,49120
7383,49121
7383,49122
7383,49123
7383,49124
7383,49125
7383,49126
7383,49127
7383,49128
7383,49129
7383,49130
7383,49131
7383,49132
7383,49133
7383,49134
7383,49135
7383,49136
7383,49137
7383,49138
7383,49139
7383,49140
7383,49141
7383,49142
7383,49143
7383,49144
7383,49145
7383,49146
7383,49147
7383,49148
7383,49149
7383,49150
7383,49151
7383,49152
7383,49153
7383,49154
7383,49155
7383,49156
7383,49157
7383,49158
7383,49159
7383,49160
7383,49161
7383,49162
7383,49163
7383,49164
7383,49165
7383,49166
7383,49167
7383,49168
7383,49169
7383,49170
7383,49171
7383,49172
7383,49173
7383,49174
7383,49175
7383,49176
7383,49177
7383,49178
7383,49179
7383,49180
7383,49181
7383,49182
7383,49183
7383,49184
7383,49185
7383,49186
7383,49187
7383,49188
7383,49189
7383,49190
7383,49191
7383,49192
7383,49193
7383,49194
7383,49195
7383,49196
7383,49197
7383,49198
7383,49199
7383,49200
7383,49201
7383,49202
7383,49203
7383,49204
7383,49205
7383,49206
7383,49207
7383,49208
7383,49209
7383,49210
7383,49211
7383,49212
7383,49213
7383,49214
7383,49215
7383,49216
7383,49217
7383,49218
7383,49219
7383,49220
7383,49221
7383,49222
7383,49223
7383,49224
7383,49225
7383,49226
7383,49227
7383,49228
7383,49229
7383,49230
7383,49231
7383,49232
7383,49233
7383,49234
7383,49235
7383,49236
7383,49237
7383,49238
7383,49239
7384,49055
7384,49056
7384,49057
7384,49058
7384,49059
7384,49060
7384,49061
7384,49062
7384,49063
7384,49064
7384,49065
7384,49066
7384,49067
7384,49068
7384,49069
7384,49070
7384,49071
7384,49072
7384,49073
7384,49074
7384,49075
7384,49076
7384,49077
7384,49078
7384,49079
7384,49080
7384,49081
7384,49082
7384,49083
7384,49084
7384,49085
7384,49086
7384,49087
7384,49088
7384,49089
7384,49090
7384,49091
7384,49092
7384,49093
7384,49094
7384,49095
7384,49096
7384,49097
7384,49098
7384,49099
7384,49100
7384,49101
7384,49102
7384,49103
7384,49104
7384,49105
7384,49106
7384,49107
7384,49108
7384,49109
7384,49110
7384,49111
7384,49112
7384,49113
7384,49114
7384,49115
7384,49116
7384,49117
7384,49118
7384,49119
7384,49120
7384,49121
7384,49122
7384,49123
7384,49124
7384,49125
7384,49126
7384,49127
7384,49128
7384,49129
7384,49130
7384,49131
7384,49132
7384,49133
7384,49134
7384,49135
7384,49136
7384,49137
7384,49138
7384,49139
7384,49140
7384,49141
7384,49142
7384,49143
7384,49144
7384,49145
7384,49146
7384,49147
7384,49148
7384,49149
7384,49150
7384,49151
7384,49152
7384,49153
7384,49154
7384,49155
7384,49156
7384,49157
7384,49158
7384,49159
7384,49160
7384,49161
7384,49162
7384,49163
7384,49164
7384,49165
7384,49166
7384,49167
7384,49168
7384,49169
7384,49170
7384,49171
7384,49172
7384,49173
7384,49174
7384,49175
7384,49176
7384,49177
7384,49178
7384,49179
7384,49180
7384,49181
7384,49182
7384,49183
7384,49184
7384,49185
7384,49186
7384,49187
7384,49188
7384,49189
7384,49190
7384,49191
7384,49192
7384,49193
7384,49194
7384,49195
7384,49196
7384,49197
7384,49198
7384,49199
7384,49200
7384,49201
7384,49202
7384,49203
7384,49204
7384,49205
7384,49206
7384,49207
7384,49208
7384,49209
7384,49210
7384,49211
7384,49212
7384,49213
7384,49214
7384,49215
7384,49216
7384,49217
7384,49218
7384,49219
7384,49220
7384,49221
7384,49222
7384,49223
7384,49224
7384,49225
7384,49226
7384,49227
7384,49228
7384,49229
7384,49230
7384,49231
7384,49232
7384,49233
7384,49234
7384,49235
7384,49236
7384,49237
7384,49238
7385,49056
7385,49057
7385,49058
7385,49059
7385,49060
7385,49061
7385,49062
7385,49063
7385,49064
7385,49065
7385,49066
7385,49067
7385,49068
7385,49069
7385,49070
7385,49071
7385,49072
7385,49073
7385,49074
7385,49075
7385,49076
7385,49077
7385,49078
7385,49079
7385,49080
7385,49081
7385,49082
7385,49083
7385,49084
7385,49085
7385,49086
7385,49087
7385,49088
7385,49089
7385,49090
7385,49091
7385,49092
7385,49093
7385,49094
7385,49095
7385,49096
7385,49097
7385,49098
7385,49099
7385,49100
7385,49101
7385,49102
7385,49103
7385,49104
7385,49105
7385,49106
7385,49107
7385,49108
7385,49109
7385,49110
7385,49111
7385,49112
7385,49113
7385,49114
7385,49115
7385,49116
7385,49117
7385,49118
7385,49119
7385,49120
7385,49121
7385,49122
7385,49123
7385,49124
7385,49125
7385,49126
7385,49127
7385,49128
7385,49129
7385,49130
7385,49131
7385,49132
7385,49133
7385,49134
7385,49135
7385,49136
7385,49137
7385,49138
7385,49139
7385,49140
7385,49141
7385,49142
7385,49143
7385,49144
7385,49145
7385,49146
7385,49147
7385,49148
7385,49149
7385,49150
7385,49151
7385,49152
7385,49153
7385,49154
7385,49155
7385,49156
7385,49157
7385,49158
7385,49159
7385,49160
7385,49161
7385,49162
7385,49163
7385,49164
7385,49165
7385,49166
7385,49167
7385,49168
7385,49169
7385,49170
7385,49171
7385,49172
7385,49173
7385,49174
7385,49175
7385,49176
7385,49177
7385,49178
7385,49179
7385,49180
7385,49181
7385,49182
7385,49183
7385,49184
7385,49185
7385,49186
7385,49187
7385,49188
7385,49189
7385,49190
7385,49191
7385,49192
7385,49193
7385,49194
7385,49195
7385,49196
7385,49197
7385,49198
7385,49199
7385,49200
7385,49201
7385,49202
7385,49203
7385,49204
7385,49205
7385,49206
7385,49207
7385,49208
7385,49209
7385,49210
7385,49211
7385,49212
7385,49213
7385,49214
7385,49215
7385,49216
7385,49217
7385,49218
7385,49219
7385,49220
7385,49221
7385,49222
7385,49223
7385,49224
7385,49225
7385,49226
7385,49227
7385,49228
7385,49229
7385,49230
7385,49231
7385,49232
7385,49233
7385,49234
7385,49235
7385,49236
7385,49237
7385,49238
7386,49056
7386,49057
7386,49058
7386,49059
7386,49060
7386,49061
7386,49062
7386,49063
7386,49064
7386,49065
7386,49066
7386,49067
7386,49068
7386,49069
7386,49070
7386,49071
7386,49072
7386,49073
7386,49074
7386,49075
7386,49076
7386,49077
7386,49078
7386,49079
7386,49080
7386,49081
7386,49082
7386,49083
7386,49084
7386,49085
7386,49086
7386,49087
7386,49088
7386,49089
7386,49090
7386,49091
7386,49092
7386,49093
7386,49094
7386,49095
7386,49096
7386,49097
7386,49098
7386,49099
7386,49100
7386,49101
7386,49102
7386,49103
7386,49104
7386,49105
7386,49106
7386,49107
7386,49108
7386,49109
7386,49110
7386,49111
7386,49112
7386,49113
7386,49114
7386,49115
7386,49116
7386,49117
7386,49118
7386,49119
7386,49120
7386,49121
7386,49122
7386,49123
7386,49124
7386,49125
7386,49126
7386,49127
7386,49128
7386,49129
7386,49130
7386,49131
7386,49132
7386,49133
7386,49134
7386,49135
7386,49136
7386,49137
7386,49138
7386,49139
7386,49140
7386,49141
7386,49142
7386,49143
7386,49144
7386,49145
7386,49146
7386,49147
7386,49148
7386,49149
7386,49150
7386,49151
7386,49152
7386,49153
7386,49154
7386,49155
7386,49156
7386,49157
7386,49158
7386,49159
7386,49160
7386,49161
7386,49162
7386,49163
7386,49164
7386,49165
7386,49166
7386,49167
7386,49168
7386,49169
7386,49170
7386,49171
7386,49172
7386,49173
7386,49174
7386,49175
7386,49176
7386,49177
7386,49178
7386,49179
7386,49180
7386,49181
7386,49182
7386,49183
7386,49184
7386,49185
7386,49186
7386,49187
7386,49188
7386,49189
7386,49190
7386,49191
7386,49192
7386,49193
7386,49194
7386,49195
7386,49196
7386,49197
7386,49198
7386,49199
7386,49200
7386,49201
7386,49202
7386,49203
7386,49204
7386,49205
7386,49206
7386,49207
7386,49208
7386,49209
7386,49210
7386,49211
7386,49212
7386,49213
7386,49214
7386,49215
7386,49216
7386,49217
7386,49218
7386,49219
7386,49220
7386,49221
7386,49222
7386,49223
7386,49224
7386,49225
7386,49226
7386,49227
7386,49228
7386,49229
7386,49230
7386,49231
7386,49232
7386,49233
7386,49234
7386,49235
7386,49236
7386,49237
7386,49238
7387,49056
7387,49057
7387,49058
7387,49059
7387,49060
7387,49061
7387,49062
7387,49063
7387,49064
7387,49065
7387,49066
7387,49067
7387,49068
7387,49069
7387,49070
7387,49071
7387,49072
7387,49073
7387,49074
7387,49075
7387,49076
7387,49077
7387,49078
7387,49079
7387,49080
7387,49081
7387,49082
7387,49083
7387,49084
7387,49085
7387,49086
7387,49087
7387,49088
7387,49089
7387,49090
7387,49091
7387,49092
7387,49093
7387,49094
7387,49095
7387,49096
7387,49097
7387,49098
7387,49099
7387,49100
7387,49101
7387,49102
7387,49103
7387,49104
7387,49105
7387,49106
7387,49107
7387,49108
7387,49109
7387,49110
7387,49111
7387,49112
7387,49113
7387,49114
7387,49115
7387,49116
7387,49117
7387,49118
7387,49119
7387,49120
7387,49121
7387,49122
7387,49123
7387,49124
7387,49125
7387,49126
7387,49127
7387,49128
7387,49129
7387,49130
7387,49131
7387,49132
7387,49133
7387,49134
7387,49135
7387,49136
7387,49137
7387,49138
7387,49139
7387,49140
7387,49141
7387,49142
7387,49143
7387,49144
7387,49145
7387,49146
7387,49147
7387,49148
7387,49149
7387,49150
7387,49151
7387,49152
7387,49153
7387,49154
7387,49155
7387,49156
7387,49157
7387,49158
7387,49159
7387,49160
7387,49161
7387,49162
7387,49163
7387,49164
7387,49165
7387,49166
7387,49167
7387,49168
7387,49169
7387,49170
7387,49171
7387,49172
7387,49173
7387,49174
7387,49175
7387,49176
7387,49177
7387,49178
7387,49179
7387,49180
7387,49181
7387,49182
7387,49183
7387,49184
7387,49185
7387,49186
7387,49187
7387,49188
7387,49189
7387,49190
7387,49191
7387,49192
7387,49193
7387,49194
7387,49195
7387,49196
7387,49197
7387,49198
7387,49199
7387,49200
7387,49201
7387,49202
7387,49203
7387,49204
7387,49205
7387,49206
7387,49207
7387,49208
7387,49209
7387,49210
7387,49211
7387,49212
7387,49213
7387,49214
7387,49215
7387,49216
7387,49217
7387,49218
7387,49219
7387,49220
7387,49221
7387,49222
7387,49223
7387,49224
7387,49225
7387,49226
7387,49227
7387,49228
7387,49229
7387,49230
7387,49231
7387,49232
7387,49233
7387,49234
7387,49235
7387,49236
7387,49237
7387,49238
7388,49057
7388,49058
7388,49059
7388,49060
7388,49061
7388,49062
7388,49063
7388,49064
7388,49065
7388,49066
7388,49067
7388,49068
7388,49069
7388,49070
7388,49071
7388,49072
7388,49073
7388,49074
7388,49075
7388,49076
7388,49077
7388,49078
7388,49079
7388,49080
7388,49081
7388,49082
7388,49083
7388,49084
7388,49085
7388,49086
7388,49087
7388,49088
7388,49089
7388,49090
7388,49091
7388,49092
7388,49093
7388,49094
7388,49095
7388,49096
7388,49097
7388,49098
7388,49099
7388,49100
7388,49101
7388,49102
7388,49103
7388,49104
7388,49105
7388,49106
7388,49107
7388,49108
7388,49109
7388,49110
7388,49111
7388,49112
7388,49113
7388,49114
7388,49115
7388,49116
7388,49117
7388,49118
7388,49119
7388,49120
7388,49121
7388,49122
7388,49123
7388,49124
7388,49125
7388,49126
7388,49127
7388,49128
7388,49129
7388,49130
7388,49131
7388,49132
7388,49133
7388,49134
7388,49135
7388,49136
7388,49137
7388,49138
7388,49139
7388,49140
7388,49141
7388,49142
7388,49143
7388,49144
7388,49145
7388,49146
7388,49147
7388,49148
7388,49149
7388,49150
7388,49151
7388,49152
7388,49153
7388,49154
7388,49155
7388,49156
7388,49157
7388,49158
7388,49159
7388,49160
7388,49161
7388,49162
7388,49163
7388,49164
7388,49165
7388,49166
7388,49167
7388,49168
7388,49169
7388,49170
7388,49171
7388,49172
7388,49173
7388,49174
7388,49175
7388,49176
7388,49177
7388,49178
7388,49179
7388,49180
7388,49181
7388,49182
7388,49183
7388,49184
7388,49185
7388,49186
7388,49187
7388,49188
7388,49189
7388,49190
7388,49191
7388,49192
7388,49193
7388,49194
7388,49195
7388,49196
7388,49197
7388,49198
7388,49199
7388,49200
7388,49201
7388,49202
7388,49203
7388,49204
7388,49205
7388,49206
7388,49207
7388,49208
7388,49209
7388,49210
7388,49211
7388,49212
7388,49213
7388,49214
7388,49215
7388,49216
7388,49217
7388,49218
7388,49219
7388,49220
7388,49221
7388,49222
7388,49223
7388,49224
7388,49225
7388,49226
7388,49227
7388,49228
7388,49229
7388,49230
7388,49231
7388,49232
7388,49233
7388,49234
7388,49235
7388,49236
7388,49237
7388,49238
7389,49057
7389,49058
7389,49059
7389,49060
7389,49061
7389,49062
7389,49063
7389,49064
7389,49065
7389,49066
7389,49067
7389,49068
7389,49069
7389,49070
7389,49071
7389,49072
7389,49073
7389,49074
7389,49075
7389,49076
7389,49077
7389,49078
7389,49079
7389,49080
7389,49081
7389,49082
7389,49083
7389,49084
7389,49085
7389,49086
7389,49087
7389,49088
7389,49089
7389,49090
7389,49091
7389,49092
7389,49093
7389,49094
7389,49095
7389,49096
7389,49097
7389,49098
7389,49099
7389,49100
7389,49101
7389,49102
7389,49103
7389,49104
7389,49105
7389,49106
7389,49107
7389,49108
7389,49109
7389,49110
7389,49111
7389,49112
7389,49113
7389,49114
7389,49115
7389,49116
7389,49117
7389,49118
7389,49119
7389,49120
7389,49121
7389,49122
7389,49123
7389,49124
7389,49125
7389,49126
7389,49127
7389,49128
7389,49129
7389,49130
7389,49131
7389,49132
7389,49133
7389,49134
7389,49135
7389,49136
7389,49137
7389,49138
7389,49139
7389,49140
7389,49141
7389,49142
7389,49143
7389,49144
7389,49145
7389,49146
7389,49147
7389,49148
7389,49149
7389,49150
7389,49151
7389,49152
7389,49153
7389,49154
7389,49155
7389,49156
7389,49157
7389,49158
7389,49159
7389,49160
7389,49161
7389,49162
7389,49163
7389,49164
7389,49165
7389,49166
7389,49167
7389,49168
7389,49169
7389,49170
7389,49171
7389,49172
7389,49173
7389,49174
7389,49175
7389,49176
7389,49177
7389,49178
7389,49179
7389,49180
7389,49181
7389,49182
7389,49183
7389,49184
7389,49185
7389,49186
7389,49187
7389,49188
7389,49189
7389,49190
7389,49191
7389,49192
7389,49193
7389,49194
7389,49195
7389,49196
7389,49197
7389,49198
7389,49199
7389,49200
7389,49201
7389,49202
7389,49203
7389,49204
7389,49205
7389,49206
7389,49207
7389,49208
7389,49209
7389,49210
7389,49211
7389,49212
7389,49213
7389,49214
7389,49215
7389,49216
7389,49217
7389,49218
7389,49219
7389,49220
7389,49221
7389,49222
7389,49223
7389,49224
7389,49225
7389,49226
7389,49227
7389,49228
7389,49229
7389,49230
7389,49231
7389,49232
7389,49233
7389,49234
7389,49235
7389,49236
7389,49237
7389,49238
7389,49239
7390,49057
7390,49058
7390,49059
7390,49060
7390,49061
7390,49062
7390,49063
7390,49064
7390,49065
7390,49066
7390,49067
7390,49068
7390,49069
7390,49070
7390,49071
7390,49072
7390,49073
7390,49074
7390,49075
7390,49076
7390,49077
7390,49078
7390,49079
7390,49080
7390,49081
7390,49082
7390,49083
7390,49084
7390,49085
7390,49086
7390,49087
7390,49088
7390,49089
7390,49090
7390,49091
7390,49092
7390,49093
7390,49094
7390,49095
7390,49096
7390,49097
7390,49098
7390,49099
7390,49100
7390,49101
7390,49102
7390,49103
7390,49104
7390,49105
7390,49106
7390,49107
7390,49108
7390,49109
7390,49110
7390,49111
7390,49112
7390,49113
7390,49114
7390,49115
7390,49116
7390,49117
7390,49118
7390,49119
7390,49120
7390,49121
7390,49122
7390,49123
7390,49124
7390,49125
7390,49126
7390,49127
7390,49128
7390,49129
7390,49130
7390,49131
7390,49132
7390,49133
7390,49134
7390,49135
7390,49136
7390,49137
7390,49138
7390,49139
7390,49140
7390,49141
7390,49142
7390,49143
7390,49144
7390,49145
7390,49146
7390,49147
7390,49148
7390,49149
7390,49150
7390,49151
7390,49152
7390,49153
7390,49154
7390,49155
7390,49156
7390,49157
7390,49158
7390,49159
7390,49160
7390,49161
7390,49162
7390,49163
7390,49164
7390,49165
7390,49166
7390,49167
7390,49168
7390,49169
7390,49170
7390,49171
7390,49172
7390,49173
7390,49174
7390,49175
7390,49176
7390,49177
7390,49178
7390,49179
7390,49180
7390,49181
7390,49182
7390,49183
7390,49184
7390,49185
7390,49186
7390,49187
7390,49188
7390,49189
7390,49190
7390,49191
7390,49192
7390,49193
7390,49194
7390,49195
7390,49196
7390,49197
7390,49198
7390,49199
7390,49200
7390,49201
7390,49202
7390,49203
7390,49204
7390,49205
7390,49206
7390,49207
7390,49208
7390,49209
7390,49210
7390,49211
7390,49212
7390,49213
7390,49214
7390,49215
7390,49216
7390,49217
7390,49218
7390,49219
7390,49220
7390,49221
7390,49222
7390,49223
7390,49224
7390,49225
7390,49226
7390,49227
7390,49228
7390,49229
7390,49230
7390,49231
7390,49232
7390,49233
7390,49234
7390,49235
7390,49236
7390,49237
7390,49238
7390,49239
7390,49240
7391,49058
7391,49059
7391,49060
7391,49061
7391,49062
7391,49063
7391,49064
7391,49065
7391,49066
7391,49067
7391,49068
7391,49069
7391,49070
7391,49071
7391,49072
7391,49073
7391,49074
7391,49075
7391,49076
7391,49077
7391,49078
7391,49079
7391,49080
7391,49081
7391,49082
7391,49083
7391,49084
7391,49085
7391,49086
7391,49087
7391,49088
7391,49089
7391,49090
7391,49091
7391,49092
7391,49093
7391,49094
7391,49095
7391,49096
7391,49097
7391,49098
7391,49099
7391,49100
7391,49101
7391,49102
7391,49103
7391,49104
7391,49105
7391,49106
7391,49107
7391,49108
7391,49109
7391,49110
7391,49111
7391,49112
7391,49113
7391,49114
7391,49115
7391,49116
7391,49117
7391,49118
7391,49119
7391,49120
7391,49121
7391,49122
7391,49123
7391,49124
7391,49125
7391,49126
7391,49127
7391,49128
7391,49129
7391,49130
7391,49131
7391,49132
7391,49133
7391,49134
7391,49135
7391,49136
7391,49137
7391,49138
7391,49139
7391,49140
7391,49141
7391,49142
7391,49143
7391,49144
7391,49145
7391,49146
7391,49147
7391,49148
7391,49149
7391,49150
7391,49151
7391,49152
7391,49153
7391,49154
7391,49155
7391,49156
7391,49157
7391,49158
7391,49159
7391,49160
7391,49161
7391,49162
7391,49163
7391,49164
7391,49165
7391,49166
7391,49167
7391,49168
7391,49169
7391,49170
7391,49171
7391,49172
7391,49173
7391,49174
7391,49175
7391,49176
7391,49177
7391,49178
7391,49179
7391,49180
7391,49181
7391,49182
7391,49183
7391,49184
7391,49185
7391,49186
7391,49187
7391,49188
7391,49189
7391,49190
7391,49191
7391,49192
7391,49193
7391,49194
7391,49195
7391,49196
7391,49197
7391,49198
7391,49199
7391,49200
7391,49201
7391,49202
7391,49203
7391,49204
7391,49205
7391,49206
7391,49207
7391,49208
7391,49209
7391,49210
7391,49211
7391,49212
7391,49213
7391,49214
7391,49215
7391,49216
7391,49217
7391,49218
7391,49219
7391,49220
7391,49221
7391,49222
7391,49223
7391,49224
7391,49225
7391,49226
7391,49227
7391,49228
7391,49229
7391,49230
7391,49231
7391,49232
7391,49233
7391,49234
7391,49235
7391,49236
7391,49237
7391,49238
7391,49239
7391,49240
7392,49058
7392,49059
7392,49060
7392,49061
7392,49062
7392,49063
7392,49064
7392,49065
7392,49066
7392,49067
7392,49068
7392,49069
7392,49070
7392,49071
7392,49072
7392,49073
7392,49074
7392,49075
7392,49076
7392,49077
7392,49078
7392,49079
7392,49080
7392,49081
7392,49082
7392,49083
7392,49084
7392,49085
7392,49086
7392,49087
7392,49088
7392,49089
7392,49090
7392,49091
7392,49092
7392,49093
7392,49094
7392,49095
7392,49096
7392,49097
7392,49098
7392,49099
7392,49100
7392,49101
7392,49102
7392,49103
7392,49104
7392,49105
7392,49106
7392,49107
7392,49108
7392,49109
7392,49110
7392,49111
7392,49112
7392,49113
7392,49114
7392,49115
7392,49116
7392,49117
7392,49118
7392,49119
7392,49120
7392,49121
7392,49122
7392,49123
7392,49124
7392,49125
7392,49126
7392,49127
7392,49128
7392,49129
7392,49130
7392,49131
7392,49132
7392,49133
7392,49134
7392,49135
7392,49136
7392,49137
7392,49138
7392,49139
7392,49140
7392,49141
7392,49142
7392,49143
7392,49144
7392,49145
7392,49146
7392,49147
7392,49148
7392,49149
7392,49150
7392,49151
7392,49152
7392,49153
7392,49154
7392,49155
7392,49156
7392,49157
7392,49158
7392,49159
7392,49160
7392,49161
7392,49162
7392,49163
7392,49164
7392,49165
7392,49166
7392,49167
7392,49168
7392,49169
7392,49170
7392,49171
7392,49172
7392,49173
7392,49174
7392,49175
7392,49176
7392,49177
7392,49178
7392,49179
7392,49180
7392,49181
7392,49182
7392,49183
7392,49184
7392,49185
7392,49186
7392,49187
7392,49188
7392,49189
7392,49190
7392,49191
7392,49192
7392,49193
7392,49194
7392,49195
7392,49196
7392,49197
7392,49198
7392,49199
7392,49200
7392,49201
7392,49202
7392,49203
7392,49204
7392,49205
7392,49206
7392,49207
7392,49208
7392,49209
7392,49210
7392,49211
7392,49212
7392,49213
7392,49214
7392,49215
7392,49216
7392,49217
7392,49218
7392,49219
7392,49220
7392,49221
7392,49222
7392,49223
7392,49224
7392,49225
7392,49226
7392,49227
7392,49228
7392,49229
7392,49230
7392,49231
7392,49232
7392,49233
7392,49234
7392,49235
7392,49236
7392,49237
7392,49238
7392,49239
7392,49240
7393,49059
7393,49060
7393,49061
7393,49062
7393,49063
7393,49064
7393,49065
7393,49066
7393,49067
7393,49068
7393,49069
7393,49070
7393,49071
7393,49072
7393,49073
7393,49074
7393,49075
7393,49076
7393,49077
7393,49078
7393,49079
7393,49080
7393,49081
7393,49082
7393,49083
7393,49084
7393,49085
7393,49086
7393,49087
7393,49088
7393,49089
7393,49090
7393,49091
7393,49092
7393,49093
7393,49094
7393,49095
7393,49096
7393,49097
7393,49098
7393,49099
7393,49100
7393,49101
7393,49102
7393,49103
7393,49104
7393,49105
7393,49106
7393,49107
7393,49108
7393,49109
7393,49110
7393,49111
7393,49112
7393,49113
7393,49114
7393,49115
7393,49116
7393,49117
7393,49118
7393,49119
7393,49120
7393,49121
7393,49122
7393,49123
7393,49124
7393,49125
7393,49126
7393,49127
7393,49128
7393,49129
7393,49130
7393,49131
7393,49132
7393,49133
7393,49134
7393,49135
7393,49136
7393,49137
7393,49138
7393,49139
7393,49140
7393,49141
7393,49142
7393,49143
7393,49144
7393,49145
7393,49146
7393,49147
7393,49148
7393,49149
7393,49150
7393,49151
7393,49152
7393,49153
7393,49154
7393,49155
7393,49156
7393,49157
7393,49158
7393,49159
7393,49160
7393,49161
7393,49162
7393,49163
7393,49164
7393,49165
7393,49166
7393,49167
7393,49168
7393,49169
7393,49170
7393,49171
7393,49172
7393,49173
7393,49174
7393,49175
7393,49176
7393,49177
7393,49178
7393,49179
7393,49180
7393,49181
7393,49182
7393,49183
7393,49184
7393,49185
7393,49186
7393,49187
7393,49188
7393,49189
7393,49190
7393,49191
7393,49192
7393,49193
7393,49194
7393,49195
7393,49196
7393,49197
7393,49198
7393,49199
7393,49200
7393,49201
7393,49202
7393,49203
7393,49204
7393,49205
7393,49206
7393,49207
7393,49208
7393,49209
7393,49210
7393,49211
7393,49212
7393,49213
7393,49214
7393,49215
7393,49216
7393,49217
7393,49218
7393,49219
7393,49220
7393,49221
7393,49222
7393,49223
7393,49224
7393,49225
7393,49226
7393,49227
7393,49228
7393,49229
7393,49230
7393,49231
7393,49232
7393,49233
7393,49234
7393,49235
7393,49236
7393,49237
7393,49238
7393,49239
7393,49240
7393,49241
7394,49060
7394,49061
7394,49062
7394,49063
7394,49064
7394,49065
7394,49066
7394,49067
7394,49068
7394,49069
7394,49070
7394,49071
7394,49072
7394,49073
7394,49074
7394,49075
7394,49076
7394,49077
7394,49078
7394,49079
7394,49080
7394,49081
7394,49082
7394,49083
7394,49084
7394,49085
7394,49086
7394,49087
7394,49088
7394,49089
7394,49090
7394,49091
7394,49092
7394,49093
7394,49094
7394,49095
7394,49096
7394,49097
7394,49098
7394,49099
7394,49100
7394,49101
7394,49102
7394,49103
7394,49104
7394,49105
7394,49106
7394,49107
7394,49108
7394,49109
7394,49110
7394,49111
7394,49112
7394,49113
7394,49114
7394,49115
7394,49116
7394,49117
7394,49118
7394,49119
7394,49120
7394,49121
7394,49122
7394,49123
7394,49124
7394,49125
7394,49126
7394,49127
7394,49128
7394,49129
7394,49130
7394,49131
7394,49132
7394,49133
7394,49134
7394,49135
7394,49136
7394,49137
7394,49138
7394,49139
7394,49140
7394,49141
7394,49142
7394,49143
7394,49144
7394,49145
7394,49146
7394,49147
7394,49148
7394,49149
7394,49150
7394,49151
7394,49152
7394,49153
7394,49154
7394,49155
7394,49156
7394,49157
7394,49158
7394,49159
7394,49160
7394,49161
7394,49162
7394,49163
7394,49164
7394,49165
7394,49166
7394,49167
7394,49168
7394,49169
7394,49170
7394,49171
7394,49172
7394,49173
7394,49174
7394,49175
7394,49176
7394,49177
7394,49178
7394,49179
7394,49180
7394,49181
7394,49182
7394,49183
7394,49184
7394,49185
7394,49186
7394,49187
7394,49188
7394,49189
7394,49190
7394,49191
7394,49192
7394,49193
7394,49194
7394,49195
7394,49196
7394,49197
7394,49198
7394,49199
7394,49200
7394,49201
7394,49202
7394,49203
7394,49204
7394,49205
7394,49206
7394,49207
7394,49208
7394,49209
7394,49210
7394,49211
7394,49212
7394,49213
7394,49214
7394,49215
7394,49216
7394,49217
7394,49218
7394,49219
7394,49220
7394,49221
7394,49222
7394,49223
7394,49224
7394,49225
7394,49226
7394,49227
7394,49228
7394,49229
7394,49230
7394,49231
7394,49232
7394,49233
7394,49234
7394,49235
7394,49236
7394,49237
7394,49238
7394,49239
7394,49240
7394,49241
7395,49061
7395,49062
7395,49063
7395,49064
7395,49065
7395,49066
7395,49067
7395,49068
7395,49069
7395,49070
7395,49071
7395,49072
7395,49073
7395,49074
7395,49075
7395,49076
7395,49077
7395,49078
7395,49079
7395,49080
7395,49081
7395,49082
7395,49083
7395,49084
7395,49085
7395,49086
7395,49087
7395,49088
7395,49089
7395,49090
7395,49091
7395,49092
7395,49093
7395,49094
7395,49095
7395,49096
7395,49097
7395,49098
7395,49099
7395,49100
7395,49101
7395,49102
7395,49103
7395,49104
7395,49105
7395,49106
7395,49107
7395,49108
7395,49109
7395,49110
7395,49111
7395,49112
7395,49113
7395,49114
7395,49115
7395,49116
7395,49117
7395,49118
7395,49119
7395,49120
7395,49121
7395,49122
7395,49123
7395,49124
7395,49125
7395,49126
7395,49127
7395,49128
7395,49129
7395,49130
7395,49131
7395,49132
7395,49133
7395,49134
7395,49135
7395,49136
7395,49137
7395,49138
7395,49139
7395,49140
7395,49141
7395,49142
7395,49143
7395,49144
7395,49145
7395,49146
7395,49147
7395,49148
7395,49149
7395,49150
7395,49151
7395,49152
7395,49153
7395,49154
7395,49155
7395,49156
7395,49157
7395,49158
7395,49159
7395,49160
7395,49161
7395,49162
7395,49163
7395,49164
7395,49165
7395,49166
7395,49167
7395,49168
7395,49169
7395,49170
7395,49171
7395,49172
7395,49173
7395,49174
7395,49175
7395,49176
7395,49177
7395,49178
7395,49179
7395,49180
7395,49181
7395,49182
7395,49183
7395,49184
7395,49185
7395,49186
7395,49187
7395,49188
7395,49189
7395,49190
7395,49191
7395,49192
7395,49193
7395,49194
7395,49195
7395,49196
7395,49197
7395,49198
7395,49199
7395,49200
7395,49201
7395,49202
7395,49203
7395,49204
7395,49205
7395,49206
7395,49207
7395,49208
7395,49209
7395,49210
7395,49211
7395,49212
7395,49213
7395,49214
7395,49215
7395,49216
7395,49217
7395,49218
7395,49219
7395,49220
7395,49221
7395,49222
7395,49223
7395,49224
7395,49225
7395,49226
7395,49227
7395,49228
7395,49229
7395,49230
7395,49231
7395,49232
7395,49233
7395,49234
7395,49235
7395,49236
7395,49237
7395,49238
7395,49239
7395,49240
7395,49241
7396,49062
7396,49063
7396,49064
7396,49065
7396,49066
7396,49067
7396,49068
7396,49069
7396,49070
7396,49071
7396,49072
7396,49073
7396,49074
7396,49075
7396,49076
7396,49077
7396,49078
7396,49079
7396,49080
7396,49081
7396,49082
7396,49083
7396,49084
7396,49085
7396,49086
7396,49087
7396,49088
7396,49089
7396,49090
7396,49091
7396,49092
7396,49093
7396,49094
7396,49095
7396,49096
7396,49097
7396,49098
7396,49099
7396,49100
7396,49101
7396,49102
7396,49103
7396,49104
7396,49105
7396,49106
7396,49107
7396,49108
7396,49109
7396,49110
7396,49111
7396,49112
7396,49113
7396,49114
7396,49115
7396,49116
7396,49117
7396,49118
7396,49119
7396,49120
7396,49121
7396,49122
7396,49123
7396,49124
7396,49125
7396,49126
7396,49127
7396,49128
7396,49129
7396,49130
7396,49131
7396,49132
7396,49133
7396,49134
7396,49135
7396,49136
7396,49137
7396,49138
7396,49139
7396,49140
7396,49141
7396,49142
7396,49143
7396,49144
7396,49145
7396,49146
7396,49147
7396,49148
7396,49149
7396,49150
7396,49151
7396,49152
7396,49153
7396,49154
7396,49155
7396,49156
7396,49157
7396,49158
7396,49159
7396,49160
7396,49161
7396,49162
7396,49163
7396,49164
7396,49165
7396,49166
7396,49167
7396,49168
7396,49169
7396,49170
7396,49171
7396,49172
7396,49173
7396,49174
7396,49175
7396,49176
7396,49177
7396,49178
7396,49179
7396,49180
7396,49181
7396,49182
7396,49183
7396,49184
7396,49185
7396,49186
7396,49187
7396,49188
7396,49189
7396,49190
7396,49191
7396,49192
7396,49193
7396,49194
7396,49195
7396,49196
7396,49197
7396,49198
7396,49199
7396,49200
7396,49201
7396,49202
7396,49203
7396,49204
7396,49205
7396,49206
7396,49207
7396,49208
7396,49209
7396,49210
7396,49211
7396,49212
7396,49213
7396,49214
7396,49215
7396,49216
7396,49217
7396,49218
7396,49219
7396,49220
7396,49221
7396,49222
7396,49223
7396,49224
7396,49225
7396,49226
7396,49227
7396,49228
7396,49229
7396,49230
7396,49231
7396,49232
7396,49233
7396,49234
7396,49235
7396,49236
7396,49237
7396,49238
7396,49239
7396,49240
7397,49063
7397,49064
7397,49065
7397,49066
7397,49067
7397,49068
7397,49069
7397,49070
7397,49071
7397,49072
7397,49073
7397,49074
7397,49075
7397,49076
7397,49077
7397,49078
7397,49079
7397,49080
7397,49081
7397,49082
7397,49083
7397,49084
7397,49085
7397,49086
7397,49087
7397,49088
7397,49089
7397,49090
7397,49091
7397,49092
7397,49093
7397,49094
7397,49095
7397,49096
7397,49097
7397,49098
7397,49099
7397,49100
7397,49101
7397,49102
7397,49103
7397,49104
7397,49105
7397,49106
7397,49107
7397,49108
7397,49109
7397,49110
7397,49111
7397,49112
7397,49113
7397,49114
7397,49115
7397,49116
7397,49117
7397,49118
7397,49119
7397,49120
7397,49121
7397,49122
7397,49123
7397,49124
7397,49125
7397,49126
7397,49127
7397,49128
7397,49129
7397,49130
7397,49131
7397,49132
7397,49133
7397,49134
7397,49135
7397,49136
7397,49137
7397,49138
7397,49139
7397,49140
7397,49141
7397,49142
7397,49143
7397,49144
7397,49145
7397,49146
7397,49147
7397,49148
7397,49149
7397,49150
7397,49151
7397,49152
7397,49153
7397,49154
7397,49155
7397,49156
7397,49157
7397,49158
7397,49159
7397,49160
7397,49161
7397,49162
7397,49163
7397,49164
7397,49165
7397,49166
7397,49167
7397,49168
7397,49169
7397,49170
7397,49171
7397,49172
7397,49173
7397,49174
7397,49175
7397,49176
7397,49177
7397,49178
7397,49179
7397,49180
7397,49181
7397,49182
7397,49183
7397,49184
7397,49185
7397,49186
7397,49187
7397,49188
7397,49189
7397,49190
7397,49191
7397,49192
7397,49193
7397,49194
7397,49195
7397,49196
7397,49197
7397,49198
7397,49199
7397,49200
7397,49201
7397,49202
7397,49203
7397,49204
7397,49205
7397,49206
7397,49207
7397,49208
7397,49209
7397,49210
7397,49211
7397,49212
7397,49213
7397,49214
7397,49215
7397,49216
7397,49217
7397,49218
7397,49219
7397,49220
7397,49221
7397,49222
7397,49223
7397,49224
7397,49225
7397,49226
7397,49227
7397,49228
7397,49229
7397,49230
7397,49231
7397,49232
7397,49233
7397,49234
7397,49235
7397,49236
7397,49237
7397,49238
7397,49239
7397,49240
7398,49063
7398,49064
7398,49065
7398,49066
7398,49067
7398,49068
7398,49069
7398,49070
7398,49071
7398,49072
7398,49073
7398,49074
7398,49075
7398,49076
7398,49077
7398,49078
7398,49079
7398,49080
7398,49081
7398,49082
7398,49083
7398,49084
7398,49085
7398,49086
7398,49087
7398,49088
7398,49089
7398,49090
7398,49091
7398,49092
7398,49093
7398,49094
7398,49095
7398,49096
7398,49097
7398,49098
7398,49099
7398,49100
7398,49101
7398,49102
7398,49103
7398,49104
7398,49105
7398,49106
7398,49107
7398,49108
7398,49109
7398,49110
7398,49111
7398,49112
7398,49113
7398,49114
7398,49115
7398,49116
7398,49117
7398,49118
7398,49119
7398,49120
7398,49121
7398,49122
7398,49123
7398,49124
7398,49125
7398,49126
7398,49127
7398,49128
7398,49129
7398,49130
7398,49131
7398,49132
7398,49133
7398,49134
7398,49135
7398,49136
7398,49137
7398,49138
7398,49139
7398,49140
7398,49141
7398,49142
7398,49143
7398,49144
7398,49145
7398,49146
7398,49147
7398,49148
7398,49149
7398,49150
7398,49151
7398,49152
7398,49153
7398,49154
7398,49155
7398,49156
7398,49157
7398,49158
7398,49159
7398,49160
7398,49161
7398,49162
7398,49163
7398,49164
7398,49165
7398,49166
7398,49167
7398,49168
7398,49169
7398,49170
7398,49171
7398,49172
7398,49173
7398,49174
7398,49175
7398,49176
7398,49177
7398,49178
7398,49179
7398,49180
7398,49181
7398,49182
7398,49183
7398,49184
7398,49185
7398,49186
7398,49187
7398,49188
7398,49189
7398,49190
7398,49191
7398,49192
7398,49193
7398,49194
7398,49195
7398,49196
7398,49197
7398,49198
7398,49199
7398,49200
7398,49201
7398,49202
7398,49203
7398,49204
7398,49205
7398,49206
7398,49207
7398,49208
7398,49209
7398,49210
7398,49211
7398,49212
7398,49213
7398,49214
7398,49215
7398,49216
7398,49217
7398,49218
7398,49219
7398,49220
7398,49221
7398,49222
7398,49223
7398,49224
7398,49225
7398,49226
7398,49227
7398,49228
7398,49229
7398,49230
7398,49231
7398,49232
7398,49233
7398,49234
7398,49235
7398,49236
7398,49237
7398,49238
7398,49239
7399,49064
7399,49065
7399,49066
7399,49067
7399,49068
7399,49069
7399,49070
7399,49071
7399,49072
7399,49073
7399,49074
7399,49075
7399,49076
7399,49077
7399,49078
7399,49079
7399,49080
7399,49081
7399,49082
7399,49083
7399,49084
7399,49085
7399,49086
7399,49087
7399,49088
7399,49089
7399,49090
7399,49091
7399,49092
7399,49093
7399,49094
7399,49095
7399,49096
7399,49097
7399,49098
7399,49099
7399,49100
7399,49101
7399,49102
7399,49103
7399,49104
7399,49105
7399,49106
7399,49107
7399,49108
7399,49109
7399,49110
7399,49111
7399,49112
7399,49113
7399,49114
7399,49115
7399,49116
7399,49117
7399,49118
7399,49119
7399,49120
7399,49121
7399,49122
7399,49123
7399,49124
7399,49125
7399,49126
7399,49127
7399,49128
7399,49129
7399,49130
7399,49131
7399,49132
7399,49133
7399,49134
7399,49135
7399,49136
7399,49137
7399,49138
7399,49139
7399,49140
7399,49141
7399,49142
7399,49143
7399,49144
7399,49145
7399,49146
7399,49147
7399,49148
7399,49149
7399,49150
7399,49151
7399,49152
7399,49153
7399,49154
7399,49155
7399,49156
7399,49157
7399,49158
7399,49159
7399,49160
7399,49161
7399,49162
7399,49163
7399,49164
7399,49165
7399,49166
7399,49167
7399,49168
7399,49169
7399,49170
7399,49171
7399,49172
7399,49173
7399,49174
7399,49175
7399,49176
7399,49177
7399,49178
7399,49179
7399,49180
7399,49181
7399,49182
7399,49183
7399,49184
7399,49185
7399,49186
7399,49187
7399,49188
7399,49189
7399,49190
7399,49191
7399,49192
7399,49193
7399,49194
7399,49195
7399,49196
7399,49197
7399,49198
7399,49199
7399,49200
7399,49201
7399,49202
7399,49203
7399,49204
7399,49205
7399,49206
7399,49207
7399,49208
7399,49209
7399,49210
7399,49211
7399,49212
7399,49213
7399,49214
7399,49215
7399,49216
7399,49217
7399,49218
7399,49219
7399,49220
7399,49221
7399,49222
7399,49223
7399,49224
7399,49225
7399,49226
7399,49227
7399,49228
7399,49229
7399,49230
7399,49231
7399,49232
7399,49233
7399,49234
7399,49235
7399,49236
7399,49237
7399,49238
7400,49065
7400,49066
7400,49067
7400,49068
7400,49069
7400,49070
7400,49071
7400,49072
7400,49073
7400,49074
7400,49075
7400,49076
7400,49077
7400,49078
7400,49079
7400,49080
7400,49081
7400,49082
7400,49083
7400,49084
7400,49085
7400,49086
7400,49087
7400,49088
7400,49089
7400,49090
7400,49091
7400,49092
7400,49093
7400,49094
7400,49095
7400,49096
7400,49097
7400,49098
7400,49099
7400,49100
7400,49101
7400,49102
7400,49103
7400,49104
7400,49105
7400,49106
7400,49107
7400,49108
7400,49109
7400,49110
7400,49111
7400,49112
7400,49113
7400,49114
7400,49115
7400,49116
7400,49117
7400,49118
7400,49119
7400,49120
7400,49121
7400,49122
7400,49123
7400,49124
7400,49125
7400,49126
7400,49127
7400,49128
7400,49129
7400,49130
7400,49131
7400,49132
7400,49133
7400,49134
7400,49135
7400,49136
7400,49137
7400,49138
7400,49139
7400,49140
7400,49141
7400,49142
7400,49143
7400,49144
7400,49145
7400,49146
7400,49147
7400,49148
7400,49149
7400,49150
7400,49151
7400,49152
7400,49153
7400,49154
7400,49155
7400,49156
7400,49157
7400,49158
7400,49159
7400,49160
7400,49161
7400,49162
7400,49163
7400,49164
7400,49165
7400,49166
7400,49167
7400,49168
7400,49169
7400,49170
7400,49171
7400,49172
7400,49173
7400,49174
7400,49175
7400,49176
7400,49177
7400,49178
7400,49179
7400,49180
7400,49181
7400,49182
7400,49183
7400,49184
7400,49185
7400,49186
7400,49187
7400,49188
7400,49189
7400,49190
7400,49191
7400,49192
7400,49193
7400,49194
7400,49195
7400,49196
7400,49197
7400,49198
7400,49199
7400,49200
7400,49201
7400,49202
7400,49203
7400,49204
7400,49205
7400,49206
7400,49207
7400,49208
7400,49209
7400,49210
7400,49211
7400,49212
7400,49213
7400,49214
7400,49215
7400,49216
7400,49217
7400,49218
7400,49219
7400,49220
7400,49221
7400,49222
7400,49223
7400,49224
7400,49225
7400,49226
7400,49227
7400,49228
7400,49229
7400,49230
7400,49231
7400,49232
7400,49233
7400,49234
7400,49235
7400,49236
7401,49066
7401,49067
7401,49068
7401,49069
7401,49070
7401,49071
7401,49072
7401,49073
7401,49074
7401,49075
7401,49076
7401,49077
7401,49078
7401,49079
7401,49080
7401,49081
7401,49082
7401,49083
7401,49084
7401,49085
7401,49086
7401,49087
7401,49088
7401,49089
7401,49090
7401,49091
7401,49092
7401,49093
7401,49094
7401,49095
7401,49096
7401,49097
7401,49098
7401,49099
7401,49100
7401,49101
7401,49102
7401,49103
7401,49104
7401,49105
7401,49106
7401,49107
7401,49108
7401,49109
7401,49110
7401,49111
7401,49112
7401,49113
7401,49114
7401,49115
7401,49116
7401,49117
7401,49118
7401,49119
7401,49120
7401,49121
7401,49122
7401,49123
7401,49124
7401,49125
7401,49126
7401,49127
7401,49128
7401,49129
7401,49130
7401,49131
7401,49132
7401,49133
7401,49134
7401,49135
7401,49136
7401,49137
7401,49138
7401,49139
7401,49140
7401,49141
7401,49142
7401,49143
7401,49144
7401,49145
7401,49146
7401,49147
7401,49148
7401,49149
7401,49150
7401,49151
7401,49152
7401,49153
7401,49154
7401,49155
7401,49156
7401,49157
7401,49158
7401,49159
7401,49160
7401,49161
7401,49162
7401,49163
7401,49164
7401,49165
7401,49166
7401,49167
7401,49168
7401,49169
7401,49170
7401,49171
7401,49172
7401,49173
7401,49174
7401,49175
7401,49176
7401,49177
7401,49178
7401,49179
7401,49180
7401,49181
7401,49182
7401,49183
7401,49184
7401,49185
7401,49186
7401,49187
7401,49188
7401,49189
7401,49190
7401,49191
7401,49192
7401,49193
7401,49194
7401,49195
7401,49196
7401,49197
7401,49198
7401,49199
7401,49200
7401,49201
7401,49202
7401,49203
7401,49204
7401,49205
7401,49206
7401,49207
7401,49208
7401,49209
7401,49210
7401,49211
7401,49212
7401,49213
7401,49214
7401,49215
7401,49216
7401,49217
7401,49218
7401,49219
7401,49220
7401,49221
7401,49222
7401,49223
7401,49224
7401,49225
7401,49226
7401,49227
7401,49228
7401,49229
7401,49230
7401,49231
7401,49232
7401,49233
7401,49234
7401,49235
7402,49067
7402,49068
7402,49069
7402,49070
7402,49071
7402,49072
7402,49073
7402,49074
7402,49075
7402,49076
7402,49077
7402,49078
7402,49079
7402,49080
7402,49081
7402,49082
7402,49083
7402,49084
7402,49085
7402,49086
7402,49087
7402,49088
7402,49089
7402,49090
7402,49091
7402,49092
7402,49093
7402,49094
7402,49095
7402,49096
7402,49097
7402,49098
7402,49099
7402,49100
7402,49101
7402,49102
7402,49103
7402,49104
7402,49105
7402,49106
7402,49107
7402,49108
7402,49109
7402,49110
7402,49111
7402,49112
7402,49113
7402,49114
7402,49115
7402,49116
7402,49117
7402,49118
7402,49119
7402,49120
7402,49121
7402,49122
7402,49123
7402,49124
7402,49125
7402,49126
7402,49127
7402,49128
7402,49129
7402,49130
7402,49131
7402,49132
7402,49133
7402,49134
7402,49135
7402,49136
7402,49137
7402,49138
7402,49139
7402,49140
7402,49141
7402,49142
7402,49143
7402,49144
7402,49145
7402,49146
7402,49147
7402,49148
7402,49149
7402,49150
7402,49151
7402,49152
7402,49153
7402,49154
7402,49155
7402,49156
7402,49157
7402,49158
7402,49159
7402,49160
7402,49161
7402,49162
7402,49163
7402,49164
7402,49165
7402,49166
7402,49167
7402,49168
7402,49169
7402,49170
7402,49171
7402,49172
7402,49173
7402,49174
7402,49175
7402,49176
7402,49177
7402,49178
7402,49179
7402,49180
7402,49181
7402,49182
7402,49183
7402,49184
7402,49185
7402,49186
7402,49187
7402,49188
7402,49189
7402,49190
7402,49191
7402,49192
7402,49193
7402,49194
7402,49195
7402,49196
7402,49197
7402,49198
7402,49199
7402,49200
7402,49201
7402,49202
7402,49203
7402,49204
7402,49205
7402,49206
7402,49207
7402,49208
7402,49209
7402,49210
7402,49211
7402,49212
7402,49213
7402,49214
7402,49215
7402,49216
7402,49217
7402,49218
7402,49219
7402,49220
7402,49221
7402,49222
7402,49223
7402,49224
7402,49225
7402,49226
7402,49227
7402,49228
7402,49229
7402,49230
7402,49231
7402,49232
7402,49233
7402,49234
7402,49235
7402,49236
7403,49068
7403,49069
7403,49070
7403,49071
7403,49072
7403,49073
7403,49074
7403,49075
7403,49076
7403,49077
7403,49078
7403,49079
7403,49080
7403,49081
7403,49082
7403,49083
7403,49084
7403,49085
7403,49086
7403,49087
7403,49088
7403,49089
7403,49090
7403,49091
7403,49092
7403,49093
7403,49094
7403,49095
7403,49096
7403,49097
7403,49098
7403,49099
7403,49100
7403,49101
7403,49102
7403,49103
7403,49104
7403,49105
7403,49106
7403,49107
7403,49108
7403,49109
7403,49110
7403,49111
7403,49112
7403,49113
7403,49114
7403,49115
7403,49116
7403,49117
7403,49118
7403,49119
7403,49120
7403,49121
7403,49122
7403,49123
7403,49124
7403,49125
7403,49126
7403,49127
7403,49128
7403,49129
7403,49130
7403,49131
7403,49132
7403,49133
7403,49134
7403,49135
7403,49136
7403,49137
7403,49138
7403,49139
7403,49140
7403,49141
7403,49142
7403,49143
7403,49144
7403,49145
7403,49146
7403,49147
7403,49148
7403,49149
7403,49150
7403,49151
7403,49152
7403,49153
7403,49154
7403,49155
7403,49156
7403,49157
7403,49158
7403,49159
7403,49160
7403,49161
7403,49162
7403,49163
7403,49164
7403,49165
7403,49166
7403,49167
7403,49168
7403,49169
7403,49170
7403,49171
7403,49172
7403,49173
7403,49174
7403,49175
7403,49176
7403,49177
7403,49178
7403,49179
7403,49180
7403,49181
7403,49182
7403,49183
7403,49184
7403,49185
7403,49186
7403,49187
7403,49188
7403,49189
7403,49190
7403,49191
7403,49192
7403,49193
7403,49194
7403,49195
7403,49196
7403,49197
7403,49198
7403,49199
7403,49200
7403,49201
7403,49202
7403,49203
7403,49204
7403,49205
7403,49206
7403,49207
7403,49208
7403,49209
7403,49210
7403,49211
7403,49212
7403,49213
7403,49214
7403,49215
7403,49216
7403,49217
7403,49218
7403,49219
7403,49220
7403,49221
7403,49222
7403,49223
7403,49224
7403,49225
7403,49226
7403,49227
7403,49228
7403,49229
7403,49230
7403,49231
7403,49232
7403,49233
7403,49234
7403,49235
7404,49070
7404,49071
7404,49072
7404,49073
7404,49074
7404,49075
7404,49076
7404,49077
7404,49078
7404,49079
7404,49080
7404,49081
7404,49082
7404,49083
7404,49084
7404,49085
7404,49086
7404,49087
7404,49088
7404,49089
7404,49090
7404,49091
7404,49092
7404,49093
7404,49094
7404,49095
7404,49096
7404,49097
7404,49098
7404,49099
7404,49100
7404,49101
7404,49102
7404,49103
7404,49104
7404,49105
7404,49106
7404,49107
7404,49108
7404,49109
7404,49110
7404,49111
7404,49112
7404,49113
7404,49114
7404,49115
7404,49116
7404,49117
7404,49118
7404,49119
7404,49120
7404,49121
7404,49122
7404,49123
7404,49124
7404,49125
7404,49126
7404,49127
7404,49128
7404,49129
7404,49130
7404,49131
7404,49132
7404,49133
7404,49134
7404,49135
7404,49136
7404,49137
7404,49138
7404,49139
7404,49140
7404,49141
7404,49142
7404,49143
7404,49144
7404,49145
7404,49146
7404,49147
7404,49148
7404,49149
7404,49150
7404,49151
7404,49152
7404,49153
7404,49154
7404,49155
7404,49156
7404,49157
7404,49158
7404,49159
7404,49160
7404,49161
7404,49162
7404,49163
7404,49164
7404,49165
7404,49166
7404,49167
7404,49168
7404,49169
7404,49170
7404,49171
7404,49172
7404,49173
7404,49174
7404,49175
7404,49176
7404,49177
7404,49178
7404,49179
7404,49180
7404,49181
7404,49182
7404,49183
7404,49184
7404,49185
7404,49186
7404,49187
7404,49188
7404,49189
7404,49190
7404,49191
7404,49192
7404,49193
7404,49194
7404,49195
7404,49196
7404,49197
7404,49198
7404,49199
7404,49200
7404,49201
7404,49202
7404,49203
7404,49204
7404,49205
7404,49206
7404,49207
7404,49208
7404,49209
7404,49210
7404,49211
7404,49212
7404,49213
7404,49214
7404,49215
7404,49216
7404,49217
7404,49218
7404,49219
7404,49220
7404,49221
7404,49222
7404,49223
7404,49224
7404,49225
7404,49226
7404,49227
7404,49228
7404,49229
7404,49230
7404,49231
7404,49232
7404,49233
7404,49234
7404,49235
7405,49070
7405,49071
7405,49072
7405,49073
7405,49074
7405,49075
7405,49076
7405,49077
7405,49078
7405,49079
7405,49080
7405,49081
7405,49082
7405,49083
7405,49084
7405,49085
7405,49086
7405,49087
7405,49088
7405,49089
7405,49090
7405,49091
7405,49092
7405,49093
7405,49094
7405,49095
7405,49096
7405,49097
7405,49098
7405,49099
7405,49100
7405,49101
7405,49102
7405,49103
7405,49104
7405,49105
7405,49106
7405,49107
7405,49108
7405,49109
7405,49110
7405,49111
7405,49112
7405,49113
7405,49114
7405,49115
7405,49116
7405,49117
7405,49118
7405,49119
7405,49120
7405,49121
7405,49122
7405,49123
7405,49124
7405,49125
7405,49126
7405,49127
7405,49128
7405,49129
7405,49130
7405,49131
7405,49132
7405,49133
7405,49134
7405,49135
7405,49136
7405,49137
7405,49138
7405,49139
7405,49140
7405,49141
7405,49142
7405,49143
7405,49144
7405,49145
7405,49146
7405,49147
7405,49148
7405,49149
7405,49150
7405,49151
7405,49152
7405,49153
7405,49154
7405,49155
7405,49156
7405,49157
7405,49158
7405,49159
7405,49160
7405,49161
7405,49162
7405,49163
7405,49164
7405,49165
7405,49166
7405,49167
7405,49168
7405,49169
7405,49170
7405,49171
7405,49172
7405,49173
7405,49174
7405,49175
7405,49176
7405,49177
7405,49178
7405,49179
7405,49180
7405,49181
7405,49182
7405,49183
7405,49184
7405,49185
7405,49186
7405,49187
7405,49188
7405,49189
7405,49190
7405,49191
7405,49192
7405,49193
7405,49194
7405,49195
7405,49196
7405,49197
7405,49198
7405,49199
7405,49200
7405,49201
7405,49202
7405,49203
7405,49204
7405,49205
7405,49206
7405,49207
7405,49208
7405,49209
7405,49210
7405,49211
7405,49212
7405,49213
7405,49214
7405,49215
7405,49216
7405,49217
7405,49218
7405,49219
7405,49220
7405,49221
7405,49222
7405,49223
7405,49224
7405,49225
7405,49226
7405,49227
7405,49228
7405,49229
7405,49230
7405,49231
7405,49232
7405,49233
7405,49234
7405,49235
7405,49236
7406,49069
7406,49070
7406,49071
7406,49072
7406,49073
7406,49074
7406,49075
7406,49076
7406,49077
7406,49078
7406,49079
7406,49080
7406,49081
7406,49082
7406,49083
7406,49084
7406,49085
7406,49086
7406,49087
7406,49088
7406,49089
7406,49090
7406,49091
7406,49092
7406,49093
7406,49094
7406,49095
7406,49096
7406,49097
7406,49098
7406,49099
7406,49100
7406,49101
7406,49102
7406,49103
7406,49104
7406,49105
7406,49106
7406,49107
7406,49108
7406,49109
7406,49110
7406,49111
7406,49112
7406,49113
7406,49114
7406,49115
7406,49116
7406,49117
7406,49118
7406,49119
7406,49120
7406,49121
7406,49122
7406,49123
7406,49124
7406,49125
7406,49126
7406,49127
7406,49128
7406,49129
7406,49130
7406,49131
7406,49132
7406,49133
7406,49134
7406,49135
7406,49136
7406,49137
7406,49138
7406,49139
7406,49140
7406,49141
7406,49142
7406,49143
7406,49144
7406,49145
7406,49146
7406,49147
7406,49148
7406,49149
7406,49150
7406,49151
7406,49152
7406,49153
7406,49154
7406,49155
7406,49156
7406,49157
7406,49158
7406,49159
7406,49160
7406,49161
7406,49162
7406,49163
7406,49164
7406,49165
7406,49166
7406,49167
7406,49168
7406,49169
7406,49170
7406,49171
7406,49172
7406,49173
7406,49174
7406,49175
7406,49176
7406,49177
7406,49178
7406,49179
7406,49180
7406,49181
7406,49182
7406,49183
7406,49184
7406,49185
7406,49186
7406,49187
7406,49188
7406,49189
7406,49190
7406,49191
7406,49192
7406,49193
7406,49194
7406,49195
7406,49196
7406,49197
7406,49198
7406,49199
7406,49200
7406,49201
7406,49202
7406,49203
7406,49204
7406,49205
7406,49206
7406,49207
7406,49208
7406,49209
7406,49210
7406,49211
7406,49212
7406,49213
7406,49214
7406,49215
7406,49216
7406,49217
7406,49218
7406,49219
7406,49220
7406,49221
7406,49222
7406,49223
7406,49224
7406,49225
7406,49226
7406,49227
7406,49228
7406,49229
7406,49230
7406,49231
7406,49232
7406,49233
7406,49234
7406,49235
7406,49236
7407,49070
7407,49071
7407,49072
7407,49073
7407,49074
7407,49075
7407,49076
7407,49077
7407,49078
7407,49079
7407,49080
7407,49081
7407,49082
7407,49083
7407,49084
7407,49085
7407,49086
7407,49087
7407,49088
7407,49089
7407,49090
7407,49091
7407,49092
7407,49093
7407,49094
7407,49095
7407,49096
7407,49097
7407,49098
7407,49099
7407,49100
7407,49101
7407,49102
7407,49103
7407,49104
7407,49105
7407,49106
7407,49107
7407,49108
7407,49109
7407,49110
7407,49111
7407,49112
7407,49113
7407,49114
7407,49115
7407,49116
7407,49117
7407,49118
7407,49119
7407,49120
7407,49121
7407,49122
7407,49123
7407,49124
7407,49125
7407,49126
7407,49127
7407,49128
7407,49129
7407,49130
7407,49131
7407,49132
7407,49133
7407,49134
7407,49135
7407,49136
7407,49137
7407,49138
7407,49139
7407,49140
7407,49141
7407,49142
7407,49143
7407,49144
7407,49145
7407,49146
7407,49147
7407,49148
7407,49149
7407,49150
7407,49151
7407,49152
7407,49153
7407,49154
7407,49155
7407,49156
7407,49157
7407,49158
7407,49159
7407,49160
7407,49161
7407,49162
7407,49163
7407,49164
7407,49165
7407,49166
7407,49167
7407,49168
7407,49169
7407,49170
7407,49171
7407,49172
7407,49173
7407,49174
7407,49175
7407,49176
7407,49177
7407,49178
7407,49179
7407,49180
7407,49181
7407,49182
7407,49183
7407,49184
7407,49185
7407,49186
7407,49187
7407,49188
7407,49189
7407,49190
7407,49191
7407,49192
7407,49193
7407,49194
7407,49195
7407,49196
7407,49197
7407,49198
7407,49199
7407,49200
7407,49201
7407,49202
7407,49203
7407,49204
7407,49205
7407,49206
7407,49207
7407,49208
7407,49209
7407,49210
7407,49211
7407,49212
7407,49213
7407,49214
7407,49215
7407,49216
7407,49217
7407,49218
7407,49219
7407,49220
7407,49221
7407,49222
7407,49223
7407,49224
7407,49225
7407,49226
7407,49227
7407,49228
7407,49229
7407,49230
7407,49231
7407,49232
7407,49233
7407,49234
7407,49235
7408,49070
7408,49071
7408,49072
7408,49073
7408,49074
7408,49075
7408,49076
7408,49077
7408,49078
7408,49079
7408,49080
7408,49081
7408,49082
7408,49083
7408,49084
7408,49085
7408,49086
7408,49087
7408,49088
7408,49089
7408,49090
7408,49091
7408,49092
7408,49093
7408,49094
7408,49095
7408,49096
7408,49097
7408,49098
7408,49099
7408,49100
7408,49101
7408,49102
7408,49103
7408,49104
7408,49105
7408,49106
7408,49107
7408,49108
7408,49109
7408,49110
7408,49111
7408,49112
7408,49113
7408,49114
7408,49115
7408,49116
7408,49117
7408,49118
7408,49119
7408,49120
7408,49121
7408,49122
7408,49123
7408,49124
7408,49125
7408,49126
7408,49127
7408,49128
7408,49129
7408,49130
7408,49131
7408,49132
7408,49133
7408,49134
7408,49135
7408,49136
7408,49137
7408,49138
7408,49139
7408,49140
7408,49141
7408,49142
7408,49143
7408,49144
7408,49145
7408,49146
7408,49147
7408,49148
7408,49149
7408,49150
7408,49151
7408,49152
7408,49153
7408,49154
7408,49155
7408,49156
7408,49157
7408,49158
7408,49159
7408,49160
7408,49161
7408,49162
7408,49163
7408,49164
7408,49165
7408,49166
7408,49167
7408,49168
7408,49169
7408,49170
7408,49171
7408,49172
7408,49173
7408,49174
7408,49175
7408,49176
7408,49177
7408,49178
7408,49179
7408,49180
7408,49181
7408,49182
7408,49183
7408,49184
7408,49185
7408,49186
7408,49187
7408,49188
7408,49189
7408,49190
7408,49191
7408,49192
7408,49193
7408,49194
7408,49195
7408,49196
7408,49197
7408,49198
7408,49199
7408,49200
7408,49201
7408,49202
7408,49203
7408,49204
7408,49205
7408,49206
7408,49207
7408,49208
7408,49209
7408,49210
7408,49211
7408,49212
7408,49213
7408,49214
7408,49215
7408,49216
7408,49217
7408,49218
7408,49219
7408,49220
7408,49221
7408,49222
7408,49223
7408,49224
7408,49225
7408,49226
7408,49227
7408,49228
7408,49229
7408,49230
7408,49231
7408,49232
7408,49233
7408,49234
7408,49235
7408,49236
7409,49070
7409,49071
7409,49072
7409,49073
7409,49074
7409,49075
7409,49076
7409,49077
7409,49078
7409,49079
7409,49080
7409,49081
7409,49082
7409,49083
7409,49084
7409,49085
7409,49086
7409,49087
7409,49088
7409,49089
7409,49090
7409,49091
7409,49092
7409,49093
7409,49094
7409,49095
7409,49096
7409,49097
7409,49098
7409,49099
7409,49100
7409,49101
7409,49102
7409,49103
7409,49104
7409,49105
7409,49106
7409,49107
7409,49108
7409,49109
7409,49110
7409,49111
7409,49112
7409,49113
7409,49114
7409,49115
7409,49116
7409,49117
7409,49118
7409,49119
7409,49120
7409,49121
7409,49122
7409,49123
7409,49124
7409,49125
7409,49126
7409,49127
7409,49128
7409,49129
7409,49130
7409,49131
7409,49132
7409,49133
7409,49134
7409,49135
7409,49136
7409,49137
7409,49138
7409,49139
7409,49140
7409,49141
7409,49142
7409,49143
7409,49144
7409,49145
7409,49146
7409,49147
7409,49148
7409,49149
7409,49150
7409,49151
7409,49152
7409,49153
7409,49154
7409,49155
7409,49156
7409,49157
7409,49158
7409,49159
7409,49160
7409,49161
7409,49162
7409,49163
7409,49164
7409,49165
7409,49166
7409,49167
7409,49168
7409,49169
7409,49170
7409,49171
7409,49172
7409,49173
7409,49174
7409,49175
7409,49176
7409,49177
7409,49178
7409,49179
7409,49180
7409,49181
7409,49182
7409,49183
7409,49184
7409,49185
7409,49186
7409,49187
7409,49188
7409,49189
7409,49190
7409,49191
7409,49192
7409,49193
7409,49194
7409,49195
7409,49196
7409,49197
7409,49198
7409,49199
7409,49200
7409,49201
7409,49202
7409,49203
7409,49204
7409,49205
7409,49206
7409,49207
7409,49208
7409,49209
7409,49210
7409,49211
7409,49212
7409,49213
7409,49214
7409,49215
7409,49216
7409,49217
7409,49218
7409,49219
7409,49220
7409,49221
7409,49222
7409,49223
7409,49224
7409,49225
7409,49226
7409,49227
7409,49228
7409,49229
7409,49230
7409,49231
7409,49232
7409,49233
7409,49234
7409,49235
7409,49236
7410,49071
7410,49072
7410,49073
7410,49074
7410,49075
7410,49076
7410,49077
7410,49078
7410,49079
7410,49080
7410,49081
7410,49082
7410,49083
7410,49084
7410,49085
7410,49086
7410,49087
7410,49088
7410,49089
7410,49090
7410,49091
7410,49092
7410,49093
7410,49094
7410,49095
7410,49096
7410,49097
7410,49098
7410,49099
7410,49100
7410,49101
7410,49102
7410,49103
7410,49104
7410,49105
7410,49106
7410,49107
7410,49108
7410,49109
7410,49110
7410,49111
7410,49112
7410,49113
7410,49114
7410,49115
7410,49116
7410,49117
7410,49118
7410,49119
7410,49120
7410,49121
7410,49122
7410,49123
7410,49124
7410,49125
7410,49126
7410,49127
7410,49128
7410,49129
7410,49130
7410,49131
7410,49132
7410,49133
7410,49134
7410,49135
7410,49136
7410,49137
7410,49138
7410,49139
7410,49140
7410,49141
7410,49142
7410,49143
7410,49144
7410,49145
7410,49146
7410,49147
7410,49148
7410,49149
7410,49150
7410,49151
7410,49152
7410,49153
7410,49154
7410,49155
7410,49156
7410,49157
7410,49158
7410,49159
7410,49160
7410,49161
7410,49162
7410,49163
7410,49164
7410,49165
7410,49166
7410,49167
7410,49168
7410,49169
7410,49170
7410,49171
7410,49172
7410,49173
7410,49174
7410,49175
7410,49176
7410,49177
7410,49178
7410,49179
7410,49180
7410,49181
7410,49182
7410,49183
7410,49184
7410,49185
7410,49186
7410,49187
7410,49188
7410,49189
7410,49190
7410,49191
7410,49192
7410,49193
7410,49194
7410,49195
7410,49196
7410,49197
7410,49198
7410,49199
7410,49200
7410,49201
7410,49202
7410,49203
7410,49204
7410,49205
7410,49206
7410,49207
7410,49208
7410,49209
7410,49210
7410,49211
7410,49212
7410,49213
7410,49214
7410,49215
7410,49216
7410,49217
7410,49218
7410,49219
7410,49220
7410,49221
7410,49222
7410,49223
7410,49224
7410,49225
7410,49226
7410,49227
7410,49228
7410,49229
7410,49230
7410,49231
7410,49232
7410,49233
7410,49234
7410,49235
7410,49236
7411,49072
7411,49073
7411,49074
7411,49075
7411,49076
7411,49077
7411,49078
7411,49079
7411,49080
7411,49081
7411,49082
7411,49083
7411,49084
7411,49085
7411,49086
7411,49087
7411,49088
7411,49089
7411,49090
7411,49091
7411,49092
7411,49093
7411,49094
7411,49095
7411,49096
7411,49097
7411,49098
7411,49099
7411,49100
7411,49101
7411,49102
7411,49103
7411,49104
7411,49105
7411,49106
7411,49107
7411,49108
7411,49109
7411,49110
7411,49111
7411,49112
7411,49113
7411,49114
7411,49115
7411,49116
7411,49117
7411,49118
7411,49119
7411,49120
7411,49121
7411,49122
7411,49123
7411,49124
7411,49125
7411,49126
7411,49127
7411,49128
7411,49129
7411,49130
7411,49131
7411,49132
7411,49133
7411,49134
7411,49135
7411,49136
7411,49137
7411,49138
7411,49139
7411,49140
7411,49141
7411,49142
7411,49143
7411,49144
7411,49145
7411,49146
7411,49147
7411,49148
7411,49149
7411,49150
7411,49151
7411,49152
7411,49153
7411,49154
7411,49155
7411,49156
7411,49157
7411,49158
7411,49159
7411,49160
7411,49161
7411,49162
7411,49163
7411,49164
7411,49165
7411,49166
7411,49167
7411,49168
7411,49169
7411,49170
7411,49171
7411,49172
7411,49173
7411,49174
7411,49175
7411,49176
7411,49177
7411,49178
7411,49179
7411,49180
7411,49181
7411,49182
7411,49183
7411,49184
7411,49185
7411,49186
7411,49187
7411,49188
7411,49189
7411,49190
7411,49191
7411,49192
7411,49193
7411,49194
7411,49195
7411,49196
7411,49197
7411,49198
7411,49199
7411,49200
7411,49201
7411,49202
7411,49203
7411,49204
7411,49205
7411,49206
7411,49207
7411,49208
7411,49209
7411,49210
7411,49211
7411,49212
7411,49213
7411,49214
7411,49215
7411,49216
7411,49217
7411,49218
7411,49219
7411,49220
7411,49221
7411,49222
7411,49223
7411,49224
7411,49225
7411,49226
7411,49227
7411,49228
7411,49229
7411,49230
7411,49231
7411,49232
7411,49233
7411,49234
7411,49235
7411,49236
7412,49073
7412,49074
7412,49075
7412,49076
7412,49077
7412,49078
7412,49079
7412,49080
7412,49081
7412,49082
7412,49083
7412,49084
7412,49085
7412,49086
7412,49087
7412,49088
7412,49089
7412,49090
7412,49091
7412,49092
7412,49093
7412,49094
7412,49095
7412,49096
7412,49097
7412,49098
7412,49099
7412,49100
7412,49101
7412,49102
7412,49103
7412,49104
7412,49105
7412,49106
7412,49107
7412,49108
7412,49109
7412,49110
7412,49111
7412,49112
7412,49113
7412,49114
7412,49115
7412,49116
7412,49117
7412,49118
7412,49119
7412,49120
7412,49121
7412,49122
7412,49123
7412,49124
7412,49125
7412,49126
7412,49127
7412,49128
7412,49129
7412,49130
7412,49131
7412,49132
7412,49133
7412,49134
7412,49135
7412,49136
7412,49137
7412,49138
7412,49139
7412,49140
7412,49141
7412,49142
7412,49143
7412,49144
7412,49145
7412,49146
7412,49147
7412,49148
7412,49149
7412,49150
7412,49151
7412,49152
7412,49153
7412,49154
7412,49155
7412,49156
7412,49157
7412,49158
7412,49159
7412,49160
7412,49161
7412,49162
7412,49163
7412,49164
7412,49165
7412,49166
7412,49167
7412,49168
7412,49169
7412,49170
7412,49171
7412,49172
7412,49173
7412,49174
7412,49175
7412,49176
7412,49177
7412,49178
7412,49179
7412,49180
7412,49181
7412,49182
7412,49183
7412,49184
7412,49185
7412,49186
7412,49187
7412,49188
7412,49189
7412,49190
7412,49191
7412,49192
7412,49193
7412,49194
7412,49195
7412,49196
7412,49197
7412,49198
7412,49199
7412,49200
7412,49201
7412,49202
7412,49203
7412,49204
7412,49205
7412,49206
7412,49207
7412,49208
7412,49209
7412,49210
7412,49211
7412,49212
7412,49213
7412,49214
7412,49215
7412,49216
7412,49217
7412,49218
7412,49219
7412,49220
7412,49221
7412,49222
7412,49223
7412,49224
7412,49225
7412,49226
7412,49227
7412,49228
7412,49229
7412,49230
7412,49231
7412,49232
7412,49233
7412,49234
7412,49235
7412,49236
7413,49075
7413,49076
7413,49077
7413,49078
7413,49079
7413,49080
7413,49081
7413,49082
7413,49083
7413,49084
7413,49085
7413,49086
7413,49087
7413,49088
7413,49089
7413,49090
7413,49091
7413,49092
7413,49093
7413,49094
7413,49095
7413,49096
7413,49097
7413,49098
7413,49099
7413,49100
7413,49101
7413,49102
7413,49103
7413,49104
7413,49105
7413,49106
7413,49107
7413,49108
7413,49109
7413,49110
7413,49111
7413,49112
7413,49113
7413,49114
7413,49115
7413,49116
7413,49117
7413,49118
7413,49119
7413,49120
7413,49121
7413,49122
7413,49123
7413,49124
7413,49125
7413,49126
7413,49127
7413,49128
7413,49129
7413,49130
7413,49131
7413,49132
7413,49133
7413,49134
7413,49135
7413,49136
7413,49137
7413,49138
7413,49139
7413,49140
7413,49141
7413,49142
7413,49143
7413,49144
7413,49145
7413,49146
7413,49147
7413,49148
7413,49149
7413,49150
7413,49151
7413,49152
7413,49153
7413,49154
7413,49155
7413,49156
7413,49157
7413,49158
7413,49159
7413,49160
7413,49161
7413,49162
7413,49163
7413,49164
7413,49165
7413,49166
7413,49167
7413,49168
7413,49169
7413,49170
7413,49171
7413,49172
7413,49173
7413,49174
7413,49175
7413,49176
7413,49177
7413,49178
7413,49179
7413,49180
7413,49181
7413,49182
7413,49183
7413,49184
7413,49185
7413,49186
7413,49187
7413,49188
7413,49189
7413,49190
7413,49191
7413,49192
7413,49193
7413,49194
7413,49195
7413,49196
7413,49197
7413,49198
7413,49199
7413,49200
7413,49201
7413,49202
7413,49203
7413,49204
7413,49205
7413,49206
7413,49207
7413,49208
7413,49209
7413,49210
7413,49211
7413,49212
7413,49213
7413,49214
7413,49215
7413,49216
7413,49217
7413,49218
7413,49219
7413,49220
7413,49221
7413,49222
7413,49223
7413,49224
7413,49225
7413,49226
7413,49227
7413,49228
7413,49229
7413,49230
7413,49231
7413,49232
7413,49233
7413,49234
7413,49235
7413,49236
7413,49237
7414,49077
7414,49078
7414,49079
7414,49080
7414,49081
7414,49082
7414,49083
7414,49084
7414,49085
7414,49086
7414,49087
7414,49088
7414,49089
7414,49090
7414,49091
7414,49092
7414,49093
7414,49094
7414,49095
7414,49096
7414,49097
7414,49098
7414,49099
7414,49100
7414,49101
7414,49102
7414,49103
7414,49104
7414,49105
7414,49106
7414,49107
7414,49108
7414,49109
7414,49110
7414,49111
7414,49112
7414,49113
7414,49114
7414,49115
7414,49116
7414,49117
7414,49118
7414,49119
7414,49120
7414,49121
7414,49122
7414,49123
7414,49124
7414,49125
7414,49126
7414,49127
7414,49128
7414,49129
7414,49130
7414,49131
7414,49132
7414,49133
7414,49134
7414,49135
7414,49136
7414,49137
7414,49138
7414,49139
7414,49140
7414,49141
7414,49142
7414,49143
7414,49144
7414,49145
7414,49146
7414,49147
7414,49148
7414,49149
7414,49150
7414,49151
7414,49152
7414,49153
7414,49154
7414,49155
7414,49156
7414,49157
7414,49158
7414,49159
7414,49160
7414,49161
7414,49162
7414,49163
7414,49164
7414,49165
7414,49166
7414,49167
7414,49168
7414,49169
7414,49170
7414,49171
7414,49172
7414,49173
7414,49174
7414,49175
7414,49176
7414,49177
7414,49178
7414,49179
7414,49180
7414,49181
7414,49182
7414,49183
7414,49184
7414,49185
7414,49186
7414,49187
7414,49188
7414,49189
7414,49190
7414,49191
7414,49192
7414,49193
7414,49194
7414,49195
7414,49196
7414,49197
7414,49198
7414,49199
7414,49200
7414,49201
7414,49202
7414,49203
7414,49204
7414,49205
7414,49206
7414,49207
7414,49208
7414,49209
7414,49210
7414,49211
7414,49212
7414,49213
7414,49214
7414,49215
7414,49216
7414,49217
7414,49218
7414,49219
7414,49220
7414,49221
7414,49222
7414,49223
7414,49224
7414,49225
7414,49226
7414,49227
7414,49228
7414,49229
7414,49230
7414,49231
7414,49232
7414,49233
7414,49234
7414,49235
7414,49236
7414,49237
7414,49238
7414,49239
7415,49078
7415,49079
7415,49080
7415,49081
7415,49082
7415,49083
7415,49084
7415,49085
7415,49086
7415,49087
7415,49088
7415,49089
7415,49090
7415,49091
7415,49092
7415,49093
7415,49094
7415,49095
7415,49096
7415,49097
7415,49098
7415,49099
7415,49100
7415,49101
7415,49102
7415,49103
7415,49104
7415,49105
7415,49106
7415,49107
7415,49108
7415,49109
7415,49110
7415,49111
7415,49112
7415,49113
7415,49114
7415,49115
7415,49116
7415,49117
7415,49118
7415,49119
7415,49120
7415,49121
7415,49122
7415,49123
7415,49124
7415,49125
7415,49126
7415,49127
7415,49128
7415,49129
7415,49130
7415,49131
7415,49132
7415,49133
7415,49134
7415,49135
7415,49136
7415,49137
7415,49138
7415,49139
7415,49140
7415,49141
7415,49142
7415,49143
7415,49144
7415,49145
7415,49146
7415,49147
7415,49148
7415,49149
7415,49150
7415,49151
7415,49152
7415,49153
7415,49154
7415,49155
7415,49156
7415,49157
7415,49158
7415,49159
7415,49160
7415,49161
7415,49162
7415,49163
7415,49164
7415,49165
7415,49166
7415,49167
7415,49170
7415,49171
7415,49172
7415,49173
7415,49174
7415,49175
7415,49176
7415,49177
7415,49178
7415,49179
7415,49180
7415,49181
7415,49182
7415,49183
7415,49184
7415,49185
7415,49186
7415,49187
7415,49188
7415,49189
7415,49190
7415,49191
7415,49192
7415,49193
7415,49194
7415,49195
7415,49196
7415,49197
7415,49198
7415,49199
7415,49200
7415,49201
7415,49202
7415,49203
7415,49204
7415,49205
7415,49206
7415,49207
7415,49208
7415,49209
7415,49210
7415,49211
7415,49212
7415,49213
7415,49214
7415,49215
7415,49216
7415,49217
7415,49218
7415,49219
7415,49220
7415,49221
7415,49222
7415,49223
7415,49224
7415,49225
7415,49226
7415,49227
7415,49228
7415,49229
7415,49230
7415,49231
7415,49232
7415,49233
7415,49234
7415,49235
7415,49236
7415,49237
7415,49238
7415,49239
7415,49240
7416,49079
7416,49080
7416,49081
7416,49082
7416,49083
7416,49084
7416,49085
7416,49086
7416,49087
7416,49088
7416,49089
7416,49090
7416,49091
7416,49092
7416,49093
7416,49094
7416,49095
7416,49096
7416,49097
7416,49098
7416,49099
7416,49100
7416,49101
7416,49102
7416,49103
7416,49104
7416,49105
7416,49106
7416,49107
7416,49108
7416,49109
7416,49110
7416,49111
7416,49112
7416,49113
7416,49114
7416,49115
7416,49116
7416,49117
7416,49118
7416,49119
7416,49120
7416,49121
7416,49122
7416,49123
7416,49124
7416,49125
7416,49126
7416,49127
7416,49128
7416,49129
7416,49130
7416,49131
7416,49132
7416,49133
7416,49134
7416,49135
7416,49136
7416,49137
7416,49138
7416,49139
7416,49140
7416,49141
7416,49142
7416,49143
7416,49144
7416,49145
7416,49146
7416,49147
7416,49148
7416,49149
7416,49150
7416,49151
7416,49152
7416,49153
7416,49154
7416,49155
7416,49156
7416,49157
7416,49158
7416,49159
7416,49160
7416,49161
7416,49162
7416,49163
7416,49164
7416,49165
7416,49172
7416,49173
7416,49174
7416,49175
7416,49176
7416,49177
7416,49178
7416,49179
7416,49180
7416,49181
7416,49182
7416,49183
7416,49184
7416,49185
7416,49186
7416,49187
7416,49188
7416,49189
7416,49190
7416,49191
7416,49192
7416,49193
7416,49194
7416,49195
7416,49196
7416,49197
7416,49198
7416,49199
7416,49200
7416,49201
7416,49202
7416,49203
7416,49204
7416,49205
7416,49206
7416,49207
7416,49208
7416,49209
7416,49210
7416,49211
7416,49212
7416,49213
7416,49214
7416,49215
7416,49216
7416,49217
7416,49218
7416,49219
7416,49220
7416,49221
7416,49222
7416,49223
7416,49224
7416,49225
7416,49226
7416,49227
7416,49228
7416,49229
7416,49230
7416,49231
7416,49232
7416,49233
7416,49234
7416,49235
7416,49236
7416,49237
7416,49238
7416,49239
7416,49240
7416,49241
7417,49080
7417,49081
7417,49082
7417,49083
7417,49084
7417,49085
7417,49086
7417,49087
7417,49088
7417,49089
7417,49090
7417,49091
7417,49092
7417,49093
7417,49094
7417,49095
7417,49096
7417,49097
7417,49098
7417,49099
7417,49100
7417,49101
7417,49102
7417,49103
7417,49104
7417,49105
7417,49106
7417,49107
7417,49108
7417,49109
7417,49110
7417,49111
7417,49112
7417,49113
7417,49114
7417,49115
7417,49116
7417,49117
7417,49118
7417,49119
7417,49120
7417,49121
7417,49122
7417,49123
7417,49124
7417,49125
7417,49126
7417,49127
7417,49128
7417,49129
7417,49130
7417,49131
7417,49132
7417,49133
7417,49134
7417,49135
7417,49136
7417,49137
7417,49138
7417,49139
7417,49140
7417,49141
7417,49142
7417,49143
7417,49144
7417,49145
7417,49146
7417,49147
7417,49148
7417,49149
7417,49150
7417,49151
7417,49152
7417,49153
7417,49154
7417,49155
7417,49156
7417,49157
7417,49158
7417,49159
7417,49160
7417,49161
7417,49162
7417,49173
7417,49174
7417,49175
7417,49176
7417,49177
7417,49178
7417,49179
7417,49180
7417,49181
7417,49182
7417,49183
7417,49184
7417,49185
7417,49186
7417,49187
7417,49188
7417,49189
7417,49190
7417,49191
7417,49192
7417,49193
7417,49194
7417,49195
7417,49196
7417,49197
7417,49198
7417,49199
7417,49200
7417,49201
7417,49202
7417,49203
7417,49204
7417,49205
7417,49206
7417,49207
7417,49208
7417,49209
7417,49210
7417,49211
7417,49212
7417,49213
7417,49214
7417,49215
7417,49216
7417,49217
7417,49218
7417,49219
7417,49220
7417,49221
7417,49222
7417,49223
7417,49224
7417,49225
7417,49226
7417,49227
7417,49228
7417,49229
7417,49230
7417,49231
7417,49232
7417,49233
7417,49234
7417,49235
7417,49236
7417,49237
7417,49238
7417,49239
7417,49240
7417,49241
7418,49083
7418,49086
7418,49087
7418,49088
7418,49089
7418,49090
7418,49091
7418,49092
7418,49093
7418,49094
7418,49095
7418,49096
7418,49097
7418,49098
7418,49099
7418,49100
7418,49101
7418,49102
7418,49103
7418,49104
7418,49105
7418,49106
7418,49107
7418,49108
7418,49109
7418,49110
7418,49111
7418,49112
7418,49113
7418,49114
7418,49115
7418,49116
7418,49117
7418,49118
7418,49119
7418,49120
7418,49121
7418,49122
7418,49123
7418,49124
7418,49125
7418,49126
7418,49127
7418,49128
7418,49129
7418,49130
7418,49131
7418,49132
7418,49133
7418,49134
7418,49135
7418,49136
7418,49137
7418,49138
7418,49139
7418,49140
7418,49141
7418,49142
7418,49143
7418,49144
7418,49145
7418,49146
7418,49147
7418,49148
7418,49149
7418,49150
7418,49151
7418,49152
7418,49153
7418,49154
7418,49155
7418,49156
7418,49157
7418,49158
7418,49159
7418,49160
7418,49161
7418,49175
7418,49176
7418,49177
7418,49178
7418,49179
7418,49180
7418,49181
7418,49182
7418,49183
7418,49184
7418,49185
7418,49186
7418,49187
7418,49188
7418,49189
7418,49190
7418,49191
7418,49192
7418,49193
7418,49194
7418,49195
7418,49196
7418,49197
7418,49198
7418,49199
7418,49200
7418,49201
7418,49202
7418,49203
7418,49204
7418,49205
7418,49206
7418,49207
7418,49208
7418,49209
7418,49210
7418,49211
7418,49212
7418,49213
7418,49214
7418,49215
7418,49216
7418,49217
7418,49218
7418,49219
7418,49220
7418,49221
7418,49222
7418,49223
7418,49224
7418,49225
7418,49226
7418,49227
7418,49228
7418,49229
7418,49230
7418,49231
7418,49232
7418,49233
7418,49234
7418,49235
7418,49236
7418,49237
7418,49238
7418,49239
7418,49240
7418,49241
7418,49242
7419,49087
7419,49088
7419,49089
7419,49090
7419,49091
7419,49092
7419,49093
7419,49094
7419,49095
7419,49096
7419,49097
7419,49098
7419,49099
7419,49100
7419,49101
7419,49102
7419,49103
7419,49104
7419,49105
7419,49106
7419,49107
7419,49108
7419,49109
7419,49110
7419,49111
7419,49112
7419,49113
7419,49114
7419,49115
7419,49116
7419,49117
7419,49118
7419,49119
7419,49120
7419,49121
7419,49122
7419,49123
7419,49124
7419,49125
7419,49126
7419,49127
7419,49128
7419,49129
7419,49130
7419,49131
7419,49132
7419,49133
7419,49134
7419,49135
7419,49136
7419,49137
7419,49138
7419,49139
7419,49140
7419,49141
7419,49142
7419,49143
7419,49144
7419,49145
7419,49146
7419,49147
7419,49148
7419,49149
7419,49150
7419,49151
7419,49152
7419,49153
7419,49154
7419,49155
7419,49156
7419,49157
7419,49158
7419,49176
7419,49177
7419,49178
7419,49179
7419,49180
7419,49181
7419,49182
7419,49183
7419,49184
7419,49185
7419,49186
7419,49187
7419,49188
7419,49189
7419,49190
7419,49191
7419,49192
7419,49193
7419,49194
7419,49195
7419,49196
7419,49197
7419,49198
7419,49199
7419,49200
7419,49201
7419,49202
7419,49203
7419,49204
7419,49205
7419,49206
7419,49207
7419,49208
7419,49209
7419,49210
7419,49211
7419,49212
7419,49213
7419,49214
7419,49215
7419,49216
7419,49217
7419,49218
7419,49219
7419,49220
7419,49221
7419,49222
7419,49223
7419,49224
7419,49225
7419,49226
7419,49227
7419,49228
7419,49229
7419,49230
7419,49231
7419,49232
7419,49233
7419,49234
7419,49235
7419,49236
7419,49237
7419,49238
7419,49239
7419,49240
7419,49241
7419,49242
7420,49088
7420,49089
7420,49090
7420,49091
7420,49092
7420,49093
7420,49094
7420,49095
7420,49096
7420,49097
7420,49098
7420,49099
7420,49100
7420,49101
7420,49102
7420,49103
7420,49104
7420,49105
7420,49106
7420,49107
7420,49108
7420,49109
7420,49110
7420,49111
7420,49112
7420,49113
7420,49114
7420,49115
7420,49116
7420,49117
7420,49118
7420,49119
7420,49120
7420,49121
7420,49122
7420,49123
7420,49124
7420,49125
7420,49126
7420,49127
7420,49128
7420,49129
7420,49130
7420,49131
7420,49132
7420,49133
7420,49134
7420,49135
7420,49136
7420,49137
7420,49138
7420,49139
7420,49140
7420,49141
7420,49142
7420,49143
7420,49144
7420,49145
7420,49146
7420,49147
7420,49148
7420,49149
7420,49150
7420,49151
7420,49152
7420,49153
7420,49154
7420,49155
7420,49177
7420,49178
7420,49179
7420,49180
7420,49181
7420,49182
7420,49183
7420,49184
7420,49185
7420,49186
7420,49187
7420,49188
7420,49189
7420,49190
7420,49191
7420,49192
7420,49193
7420,49194
7420,49195
7420,49196
7420,49197
7420,49198
7420,49199
7420,49200
7420,49201
7420,49202
7420,49203
7420,49204
7420,49205
7420,49206
7420,49207
7420,49208
7420,49209
7420,49210
7420,49211
7420,49212
7420,49213
7420,49214
7420,49215
7420,49216
7420,49217
7420,49218
7420,49219
7420,49220
7420,49221
7420,49222
7420,49223
7420,49224
7420,49225
7420,49226
7420,49227
7420,49228
7420,49229
7420,49230
7420,49231
7420,49232
7420,49233
7420,49234
7420,49235
7420,49236
7420,49237
7420,49238
7420,49239
7420,49240
7420,49241
7420,49242
7420,49243
7421,49090
7421,49091
7421,49095
7421,49096
7421,49097
7421,49098
7421,49099
7421,49100
7421,49101
7421,49102
7421,49103
7421,49104
7421,49105
7421,49106
7421,49107
7421,49108
7421,49109
7421,49110
7421,49111
7421,49112
7421,49113
7421,49114
7421,49115
7421,49116
7421,49117
7421,49118
7421,49119
7421,49120
7421,49121
7421,49122
7421,49123
7421,49124
7421,49125
7421,49126
7421,49127
7421,49128
7421,49129
7421,49130
7421,49131
7421,49132
7421,49133
7421,49134
7421,49135
7421,49136
7421,49137
7421,49138
7421,49139
7421,49140
7421,49141
7421,49142
7421,49143
7421,49144
7421,49145
7421,49146
7421,49147
7421,49148
7421,49149
7421,49150
7421,49151
7421,49178
7421,49179
7421,49180
7421,49181
7421,49182
7421,49183
7421,49184
7421,49185
7421,49186
7421,49187
7421,49188
7421,49189
7421,49190
7421,49191
7421,49192
7421,49193
7421,49194
7421,49195
7421,49196
7421,49197
7421,49198
7421,49199
7421,49200
7421,49201
7421,49202
7421,49203
7421,49204
7421,49205
7421,49206
7421,49207
7421,49208
7421,49209
7421,49210
7421,49211
7421,49212
7421,49213
7421,49214
7421,49215
7421,49216
7421,49217
7421,49218
7421,49219
7421,49220
7421,49221
7421,49222
7421,49223
7421,49224
7421,49225
7421,49226
7421,49227
7421,49228
7421,49229
7421,49230
7421,49231
7421,49232
7421,49233
7421,49234
7421,49235
7421,49236
7421,49237
7421,49238
7421,49239
7421,49240
7421,49241
7421,49242
7421,49243
7421,49244
7422,49098
7422,49099
7422,49100
7422,49101
7422,49102
7422,49103
7422,49104
7422,49105
7422,49106
7422,49107
7422,49108
7422,49109
7422,49110
7422,49111
7422,49112
7422,49113
7422,49114
7422,49115
7422,49116
7422,49117
7422,49118
7422,49119
7422,49120
7422,49121
7422,49122
7422,49123
7422,49124
7422,49125
7422,49126
7422,49127
7422,49128
7422,49129
7422,49130
7422,49131
7422,49132
7422,49133
7422,49134
7422,49135
7422,49136
7422,49137
7422,49138
7422,49139
7422,49140
7422,49141
7422,49142
7422,49143
7422,49145
7422,49146
7422,49147
7422,49148
7422,49180
7422,49181
7422,49182
7422,49183
7422,49184
7422,49185
7422,49186
7422,49187
7422,49188
7422,49189
7422,49190
7422,49191
7422,49192
7422,49193
7422,49194
7422,49195
7422,49196
7422,49197
7422,49198
7422,49199
7422,49200
7422,49201
7422,49202
7422,49203
7422,49204
7422,49205
7422,49206
7422,49207
7422,49208
7422,49209
7422,49210
7422,49211
7422,49212
7422,49213
7422,49214
7422,49215
7422,49216
7422,49217
7422,49218
7422,49219
7422,49220
7422,49221
7422,49222
7422,49223
7422,49224
7422,49225
7422,49226
7422,49227
7422,49228
7422,49229
7422,49230
7422,49231
7422,49232
7422,49233
7422,49234
7422,49235
7422,49236
7422,49237
7422,49238
7422,49239
7422,49240
7422,49241
7422,49242
7422,49243
7422,49244
7422,49245
7423,49102
7423,49103
7423,49104
7423,49105
7423,49106
7423,49107
7423,49108
7423,49109
7423,49110
7423,49111
7423,49112
7423,49113
7423,49114
7423,49115
7423,49116
7423,49117
7423,49118
7423,49119
7423,49120
7423,49121
7423,49122
7423,49123
7423,49124
7423,49125
7423,49126
7423,49127
7423,49128
7423,49129
7423,49130
7423,49131
7423,49132
7423,49133
7423,49134
7423,49135
7423,49136
7423,49137
7423,49138
7423,49139
7423,49140
7423,49141
7423,49142
7423,49182
7423,49183
7423,49184
7423,49185
7423,49186
7423,49187
7423,49188
7423,49189
7423,49190
7423,49191
7423,49192
7423,49193
7423,49194
7423,49195
7423,49196
7423,49197
7423,49198
7423,49199
7423,49200
7423,49201
7423,49202
7423,49203
7423,49204
7423,49205
7423,49206
7423,49207
7423,49208
7423,49209
7423,49210
7423,49211
7423,49212
7423,49213
7423,49214
7423,49215
7423,49216
7423,49217
7423,49218
7423,49219
7423,49220
7423,49221
7423,49222
7423,49223
7423,49224
7423,49225
7423,49226
7423,49227
7423,49228
7423,49229
7423,49230
7423,49231
7423,49232
7423,49233
7423,49234
7423,49235
7423,49236
7423,49237
7423,49238
7423,49239
7423,49240
7423,49241
7423,49242
7423,49243
7423,49244
7423,49245
7423,49246
7423,49247
7424,49103
7424,49104
7424,49105
7424,49106
7424,49107
7424,49108
7424,49109
7424,49110
7424,49111
7424,49112
7424,49113
7424,49114
7424,49115
7424,49116
7424,49117
7424,49118
7424,49119
7424,49120
7424,49121
7424,49122
7424,49123
7424,49124
7424,49125
7424,49126
7424,49127
7424,49128
7424,49129
7424,49130
7424,49131
7424,49132
7424,49133
7424,49134
7424,49135
7424,49136
7424,49137
7424,49138
7424,49139
7424,49140
7424,49141
7424,49182
7424,49183
7424,49184
7424,49185
7424,49186
7424,49187
7424,49188
7424,49189
7424,49190
7424,49191
7424,49192
7424,49193
7424,49194
7424,49195
7424,49196
7424,49197
7424,49198
7424,49199
7424,49200
7424,49201
7424,49202
7424,49203
7424,49204
7424,49205
7424,49206
7424,49207
7424,49208
7424,49209
7424,49210
7424,49211
7424,49212
7424,49213
7424,49214
7424,49215
7424,49216
7424,49217
7424,49218
7424,49219
7424,49220
7424,49221
7424,49222
7424,49223
7424,49224
7424,49225
7424,49226
7424,49227
7424,49228
7424,49229
7424,49230
7424,49231
7424,49232
7424,49233
7424,49234
7424,49235
7424,49236
7424,49237
7424,49238
7424,49239
7424,49240
7424,49241
7424,49242
7424,49243
7424,49244
7424,49245
7424,49246
7424,49247
7424,49248
7425,49104
7425,49105
7425,49106
7425,49107
7425,49108
7425,49109
7425,49110
7425,49111
7425,49112
7425,49113
7425,49114
7425,49115
7425,49116
7425,49117
7425,49118
7425,49119
7425,49120
7425,49121
7425,49122
7425,49123
7425,49124
7425,49125
7425,49126
7425,49127
7425,49128
7425,49129
7425,49130
7425,49131
7425,49132
7425,49133
7425,49134
7425,49135
7425,49136
7425,49137
7425,49138
7425,49139
7425,49140
7425,49181
7425,49182
7425,49183
7425,49184
7425,49185
7425,49186
7425,49187
7425,49188
7425,49189
7425,49190
7425,49191
7425,49192
7425,49193
7425,49194
7425,49195
7425,49196
7425,49197
7425,49198
7425,49199
7425,49200
7425,49201
7425,49202
7425,49203
7425,49204
7425,49205
7425,49206
7425,49207
7425,49208
7425,49209
7425,49210
7425,49211
7425,49212
7425,49213
7425,49214
7425,49215
7425,49216
7425,49217
7425,49218
7425,49219
7425,49220
7425,49221
7425,49222
7425,49223
7425,49224
7425,49225
7425,49226
7425,49227
7425,49228
7425,49229
7425,49230
7425,49231
7425,49232
7425,49233
7425,49234
7425,49235
7425,49236
7425,49237
7425,49238
7425,49239
7425,49240
7425,49241
7425,49242
7425,49243
7425,49244
7425,49245
7425,49246
7425,49247
7425,49248
7425,49249
7426,49107
7426,49108
7426,49109
7426,49115
7426,49116
7426,49117
7426,49118
7426,49119
7426,49120
7426,49121
7426,49122
7426,49123
7426,49124
7426,49127
7426,49128
7426,49129
7426,49130
7426,49131
7426,49132
7426,49133
7426,49134
7426,49135
7426,49136
7426,49137
7426,49138
7426,49139
7426,49181
7426,49182
7426,49183
7426,49184
7426,49185
7426,49186
7426,49187
7426,49188
7426,49189
7426,49190
7426,49191
7426,49192
7426,49193
7426,49194
7426,49195
7426,49196
7426,49197
7426,49198
7426,49199
7426,49200
7426,49201
7426,49202
7426,49203
7426,49204
7426,49205
7426,49206
7426,49207
7426,49208
7426,49209
7426,49210
7426,49211
7426,49212
7426,49213
7426,49214
7426,49215
7426,49216
7426,49217
7426,49218
7426,49219
7426,49220
7426,49221
7426,49222
7426,49223
7426,49224
7426,49225
7426,49226
7426,49227
7426,49228
7426,49229
7426,49230
7426,49231
7426,49232
7426,49233
7426,49234
7426,49235
7426,49236
7426,49237
7426,49238
7426,49239
7426,49240
7426,49241
7426,49242
7426,49243
7426,49244
7426,49245
7426,49246
7426,49247
7426,49248
7426,49249
7427,49118
7427,49127
7427,49128
7427,49129
7427,49130
7427,49131
7427,49132
7427,49133
7427,49134
7427,49135
7427,49136
7427,49137
7427,49138
7427,49139
7427,49181
7427,49182
7427,49183
7427,49184
7427,49185
7427,49186
7427,49187
7427,49188
7427,49189
7427,49190
7427,49191
7427,49192
7427,49193
7427,49194
7427,49195
7427,49196
7427,49197
7427,49198
7427,49199
7427,49200
7427,49201
7427,49202
7427,49203
7427,49204
7427,49205
7427,49206
7427,49207
7427,49208
7427,49209
7427,49210
7427,49211
7427,49212
7427,49213
7427,49214
7427,49215
7427,49216
7427,49217
7427,49218
7427,49219
7427,49220
7427,49221
7427,49222
7427,49223
7427,49224
7427,49225
7427,49226
7427,49227
7427,49228
7427,49229
7427,49230
7427,49231
7427,49232
7427,49233
7427,49234
7427,49235
7427,49236
7427,49237
7427,49238
7427,49239
7427,49240
7427,49241
7427,49242
7427,49243
7427,49244
7427,49245
7427,49246
7427,49247
7427,49248
7427,49249
7427,49250
7428,49127
7428,49128
7428,49129
7428,49130
7428,49131
7428,49132
7428,49133
7428,49134
7428,49135
7428,49136
7428,49137
7428,49138
7428,49182
7428,49183
7428,49184
7428,49185
7428,49186
7428,49187
7428,49188
7428,49189
7428,49190
7428,49191
7428,49192
7428,49193
7428,49194
7428,49195
7428,49196
7428,49197
7428,49198
7428,49199
7428,49200
7428,49201
7428,49202
7428,49203
7428,49204
7428,49205
7428,49206
7428,49207
7428,49208
7428,49209
7428,49210
7428,49211
7428,49212
7428,49213
7428,49214
7428,49215
7428,49216
7428,49217
7428,49218
7428,49219
7428,49220
7428,49221
7428,49222
7428,49223
7428,49224
7428,49225
7428,49226
7428,49227
7428,49228
7428,49229
7428,49230
7428,49231
7428,49232
7428,49233
7428,49234
7428,49235
7428,49236
7428,49237
7428,49238
7428,49239
7428,49240
7428,49241
7428,49242
7428,49243
7428,49244
7428,49245
7428,49246
7428,49247
7428,49248
7428,49249
7428,49250
7429,49128
7429,49129
7429,49130
7429,49131
7429,49132
7429,49133
7429,49134
7429,49135
7429,49136
7429,49137
7429,49138
7429,49182
7429,49183
7429,49184
7429,49185
7429,49186
7429,49187
7429,49188
7429,49189
7429,49190
7429,49191
7429,49192
7429,49193
7429,49194
7429,49195
7429,49196
7429,49197
7429,49198
7429,49199
7429,49200
7429,49201
7429,49202
7429,49203
7429,49204
7429,49205
7429,49206
7429,49207
7429,49208
7429,49209
7429,49210
7429,49211
7429,49212
7429,49213
7429,49214
7429,49215
7429,49216
7429,49217
7429,49218
7429,49219
7429,49220
7429,49221
7429,49222
7429,49223
7429,49224
7429,49225
7429,49226
7429,49227
7429,49228
7429,49229
7429,49230
7429,49231
7429,49232
7429,49233
7429,49234
7429,49235
7429,49236
7429,49237
7429,49238
7429,49239
7429,49240
7429,49241
7429,49242
7429,49243
7429,49244
7429,49245
7429,49246
7429,49247
7429,49248
7429,49249
7430,49128
7430,49129
7430,49130
7430,49131
7430,49132
7430,49133
7430,49134
7430,49135
7430,49136
7430,49137
7430,49183
7430,49184
7430,49185
7430,49186
7430,49187
7430,49188
7430,49189
7430,49190
7430,49191
7430,49192
7430,49193
7430,49194
7430,49195
7430,49196
7430,49197
7430,49198
7430,49199
7430,49200
7430,49201
7430,49202
7430,49203
7430,49204
7430,49205
7430,49206
7430,49207
7430,49208
7430,49209
7430,49210
7430,49211
7430,49212
7430,49213
7430,49214
7430,49215
7430,49216
7430,49217
7430,49218
7430,49219
7430,49220
7430,49221
7430,49222
7430,49223
7430,49224
7430,49225
7430,49226
7430,49227
7430,49228
7430,49229
7430,49230
7430,49231
7430,49232
7430,49233
7430,49234
7430,49235
7430,49236
7430,49237
7430,49238
7430,49239
7430,49240
7430,49241
7430,49242
7430,49243
7430,49244
7430,49245
7430,49246
7430,49247
7430,49248
7430,49249
7431,49129
7431,49130
7431,49131
7431,49132
7431,49133
7431,49134
7431,49135
7431,49136
7431,49184
7431,49185
7431,49186
7431,49187
7431,49188
7431,49189
7431,49190
7431,49191
7431,49192
7431,49193
7431,49194
7431,49195
7431,49196
7431,49197
7431,49198
7431,49199
7431,49200
7431,49201
7431,49202
7431,49203
7431,49204
7431,49205
7431,49206
7431,49207
7431,49208
7431,49209
7431,49210
7431,49211
7431,49212
7431,49213
7431,49214
7431,49215
7431,49216
7431,49217
7431,49218
7431,49219
7431,49220
7431,49221
7431,49222
7431,49223
7431,49224
7431,49225
7431,49226
7431,49227
7431,49228
7431,49229
7431,49230
7431,49231
7431,49232
7431,49233
7431,49234
7431,49235
7431,49236
7431,49237
7431,49238
7431,49239
7431,49240
7431,49241
7431,49242
7431,49243
7431,49244
7431,49245
7431,49246
7431,49247
7431,49248
7431,49249
7432,49130
7432,49131
7432,49132
7432,49133
7432,49134
7432,49135
7432,49186
7432,49187
7432,49188
7432,49189
7432,49190
7432,49191
7432,49192
7432,49193
7432,49194
7432,49195
7432,49196
7432,49197
7432,49198
7432,49199
7432,49200
7432,49201
7432,49202
7432,49203
7432,49204
7432,49205
7432,49206
7432,49207
7432,49208
7432,49209
7432,49210
7432,49211
7432,49212
7432,49213
7432,49214
7432,49215
7432,49216
7432,49217
7432,49218
7432,49219
7432,49220
7432,49221
7432,49222
7432,49223
7432,49224
7432,49225
7432,49226
7432,49227
7432,49228
7432,49229
7432,49230
7432,49231
7432,49232
7432,49233
7432,49234
7432,49235
7432,49236
7432,49237
7432,49238
7432,49239
7432,49240
7432,49241
7432,49242
7432,49243
7432,49244
7432,49245
7432,49246
7432,49247
7432,49248
7433,49132
7433,49186
7433,49187
7433,49188
7433,49189
7433,49190
7433,49191
7433,49192
7433,49193
7433,49194
7433,49195
7433,49196
7433,49197
7433,49198
7433,49199
7433,49200
7433,49201
7433,49202
7433,49203
7433,49204
7433,49205
7433,49206
7433,49207
7433,49208
7433,49209
7433,49210
7433,49211
7433,49212
7433,49213
7433,49214
7433,49215
7433,49216
7433,49217
7433,49218
7433,49219
7433,49220
7433,49221
7433,49222
7433,49223
7433,49224
7433,49225
7433,49226
7433,49227
7433,49228
7433,49229
7433,49230
7433,49231
7433,49232
7433,49233
7433,49234
7433,49235
7433,49236
7433,49237
7433,49238
7433,49239
7433,49240
7433,49241
7433,49242
7433,49243
7433,49244
7433,49245
7433,49246
7433,49247
7434,49185
7434,49186
7434,49187
7434,49188
7434,49189
7434,49190
7434,49191
7434,49192
7434,49193
7434,49194
7434,49195
7434,49196
7434,49197
7434,49198
7434,49199
7434,49200
7434,49201
7434,49202
7434,49203
7434,49204
7434,49205
7434,49206
7434,49207
7434,49208
7434,49209
7434,49210
7434,49211
7434,49212
7434,49213
7434,49214
7434,49215
7434,49216
7434,49217
7434,49218
7434,49219
7434,49220
7434,49221
7434,49222
7434,49223
7434,49224
7434,49225
7434,49226
7434,49227
7434,49228
7434,49229
7434,49230
7434,49231
7434,49232
7434,49233
7434,49234
7434,49235
7434,49236
7434,49237
7434,49238
7434,49239
7434,49240
7434,49241
7434,49242
7434,49243
7434,49244
7435,49185
7435,49186
7435,49187
7435,49188
7435,49189
7435,49190
7435,49191
7435,49192
7435,49193
7435,49194
7435,49195
7435,49196
7435,49197
7435,49198
7435,49199
7435,49200
7435,49201
7435,49202
7435,49203
7435,49204
7435,49205
7435,49206
7435,49207
7435,49208
7435,49209
7435,49210
7435,49211
7435,49212
7435,49213
7435,49214
7435,49215
7435,49216
7435,49217
7435,49218
7435,49219
7435,49220
7435,49221
7435,49222
7435,49223
7435,49224
7435,49225
7435,49226
7435,49227
7435,49228
7435,49229
7435,49230
7435,49231
7435,49232
7435,49233
7435,49234
7435,49235
7435,49236
7435,49237
7435,49238
7435,49239
7435,49240
7435,49241
7436,49185
7436,49186
7436,49187
7436,49188
7436,49189
7436,49190
7436,49191
7436,49192
7436,49193
7436,49194
7436,49195
7436,49196
7436,49197
7436,49198
7436,49199
7436,49200
7436,49201
7436,49202
7436,49203
7436,49204
7436,49205
7436,49206
7436,49207
7436,49208
7436,49209
7436,49210
7436,49211
7436,49212
7436,49213
7436,49214
7436,49215
7436,49216
7436,49217
7436,49218
7436,49219
7436,49220
7436,49221
7436,49222
7436,49223
7436,49224
7436,49225
7436,49226
7436,49227
7436,49228
7436,49229
7436,49230
7436,49231
7436,49232
7436,49233
7436,49234
7436,49235
7436,49236
7436,49237
7436,49238
7436,49239
7436,49240
7437,49184
7437,49185
7437,49186
7437,49187
7437,49188
7437,49189
7437,49190
7437,49191
7437,49192
7437,49193
7437,49194
7437,49195
7437,49196
7437,49197
7437,49198
7437,49199
7437,49200
7437,49201
7437,49202
7437,49203
7437,49204
7437,49205
7437,49206
7437,49207
7437,49208
7437,49209
7437,49210
7437,49211
7437,49212
7437,49213
7437,49214
7437,49215
7437,49216
7437,49217
7437,49218
7437,49219
7437,49220
7437,49221
7437,49222
7437,49223
7437,49224
7437,49225
7437,49226
7437,49227
7437,49228
7437,49229
7437,49230
7437,49231
7437,49232
7437,49233
7437,49234
7437,49235
7437,49236
7437,49237
7437,49238
7437,49239
7437,49240
7437,49241
7438,49185
7438,49186
7438,49187
7438,49188
7438,49189
7438,49190
7438,49191
7438,49192
7438,49193
7438,49194
7438,49195
7438,49196
7438,49197
7438,49198
7438,49199
7438,49200
7438,49201
7438,49202
7438,49203
7438,49204
7438,49205
7438,49206
7438,49207
7438,49208
7438,49209
7438,49210
7438,49211
7438,49212
7438,49213
7438,49214
7438,49215
7438,49216
7438,49217
7438,49218
7438,49219
7438,49220
7438,49221
7438,49222
7438,49223
7438,49224
7438,49225
7438,49226
7438,49227
7438,49228
7438,49229
7438,49230
7438,49231
7438,49232
7438,49233
7438,49234
7438,49235
7438,49236
7438,49237
7438,49238
7438,49239
7438,49240
7438,49241
7439,49185
7439,49186
7439,49187
7439,49188
7439,49189
7439,49190
7439,49191
7439,49192
7439,49193
7439,49194
7439,49195
7439,49196
7439,49197
7439,49198
7439,49199
7439,49200
7439,49201
7439,49202
7439,49203
7439,49204
7439,49205
7439,49206
7439,49207
7439,49208
7439,49209
7439,49210
7439,49211
7439,49212
7439,49213
7439,49214
7439,49215
7439,49216
7439,49217
7439,49218
7439,49219
7439,49220
7439,49221
7439,49222
7439,49223
7439,49224
7439,49225
7439,49226
7439,49227
7439,49228
7439,49229
7439,49230
7439,49231
7439,49232
7439,49233
7439,49234
7439,49235
7439,49236
7439,49237
7439,49238
7439,49239
7439,49240
7439,49241
7440,49185
7440,49186
7440,49187
7440,49188
7440,49189
7440,49190
7440,49191
7440,49192
7440,49193
7440,49194
7440,49195
7440,49196
7440,49197
7440,49198
7440,49199
7440,49200
7440,49201
7440,49202
7440,49203
7440,49204
7440,49205
7440,49206
7440,49207
7440,49208
7440,49209
7440,49210
7440,49211
7440,49212
7440,49213
7440,49214
7440,49215
7440,49216
7440,49217
7440,49218
7440,49219
7440,49220
7440,49221
7440,49222
7440,49223
7440,49224
7440,49225
7440,49226
7440,49227
7440,49228
7440,49229
7440,49230
7440,49231
7440,49232
7440,49233
7440,49234
7440,49235
7440,49236
7440,49237
7440,49238
7440,49239
7440,49240
7440,49241
7440,49242
7441,49186
7441,49187
7441,49188
7441,49189
7441,49190
7441,49191
7441,49192
7441,49193
7441,49194
7441,49195
7441,49196
7441,49197
7441,49198
7441,49199
7441,49200
7441,49201
7441,49202
7441,49203
7441,49204
7441,49205
7441,49206
7441,49207
7441,49208
7441,49209
7441,49210
7441,49211
7441,49212
7441,49213
7441,49214
7441,49215
7441,49216
7441,49217
7441,49218
7441,49219
7441,49220
7441,49221
7441,49222
7441,49223
7441,49224
7441,49225
7441,49226
7441,49227
7441,49228
7441,49229
7441,49230
7441,49231
7441,49232
7441,49233
7441,49234
7441,49235
7441,49236
7441,49237
7441,49238
7441,49239
7441,49240
7441,49241
7441,49242
7442,49186
7442,49187
7442,49188
7442,49189
7442,49190
7442,49191
7442,49192
7442,49193
7442,49194
7442,49195
7442,49196
7442,49197
7442,49198
7442,49199
7442,49200
7442,49201
7442,49202
7442,49203
7442,49204
7442,49205
7442,49206
7442,49207
7442,49208
7442,49209
7442,49210
7442,49211
7442,49212
7442,49213
7442,49214
7442,49215
7442,49216
7442,49217
7442,49218
7442,49219
7442,49220
7442,49221
7442,49222
7442,49223
7442,49224
7442,49225
7442,49226
7442,49227
7442,49228
7442,49229
7442,49230
7442,49231
7442,49232
7442,49233
7442,49234
7442,49235
7442,49236
7442,49237
7442,49238
7442,49239
7442,49240
7442,49241
7443,49186
7443,49187
7443,49188
7443,49189
7443,49190
7443,49191
7443,49192
7443,49193
7443,49194
7443,49195
7443,49196
7443,49197
7443,49198
7443,49199
7443,49200
7443,49201
7443,49202
7443,49203
7443,49204
7443,49205
7443,49206
7443,49207
7443,49208
7443,49209
7443,49210
7443,49211
7443,49212
7443,49213
7443,49214
7443,49215
7443,49216
7443,49217
7443,49218
7443,49219
7443,49220
7443,49221
7443,49222
7443,49223
7443,49224
7443,49225
7443,49226
7443,49227
7443,49228
7443,49229
7443,49230
7443,49231
7443,49232
7443,49233
7443,49234
7443,49235
7443,49236
7443,49237
7443,49238
7443,49239
7443,49240
7443,49241
7444,49187
7444,49188
7444,49189
7444,49190
7444,49191
7444,49192
7444,49193
7444,49194
7444,49195
7444,49196
7444,49197
7444,49198
7444,49199
7444,49200
7444,49201
7444,49202
7444,49203
7444,49204
7444,49205
7444,49206
7444,49207
7444,49208
7444,49209
7444,49210
7444,49211
7444,49212
7444,49213
7444,49214
7444,49215
7444,49216
7444,49217
7444,49218
7444,49219
7444,49220
7444,49221
7444,49222
7444,49223
7444,49224
7444,49225
7444,49226
7444,49227
7444,49228
7444,49229
7444,49230
7444,49231
7444,49232
7444,49233
7444,49234
7444,49235
7444,49236
7444,49237
7444,49238
7444,49239
7444,49240
7444,49241
7445,49188
7445,49189
7445,49190
7445,49191
7445,49192
7445,49193
7445,49194
7445,49195
7445,49196
7445,49197
7445,49198
7445,49199
7445,49200
7445,49201
7445,49202
7445,49203
7445,49204
7445,49205
7445,49206
7445,49207
7445,49208
7445,49209
7445,49210
7445,49211
7445,49212
7445,49213
7445,49214
7445,49215
7445,49216
7445,49217
7445,49218
7445,49219
7445,49220
7445,49221
7445,49222
7445,49223
7445,49224
7445,49225
7445,49226
7445,49227
7445,49228
7445,49229
7445,49230
7445,49231
7445,49232
7445,49233
7445,49234
7445,49235
7445,49236
7445,49237
7445,49238
7445,49239
7445,49240
7446,49189
7446,49190
7446,49191
7446,49192
7446,49193
7446,49194
7446,49195
7446,49196
7446,49197
7446,49198
7446,49199
7446,49200
7446,49201
7446,49202
7446,49203
7446,49204
7446,49205
7446,49206
7446,49207
7446,49208
7446,49209
7446,49210
7446,49211
7446,49212
7446,49213
7446,49214
7446,49215
7446,49216
7446,49217
7446,49218
7446,49219
7446,49220
7446,49221
7446,49222
7446,49223
7446,49224
7446,49225
7446,49226
7446,49227
7446,49228
7446,49229
7446,49230
7446,49231
7446,49232
7446,49233
7446,49234
7446,49235
7446,49236
7446,49237
7446,49238
7446,49239
7447,49192
7447,49193
7447,49194
7447,49195
7447,49196
7447,49197
7447,49198
7447,49199
7447,49200
7447,49201
7447,49202
7447,49203
7447,49204
7447,49205
7447,49206
7447,49207
7447,49208
7447,49209
7447,49210
7447,49211
7447,49212
7447,49213
7447,49214
7447,49215
7447,49216
7447,49217
7447,49218
7447,49219
7447,49220
7447,49221
7447,49222
7447,49223
7447,49224
7447,49225
7447,49226
7447,49227
7447,49228
7447,49229
7447,49230
7447,49231
7447,49232
7447,49233
7447,49234
7447,49235
7447,49236
7447,49237
7447,49238
7447,49239
7447,49240
7448,49196
7448,49197
7448,49198
7448,49199
7448,49200
7448,49201
7448,49202
7448,49204
7448,49205
7448,49206
7448,49207
7448,49208
7448,49209
7448,49210
7448,49211
7448,49212
7448,49213
7448,49214
7448,49215
7448,49216
7448,49217
7448,49218
7448,49219
7448,49220
7448,49221
7448,49222
7448,49223
7448,49224
7448,49225
7448,49226
7448,49227
7448,49228
7448,49229
7448,49230
7448,49231
7448,49232
7448,49233
7448,49234
7448,49235
7448,49236
7448,49237
7448,49238
7448,49239
7448,49240
7448,49241
7449,49199
7449,49204
7449,49205
7449,49206
7449,49207
7449,49208
7449,49209
7449,49210
7449,49211
7449,49212
7449,49213
7449,49214
7449,49215
7449,49216
7449,49217
7449,49218
7449,49219
7449,49220
7449,49221
7449,49222
7449,49223
7449,49224
7449,49225
7449,49226
7449,49227
7449,49228
7449,49229
7449,49230
7449,49231
7449,49232
7449,49233
7449,49234
7449,49235
7449,49236
7449,49237
7449,49238
7449,49239
7449,49240
7449,49241
7449,49242
7450,49205
7450,49206
7450,49207
7450,49208
7450,49209
7450,49210
7450,49211
7450,49212
7450,49213
7450,49214
7450,49215
7450,49216
7450,49217
7450,49218
7450,49219
7450,49220
7450,49221
7450,49222
7450,49223
7450,49224
7450,49225
7450,49226
7450,49227
7450,49228
7450,49229
7450,49230
7450,49231
7450,49232
7450,49233
7450,49234
7450,49235
7450,49236
7450,49237
7450,49238
7450,49239
7450,49240
7450,49241
7450,49242
7450,49243
7451,49205
7451,49206
7451,49207
7451,49208
7451,49209
7451,49210
7451,49211
7451,49212
7451,49213
7451,49214
7451,49215
7451,49216
7451,49217
7451,49218
7451,49219
7451,49220
7451,49221
7451,49222
7451,49223
7451,49224
7451,49225
7451,49226
7451,49227
7451,49228
7451,49229
7451,49230
7451,49231
7451,49232
7451,49233
7451,49234
7451,49235
7451,49236
7451,49237
7451,49238
7451,49239
7451,49240
7451,49241
7451,49242
7451,49243
7452,49206
7452,49207
7452,49208
7452,49209
7452,49210
7452,49211
7452,49212
7452,49213
7452,49214
7452,49215
7452,49216
7452,49217
7452,49218
7452,49219
7452,49220
7452,49221
7452,49222
7452,49223
7452,49224
7452,49225
7452,49226
7452,49227
7452,49228
7452,49229
7452,49230
7452,49231
7452,49232
7452,49233
7452,49234
7452,49235
7452,49236
7452,49237
7452,49238
7452,49239
7452,49240
7452,49241
7452,49242
7452,49243
7453,49207
7453,49208
7453,49209
7453,49210
7453,49211
7453,49212
7453,49213
7453,49214
7453,49215
7453,49216
7453,49217
7453,49218
7453,49219
7453,49220
7453,49221
7453,49222
7453,49223
7453,49224
7453,49225
7453,49226
7453,49227
7453,49228
7453,49229
7453,49230
7453,49231
7453,49232
7453,49233
7453,49234
7453,49235
7453,49236
7453,49237
7453,49238
7453,49239
7453,49240
7453,49241
7453,49242
7453,49243
7453,49244
7454,49209
7454,49210
7454,49217
7454,49218
7454,49219
7454,49220
7454,49221
7454,49222
7454,49223
7454,49224
7454,49225
7454,49226
7454,49227
7454,49228
7454,49229
7454,49230
7454,49231
7454,49232
7454,49233
7454,49234
7454,49235
7454,49236
7454,49237
7454,49238
7454,49239
7454,49240
7454,49241
7454,49242
7454,49243
7455,49217
7455,49218
7455,49219
7455,49220
7455,49221
7455,49222
7455,49223
7455,49224
7455,49225
7455,49226
7455,49227
7455,49228
7455,49229
7455,49230
7455,49231
7455,49232
7455,49233
7455,49234
7455,49235
7455,49236
7455,49237
7455,49238
7455,49239
7455,49240
7455,49241
7455,49242
7455,49243
7455,49244
7456,49217
7456,49218
7456,49219
7456,49220
7456,49221
7456,49222
7456,49223
7456,49224
7456,49225
7456,49226
7456,49227
7456,49228
7456,49229
7456,49230
7456,49231
7456,49232
7456,49233
7456,49234
7456,49235
7456,49236
7456,49237
7456,49238
7456,49239
7456,49240
7456,49241
7456,49242
7456,49243
7457,49218
7457,49219
7457,49220
7457,49221
7457,49222
7457,49223
7457,49224
7457,49225
7457,49226
7457,49227
7457,49228
7457,49229
7457,49230
7457,49231
7457,49232
7457,49233
7457,49234
7457,49235
7457,49236
7457,49237
7457,49238
7457,49239
7457,49240
7457,49241
7457,49242
7457,49243
7457,49244
7458,49219
7458,49220
7458,49221
7458,49222
7458,49223
7458,49224
7458,49225
7458,49226
7458,49227
7458,49228
7458,49229
7458,49230
7458,49231
7458,49232
7458,49233
7458,49234
7458,49235
7458,49236
7458,49237
7458,49238
7458,49239
7458,49240
7458,49241
7458,49242
7458,49243
7459,49220
7459,49221
7459,49222
7459,49223
7459,49224
7459,49225
7459,49226
7459,49227
7459,49228
7459,49229
7459,49230
7459,49231
7459,49232
7459,49233
7459,49234
7459,49235
7459,49236
7459,49237
7459,49238
7459,49239
7459,49240
7459,49241
7459,49242
7459,49243
7460,49223
7460,49224
7460,49225
7460,49226
7460,49227
7460,49228
7460,49229
7460,49230
7460,49231
7460,49232
7460,49233
7460,49234
7460,49235
7460,49236
7460,49237
7460,49238
7460,49239
7460,49240
7460,49241
7460,49242
7460,49243
7461,49225
7461,49226
7461,49227
7461,49228
7461,49229
7461,49230
7461,49231
7461,49232
7461,49233
7461,49234
7461,49235
7461,49236
7461,49237
7461,49238
7461,49239
7461,49240
7461,49241
7461,49242
7461,49243
7462,49225
7462,49226
7462,49227
7462,49228
7462,49229
7462,49230
7462,49231
7462,49232
7462,49233
7462,49234
7462,49235
7462,49236
7462,49237
7462,49238
7462,49239
7462,49240
7462,49241
7462,49242
7462,49243
7463,49226
7463,49227
7463,49228
7463,49229
7463,49230
7463,49231
7463,49232
7463,49233
7463,49234
7463,49235
7463,49236
7463,49237
7463,49238
7463,49239
7463,49240
7463,49241
7463,49242
7463,49243
7463,49244
7464,49227
7464,49228
7464,49229
7464,49230
7464,49231
7464,49232
7464,49233
7464,49234
7464,49235
7464,49236
7464,49237
7464,49238
7464,49239
7464,49240
7464,49241
7464,49242
7464,49243
7465,49228
7465,49229
7465,49230
7465,49231
7465,49232
7465,49233
7465,49234
7465,49235
7465,49236
7465,49237
7465,49238
7465,49239
7465,49240
7465,49241
7465,49242
7465,49243
7466,49231
7466,49232
7466,49233
7466,49234
7466,49235
7466,49236
7466,49237
7466,49238
7466,49239
7466,49240
7466,49241
7466,49242
7466,49243
7467,49231
7467,49232
7467,49233
7467,49234
7467,49235
7467,49236
7467,49237
7467,49238
7467,49239
7467,49240
7467,49241
7467,49242
7468,49232
7468,49233
7468,49234
7468,49235
7468,49236
7468,49237
7468,49238
7468,49239
7468,49240
7468,49241
7468,49242
7469,49233
7469,49234
7469,49235
7469,49236
7469,49237
7469,49238
7469,49239
7469,49240
7469,49241
7470,49234
7470,49235
7470,49236
7470,49237
7470,49238
7470,49239
7470,49240
7471,49237
