"X","Y"
18538,6864
18538,6865
18538,6866
18538,6867
18539,6855
18539,6856
18539,6857
18539,6861
18539,6862
18539,6863
18539,6864
18539,6865
18539,6866
18539,6867
18539,6868
18539,6869
18539,6870
18540,6852
18540,6853
18540,6854
18540,6855
18540,6856
18540,6857
18540,6858
18540,6859
18540,6860
18540,6861
18540,6862
18540,6863
18540,6864
18540,6865
18540,6866
18540,6867
18540,6868
18540,6869
18540,6870
18540,6871
18541,6848
18541,6849
18541,6850
18541,6851
18541,6852
18541,6853
18541,6854
18541,6855
18541,6856
18541,6857
18541,6858
18541,6859
18541,6860
18541,6861
18541,6862
18541,6863
18541,6864
18541,6865
18541,6866
18541,6867
18541,6868
18541,6869
18541,6870
18541,6871
18541,6872
18542,6845
18542,6846
18542,6847
18542,6848
18542,6849
18542,6850
18542,6851
18542,6852
18542,6853
18542,6854
18542,6855
18542,6856
18542,6857
18542,6858
18542,6859
18542,6860
18542,6861
18542,6862
18542,6863
18542,6864
18542,6865
18542,6866
18542,6867
18542,6868
18542,6869
18542,6870
18542,6871
18542,6872
18542,6873
18542,6874
18542,6875
18543,6844
18543,6845
18543,6846
18543,6847
18543,6848
18543,6849
18543,6850
18543,6851
18543,6852
18543,6853
18543,6854
18543,6855
18543,6856
18543,6857
18543,6858
18543,6859
18543,6860
18543,6861
18543,6862
18543,6863
18543,6864
18543,6865
18543,6866
18543,6867
18543,6868
18543,6869
18543,6870
18543,6871
18543,6872
18543,6873
18543,6874
18543,6875
18543,6876
18543,6877
18543,6882
18544,6843
18544,6844
18544,6845
18544,6846
18544,6847
18544,6848
18544,6849
18544,6850
18544,6851
18544,6852
18544,6853
18544,6854
18544,6855
18544,6856
18544,6857
18544,6858
18544,6859
18544,6860
18544,6861
18544,6862
18544,6863
18544,6864
18544,6865
18544,6866
18544,6867
18544,6868
18544,6869
18544,6870
18544,6871
18544,6872
18544,6873
18544,6874
18544,6875
18544,6876
18544,6877
18544,6878
18544,6879
18544,6880
18544,6881
18544,6882
18544,6883
18544,6884
18544,6885
18545,6842
18545,6843
18545,6844
18545,6845
18545,6846
18545,6847
18545,6848
18545,6849
18545,6850
18545,6851
18545,6852
18545,6853
18545,6854
18545,6855
18545,6856
18545,6857
18545,6858
18545,6859
18545,6860
18545,6861
18545,6862
18545,6863
18545,6864
18545,6865
18545,6866
18545,6867
18545,6868
18545,6869
18545,6870
18545,6871
18545,6872
18545,6873
18545,6874
18545,6875
18545,6876
18545,6877
18545,6878
18545,6879
18545,6880
18545,6881
18545,6882
18545,6883
18545,6884
18545,6885
18545,6886
18545,6887
18545,6888
18546,6841
18546,6842
18546,6843
18546,6844
18546,6845
18546,6846
18546,6847
18546,6848
18546,6849
18546,6850
18546,6851
18546,6852
18546,6853
18546,6854
18546,6855
18546,6856
18546,6857
18546,6858
18546,6859
18546,6860
18546,6861
18546,6862
18546,6863
18546,6864
18546,6865
18546,6866
18546,6867
18546,6868
18546,6869
18546,6870
18546,6871
18546,6872
18546,6873
18546,6874
18546,6875
18546,6876
18546,6877
18546,6878
18546,6879
18546,6880
18546,6881
18546,6882
18546,6883
18546,6884
18546,6885
18546,6886
18546,6887
18546,6888
18546,6889
18547,6840
18547,6841
18547,6842
18547,6843
18547,6844
18547,6845
18547,6846
18547,6847
18547,6848
18547,6849
18547,6850
18547,6851
18547,6852
18547,6853
18547,6854
18547,6855
18547,6856
18547,6857
18547,6858
18547,6859
18547,6860
18547,6861
18547,6862
18547,6863
18547,6864
18547,6865
18547,6866
18547,6867
18547,6868
18547,6869
18547,6870
18547,6871
18547,6872
18547,6873
18547,6874
18547,6875
18547,6876
18547,6877
18547,6878
18547,6879
18547,6880
18547,6881
18547,6882
18547,6883
18547,6884
18547,6885
18547,6886
18547,6887
18547,6888
18547,6889
18547,6890
18547,6891
18548,6839
18548,6840
18548,6841
18548,6842
18548,6843
18548,6844
18548,6845
18548,6846
18548,6847
18548,6848
18548,6849
18548,6850
18548,6851
18548,6852
18548,6853
18548,6854
18548,6855
18548,6856
18548,6857
18548,6858
18548,6859
18548,6860
18548,6861
18548,6862
18548,6863
18548,6864
18548,6865
18548,6866
18548,6867
18548,6868
18548,6869
18548,6870
18548,6871
18548,6872
18548,6873
18548,6874
18548,6875
18548,6876
18548,6877
18548,6878
18548,6879
18548,6880
18548,6881
18548,6882
18548,6883
18548,6884
18548,6885
18548,6886
18548,6887
18548,6888
18548,6889
18548,6890
18548,6891
18548,6892
18549,6838
18549,6839
18549,6840
18549,6841
18549,6842
18549,6843
18549,6844
18549,6845
18549,6846
18549,6847
18549,6848
18549,6849
18549,6850
18549,6851
18549,6852
18549,6853
18549,6854
18549,6855
18549,6856
18549,6857
18549,6858
18549,6859
18549,6860
18549,6861
18549,6862
18549,6863
18549,6864
18549,6865
18549,6866
18549,6867
18549,6868
18549,6869
18549,6870
18549,6871
18549,6872
18549,6873
18549,6874
18549,6875
18549,6876
18549,6877
18549,6878
18549,6879
18549,6880
18549,6881
18549,6882
18549,6883
18549,6884
18549,6885
18549,6886
18549,6887
18549,6888
18549,6889
18549,6890
18549,6891
18549,6892
18549,6893
18549,6894
18550,6837
18550,6838
18550,6839
18550,6840
18550,6841
18550,6842
18550,6843
18550,6844
18550,6845
18550,6846
18550,6847
18550,6848
18550,6849
18550,6850
18550,6851
18550,6852
18550,6853
18550,6854
18550,6855
18550,6856
18550,6857
18550,6858
18550,6859
18550,6860
18550,6861
18550,6862
18550,6863
18550,6864
18550,6865
18550,6866
18550,6867
18550,6868
18550,6869
18550,6870
18550,6871
18550,6872
18550,6873
18550,6874
18550,6875
18550,6876
18550,6877
18550,6878
18550,6879
18550,6880
18550,6881
18550,6882
18550,6883
18550,6884
18550,6885
18550,6886
18550,6887
18550,6888
18550,6889
18550,6890
18550,6891
18550,6892
18550,6893
18550,6894
18550,6895
18550,6896
18551,6836
18551,6837
18551,6838
18551,6839
18551,6840
18551,6841
18551,6842
18551,6843
18551,6844
18551,6845
18551,6846
18551,6847
18551,6848
18551,6849
18551,6850
18551,6851
18551,6852
18551,6853
18551,6854
18551,6855
18551,6856
18551,6857
18551,6858
18551,6859
18551,6860
18551,6861
18551,6862
18551,6863
18551,6864
18551,6865
18551,6866
18551,6867
18551,6868
18551,6869
18551,6870
18551,6871
18551,6872
18551,6873
18551,6874
18551,6875
18551,6876
18551,6877
18551,6878
18551,6879
18551,6880
18551,6881
18551,6882
18551,6883
18551,6884
18551,6885
18551,6886
18551,6887
18551,6888
18551,6889
18551,6890
18551,6891
18551,6892
18551,6893
18551,6894
18551,6895
18551,6896
18551,6897
18552,6835
18552,6836
18552,6837
18552,6838
18552,6839
18552,6840
18552,6841
18552,6842
18552,6843
18552,6844
18552,6845
18552,6846
18552,6847
18552,6848
18552,6849
18552,6850
18552,6851
18552,6852
18552,6853
18552,6854
18552,6855
18552,6856
18552,6857
18552,6858
18552,6859
18552,6860
18552,6861
18552,6862
18552,6863
18552,6864
18552,6865
18552,6866
18552,6867
18552,6868
18552,6869
18552,6870
18552,6871
18552,6872
18552,6873
18552,6874
18552,6875
18552,6876
18552,6877
18552,6878
18552,6879
18552,6880
18552,6881
18552,6882
18552,6883
18552,6884
18552,6885
18552,6886
18552,6887
18552,6888
18552,6889
18552,6890
18552,6891
18552,6892
18552,6893
18552,6894
18552,6895
18552,6896
18552,6897
18552,6898
18553,6835
18553,6836
18553,6837
18553,6838
18553,6839
18553,6840
18553,6841
18553,6842
18553,6843
18553,6844
18553,6845
18553,6846
18553,6847
18553,6848
18553,6849
18553,6850
18553,6851
18553,6852
18553,6853
18553,6854
18553,6855
18553,6856
18553,6857
18553,6858
18553,6859
18553,6860
18553,6861
18553,6862
18553,6863
18553,6864
18553,6865
18553,6866
18553,6867
18553,6868
18553,6869
18553,6870
18553,6871
18553,6872
18553,6873
18553,6874
18553,6875
18553,6876
18553,6877
18553,6878
18553,6879
18553,6880
18553,6881
18553,6882
18553,6883
18553,6884
18553,6885
18553,6886
18553,6887
18553,6888
18553,6889
18553,6890
18553,6891
18553,6892
18553,6893
18553,6894
18553,6895
18553,6896
18553,6897
18553,6898
18553,6899
18554,6835
18554,6836
18554,6837
18554,6838
18554,6839
18554,6840
18554,6841
18554,6842
18554,6843
18554,6844
18554,6845
18554,6846
18554,6847
18554,6848
18554,6849
18554,6850
18554,6851
18554,6852
18554,6853
18554,6854
18554,6855
18554,6856
18554,6857
18554,6858
18554,6859
18554,6860
18554,6861
18554,6862
18554,6863
18554,6864
18554,6865
18554,6866
18554,6867
18554,6868
18554,6869
18554,6870
18554,6871
18554,6872
18554,6873
18554,6874
18554,6875
18554,6876
18554,6877
18554,6878
18554,6879
18554,6880
18554,6881
18554,6882
18554,6883
18554,6884
18554,6885
18554,6886
18554,6887
18554,6888
18554,6889
18554,6890
18554,6891
18554,6892
18554,6893
18554,6894
18554,6895
18554,6896
18554,6897
18554,6898
18554,6899
18554,6900
18555,6834
18555,6835
18555,6836
18555,6837
18555,6838
18555,6839
18555,6840
18555,6841
18555,6842
18555,6843
18555,6844
18555,6845
18555,6846
18555,6847
18555,6848
18555,6849
18555,6850
18555,6851
18555,6852
18555,6853
18555,6854
18555,6855
18555,6856
18555,6857
18555,6858
18555,6859
18555,6860
18555,6861
18555,6862
18555,6863
18555,6864
18555,6865
18555,6866
18555,6867
18555,6868
18555,6869
18555,6870
18555,6871
18555,6872
18555,6873
18555,6874
18555,6875
18555,6876
18555,6877
18555,6878
18555,6879
18555,6880
18555,6881
18555,6882
18555,6883
18555,6884
18555,6885
18555,6886
18555,6887
18555,6888
18555,6889
18555,6890
18555,6891
18555,6892
18555,6893
18555,6894
18555,6895
18555,6896
18555,6897
18555,6898
18555,6899
18555,6900
18556,6834
18556,6835
18556,6836
18556,6837
18556,6838
18556,6839
18556,6840
18556,6841
18556,6842
18556,6843
18556,6844
18556,6845
18556,6846
18556,6847
18556,6848
18556,6849
18556,6850
18556,6851
18556,6852
18556,6853
18556,6854
18556,6855
18556,6856
18556,6857
18556,6858
18556,6859
18556,6860
18556,6861
18556,6862
18556,6863
18556,6864
18556,6865
18556,6866
18556,6867
18556,6868
18556,6869
18556,6870
18556,6871
18556,6872
18556,6873
18556,6874
18556,6875
18556,6876
18556,6877
18556,6878
18556,6879
18556,6880
18556,6881
18556,6882
18556,6883
18556,6884
18556,6885
18556,6886
18556,6887
18556,6888
18556,6889
18556,6890
18556,6891
18556,6892
18556,6893
18556,6894
18556,6895
18556,6896
18556,6897
18556,6898
18556,6899
18556,6900
18557,6834
18557,6835
18557,6836
18557,6837
18557,6838
18557,6839
18557,6840
18557,6841
18557,6842
18557,6843
18557,6844
18557,6845
18557,6846
18557,6847
18557,6848
18557,6849
18557,6850
18557,6851
18557,6852
18557,6853
18557,6854
18557,6855
18557,6856
18557,6857
18557,6858
18557,6859
18557,6860
18557,6861
18557,6862
18557,6863
18557,6864
18557,6865
18557,6866
18557,6867
18557,6868
18557,6869
18557,6870
18557,6871
18557,6872
18557,6873
18557,6874
18557,6875
18557,6876
18557,6877
18557,6878
18557,6879
18557,6880
18557,6881
18557,6882
18557,6883
18557,6884
18557,6885
18557,6886
18557,6887
18557,6888
18557,6889
18557,6890
18557,6891
18557,6892
18557,6893
18557,6894
18557,6895
18557,6896
18557,6897
18557,6898
18557,6899
18557,6900
18557,6901
18558,6834
18558,6835
18558,6836
18558,6837
18558,6838
18558,6839
18558,6840
18558,6841
18558,6842
18558,6843
18558,6844
18558,6845
18558,6846
18558,6847
18558,6848
18558,6849
18558,6850
18558,6851
18558,6852
18558,6853
18558,6854
18558,6855
18558,6856
18558,6857
18558,6858
18558,6859
18558,6860
18558,6861
18558,6862
18558,6863
18558,6864
18558,6865
18558,6866
18558,6867
18558,6868
18558,6869
18558,6870
18558,6871
18558,6872
18558,6873
18558,6874
18558,6875
18558,6876
18558,6877
18558,6878
18558,6879
18558,6880
18558,6881
18558,6882
18558,6883
18558,6884
18558,6885
18558,6886
18558,6887
18558,6888
18558,6889
18558,6890
18558,6891
18558,6892
18558,6893
18558,6894
18558,6895
18558,6896
18558,6897
18558,6898
18558,6899
18558,6900
18558,6901
18558,6902
18558,6903
18559,6833
18559,6834
18559,6835
18559,6836
18559,6837
18559,6838
18559,6839
18559,6840
18559,6841
18559,6842
18559,6843
18559,6844
18559,6845
18559,6846
18559,6847
18559,6848
18559,6849
18559,6850
18559,6851
18559,6852
18559,6853
18559,6854
18559,6855
18559,6856
18559,6857
18559,6858
18559,6859
18559,6860
18559,6861
18559,6862
18559,6863
18559,6864
18559,6865
18559,6866
18559,6867
18559,6868
18559,6869
18559,6870
18559,6871
18559,6872
18559,6873
18559,6874
18559,6875
18559,6876
18559,6877
18559,6878
18559,6879
18559,6880
18559,6881
18559,6882
18559,6883
18559,6884
18559,6885
18559,6886
18559,6887
18559,6888
18559,6889
18559,6890
18559,6891
18559,6892
18559,6893
18559,6894
18559,6895
18559,6896
18559,6897
18559,6898
18559,6899
18559,6900
18559,6901
18559,6902
18559,6903
18559,6904
18560,6833
18560,6834
18560,6835
18560,6836
18560,6837
18560,6838
18560,6839
18560,6840
18560,6841
18560,6842
18560,6843
18560,6844
18560,6845
18560,6846
18560,6847
18560,6848
18560,6849
18560,6850
18560,6851
18560,6852
18560,6853
18560,6854
18560,6855
18560,6856
18560,6857
18560,6858
18560,6859
18560,6860
18560,6861
18560,6862
18560,6863
18560,6864
18560,6865
18560,6866
18560,6867
18560,6868
18560,6869
18560,6870
18560,6871
18560,6872
18560,6873
18560,6874
18560,6875
18560,6876
18560,6877
18560,6878
18560,6879
18560,6880
18560,6881
18560,6882
18560,6883
18560,6884
18560,6885
18560,6886
18560,6887
18560,6888
18560,6889
18560,6890
18560,6891
18560,6892
18560,6893
18560,6894
18560,6895
18560,6896
18560,6897
18560,6898
18560,6899
18560,6900
18560,6901
18560,6902
18560,6903
18560,6904
18560,6905
18561,6833
18561,6834
18561,6835
18561,6836
18561,6837
18561,6838
18561,6839
18561,6840
18561,6841
18561,6842
18561,6843
18561,6844
18561,6845
18561,6846
18561,6847
18561,6848
18561,6849
18561,6850
18561,6851
18561,6852
18561,6853
18561,6854
18561,6855
18561,6856
18561,6857
18561,6858
18561,6859
18561,6860
18561,6861
18561,6862
18561,6863
18561,6864
18561,6865
18561,6866
18561,6867
18561,6868
18561,6869
18561,6870
18561,6871
18561,6872
18561,6873
18561,6874
18561,6875
18561,6876
18561,6877
18561,6878
18561,6879
18561,6880
18561,6881
18561,6882
18561,6883
18561,6884
18561,6885
18561,6886
18561,6887
18561,6888
18561,6889
18561,6890
18561,6891
18561,6892
18561,6893
18561,6894
18561,6895
18561,6896
18561,6897
18561,6898
18561,6899
18561,6900
18561,6901
18561,6902
18561,6903
18561,6904
18561,6905
18561,6906
18562,6832
18562,6833
18562,6834
18562,6835
18562,6836
18562,6837
18562,6838
18562,6839
18562,6840
18562,6841
18562,6842
18562,6843
18562,6844
18562,6845
18562,6846
18562,6847
18562,6848
18562,6849
18562,6850
18562,6851
18562,6852
18562,6853
18562,6854
18562,6855
18562,6856
18562,6857
18562,6858
18562,6859
18562,6860
18562,6861
18562,6862
18562,6863
18562,6864
18562,6865
18562,6866
18562,6867
18562,6868
18562,6869
18562,6870
18562,6871
18562,6872
18562,6873
18562,6874
18562,6875
18562,6876
18562,6877
18562,6878
18562,6879
18562,6880
18562,6881
18562,6882
18562,6883
18562,6884
18562,6885
18562,6886
18562,6887
18562,6888
18562,6889
18562,6890
18562,6891
18562,6892
18562,6893
18562,6894
18562,6895
18562,6896
18562,6897
18562,6898
18562,6899
18562,6900
18562,6901
18562,6902
18562,6903
18562,6904
18562,6905
18562,6906
18562,6907
18563,6833
18563,6834
18563,6835
18563,6836
18563,6837
18563,6838
18563,6839
18563,6840
18563,6841
18563,6842
18563,6843
18563,6844
18563,6845
18563,6846
18563,6847
18563,6848
18563,6849
18563,6850
18563,6851
18563,6852
18563,6853
18563,6854
18563,6855
18563,6856
18563,6857
18563,6858
18563,6859
18563,6860
18563,6861
18563,6862
18563,6863
18563,6864
18563,6865
18563,6866
18563,6867
18563,6868
18563,6869
18563,6870
18563,6871
18563,6872
18563,6873
18563,6874
18563,6875
18563,6876
18563,6877
18563,6878
18563,6879
18563,6880
18563,6881
18563,6882
18563,6883
18563,6884
18563,6885
18563,6886
18563,6887
18563,6888
18563,6889
18563,6890
18563,6891
18563,6892
18563,6893
18563,6894
18563,6895
18563,6896
18563,6897
18563,6898
18563,6899
18563,6900
18563,6901
18563,6902
18563,6903
18563,6904
18563,6905
18563,6906
18563,6907
18564,6833
18564,6834
18564,6835
18564,6836
18564,6837
18564,6838
18564,6839
18564,6840
18564,6841
18564,6842
18564,6843
18564,6844
18564,6845
18564,6846
18564,6847
18564,6848
18564,6849
18564,6850
18564,6851
18564,6852
18564,6853
18564,6854
18564,6855
18564,6856
18564,6857
18564,6858
18564,6859
18564,6860
18564,6861
18564,6862
18564,6863
18564,6864
18564,6865
18564,6866
18564,6867
18564,6868
18564,6869
18564,6870
18564,6871
18564,6872
18564,6873
18564,6874
18564,6875
18564,6876
18564,6877
18564,6878
18564,6879
18564,6880
18564,6881
18564,6882
18564,6883
18564,6884
18564,6885
18564,6886
18564,6887
18564,6888
18564,6889
18564,6890
18564,6891
18564,6892
18564,6893
18564,6894
18564,6895
18564,6896
18564,6897
18564,6898
18564,6899
18564,6900
18564,6901
18564,6902
18564,6903
18564,6904
18564,6905
18564,6906
18564,6907
18564,6908
18565,6833
18565,6834
18565,6835
18565,6836
18565,6837
18565,6838
18565,6839
18565,6840
18565,6841
18565,6842
18565,6843
18565,6844
18565,6845
18565,6846
18565,6847
18565,6848
18565,6849
18565,6850
18565,6851
18565,6852
18565,6853
18565,6854
18565,6855
18565,6856
18565,6857
18565,6858
18565,6859
18565,6860
18565,6861
18565,6862
18565,6863
18565,6864
18565,6865
18565,6866
18565,6867
18565,6868
18565,6869
18565,6870
18565,6871
18565,6872
18565,6873
18565,6874
18565,6875
18565,6876
18565,6877
18565,6878
18565,6879
18565,6880
18565,6881
18565,6882
18565,6883
18565,6884
18565,6885
18565,6886
18565,6887
18565,6888
18565,6889
18565,6890
18565,6891
18565,6892
18565,6893
18565,6894
18565,6895
18565,6896
18565,6897
18565,6898
18565,6899
18565,6900
18565,6901
18565,6902
18565,6903
18565,6904
18565,6905
18565,6906
18565,6907
18565,6908
18566,6832
18566,6833
18566,6834
18566,6835
18566,6836
18566,6837
18566,6838
18566,6839
18566,6840
18566,6841
18566,6842
18566,6843
18566,6844
18566,6845
18566,6846
18566,6847
18566,6848
18566,6849
18566,6850
18566,6851
18566,6852
18566,6853
18566,6854
18566,6855
18566,6856
18566,6857
18566,6858
18566,6859
18566,6860
18566,6861
18566,6862
18566,6863
18566,6864
18566,6865
18566,6866
18566,6867
18566,6868
18566,6869
18566,6870
18566,6871
18566,6872
18566,6873
18566,6874
18566,6875
18566,6876
18566,6877
18566,6878
18566,6879
18566,6880
18566,6881
18566,6882
18566,6883
18566,6884
18566,6885
18566,6886
18566,6887
18566,6888
18566,6889
18566,6890
18566,6891
18566,6892
18566,6893
18566,6894
18566,6895
18566,6896
18566,6897
18566,6898
18566,6899
18566,6900
18566,6901
18566,6902
18566,6903
18566,6904
18566,6905
18566,6906
18566,6907
18566,6908
18567,6832
18567,6833
18567,6834
18567,6835
18567,6836
18567,6837
18567,6838
18567,6839
18567,6840
18567,6841
18567,6842
18567,6843
18567,6844
18567,6845
18567,6846
18567,6847
18567,6848
18567,6849
18567,6850
18567,6851
18567,6852
18567,6853
18567,6854
18567,6855
18567,6856
18567,6857
18567,6858
18567,6859
18567,6860
18567,6861
18567,6862
18567,6863
18567,6864
18567,6865
18567,6866
18567,6867
18567,6868
18567,6869
18567,6870
18567,6871
18567,6872
18567,6873
18567,6874
18567,6875
18567,6876
18567,6877
18567,6878
18567,6879
18567,6880
18567,6881
18567,6882
18567,6883
18567,6884
18567,6885
18567,6886
18567,6887
18567,6888
18567,6889
18567,6890
18567,6891
18567,6892
18567,6893
18567,6894
18567,6895
18567,6896
18567,6897
18567,6898
18567,6899
18567,6900
18567,6901
18567,6902
18567,6903
18567,6904
18567,6905
18567,6906
18567,6907
18567,6908
18567,6909
18568,6831
18568,6832
18568,6833
18568,6834
18568,6835
18568,6836
18568,6837
18568,6838
18568,6839
18568,6840
18568,6841
18568,6842
18568,6843
18568,6844
18568,6845
18568,6846
18568,6847
18568,6848
18568,6849
18568,6850
18568,6851
18568,6852
18568,6853
18568,6854
18568,6855
18568,6856
18568,6857
18568,6858
18568,6859
18568,6860
18568,6861
18568,6862
18568,6863
18568,6864
18568,6865
18568,6866
18568,6867
18568,6868
18568,6869
18568,6870
18568,6871
18568,6872
18568,6873
18568,6874
18568,6875
18568,6876
18568,6877
18568,6878
18568,6879
18568,6880
18568,6881
18568,6882
18568,6883
18568,6884
18568,6885
18568,6886
18568,6887
18568,6888
18568,6889
18568,6890
18568,6891
18568,6892
18568,6893
18568,6894
18568,6895
18568,6896
18568,6897
18568,6898
18568,6899
18568,6900
18568,6901
18568,6902
18568,6903
18568,6904
18568,6905
18568,6906
18568,6907
18568,6908
18569,6831
18569,6832
18569,6833
18569,6834
18569,6835
18569,6836
18569,6837
18569,6838
18569,6839
18569,6840
18569,6841
18569,6842
18569,6843
18569,6844
18569,6845
18569,6846
18569,6847
18569,6848
18569,6849
18569,6850
18569,6851
18569,6852
18569,6853
18569,6854
18569,6855
18569,6856
18569,6857
18569,6858
18569,6859
18569,6860
18569,6861
18569,6862
18569,6863
18569,6864
18569,6865
18569,6866
18569,6867
18569,6868
18569,6869
18569,6870
18569,6871
18569,6872
18569,6873
18569,6874
18569,6875
18569,6876
18569,6877
18569,6878
18569,6879
18569,6880
18569,6881
18569,6882
18569,6883
18569,6884
18569,6885
18569,6886
18569,6887
18569,6888
18569,6889
18569,6890
18569,6891
18569,6892
18569,6893
18569,6894
18569,6895
18569,6896
18569,6897
18569,6898
18569,6899
18569,6900
18569,6901
18569,6902
18569,6903
18569,6904
18569,6905
18569,6906
18569,6907
18569,6908
18570,6831
18570,6832
18570,6833
18570,6834
18570,6835
18570,6836
18570,6837
18570,6838
18570,6839
18570,6840
18570,6841
18570,6842
18570,6843
18570,6844
18570,6845
18570,6846
18570,6847
18570,6848
18570,6849
18570,6850
18570,6851
18570,6852
18570,6853
18570,6854
18570,6855
18570,6856
18570,6857
18570,6858
18570,6859
18570,6860
18570,6861
18570,6862
18570,6863
18570,6864
18570,6865
18570,6866
18570,6867
18570,6868
18570,6869
18570,6870
18570,6871
18570,6872
18570,6873
18570,6874
18570,6875
18570,6876
18570,6877
18570,6878
18570,6879
18570,6880
18570,6881
18570,6882
18570,6883
18570,6884
18570,6885
18570,6886
18570,6887
18570,6888
18570,6889
18570,6890
18570,6891
18570,6892
18570,6893
18570,6894
18570,6895
18570,6896
18570,6897
18570,6898
18570,6899
18570,6900
18570,6901
18570,6902
18570,6903
18570,6904
18570,6905
18570,6906
18570,6907
18570,6908
18571,6830
18571,6831
18571,6832
18571,6833
18571,6834
18571,6835
18571,6836
18571,6837
18571,6838
18571,6839
18571,6840
18571,6841
18571,6842
18571,6843
18571,6844
18571,6845
18571,6846
18571,6847
18571,6848
18571,6849
18571,6850
18571,6851
18571,6852
18571,6853
18571,6854
18571,6855
18571,6856
18571,6857
18571,6858
18571,6859
18571,6860
18571,6861
18571,6862
18571,6863
18571,6864
18571,6865
18571,6866
18571,6867
18571,6868
18571,6869
18571,6870
18571,6871
18571,6872
18571,6873
18571,6874
18571,6875
18571,6876
18571,6877
18571,6878
18571,6879
18571,6880
18571,6881
18571,6882
18571,6883
18571,6884
18571,6885
18571,6886
18571,6887
18571,6888
18571,6889
18571,6890
18571,6891
18571,6892
18571,6893
18571,6894
18571,6895
18571,6896
18571,6897
18571,6898
18571,6899
18571,6900
18571,6901
18571,6902
18571,6903
18571,6904
18571,6905
18571,6906
18571,6907
18571,6908
18571,6909
18572,6831
18572,6832
18572,6833
18572,6834
18572,6835
18572,6836
18572,6837
18572,6838
18572,6839
18572,6840
18572,6841
18572,6842
18572,6843
18572,6844
18572,6845
18572,6846
18572,6847
18572,6848
18572,6849
18572,6850
18572,6851
18572,6852
18572,6853
18572,6854
18572,6855
18572,6856
18572,6857
18572,6858
18572,6859
18572,6860
18572,6861
18572,6862
18572,6863
18572,6864
18572,6865
18572,6866
18572,6867
18572,6868
18572,6869
18572,6870
18572,6871
18572,6872
18572,6873
18572,6874
18572,6875
18572,6876
18572,6877
18572,6878
18572,6879
18572,6880
18572,6881
18572,6882
18572,6883
18572,6884
18572,6885
18572,6886
18572,6887
18572,6888
18572,6889
18572,6890
18572,6891
18572,6892
18572,6893
18572,6894
18572,6895
18572,6896
18572,6897
18572,6898
18572,6899
18572,6900
18572,6901
18572,6902
18572,6903
18572,6904
18572,6905
18572,6906
18572,6907
18572,6908
18572,6909
18573,6831
18573,6832
18573,6833
18573,6834
18573,6835
18573,6836
18573,6837
18573,6838
18573,6839
18573,6840
18573,6841
18573,6842
18573,6843
18573,6844
18573,6845
18573,6846
18573,6847
18573,6848
18573,6849
18573,6850
18573,6851
18573,6852
18573,6853
18573,6854
18573,6855
18573,6856
18573,6857
18573,6858
18573,6859
18573,6860
18573,6861
18573,6862
18573,6863
18573,6864
18573,6865
18573,6866
18573,6867
18573,6868
18573,6869
18573,6870
18573,6871
18573,6872
18573,6873
18573,6874
18573,6875
18573,6876
18573,6877
18573,6878
18573,6879
18573,6880
18573,6881
18573,6882
18573,6883
18573,6884
18573,6885
18573,6886
18573,6887
18573,6888
18573,6889
18573,6890
18573,6891
18573,6892
18573,6893
18573,6894
18573,6895
18573,6896
18573,6897
18573,6898
18573,6899
18573,6900
18573,6901
18573,6902
18573,6903
18573,6904
18573,6905
18573,6906
18573,6907
18573,6908
18573,6909
18574,6831
18574,6832
18574,6833
18574,6834
18574,6835
18574,6836
18574,6837
18574,6838
18574,6839
18574,6840
18574,6841
18574,6842
18574,6843
18574,6844
18574,6845
18574,6846
18574,6847
18574,6848
18574,6849
18574,6850
18574,6851
18574,6852
18574,6853
18574,6854
18574,6855
18574,6856
18574,6857
18574,6858
18574,6859
18574,6860
18574,6861
18574,6862
18574,6863
18574,6864
18574,6865
18574,6866
18574,6867
18574,6868
18574,6869
18574,6870
18574,6871
18574,6872
18574,6873
18574,6874
18574,6875
18574,6876
18574,6877
18574,6878
18574,6879
18574,6880
18574,6881
18574,6882
18574,6883
18574,6884
18574,6885
18574,6886
18574,6887
18574,6888
18574,6889
18574,6890
18574,6891
18574,6892
18574,6893
18574,6894
18574,6895
18574,6896
18574,6897
18574,6898
18574,6899
18574,6900
18574,6901
18574,6902
18574,6903
18574,6904
18574,6905
18574,6906
18574,6907
18574,6908
18574,6909
18574,6910
18575,6832
18575,6833
18575,6834
18575,6835
18575,6836
18575,6837
18575,6838
18575,6839
18575,6840
18575,6841
18575,6842
18575,6843
18575,6844
18575,6845
18575,6846
18575,6847
18575,6848
18575,6849
18575,6850
18575,6851
18575,6852
18575,6853
18575,6854
18575,6855
18575,6856
18575,6857
18575,6858
18575,6859
18575,6860
18575,6861
18575,6862
18575,6863
18575,6864
18575,6865
18575,6866
18575,6867
18575,6868
18575,6869
18575,6870
18575,6871
18575,6872
18575,6873
18575,6874
18575,6875
18575,6876
18575,6877
18575,6878
18575,6879
18575,6880
18575,6881
18575,6882
18575,6883
18575,6884
18575,6885
18575,6886
18575,6887
18575,6888
18575,6889
18575,6890
18575,6891
18575,6892
18575,6893
18575,6894
18575,6895
18575,6896
18575,6897
18575,6898
18575,6899
18575,6900
18575,6901
18575,6902
18575,6903
18575,6904
18575,6905
18575,6906
18575,6907
18575,6908
18575,6909
18575,6910
18576,6832
18576,6833
18576,6834
18576,6835
18576,6836
18576,6837
18576,6838
18576,6839
18576,6840
18576,6841
18576,6842
18576,6843
18576,6844
18576,6845
18576,6846
18576,6847
18576,6848
18576,6849
18576,6850
18576,6851
18576,6852
18576,6853
18576,6854
18576,6855
18576,6856
18576,6857
18576,6858
18576,6859
18576,6860
18576,6861
18576,6862
18576,6863
18576,6864
18576,6865
18576,6866
18576,6867
18576,6868
18576,6869
18576,6870
18576,6871
18576,6872
18576,6873
18576,6874
18576,6875
18576,6876
18576,6877
18576,6878
18576,6879
18576,6880
18576,6881
18576,6882
18576,6883
18576,6884
18576,6885
18576,6886
18576,6887
18576,6888
18576,6889
18576,6890
18576,6891
18576,6892
18576,6893
18576,6894
18576,6895
18576,6896
18576,6897
18576,6898
18576,6899
18576,6900
18576,6901
18576,6902
18576,6903
18576,6904
18576,6905
18576,6906
18576,6907
18576,6908
18576,6909
18576,6910
18577,6833
18577,6834
18577,6835
18577,6836
18577,6837
18577,6838
18577,6839
18577,6840
18577,6841
18577,6842
18577,6843
18577,6844
18577,6845
18577,6846
18577,6847
18577,6848
18577,6849
18577,6850
18577,6851
18577,6852
18577,6853
18577,6854
18577,6855
18577,6856
18577,6857
18577,6858
18577,6859
18577,6860
18577,6861
18577,6862
18577,6863
18577,6864
18577,6865
18577,6866
18577,6867
18577,6868
18577,6869
18577,6870
18577,6871
18577,6872
18577,6873
18577,6874
18577,6875
18577,6876
18577,6877
18577,6878
18577,6879
18577,6880
18577,6881
18577,6882
18577,6883
18577,6884
18577,6885
18577,6886
18577,6887
18577,6888
18577,6889
18577,6890
18577,6891
18577,6892
18577,6893
18577,6894
18577,6895
18577,6896
18577,6897
18577,6898
18577,6899
18577,6900
18577,6901
18577,6902
18577,6903
18577,6904
18577,6905
18577,6906
18577,6907
18577,6908
18577,6909
18577,6910
18577,6911
18578,6834
18578,6835
18578,6836
18578,6837
18578,6838
18578,6839
18578,6840
18578,6841
18578,6842
18578,6843
18578,6844
18578,6845
18578,6846
18578,6847
18578,6848
18578,6849
18578,6850
18578,6851
18578,6852
18578,6853
18578,6854
18578,6855
18578,6856
18578,6857
18578,6858
18578,6859
18578,6860
18578,6861
18578,6862
18578,6863
18578,6864
18578,6865
18578,6866
18578,6867
18578,6868
18578,6869
18578,6870
18578,6871
18578,6872
18578,6873
18578,6874
18578,6875
18578,6876
18578,6877
18578,6878
18578,6879
18578,6880
18578,6881
18578,6882
18578,6883
18578,6884
18578,6885
18578,6886
18578,6887
18578,6888
18578,6889
18578,6890
18578,6891
18578,6892
18578,6893
18578,6894
18578,6895
18578,6896
18578,6897
18578,6898
18578,6899
18578,6900
18578,6901
18578,6902
18578,6903
18578,6904
18578,6905
18578,6906
18578,6907
18578,6908
18578,6909
18578,6910
18578,6911
18579,6834
18579,6835
18579,6836
18579,6837
18579,6838
18579,6839
18579,6840
18579,6841
18579,6842
18579,6843
18579,6844
18579,6845
18579,6846
18579,6847
18579,6848
18579,6849
18579,6850
18579,6851
18579,6852
18579,6853
18579,6854
18579,6855
18579,6856
18579,6857
18579,6858
18579,6859
18579,6860
18579,6861
18579,6862
18579,6863
18579,6864
18579,6865
18579,6866
18579,6867
18579,6868
18579,6869
18579,6870
18579,6871
18579,6872
18579,6873
18579,6874
18579,6875
18579,6876
18579,6877
18579,6878
18579,6879
18579,6880
18579,6881
18579,6882
18579,6883
18579,6884
18579,6885
18579,6886
18579,6887
18579,6888
18579,6889
18579,6890
18579,6891
18579,6892
18579,6893
18579,6894
18579,6895
18579,6896
18579,6897
18579,6898
18579,6899
18579,6900
18579,6901
18579,6902
18579,6903
18579,6904
18579,6905
18579,6906
18579,6907
18579,6908
18579,6909
18579,6910
18580,6833
18580,6834
18580,6835
18580,6836
18580,6837
18580,6838
18580,6839
18580,6840
18580,6841
18580,6842
18580,6843
18580,6844
18580,6845
18580,6846
18580,6847
18580,6848
18580,6849
18580,6850
18580,6851
18580,6852
18580,6853
18580,6854
18580,6855
18580,6856
18580,6857
18580,6858
18580,6859
18580,6860
18580,6861
18580,6862
18580,6863
18580,6864
18580,6865
18580,6866
18580,6867
18580,6868
18580,6869
18580,6870
18580,6871
18580,6872
18580,6873
18580,6874
18580,6875
18580,6876
18580,6877
18580,6878
18580,6879
18580,6880
18580,6881
18580,6882
18580,6883
18580,6884
18580,6885
18580,6886
18580,6887
18580,6888
18580,6889
18580,6890
18580,6891
18580,6892
18580,6893
18580,6894
18580,6895
18580,6896
18580,6897
18580,6898
18580,6899
18580,6900
18580,6901
18580,6902
18580,6903
18580,6904
18580,6905
18580,6906
18580,6907
18580,6908
18580,6909
18580,6910
18580,6911
18581,6833
18581,6834
18581,6835
18581,6836
18581,6837
18581,6838
18581,6839
18581,6840
18581,6841
18581,6842
18581,6843
18581,6844
18581,6845
18581,6846
18581,6847
18581,6848
18581,6849
18581,6850
18581,6851
18581,6852
18581,6853
18581,6854
18581,6855
18581,6856
18581,6857
18581,6858
18581,6859
18581,6860
18581,6861
18581,6862
18581,6863
18581,6864
18581,6865
18581,6866
18581,6867
18581,6868
18581,6869
18581,6870
18581,6871
18581,6872
18581,6873
18581,6874
18581,6875
18581,6876
18581,6877
18581,6878
18581,6879
18581,6880
18581,6881
18581,6882
18581,6883
18581,6884
18581,6885
18581,6886
18581,6887
18581,6888
18581,6889
18581,6890
18581,6891
18581,6892
18581,6893
18581,6894
18581,6895
18581,6896
18581,6897
18581,6898
18581,6899
18581,6900
18581,6901
18581,6902
18581,6903
18581,6904
18581,6905
18581,6906
18581,6907
18581,6908
18581,6909
18581,6910
18581,6911
18581,6912
18582,6833
18582,6834
18582,6835
18582,6836
18582,6837
18582,6838
18582,6839
18582,6840
18582,6841
18582,6842
18582,6843
18582,6844
18582,6845
18582,6846
18582,6847
18582,6848
18582,6849
18582,6850
18582,6851
18582,6852
18582,6853
18582,6854
18582,6855
18582,6856
18582,6857
18582,6858
18582,6859
18582,6860
18582,6861
18582,6862
18582,6863
18582,6864
18582,6865
18582,6866
18582,6867
18582,6868
18582,6869
18582,6870
18582,6871
18582,6872
18582,6873
18582,6874
18582,6875
18582,6876
18582,6877
18582,6878
18582,6879
18582,6880
18582,6881
18582,6882
18582,6883
18582,6884
18582,6885
18582,6886
18582,6887
18582,6888
18582,6889
18582,6890
18582,6891
18582,6892
18582,6893
18582,6894
18582,6895
18582,6896
18582,6897
18582,6898
18582,6899
18582,6900
18582,6901
18582,6902
18582,6903
18582,6904
18582,6905
18582,6906
18582,6907
18582,6908
18582,6909
18582,6910
18582,6911
18582,6912
18582,6913
18583,6833
18583,6834
18583,6835
18583,6836
18583,6837
18583,6838
18583,6839
18583,6840
18583,6841
18583,6842
18583,6843
18583,6844
18583,6845
18583,6846
18583,6847
18583,6848
18583,6849
18583,6850
18583,6851
18583,6852
18583,6853
18583,6854
18583,6855
18583,6856
18583,6857
18583,6858
18583,6859
18583,6860
18583,6861
18583,6862
18583,6863
18583,6864
18583,6865
18583,6866
18583,6867
18583,6868
18583,6869
18583,6870
18583,6871
18583,6872
18583,6873
18583,6874
18583,6875
18583,6876
18583,6877
18583,6878
18583,6879
18583,6880
18583,6881
18583,6882
18583,6883
18583,6884
18583,6885
18583,6886
18583,6887
18583,6888
18583,6889
18583,6890
18583,6891
18583,6892
18583,6893
18583,6894
18583,6895
18583,6896
18583,6897
18583,6898
18583,6899
18583,6900
18583,6901
18583,6902
18583,6903
18583,6904
18583,6905
18583,6906
18583,6907
18583,6908
18583,6909
18583,6910
18583,6911
18583,6912
18583,6913
18583,6914
18584,6833
18584,6834
18584,6835
18584,6836
18584,6837
18584,6838
18584,6839
18584,6840
18584,6841
18584,6842
18584,6843
18584,6844
18584,6845
18584,6846
18584,6847
18584,6848
18584,6849
18584,6850
18584,6851
18584,6852
18584,6853
18584,6854
18584,6855
18584,6856
18584,6857
18584,6858
18584,6859
18584,6860
18584,6861
18584,6862
18584,6863
18584,6864
18584,6865
18584,6866
18584,6867
18584,6868
18584,6869
18584,6870
18584,6871
18584,6872
18584,6873
18584,6874
18584,6875
18584,6876
18584,6877
18584,6878
18584,6879
18584,6880
18584,6881
18584,6882
18584,6883
18584,6884
18584,6885
18584,6886
18584,6887
18584,6888
18584,6889
18584,6890
18584,6891
18584,6892
18584,6893
18584,6894
18584,6895
18584,6896
18584,6897
18584,6898
18584,6899
18584,6900
18584,6901
18584,6902
18584,6903
18584,6904
18584,6905
18584,6906
18584,6907
18584,6908
18584,6909
18584,6910
18584,6911
18584,6912
18584,6913
18584,6914
18584,6915
18585,6834
18585,6835
18585,6836
18585,6837
18585,6838
18585,6839
18585,6840
18585,6841
18585,6842
18585,6843
18585,6844
18585,6845
18585,6846
18585,6847
18585,6848
18585,6849
18585,6850
18585,6851
18585,6852
18585,6853
18585,6854
18585,6855
18585,6856
18585,6857
18585,6858
18585,6859
18585,6860
18585,6861
18585,6862
18585,6863
18585,6864
18585,6865
18585,6866
18585,6867
18585,6868
18585,6869
18585,6870
18585,6871
18585,6872
18585,6873
18585,6874
18585,6875
18585,6876
18585,6877
18585,6878
18585,6879
18585,6880
18585,6881
18585,6882
18585,6883
18585,6884
18585,6885
18585,6886
18585,6887
18585,6888
18585,6889
18585,6890
18585,6891
18585,6892
18585,6893
18585,6894
18585,6895
18585,6896
18585,6897
18585,6898
18585,6899
18585,6900
18585,6901
18585,6902
18585,6903
18585,6904
18585,6905
18585,6906
18585,6907
18585,6908
18585,6909
18585,6910
18585,6911
18585,6912
18585,6913
18585,6914
18585,6915
18586,6835
18586,6836
18586,6837
18586,6838
18586,6839
18586,6840
18586,6841
18586,6842
18586,6843
18586,6844
18586,6845
18586,6846
18586,6847
18586,6848
18586,6849
18586,6850
18586,6851
18586,6852
18586,6853
18586,6854
18586,6855
18586,6856
18586,6857
18586,6858
18586,6859
18586,6860
18586,6861
18586,6862
18586,6863
18586,6864
18586,6865
18586,6866
18586,6867
18586,6868
18586,6869
18586,6870
18586,6871
18586,6872
18586,6873
18586,6874
18586,6875
18586,6876
18586,6877
18586,6878
18586,6879
18586,6880
18586,6881
18586,6882
18586,6883
18586,6884
18586,6885
18586,6886
18586,6887
18586,6888
18586,6889
18586,6890
18586,6891
18586,6892
18586,6893
18586,6894
18586,6895
18586,6896
18586,6897
18586,6898
18586,6899
18586,6900
18586,6901
18586,6902
18586,6903
18586,6904
18586,6905
18586,6906
18586,6907
18586,6908
18586,6909
18586,6910
18586,6911
18586,6912
18586,6913
18586,6914
18586,6915
18587,6835
18587,6836
18587,6837
18587,6838
18587,6839
18587,6840
18587,6841
18587,6842
18587,6843
18587,6844
18587,6845
18587,6846
18587,6847
18587,6848
18587,6849
18587,6850
18587,6851
18587,6852
18587,6853
18587,6854
18587,6855
18587,6856
18587,6857
18587,6858
18587,6859
18587,6860
18587,6861
18587,6862
18587,6863
18587,6864
18587,6865
18587,6866
18587,6867
18587,6868
18587,6869
18587,6870
18587,6871
18587,6872
18587,6873
18587,6874
18587,6875
18587,6876
18587,6877
18587,6878
18587,6879
18587,6880
18587,6881
18587,6882
18587,6883
18587,6884
18587,6885
18587,6886
18587,6887
18587,6888
18587,6889
18587,6890
18587,6891
18587,6892
18587,6893
18587,6894
18587,6895
18587,6896
18587,6897
18587,6898
18587,6899
18587,6900
18587,6901
18587,6902
18587,6903
18587,6904
18587,6905
18587,6906
18587,6907
18587,6908
18587,6909
18587,6910
18587,6911
18587,6912
18587,6913
18587,6914
18587,6915
18587,6916
18588,6836
18588,6837
18588,6838
18588,6839
18588,6840
18588,6841
18588,6842
18588,6843
18588,6844
18588,6845
18588,6846
18588,6847
18588,6848
18588,6849
18588,6850
18588,6851
18588,6852
18588,6853
18588,6854
18588,6855
18588,6856
18588,6857
18588,6858
18588,6859
18588,6860
18588,6861
18588,6862
18588,6863
18588,6864
18588,6865
18588,6866
18588,6867
18588,6868
18588,6869
18588,6870
18588,6871
18588,6872
18588,6873
18588,6874
18588,6875
18588,6876
18588,6877
18588,6878
18588,6879
18588,6880
18588,6881
18588,6882
18588,6883
18588,6884
18588,6885
18588,6886
18588,6887
18588,6888
18588,6889
18588,6890
18588,6891
18588,6892
18588,6893
18588,6894
18588,6895
18588,6896
18588,6897
18588,6898
18588,6899
18588,6900
18588,6901
18588,6902
18588,6903
18588,6904
18588,6905
18588,6906
18588,6907
18588,6908
18588,6909
18588,6910
18588,6911
18588,6912
18588,6913
18588,6914
18588,6915
18588,6916
18589,6837
18589,6838
18589,6839
18589,6840
18589,6841
18589,6842
18589,6843
18589,6844
18589,6845
18589,6846
18589,6847
18589,6848
18589,6849
18589,6850
18589,6851
18589,6852
18589,6853
18589,6854
18589,6855
18589,6856
18589,6857
18589,6858
18589,6859
18589,6860
18589,6861
18589,6862
18589,6863
18589,6864
18589,6865
18589,6866
18589,6867
18589,6868
18589,6869
18589,6870
18589,6871
18589,6872
18589,6873
18589,6874
18589,6875
18589,6876
18589,6877
18589,6878
18589,6879
18589,6880
18589,6881
18589,6882
18589,6883
18589,6884
18589,6885
18589,6886
18589,6887
18589,6888
18589,6889
18589,6890
18589,6891
18589,6892
18589,6893
18589,6894
18589,6895
18589,6896
18589,6897
18589,6898
18589,6899
18589,6900
18589,6901
18589,6902
18589,6903
18589,6904
18589,6905
18589,6906
18589,6907
18589,6908
18589,6909
18589,6910
18589,6911
18589,6912
18589,6913
18589,6914
18589,6915
18589,6916
18589,6917
18590,6838
18590,6839
18590,6840
18590,6841
18590,6842
18590,6843
18590,6844
18590,6845
18590,6846
18590,6847
18590,6848
18590,6849
18590,6850
18590,6851
18590,6852
18590,6853
18590,6854
18590,6855
18590,6856
18590,6857
18590,6858
18590,6859
18590,6860
18590,6861
18590,6862
18590,6863
18590,6864
18590,6865
18590,6866
18590,6867
18590,6868
18590,6869
18590,6870
18590,6871
18590,6872
18590,6873
18590,6874
18590,6875
18590,6876
18590,6877
18590,6878
18590,6879
18590,6880
18590,6881
18590,6882
18590,6883
18590,6884
18590,6885
18590,6886
18590,6887
18590,6888
18590,6889
18590,6890
18590,6891
18590,6892
18590,6893
18590,6894
18590,6895
18590,6896
18590,6897
18590,6898
18590,6899
18590,6900
18590,6901
18590,6902
18590,6903
18590,6904
18590,6905
18590,6906
18590,6907
18590,6908
18590,6909
18590,6910
18590,6911
18590,6912
18590,6913
18590,6914
18590,6915
18590,6916
18590,6917
18590,6918
18591,6839
18591,6840
18591,6841
18591,6842
18591,6843
18591,6844
18591,6845
18591,6846
18591,6847
18591,6848
18591,6849
18591,6850
18591,6851
18591,6852
18591,6853
18591,6854
18591,6855
18591,6856
18591,6857
18591,6858
18591,6859
18591,6860
18591,6861
18591,6862
18591,6863
18591,6864
18591,6865
18591,6866
18591,6867
18591,6868
18591,6869
18591,6870
18591,6871
18591,6872
18591,6873
18591,6874
18591,6875
18591,6876
18591,6877
18591,6878
18591,6879
18591,6880
18591,6881
18591,6882
18591,6883
18591,6884
18591,6885
18591,6886
18591,6887
18591,6888
18591,6889
18591,6890
18591,6891
18591,6892
18591,6893
18591,6894
18591,6895
18591,6896
18591,6897
18591,6898
18591,6899
18591,6900
18591,6901
18591,6902
18591,6903
18591,6904
18591,6905
18591,6906
18591,6907
18591,6908
18591,6909
18591,6910
18591,6911
18591,6912
18591,6913
18591,6914
18591,6915
18591,6916
18591,6917
18591,6918
18591,6919
18591,6920
18592,6840
18592,6841
18592,6842
18592,6843
18592,6844
18592,6845
18592,6846
18592,6847
18592,6848
18592,6849
18592,6850
18592,6851
18592,6852
18592,6853
18592,6854
18592,6855
18592,6856
18592,6857
18592,6858
18592,6859
18592,6860
18592,6861
18592,6862
18592,6863
18592,6864
18592,6865
18592,6866
18592,6867
18592,6868
18592,6869
18592,6870
18592,6871
18592,6872
18592,6873
18592,6874
18592,6875
18592,6876
18592,6877
18592,6878
18592,6879
18592,6880
18592,6881
18592,6882
18592,6883
18592,6884
18592,6885
18592,6886
18592,6887
18592,6888
18592,6889
18592,6890
18592,6891
18592,6892
18592,6893
18592,6894
18592,6895
18592,6896
18592,6897
18592,6898
18592,6899
18592,6900
18592,6901
18592,6902
18592,6903
18592,6904
18592,6905
18592,6906
18592,6907
18592,6908
18592,6909
18592,6910
18592,6911
18592,6912
18592,6913
18592,6914
18592,6915
18592,6916
18592,6917
18592,6918
18592,6919
18592,6920
18592,6921
18593,6841
18593,6842
18593,6843
18593,6844
18593,6845
18593,6846
18593,6847
18593,6848
18593,6849
18593,6850
18593,6851
18593,6852
18593,6853
18593,6854
18593,6855
18593,6856
18593,6857
18593,6858
18593,6859
18593,6860
18593,6861
18593,6862
18593,6863
18593,6864
18593,6865
18593,6866
18593,6867
18593,6868
18593,6869
18593,6870
18593,6871
18593,6872
18593,6873
18593,6874
18593,6875
18593,6876
18593,6877
18593,6878
18593,6879
18593,6880
18593,6881
18593,6882
18593,6883
18593,6884
18593,6885
18593,6886
18593,6887
18593,6888
18593,6889
18593,6890
18593,6891
18593,6892
18593,6893
18593,6894
18593,6895
18593,6896
18593,6897
18593,6898
18593,6899
18593,6900
18593,6901
18593,6902
18593,6903
18593,6904
18593,6905
18593,6906
18593,6907
18593,6908
18593,6909
18593,6910
18593,6911
18593,6912
18593,6913
18593,6914
18593,6915
18593,6916
18593,6917
18593,6918
18593,6919
18593,6920
18593,6921
18593,6922
18594,6842
18594,6843
18594,6844
18594,6845
18594,6846
18594,6847
18594,6848
18594,6849
18594,6850
18594,6851
18594,6852
18594,6853
18594,6854
18594,6855
18594,6856
18594,6857
18594,6858
18594,6859
18594,6860
18594,6861
18594,6862
18594,6863
18594,6864
18594,6865
18594,6866
18594,6867
18594,6868
18594,6869
18594,6870
18594,6871
18594,6872
18594,6873
18594,6874
18594,6875
18594,6876
18594,6877
18594,6878
18594,6879
18594,6880
18594,6881
18594,6882
18594,6883
18594,6884
18594,6885
18594,6886
18594,6887
18594,6888
18594,6889
18594,6890
18594,6891
18594,6892
18594,6893
18594,6894
18594,6895
18594,6896
18594,6897
18594,6898
18594,6899
18594,6900
18594,6901
18594,6902
18594,6903
18594,6904
18594,6905
18594,6906
18594,6907
18594,6908
18594,6909
18594,6910
18594,6911
18594,6912
18594,6913
18594,6914
18594,6915
18594,6916
18594,6917
18594,6918
18594,6919
18594,6920
18594,6921
18594,6922
18594,6923
18595,6843
18595,6844
18595,6845
18595,6846
18595,6847
18595,6848
18595,6849
18595,6850
18595,6851
18595,6852
18595,6853
18595,6854
18595,6855
18595,6856
18595,6857
18595,6858
18595,6859
18595,6860
18595,6861
18595,6862
18595,6863
18595,6864
18595,6865
18595,6866
18595,6867
18595,6868
18595,6869
18595,6870
18595,6871
18595,6872
18595,6873
18595,6874
18595,6875
18595,6876
18595,6877
18595,6878
18595,6879
18595,6880
18595,6881
18595,6882
18595,6883
18595,6884
18595,6885
18595,6886
18595,6887
18595,6888
18595,6889
18595,6890
18595,6891
18595,6892
18595,6893
18595,6894
18595,6895
18595,6896
18595,6897
18595,6898
18595,6899
18595,6900
18595,6901
18595,6902
18595,6903
18595,6904
18595,6905
18595,6906
18595,6907
18595,6908
18595,6909
18595,6910
18595,6911
18595,6912
18595,6913
18595,6914
18595,6915
18595,6916
18595,6917
18595,6918
18595,6919
18595,6920
18595,6921
18595,6922
18595,6923
18595,6926
18595,6927
18596,6844
18596,6845
18596,6846
18596,6847
18596,6848
18596,6849
18596,6850
18596,6851
18596,6852
18596,6853
18596,6854
18596,6855
18596,6856
18596,6857
18596,6858
18596,6859
18596,6860
18596,6861
18596,6862
18596,6863
18596,6864
18596,6865
18596,6866
18596,6867
18596,6868
18596,6869
18596,6870
18596,6871
18596,6872
18596,6873
18596,6874
18596,6875
18596,6876
18596,6877
18596,6878
18596,6879
18596,6880
18596,6881
18596,6882
18596,6883
18596,6884
18596,6885
18596,6886
18596,6887
18596,6888
18596,6889
18596,6890
18596,6891
18596,6892
18596,6893
18596,6894
18596,6895
18596,6896
18596,6897
18596,6898
18596,6899
18596,6900
18596,6901
18596,6902
18596,6903
18596,6904
18596,6905
18596,6906
18596,6907
18596,6908
18596,6909
18596,6910
18596,6911
18596,6912
18596,6913
18596,6914
18596,6915
18596,6916
18596,6917
18596,6918
18596,6919
18596,6920
18596,6921
18596,6922
18596,6923
18596,6924
18596,6925
18596,6926
18596,6927
18596,6928
18596,6929
18596,6930
18597,6845
18597,6846
18597,6847
18597,6848
18597,6849
18597,6850
18597,6851
18597,6852
18597,6853
18597,6854
18597,6855
18597,6856
18597,6857
18597,6858
18597,6859
18597,6860
18597,6861
18597,6862
18597,6863
18597,6864
18597,6865
18597,6866
18597,6867
18597,6868
18597,6869
18597,6870
18597,6871
18597,6872
18597,6873
18597,6874
18597,6875
18597,6876
18597,6877
18597,6878
18597,6879
18597,6880
18597,6881
18597,6882
18597,6883
18597,6884
18597,6885
18597,6886
18597,6887
18597,6888
18597,6889
18597,6890
18597,6891
18597,6892
18597,6893
18597,6894
18597,6895
18597,6896
18597,6897
18597,6898
18597,6899
18597,6900
18597,6901
18597,6902
18597,6903
18597,6904
18597,6905
18597,6906
18597,6907
18597,6908
18597,6909
18597,6910
18597,6911
18597,6912
18597,6913
18597,6914
18597,6915
18597,6916
18597,6917
18597,6918
18597,6919
18597,6920
18597,6921
18597,6922
18597,6923
18597,6924
18597,6925
18597,6926
18597,6927
18597,6928
18597,6929
18597,6930
18597,6931
18598,6846
18598,6847
18598,6848
18598,6849
18598,6850
18598,6851
18598,6852
18598,6853
18598,6854
18598,6855
18598,6856
18598,6857
18598,6858
18598,6859
18598,6860
18598,6861
18598,6862
18598,6863
18598,6864
18598,6865
18598,6866
18598,6867
18598,6868
18598,6869
18598,6870
18598,6871
18598,6872
18598,6873
18598,6874
18598,6875
18598,6876
18598,6877
18598,6878
18598,6879
18598,6880
18598,6881
18598,6882
18598,6883
18598,6884
18598,6885
18598,6886
18598,6887
18598,6888
18598,6889
18598,6890
18598,6891
18598,6892
18598,6893
18598,6894
18598,6895
18598,6896
18598,6897
18598,6898
18598,6899
18598,6900
18598,6901
18598,6902
18598,6903
18598,6904
18598,6905
18598,6906
18598,6907
18598,6908
18598,6909
18598,6910
18598,6911
18598,6912
18598,6913
18598,6914
18598,6915
18598,6916
18598,6917
18598,6918
18598,6919
18598,6920
18598,6921
18598,6922
18598,6923
18598,6924
18598,6925
18598,6926
18598,6927
18598,6928
18598,6929
18598,6930
18598,6931
18598,6932
18599,6847
18599,6848
18599,6849
18599,6850
18599,6851
18599,6852
18599,6853
18599,6854
18599,6855
18599,6856
18599,6857
18599,6858
18599,6859
18599,6860
18599,6861
18599,6862
18599,6863
18599,6864
18599,6865
18599,6866
18599,6867
18599,6868
18599,6869
18599,6870
18599,6871
18599,6872
18599,6873
18599,6874
18599,6875
18599,6876
18599,6877
18599,6878
18599,6879
18599,6880
18599,6881
18599,6882
18599,6883
18599,6884
18599,6885
18599,6886
18599,6887
18599,6888
18599,6889
18599,6890
18599,6891
18599,6892
18599,6893
18599,6894
18599,6895
18599,6896
18599,6897
18599,6898
18599,6899
18599,6900
18599,6901
18599,6902
18599,6903
18599,6904
18599,6905
18599,6906
18599,6907
18599,6908
18599,6909
18599,6910
18599,6911
18599,6912
18599,6913
18599,6914
18599,6915
18599,6916
18599,6917
18599,6918
18599,6919
18599,6920
18599,6921
18599,6922
18599,6923
18599,6924
18599,6925
18599,6926
18599,6927
18599,6928
18599,6929
18599,6930
18599,6931
18599,6932
18600,6848
18600,6849
18600,6850
18600,6851
18600,6852
18600,6853
18600,6854
18600,6855
18600,6856
18600,6857
18600,6858
18600,6859
18600,6860
18600,6861
18600,6862
18600,6863
18600,6864
18600,6865
18600,6866
18600,6867
18600,6868
18600,6869
18600,6870
18600,6871
18600,6872
18600,6873
18600,6874
18600,6875
18600,6876
18600,6877
18600,6878
18600,6879
18600,6880
18600,6881
18600,6882
18600,6883
18600,6884
18600,6885
18600,6886
18600,6887
18600,6888
18600,6889
18600,6890
18600,6891
18600,6892
18600,6893
18600,6894
18600,6895
18600,6896
18600,6897
18600,6898
18600,6899
18600,6900
18600,6901
18600,6902
18600,6903
18600,6904
18600,6905
18600,6906
18600,6907
18600,6908
18600,6909
18600,6910
18600,6911
18600,6912
18600,6913
18600,6914
18600,6915
18600,6916
18600,6917
18600,6918
18600,6919
18600,6920
18600,6921
18600,6922
18600,6923
18600,6924
18600,6925
18600,6926
18600,6927
18600,6928
18600,6929
18600,6930
18600,6931
18600,6932
18601,6850
18601,6851
18601,6852
18601,6853
18601,6854
18601,6855
18601,6856
18601,6857
18601,6858
18601,6859
18601,6860
18601,6861
18601,6862
18601,6863
18601,6864
18601,6865
18601,6866
18601,6867
18601,6868
18601,6869
18601,6870
18601,6871
18601,6872
18601,6873
18601,6874
18601,6875
18601,6876
18601,6877
18601,6878
18601,6879
18601,6880
18601,6881
18601,6882
18601,6883
18601,6884
18601,6885
18601,6886
18601,6887
18601,6888
18601,6889
18601,6890
18601,6891
18601,6892
18601,6893
18601,6894
18601,6895
18601,6896
18601,6897
18601,6898
18601,6899
18601,6900
18601,6901
18601,6902
18601,6903
18601,6904
18601,6905
18601,6906
18601,6907
18601,6908
18601,6909
18601,6910
18601,6911
18601,6912
18601,6913
18601,6914
18601,6915
18601,6916
18601,6917
18601,6918
18601,6919
18601,6920
18601,6921
18601,6922
18601,6923
18601,6924
18601,6925
18601,6926
18601,6927
18601,6928
18601,6929
18601,6930
18601,6931
18601,6932
18601,6933
18602,6851
18602,6852
18602,6853
18602,6854
18602,6855
18602,6856
18602,6857
18602,6858
18602,6859
18602,6860
18602,6861
18602,6862
18602,6863
18602,6864
18602,6865
18602,6866
18602,6867
18602,6868
18602,6869
18602,6870
18602,6871
18602,6872
18602,6873
18602,6874
18602,6875
18602,6876
18602,6877
18602,6878
18602,6879
18602,6880
18602,6881
18602,6882
18602,6883
18602,6884
18602,6885
18602,6886
18602,6887
18602,6888
18602,6889
18602,6890
18602,6891
18602,6892
18602,6893
18602,6894
18602,6895
18602,6896
18602,6897
18602,6898
18602,6899
18602,6900
18602,6901
18602,6902
18602,6903
18602,6904
18602,6905
18602,6906
18602,6907
18602,6908
18602,6909
18602,6910
18602,6911
18602,6912
18602,6913
18602,6914
18602,6915
18602,6916
18602,6917
18602,6918
18602,6919
18602,6920
18602,6921
18602,6922
18602,6923
18602,6924
18602,6925
18602,6926
18602,6927
18602,6928
18602,6929
18602,6930
18602,6931
18602,6932
18602,6933
18603,6852
18603,6853
18603,6854
18603,6855
18603,6856
18603,6857
18603,6858
18603,6859
18603,6860
18603,6861
18603,6862
18603,6863
18603,6864
18603,6865
18603,6866
18603,6867
18603,6868
18603,6869
18603,6870
18603,6871
18603,6872
18603,6873
18603,6874
18603,6875
18603,6876
18603,6877
18603,6878
18603,6879
18603,6880
18603,6881
18603,6882
18603,6883
18603,6884
18603,6885
18603,6886
18603,6887
18603,6888
18603,6889
18603,6890
18603,6891
18603,6892
18603,6893
18603,6894
18603,6895
18603,6896
18603,6897
18603,6898
18603,6899
18603,6900
18603,6901
18603,6902
18603,6903
18603,6904
18603,6905
18603,6906
18603,6907
18603,6908
18603,6909
18603,6910
18603,6911
18603,6912
18603,6913
18603,6914
18603,6915
18603,6916
18603,6917
18603,6918
18603,6919
18603,6920
18603,6921
18603,6922
18603,6923
18603,6924
18603,6925
18603,6926
18603,6927
18603,6928
18603,6929
18603,6930
18603,6931
18603,6932
18603,6933
18603,6934
18604,6853
18604,6854
18604,6855
18604,6856
18604,6857
18604,6858
18604,6859
18604,6860
18604,6861
18604,6862
18604,6863
18604,6864
18604,6865
18604,6866
18604,6867
18604,6868
18604,6869
18604,6870
18604,6871
18604,6872
18604,6873
18604,6874
18604,6875
18604,6876
18604,6877
18604,6878
18604,6879
18604,6880
18604,6881
18604,6882
18604,6883
18604,6884
18604,6885
18604,6886
18604,6887
18604,6888
18604,6889
18604,6890
18604,6891
18604,6892
18604,6893
18604,6894
18604,6895
18604,6896
18604,6897
18604,6898
18604,6899
18604,6900
18604,6901
18604,6902
18604,6903
18604,6904
18604,6905
18604,6906
18604,6907
18604,6908
18604,6909
18604,6910
18604,6911
18604,6912
18604,6913
18604,6914
18604,6915
18604,6916
18604,6917
18604,6918
18604,6919
18604,6920
18604,6921
18604,6922
18604,6923
18604,6924
18604,6925
18604,6926
18604,6927
18604,6928
18604,6929
18604,6930
18604,6931
18604,6932
18604,6933
18604,6934
18605,6854
18605,6855
18605,6856
18605,6857
18605,6858
18605,6859
18605,6860
18605,6861
18605,6862
18605,6863
18605,6864
18605,6865
18605,6866
18605,6867
18605,6868
18605,6869
18605,6870
18605,6871
18605,6872
18605,6873
18605,6874
18605,6875
18605,6876
18605,6877
18605,6878
18605,6879
18605,6880
18605,6881
18605,6882
18605,6883
18605,6884
18605,6885
18605,6886
18605,6887
18605,6888
18605,6889
18605,6890
18605,6891
18605,6892
18605,6893
18605,6894
18605,6895
18605,6896
18605,6897
18605,6898
18605,6899
18605,6900
18605,6901
18605,6902
18605,6903
18605,6904
18605,6905
18605,6906
18605,6907
18605,6908
18605,6909
18605,6910
18605,6911
18605,6912
18605,6913
18605,6914
18605,6915
18605,6916
18605,6917
18605,6918
18605,6919
18605,6920
18605,6921
18605,6922
18605,6923
18605,6924
18605,6925
18605,6926
18605,6927
18605,6928
18605,6929
18605,6930
18605,6931
18605,6932
18605,6933
18605,6934
18606,6855
18606,6856
18606,6857
18606,6858
18606,6859
18606,6860
18606,6861
18606,6862
18606,6863
18606,6864
18606,6865
18606,6866
18606,6867
18606,6868
18606,6869
18606,6870
18606,6871
18606,6872
18606,6873
18606,6874
18606,6875
18606,6876
18606,6877
18606,6878
18606,6879
18606,6880
18606,6881
18606,6882
18606,6883
18606,6884
18606,6885
18606,6886
18606,6887
18606,6888
18606,6889
18606,6890
18606,6891
18606,6892
18606,6893
18606,6894
18606,6895
18606,6896
18606,6897
18606,6898
18606,6899
18606,6900
18606,6901
18606,6902
18606,6903
18606,6904
18606,6905
18606,6906
18606,6907
18606,6908
18606,6909
18606,6910
18606,6911
18606,6912
18606,6913
18606,6914
18606,6915
18606,6916
18606,6917
18606,6918
18606,6919
18606,6920
18606,6921
18606,6922
18606,6923
18606,6924
18606,6925
18606,6926
18606,6927
18606,6928
18606,6929
18606,6930
18606,6931
18606,6932
18606,6933
18606,6934
18606,6935
18607,6856
18607,6857
18607,6858
18607,6859
18607,6860
18607,6861
18607,6862
18607,6863
18607,6864
18607,6865
18607,6866
18607,6867
18607,6868
18607,6869
18607,6870
18607,6871
18607,6872
18607,6873
18607,6874
18607,6875
18607,6876
18607,6877
18607,6878
18607,6879
18607,6880
18607,6881
18607,6882
18607,6883
18607,6884
18607,6885
18607,6886
18607,6887
18607,6888
18607,6889
18607,6890
18607,6891
18607,6892
18607,6893
18607,6894
18607,6895
18607,6896
18607,6897
18607,6898
18607,6899
18607,6900
18607,6901
18607,6902
18607,6903
18607,6904
18607,6905
18607,6906
18607,6907
18607,6908
18607,6909
18607,6910
18607,6911
18607,6912
18607,6913
18607,6914
18607,6915
18607,6916
18607,6917
18607,6918
18607,6919
18607,6920
18607,6921
18607,6922
18607,6923
18607,6924
18607,6925
18607,6926
18607,6927
18607,6928
18607,6929
18607,6930
18607,6931
18607,6932
18607,6933
18607,6934
18607,6935
18608,6857
18608,6858
18608,6859
18608,6860
18608,6861
18608,6862
18608,6863
18608,6864
18608,6865
18608,6866
18608,6867
18608,6868
18608,6869
18608,6870
18608,6871
18608,6872
18608,6873
18608,6874
18608,6875
18608,6876
18608,6877
18608,6878
18608,6879
18608,6880
18608,6881
18608,6882
18608,6883
18608,6884
18608,6885
18608,6886
18608,6887
18608,6888
18608,6889
18608,6890
18608,6891
18608,6892
18608,6893
18608,6894
18608,6895
18608,6896
18608,6897
18608,6898
18608,6899
18608,6900
18608,6901
18608,6902
18608,6903
18608,6904
18608,6905
18608,6906
18608,6907
18608,6908
18608,6909
18608,6910
18608,6911
18608,6912
18608,6913
18608,6914
18608,6915
18608,6916
18608,6917
18608,6918
18608,6919
18608,6920
18608,6921
18608,6922
18608,6923
18608,6924
18608,6925
18608,6926
18608,6927
18608,6928
18608,6929
18608,6930
18608,6931
18608,6932
18608,6933
18608,6934
18609,6858
18609,6859
18609,6860
18609,6861
18609,6862
18609,6863
18609,6864
18609,6865
18609,6866
18609,6867
18609,6868
18609,6869
18609,6870
18609,6871
18609,6872
18609,6873
18609,6874
18609,6875
18609,6876
18609,6877
18609,6878
18609,6879
18609,6880
18609,6881
18609,6882
18609,6883
18609,6884
18609,6885
18609,6886
18609,6887
18609,6888
18609,6889
18609,6890
18609,6891
18609,6892
18609,6893
18609,6894
18609,6895
18609,6896
18609,6897
18609,6898
18609,6899
18609,6900
18609,6901
18609,6902
18609,6903
18609,6904
18609,6905
18609,6906
18609,6907
18609,6908
18609,6909
18609,6910
18609,6911
18609,6912
18609,6913
18609,6914
18609,6915
18609,6916
18609,6917
18609,6918
18609,6919
18609,6920
18609,6921
18609,6922
18609,6923
18609,6924
18609,6925
18609,6926
18609,6927
18609,6928
18609,6929
18609,6930
18609,6931
18609,6932
18609,6933
18609,6934
18609,6935
18610,6859
18610,6860
18610,6861
18610,6862
18610,6863
18610,6864
18610,6865
18610,6866
18610,6867
18610,6868
18610,6869
18610,6870
18610,6871
18610,6872
18610,6873
18610,6874
18610,6875
18610,6876
18610,6877
18610,6878
18610,6879
18610,6880
18610,6881
18610,6882
18610,6883
18610,6884
18610,6885
18610,6886
18610,6887
18610,6888
18610,6889
18610,6890
18610,6891
18610,6892
18610,6893
18610,6894
18610,6895
18610,6896
18610,6897
18610,6898
18610,6899
18610,6900
18610,6901
18610,6902
18610,6903
18610,6904
18610,6905
18610,6906
18610,6907
18610,6908
18610,6909
18610,6910
18610,6911
18610,6912
18610,6913
18610,6914
18610,6915
18610,6916
18610,6917
18610,6918
18610,6919
18610,6920
18610,6921
18610,6922
18610,6923
18610,6924
18610,6925
18610,6926
18610,6927
18610,6928
18610,6929
18610,6930
18610,6931
18610,6932
18610,6933
18610,6934
18611,6860
18611,6861
18611,6862
18611,6863
18611,6864
18611,6865
18611,6866
18611,6867
18611,6868
18611,6869
18611,6870
18611,6871
18611,6872
18611,6873
18611,6874
18611,6875
18611,6876
18611,6877
18611,6878
18611,6879
18611,6880
18611,6881
18611,6882
18611,6883
18611,6884
18611,6885
18611,6886
18611,6887
18611,6888
18611,6889
18611,6890
18611,6891
18611,6892
18611,6893
18611,6894
18611,6895
18611,6896
18611,6897
18611,6898
18611,6899
18611,6900
18611,6901
18611,6902
18611,6903
18611,6904
18611,6905
18611,6906
18611,6907
18611,6908
18611,6909
18611,6910
18611,6911
18611,6912
18611,6913
18611,6914
18611,6915
18611,6916
18611,6917
18611,6918
18611,6919
18611,6920
18611,6921
18611,6922
18611,6923
18611,6924
18611,6925
18611,6926
18611,6927
18611,6928
18611,6929
18611,6930
18611,6931
18611,6932
18611,6933
18611,6934
18611,6935
18612,6861
18612,6862
18612,6863
18612,6864
18612,6865
18612,6866
18612,6867
18612,6868
18612,6869
18612,6870
18612,6871
18612,6872
18612,6873
18612,6874
18612,6875
18612,6876
18612,6877
18612,6878
18612,6879
18612,6880
18612,6881
18612,6882
18612,6883
18612,6884
18612,6885
18612,6886
18612,6887
18612,6888
18612,6889
18612,6890
18612,6891
18612,6892
18612,6893
18612,6894
18612,6895
18612,6896
18612,6897
18612,6898
18612,6899
18612,6900
18612,6901
18612,6902
18612,6903
18612,6904
18612,6905
18612,6906
18612,6907
18612,6908
18612,6909
18612,6910
18612,6911
18612,6912
18612,6913
18612,6914
18612,6915
18612,6916
18612,6917
18612,6918
18612,6919
18612,6920
18612,6921
18612,6922
18612,6923
18612,6924
18612,6925
18612,6926
18612,6927
18612,6928
18612,6929
18612,6930
18612,6931
18612,6932
18612,6933
18612,6934
18612,6935
18613,6862
18613,6863
18613,6864
18613,6865
18613,6866
18613,6867
18613,6868
18613,6869
18613,6870
18613,6871
18613,6872
18613,6873
18613,6874
18613,6875
18613,6876
18613,6877
18613,6878
18613,6879
18613,6880
18613,6881
18613,6882
18613,6883
18613,6884
18613,6885
18613,6886
18613,6887
18613,6888
18613,6889
18613,6890
18613,6891
18613,6892
18613,6893
18613,6894
18613,6895
18613,6896
18613,6897
18613,6898
18613,6899
18613,6900
18613,6901
18613,6902
18613,6903
18613,6904
18613,6905
18613,6906
18613,6907
18613,6908
18613,6909
18613,6910
18613,6911
18613,6912
18613,6913
18613,6914
18613,6915
18613,6916
18613,6917
18613,6918
18613,6919
18613,6920
18613,6921
18613,6922
18613,6923
18613,6924
18613,6925
18613,6926
18613,6927
18613,6928
18613,6929
18613,6930
18613,6931
18613,6932
18613,6933
18613,6934
18613,6935
18613,6936
18614,6863
18614,6864
18614,6865
18614,6866
18614,6867
18614,6868
18614,6869
18614,6870
18614,6871
18614,6872
18614,6873
18614,6874
18614,6875
18614,6876
18614,6877
18614,6878
18614,6879
18614,6880
18614,6881
18614,6882
18614,6883
18614,6884
18614,6885
18614,6886
18614,6887
18614,6888
18614,6889
18614,6890
18614,6891
18614,6892
18614,6893
18614,6894
18614,6895
18614,6896
18614,6897
18614,6898
18614,6899
18614,6900
18614,6901
18614,6902
18614,6903
18614,6904
18614,6905
18614,6906
18614,6907
18614,6908
18614,6909
18614,6910
18614,6911
18614,6912
18614,6913
18614,6914
18614,6915
18614,6916
18614,6917
18614,6918
18614,6919
18614,6920
18614,6921
18614,6922
18614,6923
18614,6924
18614,6925
18614,6926
18614,6927
18614,6928
18614,6929
18614,6930
18614,6931
18614,6932
18614,6933
18614,6934
18614,6935
18614,6936
18614,6937
18615,6864
18615,6865
18615,6866
18615,6867
18615,6868
18615,6869
18615,6870
18615,6871
18615,6872
18615,6873
18615,6874
18615,6875
18615,6876
18615,6877
18615,6878
18615,6879
18615,6880
18615,6881
18615,6882
18615,6883
18615,6884
18615,6885
18615,6886
18615,6887
18615,6888
18615,6889
18615,6890
18615,6891
18615,6892
18615,6893
18615,6894
18615,6895
18615,6896
18615,6897
18615,6898
18615,6899
18615,6900
18615,6901
18615,6902
18615,6903
18615,6904
18615,6905
18615,6906
18615,6907
18615,6908
18615,6909
18615,6910
18615,6911
18615,6912
18615,6913
18615,6914
18615,6915
18615,6916
18615,6917
18615,6918
18615,6919
18615,6920
18615,6921
18615,6922
18615,6923
18615,6924
18615,6925
18615,6926
18615,6927
18615,6928
18615,6929
18615,6930
18615,6931
18615,6932
18615,6933
18615,6934
18615,6935
18615,6936
18615,6937
18616,6865
18616,6866
18616,6867
18616,6868
18616,6869
18616,6870
18616,6871
18616,6872
18616,6873
18616,6874
18616,6875
18616,6876
18616,6877
18616,6878
18616,6879
18616,6880
18616,6881
18616,6882
18616,6883
18616,6884
18616,6885
18616,6886
18616,6887
18616,6888
18616,6889
18616,6890
18616,6891
18616,6892
18616,6893
18616,6894
18616,6895
18616,6896
18616,6897
18616,6898
18616,6899
18616,6900
18616,6901
18616,6902
18616,6903
18616,6904
18616,6905
18616,6906
18616,6907
18616,6908
18616,6909
18616,6910
18616,6911
18616,6912
18616,6913
18616,6914
18616,6915
18616,6916
18616,6917
18616,6918
18616,6919
18616,6920
18616,6921
18616,6922
18616,6923
18616,6924
18616,6925
18616,6926
18616,6927
18616,6928
18616,6929
18616,6930
18616,6931
18616,6932
18616,6933
18616,6934
18616,6935
18616,6936
18616,6937
18617,6866
18617,6867
18617,6868
18617,6869
18617,6870
18617,6871
18617,6872
18617,6873
18617,6874
18617,6875
18617,6876
18617,6877
18617,6878
18617,6879
18617,6880
18617,6881
18617,6882
18617,6883
18617,6884
18617,6885
18617,6886
18617,6887
18617,6888
18617,6889
18617,6890
18617,6891
18617,6892
18617,6893
18617,6894
18617,6895
18617,6896
18617,6897
18617,6898
18617,6899
18617,6900
18617,6901
18617,6902
18617,6903
18617,6904
18617,6905
18617,6906
18617,6907
18617,6908
18617,6909
18617,6910
18617,6911
18617,6912
18617,6913
18617,6914
18617,6915
18617,6916
18617,6917
18617,6918
18617,6919
18617,6920
18617,6921
18617,6922
18617,6923
18617,6924
18617,6925
18617,6926
18617,6927
18617,6928
18617,6929
18617,6930
18617,6931
18617,6932
18617,6933
18617,6934
18617,6935
18617,6936
18617,6937
18617,6938
18618,6867
18618,6868
18618,6869
18618,6870
18618,6871
18618,6872
18618,6873
18618,6874
18618,6875
18618,6876
18618,6877
18618,6878
18618,6879
18618,6880
18618,6881
18618,6882
18618,6883
18618,6884
18618,6885
18618,6886
18618,6887
18618,6888
18618,6889
18618,6890
18618,6891
18618,6892
18618,6893
18618,6894
18618,6895
18618,6896
18618,6897
18618,6898
18618,6899
18618,6900
18618,6901
18618,6902
18618,6903
18618,6904
18618,6905
18618,6906
18618,6907
18618,6908
18618,6909
18618,6910
18618,6911
18618,6912
18618,6913
18618,6914
18618,6915
18618,6916
18618,6917
18618,6918
18618,6919
18618,6920
18618,6921
18618,6922
18618,6923
18618,6924
18618,6925
18618,6926
18618,6927
18618,6928
18618,6929
18618,6930
18618,6931
18618,6932
18618,6933
18618,6934
18618,6935
18618,6936
18618,6937
18618,6938
18618,6939
18618,6940
18619,6868
18619,6869
18619,6870
18619,6871
18619,6872
18619,6873
18619,6874
18619,6875
18619,6876
18619,6877
18619,6878
18619,6879
18619,6880
18619,6881
18619,6882
18619,6883
18619,6884
18619,6885
18619,6886
18619,6887
18619,6888
18619,6889
18619,6890
18619,6891
18619,6892
18619,6893
18619,6894
18619,6895
18619,6896
18619,6897
18619,6898
18619,6899
18619,6900
18619,6901
18619,6902
18619,6903
18619,6904
18619,6905
18619,6906
18619,6907
18619,6908
18619,6909
18619,6910
18619,6911
18619,6912
18619,6913
18619,6914
18619,6915
18619,6916
18619,6917
18619,6918
18619,6919
18619,6920
18619,6921
18619,6922
18619,6923
18619,6924
18619,6925
18619,6926
18619,6927
18619,6928
18619,6929
18619,6930
18619,6931
18619,6932
18619,6933
18619,6934
18619,6935
18619,6936
18619,6937
18619,6938
18619,6939
18619,6940
18619,6941
18619,6942
18620,6868
18620,6869
18620,6870
18620,6871
18620,6872
18620,6873
18620,6874
18620,6875
18620,6876
18620,6877
18620,6878
18620,6879
18620,6880
18620,6881
18620,6882
18620,6883
18620,6884
18620,6885
18620,6886
18620,6887
18620,6888
18620,6889
18620,6890
18620,6891
18620,6892
18620,6893
18620,6894
18620,6895
18620,6896
18620,6897
18620,6898
18620,6899
18620,6900
18620,6901
18620,6902
18620,6903
18620,6904
18620,6905
18620,6906
18620,6907
18620,6908
18620,6909
18620,6910
18620,6911
18620,6912
18620,6913
18620,6914
18620,6915
18620,6916
18620,6917
18620,6918
18620,6919
18620,6920
18620,6921
18620,6922
18620,6923
18620,6924
18620,6925
18620,6926
18620,6927
18620,6928
18620,6929
18620,6930
18620,6931
18620,6932
18620,6933
18620,6934
18620,6935
18620,6936
18620,6937
18620,6938
18620,6939
18620,6940
18620,6941
18620,6942
18620,6943
18621,6868
18621,6869
18621,6870
18621,6871
18621,6872
18621,6873
18621,6874
18621,6875
18621,6876
18621,6877
18621,6878
18621,6879
18621,6880
18621,6881
18621,6882
18621,6883
18621,6884
18621,6885
18621,6886
18621,6887
18621,6888
18621,6889
18621,6890
18621,6891
18621,6892
18621,6893
18621,6894
18621,6895
18621,6896
18621,6897
18621,6898
18621,6899
18621,6900
18621,6901
18621,6902
18621,6903
18621,6904
18621,6905
18621,6906
18621,6907
18621,6908
18621,6909
18621,6910
18621,6911
18621,6912
18621,6913
18621,6914
18621,6915
18621,6916
18621,6917
18621,6918
18621,6919
18621,6920
18621,6921
18621,6922
18621,6923
18621,6924
18621,6925
18621,6926
18621,6927
18621,6928
18621,6929
18621,6930
18621,6931
18621,6932
18621,6933
18621,6934
18621,6935
18621,6936
18621,6937
18621,6938
18621,6939
18621,6940
18621,6941
18621,6942
18621,6943
18621,6944
18622,6868
18622,6869
18622,6870
18622,6871
18622,6872
18622,6873
18622,6874
18622,6875
18622,6876
18622,6877
18622,6878
18622,6879
18622,6880
18622,6881
18622,6882
18622,6883
18622,6884
18622,6885
18622,6886
18622,6887
18622,6888
18622,6889
18622,6890
18622,6891
18622,6892
18622,6893
18622,6894
18622,6895
18622,6896
18622,6897
18622,6898
18622,6899
18622,6900
18622,6901
18622,6902
18622,6903
18622,6904
18622,6905
18622,6906
18622,6907
18622,6908
18622,6909
18622,6910
18622,6911
18622,6912
18622,6913
18622,6914
18622,6915
18622,6916
18622,6917
18622,6918
18622,6919
18622,6920
18622,6921
18622,6922
18622,6923
18622,6924
18622,6925
18622,6926
18622,6927
18622,6928
18622,6929
18622,6930
18622,6931
18622,6932
18622,6933
18622,6934
18622,6935
18622,6936
18622,6937
18622,6938
18622,6939
18622,6940
18622,6941
18622,6942
18622,6943
18622,6944
18623,6868
18623,6869
18623,6870
18623,6871
18623,6872
18623,6873
18623,6874
18623,6875
18623,6876
18623,6877
18623,6878
18623,6879
18623,6880
18623,6881
18623,6882
18623,6883
18623,6884
18623,6885
18623,6886
18623,6887
18623,6888
18623,6889
18623,6890
18623,6891
18623,6892
18623,6893
18623,6894
18623,6895
18623,6896
18623,6897
18623,6898
18623,6899
18623,6900
18623,6901
18623,6902
18623,6903
18623,6904
18623,6905
18623,6906
18623,6907
18623,6908
18623,6909
18623,6910
18623,6911
18623,6912
18623,6913
18623,6914
18623,6915
18623,6916
18623,6917
18623,6918
18623,6919
18623,6920
18623,6921
18623,6922
18623,6923
18623,6924
18623,6925
18623,6926
18623,6927
18623,6928
18623,6929
18623,6930
18623,6931
18623,6932
18623,6933
18623,6934
18623,6935
18623,6936
18623,6937
18623,6938
18623,6939
18623,6940
18623,6941
18623,6942
18623,6943
18623,6944
18623,6945
18624,6868
18624,6869
18624,6870
18624,6871
18624,6872
18624,6873
18624,6874
18624,6875
18624,6876
18624,6877
18624,6878
18624,6879
18624,6880
18624,6881
18624,6882
18624,6883
18624,6884
18624,6885
18624,6886
18624,6887
18624,6888
18624,6889
18624,6890
18624,6891
18624,6892
18624,6893
18624,6894
18624,6895
18624,6896
18624,6897
18624,6898
18624,6899
18624,6900
18624,6901
18624,6902
18624,6903
18624,6904
18624,6905
18624,6906
18624,6907
18624,6908
18624,6909
18624,6910
18624,6911
18624,6912
18624,6913
18624,6914
18624,6915
18624,6916
18624,6917
18624,6918
18624,6919
18624,6920
18624,6921
18624,6922
18624,6923
18624,6924
18624,6925
18624,6926
18624,6927
18624,6928
18624,6929
18624,6930
18624,6931
18624,6932
18624,6933
18624,6934
18624,6935
18624,6936
18624,6937
18624,6938
18624,6939
18624,6940
18624,6941
18624,6942
18624,6943
18624,6944
18624,6945
18624,6946
18624,6947
18625,6868
18625,6869
18625,6870
18625,6871
18625,6872
18625,6873
18625,6874
18625,6875
18625,6876
18625,6877
18625,6878
18625,6879
18625,6880
18625,6881
18625,6882
18625,6883
18625,6884
18625,6885
18625,6886
18625,6887
18625,6888
18625,6889
18625,6890
18625,6891
18625,6892
18625,6893
18625,6894
18625,6895
18625,6896
18625,6897
18625,6898
18625,6899
18625,6900
18625,6901
18625,6902
18625,6903
18625,6904
18625,6905
18625,6906
18625,6907
18625,6908
18625,6909
18625,6910
18625,6911
18625,6912
18625,6913
18625,6914
18625,6915
18625,6916
18625,6917
18625,6918
18625,6919
18625,6920
18625,6921
18625,6922
18625,6923
18625,6924
18625,6925
18625,6926
18625,6927
18625,6928
18625,6929
18625,6930
18625,6931
18625,6932
18625,6933
18625,6934
18625,6935
18625,6936
18625,6937
18625,6938
18625,6939
18625,6940
18625,6941
18625,6942
18625,6943
18625,6944
18625,6945
18625,6946
18625,6947
18625,6948
18626,6868
18626,6869
18626,6870
18626,6871
18626,6872
18626,6873
18626,6874
18626,6875
18626,6876
18626,6877
18626,6878
18626,6879
18626,6880
18626,6881
18626,6882
18626,6883
18626,6884
18626,6885
18626,6886
18626,6887
18626,6888
18626,6889
18626,6890
18626,6891
18626,6892
18626,6893
18626,6894
18626,6895
18626,6896
18626,6897
18626,6898
18626,6899
18626,6900
18626,6901
18626,6902
18626,6903
18626,6904
18626,6905
18626,6906
18626,6907
18626,6908
18626,6909
18626,6910
18626,6911
18626,6912
18626,6913
18626,6914
18626,6915
18626,6916
18626,6917
18626,6918
18626,6919
18626,6920
18626,6921
18626,6922
18626,6923
18626,6924
18626,6925
18626,6926
18626,6927
18626,6928
18626,6929
18626,6930
18626,6931
18626,6932
18626,6933
18626,6934
18626,6935
18626,6936
18626,6937
18626,6938
18626,6939
18626,6940
18626,6941
18626,6942
18626,6943
18626,6944
18626,6945
18626,6946
18626,6947
18626,6948
18626,6949
18627,6868
18627,6869
18627,6870
18627,6871
18627,6872
18627,6873
18627,6874
18627,6875
18627,6876
18627,6877
18627,6878
18627,6879
18627,6880
18627,6881
18627,6882
18627,6883
18627,6884
18627,6885
18627,6886
18627,6887
18627,6888
18627,6889
18627,6890
18627,6891
18627,6892
18627,6893
18627,6894
18627,6895
18627,6896
18627,6897
18627,6898
18627,6899
18627,6900
18627,6901
18627,6902
18627,6903
18627,6904
18627,6905
18627,6906
18627,6907
18627,6908
18627,6909
18627,6910
18627,6911
18627,6912
18627,6913
18627,6914
18627,6915
18627,6916
18627,6917
18627,6918
18627,6919
18627,6920
18627,6921
18627,6922
18627,6923
18627,6924
18627,6925
18627,6926
18627,6927
18627,6928
18627,6929
18627,6930
18627,6931
18627,6932
18627,6933
18627,6934
18627,6935
18627,6936
18627,6937
18627,6938
18627,6939
18627,6940
18627,6941
18627,6942
18627,6943
18627,6944
18627,6945
18627,6946
18627,6947
18627,6948
18627,6949
18628,6868
18628,6869
18628,6870
18628,6871
18628,6872
18628,6873
18628,6874
18628,6875
18628,6876
18628,6877
18628,6878
18628,6879
18628,6880
18628,6881
18628,6882
18628,6883
18628,6884
18628,6885
18628,6886
18628,6887
18628,6888
18628,6889
18628,6890
18628,6891
18628,6892
18628,6893
18628,6894
18628,6895
18628,6896
18628,6897
18628,6898
18628,6899
18628,6900
18628,6901
18628,6902
18628,6903
18628,6904
18628,6905
18628,6906
18628,6907
18628,6908
18628,6909
18628,6910
18628,6911
18628,6912
18628,6913
18628,6914
18628,6915
18628,6916
18628,6917
18628,6918
18628,6919
18628,6920
18628,6921
18628,6922
18628,6923
18628,6924
18628,6925
18628,6926
18628,6927
18628,6928
18628,6929
18628,6930
18628,6931
18628,6932
18628,6933
18628,6934
18628,6935
18628,6936
18628,6937
18628,6938
18628,6939
18628,6940
18628,6941
18628,6942
18628,6943
18628,6944
18628,6945
18628,6946
18628,6947
18628,6948
18628,6949
18629,6868
18629,6869
18629,6870
18629,6871
18629,6872
18629,6873
18629,6874
18629,6875
18629,6876
18629,6877
18629,6878
18629,6879
18629,6880
18629,6881
18629,6882
18629,6883
18629,6884
18629,6885
18629,6886
18629,6887
18629,6888
18629,6889
18629,6890
18629,6891
18629,6892
18629,6893
18629,6894
18629,6895
18629,6896
18629,6897
18629,6898
18629,6899
18629,6900
18629,6901
18629,6902
18629,6903
18629,6904
18629,6905
18629,6906
18629,6907
18629,6908
18629,6909
18629,6910
18629,6911
18629,6912
18629,6913
18629,6914
18629,6915
18629,6916
18629,6917
18629,6918
18629,6919
18629,6920
18629,6921
18629,6922
18629,6923
18629,6924
18629,6925
18629,6926
18629,6927
18629,6928
18629,6929
18629,6930
18629,6931
18629,6932
18629,6933
18629,6934
18629,6935
18629,6936
18629,6937
18629,6938
18629,6939
18629,6940
18629,6941
18629,6942
18629,6943
18629,6944
18629,6945
18629,6946
18629,6947
18629,6948
18629,6949
18629,6950
18630,6868
18630,6869
18630,6870
18630,6871
18630,6872
18630,6873
18630,6874
18630,6875
18630,6876
18630,6877
18630,6878
18630,6879
18630,6880
18630,6881
18630,6882
18630,6883
18630,6884
18630,6885
18630,6886
18630,6887
18630,6888
18630,6889
18630,6890
18630,6891
18630,6892
18630,6893
18630,6894
18630,6895
18630,6896
18630,6897
18630,6898
18630,6899
18630,6900
18630,6901
18630,6902
18630,6903
18630,6904
18630,6905
18630,6906
18630,6907
18630,6908
18630,6909
18630,6910
18630,6911
18630,6912
18630,6913
18630,6914
18630,6915
18630,6916
18630,6917
18630,6918
18630,6919
18630,6920
18630,6921
18630,6922
18630,6923
18630,6924
18630,6925
18630,6926
18630,6927
18630,6928
18630,6929
18630,6930
18630,6931
18630,6932
18630,6933
18630,6934
18630,6935
18630,6936
18630,6937
18630,6938
18630,6939
18630,6940
18630,6941
18630,6942
18630,6943
18630,6944
18630,6945
18630,6946
18630,6947
18630,6948
18630,6949
18630,6950
18631,6868
18631,6869
18631,6870
18631,6871
18631,6872
18631,6873
18631,6874
18631,6875
18631,6876
18631,6877
18631,6878
18631,6879
18631,6880
18631,6881
18631,6882
18631,6883
18631,6884
18631,6885
18631,6886
18631,6887
18631,6888
18631,6889
18631,6890
18631,6891
18631,6892
18631,6893
18631,6894
18631,6895
18631,6896
18631,6897
18631,6898
18631,6899
18631,6900
18631,6901
18631,6902
18631,6903
18631,6904
18631,6905
18631,6906
18631,6907
18631,6908
18631,6909
18631,6910
18631,6911
18631,6912
18631,6913
18631,6914
18631,6915
18631,6916
18631,6917
18631,6918
18631,6919
18631,6920
18631,6921
18631,6922
18631,6923
18631,6924
18631,6925
18631,6926
18631,6927
18631,6928
18631,6929
18631,6930
18631,6931
18631,6932
18631,6933
18631,6934
18631,6935
18631,6936
18631,6937
18631,6938
18631,6939
18631,6940
18631,6941
18631,6942
18631,6943
18631,6944
18631,6945
18631,6946
18631,6947
18631,6948
18631,6949
18632,6868
18632,6869
18632,6870
18632,6871
18632,6872
18632,6873
18632,6874
18632,6875
18632,6876
18632,6877
18632,6878
18632,6879
18632,6880
18632,6881
18632,6882
18632,6883
18632,6884
18632,6885
18632,6886
18632,6887
18632,6888
18632,6889
18632,6890
18632,6891
18632,6892
18632,6893
18632,6894
18632,6895
18632,6896
18632,6897
18632,6898
18632,6899
18632,6900
18632,6901
18632,6902
18632,6903
18632,6904
18632,6905
18632,6906
18632,6907
18632,6908
18632,6909
18632,6910
18632,6911
18632,6912
18632,6913
18632,6914
18632,6915
18632,6916
18632,6917
18632,6918
18632,6919
18632,6920
18632,6921
18632,6922
18632,6923
18632,6924
18632,6925
18632,6926
18632,6927
18632,6928
18632,6929
18632,6930
18632,6931
18632,6932
18632,6933
18632,6934
18632,6935
18632,6936
18632,6937
18632,6938
18632,6939
18632,6940
18632,6941
18632,6942
18632,6943
18632,6944
18632,6945
18632,6946
18632,6947
18632,6948
18632,6949
18633,6868
18633,6869
18633,6870
18633,6871
18633,6872
18633,6873
18633,6874
18633,6875
18633,6876
18633,6877
18633,6878
18633,6879
18633,6880
18633,6881
18633,6882
18633,6883
18633,6884
18633,6885
18633,6886
18633,6887
18633,6888
18633,6889
18633,6890
18633,6891
18633,6892
18633,6893
18633,6894
18633,6895
18633,6896
18633,6897
18633,6898
18633,6899
18633,6900
18633,6901
18633,6902
18633,6903
18633,6904
18633,6905
18633,6906
18633,6907
18633,6908
18633,6909
18633,6910
18633,6911
18633,6912
18633,6913
18633,6914
18633,6915
18633,6916
18633,6917
18633,6918
18633,6919
18633,6920
18633,6921
18633,6922
18633,6923
18633,6924
18633,6925
18633,6926
18633,6927
18633,6928
18633,6929
18633,6930
18633,6931
18633,6932
18633,6933
18633,6934
18633,6935
18633,6936
18633,6937
18633,6938
18633,6939
18633,6940
18633,6941
18633,6942
18633,6943
18633,6944
18633,6945
18633,6946
18633,6947
18633,6948
18633,6949
18634,6868
18634,6869
18634,6870
18634,6871
18634,6872
18634,6873
18634,6874
18634,6875
18634,6876
18634,6877
18634,6878
18634,6879
18634,6880
18634,6881
18634,6882
18634,6883
18634,6884
18634,6885
18634,6886
18634,6887
18634,6888
18634,6889
18634,6890
18634,6891
18634,6892
18634,6893
18634,6894
18634,6895
18634,6896
18634,6897
18634,6898
18634,6899
18634,6900
18634,6901
18634,6902
18634,6903
18634,6904
18634,6905
18634,6906
18634,6907
18634,6908
18634,6909
18634,6910
18634,6911
18634,6912
18634,6913
18634,6914
18634,6915
18634,6916
18634,6917
18634,6918
18634,6919
18634,6920
18634,6921
18634,6922
18634,6923
18634,6924
18634,6925
18634,6926
18634,6927
18634,6928
18634,6929
18634,6930
18634,6931
18634,6932
18634,6933
18634,6934
18634,6935
18634,6936
18634,6937
18634,6938
18634,6939
18634,6940
18634,6941
18634,6942
18634,6943
18634,6944
18634,6945
18634,6946
18634,6947
18634,6948
18634,6949
18634,6950
18635,6868
18635,6869
18635,6870
18635,6871
18635,6872
18635,6873
18635,6874
18635,6875
18635,6876
18635,6877
18635,6878
18635,6879
18635,6880
18635,6881
18635,6882
18635,6883
18635,6884
18635,6885
18635,6886
18635,6887
18635,6888
18635,6889
18635,6890
18635,6891
18635,6892
18635,6893
18635,6894
18635,6895
18635,6896
18635,6897
18635,6898
18635,6899
18635,6900
18635,6901
18635,6902
18635,6903
18635,6904
18635,6905
18635,6906
18635,6907
18635,6908
18635,6909
18635,6910
18635,6911
18635,6912
18635,6913
18635,6914
18635,6915
18635,6916
18635,6917
18635,6918
18635,6919
18635,6920
18635,6921
18635,6922
18635,6923
18635,6924
18635,6925
18635,6926
18635,6927
18635,6928
18635,6929
18635,6930
18635,6931
18635,6932
18635,6933
18635,6934
18635,6935
18635,6936
18635,6937
18635,6938
18635,6939
18635,6940
18635,6941
18635,6942
18635,6943
18635,6944
18635,6945
18635,6946
18635,6947
18635,6948
18635,6949
18635,6950
18635,6951
18636,6868
18636,6869
18636,6870
18636,6871
18636,6872
18636,6873
18636,6874
18636,6875
18636,6876
18636,6877
18636,6878
18636,6879
18636,6880
18636,6881
18636,6882
18636,6883
18636,6884
18636,6885
18636,6886
18636,6887
18636,6888
18636,6889
18636,6890
18636,6891
18636,6892
18636,6893
18636,6894
18636,6895
18636,6896
18636,6897
18636,6898
18636,6899
18636,6900
18636,6901
18636,6902
18636,6903
18636,6904
18636,6905
18636,6906
18636,6907
18636,6908
18636,6909
18636,6910
18636,6911
18636,6912
18636,6913
18636,6914
18636,6915
18636,6916
18636,6917
18636,6918
18636,6919
18636,6920
18636,6921
18636,6922
18636,6923
18636,6924
18636,6925
18636,6926
18636,6927
18636,6928
18636,6929
18636,6930
18636,6931
18636,6932
18636,6933
18636,6934
18636,6935
18636,6936
18636,6937
18636,6938
18636,6939
18636,6940
18636,6941
18636,6942
18636,6943
18636,6944
18636,6945
18636,6946
18636,6947
18636,6948
18636,6949
18636,6950
18636,6951
18637,6868
18637,6869
18637,6870
18637,6871
18637,6872
18637,6873
18637,6874
18637,6875
18637,6876
18637,6877
18637,6878
18637,6879
18637,6880
18637,6881
18637,6882
18637,6883
18637,6884
18637,6885
18637,6886
18637,6887
18637,6888
18637,6889
18637,6890
18637,6891
18637,6892
18637,6893
18637,6894
18637,6895
18637,6896
18637,6897
18637,6898
18637,6899
18637,6900
18637,6901
18637,6902
18637,6903
18637,6904
18637,6905
18637,6906
18637,6907
18637,6908
18637,6909
18637,6910
18637,6911
18637,6912
18637,6913
18637,6914
18637,6915
18637,6916
18637,6917
18637,6918
18637,6919
18637,6920
18637,6921
18637,6922
18637,6923
18637,6924
18637,6925
18637,6926
18637,6927
18637,6928
18637,6929
18637,6930
18637,6931
18637,6932
18637,6933
18637,6934
18637,6935
18637,6936
18637,6937
18637,6938
18637,6939
18637,6940
18637,6941
18637,6942
18637,6943
18637,6944
18637,6945
18637,6946
18637,6947
18637,6948
18637,6949
18637,6950
18637,6951
18638,6868
18638,6869
18638,6870
18638,6871
18638,6872
18638,6873
18638,6874
18638,6875
18638,6876
18638,6877
18638,6878
18638,6879
18638,6880
18638,6881
18638,6882
18638,6883
18638,6884
18638,6885
18638,6886
18638,6887
18638,6888
18638,6889
18638,6890
18638,6891
18638,6892
18638,6893
18638,6894
18638,6895
18638,6896
18638,6897
18638,6898
18638,6899
18638,6900
18638,6901
18638,6902
18638,6903
18638,6904
18638,6905
18638,6906
18638,6907
18638,6908
18638,6909
18638,6910
18638,6911
18638,6912
18638,6913
18638,6914
18638,6915
18638,6916
18638,6917
18638,6918
18638,6919
18638,6920
18638,6921
18638,6922
18638,6923
18638,6924
18638,6925
18638,6926
18638,6927
18638,6928
18638,6929
18638,6930
18638,6931
18638,6932
18638,6933
18638,6934
18638,6935
18638,6936
18638,6937
18638,6938
18638,6939
18638,6940
18638,6941
18638,6942
18638,6943
18638,6944
18638,6945
18638,6946
18638,6947
18638,6948
18638,6949
18638,6950
18638,6951
18638,6952
18639,6868
18639,6869
18639,6870
18639,6871
18639,6872
18639,6873
18639,6874
18639,6875
18639,6876
18639,6877
18639,6878
18639,6879
18639,6880
18639,6881
18639,6882
18639,6883
18639,6884
18639,6885
18639,6886
18639,6887
18639,6888
18639,6889
18639,6890
18639,6891
18639,6892
18639,6893
18639,6894
18639,6895
18639,6896
18639,6897
18639,6898
18639,6899
18639,6900
18639,6901
18639,6902
18639,6903
18639,6904
18639,6905
18639,6906
18639,6907
18639,6908
18639,6909
18639,6910
18639,6911
18639,6912
18639,6913
18639,6914
18639,6915
18639,6916
18639,6917
18639,6918
18639,6919
18639,6920
18639,6921
18639,6922
18639,6923
18639,6924
18639,6925
18639,6926
18639,6927
18639,6928
18639,6929
18639,6930
18639,6931
18639,6932
18639,6933
18639,6934
18639,6935
18639,6936
18639,6937
18639,6938
18639,6939
18639,6940
18639,6941
18639,6942
18639,6943
18639,6944
18639,6945
18639,6946
18639,6947
18639,6948
18639,6949
18639,6950
18639,6951
18640,6869
18640,6870
18640,6871
18640,6872
18640,6873
18640,6874
18640,6875
18640,6876
18640,6877
18640,6878
18640,6879
18640,6880
18640,6881
18640,6882
18640,6883
18640,6884
18640,6885
18640,6886
18640,6887
18640,6888
18640,6889
18640,6890
18640,6891
18640,6892
18640,6893
18640,6894
18640,6895
18640,6896
18640,6897
18640,6898
18640,6899
18640,6900
18640,6901
18640,6902
18640,6903
18640,6904
18640,6905
18640,6906
18640,6907
18640,6908
18640,6909
18640,6910
18640,6911
18640,6912
18640,6913
18640,6914
18640,6915
18640,6916
18640,6917
18640,6918
18640,6919
18640,6920
18640,6921
18640,6922
18640,6923
18640,6924
18640,6925
18640,6926
18640,6927
18640,6928
18640,6929
18640,6930
18640,6931
18640,6932
18640,6933
18640,6934
18640,6935
18640,6936
18640,6937
18640,6938
18640,6939
18640,6940
18640,6941
18640,6942
18640,6943
18640,6944
18640,6945
18640,6946
18640,6947
18640,6948
18640,6949
18640,6950
18640,6951
18640,6952
18641,6869
18641,6870
18641,6871
18641,6872
18641,6873
18641,6874
18641,6875
18641,6876
18641,6877
18641,6878
18641,6879
18641,6880
18641,6881
18641,6882
18641,6883
18641,6884
18641,6885
18641,6886
18641,6887
18641,6888
18641,6889
18641,6890
18641,6891
18641,6892
18641,6893
18641,6894
18641,6895
18641,6896
18641,6897
18641,6898
18641,6899
18641,6900
18641,6901
18641,6902
18641,6903
18641,6904
18641,6905
18641,6906
18641,6907
18641,6908
18641,6909
18641,6910
18641,6911
18641,6912
18641,6913
18641,6914
18641,6915
18641,6916
18641,6917
18641,6918
18641,6919
18641,6920
18641,6921
18641,6922
18641,6923
18641,6924
18641,6925
18641,6926
18641,6927
18641,6928
18641,6929
18641,6930
18641,6931
18641,6932
18641,6933
18641,6934
18641,6935
18641,6936
18641,6937
18641,6938
18641,6939
18641,6940
18641,6941
18641,6942
18641,6943
18641,6944
18641,6945
18641,6946
18641,6947
18641,6948
18641,6949
18641,6950
18641,6951
18641,6952
18642,6869
18642,6870
18642,6871
18642,6872
18642,6873
18642,6874
18642,6875
18642,6876
18642,6877
18642,6878
18642,6879
18642,6880
18642,6881
18642,6882
18642,6883
18642,6884
18642,6885
18642,6886
18642,6887
18642,6888
18642,6889
18642,6890
18642,6891
18642,6892
18642,6893
18642,6894
18642,6895
18642,6896
18642,6897
18642,6898
18642,6899
18642,6900
18642,6901
18642,6902
18642,6903
18642,6904
18642,6905
18642,6906
18642,6907
18642,6908
18642,6909
18642,6910
18642,6911
18642,6912
18642,6913
18642,6914
18642,6915
18642,6916
18642,6917
18642,6918
18642,6919
18642,6920
18642,6921
18642,6922
18642,6923
18642,6924
18642,6925
18642,6926
18642,6927
18642,6928
18642,6929
18642,6930
18642,6931
18642,6932
18642,6933
18642,6934
18642,6935
18642,6936
18642,6937
18642,6938
18642,6939
18642,6940
18642,6941
18642,6942
18642,6943
18642,6944
18642,6945
18642,6946
18642,6947
18642,6948
18642,6949
18642,6950
18642,6951
18642,6952
18643,6869
18643,6870
18643,6871
18643,6872
18643,6873
18643,6874
18643,6875
18643,6876
18643,6877
18643,6878
18643,6879
18643,6880
18643,6881
18643,6882
18643,6883
18643,6884
18643,6885
18643,6886
18643,6887
18643,6888
18643,6889
18643,6890
18643,6891
18643,6892
18643,6893
18643,6894
18643,6895
18643,6896
18643,6897
18643,6898
18643,6899
18643,6900
18643,6901
18643,6902
18643,6903
18643,6904
18643,6905
18643,6906
18643,6907
18643,6908
18643,6909
18643,6910
18643,6911
18643,6912
18643,6913
18643,6914
18643,6915
18643,6916
18643,6917
18643,6918
18643,6919
18643,6920
18643,6921
18643,6922
18643,6923
18643,6924
18643,6925
18643,6926
18643,6927
18643,6928
18643,6929
18643,6930
18643,6931
18643,6932
18643,6933
18643,6934
18643,6935
18643,6936
18643,6937
18643,6938
18643,6939
18643,6940
18643,6941
18643,6942
18643,6943
18643,6944
18643,6945
18643,6946
18643,6947
18643,6948
18643,6949
18643,6950
18643,6951
18643,6952
18644,6869
18644,6870
18644,6871
18644,6872
18644,6873
18644,6874
18644,6875
18644,6876
18644,6877
18644,6878
18644,6879
18644,6880
18644,6881
18644,6882
18644,6883
18644,6884
18644,6885
18644,6886
18644,6887
18644,6888
18644,6889
18644,6890
18644,6891
18644,6892
18644,6893
18644,6894
18644,6895
18644,6896
18644,6897
18644,6898
18644,6899
18644,6900
18644,6901
18644,6902
18644,6903
18644,6904
18644,6905
18644,6906
18644,6907
18644,6908
18644,6909
18644,6910
18644,6911
18644,6912
18644,6913
18644,6914
18644,6915
18644,6916
18644,6917
18644,6918
18644,6919
18644,6920
18644,6921
18644,6922
18644,6923
18644,6924
18644,6925
18644,6926
18644,6927
18644,6928
18644,6929
18644,6930
18644,6931
18644,6932
18644,6933
18644,6934
18644,6935
18644,6936
18644,6937
18644,6938
18644,6939
18644,6940
18644,6941
18644,6942
18644,6943
18644,6944
18644,6945
18644,6946
18644,6947
18644,6948
18644,6949
18644,6950
18644,6951
18644,6952
18645,6869
18645,6870
18645,6871
18645,6872
18645,6873
18645,6874
18645,6875
18645,6876
18645,6877
18645,6878
18645,6879
18645,6880
18645,6881
18645,6882
18645,6883
18645,6884
18645,6885
18645,6886
18645,6887
18645,6888
18645,6889
18645,6890
18645,6891
18645,6892
18645,6893
18645,6894
18645,6895
18645,6896
18645,6897
18645,6898
18645,6899
18645,6900
18645,6901
18645,6902
18645,6903
18645,6904
18645,6905
18645,6906
18645,6907
18645,6908
18645,6909
18645,6910
18645,6911
18645,6912
18645,6913
18645,6914
18645,6915
18645,6916
18645,6917
18645,6918
18645,6919
18645,6920
18645,6921
18645,6922
18645,6923
18645,6924
18645,6925
18645,6926
18645,6927
18645,6928
18645,6929
18645,6930
18645,6931
18645,6932
18645,6933
18645,6934
18645,6935
18645,6936
18645,6937
18645,6938
18645,6939
18645,6940
18645,6941
18645,6942
18645,6943
18645,6944
18645,6945
18645,6946
18645,6947
18645,6948
18645,6949
18645,6950
18645,6951
18645,6952
18646,6869
18646,6870
18646,6871
18646,6872
18646,6873
18646,6874
18646,6875
18646,6876
18646,6877
18646,6878
18646,6879
18646,6880
18646,6881
18646,6882
18646,6883
18646,6884
18646,6885
18646,6886
18646,6887
18646,6888
18646,6889
18646,6890
18646,6891
18646,6892
18646,6893
18646,6894
18646,6895
18646,6896
18646,6897
18646,6898
18646,6899
18646,6900
18646,6901
18646,6902
18646,6903
18646,6904
18646,6905
18646,6906
18646,6907
18646,6908
18646,6909
18646,6910
18646,6911
18646,6912
18646,6913
18646,6914
18646,6915
18646,6916
18646,6917
18646,6918
18646,6919
18646,6920
18646,6921
18646,6922
18646,6923
18646,6924
18646,6925
18646,6926
18646,6927
18646,6928
18646,6929
18646,6930
18646,6931
18646,6932
18646,6933
18646,6934
18646,6935
18646,6936
18646,6937
18646,6938
18646,6939
18646,6940
18646,6941
18646,6942
18646,6943
18646,6944
18646,6945
18646,6946
18646,6947
18646,6948
18646,6949
18646,6950
18646,6951
18646,6952
18646,6953
18647,6869
18647,6870
18647,6871
18647,6872
18647,6873
18647,6874
18647,6875
18647,6876
18647,6877
18647,6878
18647,6879
18647,6880
18647,6881
18647,6882
18647,6883
18647,6884
18647,6885
18647,6886
18647,6887
18647,6888
18647,6889
18647,6890
18647,6891
18647,6892
18647,6893
18647,6894
18647,6895
18647,6896
18647,6897
18647,6898
18647,6899
18647,6900
18647,6901
18647,6902
18647,6903
18647,6904
18647,6905
18647,6906
18647,6907
18647,6908
18647,6909
18647,6910
18647,6911
18647,6912
18647,6913
18647,6914
18647,6915
18647,6916
18647,6917
18647,6918
18647,6919
18647,6920
18647,6921
18647,6922
18647,6923
18647,6924
18647,6925
18647,6926
18647,6927
18647,6928
18647,6929
18647,6930
18647,6931
18647,6932
18647,6933
18647,6934
18647,6935
18647,6936
18647,6937
18647,6938
18647,6939
18647,6940
18647,6941
18647,6942
18647,6943
18647,6944
18647,6945
18647,6946
18647,6947
18647,6948
18647,6949
18647,6950
18647,6951
18647,6952
18647,6953
18648,6869
18648,6870
18648,6871
18648,6872
18648,6873
18648,6874
18648,6875
18648,6876
18648,6877
18648,6878
18648,6879
18648,6880
18648,6881
18648,6882
18648,6883
18648,6884
18648,6885
18648,6886
18648,6887
18648,6888
18648,6889
18648,6890
18648,6891
18648,6892
18648,6893
18648,6894
18648,6895
18648,6896
18648,6897
18648,6898
18648,6899
18648,6900
18648,6901
18648,6902
18648,6903
18648,6904
18648,6905
18648,6906
18648,6907
18648,6908
18648,6909
18648,6910
18648,6911
18648,6912
18648,6913
18648,6914
18648,6915
18648,6916
18648,6917
18648,6918
18648,6919
18648,6920
18648,6921
18648,6922
18648,6923
18648,6924
18648,6925
18648,6926
18648,6927
18648,6928
18648,6929
18648,6930
18648,6931
18648,6932
18648,6933
18648,6934
18648,6935
18648,6936
18648,6937
18648,6938
18648,6939
18648,6940
18648,6941
18648,6942
18648,6943
18648,6944
18648,6945
18648,6946
18648,6947
18648,6948
18648,6949
18648,6950
18648,6951
18648,6952
18649,6869
18649,6870
18649,6871
18649,6872
18649,6873
18649,6874
18649,6875
18649,6876
18649,6877
18649,6878
18649,6879
18649,6880
18649,6881
18649,6882
18649,6883
18649,6884
18649,6885
18649,6886
18649,6887
18649,6888
18649,6889
18649,6890
18649,6891
18649,6892
18649,6893
18649,6894
18649,6895
18649,6896
18649,6897
18649,6898
18649,6899
18649,6900
18649,6901
18649,6902
18649,6903
18649,6904
18649,6905
18649,6906
18649,6907
18649,6908
18649,6909
18649,6910
18649,6911
18649,6912
18649,6913
18649,6914
18649,6915
18649,6916
18649,6917
18649,6918
18649,6919
18649,6920
18649,6921
18649,6922
18649,6923
18649,6924
18649,6925
18649,6926
18649,6927
18649,6928
18649,6929
18649,6930
18649,6931
18649,6932
18649,6933
18649,6934
18649,6935
18649,6936
18649,6937
18649,6938
18649,6939
18649,6940
18649,6941
18649,6942
18649,6943
18649,6944
18649,6945
18649,6946
18649,6947
18649,6948
18649,6949
18649,6950
18649,6951
18649,6952
18650,6869
18650,6870
18650,6871
18650,6872
18650,6873
18650,6874
18650,6875
18650,6876
18650,6877
18650,6878
18650,6879
18650,6880
18650,6881
18650,6882
18650,6883
18650,6884
18650,6885
18650,6886
18650,6887
18650,6888
18650,6889
18650,6890
18650,6891
18650,6892
18650,6893
18650,6894
18650,6895
18650,6896
18650,6897
18650,6898
18650,6899
18650,6900
18650,6901
18650,6902
18650,6903
18650,6904
18650,6905
18650,6906
18650,6907
18650,6908
18650,6909
18650,6910
18650,6911
18650,6912
18650,6913
18650,6914
18650,6915
18650,6916
18650,6917
18650,6918
18650,6919
18650,6920
18650,6921
18650,6922
18650,6923
18650,6924
18650,6925
18650,6926
18650,6927
18650,6928
18650,6929
18650,6930
18650,6931
18650,6932
18650,6933
18650,6934
18650,6935
18650,6936
18650,6937
18650,6938
18650,6939
18650,6940
18650,6941
18650,6942
18650,6943
18650,6944
18650,6945
18650,6946
18650,6947
18650,6948
18650,6949
18650,6950
18650,6951
18650,6952
18651,6869
18651,6870
18651,6871
18651,6872
18651,6873
18651,6874
18651,6875
18651,6876
18651,6877
18651,6878
18651,6879
18651,6880
18651,6881
18651,6882
18651,6883
18651,6884
18651,6885
18651,6886
18651,6887
18651,6888
18651,6889
18651,6890
18651,6891
18651,6892
18651,6893
18651,6894
18651,6895
18651,6896
18651,6897
18651,6898
18651,6899
18651,6900
18651,6901
18651,6902
18651,6903
18651,6904
18651,6905
18651,6906
18651,6907
18651,6908
18651,6909
18651,6910
18651,6911
18651,6912
18651,6913
18651,6914
18651,6915
18651,6916
18651,6917
18651,6918
18651,6919
18651,6920
18651,6921
18651,6922
18651,6923
18651,6924
18651,6925
18651,6926
18651,6927
18651,6928
18651,6929
18651,6930
18651,6931
18651,6932
18651,6933
18651,6934
18651,6935
18651,6936
18651,6937
18651,6938
18651,6939
18651,6940
18651,6941
18651,6942
18651,6943
18651,6944
18651,6945
18651,6946
18651,6947
18651,6948
18651,6949
18651,6950
18651,6951
18652,6869
18652,6870
18652,6871
18652,6872
18652,6873
18652,6874
18652,6875
18652,6876
18652,6877
18652,6878
18652,6879
18652,6880
18652,6881
18652,6882
18652,6883
18652,6884
18652,6885
18652,6886
18652,6887
18652,6888
18652,6889
18652,6890
18652,6891
18652,6892
18652,6893
18652,6894
18652,6895
18652,6896
18652,6897
18652,6898
18652,6899
18652,6900
18652,6901
18652,6902
18652,6903
18652,6904
18652,6905
18652,6906
18652,6907
18652,6908
18652,6909
18652,6910
18652,6911
18652,6912
18652,6913
18652,6914
18652,6915
18652,6916
18652,6917
18652,6918
18652,6919
18652,6920
18652,6921
18652,6922
18652,6923
18652,6924
18652,6925
18652,6926
18652,6927
18652,6928
18652,6929
18652,6930
18652,6931
18652,6932
18652,6933
18652,6934
18652,6935
18652,6936
18652,6937
18652,6938
18652,6939
18652,6940
18652,6941
18652,6942
18652,6943
18652,6944
18652,6945
18652,6946
18652,6947
18652,6948
18652,6949
18652,6950
18652,6951
18653,6869
18653,6870
18653,6871
18653,6872
18653,6873
18653,6874
18653,6875
18653,6876
18653,6877
18653,6878
18653,6879
18653,6880
18653,6881
18653,6882
18653,6883
18653,6884
18653,6885
18653,6886
18653,6887
18653,6888
18653,6889
18653,6890
18653,6891
18653,6892
18653,6893
18653,6894
18653,6895
18653,6896
18653,6897
18653,6898
18653,6899
18653,6900
18653,6901
18653,6902
18653,6903
18653,6904
18653,6905
18653,6906
18653,6907
18653,6908
18653,6909
18653,6910
18653,6911
18653,6912
18653,6913
18653,6914
18653,6915
18653,6916
18653,6917
18653,6918
18653,6919
18653,6920
18653,6921
18653,6922
18653,6923
18653,6924
18653,6925
18653,6926
18653,6927
18653,6928
18653,6929
18653,6930
18653,6931
18653,6932
18653,6933
18653,6934
18653,6935
18653,6936
18653,6937
18653,6938
18653,6939
18653,6940
18653,6941
18653,6942
18653,6943
18653,6944
18653,6945
18653,6946
18653,6947
18653,6948
18653,6949
18653,6950
18654,6869
18654,6870
18654,6871
18654,6872
18654,6873
18654,6874
18654,6875
18654,6876
18654,6877
18654,6878
18654,6879
18654,6880
18654,6881
18654,6882
18654,6883
18654,6884
18654,6885
18654,6886
18654,6887
18654,6888
18654,6889
18654,6890
18654,6891
18654,6892
18654,6893
18654,6894
18654,6895
18654,6896
18654,6897
18654,6898
18654,6899
18654,6900
18654,6901
18654,6902
18654,6903
18654,6904
18654,6905
18654,6906
18654,6907
18654,6908
18654,6909
18654,6910
18654,6911
18654,6912
18654,6913
18654,6914
18654,6915
18654,6916
18654,6917
18654,6918
18654,6919
18654,6920
18654,6921
18654,6922
18654,6923
18654,6924
18654,6925
18654,6926
18654,6927
18654,6928
18654,6929
18654,6930
18654,6931
18654,6932
18654,6933
18654,6934
18654,6935
18654,6936
18654,6937
18654,6938
18654,6939
18654,6940
18654,6941
18654,6942
18654,6943
18654,6944
18654,6945
18654,6946
18654,6947
18654,6948
18654,6949
18654,6950
18655,6869
18655,6870
18655,6871
18655,6872
18655,6873
18655,6874
18655,6875
18655,6876
18655,6877
18655,6878
18655,6879
18655,6880
18655,6881
18655,6882
18655,6883
18655,6884
18655,6885
18655,6886
18655,6887
18655,6888
18655,6889
18655,6890
18655,6891
18655,6892
18655,6893
18655,6894
18655,6895
18655,6896
18655,6897
18655,6898
18655,6899
18655,6900
18655,6901
18655,6902
18655,6903
18655,6904
18655,6905
18655,6906
18655,6907
18655,6908
18655,6909
18655,6910
18655,6911
18655,6912
18655,6913
18655,6914
18655,6915
18655,6916
18655,6917
18655,6918
18655,6919
18655,6920
18655,6921
18655,6922
18655,6923
18655,6924
18655,6925
18655,6926
18655,6927
18655,6928
18655,6929
18655,6930
18655,6931
18655,6932
18655,6933
18655,6934
18655,6935
18655,6936
18655,6937
18655,6938
18655,6939
18655,6940
18655,6941
18655,6942
18655,6943
18655,6944
18655,6945
18655,6946
18655,6947
18655,6948
18655,6949
18655,6950
18656,6869
18656,6870
18656,6871
18656,6872
18656,6873
18656,6874
18656,6875
18656,6876
18656,6877
18656,6878
18656,6879
18656,6880
18656,6881
18656,6882
18656,6883
18656,6884
18656,6885
18656,6886
18656,6887
18656,6888
18656,6889
18656,6890
18656,6891
18656,6892
18656,6893
18656,6894
18656,6895
18656,6896
18656,6897
18656,6898
18656,6899
18656,6900
18656,6901
18656,6902
18656,6903
18656,6904
18656,6905
18656,6906
18656,6907
18656,6908
18656,6909
18656,6910
18656,6911
18656,6912
18656,6913
18656,6914
18656,6915
18656,6916
18656,6917
18656,6918
18656,6919
18656,6920
18656,6921
18656,6922
18656,6923
18656,6924
18656,6925
18656,6926
18656,6927
18656,6928
18656,6929
18656,6930
18656,6931
18656,6932
18656,6933
18656,6934
18656,6935
18656,6936
18656,6937
18656,6938
18656,6939
18656,6940
18656,6941
18656,6942
18656,6943
18656,6944
18656,6945
18656,6946
18656,6947
18656,6948
18656,6949
18656,6950
18657,6869
18657,6870
18657,6871
18657,6872
18657,6873
18657,6874
18657,6875
18657,6876
18657,6877
18657,6878
18657,6879
18657,6880
18657,6881
18657,6882
18657,6883
18657,6884
18657,6885
18657,6886
18657,6887
18657,6888
18657,6889
18657,6890
18657,6891
18657,6892
18657,6893
18657,6894
18657,6895
18657,6896
18657,6897
18657,6898
18657,6899
18657,6900
18657,6901
18657,6902
18657,6903
18657,6904
18657,6905
18657,6906
18657,6907
18657,6908
18657,6909
18657,6910
18657,6911
18657,6912
18657,6913
18657,6914
18657,6915
18657,6916
18657,6917
18657,6918
18657,6919
18657,6920
18657,6921
18657,6922
18657,6923
18657,6924
18657,6925
18657,6926
18657,6927
18657,6928
18657,6929
18657,6930
18657,6931
18657,6932
18657,6933
18657,6934
18657,6935
18657,6936
18657,6937
18657,6938
18657,6939
18657,6940
18657,6941
18657,6942
18657,6943
18657,6944
18657,6945
18657,6946
18657,6947
18657,6948
18657,6949
18657,6950
18657,6951
18658,6869
18658,6870
18658,6871
18658,6872
18658,6873
18658,6874
18658,6875
18658,6876
18658,6877
18658,6878
18658,6879
18658,6880
18658,6881
18658,6882
18658,6883
18658,6884
18658,6885
18658,6886
18658,6887
18658,6888
18658,6889
18658,6890
18658,6891
18658,6892
18658,6893
18658,6894
18658,6895
18658,6896
18658,6897
18658,6898
18658,6899
18658,6900
18658,6901
18658,6902
18658,6903
18658,6904
18658,6905
18658,6906
18658,6907
18658,6908
18658,6909
18658,6910
18658,6911
18658,6912
18658,6913
18658,6914
18658,6915
18658,6916
18658,6917
18658,6918
18658,6919
18658,6920
18658,6921
18658,6922
18658,6923
18658,6924
18658,6925
18658,6926
18658,6927
18658,6928
18658,6929
18658,6930
18658,6931
18658,6932
18658,6933
18658,6934
18658,6935
18658,6936
18658,6937
18658,6938
18658,6939
18658,6940
18658,6941
18658,6942
18658,6943
18658,6944
18658,6945
18658,6946
18658,6947
18658,6948
18658,6949
18658,6950
18659,6870
18659,6871
18659,6872
18659,6873
18659,6874
18659,6875
18659,6876
18659,6877
18659,6878
18659,6879
18659,6880
18659,6881
18659,6882
18659,6883
18659,6884
18659,6885
18659,6886
18659,6887
18659,6888
18659,6889
18659,6890
18659,6891
18659,6892
18659,6893
18659,6894
18659,6895
18659,6896
18659,6897
18659,6898
18659,6899
18659,6900
18659,6901
18659,6902
18659,6903
18659,6904
18659,6905
18659,6906
18659,6907
18659,6908
18659,6909
18659,6910
18659,6911
18659,6912
18659,6913
18659,6914
18659,6915
18659,6916
18659,6917
18659,6918
18659,6919
18659,6920
18659,6921
18659,6922
18659,6923
18659,6924
18659,6925
18659,6926
18659,6927
18659,6928
18659,6929
18659,6930
18659,6931
18659,6932
18659,6933
18659,6934
18659,6935
18659,6936
18659,6937
18659,6938
18659,6939
18659,6940
18659,6941
18659,6942
18659,6943
18659,6944
18659,6945
18659,6946
18659,6947
18659,6948
18659,6949
18659,6950
18659,6951
18660,6871
18660,6872
18660,6873
18660,6874
18660,6875
18660,6876
18660,6877
18660,6878
18660,6879
18660,6880
18660,6881
18660,6882
18660,6883
18660,6884
18660,6885
18660,6886
18660,6887
18660,6888
18660,6889
18660,6890
18660,6891
18660,6892
18660,6893
18660,6894
18660,6895
18660,6896
18660,6897
18660,6898
18660,6899
18660,6900
18660,6901
18660,6902
18660,6903
18660,6904
18660,6905
18660,6906
18660,6907
18660,6908
18660,6909
18660,6910
18660,6911
18660,6912
18660,6913
18660,6914
18660,6915
18660,6916
18660,6917
18660,6918
18660,6919
18660,6920
18660,6921
18660,6922
18660,6923
18660,6924
18660,6925
18660,6926
18660,6927
18660,6928
18660,6929
18660,6930
18660,6931
18660,6932
18660,6933
18660,6934
18660,6935
18660,6936
18660,6937
18660,6938
18660,6939
18660,6940
18660,6941
18660,6942
18660,6943
18660,6944
18660,6945
18660,6946
18660,6947
18660,6948
18660,6949
18660,6950
18660,6951
18661,6872
18661,6873
18661,6874
18661,6875
18661,6876
18661,6877
18661,6878
18661,6879
18661,6880
18661,6881
18661,6882
18661,6883
18661,6884
18661,6885
18661,6886
18661,6887
18661,6888
18661,6889
18661,6890
18661,6891
18661,6892
18661,6893
18661,6894
18661,6895
18661,6896
18661,6897
18661,6898
18661,6899
18661,6900
18661,6901
18661,6902
18661,6903
18661,6904
18661,6905
18661,6906
18661,6907
18661,6908
18661,6909
18661,6910
18661,6911
18661,6912
18661,6913
18661,6914
18661,6915
18661,6916
18661,6917
18661,6918
18661,6919
18661,6920
18661,6921
18661,6922
18661,6923
18661,6924
18661,6925
18661,6926
18661,6927
18661,6928
18661,6929
18661,6930
18661,6931
18661,6932
18661,6933
18661,6934
18661,6935
18661,6936
18661,6937
18661,6938
18661,6939
18661,6940
18661,6941
18661,6942
18661,6943
18661,6944
18661,6945
18661,6946
18661,6947
18661,6948
18661,6949
18661,6950
18662,6873
18662,6874
18662,6875
18662,6876
18662,6877
18662,6878
18662,6879
18662,6880
18662,6881
18662,6882
18662,6883
18662,6884
18662,6885
18662,6886
18662,6887
18662,6888
18662,6889
18662,6890
18662,6891
18662,6892
18662,6893
18662,6894
18662,6895
18662,6896
18662,6897
18662,6898
18662,6899
18662,6900
18662,6901
18662,6902
18662,6903
18662,6904
18662,6905
18662,6906
18662,6907
18662,6908
18662,6909
18662,6910
18662,6911
18662,6912
18662,6913
18662,6914
18662,6915
18662,6916
18662,6917
18662,6918
18662,6919
18662,6920
18662,6921
18662,6922
18662,6923
18662,6924
18662,6925
18662,6926
18662,6927
18662,6928
18662,6929
18662,6930
18662,6931
18662,6932
18662,6933
18662,6934
18662,6935
18662,6936
18662,6937
18662,6938
18662,6939
18662,6940
18662,6941
18662,6942
18662,6943
18662,6944
18662,6945
18662,6946
18662,6947
18662,6948
18662,6949
18662,6950
18663,6874
18663,6875
18663,6876
18663,6877
18663,6878
18663,6879
18663,6880
18663,6881
18663,6882
18663,6883
18663,6884
18663,6885
18663,6886
18663,6887
18663,6888
18663,6889
18663,6890
18663,6891
18663,6892
18663,6893
18663,6894
18663,6895
18663,6896
18663,6897
18663,6898
18663,6899
18663,6900
18663,6901
18663,6902
18663,6903
18663,6904
18663,6905
18663,6906
18663,6907
18663,6908
18663,6909
18663,6910
18663,6911
18663,6912
18663,6913
18663,6914
18663,6915
18663,6916
18663,6917
18663,6918
18663,6919
18663,6920
18663,6921
18663,6922
18663,6923
18663,6924
18663,6925
18663,6926
18663,6927
18663,6928
18663,6929
18663,6930
18663,6931
18663,6932
18663,6933
18663,6934
18663,6935
18663,6936
18663,6937
18663,6938
18663,6939
18663,6940
18663,6941
18663,6942
18663,6943
18663,6944
18663,6945
18663,6946
18663,6947
18663,6948
18663,6949
18663,6950
18664,6875
18664,6876
18664,6877
18664,6878
18664,6879
18664,6880
18664,6881
18664,6882
18664,6883
18664,6884
18664,6885
18664,6886
18664,6887
18664,6888
18664,6889
18664,6890
18664,6891
18664,6892
18664,6893
18664,6894
18664,6895
18664,6896
18664,6897
18664,6898
18664,6899
18664,6900
18664,6901
18664,6902
18664,6903
18664,6904
18664,6905
18664,6906
18664,6907
18664,6908
18664,6909
18664,6910
18664,6911
18664,6912
18664,6913
18664,6914
18664,6915
18664,6916
18664,6917
18664,6918
18664,6919
18664,6920
18664,6921
18664,6922
18664,6923
18664,6924
18664,6925
18664,6926
18664,6927
18664,6928
18664,6929
18664,6930
18664,6931
18664,6932
18664,6933
18664,6934
18664,6935
18664,6936
18664,6937
18664,6938
18664,6939
18664,6940
18664,6941
18664,6942
18664,6943
18664,6944
18664,6945
18664,6946
18664,6947
18664,6948
18664,6949
18665,6876
18665,6877
18665,6878
18665,6879
18665,6880
18665,6881
18665,6882
18665,6883
18665,6884
18665,6885
18665,6886
18665,6887
18665,6888
18665,6889
18665,6890
18665,6891
18665,6892
18665,6893
18665,6894
18665,6895
18665,6896
18665,6897
18665,6898
18665,6899
18665,6900
18665,6901
18665,6902
18665,6903
18665,6904
18665,6905
18665,6906
18665,6907
18665,6908
18665,6909
18665,6910
18665,6911
18665,6912
18665,6913
18665,6914
18665,6915
18665,6916
18665,6917
18665,6918
18665,6919
18665,6920
18665,6921
18665,6922
18665,6923
18665,6924
18665,6925
18665,6926
18665,6927
18665,6928
18665,6929
18665,6930
18665,6931
18665,6932
18665,6933
18665,6934
18665,6935
18665,6936
18665,6937
18665,6938
18665,6939
18665,6940
18665,6941
18665,6942
18665,6943
18665,6944
18665,6945
18665,6946
18665,6947
18665,6948
18666,6877
18666,6878
18666,6879
18666,6880
18666,6881
18666,6882
18666,6883
18666,6884
18666,6885
18666,6886
18666,6887
18666,6888
18666,6889
18666,6890
18666,6891
18666,6892
18666,6893
18666,6894
18666,6895
18666,6896
18666,6897
18666,6898
18666,6899
18666,6900
18666,6901
18666,6902
18666,6903
18666,6904
18666,6905
18666,6906
18666,6907
18666,6908
18666,6909
18666,6910
18666,6911
18666,6912
18666,6913
18666,6914
18666,6915
18666,6916
18666,6917
18666,6918
18666,6919
18666,6920
18666,6921
18666,6922
18666,6923
18666,6924
18666,6925
18666,6926
18666,6927
18666,6928
18666,6929
18666,6930
18666,6931
18666,6932
18666,6933
18666,6934
18666,6935
18666,6936
18666,6937
18666,6938
18666,6939
18666,6940
18666,6941
18666,6942
18666,6943
18666,6944
18666,6945
18666,6946
18666,6947
18666,6948
18667,6878
18667,6879
18667,6880
18667,6881
18667,6882
18667,6883
18667,6884
18667,6885
18667,6886
18667,6887
18667,6888
18667,6889
18667,6890
18667,6891
18667,6892
18667,6893
18667,6894
18667,6895
18667,6896
18667,6897
18667,6898
18667,6899
18667,6900
18667,6901
18667,6902
18667,6903
18667,6904
18667,6905
18667,6906
18667,6907
18667,6908
18667,6909
18667,6910
18667,6911
18667,6912
18667,6913
18667,6914
18667,6915
18667,6916
18667,6917
18667,6918
18667,6919
18667,6920
18667,6921
18667,6922
18667,6923
18667,6924
18667,6925
18667,6926
18667,6927
18667,6928
18667,6929
18667,6930
18667,6931
18667,6932
18667,6933
18667,6934
18667,6935
18667,6936
18667,6937
18667,6938
18667,6939
18667,6940
18667,6941
18667,6942
18667,6943
18667,6944
18667,6945
18667,6946
18667,6947
18668,6879
18668,6880
18668,6881
18668,6882
18668,6883
18668,6884
18668,6885
18668,6886
18668,6887
18668,6888
18668,6889
18668,6890
18668,6891
18668,6892
18668,6893
18668,6894
18668,6895
18668,6896
18668,6897
18668,6898
18668,6899
18668,6900
18668,6901
18668,6902
18668,6903
18668,6904
18668,6905
18668,6906
18668,6907
18668,6908
18668,6909
18668,6910
18668,6911
18668,6912
18668,6913
18668,6914
18668,6915
18668,6916
18668,6917
18668,6918
18668,6919
18668,6920
18668,6921
18668,6922
18668,6923
18668,6924
18668,6925
18668,6926
18668,6927
18668,6928
18668,6929
18668,6930
18668,6931
18668,6932
18668,6933
18668,6934
18668,6935
18668,6936
18668,6937
18668,6938
18668,6939
18668,6940
18668,6941
18668,6942
18668,6943
18668,6944
18668,6945
18668,6946
18668,6947
18668,6948
18669,6880
18669,6881
18669,6882
18669,6883
18669,6884
18669,6885
18669,6886
18669,6887
18669,6888
18669,6889
18669,6890
18669,6891
18669,6892
18669,6893
18669,6894
18669,6895
18669,6896
18669,6897
18669,6898
18669,6899
18669,6900
18669,6901
18669,6902
18669,6903
18669,6904
18669,6905
18669,6906
18669,6907
18669,6908
18669,6909
18669,6910
18669,6911
18669,6912
18669,6913
18669,6914
18669,6915
18669,6916
18669,6917
18669,6918
18669,6919
18669,6920
18669,6921
18669,6922
18669,6923
18669,6924
18669,6925
18669,6926
18669,6927
18669,6928
18669,6929
18669,6930
18669,6931
18669,6932
18669,6933
18669,6934
18669,6935
18669,6936
18669,6937
18669,6938
18669,6939
18669,6940
18669,6941
18669,6942
18669,6943
18669,6944
18669,6945
18669,6946
18669,6947
18669,6948
18670,6881
18670,6882
18670,6883
18670,6884
18670,6885
18670,6886
18670,6887
18670,6888
18670,6889
18670,6890
18670,6891
18670,6892
18670,6893
18670,6894
18670,6895
18670,6896
18670,6897
18670,6898
18670,6899
18670,6900
18670,6901
18670,6902
18670,6903
18670,6904
18670,6905
18670,6906
18670,6907
18670,6908
18670,6909
18670,6910
18670,6911
18670,6912
18670,6913
18670,6914
18670,6915
18670,6916
18670,6917
18670,6918
18670,6919
18670,6920
18670,6921
18670,6922
18670,6923
18670,6924
18670,6925
18670,6926
18670,6927
18670,6928
18670,6929
18670,6930
18670,6931
18670,6932
18670,6933
18670,6934
18670,6935
18670,6936
18670,6937
18670,6938
18670,6939
18670,6940
18670,6941
18670,6942
18670,6943
18670,6944
18670,6945
18670,6946
18670,6947
18671,6882
18671,6883
18671,6884
18671,6885
18671,6886
18671,6887
18671,6888
18671,6889
18671,6890
18671,6891
18671,6892
18671,6893
18671,6894
18671,6895
18671,6896
18671,6897
18671,6898
18671,6899
18671,6900
18671,6901
18671,6902
18671,6903
18671,6904
18671,6905
18671,6906
18671,6907
18671,6908
18671,6909
18671,6910
18671,6911
18671,6912
18671,6913
18671,6914
18671,6915
18671,6916
18671,6917
18671,6918
18671,6919
18671,6920
18671,6921
18671,6922
18671,6923
18671,6924
18671,6925
18671,6926
18671,6927
18671,6928
18671,6929
18671,6930
18671,6931
18671,6932
18671,6933
18671,6934
18671,6935
18671,6936
18671,6937
18671,6938
18671,6939
18671,6940
18671,6941
18671,6942
18671,6943
18671,6944
18671,6945
18671,6946
18671,6947
18672,6883
18672,6884
18672,6885
18672,6886
18672,6887
18672,6888
18672,6889
18672,6890
18672,6891
18672,6892
18672,6893
18672,6894
18672,6895
18672,6896
18672,6897
18672,6898
18672,6899
18672,6900
18672,6901
18672,6902
18672,6903
18672,6904
18672,6905
18672,6906
18672,6907
18672,6908
18672,6909
18672,6910
18672,6911
18672,6912
18672,6913
18672,6914
18672,6915
18672,6916
18672,6917
18672,6918
18672,6919
18672,6920
18672,6921
18672,6922
18672,6923
18672,6924
18672,6925
18672,6926
18672,6927
18672,6928
18672,6929
18672,6930
18672,6931
18672,6932
18672,6933
18672,6934
18672,6935
18672,6936
18672,6937
18672,6938
18672,6939
18672,6940
18672,6941
18672,6942
18672,6943
18672,6944
18672,6945
18672,6946
18672,6947
18673,6884
18673,6885
18673,6886
18673,6887
18673,6888
18673,6889
18673,6890
18673,6891
18673,6892
18673,6893
18673,6894
18673,6895
18673,6896
18673,6897
18673,6898
18673,6899
18673,6900
18673,6901
18673,6902
18673,6903
18673,6904
18673,6905
18673,6906
18673,6907
18673,6908
18673,6909
18673,6910
18673,6911
18673,6912
18673,6913
18673,6914
18673,6915
18673,6916
18673,6917
18673,6918
18673,6919
18673,6920
18673,6921
18673,6922
18673,6923
18673,6924
18673,6925
18673,6926
18673,6927
18673,6928
18673,6929
18673,6930
18673,6931
18673,6932
18673,6933
18673,6934
18673,6935
18673,6936
18673,6937
18673,6938
18673,6939
18673,6940
18673,6941
18673,6942
18673,6943
18673,6944
18673,6945
18673,6946
18674,6885
18674,6886
18674,6887
18674,6888
18674,6889
18674,6890
18674,6891
18674,6892
18674,6893
18674,6894
18674,6895
18674,6896
18674,6897
18674,6898
18674,6899
18674,6900
18674,6901
18674,6902
18674,6903
18674,6904
18674,6905
18674,6906
18674,6907
18674,6908
18674,6909
18674,6910
18674,6911
18674,6912
18674,6913
18674,6914
18674,6915
18674,6916
18674,6917
18674,6918
18674,6919
18674,6920
18674,6921
18674,6922
18674,6923
18674,6924
18674,6925
18674,6926
18674,6927
18674,6928
18674,6929
18674,6930
18674,6931
18674,6932
18674,6933
18674,6934
18674,6935
18674,6936
18674,6937
18674,6938
18674,6939
18674,6940
18674,6941
18674,6942
18674,6943
18674,6944
18674,6945
18674,6946
18675,6886
18675,6887
18675,6888
18675,6889
18675,6890
18675,6891
18675,6892
18675,6893
18675,6894
18675,6895
18675,6896
18675,6897
18675,6898
18675,6899
18675,6900
18675,6901
18675,6902
18675,6903
18675,6904
18675,6905
18675,6906
18675,6907
18675,6908
18675,6909
18675,6910
18675,6911
18675,6912
18675,6913
18675,6914
18675,6915
18675,6916
18675,6917
18675,6918
18675,6919
18675,6920
18675,6921
18675,6922
18675,6923
18675,6924
18675,6925
18675,6926
18675,6927
18675,6928
18675,6929
18675,6930
18675,6931
18675,6932
18675,6933
18675,6934
18675,6935
18675,6936
18675,6937
18675,6938
18675,6939
18675,6940
18675,6941
18675,6942
18675,6943
18675,6944
18675,6945
18676,6888
18676,6889
18676,6890
18676,6891
18676,6892
18676,6893
18676,6894
18676,6895
18676,6896
18676,6897
18676,6898
18676,6899
18676,6900
18676,6901
18676,6902
18676,6903
18676,6904
18676,6905
18676,6906
18676,6907
18676,6908
18676,6909
18676,6910
18676,6911
18676,6912
18676,6913
18676,6914
18676,6915
18676,6916
18676,6917
18676,6918
18676,6919
18676,6920
18676,6921
18676,6922
18676,6923
18676,6924
18676,6925
18676,6926
18676,6927
18676,6928
18676,6929
18676,6930
18676,6931
18676,6932
18676,6933
18676,6934
18676,6935
18676,6936
18676,6937
18676,6938
18676,6939
18676,6940
18676,6941
18676,6942
18676,6943
18676,6944
18677,6889
18677,6890
18677,6891
18677,6892
18677,6893
18677,6894
18677,6895
18677,6896
18677,6897
18677,6898
18677,6899
18677,6900
18677,6901
18677,6902
18677,6903
18677,6904
18677,6905
18677,6906
18677,6907
18677,6908
18677,6909
18677,6910
18677,6911
18677,6912
18677,6913
18677,6914
18677,6915
18677,6916
18677,6917
18677,6918
18677,6919
18677,6920
18677,6921
18677,6922
18677,6923
18677,6924
18677,6925
18677,6926
18677,6927
18677,6928
18677,6929
18677,6930
18677,6931
18677,6932
18677,6933
18677,6934
18677,6935
18677,6936
18677,6937
18677,6938
18677,6939
18677,6940
18677,6941
18677,6942
18677,6943
18678,6890
18678,6891
18678,6892
18678,6893
18678,6894
18678,6895
18678,6896
18678,6897
18678,6898
18678,6899
18678,6900
18678,6901
18678,6902
18678,6903
18678,6904
18678,6905
18678,6906
18678,6907
18678,6908
18678,6909
18678,6910
18678,6911
18678,6912
18678,6913
18678,6914
18678,6915
18678,6916
18678,6917
18678,6918
18678,6919
18678,6920
18678,6921
18678,6922
18678,6923
18678,6924
18678,6925
18678,6926
18678,6927
18678,6928
18678,6929
18678,6930
18678,6931
18678,6932
18678,6933
18678,6934
18678,6935
18678,6936
18678,6937
18678,6938
18678,6939
18678,6940
18678,6941
18679,6891
18679,6892
18679,6893
18679,6894
18679,6895
18679,6896
18679,6897
18679,6898
18679,6899
18679,6900
18679,6901
18679,6902
18679,6903
18679,6904
18679,6905
18679,6906
18679,6907
18679,6908
18679,6909
18679,6910
18679,6911
18679,6912
18679,6913
18679,6914
18679,6915
18679,6916
18679,6917
18679,6918
18679,6919
18679,6920
18679,6921
18679,6922
18679,6923
18679,6924
18679,6925
18679,6926
18679,6927
18679,6928
18679,6929
18679,6930
18679,6931
18679,6932
18679,6933
18679,6934
18679,6935
18679,6936
18679,6937
18679,6938
18679,6939
18679,6940
18679,6941
18680,6892
18680,6893
18680,6894
18680,6895
18680,6896
18680,6897
18680,6898
18680,6899
18680,6900
18680,6901
18680,6902
18680,6903
18680,6904
18680,6905
18680,6906
18680,6907
18680,6908
18680,6909
18680,6910
18680,6911
18680,6912
18680,6913
18680,6914
18680,6915
18680,6916
18680,6917
18680,6918
18680,6919
18680,6920
18680,6921
18680,6922
18680,6923
18680,6924
18680,6925
18680,6926
18680,6927
18680,6928
18680,6929
18680,6930
18680,6931
18680,6932
18680,6933
18680,6934
18680,6935
18680,6936
18680,6937
18680,6938
18680,6939
18680,6940
18681,6893
18681,6894
18681,6895
18681,6896
18681,6897
18681,6898
18681,6899
18681,6900
18681,6901
18681,6902
18681,6903
18681,6904
18681,6905
18681,6906
18681,6907
18681,6908
18681,6909
18681,6910
18681,6911
18681,6912
18681,6913
18681,6914
18681,6915
18681,6916
18681,6917
18681,6918
18681,6919
18681,6920
18681,6921
18681,6922
18681,6923
18681,6924
18681,6925
18681,6926
18681,6927
18681,6928
18681,6929
18681,6930
18681,6931
18681,6932
18681,6933
18681,6934
18681,6935
18681,6936
18681,6937
18681,6938
18681,6939
18681,6940
18682,6894
18682,6895
18682,6896
18682,6897
18682,6898
18682,6899
18682,6900
18682,6901
18682,6902
18682,6903
18682,6904
18682,6905
18682,6906
18682,6907
18682,6908
18682,6909
18682,6910
18682,6911
18682,6912
18682,6913
18682,6914
18682,6915
18682,6916
18682,6917
18682,6918
18682,6919
18682,6920
18682,6921
18682,6922
18682,6923
18682,6924
18682,6925
18682,6926
18682,6927
18682,6928
18682,6929
18682,6930
18682,6931
18682,6932
18682,6933
18682,6934
18682,6935
18682,6936
18682,6937
18682,6938
18682,6939
18683,6895
18683,6896
18683,6897
18683,6898
18683,6899
18683,6900
18683,6901
18683,6902
18683,6903
18683,6904
18683,6905
18683,6906
18683,6907
18683,6908
18683,6909
18683,6910
18683,6911
18683,6912
18683,6913
18683,6914
18683,6915
18683,6916
18683,6917
18683,6918
18683,6919
18683,6920
18683,6921
18683,6922
18683,6923
18683,6924
18683,6925
18683,6926
18683,6927
18683,6928
18683,6929
18683,6930
18683,6931
18683,6932
18683,6933
18683,6934
18683,6935
18683,6936
18683,6937
18683,6938
18684,6896
18684,6897
18684,6898
18684,6899
18684,6900
18684,6901
18684,6902
18684,6903
18684,6904
18684,6905
18684,6906
18684,6907
18684,6908
18684,6909
18684,6910
18684,6911
18684,6912
18684,6913
18684,6914
18684,6915
18684,6916
18684,6917
18684,6918
18684,6919
18684,6920
18684,6921
18684,6922
18684,6923
18684,6924
18684,6925
18684,6926
18684,6927
18684,6928
18684,6929
18684,6930
18684,6931
18684,6932
18684,6933
18684,6934
18684,6935
18684,6936
18685,6897
18685,6898
18685,6899
18685,6900
18685,6901
18685,6902
18685,6903
18685,6904
18685,6905
18685,6906
18685,6907
18685,6908
18685,6909
18685,6910
18685,6911
18685,6912
18685,6913
18685,6914
18685,6915
18685,6916
18685,6917
18685,6918
18685,6919
18685,6920
18685,6921
18685,6922
18685,6923
18685,6924
18685,6925
18685,6926
18685,6927
18685,6928
18685,6929
18685,6930
18685,6931
18685,6932
18685,6933
18685,6934
18685,6935
18686,6898
18686,6899
18686,6900
18686,6901
18686,6902
18686,6903
18686,6904
18686,6905
18686,6906
18686,6907
18686,6908
18686,6909
18686,6910
18686,6911
18686,6912
18686,6913
18686,6914
18686,6915
18686,6916
18686,6917
18686,6918
18686,6919
18686,6920
18686,6921
18686,6922
18686,6923
18686,6924
18686,6925
18686,6926
18686,6927
18686,6928
18686,6929
18686,6930
18686,6931
18686,6932
18686,6933
18687,6899
18687,6900
18687,6901
18687,6902
18687,6903
18687,6904
18687,6905
18687,6906
18687,6907
18687,6908
18687,6909
18687,6910
18687,6911
18687,6912
18687,6913
18687,6914
18687,6915
18687,6916
18687,6917
18687,6918
18687,6919
18687,6920
18687,6921
18687,6922
18687,6923
18687,6924
18687,6925
18687,6926
18687,6927
18687,6928
18687,6929
18687,6930
18687,6931
18687,6932
18688,6900
18688,6901
18688,6902
18688,6903
18688,6904
18688,6905
18688,6906
18688,6907
18688,6908
18688,6909
18688,6910
18688,6911
18688,6912
18688,6913
18688,6914
18688,6915
18688,6916
18688,6917
18688,6918
18688,6919
18688,6920
18688,6921
18688,6922
18688,6923
18688,6924
18688,6925
18688,6926
18688,6927
18688,6928
18688,6929
18688,6930
18688,6931
18689,6901
18689,6902
18689,6903
18689,6904
18689,6905
18689,6906
18689,6907
18689,6908
18689,6909
18689,6910
18689,6911
18689,6912
18689,6913
18689,6914
18689,6915
18689,6916
18689,6917
18689,6918
18689,6919
18689,6920
18689,6921
18689,6922
18689,6923
18689,6924
18689,6925
18689,6926
18689,6927
18689,6928
18690,6902
18690,6903
18690,6904
18690,6905
18690,6906
18690,6907
18690,6908
18690,6909
18690,6910
18690,6911
18690,6912
18690,6913
18690,6914
18690,6915
18690,6916
18690,6917
18690,6918
18690,6919
18690,6920
18690,6921
18690,6922
18690,6923
18690,6924
18690,6925
18690,6926
18690,6927
18691,6903
18691,6904
18691,6905
18691,6906
18691,6907
18691,6908
18691,6909
18691,6910
18691,6911
18691,6912
18691,6913
18691,6914
18691,6915
18691,6916
18691,6917
18691,6918
18691,6919
18691,6920
18691,6921
18691,6922
18691,6923
18691,6924
18691,6925
18692,6904
18692,6905
18692,6906
18692,6907
18692,6908
18692,6909
18692,6910
18692,6911
18692,6912
18692,6913
18692,6914
18692,6915
18692,6916
18692,6917
18692,6918
18692,6919
18692,6920
18692,6921
18692,6922
18692,6923
18692,6924
18693,6905
18693,6906
18693,6907
18693,6908
18693,6909
18693,6910
18693,6911
18693,6912
18693,6913
18693,6914
18693,6915
18693,6916
18693,6917
18693,6918
18693,6919
18693,6920
18693,6921
18694,6907
18694,6908
18694,6909
18694,6910
18694,6911
18694,6912
18694,6913
18694,6914
18694,6915
18694,6916
18694,6917
18694,6918
18695,6910
18695,6911
18695,6913
18695,6914
